customer_id,signup_month,contract_type,plan_tier,addon_count,monthly_charge,autopay,signup_channel,region,tenure_months,months_observable,avg_engagement_score,support_tickets_90d,churned
CUST-00001,2024-04,Month-to-month,Basic,2,32.4,No,Paid Search,Northeast,5,20,52.5,1,Yes
CUST-00002,2023-12,Two year,Standard,2,49.97,Yes,Referral,Northeast,1,24,84.5,0,Yes
CUST-00003,2025-11,One year,Standard,2,49.2,Yes,Paid Search,Northeast,1,1,71.2,0,No
CUST-00004,2023-12,One year,Premium,0,68.59,No,Paid Search,Northeast,13,24,67.0,0,Yes
CUST-00005,2024-10,Month-to-month,Standard,0,36.62,Yes,Referral,Northeast,14,14,57.5,0,No
CUST-00006,2024-09,Two year,Basic,0,16.28,Yes,Organic,South,13,15,85.3,0,Yes
CUST-00007,2024-05,Two year,Standard,1,40.25,Yes,Referral,South,19,19,73.1,0,No
CUST-00008,2025-03,One year,Premium,0,65.98,Yes,Organic,Midwest,9,9,72.8,0,No
CUST-00009,2023-07,Month-to-month,Basic,4,43.44,Yes,Paid Search,Northeast,22,29,64.8,0,Yes
CUST-00010,2025-10,Month-to-month,Basic,0,14.99,No,Organic,Midwest,2,2,45.4,0,No
CUST-00011,2025-03,Month-to-month,Standard,3,57.43,No,Referral,South,9,9,49.2,0,No
CUST-00012,2024-12,Month-to-month,Basic,1,21.87,No,Sales-Assisted,Midwest,12,12,54.0,0,No
CUST-00013,2024-07,Month-to-month,Premium,2,76.83,Yes,Organic,Midwest,2,17,61.7,0,Yes
CUST-00014,2024-12,One year,Basic,3,33.77,Yes,Referral,Midwest,4,12,86.5,0,Yes
CUST-00015,2025-08,Month-to-month,Basic,1,26.97,No,Paid Search,South,4,4,91.3,0,No
CUST-00016,2025-10,Month-to-month,Standard,0,33.39,No,Paid Search,South,2,2,65.2,0,No
CUST-00017,2025-11,Month-to-month,Basic,1,19.58,No,Organic,West,1,1,88.1,0,No
CUST-00018,2025-10,Month-to-month,Standard,2,49.13,Yes,Sales-Assisted,South,2,2,62.6,0,Yes
CUST-00019,2025-07,Two year,Basic,0,15.49,Yes,Organic,South,5,5,68.5,1,No
CUST-00020,2023-07,One year,Standard,0,35.73,Yes,Organic,Northeast,13,29,29.7,1,Yes
CUST-00021,2025-06,Month-to-month,Basic,0,21.01,Yes,Paid Search,West,6,6,38.6,2,No
CUST-00022,2024-05,Month-to-month,Basic,1,19.96,Yes,Paid Search,South,1,19,79.4,0,Yes
CUST-00023,2024-02,Month-to-month,Standard,2,48.37,Yes,Referral,Northeast,3,22,97.5,0,Yes
CUST-00024,2025-05,Month-to-month,Premium,3,86.91,Yes,Referral,West,7,7,56.1,0,No
CUST-00025,2025-03,One year,Basic,1,23.21,Yes,Organic,South,9,9,65.3,0,No
CUST-00026,2024-11,Month-to-month,Standard,2,49.23,Yes,Organic,South,13,13,89.5,1,No
CUST-00027,2025-04,One year,Basic,1,20.4,Yes,Organic,West,8,8,44.6,3,No
CUST-00028,2023-07,Month-to-month,Standard,1,43.2,Yes,Referral,West,29,29,50.8,1,No
CUST-00029,2025-06,Month-to-month,Basic,1,23.23,No,Referral,Northeast,2,6,60.6,1,Yes
CUST-00030,2023-09,One year,Standard,1,45.86,Yes,Organic,Midwest,27,27,73.3,0,No
CUST-00031,2023-12,One year,Basic,0,13.59,Yes,Organic,Northeast,24,24,86.8,0,No
CUST-00032,2023-11,Month-to-month,Basic,2,29.3,No,Organic,West,3,25,97.5,0,Yes
CUST-00033,2025-08,Month-to-month,Basic,3,38.96,Yes,Sales-Assisted,Northeast,4,4,53.1,0,No
CUST-00034,2024-12,Month-to-month,Basic,1,23.4,No,Paid Search,Midwest,9,12,70.0,0,Yes
CUST-00035,2024-05,Month-to-month,Standard,3,56.94,Yes,Organic,South,2,19,99.1,0,Yes
CUST-00036,2024-09,Month-to-month,Basic,3,40.03,Yes,Paid Search,South,15,15,70.4,0,No
CUST-00037,2024-04,Month-to-month,Basic,1,21.3,Yes,Organic,West,20,20,93.6,0,No
CUST-00038,2024-04,Month-to-month,Standard,1,41.68,Yes,Paid Search,West,18,20,60.6,0,Yes
CUST-00039,2024-04,Month-to-month,Basic,0,14.44,No,Paid Search,South,20,20,82.1,0,No
CUST-00040,2025-10,Month-to-month,Basic,0,11.62,No,Organic,Northeast,1,2,44.3,0,Yes
CUST-00041,2023-08,One year,Standard,0,34.39,No,Referral,Northeast,25,28,51.3,1,Yes
CUST-00042,2024-07,Month-to-month,Standard,1,40.45,No,Organic,West,17,17,47.7,2,No
CUST-00043,2023-09,One year,Basic,0,14.18,Yes,Paid Search,West,2,27,57.4,0,Yes
CUST-00044,2025-04,Two year,Premium,2,80.34,No,Organic,Northeast,8,8,64.3,0,No
CUST-00045,2025-01,Two year,Standard,0,34.07,No,Paid Search,West,11,11,67.1,0,No
CUST-00046,2023-10,One year,Standard,2,51.97,Yes,Sales-Assisted,Northeast,26,26,49.0,0,No
CUST-00047,2025-06,Month-to-month,Basic,0,16.31,No,Sales-Assisted,Northeast,6,6,55.7,0,No
CUST-00048,2025-10,Month-to-month,Basic,0,15.87,No,Organic,West,2,2,63.5,0,No
CUST-00049,2025-01,One year,Standard,1,39.9,Yes,Paid Search,South,11,11,43.6,1,No
CUST-00050,2024-04,Month-to-month,Standard,3,60.24,No,Sales-Assisted,South,1,20,71.0,0,Yes
CUST-00051,2025-08,Month-to-month,Basic,1,22.24,Yes,Paid Search,West,4,4,74.3,0,No
CUST-00052,2023-10,Two year,Premium,2,81.5,Yes,Paid Search,Northeast,26,26,68.6,0,No
CUST-00053,2025-02,Month-to-month,Standard,0,33.73,Yes,Organic,West,1,10,48.2,0,Yes
CUST-00054,2025-05,One year,Basic,0,18.51,Yes,Paid Search,South,7,7,95.9,0,No
CUST-00055,2024-08,One year,Standard,0,37.14,Yes,Paid Search,South,16,16,73.9,0,No
CUST-00056,2023-10,Month-to-month,Basic,0,13.04,Yes,Paid Search,West,26,26,69.7,1,No
CUST-00057,2023-10,One year,Basic,0,14.63,No,Paid Search,South,26,26,70.0,0,No
CUST-00058,2023-10,Two year,Basic,0,16.78,Yes,Organic,Northeast,26,26,66.9,0,No
CUST-00059,2025-03,One year,Basic,1,24.73,Yes,Organic,Northeast,9,9,70.8,0,No
CUST-00060,2025-11,Month-to-month,Basic,0,16.32,No,Paid Search,Midwest,1,1,28.0,0,No
CUST-00061,2024-01,Month-to-month,Basic,1,24.69,No,Organic,South,23,23,57.7,0,No
CUST-00062,2024-03,Two year,Basic,2,30.38,No,Referral,Northeast,21,21,52.6,0,No
CUST-00063,2024-01,Month-to-month,Basic,0,16.08,No,Organic,West,23,23,88.5,0,No
CUST-00064,2025-11,Month-to-month,Basic,4,47.3,Yes,Paid Search,South,1,1,56.8,0,No
CUST-00065,2025-10,Month-to-month,Standard,0,33.53,Yes,Referral,Midwest,2,2,100.0,0,No
CUST-00066,2024-09,One year,Basic,1,21.13,No,Organic,Midwest,13,15,42.5,0,Yes
CUST-00067,2025-02,Month-to-month,Premium,0,66.26,No,Referral,West,3,10,58.8,1,Yes
CUST-00068,2024-11,Month-to-month,Standard,1,45.28,No,Paid Search,West,2,13,40.7,0,Yes
CUST-00069,2023-08,Month-to-month,Basic,2,28.04,No,Paid Search,South,3,28,59.5,0,Yes
CUST-00070,2025-06,Month-to-month,Premium,2,83.14,Yes,Paid Search,Northeast,6,6,26.1,2,No
CUST-00071,2024-08,Month-to-month,Premium,3,90.01,No,Organic,Northeast,16,16,49.8,1,No
CUST-00072,2025-02,Month-to-month,Standard,0,32.78,No,Organic,South,10,10,43.0,1,No
CUST-00073,2025-03,Month-to-month,Basic,2,29.92,No,Organic,Midwest,9,9,58.0,0,No
CUST-00074,2023-12,Month-to-month,Standard,1,43.43,No,Paid Search,South,24,24,74.5,0,No
CUST-00075,2025-07,Two year,Basic,0,12.75,Yes,Referral,Midwest,5,5,26.4,0,No
CUST-00076,2025-02,Month-to-month,Standard,0,37.13,No,Paid Search,Midwest,2,10,99.8,0,Yes
CUST-00077,2025-08,One year,Basic,0,12.51,No,Organic,Northeast,4,4,59.3,0,No
CUST-00078,2025-07,Month-to-month,Standard,0,32.3,Yes,Sales-Assisted,South,5,5,30.7,2,No
CUST-00079,2025-03,Month-to-month,Standard,1,43.97,Yes,Paid Search,Northeast,2,9,62.0,1,Yes
CUST-00080,2024-03,One year,Standard,3,60.95,Yes,Paid Search,Northeast,21,21,72.0,0,No
CUST-00081,2024-07,Month-to-month,Premium,0,65.03,No,Referral,Northeast,17,17,60.7,1,No
CUST-00082,2024-10,Two year,Basic,2,33.16,Yes,Paid Search,Northeast,14,14,41.1,1,No
CUST-00083,2025-07,Two year,Basic,0,17.16,Yes,Referral,West,5,5,54.8,2,No
CUST-00084,2023-12,Two year,Basic,0,13.24,No,Paid Search,West,24,24,60.2,0,No
CUST-00085,2023-12,One year,Basic,0,14.63,Yes,Referral,Midwest,24,24,54.5,0,No
CUST-00086,2025-05,Two year,Premium,1,70.42,Yes,Paid Search,Midwest,7,7,88.5,0,No
CUST-00087,2025-10,One year,Standard,0,34.25,Yes,Organic,West,2,2,95.5,0,No
CUST-00088,2025-02,Month-to-month,Standard,0,35.19,Yes,Referral,West,10,10,89.0,0,No
CUST-00089,2025-07,Month-to-month,Basic,1,22.17,No,Organic,West,5,5,34.3,0,No
CUST-00090,2023-12,Month-to-month,Premium,1,73.88,Yes,Referral,Northeast,24,24,83.7,0,No
CUST-00091,2024-08,Month-to-month,Standard,0,38.37,Yes,Paid Search,Northeast,16,16,55.5,1,No
CUST-00092,2024-09,Month-to-month,Standard,1,44.12,Yes,Paid Search,South,15,15,78.7,0,No
CUST-00093,2025-03,Month-to-month,Premium,0,66.85,No,Organic,West,3,9,51.5,1,Yes
CUST-00094,2024-09,Month-to-month,Basic,0,18.11,Yes,Paid Search,West,15,15,69.6,0,No
CUST-00095,2023-07,Month-to-month,Standard,0,35.45,Yes,Referral,Northeast,28,29,61.0,1,Yes
CUST-00096,2025-05,One year,Standard,0,35.18,Yes,Referral,West,7,7,39.4,1,No
CUST-00097,2024-01,Two year,Premium,0,66.42,Yes,Paid Search,Midwest,23,23,70.3,0,No
CUST-00098,2025-11,One year,Standard,4,65.72,No,Paid Search,West,1,1,51.8,1,No
CUST-00099,2025-02,Month-to-month,Basic,2,31.15,No,Paid Search,Midwest,5,10,73.1,0,Yes
CUST-00100,2023-08,Month-to-month,Premium,0,68.84,Yes,Paid Search,West,1,28,60.2,0,Yes
CUST-00101,2023-10,One year,Standard,0,35.88,Yes,Paid Search,Midwest,26,26,36.9,0,No
CUST-00102,2025-09,Month-to-month,Standard,1,42.8,Yes,Organic,South,3,3,65.7,0,No
CUST-00103,2023-11,One year,Basic,1,22.57,Yes,Paid Search,Northeast,25,25,76.8,0,No
CUST-00104,2023-11,Month-to-month,Basic,1,21.57,No,Sales-Assisted,West,2,25,24.5,1,Yes
CUST-00105,2024-10,Month-to-month,Standard,2,52.28,No,Paid Search,South,14,14,48.3,0,No
CUST-00106,2025-01,Month-to-month,Premium,0,63.59,Yes,Sales-Assisted,South,3,11,79.9,0,Yes
CUST-00107,2023-07,Month-to-month,Standard,0,34.61,No,Paid Search,South,8,29,53.5,4,Yes
CUST-00108,2023-08,Month-to-month,Basic,1,24.77,No,Paid Search,Northeast,28,28,77.6,0,No
CUST-00109,2024-04,One year,Premium,0,62.32,Yes,Sales-Assisted,West,6,20,57.8,0,Yes
CUST-00110,2024-12,Month-to-month,Basic,2,30.29,Yes,Organic,South,12,12,86.8,0,No
CUST-00111,2025-05,Two year,Standard,1,44.68,No,Sales-Assisted,Northeast,7,7,32.7,1,Yes
CUST-00112,2023-08,Month-to-month,Premium,1,71.48,Yes,Sales-Assisted,West,2,28,92.2,0,Yes
CUST-00113,2025-04,One year,Standard,1,39.78,No,Paid Search,West,8,8,65.1,0,No
CUST-00114,2024-07,Month-to-month,Standard,0,36.67,No,Paid Search,West,7,17,26.2,0,Yes
CUST-00115,2024-04,Month-to-month,Basic,1,22.86,Yes,Referral,Northeast,20,20,82.7,0,No
CUST-00116,2025-05,Month-to-month,Standard,0,34.29,Yes,Organic,West,7,7,47.7,0,No
CUST-00117,2025-02,Month-to-month,Basic,1,20.63,Yes,Paid Search,South,5,10,98.8,0,Yes
CUST-00118,2024-02,One year,Basic,2,31.64,Yes,Referral,Midwest,22,22,50.6,1,No
CUST-00119,2025-06,Month-to-month,Basic,0,14.07,Yes,Organic,South,6,6,83.5,0,No
CUST-00120,2024-04,Month-to-month,Premium,0,69.03,No,Organic,West,6,20,37.5,1,Yes
CUST-00121,2023-08,One year,Standard,1,42.4,Yes,Paid Search,South,28,28,50.2,1,No
CUST-00122,2024-04,Month-to-month,Basic,0,17.19,No,Paid Search,South,20,20,55.8,0,No
CUST-00123,2024-05,Month-to-month,Standard,1,46.67,Yes,Referral,South,8,19,64.3,0,Yes
CUST-00124,2024-10,One year,Premium,1,72.05,Yes,Referral,South,14,14,33.9,2,No
CUST-00125,2023-07,One year,Basic,1,20.74,Yes,Sales-Assisted,West,3,29,44.0,1,Yes
CUST-00126,2025-05,Month-to-month,Basic,1,22.58,No,Referral,West,1,7,44.6,0,Yes
CUST-00127,2025-01,Month-to-month,Basic,0,14.14,Yes,Paid Search,West,11,11,54.2,0,No
CUST-00128,2024-05,Month-to-month,Standard,0,33.3,No,Paid Search,West,9,19,94.1,0,Yes
CUST-00129,2024-05,Month-to-month,Standard,4,67.54,Yes,Referral,Midwest,5,19,69.1,1,Yes
CUST-00130,2025-08,Month-to-month,Premium,1,73.98,Yes,Referral,South,4,4,45.3,0,No
CUST-00131,2025-07,Month-to-month,Standard,2,47.57,No,Sales-Assisted,West,5,5,67.3,0,No
CUST-00132,2024-03,Month-to-month,Standard,2,49.59,Yes,Organic,Northeast,21,21,83.2,0,No
CUST-00133,2023-11,Month-to-month,Premium,2,83.37,No,Organic,West,10,25,82.3,0,Yes
CUST-00134,2024-05,Month-to-month,Standard,2,50.72,No,Paid Search,Northeast,11,19,55.8,1,Yes
CUST-00135,2023-08,Month-to-month,Premium,1,71.31,No,Organic,Midwest,10,28,57.2,0,Yes
CUST-00136,2025-01,Month-to-month,Standard,1,44.07,Yes,Paid Search,Northeast,8,11,48.2,0,Yes
CUST-00137,2025-02,Two year,Premium,1,73.66,No,Paid Search,Midwest,10,10,91.1,0,No
CUST-00138,2023-12,Month-to-month,Basic,1,19.87,No,Organic,West,24,24,68.6,0,No
CUST-00139,2025-10,Month-to-month,Standard,0,35.81,Yes,Paid Search,South,2,2,73.9,0,No
CUST-00140,2025-06,Month-to-month,Basic,3,39.81,Yes,Organic,Midwest,3,6,77.0,0,Yes
CUST-00141,2025-06,One year,Standard,1,40.13,Yes,Paid Search,South,6,6,11.2,2,No
CUST-00142,2024-12,Month-to-month,Basic,3,40.18,Yes,Referral,Midwest,12,12,71.9,0,No
CUST-00143,2025-07,Month-to-month,Basic,4,46.53,No,Paid Search,South,5,5,95.1,0,No
CUST-00144,2023-12,One year,Standard,1,43.6,Yes,Sales-Assisted,South,24,24,52.0,1,No
CUST-00145,2023-11,Month-to-month,Standard,0,34.8,No,Organic,Midwest,25,25,53.2,1,No
CUST-00146,2024-12,One year,Basic,1,23.38,Yes,Organic,South,12,12,56.0,1,No
CUST-00147,2025-11,One year,Premium,3,86.32,Yes,Paid Search,Northeast,1,1,88.1,0,No
CUST-00148,2024-03,Month-to-month,Basic,2,32.21,Yes,Paid Search,Midwest,4,21,98.8,0,Yes
CUST-00149,2025-08,Two year,Premium,0,61.38,No,Organic,South,4,4,72.4,0,No
CUST-00150,2024-06,Month-to-month,Standard,1,43.84,Yes,Organic,West,18,18,52.1,0,No
CUST-00151,2025-07,Month-to-month,Standard,0,36.28,Yes,Sales-Assisted,Midwest,5,5,83.3,0,No
CUST-00152,2023-08,One year,Premium,2,82.44,Yes,Paid Search,South,28,28,54.6,1,No
CUST-00153,2024-04,Month-to-month,Basic,2,34.72,No,Paid Search,South,15,20,69.5,0,Yes
CUST-00154,2023-07,Month-to-month,Premium,0,65.91,No,Referral,Northeast,29,29,83.1,0,No
CUST-00155,2024-06,Two year,Premium,0,61.77,Yes,Paid Search,Midwest,18,18,56.3,1,No
CUST-00156,2024-03,One year,Standard,2,46.36,No,Paid Search,Northeast,12,21,47.9,2,Yes
CUST-00157,2025-01,Month-to-month,Standard,0,36.59,No,Sales-Assisted,West,11,11,74.5,1,Yes
CUST-00158,2023-12,One year,Standard,0,36.72,Yes,Paid Search,West,24,24,80.4,0,No
CUST-00159,2025-08,Month-to-month,Basic,1,20.98,Yes,Referral,South,4,4,57.4,0,No
CUST-00160,2025-07,Month-to-month,Standard,2,51.22,Yes,Organic,Northeast,4,5,66.9,0,Yes
CUST-00161,2025-01,Two year,Basic,1,21.37,Yes,Organic,Northeast,11,11,67.4,0,No
CUST-00162,2024-03,Month-to-month,Standard,1,41.05,No,Organic,West,3,21,24.0,1,Yes
CUST-00163,2024-09,Month-to-month,Basic,3,36.82,Yes,Referral,West,15,15,95.9,0,No
CUST-00164,2023-11,Two year,Standard,0,35.38,Yes,Referral,South,21,25,61.8,0,Yes
CUST-00165,2023-08,Month-to-month,Standard,2,52.54,Yes,Paid Search,Midwest,14,28,87.4,0,Yes
CUST-00166,2024-12,Month-to-month,Premium,1,73.07,No,Referral,West,4,12,78.8,0,Yes
CUST-00167,2024-11,Month-to-month,Standard,2,48.81,Yes,Organic,West,13,13,81.3,0,Yes
CUST-00168,2024-07,Month-to-month,Premium,2,84.17,No,Referral,South,4,17,41.9,0,Yes
CUST-00169,2024-05,Month-to-month,Standard,0,33.14,Yes,Organic,West,19,19,64.0,3,No
CUST-00170,2024-10,Month-to-month,Basic,0,11.18,Yes,Sales-Assisted,Northeast,2,14,82.5,0,Yes
CUST-00171,2024-06,Month-to-month,Premium,1,74.33,Yes,Paid Search,Midwest,1,18,66.1,0,Yes
CUST-00172,2023-08,One year,Premium,0,64.15,Yes,Sales-Assisted,Northeast,28,28,44.6,0,No
CUST-00173,2024-02,Month-to-month,Basic,2,32.26,Yes,Paid Search,South,18,22,62.8,0,Yes
CUST-00174,2025-02,One year,Standard,1,44.28,Yes,Paid Search,West,10,10,81.7,0,No
CUST-00175,2024-11,Month-to-month,Standard,0,34.68,Yes,Sales-Assisted,Northeast,13,13,62.7,1,No
CUST-00176,2024-12,Month-to-month,Standard,2,52.62,No,Organic,Midwest,4,12,48.4,0,Yes
CUST-00177,2025-07,Month-to-month,Standard,1,43.91,Yes,Sales-Assisted,Midwest,5,5,77.6,0,No
CUST-00178,2025-11,One year,Standard,3,59.45,No,Organic,South,1,1,68.3,0,No
CUST-00179,2024-01,One year,Standard,0,33.82,No,Sales-Assisted,South,23,23,49.1,0,No
CUST-00180,2024-11,One year,Premium,4,95.71,No,Paid Search,South,13,13,52.1,0,No
CUST-00181,2025-01,Month-to-month,Basic,0,16.38,Yes,Organic,South,1,11,81.2,0,Yes
CUST-00182,2024-05,Month-to-month,Standard,1,44.08,Yes,Paid Search,West,5,19,48.3,0,Yes
CUST-00183,2024-07,Month-to-month,Standard,2,48.76,Yes,Paid Search,Midwest,3,17,45.9,2,Yes
CUST-00184,2023-08,Month-to-month,Basic,1,24.73,Yes,Organic,West,8,28,98.8,0,Yes
CUST-00185,2024-06,Month-to-month,Basic,2,29.42,Yes,Referral,West,12,18,69.1,0,Yes
CUST-00186,2023-09,Month-to-month,Basic,0,14.55,No,Paid Search,Midwest,4,27,66.5,0,Yes
CUST-00187,2024-07,One year,Premium,3,90.6,Yes,Organic,Northeast,17,17,69.4,0,No
CUST-00188,2025-02,Month-to-month,Standard,0,34.23,No,Organic,West,10,10,83.2,0,No
CUST-00189,2025-02,One year,Standard,0,36.49,Yes,Paid Search,Northeast,8,10,44.7,0,Yes
CUST-00190,2023-07,Month-to-month,Basic,2,30.68,Yes,Paid Search,West,11,29,77.4,0,Yes
CUST-00191,2024-07,Month-to-month,Basic,1,24.22,No,Organic,South,17,17,91.0,0,No
CUST-00192,2025-06,One year,Premium,0,65.16,Yes,Paid Search,South,6,6,73.2,0,No
CUST-00193,2023-11,One year,Basic,0,15.17,Yes,Sales-Assisted,West,25,25,57.3,0,No
CUST-00194,2023-12,Month-to-month,Basic,1,21.43,No,Organic,South,13,24,72.9,0,Yes
CUST-00195,2025-11,One year,Standard,0,33.48,No,Sales-Assisted,Northeast,1,1,6.6,0,No
CUST-00196,2025-07,Month-to-month,Basic,0,15.99,Yes,Organic,West,5,5,78.4,0,No
CUST-00197,2024-03,Month-to-month,Premium,2,77.4,No,Referral,South,13,21,49.7,0,Yes
CUST-00198,2024-12,Month-to-month,Basic,0,16.63,No,Organic,Northeast,12,12,54.8,0,No
CUST-00199,2025-02,Month-to-month,Standard,2,51.42,No,Referral,Midwest,10,10,46.9,0,No
CUST-00200,2025-09,Month-to-month,Premium,1,70.68,Yes,Referral,West,3,3,69.4,0,Yes
CUST-00201,2025-06,Month-to-month,Premium,1,77.6,Yes,Sales-Assisted,Midwest,6,6,79.5,0,No
CUST-00202,2023-11,One year,Standard,2,52.4,Yes,Organic,South,25,25,56.5,0,No
CUST-00203,2023-11,One year,Basic,0,13.59,Yes,Organic,South,10,25,93.0,0,Yes
CUST-00204,2023-11,Month-to-month,Standard,0,33.84,No,Paid Search,West,3,25,29.2,1,Yes
CUST-00205,2024-07,Month-to-month,Basic,1,27.18,No,Sales-Assisted,West,1,17,79.0,1,Yes
CUST-00206,2025-07,Month-to-month,Basic,0,14.35,Yes,Referral,West,4,5,68.6,0,Yes
CUST-00207,2025-02,One year,Premium,2,84.16,Yes,Referral,Northeast,10,10,67.4,0,No
CUST-00208,2024-08,Two year,Premium,3,88.33,Yes,Paid Search,Midwest,16,16,53.8,1,No
CUST-00209,2023-07,Month-to-month,Premium,1,72.17,No,Paid Search,Northeast,1,29,63.6,0,Yes
CUST-00210,2025-04,Month-to-month,Standard,1,44.78,Yes,Referral,West,8,8,92.6,0,No
CUST-00211,2024-08,Month-to-month,Basic,1,25.94,Yes,Organic,West,16,16,74.6,0,No
CUST-00212,2024-09,Month-to-month,Premium,1,75.82,Yes,Organic,South,15,15,68.7,0,No
CUST-00213,2024-09,One year,Standard,1,42.3,Yes,Organic,West,15,15,52.1,0,No
CUST-00214,2024-07,One year,Standard,1,43.31,Yes,Sales-Assisted,South,17,17,75.0,0,No
CUST-00215,2024-03,One year,Premium,1,72.08,Yes,Referral,West,21,21,65.5,0,No
CUST-00216,2025-08,One year,Premium,1,71.43,Yes,Referral,Northeast,4,4,34.9,1,Yes
CUST-00217,2023-07,Month-to-month,Basic,1,24.32,Yes,Organic,South,1,29,57.8,0,Yes
CUST-00218,2023-10,Month-to-month,Basic,0,15.09,Yes,Paid Search,Midwest,26,26,59.8,1,No
CUST-00219,2024-01,Month-to-month,Standard,2,51.84,No,Organic,South,4,23,51.6,0,Yes
CUST-00220,2025-03,Month-to-month,Standard,1,42.8,Yes,Organic,West,9,9,82.0,0,No
CUST-00221,2024-11,Two year,Standard,2,47.58,Yes,Organic,Midwest,13,13,64.1,0,No
CUST-00222,2024-11,One year,Standard,1,38.43,Yes,Paid Search,Northeast,13,13,63.9,1,No
CUST-00223,2025-03,One year,Standard,0,34.1,Yes,Paid Search,West,9,9,23.0,2,No
CUST-00224,2025-10,Month-to-month,Standard,0,33.76,Yes,Sales-Assisted,South,2,2,25.1,1,No
CUST-00225,2024-02,One year,Standard,1,46.43,Yes,Referral,South,22,22,92.7,0,No
CUST-00226,2025-11,Two year,Basic,0,15.03,Yes,Sales-Assisted,Northeast,1,1,37.1,0,No
CUST-00227,2024-01,Month-to-month,Premium,0,64.46,No,Paid Search,Midwest,10,23,68.7,1,Yes
CUST-00228,2025-06,Month-to-month,Standard,0,40.07,Yes,Paid Search,West,6,6,69.6,0,No
CUST-00229,2024-05,Two year,Basic,3,41.88,Yes,Referral,South,19,19,52.3,0,No
CUST-00230,2025-02,Month-to-month,Premium,2,83.42,No,Organic,Northeast,10,10,72.0,0,No
CUST-00231,2025-05,One year,Basic,3,38.99,Yes,Referral,South,7,7,71.5,0,No
CUST-00232,2023-09,Month-to-month,Standard,1,42.52,Yes,Organic,South,8,27,56.2,0,Yes
CUST-00233,2024-10,Month-to-month,Standard,2,52.86,No,Organic,Midwest,5,14,74.4,0,Yes
CUST-00234,2023-10,Two year,Standard,0,34.65,Yes,Paid Search,Midwest,26,26,71.8,0,No
CUST-00235,2025-06,Month-to-month,Basic,0,16.46,Yes,Organic,Midwest,1,6,58.3,0,Yes
CUST-00236,2024-10,Two year,Standard,1,43.52,Yes,Organic,South,14,14,71.0,0,No
CUST-00237,2025-01,Month-to-month,Basic,2,28.82,Yes,Referral,Northeast,11,11,52.0,0,No
CUST-00238,2024-10,Month-to-month,Standard,2,53.1,Yes,Paid Search,South,8,14,64.3,0,Yes
CUST-00239,2025-11,Two year,Basic,2,33.04,Yes,Referral,Northeast,1,1,68.0,0,No
CUST-00240,2024-04,Month-to-month,Basic,2,27.24,Yes,Organic,West,3,20,72.2,0,Yes
CUST-00241,2025-02,Month-to-month,Standard,1,40.97,Yes,Organic,Northeast,10,10,84.1,0,No
CUST-00242,2023-11,One year,Standard,0,34.39,Yes,Sales-Assisted,West,25,25,68.9,0,No
CUST-00243,2025-05,One year,Basic,1,20.11,Yes,Paid Search,Midwest,7,7,96.7,0,No
CUST-00244,2025-02,Month-to-month,Basic,1,23.63,Yes,Paid Search,Northeast,10,10,42.3,1,No
CUST-00245,2025-10,Month-to-month,Premium,0,67.77,No,Organic,South,2,2,53.3,0,No
CUST-00246,2023-12,Month-to-month,Basic,0,15.87,No,Organic,South,2,24,89.4,0,Yes
CUST-00247,2024-08,Month-to-month,Basic,3,37.31,No,Paid Search,Northeast,16,16,50.7,0,Yes
CUST-00248,2024-12,Month-to-month,Standard,1,45.99,Yes,Organic,Northeast,12,12,50.4,0,No
CUST-00249,2023-09,Month-to-month,Standard,1,43.8,No,Organic,West,21,27,76.6,0,Yes
CUST-00250,2024-06,Month-to-month,Standard,2,53.13,No,Paid Search,Midwest,1,18,81.4,0,Yes
CUST-00251,2023-08,Month-to-month,Standard,1,42.48,Yes,Sales-Assisted,South,28,28,65.8,0,No
CUST-00252,2024-02,One year,Premium,2,81.29,Yes,Paid Search,Northeast,2,22,72.9,0,Yes
CUST-00253,2024-07,Month-to-month,Basic,0,18.06,No,Organic,Midwest,17,17,75.3,0,No
CUST-00254,2024-09,Two year,Basic,1,22.97,Yes,Organic,Northeast,15,15,61.7,0,No
CUST-00255,2025-06,One year,Standard,2,53.86,No,Referral,South,6,6,52.2,1,No
CUST-00256,2024-03,One year,Basic,0,12.13,No,Organic,Northeast,21,21,31.7,1,No
CUST-00257,2024-01,Month-to-month,Standard,1,46.41,Yes,Organic,Midwest,6,23,62.2,0,Yes
CUST-00258,2024-03,Month-to-month,Standard,2,51.98,No,Referral,West,1,21,38.5,0,Yes
CUST-00259,2024-12,One year,Basic,1,22.61,Yes,Sales-Assisted,West,12,12,57.4,2,No
CUST-00260,2025-11,Month-to-month,Basic,2,31.02,No,Paid Search,West,1,1,90.7,0,No
CUST-00261,2024-02,One year,Standard,0,32.34,Yes,Organic,Midwest,22,22,47.0,0,No
CUST-00262,2025-10,One year,Basic,1,23.33,Yes,Paid Search,South,2,2,62.3,0,No
CUST-00263,2023-12,One year,Standard,1,44.28,Yes,Paid Search,South,24,24,68.4,0,No
CUST-00264,2025-07,One year,Basic,0,15.12,Yes,Sales-Assisted,South,5,5,53.4,0,No
CUST-00265,2025-03,Month-to-month,Standard,1,44.25,Yes,Paid Search,Northeast,1,9,80.2,0,Yes
CUST-00266,2025-05,Month-to-month,Standard,2,54.34,Yes,Paid Search,South,7,7,90.6,0,No
CUST-00267,2024-08,Two year,Basic,1,21.22,Yes,Paid Search,Northeast,16,16,87.3,0,No
CUST-00268,2025-06,Month-to-month,Standard,1,44.93,No,Organic,Northeast,6,6,72.7,1,No
CUST-00269,2025-04,One year,Standard,3,60.43,No,Organic,South,8,8,79.2,0,No
CUST-00270,2025-10,Two year,Standard,1,42.68,Yes,Organic,Northeast,2,2,22.4,0,No
CUST-00271,2023-07,Month-to-month,Premium,0,65.55,Yes,Referral,Northeast,9,29,55.9,1,Yes
CUST-00272,2025-05,Month-to-month,Basic,0,15.43,No,Organic,West,7,7,62.1,0,No
CUST-00273,2025-06,One year,Premium,1,73.85,Yes,Paid Search,West,6,6,55.3,2,No
CUST-00274,2024-06,Month-to-month,Basic,3,34.33,Yes,Paid Search,South,9,18,48.2,1,Yes
CUST-00275,2025-07,One year,Standard,2,47.58,Yes,Organic,Midwest,5,5,12.5,2,No
CUST-00276,2023-10,One year,Premium,0,66.54,Yes,Referral,Northeast,26,26,98.5,0,No
CUST-00277,2024-01,Month-to-month,Standard,0,34.58,No,Sales-Assisted,South,1,23,60.0,0,Yes
CUST-00278,2025-01,Month-to-month,Basic,0,18.1,Yes,Paid Search,Midwest,11,11,41.9,1,No
CUST-00279,2024-12,Month-to-month,Standard,1,43.81,Yes,Paid Search,Midwest,5,12,83.3,0,Yes
CUST-00280,2025-01,One year,Basic,1,23.47,Yes,Organic,South,11,11,49.1,0,No
CUST-00281,2024-02,Month-to-month,Basic,1,21.92,Yes,Paid Search,Northeast,3,22,97.5,0,Yes
CUST-00282,2024-11,Two year,Basic,0,15.7,No,Organic,Midwest,13,13,24.3,1,No
CUST-00283,2025-03,Month-to-month,Standard,3,57.83,Yes,Referral,Midwest,9,9,66.5,1,No
CUST-00284,2024-04,Month-to-month,Standard,1,43.64,Yes,Organic,South,3,20,33.7,0,Yes
CUST-00285,2025-08,Month-to-month,Standard,4,69.0,Yes,Paid Search,South,4,4,68.6,0,No
CUST-00286,2024-01,Month-to-month,Standard,0,34.78,Yes,Organic,South,23,23,98.3,1,No
CUST-00287,2024-11,Month-to-month,Premium,1,71.23,Yes,Organic,West,3,13,49.5,0,Yes
CUST-00288,2023-08,One year,Standard,0,37.93,Yes,Sales-Assisted,West,28,28,63.9,0,No
CUST-00289,2025-04,Two year,Standard,1,43.85,No,Referral,Northeast,8,8,90.8,0,No
CUST-00290,2025-01,Month-to-month,Standard,2,50.97,No,Referral,Midwest,2,11,54.5,0,Yes
CUST-00291,2023-10,Two year,Premium,0,65.21,Yes,Organic,Northeast,26,26,66.7,0,No
CUST-00292,2024-03,One year,Premium,2,81.8,No,Referral,South,20,21,57.0,0,Yes
CUST-00293,2025-10,One year,Premium,1,72.92,Yes,Organic,Midwest,2,2,57.5,0,No
CUST-00294,2025-02,Month-to-month,Standard,3,58.33,No,Organic,West,10,10,52.3,0,No
CUST-00295,2025-11,Month-to-month,Basic,2,32.34,Yes,Organic,Northeast,1,1,85.3,0,No
CUST-00296,2023-12,Two year,Standard,1,40.53,Yes,Organic,South,1,24,50.8,0,Yes
CUST-00297,2024-11,Month-to-month,Basic,1,23.81,No,Referral,Midwest,3,13,75.9,0,Yes
CUST-00298,2025-05,One year,Basic,2,30.16,No,Paid Search,South,1,7,71.9,0,Yes
CUST-00299,2024-02,One year,Basic,1,21.59,Yes,Organic,Midwest,19,22,64.6,1,Yes
CUST-00300,2023-10,One year,Basic,2,26.15,Yes,Sales-Assisted,Midwest,26,26,71.2,0,No
CUST-00301,2025-08,Month-to-month,Standard,1,42.94,Yes,Organic,West,4,4,81.3,0,No
CUST-00302,2024-09,Month-to-month,Premium,4,98.71,Yes,Organic,South,13,15,61.7,1,Yes
CUST-00303,2025-01,One year,Premium,1,74.66,Yes,Referral,South,11,11,90.9,0,No
CUST-00304,2024-02,One year,Standard,1,43.32,Yes,Referral,Northeast,22,22,93.4,0,No
CUST-00305,2023-09,Two year,Basic,1,23.17,Yes,Organic,Northeast,27,27,52.3,0,No
CUST-00306,2024-08,Month-to-month,Basic,3,36.34,Yes,Organic,West,2,16,35.4,1,Yes
CUST-00307,2024-02,One year,Standard,0,34.45,No,Organic,West,22,22,58.5,0,No
CUST-00308,2025-02,Month-to-month,Premium,1,72.16,Yes,Referral,West,10,10,52.8,0,No
CUST-00309,2024-07,One year,Standard,3,58.38,Yes,Sales-Assisted,South,17,17,88.5,0,No
CUST-00310,2024-09,Month-to-month,Standard,0,36.21,Yes,Paid Search,Northeast,15,15,44.5,1,No
CUST-00311,2024-02,One year,Basic,0,16.11,Yes,Sales-Assisted,West,22,22,50.0,0,No
CUST-00312,2025-10,Month-to-month,Standard,2,52.88,Yes,Sales-Assisted,South,1,2,75.4,0,Yes
CUST-00313,2025-05,Month-to-month,Basic,3,35.17,No,Sales-Assisted,South,7,7,54.9,1,No
CUST-00314,2025-10,Month-to-month,Premium,0,65.67,Yes,Organic,Midwest,2,2,50.4,1,No
CUST-00315,2023-07,Month-to-month,Basic,1,22.75,No,Organic,Midwest,2,29,51.7,0,Yes
CUST-00316,2024-08,Month-to-month,Standard,1,43.6,Yes,Organic,West,8,16,38.3,2,Yes
CUST-00317,2024-09,Month-to-month,Basic,0,18.12,Yes,Sales-Assisted,Midwest,1,15,76.1,0,Yes
CUST-00318,2024-10,One year,Basic,1,25.57,Yes,Organic,West,14,14,47.7,0,No
CUST-00319,2025-11,One year,Standard,1,45.15,Yes,Organic,Northeast,1,1,44.8,0,No
CUST-00320,2023-11,Two year,Premium,0,66.3,Yes,Referral,Midwest,25,25,79.9,0,No
CUST-00321,2023-11,Month-to-month,Premium,3,88.7,No,Referral,West,4,25,80.8,0,Yes
CUST-00322,2025-11,Month-to-month,Basic,0,17.2,Yes,Referral,Midwest,1,1,48.2,0,No
CUST-00323,2024-05,Month-to-month,Standard,4,67.77,Yes,Paid Search,West,17,19,45.2,0,Yes
CUST-00324,2024-07,Month-to-month,Basic,0,15.31,Yes,Organic,Midwest,1,17,48.1,0,Yes
CUST-00325,2024-12,One year,Basic,1,23.81,Yes,Paid Search,Midwest,12,12,66.1,0,No
CUST-00326,2024-09,Month-to-month,Standard,0,36.12,Yes,Referral,Northeast,15,15,36.9,0,No
CUST-00327,2023-10,Month-to-month,Standard,0,36.58,No,Referral,Midwest,12,26,61.6,1,Yes
CUST-00328,2024-06,Month-to-month,Basic,4,46.12,Yes,Organic,South,9,18,86.2,0,Yes
CUST-00329,2024-09,Month-to-month,Standard,0,35.69,No,Organic,West,3,15,66.9,0,Yes
CUST-00330,2024-02,Month-to-month,Premium,1,72.8,Yes,Organic,Northeast,22,22,69.2,0,No
CUST-00331,2024-03,Month-to-month,Premium,1,69.68,Yes,Sales-Assisted,Midwest,21,21,43.3,1,No
CUST-00332,2024-08,One year,Basic,0,12.72,No,Paid Search,Midwest,16,16,62.9,0,No
CUST-00333,2023-11,One year,Premium,0,64.38,Yes,Organic,West,12,25,71.7,0,Yes
CUST-00334,2024-07,Month-to-month,Premium,2,81.92,Yes,Paid Search,South,17,17,40.5,0,No
CUST-00335,2024-06,Month-to-month,Premium,0,63.55,No,Organic,South,2,18,70.1,0,Yes
CUST-00336,2024-09,One year,Standard,4,66.07,Yes,Referral,West,2,15,49.0,0,Yes
CUST-00337,2024-06,Month-to-month,Standard,2,51.47,Yes,Organic,Midwest,4,18,67.0,0,Yes
CUST-00338,2024-06,Month-to-month,Basic,1,20.93,Yes,Organic,South,1,18,52.7,0,Yes
CUST-00339,2023-09,Two year,Premium,1,70.9,Yes,Paid Search,Midwest,27,27,94.8,0,No
CUST-00340,2025-04,Two year,Premium,1,70.18,No,Organic,South,8,8,71.1,0,No
CUST-00341,2025-01,Month-to-month,Standard,4,67.96,No,Paid Search,West,11,11,37.4,0,No
CUST-00342,2024-07,Month-to-month,Basic,0,16.66,No,Referral,Midwest,1,17,43.1,0,Yes
CUST-00343,2025-02,Month-to-month,Standard,1,42.73,No,Sales-Assisted,Northeast,4,10,89.2,0,Yes
CUST-00344,2024-04,Month-to-month,Standard,1,41.03,Yes,Paid Search,South,8,20,46.1,0,Yes
CUST-00345,2023-12,One year,Standard,0,32.26,Yes,Referral,Northeast,24,24,50.3,2,No
CUST-00346,2025-06,One year,Standard,2,49.96,No,Referral,Northeast,2,6,62.6,0,Yes
CUST-00347,2025-10,Month-to-month,Basic,3,39.54,Yes,Referral,South,2,2,100.0,0,No
CUST-00348,2023-07,One year,Standard,1,46.44,Yes,Sales-Assisted,Midwest,29,29,76.8,0,No
CUST-00349,2024-09,One year,Standard,2,51.17,No,Organic,Midwest,15,15,69.2,0,No
CUST-00350,2024-02,Month-to-month,Standard,2,48.73,No,Sales-Assisted,South,1,22,66.6,0,Yes
CUST-00351,2024-01,Month-to-month,Basic,1,24.09,Yes,Organic,Midwest,1,23,64.5,0,Yes
CUST-00352,2023-08,Month-to-month,Basic,4,50.21,Yes,Organic,South,28,28,78.1,0,No
CUST-00353,2025-11,Two year,Basic,3,38.28,Yes,Organic,South,1,1,87.9,0,No
CUST-00354,2025-03,Month-to-month,Standard,2,48.15,No,Paid Search,South,2,9,79.7,0,Yes
CUST-00355,2023-07,Month-to-month,Basic,3,37.36,Yes,Sales-Assisted,Midwest,19,29,41.9,0,Yes
CUST-00356,2024-11,Month-to-month,Basic,0,13.94,No,Sales-Assisted,South,2,13,53.3,0,Yes
CUST-00357,2024-12,Month-to-month,Standard,3,58.36,Yes,Organic,Midwest,12,12,68.7,0,No
CUST-00358,2025-04,Month-to-month,Standard,1,48.02,Yes,Paid Search,South,8,8,76.3,0,No
CUST-00359,2025-11,One year,Premium,3,89.91,Yes,Paid Search,South,1,1,57.2,0,No
CUST-00360,2025-10,Month-to-month,Basic,0,14.44,Yes,Organic,Midwest,2,2,82.6,0,No
CUST-00361,2023-07,Month-to-month,Premium,0,64.06,Yes,Paid Search,South,29,29,79.3,0,No
CUST-00362,2025-11,Month-to-month,Standard,3,60.65,Yes,Organic,Northeast,1,1,84.0,0,No
CUST-00363,2025-07,Month-to-month,Basic,3,37.22,No,Organic,Northeast,5,5,85.3,0,No
CUST-00364,2025-04,Month-to-month,Basic,0,13.53,Yes,Referral,West,8,8,63.7,0,No
CUST-00365,2025-03,One year,Basic,2,32.35,Yes,Organic,South,9,9,77.9,1,No
CUST-00366,2023-11,One year,Standard,1,45.78,Yes,Paid Search,South,25,25,80.0,0,No
CUST-00367,2025-02,Month-to-month,Basic,1,20.37,Yes,Paid Search,West,3,10,32.3,0,Yes
CUST-00368,2025-07,Month-to-month,Standard,3,58.31,Yes,Paid Search,West,5,5,36.1,0,No
CUST-00369,2024-12,Two year,Standard,1,43.51,Yes,Paid Search,Northeast,12,12,38.5,2,No
CUST-00370,2024-04,Month-to-month,Basic,0,15.17,Yes,Sales-Assisted,Midwest,2,20,74.1,0,Yes
CUST-00371,2024-11,One year,Basic,1,23.23,No,Paid Search,Northeast,13,13,59.5,1,No
CUST-00372,2025-04,One year,Premium,0,64.46,Yes,Referral,Midwest,8,8,52.8,0,No
CUST-00373,2025-08,Two year,Standard,1,42.0,No,Sales-Assisted,Northeast,4,4,45.1,0,Yes
CUST-00374,2025-10,One year,Basic,3,42.35,Yes,Referral,Midwest,2,2,84.1,0,No
CUST-00375,2024-09,Two year,Basic,0,14.98,No,Organic,Midwest,15,15,50.6,0,No
CUST-00376,2025-06,Month-to-month,Standard,0,29.5,Yes,Paid Search,South,6,6,99.3,0,No
CUST-00377,2024-07,Month-to-month,Standard,0,31.31,Yes,Paid Search,South,10,17,55.1,0,Yes
CUST-00378,2024-04,Month-to-month,Basic,1,22.84,Yes,Paid Search,Midwest,20,20,76.4,0,No
CUST-00379,2024-12,Month-to-month,Premium,3,89.59,Yes,Paid Search,West,1,12,62.5,0,Yes
CUST-00380,2024-09,One year,Basic,2,27.55,Yes,Paid Search,West,1,15,84.9,0,Yes
CUST-00381,2025-10,Month-to-month,Standard,1,43.65,Yes,Referral,South,1,2,99.2,0,Yes
CUST-00382,2024-08,Two year,Basic,3,40.06,Yes,Sales-Assisted,Northeast,16,16,49.6,0,No
CUST-00383,2025-06,One year,Premium,2,81.51,Yes,Referral,Midwest,6,6,47.1,1,No
CUST-00384,2024-10,Month-to-month,Standard,1,39.74,Yes,Referral,Northeast,3,14,64.5,0,Yes
CUST-00385,2025-08,Month-to-month,Basic,2,33.12,No,Paid Search,West,4,4,66.8,1,No
CUST-00386,2025-04,Month-to-month,Basic,1,23.42,Yes,Paid Search,South,1,8,38.7,1,Yes
CUST-00387,2024-11,Two year,Basic,1,23.69,Yes,Organic,South,5,13,40.7,1,Yes
CUST-00388,2024-09,One year,Standard,1,41.9,Yes,Referral,South,15,15,43.2,1,No
CUST-00389,2025-11,Month-to-month,Basic,0,16.75,No,Paid Search,Northeast,1,1,64.7,0,No
CUST-00390,2023-09,One year,Standard,0,36.92,Yes,Paid Search,Midwest,24,27,58.4,0,Yes
CUST-00391,2024-11,Two year,Basic,3,37.16,Yes,Organic,West,13,13,52.9,0,No
CUST-00392,2025-06,Month-to-month,Basic,2,28.87,Yes,Organic,South,6,6,82.2,0,No
CUST-00393,2025-06,Month-to-month,Basic,3,38.23,No,Referral,Midwest,6,6,72.3,0,No
CUST-00394,2024-02,Month-to-month,Basic,0,15.49,Yes,Organic,Northeast,11,22,88.0,0,Yes
CUST-00395,2024-11,Month-to-month,Premium,1,77.62,No,Organic,Midwest,5,13,69.7,0,Yes
CUST-00396,2025-04,Month-to-month,Basic,0,18.29,Yes,Sales-Assisted,West,8,8,48.5,0,No
CUST-00397,2024-10,Month-to-month,Premium,3,87.61,No,Organic,Midwest,1,14,47.2,0,Yes
CUST-00398,2025-06,One year,Premium,1,71.36,Yes,Referral,Northeast,6,6,75.3,0,No
CUST-00399,2025-07,One year,Basic,0,17.39,Yes,Organic,Midwest,5,5,69.1,0,No
CUST-00400,2025-02,One year,Basic,3,37.23,No,Organic,Midwest,1,10,53.5,0,Yes
CUST-00401,2023-08,Month-to-month,Basic,0,13.81,No,Sales-Assisted,Midwest,24,28,82.3,1,Yes
CUST-00402,2025-09,One year,Premium,1,70.97,No,Paid Search,West,3,3,70.8,0,No
CUST-00403,2024-08,Month-to-month,Premium,2,76.36,Yes,Paid Search,West,16,16,49.4,0,No
CUST-00404,2023-08,Two year,Standard,2,49.78,No,Organic,Northeast,28,28,90.1,0,No
CUST-00405,2024-10,Two year,Standard,0,32.88,Yes,Paid Search,South,14,14,65.5,1,No
CUST-00406,2025-01,One year,Premium,4,98.05,Yes,Referral,West,11,11,27.5,1,No
CUST-00407,2024-07,One year,Basic,1,21.7,Yes,Organic,Northeast,7,17,35.5,0,Yes
CUST-00408,2025-06,Month-to-month,Standard,0,35.65,Yes,Paid Search,Northeast,2,6,51.0,1,Yes
CUST-00409,2024-03,Two year,Basic,0,12.34,Yes,Paid Search,Northeast,21,21,86.0,0,No
CUST-00410,2025-11,Two year,Premium,2,80.07,Yes,Sales-Assisted,Northeast,1,1,64.9,0,No
CUST-00411,2024-07,Month-to-month,Premium,2,84.55,Yes,Referral,West,1,17,91.6,0,Yes
CUST-00412,2025-10,Two year,Basic,1,26.64,Yes,Organic,South,2,2,93.1,0,No
CUST-00413,2025-11,Month-to-month,Basic,2,33.19,Yes,Referral,South,1,1,13.1,1,No
CUST-00414,2025-05,Month-to-month,Standard,2,52.43,No,Organic,Northeast,7,7,84.1,0,No
CUST-00415,2024-03,Month-to-month,Standard,4,69.28,No,Organic,South,21,21,59.4,0,No
CUST-00416,2024-11,Month-to-month,Standard,1,42.5,No,Organic,West,13,13,48.1,1,No
CUST-00417,2024-11,Two year,Premium,0,68.87,No,Sales-Assisted,Midwest,13,13,94.8,0,No
CUST-00418,2024-06,Month-to-month,Standard,3,56.78,No,Paid Search,Northeast,9,18,90.5,0,Yes
CUST-00419,2025-09,Month-to-month,Standard,1,44.57,No,Paid Search,South,1,3,50.1,0,Yes
CUST-00420,2023-07,Month-to-month,Basic,0,14.53,No,Referral,South,11,29,64.8,0,Yes
CUST-00421,2024-09,Two year,Basic,1,21.61,Yes,Paid Search,South,15,15,62.6,0,No
CUST-00422,2023-10,Month-to-month,Basic,2,34.58,Yes,Sales-Assisted,Northeast,26,26,71.1,0,No
CUST-00423,2024-02,Two year,Premium,1,72.61,Yes,Organic,Northeast,22,22,66.8,1,No
CUST-00424,2025-04,Month-to-month,Standard,0,35.01,Yes,Referral,Northeast,8,8,45.7,0,No
CUST-00425,2025-03,Month-to-month,Premium,0,62.26,Yes,Organic,Midwest,2,9,48.9,2,Yes
CUST-00426,2024-06,Two year,Standard,0,33.11,Yes,Sales-Assisted,West,18,18,35.2,0,No
CUST-00427,2023-11,Month-to-month,Basic,1,24.17,No,Paid Search,West,2,25,63.9,0,Yes
CUST-00428,2023-09,One year,Basic,1,25.09,Yes,Paid Search,Northeast,17,27,19.1,1,Yes
CUST-00429,2024-09,One year,Standard,3,61.66,No,Organic,South,15,15,61.0,1,No
CUST-00430,2025-09,Month-to-month,Premium,1,72.86,No,Paid Search,West,3,3,62.0,0,No
CUST-00431,2023-07,Month-to-month,Basic,0,14.74,Yes,Referral,West,29,29,84.1,0,No
CUST-00432,2023-11,Month-to-month,Basic,0,13.31,Yes,Organic,Northeast,2,25,95.1,0,Yes
CUST-00433,2024-03,One year,Basic,1,22.37,Yes,Organic,Midwest,21,21,52.2,0,No
CUST-00434,2024-12,One year,Premium,0,67.24,Yes,Organic,West,12,12,75.5,0,No
CUST-00435,2025-08,Two year,Standard,0,36.54,Yes,Referral,Northeast,4,4,36.9,0,No
CUST-00436,2024-01,One year,Premium,0,66.32,Yes,Paid Search,Midwest,23,23,50.9,2,No
CUST-00437,2025-06,One year,Standard,2,51.78,Yes,Referral,South,6,6,84.5,0,No
CUST-00438,2025-02,Two year,Basic,0,13.18,Yes,Organic,Northeast,8,10,61.0,0,Yes
CUST-00439,2023-10,Month-to-month,Basic,0,17.69,Yes,Referral,Midwest,12,26,54.6,0,Yes
CUST-00440,2024-05,Two year,Standard,0,30.26,Yes,Paid Search,Midwest,19,19,56.5,0,No
CUST-00441,2025-03,One year,Basic,2,32.24,Yes,Organic,West,9,9,67.4,0,No
CUST-00442,2024-09,Month-to-month,Premium,1,71.79,Yes,Paid Search,South,15,15,84.7,0,No
CUST-00443,2024-06,Month-to-month,Standard,2,52.69,No,Organic,South,18,18,94.8,0,No
CUST-00444,2025-08,One year,Premium,0,64.43,Yes,Organic,West,2,4,96.5,0,Yes
CUST-00445,2025-04,Month-to-month,Standard,1,40.92,No,Organic,South,8,8,72.3,0,No
CUST-00446,2024-01,Month-to-month,Basic,2,30.61,No,Paid Search,West,23,23,91.7,0,No
CUST-00447,2024-05,Two year,Standard,0,37.44,No,Referral,South,19,19,91.5,0,No
CUST-00448,2023-12,Month-to-month,Basic,3,39.83,No,Referral,South,1,24,64.3,0,Yes
CUST-00449,2024-02,Two year,Standard,0,38.79,Yes,Sales-Assisted,West,22,22,95.4,0,No
CUST-00450,2024-09,One year,Premium,2,78.59,Yes,Paid Search,Northeast,3,15,68.8,0,Yes
CUST-00451,2025-03,Month-to-month,Basic,1,22.72,Yes,Organic,Midwest,3,9,57.4,1,Yes
CUST-00452,2024-12,One year,Premium,4,97.6,Yes,Sales-Assisted,Midwest,12,12,97.2,0,No
CUST-00453,2025-06,One year,Premium,0,62.96,Yes,Organic,Northeast,6,6,92.4,0,No
CUST-00454,2023-08,One year,Standard,0,35.67,Yes,Organic,Northeast,2,28,21.0,0,Yes
CUST-00455,2025-11,Month-to-month,Basic,0,14.29,Yes,Paid Search,Northeast,1,1,83.4,0,No
CUST-00456,2025-01,Month-to-month,Basic,2,33.34,No,Referral,Northeast,11,11,65.4,0,No
CUST-00457,2025-10,Month-to-month,Standard,1,45.75,Yes,Sales-Assisted,South,2,2,91.2,0,No
CUST-00458,2023-10,Month-to-month,Standard,3,58.16,Yes,Paid Search,Northeast,6,26,54.1,2,Yes
CUST-00459,2024-05,One year,Standard,1,42.75,Yes,Organic,Midwest,19,19,33.9,0,No
CUST-00460,2024-11,Month-to-month,Standard,1,43.71,Yes,Organic,South,3,13,48.5,0,Yes
CUST-00461,2024-01,One year,Premium,3,88.98,No,Referral,West,15,23,89.7,0,Yes
CUST-00462,2025-01,Month-to-month,Basic,0,14.09,Yes,Paid Search,Northeast,7,11,97.5,0,Yes
CUST-00463,2024-10,Month-to-month,Premium,1,72.97,No,Organic,Midwest,3,14,73.5,0,Yes
CUST-00464,2025-01,Month-to-month,Basic,3,38.62,No,Organic,West,5,11,52.4,0,Yes
CUST-00465,2024-01,One year,Standard,0,37.28,Yes,Paid Search,Northeast,23,23,73.3,0,No
CUST-00466,2025-10,Month-to-month,Basic,0,15.49,No,Paid Search,Northeast,2,2,64.8,0,No
CUST-00467,2024-08,Two year,Standard,0,34.91,Yes,Sales-Assisted,Northeast,16,16,61.1,1,No
CUST-00468,2025-03,Month-to-month,Basic,0,19.12,No,Sales-Assisted,Northeast,9,9,49.0,0,No
CUST-00469,2023-07,Two year,Premium,2,81.5,No,Paid Search,Midwest,12,29,41.4,2,Yes
CUST-00470,2025-05,One year,Standard,1,41.17,Yes,Referral,Northeast,7,7,68.7,0,No
CUST-00471,2024-12,Month-to-month,Standard,0,34.55,Yes,Sales-Assisted,Midwest,12,12,81.0,0,No
CUST-00472,2025-10,Two year,Basic,3,39.45,Yes,Organic,Midwest,2,2,69.2,1,No
CUST-00473,2024-09,Two year,Standard,1,44.25,Yes,Organic,Northeast,15,15,54.5,0,No
CUST-00474,2024-08,One year,Basic,0,17.27,Yes,Referral,South,2,16,38.4,0,Yes
CUST-00475,2024-02,Month-to-month,Basic,0,12.64,Yes,Referral,Northeast,1,22,73.4,0,Yes
CUST-00476,2024-11,One year,Standard,0,32.84,Yes,Referral,West,13,13,58.9,0,No
CUST-00477,2025-04,Month-to-month,Standard,1,40.44,No,Sales-Assisted,South,1,8,100.0,0,Yes
CUST-00478,2025-11,One year,Standard,2,50.75,Yes,Referral,Midwest,1,1,90.5,0,No
CUST-00479,2023-09,One year,Standard,1,39.82,Yes,Organic,Midwest,18,27,34.5,1,Yes
CUST-00480,2025-07,Month-to-month,Standard,0,33.22,No,Organic,West,2,5,52.3,0,Yes
CUST-00481,2024-01,One year,Standard,2,50.8,Yes,Sales-Assisted,West,23,23,45.1,0,No
CUST-00482,2023-09,One year,Standard,3,58.37,Yes,Organic,West,22,27,79.2,0,Yes
CUST-00483,2025-02,Month-to-month,Standard,0,33.96,Yes,Paid Search,South,10,10,51.5,0,No
CUST-00484,2025-08,One year,Basic,1,24.13,Yes,Sales-Assisted,West,4,4,52.0,0,No
CUST-00485,2024-03,Two year,Basic,3,38.7,Yes,Referral,South,21,21,61.8,1,No
CUST-00486,2025-01,One year,Standard,2,53.0,Yes,Paid Search,Northeast,11,11,84.2,1,No
CUST-00487,2025-10,Month-to-month,Basic,1,23.77,Yes,Sales-Assisted,South,1,2,73.6,0,Yes
CUST-00488,2023-08,Month-to-month,Basic,0,15.64,Yes,Organic,West,28,28,59.3,0,No
CUST-00489,2023-09,Month-to-month,Basic,0,14.71,Yes,Sales-Assisted,Midwest,19,27,44.5,2,Yes
CUST-00490,2025-08,Month-to-month,Basic,0,14.03,Yes,Paid Search,West,1,4,22.1,2,Yes
CUST-00491,2024-02,One year,Standard,3,58.89,No,Organic,Midwest,22,22,95.3,0,No
CUST-00492,2024-12,One year,Basic,1,22.28,No,Sales-Assisted,Midwest,12,12,96.2,0,No
CUST-00493,2025-10,One year,Premium,0,61.04,Yes,Sales-Assisted,Midwest,2,2,40.8,1,No
CUST-00494,2023-12,Month-to-month,Premium,1,75.72,Yes,Referral,West,6,24,66.6,0,Yes
CUST-00495,2023-11,Month-to-month,Basic,2,27.44,Yes,Paid Search,Midwest,11,25,74.4,0,Yes
CUST-00496,2025-11,One year,Basic,0,16.29,No,Organic,Midwest,1,1,70.7,0,No
CUST-00497,2025-08,Month-to-month,Basic,1,20.59,No,Paid Search,South,3,4,58.9,0,Yes
CUST-00498,2025-10,Month-to-month,Basic,1,19.89,Yes,Organic,Northeast,2,2,25.3,2,No
CUST-00499,2023-08,One year,Basic,2,31.7,No,Organic,Northeast,28,28,43.7,0,No
CUST-00500,2023-09,Month-to-month,Standard,1,45.67,No,Referral,Midwest,5,27,84.9,0,Yes
CUST-00501,2023-11,Two year,Basic,4,45.54,Yes,Sales-Assisted,West,25,25,59.3,1,No
CUST-00502,2024-04,Month-to-month,Basic,0,16.71,Yes,Paid Search,West,20,20,77.4,0,No
CUST-00503,2025-09,Month-to-month,Standard,1,45.49,Yes,Referral,Northeast,1,3,41.4,0,Yes
CUST-00504,2025-04,Month-to-month,Standard,1,39.97,Yes,Paid Search,South,8,8,57.3,1,No
CUST-00505,2024-09,Month-to-month,Basic,1,22.34,Yes,Organic,West,1,15,55.6,0,Yes
CUST-00506,2024-10,One year,Standard,1,41.94,No,Organic,Midwest,14,14,65.5,0,No
CUST-00507,2025-08,Month-to-month,Standard,3,61.24,No,Paid Search,South,4,4,64.3,0,No
CUST-00508,2025-04,Two year,Basic,1,24.93,Yes,Referral,West,8,8,73.0,0,Yes
CUST-00509,2024-03,One year,Premium,0,63.65,Yes,Paid Search,South,21,21,66.2,0,No
CUST-00510,2023-10,Month-to-month,Standard,2,49.98,Yes,Organic,South,26,26,97.9,0,No
CUST-00511,2025-08,Month-to-month,Basic,0,16.92,Yes,Organic,Northeast,3,4,82.7,0,Yes
CUST-00512,2023-08,Month-to-month,Standard,1,41.52,Yes,Referral,Northeast,2,28,92.1,0,Yes
CUST-00513,2025-02,Month-to-month,Premium,0,64.76,Yes,Organic,West,7,10,51.2,0,Yes
CUST-00514,2025-09,Month-to-month,Standard,2,51.98,No,Sales-Assisted,Northeast,3,3,73.9,0,No
CUST-00515,2023-09,Two year,Basic,0,14.86,Yes,Paid Search,West,27,27,92.4,0,No
CUST-00516,2024-08,One year,Basic,2,32.76,Yes,Referral,South,16,16,76.6,0,No
CUST-00517,2024-04,Month-to-month,Standard,4,69.48,Yes,Referral,Northeast,20,20,79.5,0,No
CUST-00518,2025-06,Two year,Premium,1,72.15,Yes,Paid Search,Northeast,6,6,57.4,1,No
CUST-00519,2023-09,Two year,Basic,2,29.58,Yes,Referral,West,27,27,67.3,0,No
CUST-00520,2024-12,Two year,Basic,1,23.67,Yes,Sales-Assisted,Northeast,12,12,49.3,0,No
CUST-00521,2025-01,Month-to-month,Basic,4,46.33,No,Sales-Assisted,South,4,11,85.1,0,Yes
CUST-00522,2024-02,One year,Standard,2,50.45,Yes,Paid Search,West,22,22,71.3,0,No
CUST-00523,2024-02,Month-to-month,Standard,1,44.66,Yes,Referral,West,13,22,83.3,0,Yes
CUST-00524,2024-03,Month-to-month,Basic,0,13.73,Yes,Organic,South,2,21,48.4,1,Yes
CUST-00525,2025-05,Month-to-month,Premium,2,79.73,Yes,Organic,West,7,7,54.2,2,No
CUST-00526,2025-06,One year,Basic,2,30.75,Yes,Sales-Assisted,Midwest,6,6,99.2,0,No
CUST-00527,2024-07,Month-to-month,Standard,3,58.34,No,Paid Search,Northeast,17,17,69.1,0,No
CUST-00528,2025-02,One year,Standard,0,36.94,Yes,Paid Search,Northeast,10,10,64.0,0,No
CUST-00529,2025-10,Month-to-month,Basic,2,29.39,No,Organic,West,2,2,90.2,0,No
CUST-00530,2024-11,One year,Standard,2,51.52,Yes,Organic,South,13,13,38.5,1,No
CUST-00531,2024-01,One year,Basic,0,15.45,Yes,Paid Search,West,23,23,56.9,0,No
CUST-00532,2024-12,One year,Standard,0,33.6,Yes,Sales-Assisted,Northeast,5,12,70.2,0,Yes
CUST-00533,2024-12,Month-to-month,Premium,0,66.9,Yes,Sales-Assisted,West,2,12,58.2,0,Yes
CUST-00534,2024-04,One year,Premium,1,69.7,Yes,Referral,Northeast,20,20,57.2,0,No
CUST-00535,2023-07,Month-to-month,Standard,1,45.6,Yes,Sales-Assisted,South,3,29,78.9,0,Yes
CUST-00536,2024-01,Two year,Standard,3,58.27,Yes,Sales-Assisted,South,23,23,67.1,0,No
CUST-00537,2025-07,Month-to-month,Basic,3,41.02,No,Paid Search,West,5,5,70.5,0,No
CUST-00538,2025-02,Month-to-month,Basic,3,39.33,Yes,Sales-Assisted,West,5,10,64.0,0,Yes
CUST-00539,2024-08,Month-to-month,Standard,0,30.41,Yes,Organic,Northeast,2,16,79.3,0,Yes
CUST-00540,2024-11,One year,Standard,2,47.9,Yes,Organic,West,13,13,83.5,0,No
CUST-00541,2025-05,Month-to-month,Basic,2,31.15,No,Organic,Northeast,7,7,39.9,3,No
CUST-00542,2025-10,Two year,Premium,2,82.25,No,Organic,West,2,2,59.0,0,No
CUST-00543,2024-05,Month-to-month,Premium,2,82.92,Yes,Referral,Midwest,19,19,97.0,0,No
CUST-00544,2025-01,Month-to-month,Premium,1,74.2,No,Organic,Midwest,3,11,55.7,0,Yes
CUST-00545,2025-02,One year,Premium,0,67.18,Yes,Organic,West,10,10,78.3,0,No
CUST-00546,2023-08,Month-to-month,Standard,0,35.64,Yes,Referral,Midwest,17,28,59.6,0,Yes
CUST-00547,2023-11,Month-to-month,Standard,2,52.38,Yes,Paid Search,Northeast,2,25,57.8,0,Yes
CUST-00548,2024-09,Month-to-month,Premium,4,98.66,Yes,Paid Search,Midwest,15,15,91.1,0,No
CUST-00549,2023-09,One year,Premium,1,74.98,No,Organic,Northeast,27,27,77.6,0,No
CUST-00550,2024-07,Month-to-month,Basic,0,11.46,Yes,Paid Search,South,1,17,53.4,0,Yes
CUST-00551,2023-09,Two year,Basic,1,21.66,Yes,Organic,West,24,27,29.6,1,Yes
CUST-00552,2024-06,Month-to-month,Basic,2,31.07,Yes,Organic,Midwest,18,18,78.0,0,No
CUST-00553,2025-01,One year,Basic,2,26.95,No,Referral,West,11,11,81.5,0,No
CUST-00554,2024-07,Month-to-month,Standard,2,54.25,Yes,Paid Search,Midwest,17,17,74.1,0,No
CUST-00555,2024-03,Two year,Basic,0,18.71,Yes,Organic,West,21,21,69.8,0,No
CUST-00556,2023-12,Month-to-month,Standard,3,56.35,Yes,Referral,Midwest,1,24,65.1,0,Yes
CUST-00557,2023-07,Month-to-month,Standard,0,35.55,Yes,Referral,Midwest,7,29,53.3,0,Yes
CUST-00558,2025-04,Month-to-month,Basic,1,23.77,Yes,Sales-Assisted,South,3,8,48.7,1,Yes
CUST-00559,2025-09,Month-to-month,Basic,4,50.36,Yes,Organic,Northeast,2,3,63.2,0,Yes
CUST-00560,2025-02,Month-to-month,Standard,2,49.09,No,Paid Search,Midwest,10,10,49.8,1,No
CUST-00561,2024-07,One year,Premium,0,64.65,Yes,Paid Search,South,17,17,60.6,0,No
CUST-00562,2023-10,Month-to-month,Basic,4,46.4,Yes,Organic,South,26,26,58.8,0,No
CUST-00563,2023-09,Month-to-month,Standard,2,52.02,Yes,Referral,Northeast,1,27,97.0,0,Yes
CUST-00564,2024-09,Month-to-month,Basic,3,37.66,No,Organic,Northeast,15,15,75.7,0,No
CUST-00565,2025-10,Month-to-month,Basic,0,13.82,No,Organic,South,2,2,65.4,0,No
CUST-00566,2023-08,One year,Basic,3,37.08,Yes,Paid Search,Midwest,28,28,43.0,0,No
CUST-00567,2025-05,One year,Standard,0,34.06,Yes,Organic,West,7,7,53.4,0,No
CUST-00568,2025-07,One year,Basic,2,28.43,Yes,Organic,Northeast,5,5,64.1,1,No
CUST-00569,2025-05,Month-to-month,Standard,0,32.37,No,Referral,South,2,7,74.6,1,Yes
CUST-00570,2024-01,Month-to-month,Premium,2,80.57,Yes,Sales-Assisted,Midwest,2,23,73.6,0,Yes
CUST-00571,2024-08,Month-to-month,Basic,2,31.85,Yes,Paid Search,Northeast,2,16,61.4,0,Yes
CUST-00572,2024-10,Month-to-month,Standard,1,46.69,Yes,Sales-Assisted,Midwest,7,14,56.8,1,Yes
CUST-00573,2025-01,Month-to-month,Standard,0,35.63,Yes,Paid Search,Midwest,2,11,63.4,0,Yes
CUST-00574,2024-10,Month-to-month,Basic,2,31.01,Yes,Paid Search,Midwest,14,14,52.9,0,No
CUST-00575,2024-03,One year,Basic,3,37.13,Yes,Sales-Assisted,Northeast,21,21,97.4,0,No
CUST-00576,2023-10,Month-to-month,Premium,0,63.61,No,Paid Search,Northeast,2,26,66.6,0,Yes
CUST-00577,2023-08,Month-to-month,Basic,0,17.28,No,Organic,West,28,28,73.2,0,No
CUST-00578,2025-08,Month-to-month,Basic,0,15.71,Yes,Organic,West,4,4,58.3,0,Yes
CUST-00579,2024-02,Month-to-month,Standard,2,51.09,Yes,Referral,South,8,22,41.0,0,Yes
CUST-00580,2024-09,Month-to-month,Standard,1,46.52,No,Paid Search,Northeast,15,15,31.6,0,No
CUST-00581,2025-01,Two year,Basic,3,39.96,Yes,Sales-Assisted,Midwest,8,11,56.5,3,Yes
CUST-00582,2025-04,Month-to-month,Basic,0,15.4,Yes,Organic,Northeast,1,8,72.8,0,Yes
CUST-00583,2025-10,One year,Standard,0,31.85,No,Paid Search,Northeast,2,2,75.3,0,Yes
CUST-00584,2025-02,Month-to-month,Premium,2,80.87,No,Organic,Midwest,10,10,76.2,0,No
CUST-00585,2025-05,Month-to-month,Basic,3,40.85,No,Paid Search,South,7,7,81.0,0,No
CUST-00586,2023-12,Month-to-month,Standard,0,34.86,No,Paid Search,South,24,24,70.4,0,No
CUST-00587,2023-10,Month-to-month,Basic,2,25.19,No,Paid Search,Midwest,7,26,86.8,0,Yes
CUST-00588,2024-12,Month-to-month,Standard,4,67.49,Yes,Sales-Assisted,Northeast,7,12,80.2,0,Yes
CUST-00589,2024-12,Month-to-month,Premium,1,70.42,No,Organic,Midwest,1,12,16.2,0,Yes
CUST-00590,2024-01,One year,Basic,2,27.26,Yes,Organic,West,23,23,62.9,0,No
CUST-00591,2025-07,Two year,Basic,1,25.08,Yes,Organic,Northeast,5,5,56.8,1,No
CUST-00592,2025-11,Month-to-month,Standard,1,41.42,No,Referral,West,1,1,69.2,0,No
CUST-00593,2025-05,One year,Basic,1,23.42,Yes,Organic,West,7,7,38.4,2,No
CUST-00594,2023-07,Two year,Basic,0,9.85,Yes,Organic,South,29,29,75.6,0,No
CUST-00595,2024-11,One year,Standard,0,34.49,Yes,Sales-Assisted,South,13,13,82.1,0,No
CUST-00596,2023-08,Month-to-month,Standard,1,45.78,Yes,Organic,Northeast,12,28,66.0,0,Yes
CUST-00597,2025-11,Month-to-month,Premium,0,63.24,Yes,Referral,Northeast,1,1,47.2,0,No
CUST-00598,2024-04,Month-to-month,Basic,0,14.83,No,Organic,Northeast,7,20,62.3,1,Yes
CUST-00599,2025-04,One year,Standard,4,67.14,Yes,Referral,Northeast,8,8,65.3,0,No
CUST-00600,2025-06,One year,Premium,2,81.04,Yes,Organic,Midwest,6,6,55.8,1,No
CUST-00601,2024-05,Month-to-month,Basic,2,29.95,No,Referral,West,10,19,70.7,0,Yes
CUST-00602,2024-04,Month-to-month,Standard,1,39.59,No,Organic,West,20,20,84.0,0,No
CUST-00603,2024-01,One year,Premium,1,71.55,Yes,Organic,Midwest,23,23,68.5,0,No
CUST-00604,2025-06,Month-to-month,Standard,3,64.58,No,Organic,South,5,6,72.3,0,Yes
CUST-00605,2023-11,Month-to-month,Basic,0,15.97,No,Paid Search,South,25,25,54.6,1,No
CUST-00606,2025-01,Month-to-month,Premium,0,66.33,Yes,Paid Search,Midwest,11,11,64.7,0,No
CUST-00607,2025-10,Month-to-month,Standard,0,33.78,No,Paid Search,West,2,2,97.6,0,No
CUST-00608,2025-10,Month-to-month,Premium,0,67.63,Yes,Paid Search,South,1,2,42.3,0,Yes
CUST-00609,2025-09,Month-to-month,Premium,1,73.39,Yes,Sales-Assisted,South,1,3,75.8,0,Yes
CUST-00610,2025-09,Two year,Basic,1,20.58,Yes,Referral,West,3,3,74.3,0,No
CUST-00611,2024-05,One year,Basic,2,27.99,No,Referral,West,19,19,49.8,0,No
CUST-00612,2025-07,Month-to-month,Standard,1,42.85,Yes,Sales-Assisted,South,5,5,23.8,4,No
CUST-00613,2024-08,Month-to-month,Standard,1,44.02,Yes,Paid Search,Midwest,16,16,39.6,0,No
CUST-00614,2025-06,Month-to-month,Premium,2,80.99,Yes,Sales-Assisted,West,6,6,62.4,0,No
CUST-00615,2024-02,Month-to-month,Basic,1,18.88,No,Sales-Assisted,Northeast,14,22,61.1,0,Yes
CUST-00616,2023-11,Two year,Basic,0,15.17,Yes,Paid Search,South,25,25,91.4,0,No
CUST-00617,2023-11,Two year,Basic,1,23.14,Yes,Paid Search,Midwest,25,25,86.4,0,No
CUST-00618,2025-04,Month-to-month,Standard,2,49.39,Yes,Referral,Northeast,8,8,46.8,0,No
CUST-00619,2024-11,Month-to-month,Standard,0,31.49,Yes,Organic,Midwest,2,13,58.2,1,Yes
CUST-00620,2023-12,Month-to-month,Basic,1,23.07,Yes,Organic,South,10,24,70.4,0,Yes
CUST-00621,2023-12,Two year,Basic,0,13.35,Yes,Organic,West,24,24,66.5,0,No
CUST-00622,2025-11,Month-to-month,Basic,0,14.31,No,Paid Search,South,1,1,17.5,0,No
CUST-00623,2024-04,Month-to-month,Standard,2,50.11,Yes,Paid Search,Midwest,3,20,83.9,0,Yes
CUST-00624,2025-10,Month-to-month,Standard,1,43.02,Yes,Sales-Assisted,Northeast,2,2,81.3,0,No
CUST-00625,2024-05,Two year,Basic,3,36.35,Yes,Referral,West,19,19,71.5,0,No
CUST-00626,2025-10,One year,Basic,2,28.55,Yes,Sales-Assisted,Northeast,2,2,78.1,0,No
CUST-00627,2024-07,One year,Basic,1,29.15,No,Paid Search,South,1,17,72.0,0,Yes
CUST-00628,2023-08,One year,Standard,2,53.32,Yes,Referral,West,28,28,61.3,0,No
CUST-00629,2024-12,One year,Basic,0,14.16,Yes,Paid Search,Midwest,12,12,67.8,0,No
CUST-00630,2023-12,Month-to-month,Basic,0,15.84,Yes,Paid Search,Northeast,2,24,96.5,0,Yes
CUST-00631,2025-03,Month-to-month,Basic,2,32.25,No,Organic,South,9,9,83.3,0,No
CUST-00632,2025-11,Month-to-month,Standard,0,35.12,Yes,Sales-Assisted,Northeast,1,1,27.1,0,No
CUST-00633,2024-08,One year,Basic,0,15.33,Yes,Paid Search,Northeast,12,16,64.7,0,Yes
CUST-00634,2023-08,One year,Standard,1,42.99,Yes,Referral,Midwest,28,28,56.8,0,No
CUST-00635,2024-03,Two year,Standard,4,64.65,Yes,Paid Search,Northeast,21,21,73.4,0,No
CUST-00636,2025-05,Two year,Basic,3,39.2,No,Referral,Northeast,7,7,78.2,0,No
CUST-00637,2025-04,Month-to-month,Basic,4,46.93,No,Paid Search,Northeast,2,8,36.8,0,Yes
CUST-00638,2025-04,One year,Premium,0,63.83,No,Paid Search,Midwest,8,8,65.0,0,No
CUST-00639,2024-07,Month-to-month,Basic,1,16.86,Yes,Sales-Assisted,West,10,17,82.1,0,Yes
CUST-00640,2024-07,Month-to-month,Basic,0,13.77,Yes,Referral,South,2,17,86.8,0,Yes
CUST-00641,2024-06,One year,Basic,1,21.3,Yes,Referral,South,18,18,77.6,0,No
CUST-00642,2025-06,Month-to-month,Standard,0,32.55,Yes,Referral,Northeast,3,6,65.5,0,Yes
CUST-00643,2024-02,Month-to-month,Standard,0,34.03,Yes,Sales-Assisted,South,2,22,52.7,2,Yes
CUST-00644,2023-07,Month-to-month,Standard,1,41.87,No,Sales-Assisted,Northeast,1,29,67.0,0,Yes
CUST-00645,2025-06,Two year,Premium,0,66.53,Yes,Organic,Northeast,6,6,59.1,1,No
CUST-00646,2025-01,One year,Premium,3,86.52,Yes,Referral,South,3,11,59.2,0,Yes
CUST-00647,2024-10,Two year,Premium,0,61.78,Yes,Referral,South,14,14,70.4,0,No
CUST-00648,2024-07,Month-to-month,Standard,0,37.83,Yes,Paid Search,West,17,17,75.6,0,No
CUST-00649,2023-10,Month-to-month,Basic,2,29.86,No,Sales-Assisted,South,6,26,66.0,0,Yes
CUST-00650,2024-07,Month-to-month,Standard,2,50.45,No,Organic,South,1,17,51.7,0,Yes
CUST-00651,2023-07,One year,Standard,0,33.39,Yes,Referral,Midwest,29,29,73.8,0,No
CUST-00652,2025-03,Month-to-month,Premium,1,76.04,Yes,Organic,Midwest,9,9,44.7,1,Yes
CUST-00653,2024-04,One year,Basic,0,13.9,Yes,Organic,West,7,20,64.3,0,Yes
CUST-00654,2024-02,Two year,Standard,3,61.93,Yes,Organic,South,22,22,69.5,0,No
CUST-00655,2023-11,Two year,Basic,2,32.37,Yes,Referral,South,25,25,80.8,0,No
CUST-00656,2023-07,Two year,Standard,0,32.89,Yes,Organic,Midwest,29,29,73.1,0,No
CUST-00657,2024-10,Month-to-month,Standard,1,42.0,Yes,Sales-Assisted,South,6,14,45.1,0,Yes
CUST-00658,2024-06,One year,Premium,0,63.55,Yes,Paid Search,South,18,18,42.1,0,No
CUST-00659,2024-02,Two year,Standard,0,36.8,Yes,Organic,West,22,22,58.1,2,No
CUST-00660,2025-09,One year,Basic,0,16.48,Yes,Sales-Assisted,Northeast,1,3,78.3,0,Yes
CUST-00661,2024-02,One year,Standard,1,41.0,No,Paid Search,Midwest,6,22,55.0,0,Yes
CUST-00662,2023-12,Month-to-month,Standard,1,45.97,Yes,Paid Search,South,21,24,54.1,0,Yes
CUST-00663,2024-07,Month-to-month,Standard,1,42.2,No,Organic,Northeast,1,17,86.0,0,Yes
CUST-00664,2024-04,Two year,Standard,2,50.89,Yes,Organic,South,20,20,50.4,0,No
CUST-00665,2023-12,Month-to-month,Standard,0,36.8,No,Referral,West,24,24,60.9,0,No
CUST-00666,2024-09,Month-to-month,Basic,0,13.51,No,Organic,Midwest,2,15,54.8,0,Yes
CUST-00667,2025-09,Month-to-month,Premium,0,64.33,Yes,Referral,Northeast,3,3,66.5,0,No
CUST-00668,2024-05,One year,Premium,1,75.8,Yes,Organic,Northeast,19,19,65.0,1,No
CUST-00669,2024-06,Month-to-month,Standard,0,35.45,Yes,Paid Search,West,10,18,41.8,1,Yes
CUST-00670,2025-04,Month-to-month,Premium,1,75.66,No,Organic,Midwest,7,8,68.4,0,Yes
CUST-00671,2024-11,Month-to-month,Standard,2,50.67,No,Organic,Northeast,13,13,67.3,0,No
CUST-00672,2025-03,One year,Standard,0,35.05,Yes,Organic,West,9,9,44.8,0,No
CUST-00673,2025-08,One year,Premium,1,75.3,Yes,Paid Search,West,4,4,53.8,0,No
CUST-00674,2024-09,Month-to-month,Standard,1,44.75,No,Referral,Northeast,7,15,43.4,0,Yes
CUST-00675,2024-11,Two year,Standard,2,52.29,Yes,Organic,South,13,13,92.3,0,No
CUST-00676,2025-10,One year,Standard,0,37.16,Yes,Paid Search,Northeast,2,2,46.3,0,No
CUST-00677,2025-03,One year,Standard,1,45.37,No,Organic,South,9,9,54.9,0,No
CUST-00678,2024-06,One year,Premium,2,79.67,Yes,Paid Search,South,18,18,57.5,1,No
CUST-00679,2025-10,Month-to-month,Premium,0,68.43,Yes,Paid Search,West,2,2,78.4,0,No
CUST-00680,2025-06,Month-to-month,Basic,0,17.44,Yes,Paid Search,West,6,6,80.0,1,No
CUST-00681,2025-04,Two year,Basic,0,14.26,Yes,Paid Search,South,8,8,52.5,0,No
CUST-00682,2025-04,Month-to-month,Standard,2,54.79,Yes,Referral,Midwest,4,8,64.5,0,Yes
CUST-00683,2023-07,Month-to-month,Basic,1,22.93,Yes,Referral,Northeast,29,29,66.0,0,No
CUST-00684,2023-09,Two year,Premium,1,73.29,Yes,Paid Search,West,24,27,62.9,0,Yes
CUST-00685,2025-02,One year,Basic,2,31.49,Yes,Referral,Northeast,10,10,60.1,0,No
CUST-00686,2024-06,Month-to-month,Basic,0,14.41,No,Organic,West,1,18,90.2,0,Yes
CUST-00687,2024-11,Month-to-month,Basic,1,25.18,Yes,Paid Search,Midwest,2,13,14.8,2,Yes
CUST-00688,2025-04,Two year,Basic,4,47.3,Yes,Paid Search,Northeast,8,8,54.1,1,No
CUST-00689,2025-07,Month-to-month,Basic,3,38.06,Yes,Sales-Assisted,West,5,5,88.8,0,No
CUST-00690,2024-03,One year,Basic,3,37.65,Yes,Paid Search,South,21,21,22.2,1,No
CUST-00691,2024-03,One year,Basic,4,46.47,Yes,Paid Search,Northeast,21,21,51.7,0,No
CUST-00692,2023-07,One year,Standard,0,34.56,No,Sales-Assisted,Northeast,10,29,44.8,0,Yes
CUST-00693,2025-01,Month-to-month,Basic,1,22.26,Yes,Paid Search,Northeast,11,11,54.4,0,No
CUST-00694,2023-09,Two year,Standard,1,42.8,Yes,Organic,South,27,27,70.6,0,No
CUST-00695,2023-09,Month-to-month,Premium,0,65.09,Yes,Referral,West,17,27,79.1,0,Yes
CUST-00696,2023-12,Two year,Standard,2,51.12,Yes,Organic,Midwest,24,24,79.6,0,No
CUST-00697,2023-12,One year,Standard,3,62.04,Yes,Organic,Midwest,24,24,87.7,1,No
CUST-00698,2025-02,Month-to-month,Standard,3,56.49,No,Organic,West,10,10,65.7,0,No
CUST-00699,2024-06,Month-to-month,Standard,1,43.43,No,Organic,Northeast,1,18,83.5,0,Yes
CUST-00700,2024-07,One year,Premium,2,78.28,Yes,Paid Search,Northeast,17,17,88.4,0,No
CUST-00701,2024-11,Month-to-month,Standard,3,59.93,Yes,Organic,South,13,13,85.6,0,No
CUST-00702,2024-07,Month-to-month,Basic,1,25.31,Yes,Organic,Northeast,15,17,59.2,1,Yes
CUST-00703,2024-11,One year,Basic,0,13.26,Yes,Referral,West,2,13,27.4,1,Yes
CUST-00704,2025-09,Two year,Basic,2,32.75,Yes,Referral,West,3,3,78.4,0,No
CUST-00705,2024-11,Month-to-month,Standard,0,34.15,Yes,Paid Search,Northeast,13,13,48.8,1,No
CUST-00706,2024-03,Month-to-month,Standard,1,45.38,Yes,Organic,South,4,21,77.2,0,Yes
CUST-00707,2023-11,Two year,Premium,2,80.76,Yes,Paid Search,West,25,25,51.4,1,No
CUST-00708,2024-08,One year,Premium,4,95.97,Yes,Organic,West,16,16,80.3,0,No
CUST-00709,2025-11,Month-to-month,Standard,2,51.53,No,Referral,South,1,1,75.8,0,No
CUST-00710,2024-08,Month-to-month,Standard,0,33.89,Yes,Sales-Assisted,Northeast,16,16,54.6,0,No
CUST-00711,2025-01,Month-to-month,Standard,2,51.35,Yes,Paid Search,Northeast,5,11,59.1,0,Yes
CUST-00712,2024-02,Month-to-month,Standard,1,42.15,Yes,Paid Search,Midwest,8,22,94.4,0,Yes
CUST-00713,2024-04,Month-to-month,Basic,3,36.75,No,Referral,West,2,20,78.6,0,Yes
CUST-00714,2025-09,Month-to-month,Standard,2,51.32,No,Paid Search,West,3,3,59.8,1,No
CUST-00715,2023-08,Month-to-month,Basic,1,21.65,Yes,Paid Search,West,4,28,56.1,0,Yes
CUST-00716,2025-05,Month-to-month,Basic,1,24.08,Yes,Sales-Assisted,Midwest,7,7,41.3,0,No
CUST-00717,2024-08,Month-to-month,Standard,1,38.49,No,Sales-Assisted,South,1,16,56.2,0,Yes
CUST-00718,2023-07,Month-to-month,Standard,0,35.98,Yes,Referral,West,14,29,54.0,2,Yes
CUST-00719,2025-09,Month-to-month,Standard,0,38.16,Yes,Paid Search,South,1,3,61.5,0,Yes
CUST-00720,2025-03,One year,Standard,0,36.8,Yes,Sales-Assisted,South,9,9,75.8,0,No
CUST-00721,2023-12,Month-to-month,Standard,1,41.82,No,Organic,Northeast,8,24,91.7,0,Yes
CUST-00722,2025-04,One year,Basic,2,35.52,Yes,Referral,Northeast,8,8,66.2,0,No
CUST-00723,2024-05,Month-to-month,Premium,3,87.52,Yes,Referral,Northeast,2,19,45.6,0,Yes
CUST-00724,2025-09,Two year,Basic,1,22.15,Yes,Organic,Midwest,3,3,50.2,1,No
CUST-00725,2025-07,One year,Standard,1,40.03,Yes,Organic,West,5,5,75.8,0,No
CUST-00726,2025-02,One year,Basic,0,15.71,No,Paid Search,Midwest,10,10,83.6,1,No
CUST-00727,2024-09,Month-to-month,Premium,0,67.41,No,Organic,West,3,15,58.3,1,Yes
CUST-00728,2024-07,Month-to-month,Basic,0,15.52,No,Organic,Midwest,17,17,48.9,1,No
CUST-00729,2024-10,Month-to-month,Standard,1,42.39,Yes,Referral,South,1,14,52.8,0,Yes
CUST-00730,2025-10,Month-to-month,Premium,1,73.9,Yes,Paid Search,South,2,2,63.3,0,No
CUST-00731,2024-07,Month-to-month,Standard,2,54.66,Yes,Organic,Northeast,17,17,86.4,0,No
CUST-00732,2025-03,Month-to-month,Standard,0,34.33,Yes,Organic,Northeast,9,9,48.0,3,No
CUST-00733,2024-11,Two year,Basic,2,29.78,No,Paid Search,Midwest,13,13,60.0,0,No
CUST-00734,2025-04,One year,Basic,4,48.79,Yes,Organic,West,8,8,43.3,1,No
CUST-00735,2025-11,Month-to-month,Basic,1,24.28,Yes,Organic,South,1,1,74.8,0,No
CUST-00736,2025-07,Month-to-month,Standard,2,51.84,Yes,Paid Search,South,5,5,44.0,0,Yes
CUST-00737,2025-01,Month-to-month,Premium,1,75.26,Yes,Paid Search,Northeast,11,11,72.5,1,No
CUST-00738,2024-01,Month-to-month,Basic,0,17.46,Yes,Paid Search,Midwest,18,23,84.0,0,Yes
CUST-00739,2023-12,Month-to-month,Premium,0,65.4,Yes,Sales-Assisted,Northeast,4,24,66.6,0,Yes
CUST-00740,2023-08,Month-to-month,Premium,0,67.93,No,Organic,South,6,28,52.1,0,Yes
CUST-00741,2025-03,Two year,Basic,1,23.57,No,Referral,Northeast,9,9,59.2,0,No
CUST-00742,2023-09,One year,Basic,1,24.02,Yes,Paid Search,Northeast,18,27,60.7,0,Yes
CUST-00743,2024-11,Two year,Standard,1,40.53,Yes,Referral,Northeast,13,13,73.4,0,No
CUST-00744,2024-11,Two year,Premium,0,66.53,Yes,Organic,West,13,13,54.9,1,No
CUST-00745,2025-05,One year,Standard,2,54.21,Yes,Paid Search,Midwest,7,7,89.2,1,No
CUST-00746,2025-10,Month-to-month,Basic,0,19.01,Yes,Referral,West,2,2,54.2,1,No
CUST-00747,2024-01,Two year,Basic,2,31.39,Yes,Organic,South,23,23,56.6,1,No
CUST-00748,2025-01,Month-to-month,Basic,0,17.41,Yes,Paid Search,Northeast,8,11,63.8,0,Yes
CUST-00749,2024-04,Two year,Premium,1,74.66,Yes,Organic,West,20,20,80.9,0,No
CUST-00750,2024-08,Month-to-month,Standard,1,41.2,No,Organic,South,16,16,84.8,0,No
CUST-00751,2024-10,Month-to-month,Standard,3,61.34,Yes,Organic,West,4,14,58.8,0,Yes
CUST-00752,2024-12,One year,Premium,0,68.33,Yes,Paid Search,South,12,12,60.9,0,No
CUST-00753,2025-08,Month-to-month,Basic,4,46.25,Yes,Organic,Midwest,2,4,60.0,0,Yes
CUST-00754,2024-02,Month-to-month,Standard,0,30.33,Yes,Organic,South,4,22,58.3,0,Yes
CUST-00755,2023-10,Month-to-month,Basic,0,15.12,No,Referral,Northeast,26,26,83.3,0,No
CUST-00756,2024-02,One year,Standard,1,43.2,No,Sales-Assisted,West,22,22,79.1,0,No
CUST-00757,2024-10,Month-to-month,Basic,0,15.66,No,Referral,Midwest,5,14,26.0,0,Yes
CUST-00758,2023-09,One year,Standard,2,50.68,No,Referral,West,16,27,82.0,0,Yes
CUST-00759,2023-07,Month-to-month,Basic,4,47.19,Yes,Sales-Assisted,South,20,29,50.5,1,Yes
CUST-00760,2024-10,Month-to-month,Standard,0,34.24,Yes,Referral,South,1,14,73.5,0,Yes
CUST-00761,2025-08,One year,Standard,1,46.37,Yes,Referral,West,4,4,64.9,0,No
CUST-00762,2025-05,One year,Standard,0,35.53,Yes,Paid Search,Midwest,7,7,60.9,0,No
CUST-00763,2024-04,Month-to-month,Basic,2,31.01,Yes,Organic,Midwest,2,20,97.3,0,Yes
CUST-00764,2023-09,One year,Basic,1,25.32,No,Organic,West,27,27,82.2,0,No
CUST-00765,2024-10,One year,Basic,1,24.02,Yes,Sales-Assisted,Northeast,14,14,86.4,0,No
CUST-00766,2023-10,Month-to-month,Standard,1,45.19,No,Organic,South,26,26,55.2,0,No
CUST-00767,2025-08,Month-to-month,Standard,2,51.0,No,Sales-Assisted,Northeast,4,4,53.9,0,No
CUST-00768,2025-08,One year,Basic,1,20.51,Yes,Sales-Assisted,Midwest,4,4,76.6,0,No
CUST-00769,2024-10,One year,Basic,0,17.74,No,Organic,South,14,14,73.5,0,No
CUST-00770,2025-05,One year,Basic,0,13.88,Yes,Sales-Assisted,Midwest,7,7,24.3,1,No
CUST-00771,2025-03,Month-to-month,Basic,0,14.62,Yes,Paid Search,South,9,9,80.5,0,No
CUST-00772,2024-04,Month-to-month,Premium,0,63.91,Yes,Organic,Midwest,3,20,44.5,0,Yes
CUST-00773,2023-08,One year,Standard,1,43.0,No,Paid Search,Midwest,28,28,65.2,0,No
CUST-00774,2023-12,Month-to-month,Standard,3,57.88,No,Organic,West,24,24,76.6,0,No
CUST-00775,2025-04,Month-to-month,Standard,1,42.09,Yes,Paid Search,Midwest,3,8,72.1,0,Yes
CUST-00776,2023-08,Month-to-month,Premium,1,71.25,No,Organic,West,3,28,83.0,0,Yes
CUST-00777,2025-11,Month-to-month,Basic,4,46.6,No,Organic,Northeast,1,1,77.4,0,No
CUST-00778,2025-11,Month-to-month,Standard,0,35.2,No,Sales-Assisted,Northeast,1,1,52.4,1,No
CUST-00779,2023-11,One year,Basic,0,14.36,Yes,Paid Search,Midwest,9,25,54.9,0,Yes
CUST-00780,2025-06,Two year,Basic,0,13.22,Yes,Paid Search,Northeast,6,6,91.1,1,No
CUST-00781,2023-12,Month-to-month,Premium,0,64.23,Yes,Referral,Midwest,21,24,81.8,1,Yes
CUST-00782,2024-11,Month-to-month,Basic,1,23.9,Yes,Referral,Northeast,1,13,79.8,0,Yes
CUST-00783,2024-07,Month-to-month,Basic,1,22.17,No,Sales-Assisted,West,2,17,41.0,0,Yes
CUST-00784,2024-08,Month-to-month,Basic,1,24.2,Yes,Sales-Assisted,West,16,16,79.1,0,No
CUST-00785,2024-07,Month-to-month,Standard,1,41.57,Yes,Organic,Northeast,17,17,69.1,0,No
CUST-00786,2024-01,Month-to-month,Basic,0,16.67,Yes,Referral,Northeast,3,23,71.9,0,Yes
CUST-00787,2024-03,Two year,Standard,0,36.28,Yes,Referral,South,21,21,67.7,0,No
CUST-00788,2024-07,Month-to-month,Basic,1,20.27,Yes,Organic,Northeast,10,17,31.1,2,Yes
CUST-00789,2023-11,Two year,Standard,4,69.15,Yes,Organic,West,25,25,43.7,2,No
CUST-00790,2024-08,Month-to-month,Standard,0,34.99,No,Organic,Midwest,16,16,59.0,0,No
CUST-00791,2025-09,Month-to-month,Premium,1,76.07,No,Referral,South,3,3,82.0,0,No
CUST-00792,2025-05,One year,Premium,1,73.84,No,Paid Search,Northeast,7,7,44.7,1,No
CUST-00793,2025-11,Month-to-month,Basic,4,51.44,Yes,Paid Search,Midwest,1,1,74.3,0,No
CUST-00794,2024-05,Month-to-month,Basic,4,46.76,No,Paid Search,West,11,19,86.5,0,Yes
CUST-00795,2025-04,Month-to-month,Standard,0,38.51,Yes,Organic,South,8,8,81.2,1,No
CUST-00796,2024-07,One year,Premium,2,82.01,Yes,Organic,Northeast,17,17,68.1,1,No
CUST-00797,2025-09,Month-to-month,Standard,2,54.83,No,Sales-Assisted,Midwest,3,3,66.1,1,No
CUST-00798,2023-08,Month-to-month,Basic,0,10.75,No,Organic,West,28,28,64.5,0,No
CUST-00799,2023-12,Month-to-month,Standard,1,39.87,Yes,Organic,West,24,24,85.7,0,No
CUST-00800,2025-06,Month-to-month,Premium,0,65.65,Yes,Organic,Northeast,6,6,58.8,0,No
CUST-00801,2024-07,Month-to-month,Standard,1,41.04,Yes,Sales-Assisted,West,17,17,73.1,0,No
CUST-00802,2025-08,Month-to-month,Standard,1,43.08,Yes,Referral,West,4,4,59.2,0,Yes
CUST-00803,2024-03,Month-to-month,Standard,1,39.2,Yes,Sales-Assisted,Midwest,21,21,56.6,0,No
CUST-00804,2025-01,One year,Basic,1,22.21,Yes,Paid Search,South,11,11,98.3,0,No
CUST-00805,2024-07,One year,Standard,1,40.75,No,Sales-Assisted,West,4,17,30.0,0,Yes
CUST-00806,2025-02,Month-to-month,Basic,2,27.97,No,Sales-Assisted,South,1,10,60.1,0,Yes
CUST-00807,2024-08,One year,Basic,2,31.17,Yes,Organic,South,16,16,49.8,0,No
CUST-00808,2024-10,One year,Premium,0,67.12,Yes,Paid Search,Northeast,7,14,45.5,1,Yes
CUST-00809,2025-01,Two year,Basic,1,22.11,Yes,Paid Search,West,11,11,37.7,1,No
CUST-00810,2025-07,Month-to-month,Standard,0,33.67,Yes,Sales-Assisted,Midwest,5,5,76.7,0,No
CUST-00811,2025-05,Month-to-month,Premium,1,75.98,Yes,Organic,Midwest,5,7,25.5,2,Yes
CUST-00812,2024-03,Month-to-month,Premium,0,66.48,No,Organic,Northeast,13,21,91.2,0,Yes
CUST-00813,2023-10,One year,Basic,1,22.14,Yes,Paid Search,West,26,26,69.3,0,No
CUST-00814,2023-12,Month-to-month,Premium,0,66.59,Yes,Paid Search,Northeast,24,24,41.5,1,No
CUST-00815,2024-06,Month-to-month,Basic,0,16.29,Yes,Organic,South,18,18,73.5,1,No
CUST-00816,2025-11,Two year,Basic,2,29.18,Yes,Organic,Northeast,1,1,66.1,0,No
CUST-00817,2023-12,Two year,Premium,1,74.51,Yes,Organic,South,24,24,92.3,0,No
CUST-00818,2023-09,Month-to-month,Premium,0,61.62,No,Paid Search,South,1,27,88.8,0,Yes
CUST-00819,2025-03,Month-to-month,Basic,2,30.03,No,Paid Search,South,9,9,86.7,0,No
CUST-00820,2025-09,Two year,Standard,2,53.15,Yes,Organic,Northeast,3,3,68.8,0,No
CUST-00821,2025-05,Two year,Basic,1,22.78,Yes,Sales-Assisted,Northeast,7,7,92.1,0,No
CUST-00822,2025-03,Month-to-month,Basic,0,11.33,No,Referral,South,9,9,66.6,0,No
CUST-00823,2025-01,Month-to-month,Premium,0,65.88,Yes,Paid Search,West,3,11,60.3,0,Yes
CUST-00824,2024-09,Two year,Premium,0,64.4,No,Organic,Midwest,15,15,62.4,1,No
CUST-00825,2025-02,One year,Standard,3,59.12,Yes,Sales-Assisted,South,10,10,70.5,1,No
CUST-00826,2024-11,Two year,Premium,1,73.71,Yes,Referral,Northeast,11,13,84.6,0,Yes
CUST-00827,2025-01,Month-to-month,Standard,0,35.08,Yes,Paid Search,Midwest,1,11,72.7,0,Yes
CUST-00828,2025-05,Month-to-month,Premium,3,89.29,Yes,Organic,Northeast,7,7,34.6,0,No
CUST-00829,2024-06,One year,Basic,0,13.72,Yes,Referral,Northeast,18,18,25.1,4,No
CUST-00830,2024-02,Two year,Basic,4,48.62,Yes,Referral,South,22,22,48.7,1,No
CUST-00831,2024-06,One year,Standard,0,36.83,Yes,Referral,West,18,18,64.6,0,No
CUST-00832,2023-11,Month-to-month,Standard,0,36.04,Yes,Organic,South,25,25,52.6,0,No
CUST-00833,2025-07,Two year,Basic,0,11.6,Yes,Organic,Midwest,5,5,87.5,0,No
CUST-00834,2025-05,Two year,Standard,0,33.55,Yes,Paid Search,Midwest,7,7,53.9,0,No
CUST-00835,2025-07,Month-to-month,Standard,2,51.39,Yes,Referral,South,5,5,89.4,0,No
CUST-00836,2025-07,Month-to-month,Standard,3,58.74,Yes,Paid Search,Midwest,3,5,34.0,1,Yes
CUST-00837,2025-03,One year,Basic,1,23.15,Yes,Paid Search,Midwest,9,9,46.2,0,No
CUST-00838,2024-08,Two year,Premium,0,63.86,Yes,Organic,Northeast,16,16,70.3,0,No
CUST-00839,2025-05,Month-to-month,Basic,0,13.4,Yes,Paid Search,Midwest,7,7,78.8,0,No
CUST-00840,2025-07,Month-to-month,Standard,2,49.31,No,Sales-Assisted,South,5,5,62.2,0,No
CUST-00841,2025-11,One year,Standard,2,52.23,No,Referral,South,1,1,87.8,0,Yes
CUST-00842,2023-08,Month-to-month,Standard,0,33.98,Yes,Organic,West,10,28,45.5,1,Yes
CUST-00843,2025-02,One year,Basic,1,25.42,Yes,Organic,West,10,10,53.6,1,No
CUST-00844,2023-11,Month-to-month,Standard,2,51.23,Yes,Paid Search,West,19,25,60.9,0,Yes
CUST-00845,2024-06,One year,Basic,2,30.66,No,Organic,Midwest,18,18,50.7,0,No
CUST-00846,2023-11,One year,Basic,0,11.91,Yes,Paid Search,Northeast,12,25,86.3,0,Yes
CUST-00847,2025-11,Month-to-month,Standard,1,42.91,No,Organic,Northeast,1,1,38.3,0,No
CUST-00848,2024-12,Month-to-month,Basic,1,28.86,Yes,Organic,West,12,12,81.6,1,No
CUST-00849,2024-01,One year,Basic,1,19.76,Yes,Referral,West,4,23,59.3,0,Yes
CUST-00850,2024-01,One year,Basic,0,12.12,No,Paid Search,Northeast,23,23,78.8,0,No
CUST-00851,2025-06,Two year,Premium,2,81.27,Yes,Sales-Assisted,Midwest,6,6,63.4,0,No
CUST-00852,2024-12,Two year,Basic,0,15.46,No,Organic,West,12,12,75.9,0,No
CUST-00853,2023-08,Month-to-month,Basic,3,43.06,Yes,Paid Search,Midwest,11,28,69.2,1,Yes
CUST-00854,2024-10,One year,Premium,0,62.79,No,Referral,West,14,14,24.6,0,No
CUST-00855,2024-01,Two year,Basic,0,16.91,Yes,Paid Search,Northeast,23,23,51.7,0,No
CUST-00856,2025-08,One year,Standard,0,34.92,No,Sales-Assisted,West,4,4,75.3,0,No
CUST-00857,2024-04,Month-to-month,Basic,1,20.19,Yes,Paid Search,Northeast,1,20,75.0,0,Yes
CUST-00858,2025-10,One year,Standard,1,41.55,Yes,Referral,West,2,2,59.3,0,No
CUST-00859,2024-04,Two year,Standard,4,65.77,Yes,Paid Search,Midwest,20,20,58.6,0,No
CUST-00860,2024-04,Month-to-month,Basic,2,28.26,Yes,Paid Search,South,20,20,43.9,0,No
CUST-00861,2025-06,Two year,Basic,0,13.76,Yes,Organic,South,6,6,37.6,0,No
CUST-00862,2025-06,Two year,Standard,0,35.34,No,Paid Search,Midwest,6,6,65.1,0,No
CUST-00863,2025-04,One year,Standard,1,44.85,Yes,Organic,South,8,8,50.7,0,No
CUST-00864,2023-08,Month-to-month,Premium,2,85.0,No,Paid Search,West,12,28,54.0,1,Yes
CUST-00865,2023-08,Month-to-month,Basic,0,12.7,No,Sales-Assisted,Northeast,28,28,42.1,3,No
CUST-00866,2024-07,Two year,Premium,2,80.95,Yes,Organic,West,17,17,69.4,0,No
CUST-00867,2023-09,Two year,Standard,2,51.01,Yes,Referral,Midwest,27,27,72.5,0,No
CUST-00868,2024-07,Month-to-month,Basic,4,49.93,Yes,Paid Search,Midwest,3,17,81.2,0,Yes
CUST-00869,2024-06,Two year,Standard,4,64.98,Yes,Sales-Assisted,West,18,18,16.9,3,No
CUST-00870,2023-10,One year,Premium,2,81.06,No,Paid Search,Northeast,12,26,44.6,1,Yes
CUST-00871,2025-01,Month-to-month,Standard,0,34.02,Yes,Referral,South,3,11,82.3,0,Yes
CUST-00872,2025-03,One year,Premium,1,73.08,No,Referral,Midwest,7,9,57.7,0,Yes
CUST-00873,2024-06,Month-to-month,Standard,3,59.06,Yes,Paid Search,South,18,18,53.6,0,No
CUST-00874,2025-11,Month-to-month,Basic,1,23.09,No,Organic,Midwest,1,1,43.2,0,No
CUST-00875,2025-01,Month-to-month,Premium,2,83.38,Yes,Paid Search,South,6,11,18.1,0,Yes
CUST-00876,2025-05,Month-to-month,Standard,0,36.83,Yes,Referral,West,2,7,94.2,0,Yes
CUST-00877,2025-11,Two year,Premium,0,65.61,Yes,Referral,Midwest,1,1,79.0,0,No
CUST-00878,2024-10,Month-to-month,Premium,1,78.72,Yes,Sales-Assisted,Northeast,3,14,45.1,1,Yes
CUST-00879,2024-08,One year,Basic,1,27.23,Yes,Organic,Midwest,16,16,63.1,0,No
CUST-00880,2025-07,One year,Standard,2,55.18,Yes,Sales-Assisted,South,5,5,45.3,1,No
CUST-00881,2024-07,Month-to-month,Standard,1,42.23,Yes,Paid Search,Northeast,9,17,73.7,0,Yes
CUST-00882,2025-03,One year,Basic,2,30.5,Yes,Sales-Assisted,Northeast,1,9,68.2,0,Yes
CUST-00883,2025-07,Month-to-month,Basic,0,19.92,No,Paid Search,West,1,5,54.8,1,Yes
CUST-00884,2024-02,Month-to-month,Premium,0,62.65,Yes,Organic,West,4,22,83.3,0,Yes
CUST-00885,2024-10,One year,Standard,2,51.62,Yes,Sales-Assisted,Northeast,14,14,37.7,1,No
CUST-00886,2025-01,Month-to-month,Standard,4,66.78,Yes,Paid Search,South,11,11,55.5,0,No
CUST-00887,2023-08,One year,Basic,4,50.68,Yes,Organic,Northeast,28,28,76.3,0,No
CUST-00888,2025-02,Month-to-month,Premium,3,90.29,Yes,Organic,South,10,10,32.9,0,No
CUST-00889,2023-11,Month-to-month,Basic,1,22.7,Yes,Sales-Assisted,Midwest,1,25,66.9,0,Yes
CUST-00890,2025-05,One year,Premium,0,66.07,No,Organic,South,7,7,82.3,0,No
CUST-00891,2024-05,One year,Standard,2,49.6,Yes,Paid Search,Midwest,7,19,78.0,0,Yes
CUST-00892,2024-08,Month-to-month,Standard,0,36.27,No,Paid Search,Midwest,16,16,68.4,0,No
CUST-00893,2025-07,Month-to-month,Basic,1,23.07,Yes,Referral,West,5,5,97.2,0,No
CUST-00894,2023-07,Two year,Standard,1,43.46,Yes,Organic,South,29,29,70.5,0,No
CUST-00895,2023-07,Month-to-month,Premium,0,64.02,Yes,Paid Search,West,29,29,57.6,1,No
CUST-00896,2025-07,Month-to-month,Basic,0,18.53,No,Sales-Assisted,Midwest,3,5,72.2,0,Yes
CUST-00897,2025-01,Month-to-month,Basic,3,37.2,Yes,Referral,West,11,11,59.7,0,No
CUST-00898,2023-11,Month-to-month,Standard,2,49.45,Yes,Paid Search,Midwest,25,25,29.5,2,Yes
CUST-00899,2025-09,Month-to-month,Standard,1,43.69,Yes,Referral,West,1,3,34.6,0,Yes
CUST-00900,2024-01,Month-to-month,Standard,0,34.71,Yes,Referral,South,22,23,41.0,0,Yes
CUST-00901,2025-03,Two year,Basic,3,39.66,Yes,Referral,West,9,9,97.4,0,No
CUST-00902,2024-06,Two year,Standard,3,58.76,Yes,Referral,West,18,18,76.8,0,No
CUST-00903,2024-09,One year,Premium,2,83.91,Yes,Organic,South,15,15,58.6,0,No
CUST-00904,2024-08,Month-to-month,Standard,0,34.75,No,Organic,Northeast,16,16,59.4,0,No
CUST-00905,2025-03,Two year,Standard,0,34.79,Yes,Sales-Assisted,Northeast,9,9,98.6,0,No
CUST-00906,2024-08,Month-to-month,Standard,1,41.64,No,Paid Search,West,16,16,75.9,0,No
CUST-00907,2024-08,One year,Standard,2,52.28,No,Organic,Northeast,16,16,51.6,0,No
CUST-00908,2025-09,Two year,Basic,1,23.28,Yes,Paid Search,Northeast,3,3,55.6,1,No
CUST-00909,2024-02,Two year,Basic,0,16.28,Yes,Organic,Northeast,22,22,63.6,0,No
CUST-00910,2024-07,Two year,Basic,0,19.1,Yes,Paid Search,Northeast,17,17,64.0,0,No
CUST-00911,2024-10,Month-to-month,Standard,1,43.03,No,Organic,Northeast,14,14,71.9,0,No
CUST-00912,2023-07,Month-to-month,Standard,1,45.7,No,Sales-Assisted,Northeast,8,29,91.5,0,Yes
CUST-00913,2025-04,Two year,Standard,1,42.19,Yes,Organic,West,8,8,46.6,1,No
CUST-00914,2024-02,One year,Basic,1,21.44,Yes,Organic,Midwest,22,22,52.0,0,No
CUST-00915,2025-06,Month-to-month,Standard,1,44.22,No,Paid Search,South,6,6,89.3,0,No
CUST-00916,2024-10,Two year,Standard,2,54.03,Yes,Paid Search,West,14,14,77.1,0,No
CUST-00917,2023-10,Month-to-month,Basic,0,14.6,Yes,Paid Search,South,2,26,46.5,2,Yes
CUST-00918,2024-11,Month-to-month,Basic,3,38.55,Yes,Paid Search,West,13,13,73.1,1,No
CUST-00919,2024-11,Month-to-month,Basic,0,10.03,Yes,Paid Search,Midwest,12,13,46.1,1,Yes
CUST-00920,2023-10,Month-to-month,Standard,0,38.22,Yes,Referral,West,26,26,51.8,0,No
CUST-00921,2025-02,Two year,Standard,4,64.64,Yes,Referral,Midwest,5,10,52.4,0,Yes
CUST-00922,2025-11,One year,Basic,1,20.5,Yes,Referral,West,1,1,86.7,0,No
CUST-00923,2025-10,One year,Premium,0,65.33,No,Sales-Assisted,South,2,2,95.7,0,No
CUST-00924,2025-06,One year,Standard,0,36.41,Yes,Referral,Northeast,4,6,41.6,1,Yes
CUST-00925,2024-07,Month-to-month,Standard,2,52.38,Yes,Referral,West,17,17,50.7,1,No
CUST-00926,2023-08,One year,Basic,3,41.33,No,Organic,South,28,28,20.9,3,No
CUST-00927,2023-08,Month-to-month,Basic,1,24.88,Yes,Paid Search,West,8,28,56.9,1,Yes
CUST-00928,2024-05,Month-to-month,Standard,0,34.78,Yes,Organic,Northeast,7,19,47.4,0,Yes
CUST-00929,2025-03,Month-to-month,Premium,3,87.29,Yes,Paid Search,South,3,9,76.3,0,Yes
CUST-00930,2023-11,One year,Basic,1,20.16,Yes,Organic,South,24,25,96.2,0,Yes
CUST-00931,2025-01,Month-to-month,Standard,2,52.84,No,Paid Search,Midwest,5,11,67.0,1,Yes
CUST-00932,2024-08,Month-to-month,Basic,0,16.98,No,Referral,Northeast,15,16,89.1,0,Yes
CUST-00933,2023-12,One year,Basic,0,13.1,Yes,Organic,Northeast,24,24,76.2,0,No
CUST-00934,2025-10,Month-to-month,Basic,0,15.88,Yes,Organic,Northeast,2,2,81.0,0,No
CUST-00935,2024-08,Month-to-month,Standard,0,38.08,No,Paid Search,South,12,16,95.1,0,Yes
CUST-00936,2024-08,Month-to-month,Standard,3,58.37,Yes,Sales-Assisted,Midwest,16,16,63.2,0,No
CUST-00937,2025-04,Month-to-month,Standard,1,43.08,No,Organic,Northeast,4,8,70.2,0,Yes
CUST-00938,2024-05,One year,Basic,0,12.94,Yes,Organic,Northeast,10,19,69.5,0,Yes
CUST-00939,2024-03,One year,Basic,1,22.9,Yes,Organic,West,21,21,68.4,0,No
CUST-00940,2025-09,One year,Standard,1,43.84,Yes,Paid Search,West,3,3,99.7,0,No
CUST-00941,2023-08,One year,Standard,2,51.3,No,Paid Search,Northeast,28,28,49.9,3,No
CUST-00942,2024-10,One year,Standard,0,37.15,No,Referral,South,14,14,78.9,0,No
CUST-00943,2024-03,Month-to-month,Premium,1,76.07,Yes,Organic,West,18,21,93.0,0,Yes
CUST-00944,2023-08,Month-to-month,Standard,4,65.52,Yes,Paid Search,Northeast,1,28,92.1,0,Yes
CUST-00945,2023-11,Month-to-month,Premium,0,64.54,Yes,Paid Search,Midwest,6,25,50.3,1,Yes
CUST-00946,2025-10,Month-to-month,Standard,0,34.81,No,Referral,Northeast,2,2,67.7,0,No
CUST-00947,2024-09,Month-to-month,Standard,3,60.41,No,Organic,Northeast,7,15,74.2,0,Yes
CUST-00948,2025-10,One year,Basic,2,30.66,Yes,Organic,West,2,2,46.7,0,No
CUST-00949,2023-07,Month-to-month,Standard,0,34.0,Yes,Organic,South,29,29,79.5,0,No
CUST-00950,2025-09,One year,Standard,2,51.16,Yes,Paid Search,Northeast,3,3,59.7,0,No
CUST-00951,2025-08,Two year,Standard,0,37.88,Yes,Paid Search,Midwest,4,4,47.1,0,No
CUST-00952,2024-04,Month-to-month,Standard,0,33.08,Yes,Sales-Assisted,Midwest,20,20,38.7,0,No
CUST-00953,2024-12,Two year,Basic,0,14.1,Yes,Paid Search,Midwest,12,12,71.7,0,No
CUST-00954,2023-10,Month-to-month,Standard,4,67.51,No,Paid Search,South,3,26,53.8,0,Yes
CUST-00955,2025-03,Month-to-month,Standard,0,37.65,Yes,Organic,Midwest,9,9,60.9,0,No
CUST-00956,2025-07,Month-to-month,Basic,2,28.64,Yes,Referral,Midwest,5,5,75.1,0,No
CUST-00957,2024-09,Month-to-month,Standard,1,41.64,Yes,Organic,Northeast,6,15,53.1,1,Yes
CUST-00958,2023-11,Two year,Basic,0,13.55,Yes,Paid Search,Northeast,25,25,70.4,0,No
CUST-00959,2024-06,Month-to-month,Basic,0,13.47,Yes,Sales-Assisted,Midwest,2,18,65.0,0,Yes
CUST-00960,2025-05,Month-to-month,Standard,4,63.69,Yes,Organic,South,1,7,96.4,0,Yes
CUST-00961,2024-02,Two year,Standard,0,35.08,Yes,Referral,Northeast,8,22,78.9,0,Yes
CUST-00962,2024-08,Month-to-month,Standard,0,39.56,Yes,Paid Search,South,15,16,52.2,0,Yes
CUST-00963,2024-05,Month-to-month,Premium,1,68.82,No,Referral,South,5,19,46.4,0,Yes
CUST-00964,2024-01,Month-to-month,Basic,0,15.1,No,Organic,Northeast,12,23,77.4,0,Yes
CUST-00965,2024-02,One year,Premium,0,65.63,Yes,Organic,Northeast,4,22,98.4,0,Yes
CUST-00966,2025-08,Month-to-month,Premium,0,64.09,Yes,Sales-Assisted,Northeast,4,4,85.3,0,No
CUST-00967,2025-09,Month-to-month,Basic,2,32.73,No,Sales-Assisted,Northeast,3,3,92.9,0,No
CUST-00968,2024-10,Month-to-month,Basic,1,23.89,No,Sales-Assisted,Midwest,3,14,45.1,0,Yes
CUST-00969,2024-12,Month-to-month,Premium,3,90.03,No,Referral,West,12,12,58.3,1,No
CUST-00970,2023-10,One year,Premium,3,87.46,Yes,Organic,Midwest,26,26,72.4,0,No
CUST-00971,2025-06,Month-to-month,Basic,0,17.1,No,Paid Search,Northeast,6,6,96.5,0,No
CUST-00972,2025-01,Month-to-month,Basic,1,22.34,No,Referral,Midwest,10,11,56.2,1,Yes
CUST-00973,2025-05,Month-to-month,Basic,0,20.03,Yes,Paid Search,West,1,7,67.6,0,Yes
CUST-00974,2023-12,One year,Basic,4,48.11,Yes,Referral,South,24,24,52.8,1,No
CUST-00975,2025-02,Month-to-month,Premium,3,89.26,Yes,Referral,West,10,10,51.2,0,No
CUST-00976,2024-10,One year,Basic,0,19.11,Yes,Paid Search,Midwest,14,14,61.5,0,No
CUST-00977,2024-01,Month-to-month,Basic,2,27.39,Yes,Referral,Northeast,2,23,46.8,0,Yes
CUST-00978,2023-08,Month-to-month,Basic,0,15.46,No,Paid Search,West,28,28,60.9,1,No
CUST-00979,2025-08,One year,Basic,0,15.01,Yes,Sales-Assisted,Midwest,4,4,68.9,1,No
CUST-00980,2024-12,Two year,Premium,0,66.32,Yes,Paid Search,West,12,12,62.4,0,No
CUST-00981,2023-12,Two year,Premium,2,79.28,No,Referral,Northeast,24,24,67.6,0,Yes
CUST-00982,2023-12,One year,Standard,1,42.57,Yes,Organic,West,24,24,72.0,0,No
CUST-00983,2023-12,Month-to-month,Premium,1,71.15,Yes,Referral,Midwest,7,24,83.8,0,Yes
CUST-00984,2025-09,Month-to-month,Standard,2,50.78,Yes,Referral,West,3,3,87.5,0,No
CUST-00985,2024-04,One year,Standard,2,53.22,Yes,Referral,Midwest,7,20,60.1,1,Yes
CUST-00986,2025-02,Month-to-month,Standard,1,42.14,Yes,Organic,West,10,10,80.3,0,No
CUST-00987,2025-06,Month-to-month,Standard,2,50.24,No,Paid Search,West,6,6,46.4,1,No
CUST-00988,2025-07,One year,Standard,0,35.5,Yes,Paid Search,Midwest,5,5,82.8,0,No
CUST-00989,2023-07,Month-to-month,Standard,0,36.22,Yes,Sales-Assisted,South,15,29,56.2,0,Yes
CUST-00990,2024-12,One year,Standard,0,36.42,Yes,Paid Search,Northeast,12,12,54.6,1,No
CUST-00991,2024-03,One year,Basic,1,20.78,Yes,Referral,Northeast,21,21,37.5,0,No
CUST-00992,2024-12,One year,Basic,1,24.43,No,Organic,West,2,12,47.2,0,Yes
CUST-00993,2023-08,Month-to-month,Standard,0,35.42,Yes,Organic,West,28,28,66.6,0,No
CUST-00994,2025-05,One year,Standard,0,33.23,Yes,Sales-Assisted,Northeast,7,7,53.1,0,No
CUST-00995,2023-10,Two year,Premium,2,83.03,No,Organic,Midwest,26,26,69.5,0,No
CUST-00996,2024-11,Month-to-month,Basic,0,12.64,Yes,Sales-Assisted,Northeast,13,13,56.0,0,No
CUST-00997,2023-11,Month-to-month,Basic,4,47.98,Yes,Paid Search,Midwest,25,25,63.8,0,No
CUST-00998,2024-04,Two year,Basic,0,13.17,Yes,Organic,Midwest,20,20,28.9,0,No
CUST-00999,2024-05,Two year,Standard,0,36.44,Yes,Sales-Assisted,West,19,19,43.2,0,No
CUST-01000,2024-07,Two year,Basic,2,25.77,Yes,Paid Search,Midwest,17,17,58.1,0,No
CUST-01001,2025-09,Month-to-month,Basic,3,38.1,Yes,Organic,West,3,3,69.4,0,No
CUST-01002,2025-04,One year,Basic,3,38.96,Yes,Paid Search,South,8,8,50.3,0,No
CUST-01003,2025-08,One year,Standard,0,34.92,No,Paid Search,South,4,4,54.2,0,No
CUST-01004,2024-03,Two year,Standard,0,31.97,Yes,Paid Search,Northeast,21,21,87.0,0,No
CUST-01005,2025-07,Month-to-month,Basic,0,16.59,No,Organic,Midwest,5,5,36.2,1,No
CUST-01006,2024-03,One year,Standard,1,44.07,Yes,Organic,Northeast,21,21,38.0,0,No
CUST-01007,2025-11,Month-to-month,Standard,1,45.24,Yes,Organic,Northeast,1,1,63.6,0,No
CUST-01008,2024-11,Two year,Standard,2,49.08,No,Organic,South,13,13,71.2,0,No
CUST-01009,2024-01,One year,Standard,0,35.12,Yes,Paid Search,Northeast,23,23,51.5,0,No
CUST-01010,2024-10,Month-to-month,Basic,3,40.27,Yes,Organic,Midwest,6,14,69.5,0,Yes
CUST-01011,2023-07,Month-to-month,Standard,1,43.2,Yes,Organic,West,29,29,82.2,0,No
CUST-01012,2025-06,Month-to-month,Standard,2,53.11,No,Referral,West,6,6,45.1,1,No
CUST-01013,2024-12,Month-to-month,Basic,1,24.24,Yes,Referral,South,2,12,49.2,0,Yes
CUST-01014,2023-11,Month-to-month,Standard,1,41.41,No,Referral,Midwest,25,25,74.8,0,No
CUST-01015,2024-04,Month-to-month,Basic,1,24.45,No,Organic,Midwest,20,20,91.4,1,No
CUST-01016,2025-01,One year,Basic,1,21.27,Yes,Organic,Northeast,11,11,64.0,0,No
CUST-01017,2024-11,Month-to-month,Standard,0,38.01,Yes,Organic,Midwest,8,13,49.9,1,Yes
CUST-01018,2025-03,Month-to-month,Basic,1,23.31,Yes,Referral,West,2,9,68.4,0,Yes
CUST-01019,2024-01,Month-to-month,Basic,0,18.72,No,Organic,West,6,23,69.7,0,Yes
CUST-01020,2023-09,Month-to-month,Premium,2,80.06,No,Organic,South,11,27,67.5,1,Yes
CUST-01021,2024-07,Month-to-month,Basic,2,29.08,Yes,Sales-Assisted,South,1,17,42.7,0,Yes
CUST-01022,2025-03,Two year,Standard,0,35.65,Yes,Paid Search,Northeast,9,9,58.3,1,No
CUST-01023,2025-11,Two year,Standard,0,35.72,Yes,Sales-Assisted,Midwest,1,1,52.8,0,No
CUST-01024,2025-06,Month-to-month,Basic,1,23.44,Yes,Paid Search,Midwest,6,6,88.9,0,No
CUST-01025,2023-11,One year,Standard,1,47.42,No,Organic,Midwest,24,25,90.3,0,Yes
CUST-01026,2024-12,Month-to-month,Basic,2,32.26,Yes,Referral,Midwest,4,12,57.7,0,Yes
CUST-01027,2023-08,Month-to-month,Premium,2,78.22,No,Paid Search,Midwest,2,28,59.2,0,Yes
CUST-01028,2024-09,One year,Basic,2,32.74,Yes,Organic,Northeast,15,15,77.6,0,No
CUST-01029,2024-02,Month-to-month,Basic,3,38.73,Yes,Paid Search,Northeast,2,22,43.9,0,Yes
CUST-01030,2024-06,Month-to-month,Standard,1,40.56,Yes,Organic,West,18,18,80.0,0,No
CUST-01031,2024-03,Month-to-month,Premium,2,82.83,Yes,Organic,South,21,21,95.2,0,Yes
CUST-01032,2024-12,Month-to-month,Premium,2,78.59,No,Paid Search,Northeast,7,12,66.0,0,Yes
CUST-01033,2024-09,One year,Standard,0,31.06,Yes,Paid Search,Midwest,15,15,29.3,3,No
CUST-01034,2024-04,Two year,Standard,0,33.69,Yes,Organic,West,20,20,64.5,0,No
CUST-01035,2024-12,One year,Basic,1,24.5,Yes,Sales-Assisted,South,12,12,64.6,0,Yes
CUST-01036,2025-11,Month-to-month,Basic,1,22.61,Yes,Paid Search,Midwest,1,1,66.5,0,No
CUST-01037,2025-04,Two year,Standard,4,65.06,Yes,Referral,Midwest,8,8,71.2,0,No
CUST-01038,2023-09,Two year,Basic,0,14.12,No,Organic,South,1,27,96.1,0,Yes
CUST-01039,2025-06,Month-to-month,Basic,2,30.03,Yes,Sales-Assisted,West,6,6,72.6,1,No
CUST-01040,2024-10,Month-to-month,Basic,4,50.0,Yes,Organic,West,14,14,67.9,0,No
CUST-01041,2024-09,Month-to-month,Standard,2,48.25,No,Paid Search,Northeast,6,15,68.8,0,Yes
CUST-01042,2024-10,One year,Standard,0,35.74,Yes,Paid Search,South,14,14,70.9,0,No
CUST-01043,2024-05,One year,Standard,0,36.02,Yes,Paid Search,West,19,19,40.0,0,No
CUST-01044,2024-11,Month-to-month,Basic,1,20.91,Yes,Organic,West,8,13,71.1,0,Yes
CUST-01045,2023-11,Two year,Standard,0,33.47,Yes,Paid Search,Northeast,25,25,57.4,1,No
CUST-01046,2025-04,Month-to-month,Basic,0,19.71,Yes,Paid Search,Midwest,8,8,40.4,0,No
CUST-01047,2024-07,Month-to-month,Basic,0,17.4,No,Organic,Northeast,2,17,55.5,0,Yes
CUST-01048,2023-12,One year,Premium,0,63.61,Yes,Sales-Assisted,Northeast,24,24,32.4,2,No
CUST-01049,2023-07,Month-to-month,Basic,2,29.83,No,Organic,South,2,29,69.6,0,Yes
CUST-01050,2024-10,Two year,Standard,0,36.79,Yes,Referral,South,5,14,74.9,0,Yes
CUST-01051,2023-12,One year,Basic,2,33.36,No,Sales-Assisted,South,1,24,48.7,0,Yes
CUST-01052,2025-09,One year,Basic,1,20.68,Yes,Paid Search,West,3,3,98.2,0,No
CUST-01053,2024-07,One year,Basic,0,11.19,No,Paid Search,Northeast,17,17,72.4,0,No
CUST-01054,2025-01,Month-to-month,Basic,0,14.27,No,Organic,South,11,11,71.8,0,No
CUST-01055,2023-11,Month-to-month,Basic,1,21.59,Yes,Paid Search,South,4,25,90.7,0,Yes
CUST-01056,2024-09,Month-to-month,Premium,2,79.73,Yes,Organic,South,7,15,59.8,0,Yes
CUST-01057,2024-11,Two year,Basic,3,40.17,Yes,Paid Search,West,1,13,61.4,0,Yes
CUST-01058,2025-01,Month-to-month,Standard,1,41.42,Yes,Paid Search,South,7,11,56.7,2,Yes
CUST-01059,2025-02,Month-to-month,Standard,1,42.18,Yes,Paid Search,South,7,10,81.2,0,Yes
CUST-01060,2025-09,Month-to-month,Premium,1,72.87,Yes,Organic,West,3,3,73.9,0,No
CUST-01061,2024-10,Two year,Standard,2,50.62,Yes,Paid Search,Northeast,14,14,48.9,0,No
CUST-01062,2023-10,One year,Basic,2,32.91,Yes,Organic,West,26,26,78.6,0,No
CUST-01063,2024-08,Month-to-month,Basic,3,43.79,Yes,Organic,Northeast,13,16,36.8,0,Yes
CUST-01064,2025-07,Month-to-month,Basic,3,37.07,No,Organic,Midwest,5,5,74.7,0,No
CUST-01065,2023-11,Month-to-month,Basic,1,23.82,Yes,Paid Search,South,25,25,86.8,0,No
CUST-01066,2024-02,One year,Premium,4,97.9,Yes,Sales-Assisted,Northeast,22,22,70.0,0,Yes
CUST-01067,2025-10,Two year,Premium,2,82.43,Yes,Organic,South,2,2,49.3,2,No
CUST-01068,2024-11,Month-to-month,Basic,2,31.77,Yes,Paid Search,Midwest,6,13,55.9,0,Yes
CUST-01069,2024-04,One year,Basic,1,21.67,Yes,Organic,West,20,20,81.4,0,No
CUST-01070,2024-09,Month-to-month,Premium,1,73.73,Yes,Organic,Northeast,15,15,74.5,0,No
CUST-01071,2025-01,Two year,Basic,1,21.92,No,Paid Search,West,11,11,58.4,1,No
CUST-01072,2024-04,Month-to-month,Standard,1,43.01,No,Organic,Northeast,2,20,67.2,0,Yes
CUST-01073,2023-08,One year,Standard,3,60.68,Yes,Organic,West,28,28,55.4,0,No
CUST-01074,2025-11,Month-to-month,Premium,1,69.9,Yes,Referral,Midwest,1,1,66.2,0,No
CUST-01075,2025-02,Month-to-month,Premium,0,62.87,Yes,Organic,Northeast,5,10,25.8,0,Yes
CUST-01076,2024-09,One year,Premium,2,85.23,No,Organic,West,3,15,77.7,0,Yes
CUST-01077,2025-07,Month-to-month,Standard,3,59.62,Yes,Paid Search,Midwest,5,5,64.6,1,No
CUST-01078,2024-10,Month-to-month,Standard,0,39.23,Yes,Organic,South,14,14,70.1,0,No
CUST-01079,2024-11,Month-to-month,Standard,1,42.47,No,Organic,Midwest,13,13,48.8,1,No
CUST-01080,2024-11,Month-to-month,Standard,2,49.82,Yes,Referral,West,13,13,70.1,0,No
CUST-01081,2024-05,One year,Basic,1,20.69,Yes,Organic,South,19,19,90.3,0,No
CUST-01082,2025-11,Month-to-month,Basic,0,19.81,No,Organic,South,1,1,47.1,2,No
CUST-01083,2024-10,Month-to-month,Standard,3,58.07,No,Organic,West,14,14,47.1,0,No
CUST-01084,2025-11,Month-to-month,Basic,2,30.53,Yes,Organic,Midwest,1,1,61.0,0,No
CUST-01085,2024-03,Month-to-month,Standard,0,35.41,Yes,Organic,Northeast,1,21,61.4,0,Yes
CUST-01086,2024-09,One year,Standard,0,35.94,Yes,Organic,Midwest,15,15,47.6,0,No
CUST-01087,2025-06,Month-to-month,Standard,0,39.91,Yes,Organic,South,6,6,72.7,0,No
CUST-01088,2024-10,Month-to-month,Premium,0,66.68,No,Organic,South,11,14,55.9,0,Yes
CUST-01089,2023-08,Month-to-month,Standard,0,39.07,Yes,Paid Search,Northeast,28,28,61.7,0,No
CUST-01090,2025-02,Month-to-month,Basic,2,30.5,Yes,Referral,West,10,10,62.9,0,No
CUST-01091,2025-03,One year,Premium,4,97.29,Yes,Referral,Northeast,9,9,70.6,0,No
CUST-01092,2025-08,One year,Basic,2,31.82,Yes,Referral,Northeast,4,4,83.2,0,No
CUST-01093,2024-09,One year,Basic,2,33.12,No,Organic,Northeast,15,15,48.3,1,No
CUST-01094,2025-01,Two year,Basic,2,32.1,Yes,Sales-Assisted,Northeast,11,11,35.3,0,No
CUST-01095,2023-08,Month-to-month,Basic,2,28.17,Yes,Paid Search,West,28,28,92.6,0,No
CUST-01096,2024-04,Month-to-month,Standard,3,56.22,No,Organic,Midwest,20,20,59.4,0,No
CUST-01097,2024-09,One year,Basic,0,16.37,Yes,Paid Search,Midwest,3,15,67.2,1,Yes
CUST-01098,2023-12,Month-to-month,Standard,0,35.36,Yes,Referral,Northeast,2,24,69.7,0,Yes
CUST-01099,2024-01,Two year,Standard,4,65.84,Yes,Organic,Midwest,23,23,64.6,1,No
CUST-01100,2024-01,One year,Premium,1,71.9,Yes,Referral,West,23,23,46.1,0,No
CUST-01101,2024-04,Two year,Standard,3,62.64,Yes,Organic,Midwest,18,20,44.5,1,Yes
CUST-01102,2025-11,Month-to-month,Basic,1,24.82,No,Organic,West,1,1,80.8,0,No
CUST-01103,2025-11,Month-to-month,Basic,2,31.78,Yes,Sales-Assisted,West,1,1,80.2,0,No
CUST-01104,2025-02,One year,Basic,1,25.62,Yes,Referral,West,10,10,60.0,0,No
CUST-01105,2024-06,Month-to-month,Basic,2,30.06,No,Paid Search,Northeast,7,18,85.8,1,Yes
CUST-01106,2024-09,Month-to-month,Standard,0,37.67,Yes,Sales-Assisted,Northeast,7,15,82.0,0,Yes
CUST-01107,2024-05,Month-to-month,Standard,2,53.56,No,Referral,Midwest,1,19,77.3,1,Yes
CUST-01108,2023-12,Month-to-month,Standard,3,58.35,Yes,Organic,Northeast,4,24,63.0,0,Yes
CUST-01109,2024-03,Month-to-month,Basic,2,33.19,Yes,Organic,West,16,21,29.7,0,Yes
CUST-01110,2024-07,Month-to-month,Basic,0,18.85,Yes,Paid Search,Northeast,10,17,76.0,0,Yes
CUST-01111,2023-11,One year,Standard,2,51.44,No,Referral,South,25,25,90.2,0,No
CUST-01112,2023-12,Two year,Standard,2,51.69,Yes,Referral,West,24,24,80.2,0,No
CUST-01113,2023-08,Month-to-month,Basic,2,31.46,Yes,Paid Search,West,9,28,16.4,2,Yes
CUST-01114,2024-04,Month-to-month,Premium,0,64.93,No,Organic,South,3,20,63.3,1,Yes
CUST-01115,2024-03,Month-to-month,Standard,1,41.75,Yes,Organic,Northeast,16,21,73.0,0,Yes
CUST-01116,2025-09,Month-to-month,Basic,0,10.26,Yes,Sales-Assisted,Midwest,3,3,80.4,0,No
CUST-01117,2023-10,One year,Basic,0,14.41,Yes,Organic,Midwest,2,26,68.0,1,Yes
CUST-01118,2023-07,One year,Basic,1,23.53,Yes,Paid Search,Midwest,29,29,44.0,0,No
CUST-01119,2023-07,Month-to-month,Basic,2,30.9,Yes,Organic,Northeast,29,29,85.2,1,No
CUST-01120,2024-07,One year,Basic,0,14.34,Yes,Paid Search,Northeast,17,17,71.2,0,No
CUST-01121,2025-03,Month-to-month,Standard,0,34.96,No,Sales-Assisted,Midwest,3,9,35.9,0,Yes
CUST-01122,2024-06,Two year,Basic,1,23.39,No,Organic,South,18,18,41.7,1,No
CUST-01123,2024-01,One year,Basic,2,31.05,No,Organic,Northeast,18,23,68.3,0,Yes
CUST-01124,2025-04,One year,Premium,0,61.51,Yes,Referral,South,8,8,60.8,0,No
CUST-01125,2025-08,One year,Premium,1,71.63,No,Paid Search,West,4,4,91.7,0,No
CUST-01126,2023-09,Month-to-month,Basic,1,23.76,No,Organic,South,13,27,50.7,0,Yes
CUST-01127,2024-02,One year,Premium,1,73.51,Yes,Paid Search,Northeast,22,22,47.1,1,No
CUST-01128,2023-07,Month-to-month,Basic,2,31.36,Yes,Organic,Midwest,29,29,65.6,0,No
CUST-01129,2023-07,Month-to-month,Basic,2,30.57,No,Organic,Northeast,3,29,61.8,0,Yes
CUST-01130,2025-02,Month-to-month,Standard,2,51.23,Yes,Paid Search,Northeast,10,10,57.0,0,Yes
CUST-01131,2024-12,Month-to-month,Standard,0,36.13,No,Referral,Northeast,8,12,55.5,0,Yes
CUST-01132,2024-09,Two year,Basic,4,46.39,Yes,Paid Search,Midwest,15,15,71.9,0,No
CUST-01133,2025-10,Month-to-month,Standard,0,35.69,Yes,Organic,South,2,2,78.1,0,No
CUST-01134,2025-10,Month-to-month,Basic,1,23.0,Yes,Sales-Assisted,South,2,2,60.0,0,No
CUST-01135,2023-12,Month-to-month,Premium,1,69.47,No,Organic,Midwest,7,24,55.0,1,Yes
CUST-01136,2024-01,Month-to-month,Premium,0,64.68,Yes,Sales-Assisted,Northeast,5,23,74.9,0,Yes
CUST-01137,2025-08,Month-to-month,Basic,2,32.02,Yes,Paid Search,South,4,4,96.1,0,No
CUST-01138,2024-05,Two year,Premium,1,73.53,Yes,Referral,South,19,19,79.8,0,No
CUST-01139,2024-05,One year,Standard,0,37.03,Yes,Referral,Northeast,19,19,34.1,1,No
CUST-01140,2025-05,Two year,Basic,0,12.24,Yes,Organic,Northeast,7,7,53.8,0,No
CUST-01141,2023-08,Month-to-month,Basic,2,34.98,Yes,Referral,South,28,28,74.8,0,No
CUST-01142,2023-11,Month-to-month,Basic,1,22.2,Yes,Paid Search,South,2,25,86.2,0,Yes
CUST-01143,2025-06,Month-to-month,Standard,3,61.5,Yes,Referral,South,6,6,98.0,0,No
CUST-01144,2024-08,Month-to-month,Standard,0,34.9,No,Paid Search,South,5,16,36.5,2,Yes
CUST-01145,2024-08,Month-to-month,Basic,4,49.19,Yes,Organic,South,16,16,97.6,0,No
CUST-01146,2023-09,Month-to-month,Basic,1,25.53,Yes,Referral,Midwest,27,27,68.8,0,No
CUST-01147,2024-07,Month-to-month,Basic,2,28.88,No,Organic,Midwest,5,17,63.7,2,Yes
CUST-01148,2023-12,Month-to-month,Standard,1,43.59,No,Organic,Midwest,1,24,90.0,0,Yes
CUST-01149,2023-09,One year,Standard,0,32.93,Yes,Organic,Northeast,10,27,75.4,0,Yes
CUST-01150,2025-09,One year,Standard,1,42.96,Yes,Referral,Northeast,3,3,43.9,0,No
CUST-01151,2025-11,Month-to-month,Standard,1,42.18,No,Sales-Assisted,Midwest,1,1,68.1,0,No
CUST-01152,2025-05,One year,Premium,0,66.25,Yes,Paid Search,Midwest,7,7,77.3,0,No
CUST-01153,2025-09,Two year,Standard,1,45.35,Yes,Referral,West,3,3,64.4,0,No
CUST-01154,2023-11,One year,Standard,1,43.81,Yes,Paid Search,West,25,25,63.4,1,No
CUST-01155,2023-08,Month-to-month,Basic,0,19.37,No,Paid Search,West,17,28,73.3,0,Yes
CUST-01156,2025-11,Month-to-month,Premium,3,84.85,No,Paid Search,Midwest,1,1,76.2,0,No
CUST-01157,2024-02,One year,Standard,0,31.5,Yes,Sales-Assisted,South,22,22,56.1,0,No
CUST-01158,2025-08,One year,Standard,0,37.11,No,Organic,West,4,4,50.4,1,No
CUST-01159,2024-12,Month-to-month,Premium,1,71.22,Yes,Paid Search,Midwest,12,12,69.7,1,No
CUST-01160,2023-09,Month-to-month,Standard,3,59.82,No,Organic,Midwest,9,27,72.1,1,Yes
CUST-01161,2025-04,Month-to-month,Basic,0,13.38,Yes,Sales-Assisted,Midwest,8,8,74.6,0,No
CUST-01162,2023-12,Two year,Premium,0,65.22,No,Paid Search,South,24,24,72.7,0,No
CUST-01163,2025-06,Two year,Basic,1,23.72,Yes,Organic,West,6,6,84.8,0,No
CUST-01164,2025-04,Month-to-month,Premium,3,90.2,No,Paid Search,West,1,8,50.4,0,Yes
CUST-01165,2025-03,Month-to-month,Standard,0,35.57,Yes,Paid Search,South,9,9,47.7,1,No
CUST-01166,2025-02,Month-to-month,Basic,0,19.43,Yes,Organic,West,10,10,78.0,0,No
CUST-01167,2024-02,Month-to-month,Standard,1,47.36,Yes,Sales-Assisted,South,16,22,83.0,0,Yes
CUST-01168,2025-10,Two year,Standard,0,37.4,Yes,Sales-Assisted,South,2,2,59.6,0,No
CUST-01169,2023-08,One year,Standard,1,38.68,Yes,Organic,Northeast,5,28,37.6,0,Yes
CUST-01170,2025-08,Month-to-month,Basic,1,23.44,No,Paid Search,South,4,4,78.5,0,No
CUST-01171,2023-07,Month-to-month,Premium,1,72.93,Yes,Organic,Northeast,26,29,82.8,0,Yes
CUST-01172,2025-11,Month-to-month,Basic,1,23.29,Yes,Sales-Assisted,Northeast,1,1,39.5,0,No
CUST-01173,2024-01,Two year,Basic,0,13.77,No,Sales-Assisted,South,23,23,77.4,0,No
CUST-01174,2024-06,One year,Basic,2,30.46,Yes,Organic,Midwest,18,18,31.2,1,No
CUST-01175,2024-09,Month-to-month,Standard,3,55.13,No,Paid Search,South,15,15,71.5,1,No
CUST-01176,2024-06,Month-to-month,Standard,1,42.57,Yes,Referral,South,18,18,84.1,0,No
CUST-01177,2025-02,Month-to-month,Premium,0,65.39,No,Organic,Northeast,10,10,96.2,0,No
CUST-01178,2025-07,Month-to-month,Basic,3,37.35,No,Referral,Midwest,1,5,95.0,0,Yes
CUST-01179,2024-01,Month-to-month,Basic,4,46.79,Yes,Paid Search,Midwest,1,23,67.3,0,Yes
CUST-01180,2023-11,Month-to-month,Premium,0,61.82,No,Referral,Midwest,12,25,59.5,0,Yes
CUST-01181,2025-10,One year,Standard,3,59.77,Yes,Sales-Assisted,South,2,2,53.2,0,No
CUST-01182,2024-09,One year,Standard,0,32.99,Yes,Paid Search,Northeast,15,15,59.9,1,No
CUST-01183,2024-07,Month-to-month,Standard,2,53.72,No,Paid Search,Northeast,7,17,54.7,0,Yes
CUST-01184,2024-06,Month-to-month,Premium,0,64.44,Yes,Sales-Assisted,Midwest,4,18,42.3,1,Yes
CUST-01185,2024-07,One year,Standard,2,49.86,Yes,Paid Search,West,17,17,57.7,1,No
CUST-01186,2024-04,Month-to-month,Basic,0,15.28,Yes,Paid Search,Midwest,3,20,65.8,0,Yes
CUST-01187,2024-06,Month-to-month,Premium,0,60.95,No,Sales-Assisted,West,18,18,47.0,1,No
CUST-01188,2025-06,Month-to-month,Standard,1,41.66,Yes,Paid Search,Northeast,6,6,66.7,0,Yes
CUST-01189,2025-06,Month-to-month,Basic,0,13.6,Yes,Paid Search,Northeast,6,6,97.1,0,No
CUST-01190,2023-12,Two year,Basic,3,39.1,No,Referral,Midwest,24,24,65.0,0,No
CUST-01191,2023-10,Month-to-month,Basic,0,12.89,Yes,Referral,Northeast,4,26,80.0,0,Yes
CUST-01192,2024-12,One year,Basic,2,33.63,Yes,Sales-Assisted,Midwest,12,12,93.6,0,No
CUST-01193,2025-09,Month-to-month,Standard,1,43.17,Yes,Referral,Northeast,3,3,78.7,0,Yes
CUST-01194,2024-09,Month-to-month,Standard,2,50.96,No,Organic,South,3,15,64.7,0,Yes
CUST-01195,2025-07,One year,Basic,0,16.35,Yes,Paid Search,South,5,5,80.7,0,No
CUST-01196,2025-08,One year,Standard,2,54.27,No,Referral,Northeast,4,4,51.8,0,No
CUST-01197,2023-12,Month-to-month,Standard,3,60.93,Yes,Referral,Northeast,9,24,38.1,0,Yes
CUST-01198,2025-04,One year,Standard,2,53.2,No,Paid Search,Midwest,8,8,95.2,0,No
CUST-01199,2025-05,One year,Basic,2,31.68,Yes,Paid Search,South,7,7,85.2,0,No
CUST-01200,2024-10,Month-to-month,Basic,1,21.45,Yes,Paid Search,South,2,14,63.0,0,Yes
CUST-01201,2023-08,Month-to-month,Standard,1,44.08,Yes,Organic,Northeast,8,28,59.6,0,Yes
CUST-01202,2024-02,Month-to-month,Basic,0,14.16,Yes,Referral,Midwest,9,22,62.9,0,Yes
CUST-01203,2023-10,Month-to-month,Premium,1,77.38,Yes,Paid Search,South,2,26,68.4,0,Yes
CUST-01204,2024-10,One year,Premium,1,73.15,Yes,Paid Search,Midwest,14,14,51.6,0,No
CUST-01205,2025-10,Month-to-month,Basic,0,16.17,No,Organic,South,2,2,70.6,0,No
CUST-01206,2024-07,One year,Basic,2,28.67,Yes,Paid Search,Midwest,17,17,45.9,0,No
CUST-01207,2023-11,Month-to-month,Basic,3,38.35,Yes,Paid Search,Midwest,19,25,88.5,0,Yes
CUST-01208,2024-02,Month-to-month,Standard,2,46.48,Yes,Organic,South,22,22,98.4,0,No
CUST-01209,2025-03,One year,Premium,1,74.82,Yes,Organic,Northeast,9,9,80.0,0,No
CUST-01210,2024-12,Month-to-month,Premium,2,82.81,No,Sales-Assisted,West,1,12,33.5,0,Yes
CUST-01211,2025-03,Month-to-month,Standard,1,44.19,No,Organic,Northeast,9,9,66.3,0,No
CUST-01212,2025-11,Month-to-month,Basic,0,18.03,No,Organic,South,1,1,20.1,1,No
CUST-01213,2025-09,One year,Standard,0,38.2,Yes,Paid Search,South,3,3,82.1,0,No
CUST-01214,2024-07,One year,Standard,0,37.22,Yes,Referral,Midwest,17,17,94.4,0,No
CUST-01215,2025-02,Month-to-month,Basic,3,38.53,Yes,Paid Search,Northeast,10,10,70.7,0,No
CUST-01216,2023-08,Month-to-month,Standard,4,65.29,No,Referral,South,28,28,69.7,0,No
CUST-01217,2024-01,Month-to-month,Standard,0,31.98,Yes,Sales-Assisted,Northeast,1,23,25.2,1,Yes
CUST-01218,2025-10,One year,Basic,0,15.12,Yes,Organic,South,2,2,37.6,1,No
CUST-01219,2024-01,One year,Basic,1,25.98,Yes,Sales-Assisted,Northeast,23,23,78.2,0,No
CUST-01220,2024-10,Two year,Standard,0,36.2,Yes,Referral,Northeast,14,14,52.0,1,No
CUST-01221,2024-02,One year,Basic,0,13.44,Yes,Referral,Midwest,22,22,72.4,0,No
CUST-01222,2024-05,Month-to-month,Standard,3,57.09,Yes,Referral,West,19,19,50.2,0,No
CUST-01223,2023-08,Month-to-month,Basic,1,20.64,Yes,Organic,Northeast,28,28,36.4,2,No
CUST-01224,2024-09,Two year,Standard,0,32.27,No,Paid Search,Midwest,15,15,75.8,0,No
CUST-01225,2025-06,Month-to-month,Basic,0,11.15,Yes,Paid Search,Midwest,6,6,60.6,0,No
CUST-01226,2025-08,Month-to-month,Basic,3,34.8,Yes,Sales-Assisted,South,1,4,67.5,0,Yes
CUST-01227,2025-04,One year,Standard,3,61.29,Yes,Paid Search,Northeast,8,8,22.2,0,No
CUST-01228,2024-09,Month-to-month,Standard,1,43.71,Yes,Referral,West,2,15,39.2,2,Yes
CUST-01229,2025-10,Month-to-month,Basic,2,29.49,Yes,Paid Search,South,2,2,60.8,1,No
CUST-01230,2025-09,One year,Premium,3,92.36,Yes,Organic,South,3,3,34.6,2,No
CUST-01231,2025-11,Month-to-month,Standard,0,37.85,No,Organic,West,1,1,50.4,1,No
CUST-01232,2025-09,Month-to-month,Premium,1,72.14,Yes,Referral,West,3,3,51.6,0,No
CUST-01233,2025-02,Month-to-month,Premium,1,70.34,Yes,Paid Search,Northeast,3,10,69.0,0,Yes
CUST-01234,2025-02,Two year,Standard,3,59.41,Yes,Referral,Northeast,10,10,97.6,0,No
CUST-01235,2025-09,Two year,Basic,1,23.5,Yes,Paid Search,Midwest,3,3,79.6,0,No
CUST-01236,2025-06,Month-to-month,Standard,0,33.0,Yes,Paid Search,Midwest,6,6,74.4,0,No
CUST-01237,2024-11,Month-to-month,Standard,1,41.94,Yes,Referral,Northeast,1,13,37.4,0,Yes
CUST-01238,2024-09,Month-to-month,Basic,0,13.27,No,Paid Search,South,6,15,47.2,1,Yes
CUST-01239,2024-08,Month-to-month,Standard,0,37.51,No,Paid Search,West,3,16,62.7,0,Yes
CUST-01240,2023-08,Month-to-month,Standard,1,42.79,Yes,Paid Search,Midwest,5,28,78.1,0,Yes
CUST-01241,2025-08,One year,Standard,3,56.51,No,Organic,Northeast,4,4,53.9,1,No
CUST-01242,2025-05,One year,Premium,0,67.95,No,Referral,Midwest,7,7,45.0,1,No
CUST-01243,2025-10,Month-to-month,Basic,2,27.52,Yes,Referral,Northeast,2,2,50.1,1,No
CUST-01244,2023-07,Month-to-month,Basic,4,50.55,Yes,Sales-Assisted,South,14,29,61.1,1,Yes
CUST-01245,2024-02,Month-to-month,Standard,3,58.08,No,Organic,West,8,22,59.0,0,Yes
CUST-01246,2025-01,One year,Premium,2,81.94,Yes,Organic,South,11,11,56.3,0,No
CUST-01247,2025-10,One year,Basic,0,11.77,Yes,Organic,Midwest,1,2,56.0,0,Yes
CUST-01248,2023-11,Two year,Standard,0,35.9,Yes,Referral,Midwest,25,25,72.4,0,No
CUST-01249,2025-06,Month-to-month,Premium,1,71.7,Yes,Referral,Northeast,6,6,79.4,0,No
CUST-01250,2024-08,Month-to-month,Basic,0,13.99,No,Organic,Northeast,16,16,77.9,0,No
CUST-01251,2024-12,One year,Basic,0,12.9,Yes,Paid Search,South,12,12,81.8,0,No
CUST-01252,2024-01,Two year,Premium,2,79.66,No,Organic,South,7,23,67.4,0,Yes
CUST-01253,2024-02,Month-to-month,Premium,1,72.75,No,Sales-Assisted,Midwest,5,22,76.8,0,Yes
CUST-01254,2023-10,Two year,Premium,0,65.77,No,Paid Search,West,26,26,75.1,0,No
CUST-01255,2025-11,Two year,Standard,1,40.97,No,Referral,West,1,1,51.0,0,No
CUST-01256,2023-11,Month-to-month,Standard,4,65.57,No,Organic,South,3,25,59.6,1,Yes
CUST-01257,2024-09,Two year,Standard,0,36.74,Yes,Paid Search,South,15,15,57.7,0,No
CUST-01258,2025-07,Month-to-month,Standard,0,31.5,No,Paid Search,Midwest,5,5,61.9,0,No
CUST-01259,2024-01,One year,Premium,4,95.72,Yes,Sales-Assisted,Midwest,23,23,67.4,0,No
CUST-01260,2023-10,Month-to-month,Premium,2,82.91,Yes,Referral,West,11,26,79.5,1,Yes
CUST-01261,2024-07,Month-to-month,Standard,1,44.75,Yes,Paid Search,West,1,17,94.7,0,Yes
CUST-01262,2025-08,Month-to-month,Standard,0,34.55,No,Organic,Midwest,4,4,86.3,0,No
CUST-01263,2023-08,One year,Standard,0,37.6,Yes,Paid Search,South,28,28,51.2,1,No
CUST-01264,2024-02,Two year,Basic,2,30.18,Yes,Paid Search,South,22,22,48.4,1,No
CUST-01265,2024-09,Month-to-month,Basic,1,25.94,Yes,Organic,Northeast,15,15,75.6,0,No
CUST-01266,2025-10,One year,Standard,0,38.14,Yes,Sales-Assisted,Northeast,2,2,62.5,0,No
CUST-01267,2025-01,Month-to-month,Basic,4,46.41,No,Organic,West,11,11,74.4,1,No
CUST-01268,2025-03,Month-to-month,Standard,2,49.94,Yes,Paid Search,South,8,9,62.8,1,Yes
CUST-01269,2023-08,One year,Premium,3,87.95,No,Paid Search,South,26,28,60.3,0,Yes
CUST-01270,2025-08,Month-to-month,Premium,1,72.71,No,Organic,Midwest,1,4,73.2,0,Yes
CUST-01271,2023-10,Month-to-month,Standard,3,56.59,No,Referral,South,17,26,76.5,0,Yes
CUST-01272,2024-05,Month-to-month,Basic,2,33.24,Yes,Sales-Assisted,Midwest,19,19,94.0,0,No
CUST-01273,2024-01,One year,Standard,1,41.49,Yes,Paid Search,Midwest,23,23,41.4,0,No
CUST-01274,2025-02,One year,Basic,3,39.98,Yes,Paid Search,Northeast,10,10,81.7,0,No
CUST-01275,2024-08,One year,Standard,2,47.95,Yes,Referral,Midwest,11,16,38.4,0,Yes
CUST-01276,2024-07,Month-to-month,Basic,4,49.08,No,Sales-Assisted,South,6,17,79.3,1,Yes
CUST-01277,2025-03,Two year,Premium,2,82.97,Yes,Referral,Northeast,2,9,58.4,0,Yes
CUST-01278,2025-05,One year,Standard,1,46.23,Yes,Organic,West,7,7,63.1,0,No
CUST-01279,2024-03,Month-to-month,Standard,4,69.2,No,Organic,South,21,21,59.7,0,No
CUST-01280,2024-12,Month-to-month,Standard,4,65.8,No,Organic,South,12,12,65.8,0,No
CUST-01281,2023-08,One year,Basic,0,12.49,Yes,Sales-Assisted,Midwest,28,28,62.9,0,No
CUST-01282,2023-09,Month-to-month,Standard,0,32.83,Yes,Organic,South,14,27,33.0,1,Yes
CUST-01283,2025-06,One year,Premium,1,72.31,Yes,Paid Search,Northeast,6,6,74.6,0,No
CUST-01284,2024-06,One year,Standard,2,51.0,Yes,Paid Search,Midwest,3,18,51.3,0,Yes
CUST-01285,2024-02,Month-to-month,Premium,1,73.34,Yes,Organic,West,12,22,71.3,0,Yes
CUST-01286,2024-09,Month-to-month,Basic,0,14.63,Yes,Referral,Midwest,3,15,100.0,0,Yes
CUST-01287,2025-04,Month-to-month,Premium,1,74.33,No,Organic,West,2,8,48.8,0,Yes
CUST-01288,2024-02,Month-to-month,Basic,1,23.27,Yes,Organic,Midwest,22,22,55.5,0,No
CUST-01289,2023-12,Month-to-month,Standard,2,53.11,Yes,Sales-Assisted,Northeast,8,24,79.8,0,Yes
CUST-01290,2023-07,Month-to-month,Standard,4,67.56,Yes,Organic,Northeast,22,29,45.1,0,Yes
CUST-01291,2025-05,One year,Standard,4,66.3,Yes,Paid Search,Northeast,6,7,51.4,1,Yes
CUST-01292,2025-02,Month-to-month,Basic,3,38.65,Yes,Paid Search,Midwest,10,10,25.1,0,No
CUST-01293,2024-07,One year,Premium,0,65.68,No,Organic,West,17,17,51.9,0,No
CUST-01294,2025-08,Month-to-month,Basic,2,35.1,Yes,Paid Search,West,4,4,41.7,0,No
CUST-01295,2024-11,Two year,Basic,0,17.18,No,Organic,Midwest,13,13,48.3,1,No
CUST-01296,2025-05,Month-to-month,Standard,1,41.8,Yes,Organic,Midwest,7,7,81.7,1,No
CUST-01297,2024-10,Month-to-month,Basic,3,37.22,No,Referral,West,1,14,31.3,0,Yes
CUST-01298,2025-07,One year,Premium,2,79.29,Yes,Paid Search,Northeast,5,5,66.4,0,No
CUST-01299,2025-01,One year,Standard,2,52.98,Yes,Paid Search,Midwest,11,11,57.9,0,No
CUST-01300,2024-12,One year,Standard,2,48.41,Yes,Sales-Assisted,Northeast,12,12,84.1,0,No
CUST-01301,2025-09,One year,Standard,0,35.55,Yes,Referral,South,3,3,60.5,0,No
CUST-01302,2024-02,Month-to-month,Basic,0,13.75,Yes,Paid Search,Northeast,22,22,64.7,1,No
CUST-01303,2025-02,One year,Standard,1,40.81,Yes,Referral,Midwest,10,10,51.9,2,No
CUST-01304,2024-01,Month-to-month,Standard,3,57.24,Yes,Organic,Northeast,3,23,64.4,0,Yes
CUST-01305,2023-12,One year,Premium,0,62.69,Yes,Organic,Northeast,24,24,44.7,1,No
CUST-01306,2025-08,One year,Standard,1,43.98,Yes,Sales-Assisted,South,4,4,56.2,1,No
CUST-01307,2024-03,Month-to-month,Basic,1,24.53,Yes,Sales-Assisted,South,21,21,68.4,0,No
CUST-01308,2025-07,Month-to-month,Basic,1,18.8,Yes,Paid Search,South,2,5,79.4,0,Yes
CUST-01309,2025-07,Month-to-month,Standard,3,56.89,No,Paid Search,Midwest,2,5,81.6,1,Yes
CUST-01310,2025-01,Two year,Basic,0,14.19,Yes,Sales-Assisted,Northeast,11,11,69.9,0,No
CUST-01311,2025-10,One year,Basic,0,13.76,Yes,Sales-Assisted,West,2,2,100.0,0,No
CUST-01312,2023-11,Month-to-month,Basic,3,39.86,Yes,Organic,Midwest,1,25,68.6,0,Yes
CUST-01313,2023-12,Month-to-month,Basic,2,26.43,Yes,Organic,West,12,24,64.3,0,Yes
CUST-01314,2024-09,One year,Basic,3,38.68,Yes,Paid Search,Northeast,15,15,75.3,0,No
CUST-01315,2024-09,Month-to-month,Premium,1,76.94,Yes,Organic,Midwest,3,15,77.8,0,Yes
CUST-01316,2024-08,Month-to-month,Standard,3,58.16,No,Organic,South,16,16,76.5,0,No
CUST-01317,2024-02,Month-to-month,Standard,0,37.65,No,Paid Search,South,5,22,85.9,0,Yes
CUST-01318,2025-03,Month-to-month,Premium,1,75.22,Yes,Paid Search,Midwest,9,9,90.7,0,No
CUST-01319,2024-07,One year,Basic,2,31.8,Yes,Sales-Assisted,Northeast,17,17,41.0,0,No
CUST-01320,2024-08,One year,Standard,3,56.93,Yes,Organic,West,16,16,73.7,0,No
CUST-01321,2024-03,One year,Basic,0,15.31,No,Referral,South,21,21,48.0,0,No
CUST-01322,2024-06,Month-to-month,Premium,1,72.39,No,Organic,South,1,18,46.0,0,Yes
CUST-01323,2025-05,Month-to-month,Standard,2,46.08,No,Organic,South,7,7,81.7,0,No
CUST-01324,2025-02,Month-to-month,Standard,0,32.9,No,Organic,Midwest,8,10,49.8,1,Yes
CUST-01325,2023-07,One year,Basic,2,26.19,Yes,Organic,South,8,29,50.8,1,Yes
CUST-01326,2024-06,Two year,Standard,1,39.16,No,Referral,Midwest,18,18,49.8,0,No
CUST-01327,2023-10,Month-to-month,Basic,0,12.18,Yes,Organic,South,4,26,80.2,0,Yes
CUST-01328,2024-02,One year,Basic,1,23.25,Yes,Organic,Northeast,22,22,51.6,0,No
CUST-01329,2025-10,One year,Basic,0,16.21,Yes,Sales-Assisted,South,2,2,51.9,0,No
CUST-01330,2025-01,One year,Standard,0,37.8,Yes,Organic,Midwest,11,11,93.1,0,No
CUST-01331,2025-09,Two year,Standard,0,34.24,No,Paid Search,Northeast,3,3,45.0,0,No
CUST-01332,2024-10,One year,Standard,2,51.84,No,Paid Search,West,14,14,56.1,0,No
CUST-01333,2023-11,One year,Basic,2,31.34,Yes,Organic,Northeast,25,25,95.1,0,No
CUST-01334,2025-08,One year,Premium,0,63.01,Yes,Referral,Midwest,4,4,27.2,1,No
CUST-01335,2025-01,Month-to-month,Standard,0,34.02,Yes,Organic,West,2,11,47.2,0,Yes
CUST-01336,2025-04,Month-to-month,Standard,0,36.96,Yes,Paid Search,Midwest,8,8,89.5,0,No
CUST-01337,2024-11,Month-to-month,Standard,0,34.77,No,Paid Search,West,1,13,67.7,0,Yes
CUST-01338,2025-10,Month-to-month,Basic,1,20.58,No,Paid Search,South,2,2,26.9,0,Yes
CUST-01339,2024-08,Month-to-month,Premium,1,72.72,No,Referral,Midwest,4,16,48.6,1,Yes
CUST-01340,2025-10,Month-to-month,Premium,4,97.86,Yes,Paid Search,West,2,2,82.1,0,No
CUST-01341,2024-04,Month-to-month,Premium,3,88.98,Yes,Organic,Northeast,20,20,56.3,0,No
CUST-01342,2025-09,One year,Standard,4,67.17,Yes,Referral,South,3,3,65.5,0,No
CUST-01343,2025-11,One year,Standard,0,32.3,Yes,Organic,Northeast,1,1,63.3,0,No
CUST-01344,2023-09,Month-to-month,Standard,1,43.79,Yes,Paid Search,South,27,27,45.3,1,No
CUST-01345,2024-07,Month-to-month,Basic,3,39.36,No,Paid Search,South,17,17,74.0,0,No
CUST-01346,2024-02,Two year,Basic,2,30.04,Yes,Paid Search,Midwest,22,22,49.5,0,No
CUST-01347,2024-11,Month-to-month,Standard,2,48.88,No,Paid Search,Northeast,8,13,72.1,0,Yes
CUST-01348,2024-07,One year,Standard,1,47.49,Yes,Referral,Northeast,17,17,90.2,0,No
CUST-01349,2024-07,Month-to-month,Basic,4,52.45,No,Referral,West,2,17,32.0,0,Yes
CUST-01350,2023-12,Month-to-month,Basic,0,13.4,Yes,Paid Search,West,10,24,23.6,1,Yes
CUST-01351,2025-06,One year,Standard,0,35.73,Yes,Sales-Assisted,South,6,6,56.8,0,No
CUST-01352,2025-06,Month-to-month,Basic,2,29.68,Yes,Paid Search,West,6,6,51.2,0,No
CUST-01353,2024-05,Month-to-month,Standard,3,56.94,No,Organic,Midwest,19,19,96.7,0,No
CUST-01354,2025-01,One year,Basic,1,26.69,Yes,Paid Search,Northeast,11,11,58.0,0,No
CUST-01355,2023-09,One year,Premium,0,62.57,Yes,Sales-Assisted,Northeast,27,27,53.8,0,No
CUST-01356,2024-07,One year,Standard,1,42.12,Yes,Referral,Midwest,17,17,74.1,0,No
CUST-01357,2023-11,Two year,Basic,0,19.06,Yes,Paid Search,South,25,25,66.6,0,No
CUST-01358,2023-11,Month-to-month,Standard,3,54.81,Yes,Referral,Midwest,1,25,70.4,0,Yes
CUST-01359,2024-06,Month-to-month,Basic,0,15.47,No,Paid Search,West,14,18,83.2,1,Yes
CUST-01360,2024-08,Two year,Standard,2,51.17,Yes,Referral,Midwest,16,16,46.0,0,No
CUST-01361,2025-09,One year,Standard,1,43.35,Yes,Paid Search,West,3,3,29.2,1,No
CUST-01362,2025-08,Month-to-month,Premium,1,72.41,No,Sales-Assisted,Northeast,2,4,74.4,0,Yes
CUST-01363,2024-03,One year,Standard,2,50.01,Yes,Referral,West,21,21,48.8,0,No
CUST-01364,2025-10,One year,Basic,1,19.84,Yes,Sales-Assisted,Midwest,2,2,72.6,0,No
CUST-01365,2024-03,Month-to-month,Standard,0,34.79,Yes,Referral,Northeast,7,21,82.2,0,Yes
CUST-01366,2025-10,Month-to-month,Basic,0,14.73,Yes,Referral,Midwest,2,2,74.1,0,No
CUST-01367,2024-06,Month-to-month,Basic,0,15.15,No,Referral,Midwest,18,18,67.9,0,No
CUST-01368,2024-02,Month-to-month,Basic,0,17.4,Yes,Sales-Assisted,West,8,22,72.7,0,Yes
CUST-01369,2024-07,Month-to-month,Standard,0,33.43,Yes,Paid Search,South,13,17,44.4,2,Yes
CUST-01370,2023-10,Two year,Standard,1,46.37,Yes,Paid Search,Northeast,26,26,46.7,0,No
CUST-01371,2024-04,Month-to-month,Basic,1,24.14,No,Organic,South,9,20,49.0,2,Yes
CUST-01372,2025-07,One year,Basic,2,28.89,Yes,Paid Search,West,5,5,30.4,4,No
CUST-01373,2024-05,Month-to-month,Standard,1,41.43,Yes,Referral,Midwest,19,19,73.9,0,No
CUST-01374,2023-12,Month-to-month,Premium,0,63.54,Yes,Referral,West,7,24,60.4,0,Yes
CUST-01375,2024-11,Month-to-month,Basic,0,16.07,No,Sales-Assisted,Northeast,13,13,65.4,1,No
CUST-01376,2025-10,Two year,Basic,1,20.37,No,Sales-Assisted,Midwest,2,2,83.1,0,No
CUST-01377,2024-10,Month-to-month,Standard,0,33.86,Yes,Organic,Midwest,14,14,15.2,3,No
CUST-01378,2023-11,One year,Basic,1,21.16,Yes,Paid Search,South,25,25,48.5,1,No
CUST-01379,2024-10,Two year,Standard,0,35.6,Yes,Paid Search,South,14,14,91.5,0,No
CUST-01380,2024-03,Two year,Standard,2,50.88,Yes,Paid Search,Northeast,21,21,51.1,1,No
CUST-01381,2023-08,Two year,Basic,1,21.56,No,Organic,West,4,28,57.0,0,Yes
CUST-01382,2024-10,Two year,Basic,1,22.82,Yes,Referral,South,14,14,82.8,0,No
CUST-01383,2024-08,Month-to-month,Basic,1,24.59,No,Paid Search,Northeast,1,16,65.2,0,Yes
CUST-01384,2024-10,Month-to-month,Premium,2,78.8,Yes,Paid Search,Northeast,14,14,63.5,1,No
CUST-01385,2024-06,One year,Premium,2,80.97,Yes,Organic,South,18,18,95.7,0,No
CUST-01386,2025-05,Month-to-month,Premium,0,65.22,Yes,Referral,Midwest,7,7,68.7,0,No
CUST-01387,2023-08,Month-to-month,Basic,2,27.51,No,Organic,West,7,28,92.2,1,Yes
CUST-01388,2023-09,Month-to-month,Basic,2,28.84,Yes,Sales-Assisted,Northeast,4,27,77.9,0,Yes
CUST-01389,2024-02,Month-to-month,Basic,3,39.96,Yes,Paid Search,South,7,22,75.8,0,Yes
CUST-01390,2025-04,Month-to-month,Standard,4,62.97,No,Referral,Midwest,8,8,91.6,1,No
CUST-01391,2025-11,Month-to-month,Standard,0,36.99,Yes,Referral,Northeast,1,1,41.4,1,No
CUST-01392,2025-04,Month-to-month,Standard,1,42.08,No,Paid Search,Northeast,3,8,82.6,0,Yes
CUST-01393,2024-08,Month-to-month,Basic,1,21.85,No,Referral,Northeast,7,16,35.5,0,Yes
CUST-01394,2024-01,Two year,Basic,1,23.23,Yes,Referral,South,23,23,65.3,0,No
CUST-01395,2024-04,One year,Basic,0,15.83,Yes,Paid Search,Midwest,20,20,37.4,0,No
CUST-01396,2024-07,Month-to-month,Standard,1,42.7,No,Referral,Midwest,12,17,76.5,0,Yes
CUST-01397,2025-11,Two year,Basic,0,18.01,No,Paid Search,Northeast,1,1,72.7,0,No
CUST-01398,2024-09,Month-to-month,Standard,1,40.81,Yes,Paid Search,West,9,15,95.1,0,Yes
CUST-01399,2024-12,Month-to-month,Standard,1,44.89,No,Organic,South,1,12,74.4,0,Yes
CUST-01400,2024-07,Two year,Standard,0,35.77,Yes,Referral,South,17,17,52.4,0,No
CUST-01401,2023-12,Month-to-month,Premium,2,82.31,Yes,Sales-Assisted,West,3,24,37.6,0,Yes
CUST-01402,2025-08,Month-to-month,Basic,1,22.79,No,Paid Search,West,4,4,55.2,1,No
CUST-01403,2024-12,One year,Standard,2,50.93,Yes,Sales-Assisted,Northeast,4,12,37.6,0,Yes
CUST-01404,2025-08,Month-to-month,Standard,2,50.69,No,Referral,West,4,4,96.7,0,No
CUST-01405,2024-06,One year,Basic,1,22.86,No,Organic,West,18,18,64.3,0,No
CUST-01406,2023-07,Month-to-month,Premium,1,74.22,Yes,Paid Search,West,6,29,96.2,0,Yes
CUST-01407,2024-02,One year,Standard,0,33.05,Yes,Paid Search,South,22,22,80.9,0,No
CUST-01408,2024-03,Month-to-month,Basic,0,15.2,Yes,Organic,South,21,21,61.6,0,No
CUST-01409,2025-05,Month-to-month,Basic,0,14.97,No,Paid Search,West,7,7,63.6,0,No
CUST-01410,2024-06,Month-to-month,Standard,2,50.43,No,Sales-Assisted,South,4,18,75.1,0,Yes
CUST-01411,2025-09,Month-to-month,Standard,1,46.35,Yes,Organic,Northeast,3,3,72.7,0,No
CUST-01412,2024-07,Month-to-month,Basic,2,31.28,Yes,Organic,South,4,17,90.0,0,Yes
CUST-01413,2025-05,Month-to-month,Basic,3,40.6,No,Referral,Northeast,6,7,71.6,0,Yes
CUST-01414,2025-05,Month-to-month,Standard,0,34.37,Yes,Referral,Midwest,3,7,75.3,0,Yes
CUST-01415,2025-08,One year,Basic,3,39.34,Yes,Paid Search,West,4,4,91.8,1,No
CUST-01416,2025-07,Two year,Basic,0,16.22,No,Organic,Northeast,5,5,93.4,0,No
CUST-01417,2023-09,Month-to-month,Basic,0,16.23,No,Organic,West,10,27,86.3,0,Yes
CUST-01418,2024-07,Month-to-month,Basic,1,22.27,Yes,Sales-Assisted,Northeast,8,17,36.1,1,Yes
CUST-01419,2024-06,One year,Basic,0,14.06,Yes,Organic,Northeast,18,18,56.7,0,No
CUST-01420,2025-11,Month-to-month,Basic,0,15.65,Yes,Organic,Midwest,1,1,78.7,0,No
CUST-01421,2024-09,Month-to-month,Standard,1,42.37,No,Paid Search,West,2,15,99.2,0,Yes
CUST-01422,2025-11,One year,Standard,0,32.95,No,Referral,West,1,1,69.0,0,No
CUST-01423,2025-09,Month-to-month,Standard,0,33.11,No,Organic,West,3,3,59.6,0,Yes
CUST-01424,2025-02,One year,Standard,0,32.22,Yes,Organic,South,10,10,68.7,0,No
CUST-01425,2025-08,Month-to-month,Standard,1,43.27,No,Organic,Northeast,4,4,51.6,3,No
CUST-01426,2024-07,Two year,Standard,1,43.89,Yes,Organic,West,17,17,49.8,0,No
CUST-01427,2023-07,Month-to-month,Premium,3,89.05,Yes,Sales-Assisted,Midwest,29,29,50.4,0,No
CUST-01428,2023-09,Month-to-month,Standard,1,40.49,Yes,Paid Search,Midwest,4,27,46.6,0,Yes
CUST-01429,2024-05,Month-to-month,Standard,0,37.42,Yes,Paid Search,Northeast,1,19,93.5,0,Yes
CUST-01430,2024-10,Two year,Basic,0,14.47,Yes,Organic,Northeast,14,14,92.3,0,No
CUST-01431,2024-03,Month-to-month,Basic,1,23.93,No,Organic,West,2,21,84.1,0,Yes
CUST-01432,2025-03,Month-to-month,Premium,3,89.18,Yes,Paid Search,South,9,9,71.0,0,No
CUST-01433,2024-11,Month-to-month,Standard,1,43.82,Yes,Organic,West,13,13,53.1,0,No
CUST-01434,2023-08,Two year,Standard,1,40.97,No,Referral,Midwest,28,28,78.8,0,No
CUST-01435,2025-11,Month-to-month,Standard,1,44.12,Yes,Organic,Midwest,1,1,61.4,0,No
CUST-01436,2025-03,Month-to-month,Standard,1,41.36,No,Sales-Assisted,Northeast,9,9,53.7,0,No
CUST-01437,2023-08,Month-to-month,Standard,0,34.75,No,Paid Search,Northeast,28,28,38.5,0,No
CUST-01438,2024-10,Month-to-month,Premium,3,84.58,Yes,Sales-Assisted,Northeast,3,14,74.6,0,Yes
CUST-01439,2023-11,Month-to-month,Standard,0,34.9,Yes,Referral,Midwest,10,25,53.5,0,Yes
CUST-01440,2024-10,Month-to-month,Premium,3,87.45,Yes,Organic,Midwest,14,14,81.8,1,No
CUST-01441,2024-12,Month-to-month,Standard,1,42.91,Yes,Paid Search,Northeast,3,12,63.8,1,Yes
CUST-01442,2025-10,Month-to-month,Standard,2,53.44,No,Sales-Assisted,Northeast,2,2,47.8,0,No
CUST-01443,2025-01,Month-to-month,Standard,3,57.18,Yes,Referral,Northeast,11,11,89.4,0,No
CUST-01444,2025-08,Month-to-month,Standard,1,43.7,Yes,Sales-Assisted,West,4,4,68.3,0,No
CUST-01445,2025-03,Month-to-month,Basic,0,15.92,Yes,Organic,West,9,9,70.5,0,No
CUST-01446,2025-11,One year,Basic,2,30.54,Yes,Sales-Assisted,Midwest,1,1,90.6,0,No
CUST-01447,2024-09,Two year,Standard,2,51.48,Yes,Paid Search,West,15,15,56.7,1,No
CUST-01448,2023-12,Month-to-month,Premium,1,75.61,Yes,Referral,South,6,24,72.1,0,Yes
CUST-01449,2025-02,Month-to-month,Standard,1,46.76,Yes,Organic,Northeast,3,10,60.1,0,Yes
CUST-01450,2024-12,One year,Basic,1,20.67,Yes,Sales-Assisted,West,9,12,73.5,0,Yes
CUST-01451,2024-02,Month-to-month,Basic,1,23.12,No,Paid Search,Northeast,11,22,60.5,0,Yes
CUST-01452,2024-04,Month-to-month,Basic,0,17.87,Yes,Referral,Midwest,20,20,65.4,1,No
CUST-01453,2023-07,One year,Basic,0,13.19,Yes,Referral,South,29,29,71.0,0,No
CUST-01454,2024-11,Month-to-month,Basic,0,13.5,Yes,Referral,South,7,13,47.8,1,Yes
CUST-01455,2025-08,Month-to-month,Premium,2,79.28,Yes,Sales-Assisted,Northeast,4,4,37.1,0,No
CUST-01456,2024-09,Month-to-month,Basic,0,16.92,No,Organic,West,15,15,54.4,1,No
CUST-01457,2025-03,Month-to-month,Standard,2,52.51,Yes,Sales-Assisted,West,9,9,79.7,0,No
CUST-01458,2023-10,Month-to-month,Basic,3,36.39,No,Organic,Northeast,15,26,54.5,2,Yes
CUST-01459,2024-01,One year,Standard,0,33.09,Yes,Referral,Northeast,12,23,28.8,1,Yes
CUST-01460,2024-12,One year,Standard,1,40.42,Yes,Referral,South,1,12,73.6,0,Yes
CUST-01461,2024-03,One year,Basic,2,32.56,Yes,Paid Search,South,21,21,85.0,0,No
CUST-01462,2025-09,Two year,Standard,1,42.88,Yes,Organic,Northeast,2,3,21.1,1,Yes
CUST-01463,2025-10,Month-to-month,Premium,0,68.43,Yes,Sales-Assisted,Northeast,2,2,55.9,0,No
CUST-01464,2024-04,Month-to-month,Basic,0,15.29,Yes,Referral,Midwest,2,20,93.7,0,Yes
CUST-01465,2025-10,Month-to-month,Standard,1,42.03,Yes,Referral,Midwest,2,2,43.9,0,No
CUST-01466,2025-11,Month-to-month,Standard,1,41.29,Yes,Referral,Midwest,1,1,40.2,0,No
CUST-01467,2025-03,Month-to-month,Basic,1,24.39,Yes,Sales-Assisted,West,9,9,97.3,0,No
CUST-01468,2024-09,Month-to-month,Basic,1,21.3,Yes,Paid Search,Midwest,15,15,65.9,0,No
CUST-01469,2024-06,Month-to-month,Basic,2,29.79,Yes,Organic,South,18,18,41.4,1,No
CUST-01470,2025-01,One year,Premium,2,82.43,Yes,Organic,Northeast,11,11,69.4,0,No
CUST-01471,2023-09,Month-to-month,Basic,0,15.26,No,Organic,South,27,27,81.9,0,No
CUST-01472,2024-11,Month-to-month,Basic,1,24.3,No,Organic,Midwest,2,13,36.1,0,Yes
CUST-01473,2025-05,Month-to-month,Standard,1,41.14,Yes,Sales-Assisted,West,2,7,63.1,0,Yes
CUST-01474,2024-02,Month-to-month,Basic,1,26.61,Yes,Paid Search,Northeast,22,22,95.2,0,No
CUST-01475,2023-08,Month-to-month,Basic,1,25.48,Yes,Referral,South,17,28,77.3,0,Yes
CUST-01476,2023-11,One year,Standard,0,32.61,Yes,Referral,West,25,25,55.3,0,No
CUST-01477,2025-04,One year,Basic,1,24.52,Yes,Paid Search,West,8,8,73.8,0,No
CUST-01478,2023-08,Two year,Basic,2,30.17,Yes,Organic,South,19,28,95.9,0,Yes
CUST-01479,2024-10,One year,Basic,4,50.04,No,Organic,South,14,14,43.8,1,No
CUST-01480,2024-01,Month-to-month,Standard,0,34.28,No,Paid Search,Northeast,10,23,87.1,0,Yes
CUST-01481,2025-03,Month-to-month,Standard,0,35.19,Yes,Paid Search,West,9,9,83.9,0,No
CUST-01482,2023-12,Month-to-month,Basic,1,25.03,Yes,Organic,West,1,24,89.2,0,Yes
CUST-01483,2025-01,One year,Basic,2,32.23,Yes,Paid Search,West,11,11,76.5,0,No
CUST-01484,2023-08,Month-to-month,Basic,0,14.49,Yes,Organic,West,2,28,81.2,0,Yes
CUST-01485,2023-10,Month-to-month,Premium,1,70.29,Yes,Organic,Midwest,23,26,26.8,2,Yes
CUST-01486,2024-12,Month-to-month,Standard,1,36.95,Yes,Paid Search,West,5,12,52.6,0,Yes
CUST-01487,2025-02,One year,Basic,2,27.64,Yes,Sales-Assisted,West,10,10,52.2,1,No
CUST-01488,2025-02,Month-to-month,Premium,1,70.55,Yes,Organic,South,10,10,83.8,0,No
CUST-01489,2025-05,Month-to-month,Premium,4,97.71,Yes,Sales-Assisted,Northeast,7,7,69.8,0,No
CUST-01490,2025-11,Two year,Standard,1,44.47,Yes,Paid Search,West,1,1,62.4,0,No
CUST-01491,2024-02,Month-to-month,Basic,0,16.18,No,Referral,Northeast,22,22,75.2,0,No
CUST-01492,2024-10,Two year,Basic,3,41.87,Yes,Paid Search,West,14,14,79.9,0,No
CUST-01493,2023-08,Month-to-month,Basic,4,46.03,Yes,Paid Search,Midwest,9,28,73.4,0,Yes
CUST-01494,2025-10,Month-to-month,Standard,0,33.31,No,Organic,Northeast,2,2,71.9,0,No
CUST-01495,2025-06,Month-to-month,Basic,1,22.6,No,Paid Search,West,6,6,85.9,0,No
CUST-01496,2025-05,Month-to-month,Standard,2,51.62,No,Sales-Assisted,South,7,7,79.1,0,No
CUST-01497,2025-04,Month-to-month,Basic,4,50.92,No,Sales-Assisted,Midwest,7,8,70.6,0,Yes
CUST-01498,2024-12,One year,Basic,0,16.12,Yes,Organic,South,12,12,86.0,0,No
CUST-01499,2024-04,Month-to-month,Basic,0,12.67,No,Paid Search,Midwest,15,20,83.4,0,Yes
CUST-01500,2024-12,Month-to-month,Standard,0,35.94,Yes,Paid Search,Northeast,12,12,59.7,0,No
CUST-01501,2023-09,Month-to-month,Basic,1,25.35,Yes,Organic,Midwest,12,27,42.6,1,Yes
CUST-01502,2024-01,Month-to-month,Basic,0,13.79,No,Referral,Midwest,21,23,53.8,0,Yes
CUST-01503,2024-08,Month-to-month,Standard,0,38.26,Yes,Paid Search,South,11,16,68.5,0,Yes
CUST-01504,2024-10,Month-to-month,Basic,0,16.16,Yes,Paid Search,Northeast,14,14,57.9,0,No
CUST-01505,2024-11,One year,Standard,3,63.58,Yes,Referral,South,13,13,43.5,0,No
CUST-01506,2024-03,Month-to-month,Standard,1,42.27,Yes,Paid Search,South,21,21,69.4,0,No
CUST-01507,2025-07,Month-to-month,Basic,1,23.02,Yes,Paid Search,South,5,5,82.0,0,No
CUST-01508,2025-11,Two year,Standard,0,37.47,Yes,Paid Search,South,1,1,90.6,0,No
CUST-01509,2023-09,Two year,Basic,2,31.57,Yes,Referral,Midwest,27,27,88.6,0,No
CUST-01510,2024-03,Two year,Basic,1,25.59,Yes,Paid Search,West,21,21,80.4,0,No
CUST-01511,2025-08,Two year,Standard,1,44.7,Yes,Referral,West,4,4,78.4,0,No
CUST-01512,2024-01,One year,Standard,0,33.16,Yes,Organic,Northeast,23,23,44.4,1,No
CUST-01513,2023-09,Two year,Standard,1,41.04,Yes,Paid Search,Midwest,27,27,61.5,0,No
CUST-01514,2025-11,Two year,Standard,1,42.17,Yes,Paid Search,South,1,1,33.0,1,No
CUST-01515,2025-01,Month-to-month,Basic,3,36.77,Yes,Organic,Midwest,11,11,92.3,0,No
CUST-01516,2025-01,Month-to-month,Premium,2,80.97,Yes,Paid Search,Northeast,11,11,50.5,0,Yes
CUST-01517,2024-09,Month-to-month,Standard,0,37.76,No,Organic,Northeast,15,15,45.4,1,No
CUST-01518,2024-05,Month-to-month,Standard,1,43.68,Yes,Organic,West,19,19,77.9,0,No
CUST-01519,2025-08,Month-to-month,Standard,1,39.74,Yes,Organic,West,4,4,80.7,0,No
CUST-01520,2025-08,Month-to-month,Premium,0,60.4,No,Paid Search,West,4,4,57.0,2,No
CUST-01521,2025-02,One year,Premium,1,69.56,Yes,Organic,South,10,10,72.4,0,No
CUST-01522,2023-12,Month-to-month,Basic,4,49.47,Yes,Paid Search,South,11,24,56.8,1,Yes
CUST-01523,2024-12,Month-to-month,Standard,3,60.42,No,Paid Search,Northeast,12,12,97.2,0,No
CUST-01524,2023-07,One year,Basic,1,24.17,Yes,Organic,Northeast,29,29,35.4,0,No
CUST-01525,2025-06,Month-to-month,Basic,0,15.97,Yes,Organic,Northeast,6,6,45.2,0,No
CUST-01526,2024-01,Month-to-month,Premium,0,64.15,Yes,Organic,Northeast,15,23,83.9,0,Yes
CUST-01527,2025-02,One year,Standard,0,36.53,Yes,Sales-Assisted,South,10,10,84.0,0,No
CUST-01528,2024-06,Month-to-month,Basic,0,13.01,Yes,Organic,Northeast,18,18,61.2,1,No
CUST-01529,2025-04,Two year,Standard,3,56.72,No,Referral,West,3,8,79.8,0,Yes
CUST-01530,2024-01,One year,Standard,0,36.45,Yes,Sales-Assisted,South,23,23,64.6,0,No
CUST-01531,2025-08,Month-to-month,Standard,0,35.22,Yes,Organic,Northeast,4,4,86.2,0,No
CUST-01532,2023-08,One year,Basic,3,38.26,Yes,Paid Search,Northeast,28,28,55.5,0,No
CUST-01533,2023-12,Month-to-month,Basic,0,15.91,No,Organic,Midwest,2,24,95.1,0,Yes
CUST-01534,2023-08,Month-to-month,Standard,4,68.62,Yes,Paid Search,West,27,28,57.8,0,Yes
CUST-01535,2024-01,Two year,Basic,3,40.34,Yes,Sales-Assisted,Midwest,23,23,52.0,1,No
CUST-01536,2025-02,Month-to-month,Standard,1,42.26,No,Paid Search,West,10,10,82.4,0,No
CUST-01537,2025-07,Month-to-month,Basic,2,32.6,No,Organic,Northeast,3,5,68.7,0,Yes
CUST-01538,2024-05,Month-to-month,Basic,1,22.35,No,Referral,South,15,19,76.8,0,Yes
CUST-01539,2025-10,Month-to-month,Standard,2,48.52,No,Organic,South,2,2,78.7,0,No
CUST-01540,2025-09,One year,Standard,1,44.93,Yes,Paid Search,Midwest,3,3,79.6,0,No
CUST-01541,2023-07,One year,Premium,2,80.62,Yes,Paid Search,Northeast,29,29,35.5,1,No
CUST-01542,2023-09,Month-to-month,Standard,0,34.87,Yes,Paid Search,Northeast,23,27,72.3,0,Yes
CUST-01543,2025-09,One year,Standard,1,39.77,Yes,Paid Search,Northeast,3,3,45.3,1,No
CUST-01544,2025-10,Month-to-month,Premium,2,83.31,Yes,Referral,South,2,2,81.1,0,No
CUST-01545,2025-09,One year,Premium,2,78.85,No,Sales-Assisted,South,3,3,64.6,1,Yes
CUST-01546,2025-03,Month-to-month,Basic,2,26.13,No,Organic,Northeast,9,9,65.0,1,No
CUST-01547,2024-01,Two year,Standard,0,33.64,No,Paid Search,Northeast,23,23,65.6,0,No
CUST-01548,2024-07,Month-to-month,Basic,2,27.38,Yes,Organic,South,7,17,88.4,0,Yes
CUST-01549,2025-06,One year,Basic,1,21.45,Yes,Organic,Midwest,6,6,72.7,0,No
CUST-01550,2025-05,Month-to-month,Basic,1,25.8,No,Referral,Midwest,2,7,66.7,0,Yes
CUST-01551,2025-11,Month-to-month,Premium,0,65.05,No,Sales-Assisted,Northeast,1,1,70.4,0,No
CUST-01552,2024-11,Two year,Standard,0,37.17,Yes,Sales-Assisted,Midwest,13,13,89.8,0,No
CUST-01553,2024-12,Month-to-month,Standard,1,37.74,Yes,Referral,Northeast,3,12,96.4,0,Yes
CUST-01554,2025-01,Two year,Basic,3,39.41,Yes,Organic,Northeast,11,11,48.8,0,No
CUST-01555,2024-11,One year,Basic,1,22.14,No,Referral,South,13,13,57.6,0,No
CUST-01556,2024-04,Month-to-month,Standard,2,51.21,Yes,Paid Search,South,20,20,91.7,0,No
CUST-01557,2025-11,One year,Standard,3,62.39,Yes,Sales-Assisted,West,1,1,59.8,0,No
CUST-01558,2024-08,Two year,Standard,2,50.23,Yes,Paid Search,Northeast,16,16,54.1,0,No
CUST-01559,2025-03,One year,Standard,1,43.15,Yes,Paid Search,West,9,9,75.7,0,No
CUST-01560,2023-11,One year,Premium,3,90.54,Yes,Sales-Assisted,South,25,25,48.0,0,No
CUST-01561,2024-11,Month-to-month,Basic,1,22.02,Yes,Organic,Northeast,13,13,54.1,0,No
CUST-01562,2024-05,Two year,Premium,2,78.36,Yes,Organic,Northeast,19,19,70.7,0,No
CUST-01563,2025-01,Month-to-month,Basic,1,22.81,No,Paid Search,Midwest,11,11,42.9,1,No
CUST-01564,2024-03,One year,Premium,0,66.69,Yes,Referral,South,21,21,40.8,1,No
CUST-01565,2023-08,Month-to-month,Standard,0,36.54,Yes,Paid Search,Northeast,7,28,92.5,0,Yes
CUST-01566,2025-11,Month-to-month,Basic,1,23.73,Yes,Organic,Midwest,1,1,65.3,0,No
CUST-01567,2025-02,Month-to-month,Standard,0,32.84,Yes,Paid Search,South,10,10,76.8,0,No
CUST-01568,2024-04,Month-to-month,Standard,2,50.23,Yes,Paid Search,West,2,20,75.3,0,Yes
CUST-01569,2025-09,Month-to-month,Standard,0,36.26,Yes,Organic,South,3,3,46.3,1,No
CUST-01570,2023-09,Month-to-month,Standard,1,43.76,Yes,Organic,Midwest,18,27,70.4,0,Yes
CUST-01571,2025-06,Two year,Basic,1,26.69,Yes,Organic,South,6,6,90.2,0,No
CUST-01572,2025-08,One year,Basic,0,10.36,No,Paid Search,West,4,4,47.5,3,No
CUST-01573,2024-09,One year,Basic,2,27.48,Yes,Paid Search,Midwest,15,15,40.1,3,No
CUST-01574,2024-01,One year,Basic,0,12.57,Yes,Sales-Assisted,West,23,23,36.8,4,No
CUST-01575,2023-08,Month-to-month,Premium,1,68.9,Yes,Sales-Assisted,South,24,28,65.1,0,Yes
CUST-01576,2024-01,Month-to-month,Standard,0,35.65,No,Sales-Assisted,Midwest,15,23,91.2,0,Yes
CUST-01577,2024-01,Month-to-month,Basic,0,14.23,No,Organic,Midwest,18,23,69.3,0,Yes
CUST-01578,2025-09,Month-to-month,Basic,2,27.18,Yes,Organic,Northeast,3,3,80.6,1,No
CUST-01579,2025-09,Month-to-month,Basic,2,30.28,Yes,Paid Search,Midwest,3,3,41.4,1,No
CUST-01580,2024-06,Month-to-month,Standard,1,45.39,Yes,Referral,South,3,18,51.9,0,Yes
CUST-01581,2024-01,Two year,Standard,2,52.54,Yes,Sales-Assisted,Midwest,23,23,44.8,0,No
CUST-01582,2025-02,Month-to-month,Standard,1,41.39,Yes,Paid Search,Northeast,10,10,59.1,0,No
CUST-01583,2023-08,Month-to-month,Standard,1,41.85,No,Organic,West,10,28,65.9,1,Yes
CUST-01584,2025-01,Month-to-month,Standard,3,58.47,Yes,Organic,West,11,11,48.5,0,No
CUST-01585,2024-07,Month-to-month,Standard,0,38.23,No,Organic,West,17,17,98.4,0,No
CUST-01586,2023-07,One year,Standard,0,35.4,No,Paid Search,Northeast,29,29,45.8,0,No
CUST-01587,2023-12,One year,Standard,0,35.26,Yes,Referral,Northeast,24,24,84.8,0,No
CUST-01588,2024-07,Month-to-month,Basic,2,33.01,No,Paid Search,West,17,17,94.7,0,No
CUST-01589,2023-12,One year,Premium,1,72.94,Yes,Organic,Midwest,14,24,44.1,1,Yes
CUST-01590,2024-10,Month-to-month,Premium,3,92.93,Yes,Paid Search,West,1,14,100.0,0,Yes
CUST-01591,2024-09,One year,Premium,1,72.48,Yes,Organic,South,15,15,87.2,0,No
CUST-01592,2023-12,Month-to-month,Standard,1,41.75,No,Sales-Assisted,Northeast,16,24,56.6,1,Yes
CUST-01593,2023-09,Month-to-month,Standard,1,42.65,No,Paid Search,Midwest,1,27,88.7,0,Yes
CUST-01594,2024-12,Month-to-month,Standard,1,40.06,No,Organic,Northeast,3,12,53.4,1,Yes
CUST-01595,2025-01,Month-to-month,Premium,0,64.69,No,Organic,West,11,11,69.4,0,No
CUST-01596,2025-08,Month-to-month,Basic,1,20.28,Yes,Paid Search,Midwest,1,4,67.1,0,Yes
CUST-01597,2025-09,One year,Standard,0,34.63,Yes,Paid Search,West,3,3,78.8,0,No
CUST-01598,2023-07,One year,Basic,0,18.19,Yes,Paid Search,South,29,29,67.1,0,No
CUST-01599,2024-10,Month-to-month,Basic,0,12.85,Yes,Paid Search,West,14,14,64.9,0,No
CUST-01600,2025-07,One year,Premium,3,89.68,No,Organic,South,5,5,69.4,1,No
CUST-01601,2023-11,Month-to-month,Basic,0,16.87,Yes,Referral,Midwest,25,25,76.9,0,No
CUST-01602,2023-09,Two year,Standard,2,55.64,Yes,Referral,Midwest,27,27,63.2,0,No
CUST-01603,2023-07,One year,Standard,0,36.78,Yes,Referral,West,29,29,13.6,2,No
CUST-01604,2023-07,Month-to-month,Standard,2,53.16,Yes,Organic,Northeast,2,29,91.7,0,Yes
CUST-01605,2023-09,Month-to-month,Basic,2,32.41,Yes,Paid Search,Northeast,10,27,61.2,1,Yes
CUST-01606,2024-10,Two year,Standard,0,31.84,Yes,Paid Search,West,14,14,73.2,0,No
CUST-01607,2024-04,Month-to-month,Basic,1,24.59,Yes,Organic,Midwest,10,20,74.0,0,Yes
CUST-01608,2025-08,One year,Basic,4,47.02,Yes,Organic,South,4,4,76.0,0,No
CUST-01609,2023-09,Month-to-month,Standard,1,43.2,No,Organic,Midwest,1,27,59.7,0,Yes
CUST-01610,2024-10,One year,Standard,0,36.51,Yes,Paid Search,Midwest,14,14,84.3,0,No
CUST-01611,2025-01,Two year,Standard,1,45.3,Yes,Referral,Northeast,11,11,77.8,1,No
CUST-01612,2024-08,Month-to-month,Standard,0,39.87,Yes,Organic,Midwest,6,16,82.2,0,Yes
CUST-01613,2025-06,Month-to-month,Basic,3,40.75,Yes,Sales-Assisted,Midwest,2,6,65.7,1,Yes
CUST-01614,2024-01,Month-to-month,Standard,0,39.57,Yes,Paid Search,West,23,23,74.3,0,No
CUST-01615,2023-12,Month-to-month,Standard,1,44.22,No,Paid Search,Midwest,6,24,48.9,1,Yes
CUST-01616,2023-07,One year,Basic,0,15.95,Yes,Organic,South,17,29,66.9,0,Yes
CUST-01617,2025-06,Month-to-month,Basic,1,21.12,Yes,Sales-Assisted,South,2,6,13.9,4,Yes
CUST-01618,2025-04,One year,Basic,3,37.08,Yes,Paid Search,Midwest,8,8,92.3,0,No
CUST-01619,2025-01,Month-to-month,Basic,1,23.93,Yes,Paid Search,West,11,11,58.2,1,No
CUST-01620,2025-11,Month-to-month,Standard,0,36.67,Yes,Referral,South,1,1,89.8,0,No
CUST-01621,2025-06,One year,Basic,2,30.07,Yes,Referral,West,1,6,68.3,0,Yes
CUST-01622,2023-07,One year,Basic,2,30.11,Yes,Sales-Assisted,Midwest,29,29,83.0,0,No
CUST-01623,2024-03,Month-to-month,Premium,2,79.96,Yes,Organic,Midwest,12,21,53.6,0,Yes
CUST-01624,2025-11,One year,Standard,1,42.79,Yes,Paid Search,Northeast,1,1,29.1,1,No
CUST-01625,2024-06,Month-to-month,Basic,2,31.2,No,Referral,West,7,18,56.4,0,Yes
CUST-01626,2023-08,Two year,Basic,1,26.32,Yes,Organic,Midwest,28,28,92.6,0,No
CUST-01627,2025-09,Month-to-month,Premium,1,73.25,Yes,Sales-Assisted,South,3,3,50.3,0,No
CUST-01628,2023-10,One year,Standard,0,37.07,Yes,Organic,West,26,26,23.3,1,No
CUST-01629,2025-09,Month-to-month,Premium,0,65.46,Yes,Organic,West,3,3,98.0,0,No
CUST-01630,2023-09,Month-to-month,Premium,0,63.95,Yes,Paid Search,South,27,27,74.4,0,No
CUST-01631,2023-07,One year,Basic,1,21.35,Yes,Paid Search,Midwest,29,29,70.9,0,No
CUST-01632,2024-12,Month-to-month,Premium,2,79.56,No,Organic,Midwest,12,12,68.7,1,No
CUST-01633,2024-11,Month-to-month,Standard,1,42.35,No,Organic,Midwest,3,13,33.9,1,Yes
CUST-01634,2025-06,Two year,Premium,0,65.31,No,Paid Search,West,6,6,53.4,0,No
CUST-01635,2025-07,Month-to-month,Basic,1,25.65,No,Referral,West,4,5,62.4,0,Yes
CUST-01636,2024-06,One year,Standard,1,42.93,Yes,Referral,Midwest,18,18,81.4,0,No
CUST-01637,2023-09,Month-to-month,Standard,0,33.47,No,Referral,Northeast,2,27,59.8,0,Yes
CUST-01638,2024-11,Month-to-month,Standard,2,48.79,No,Organic,South,13,13,61.2,0,No
CUST-01639,2024-09,Two year,Basic,3,38.94,No,Sales-Assisted,Midwest,3,15,38.2,1,Yes
CUST-01640,2024-03,Month-to-month,Standard,1,42.85,Yes,Paid Search,West,21,21,82.2,0,No
CUST-01641,2023-09,One year,Standard,1,44.34,Yes,Organic,Midwest,16,27,38.8,0,Yes
CUST-01642,2025-06,Month-to-month,Standard,1,41.9,Yes,Paid Search,Midwest,3,6,94.4,0,Yes
CUST-01643,2025-11,One year,Standard,1,44.54,Yes,Organic,Midwest,1,1,57.4,0,No
CUST-01644,2024-10,Two year,Basic,2,31.88,Yes,Referral,South,14,14,73.9,0,No
CUST-01645,2024-07,Month-to-month,Standard,0,34.19,No,Referral,Northeast,4,17,93.8,0,Yes
CUST-01646,2023-09,Month-to-month,Basic,0,15.76,No,Referral,Northeast,23,27,83.3,0,Yes
CUST-01647,2025-10,Two year,Standard,1,41.5,Yes,Paid Search,Northeast,2,2,35.9,1,No
CUST-01648,2024-06,Month-to-month,Premium,4,98.53,No,Organic,Northeast,4,18,67.4,0,Yes
CUST-01649,2025-05,One year,Basic,1,27.95,Yes,Referral,Northeast,7,7,85.8,0,No
CUST-01650,2023-09,One year,Basic,0,16.06,No,Referral,Northeast,27,27,56.9,0,No
CUST-01651,2024-02,One year,Standard,2,48.6,Yes,Paid Search,Northeast,22,22,50.7,0,No
CUST-01652,2024-02,One year,Standard,2,54.38,Yes,Referral,Northeast,22,22,58.6,1,No
CUST-01653,2023-08,Month-to-month,Basic,0,14.85,Yes,Paid Search,Northeast,5,28,41.6,1,Yes
CUST-01654,2025-08,One year,Standard,1,37.32,Yes,Organic,West,4,4,51.9,0,No
CUST-01655,2024-12,One year,Standard,1,42.86,Yes,Referral,Midwest,12,12,70.1,0,No
CUST-01656,2024-05,Month-to-month,Standard,0,35.33,Yes,Organic,Midwest,19,19,76.4,0,No
CUST-01657,2024-06,Month-to-month,Premium,0,63.98,Yes,Sales-Assisted,South,18,18,44.1,0,No
CUST-01658,2025-06,One year,Premium,0,65.31,Yes,Sales-Assisted,West,6,6,78.7,0,No
CUST-01659,2025-11,One year,Premium,1,74.06,Yes,Organic,West,1,1,57.1,0,No
CUST-01660,2025-09,Month-to-month,Standard,3,58.08,Yes,Referral,Midwest,1,3,75.4,0,Yes
CUST-01661,2025-07,Month-to-month,Standard,2,50.92,No,Sales-Assisted,South,1,5,82.8,0,Yes
CUST-01662,2024-06,One year,Basic,0,13.28,Yes,Referral,Midwest,18,18,79.7,0,No
CUST-01663,2025-02,Two year,Standard,1,44.79,Yes,Paid Search,West,10,10,57.3,0,No
CUST-01664,2025-11,Month-to-month,Basic,1,20.02,No,Paid Search,South,1,1,65.1,0,No
CUST-01665,2023-09,Month-to-month,Basic,2,31.76,No,Referral,West,2,27,65.1,0,Yes
CUST-01666,2025-10,Two year,Standard,0,33.98,Yes,Organic,Northeast,2,2,68.0,0,No
CUST-01667,2025-10,Month-to-month,Basic,2,29.64,Yes,Organic,Northeast,2,2,62.1,0,Yes
CUST-01668,2024-12,Two year,Standard,3,57.38,Yes,Organic,Northeast,12,12,52.6,0,No
CUST-01669,2024-05,Month-to-month,Standard,0,35.47,No,Paid Search,West,1,19,29.8,0,Yes
CUST-01670,2025-06,Month-to-month,Basic,2,31.17,No,Referral,West,6,6,61.6,0,No
CUST-01671,2025-04,Month-to-month,Basic,3,37.37,No,Referral,Northeast,8,8,34.9,1,No
CUST-01672,2024-04,Month-to-month,Premium,1,76.82,Yes,Paid Search,South,1,20,51.7,0,Yes
CUST-01673,2023-07,Month-to-month,Basic,4,50.07,Yes,Paid Search,Northeast,19,29,59.7,1,Yes
CUST-01674,2025-03,Two year,Basic,0,15.3,Yes,Referral,Northeast,9,9,56.3,0,No
CUST-01675,2025-02,Month-to-month,Basic,1,21.95,Yes,Paid Search,Midwest,10,10,58.3,0,No
CUST-01676,2025-04,Month-to-month,Basic,0,16.14,No,Paid Search,Midwest,8,8,71.3,0,No
CUST-01677,2024-06,Month-to-month,Premium,3,91.52,Yes,Organic,Northeast,18,18,90.1,0,No
CUST-01678,2024-08,Two year,Basic,1,22.63,No,Organic,Northeast,16,16,68.4,0,No
CUST-01679,2023-12,One year,Premium,3,88.85,Yes,Paid Search,Midwest,15,24,47.4,0,Yes
CUST-01680,2024-08,Month-to-month,Basic,1,26.78,Yes,Sales-Assisted,South,16,16,84.4,0,No
CUST-01681,2024-08,Month-to-month,Basic,1,20.32,No,Paid Search,Northeast,16,16,71.2,0,No
CUST-01682,2023-11,Month-to-month,Premium,3,90.21,Yes,Organic,South,1,25,47.2,0,Yes
CUST-01683,2024-08,Month-to-month,Standard,1,43.38,No,Referral,Northeast,3,16,49.8,0,Yes
CUST-01684,2023-12,Month-to-month,Standard,3,55.53,Yes,Paid Search,Northeast,19,24,62.5,0,Yes
CUST-01685,2024-02,One year,Basic,2,28.0,Yes,Paid Search,South,11,22,70.3,0,Yes
CUST-01686,2023-08,Month-to-month,Premium,1,74.74,No,Organic,Northeast,4,28,84.4,0,Yes
CUST-01687,2023-08,Month-to-month,Basic,0,15.75,Yes,Paid Search,West,5,28,85.4,0,Yes
CUST-01688,2025-08,Two year,Premium,0,64.95,Yes,Organic,Midwest,4,4,47.0,1,Yes
CUST-01689,2025-02,One year,Standard,2,50.42,Yes,Referral,South,3,10,81.3,0,Yes
CUST-01690,2025-10,One year,Standard,0,35.7,Yes,Referral,Northeast,2,2,63.1,0,No
CUST-01691,2023-09,Month-to-month,Premium,4,97.68,No,Organic,Northeast,23,27,37.4,2,Yes
CUST-01692,2024-02,Month-to-month,Standard,0,32.89,Yes,Paid Search,Northeast,22,22,74.9,0,No
CUST-01693,2023-10,Month-to-month,Basic,3,38.27,No,Organic,South,22,26,44.6,0,Yes
CUST-01694,2024-12,Month-to-month,Standard,0,37.08,Yes,Paid Search,Midwest,2,12,60.9,0,Yes
CUST-01695,2023-07,One year,Standard,2,47.47,Yes,Paid Search,Midwest,29,29,88.9,0,No
CUST-01696,2025-10,Month-to-month,Standard,3,55.14,No,Referral,Midwest,2,2,95.0,0,No
CUST-01697,2024-10,Month-to-month,Premium,2,81.43,No,Referral,Northeast,6,14,71.9,0,Yes
CUST-01698,2024-08,Month-to-month,Standard,2,48.78,No,Sales-Assisted,Northeast,15,16,70.5,0,Yes
CUST-01699,2023-10,Month-to-month,Basic,0,14.35,Yes,Paid Search,Midwest,19,26,62.6,1,Yes
CUST-01700,2025-02,One year,Standard,4,70.62,Yes,Organic,Midwest,10,10,58.7,0,No
CUST-01701,2025-06,Two year,Standard,0,33.77,Yes,Organic,South,6,6,61.1,0,No
CUST-01702,2025-05,Month-to-month,Basic,4,46.57,Yes,Referral,South,7,7,68.6,0,No
CUST-01703,2024-05,Month-to-month,Standard,1,44.46,No,Paid Search,South,2,19,70.3,0,Yes
CUST-01704,2024-04,One year,Basic,4,45.96,No,Organic,Northeast,20,20,65.2,0,No
CUST-01705,2024-11,Month-to-month,Basic,3,40.73,Yes,Organic,South,3,13,58.2,0,Yes
CUST-01706,2024-02,Month-to-month,Basic,3,39.69,Yes,Referral,Midwest,10,22,61.6,0,Yes
CUST-01707,2023-12,One year,Standard,2,50.85,Yes,Organic,West,24,24,71.7,1,No
CUST-01708,2025-04,Month-to-month,Basic,3,37.81,No,Sales-Assisted,Midwest,1,8,88.0,0,Yes
CUST-01709,2023-11,Month-to-month,Standard,0,34.79,Yes,Referral,South,10,25,30.5,1,Yes
CUST-01710,2024-04,Month-to-month,Standard,2,52.04,No,Organic,Midwest,13,20,50.8,1,Yes
CUST-01711,2023-11,Month-to-month,Basic,0,15.6,Yes,Organic,South,25,25,54.9,0,No
CUST-01712,2025-05,Month-to-month,Standard,3,57.88,Yes,Referral,Northeast,7,7,59.2,0,No
CUST-01713,2024-03,Month-to-month,Basic,1,21.76,Yes,Sales-Assisted,Midwest,21,21,93.7,0,No
CUST-01714,2023-10,One year,Standard,0,36.75,Yes,Paid Search,South,26,26,55.7,0,No
CUST-01715,2024-01,Month-to-month,Standard,1,44.18,Yes,Paid Search,Northeast,1,23,50.1,0,Yes
CUST-01716,2024-12,One year,Standard,1,41.74,Yes,Paid Search,Northeast,12,12,96.6,0,No
CUST-01717,2025-10,Two year,Basic,0,16.72,Yes,Organic,South,2,2,57.9,0,Yes
CUST-01718,2024-10,Two year,Premium,0,60.32,No,Referral,Northeast,14,14,60.2,0,No
CUST-01719,2024-04,Month-to-month,Premium,2,80.78,Yes,Organic,Midwest,16,20,55.8,1,Yes
CUST-01720,2025-07,Two year,Standard,0,32.3,Yes,Organic,South,5,5,41.7,0,No
CUST-01721,2024-09,Two year,Basic,0,15.08,Yes,Sales-Assisted,Midwest,6,15,56.7,0,Yes
CUST-01722,2024-10,Month-to-month,Basic,4,47.71,No,Organic,Northeast,14,14,76.0,0,No
CUST-01723,2023-07,Month-to-month,Basic,2,30.66,Yes,Sales-Assisted,South,8,29,81.4,0,Yes
CUST-01724,2025-03,One year,Premium,0,66.79,Yes,Paid Search,Northeast,9,9,67.6,0,No
CUST-01725,2024-03,One year,Premium,4,97.52,Yes,Sales-Assisted,Midwest,21,21,81.8,0,No
CUST-01726,2024-01,Month-to-month,Standard,1,43.23,No,Sales-Assisted,West,1,23,52.2,0,Yes
CUST-01727,2024-12,Two year,Premium,0,64.49,Yes,Referral,Midwest,12,12,68.6,0,No
CUST-01728,2025-08,Month-to-month,Basic,1,23.41,Yes,Organic,Northeast,4,4,55.3,2,No
CUST-01729,2024-04,Month-to-month,Basic,0,12.85,No,Organic,South,20,20,40.9,0,No
CUST-01730,2024-08,Two year,Premium,0,64.11,Yes,Sales-Assisted,Midwest,16,16,67.7,0,No
CUST-01731,2023-09,Month-to-month,Basic,0,15.4,No,Referral,Northeast,18,27,88.2,0,Yes
CUST-01732,2024-12,One year,Basic,4,47.74,Yes,Sales-Assisted,South,12,12,75.5,0,Yes
CUST-01733,2025-03,Month-to-month,Basic,4,45.48,Yes,Organic,Midwest,9,9,71.5,0,No
CUST-01734,2023-09,Month-to-month,Basic,1,25.34,Yes,Sales-Assisted,Northeast,18,27,86.6,0,Yes
CUST-01735,2024-12,Month-to-month,Premium,4,93.48,Yes,Referral,Midwest,2,12,79.6,0,Yes
CUST-01736,2024-05,Two year,Standard,1,45.41,Yes,Organic,West,19,19,67.9,0,No
CUST-01737,2025-05,Month-to-month,Premium,0,64.19,Yes,Organic,West,7,7,81.0,0,Yes
CUST-01738,2024-07,Month-to-month,Standard,3,58.57,No,Referral,Northeast,3,17,99.6,0,Yes
CUST-01739,2024-08,Month-to-month,Standard,0,35.15,No,Organic,South,16,16,92.0,0,Yes
CUST-01740,2025-07,Month-to-month,Basic,0,15.19,No,Organic,Northeast,5,5,75.7,0,No
CUST-01741,2023-07,Month-to-month,Basic,0,15.14,Yes,Organic,South,5,29,33.5,0,Yes
CUST-01742,2025-08,Two year,Basic,3,41.68,Yes,Paid Search,West,4,4,83.5,0,No
CUST-01743,2025-02,Two year,Standard,4,67.46,Yes,Paid Search,West,10,10,47.1,1,No
CUST-01744,2024-06,Two year,Basic,0,15.07,Yes,Referral,Northeast,18,18,53.4,0,No
CUST-01745,2025-04,Two year,Basic,0,15.42,Yes,Organic,West,8,8,54.0,0,No
CUST-01746,2023-09,One year,Basic,1,22.94,Yes,Paid Search,Midwest,23,27,86.1,0,Yes
CUST-01747,2024-12,One year,Standard,0,35.02,Yes,Referral,Northeast,12,12,66.2,0,No
CUST-01748,2025-09,Month-to-month,Premium,4,94.6,Yes,Paid Search,South,3,3,52.5,0,No
CUST-01749,2025-09,Month-to-month,Standard,0,33.91,Yes,Organic,West,3,3,94.8,0,Yes
CUST-01750,2024-11,Month-to-month,Standard,1,45.54,No,Paid Search,South,5,13,66.3,0,Yes
CUST-01751,2025-06,Two year,Basic,4,46.32,Yes,Sales-Assisted,West,6,6,51.0,0,No
CUST-01752,2025-01,Two year,Standard,0,33.71,No,Organic,West,11,11,50.6,1,No
CUST-01753,2024-08,Two year,Premium,0,66.83,Yes,Organic,Northeast,16,16,73.0,0,No
CUST-01754,2025-11,Month-to-month,Standard,2,49.21,Yes,Organic,Northeast,1,1,55.1,0,No
CUST-01755,2024-02,One year,Standard,3,56.24,Yes,Organic,Northeast,22,22,75.7,0,No
CUST-01756,2024-05,One year,Premium,2,82.16,Yes,Referral,Northeast,19,19,73.4,0,No
CUST-01757,2023-08,Month-to-month,Standard,1,42.62,Yes,Paid Search,South,12,28,44.8,1,Yes
CUST-01758,2024-10,Month-to-month,Basic,3,38.74,Yes,Referral,West,14,14,62.7,0,No
CUST-01759,2024-03,Two year,Standard,1,42.49,No,Paid Search,Northeast,21,21,67.0,0,No
CUST-01760,2024-10,Month-to-month,Basic,0,14.46,Yes,Organic,West,14,14,29.3,1,No
CUST-01761,2025-06,Month-to-month,Premium,0,62.58,Yes,Organic,Midwest,6,6,74.7,0,No
CUST-01762,2023-11,Month-to-month,Premium,3,88.91,Yes,Organic,Midwest,3,25,98.4,0,Yes
CUST-01763,2024-04,One year,Premium,2,78.82,Yes,Paid Search,Midwest,5,20,43.2,1,Yes
CUST-01764,2024-05,Month-to-month,Standard,0,38.14,Yes,Referral,South,19,19,92.7,1,No
CUST-01765,2024-06,Month-to-month,Standard,1,40.62,Yes,Referral,West,18,18,56.6,0,Yes
CUST-01766,2025-05,Month-to-month,Standard,2,47.87,Yes,Sales-Assisted,West,7,7,68.8,0,No
CUST-01767,2025-01,Month-to-month,Basic,2,30.63,No,Paid Search,Northeast,2,11,80.9,0,Yes
CUST-01768,2023-08,Month-to-month,Basic,0,14.43,No,Paid Search,Northeast,14,28,94.0,0,Yes
CUST-01769,2024-02,Month-to-month,Basic,1,23.78,Yes,Paid Search,Northeast,3,22,71.3,0,Yes
CUST-01770,2023-09,Two year,Premium,4,93.58,Yes,Sales-Assisted,Midwest,27,27,80.3,0,No
CUST-01771,2025-02,One year,Standard,1,40.2,Yes,Referral,South,10,10,69.4,0,No
CUST-01772,2024-03,Month-to-month,Basic,2,33.64,No,Referral,Northeast,21,21,85.6,0,No
CUST-01773,2024-02,Two year,Premium,2,81.45,Yes,Sales-Assisted,South,22,22,72.6,0,No
CUST-01774,2025-08,Month-to-month,Premium,0,64.1,Yes,Paid Search,Northeast,3,4,44.8,0,Yes
CUST-01775,2024-08,Month-to-month,Basic,1,25.47,No,Sales-Assisted,South,2,16,63.8,1,Yes
CUST-01776,2024-05,Month-to-month,Basic,3,40.62,No,Paid Search,West,2,19,97.3,0,Yes
CUST-01777,2025-11,Month-to-month,Basic,1,23.96,No,Paid Search,Midwest,1,1,65.7,0,No
CUST-01778,2025-11,One year,Standard,3,58.32,Yes,Organic,West,1,1,67.6,0,No
CUST-01779,2025-11,Month-to-month,Basic,3,41.39,Yes,Sales-Assisted,West,1,1,86.4,0,Yes
CUST-01780,2025-03,One year,Standard,1,39.9,No,Paid Search,Northeast,9,9,65.3,0,No
CUST-01781,2024-09,Two year,Standard,1,42.2,Yes,Referral,Midwest,15,15,89.3,0,No
CUST-01782,2024-11,Month-to-month,Standard,1,41.61,Yes,Paid Search,West,13,13,70.1,0,No
CUST-01783,2024-12,Month-to-month,Standard,4,69.07,Yes,Organic,Midwest,12,12,55.4,0,No
CUST-01784,2024-10,One year,Basic,2,31.74,Yes,Organic,West,14,14,66.0,0,No
CUST-01785,2025-11,Month-to-month,Basic,2,28.41,Yes,Paid Search,West,1,1,70.0,0,No
CUST-01786,2024-01,Month-to-month,Basic,0,14.96,No,Organic,South,2,23,72.5,0,Yes
CUST-01787,2024-08,Month-to-month,Basic,2,32.7,Yes,Paid Search,Northeast,1,16,34.6,1,Yes
CUST-01788,2024-07,Month-to-month,Standard,0,32.85,Yes,Referral,Midwest,10,17,28.4,3,Yes
CUST-01789,2025-08,Month-to-month,Basic,0,13.35,Yes,Referral,Northeast,2,4,85.1,0,Yes
CUST-01790,2024-05,Two year,Standard,1,41.2,No,Organic,South,19,19,85.0,0,No
CUST-01791,2024-06,One year,Basic,3,40.4,Yes,Organic,Midwest,18,18,92.5,0,No
CUST-01792,2024-10,One year,Standard,3,60.49,Yes,Organic,South,3,14,98.3,0,Yes
CUST-01793,2025-08,Month-to-month,Premium,0,64.08,Yes,Paid Search,West,4,4,60.9,0,No
CUST-01794,2024-02,One year,Standard,1,41.44,Yes,Referral,South,22,22,52.8,0,No
CUST-01795,2024-06,Month-to-month,Standard,2,52.36,No,Organic,South,18,18,69.5,0,No
CUST-01796,2025-06,Two year,Standard,0,36.92,Yes,Referral,Northeast,6,6,68.6,0,No
CUST-01797,2025-04,One year,Premium,2,83.39,Yes,Paid Search,West,8,8,94.6,0,No
CUST-01798,2023-09,One year,Basic,1,25.4,Yes,Sales-Assisted,South,24,27,69.9,0,Yes
CUST-01799,2025-04,One year,Basic,3,41.68,Yes,Organic,Northeast,8,8,78.8,0,No
CUST-01800,2023-11,One year,Premium,0,66.41,Yes,Sales-Assisted,Northeast,25,25,75.3,0,No
CUST-01801,2024-02,One year,Basic,3,40.37,Yes,Organic,South,22,22,74.1,0,No
CUST-01802,2023-09,Two year,Standard,2,52.2,Yes,Sales-Assisted,West,27,27,53.4,0,No
CUST-01803,2023-09,Month-to-month,Basic,0,16.37,Yes,Paid Search,South,1,27,63.9,0,Yes
CUST-01804,2023-08,Month-to-month,Basic,4,48.69,Yes,Sales-Assisted,South,28,28,66.3,0,No
CUST-01805,2023-09,Month-to-month,Standard,1,41.45,No,Paid Search,West,27,27,66.4,0,No
CUST-01806,2024-01,Two year,Basic,1,23.38,Yes,Organic,West,23,23,70.9,0,No
CUST-01807,2025-11,Month-to-month,Standard,3,56.31,Yes,Organic,Northeast,1,1,62.6,0,No
CUST-01808,2025-03,Month-to-month,Basic,0,12.71,Yes,Paid Search,Midwest,5,9,64.4,0,Yes
CUST-01809,2025-08,One year,Standard,3,58.87,Yes,Referral,Midwest,4,4,53.0,0,No
CUST-01810,2023-09,Two year,Premium,1,72.14,Yes,Organic,Northeast,27,27,32.7,1,No
CUST-01811,2025-06,One year,Standard,3,61.96,No,Sales-Assisted,Midwest,6,6,56.6,0,No
CUST-01812,2023-12,One year,Basic,0,11.62,Yes,Referral,West,24,24,65.3,0,No
CUST-01813,2023-10,Month-to-month,Basic,0,11.44,Yes,Paid Search,West,24,26,91.0,0,Yes
CUST-01814,2024-10,Two year,Standard,2,48.66,Yes,Paid Search,South,14,14,55.5,0,No
CUST-01815,2024-08,One year,Premium,1,74.49,Yes,Referral,Midwest,1,16,30.2,0,Yes
CUST-01816,2025-09,One year,Basic,3,39.14,Yes,Paid Search,Northeast,2,3,38.9,1,Yes
CUST-01817,2023-07,Month-to-month,Premium,0,65.48,No,Referral,West,1,29,65.8,0,Yes
CUST-01818,2023-07,Month-to-month,Standard,1,38.14,No,Organic,West,5,29,53.3,1,Yes
CUST-01819,2024-07,Month-to-month,Premium,2,81.38,Yes,Paid Search,Northeast,17,17,50.0,1,Yes
CUST-01820,2025-05,Month-to-month,Premium,1,68.85,Yes,Referral,West,7,7,55.4,0,No
CUST-01821,2025-06,Month-to-month,Standard,0,36.47,No,Organic,Northeast,6,6,63.5,0,No
CUST-01822,2025-06,Month-to-month,Basic,0,15.48,No,Organic,Midwest,1,6,37.9,0,Yes
CUST-01823,2024-12,Two year,Standard,2,51.44,Yes,Organic,West,12,12,36.1,1,No
CUST-01824,2024-07,Month-to-month,Premium,0,66.14,Yes,Paid Search,West,17,17,72.2,0,No
CUST-01825,2023-08,Month-to-month,Premium,0,68.2,Yes,Referral,Northeast,11,28,64.3,1,Yes
CUST-01826,2023-11,Month-to-month,Basic,2,33.27,No,Organic,Midwest,17,25,48.1,1,Yes
CUST-01827,2024-04,Month-to-month,Premium,1,71.29,Yes,Organic,Northeast,5,20,72.9,0,Yes
CUST-01828,2025-04,Month-to-month,Premium,0,64.17,Yes,Organic,Midwest,8,8,55.9,1,No
CUST-01829,2023-08,One year,Premium,0,65.27,Yes,Paid Search,Midwest,28,28,50.1,0,No
CUST-01830,2025-05,One year,Basic,1,21.16,Yes,Referral,Midwest,7,7,70.6,0,No
CUST-01831,2025-04,One year,Standard,2,51.52,Yes,Paid Search,Midwest,8,8,62.0,0,No
CUST-01832,2024-01,Month-to-month,Premium,1,70.3,Yes,Sales-Assisted,Northeast,1,23,65.6,0,Yes
CUST-01833,2024-04,One year,Standard,0,33.85,Yes,Referral,South,20,20,57.1,0,No
CUST-01834,2024-07,Two year,Basic,2,32.87,Yes,Organic,Northeast,3,17,86.8,0,Yes
CUST-01835,2023-09,One year,Premium,3,89.52,Yes,Organic,West,27,27,62.6,0,No
CUST-01836,2024-07,Month-to-month,Basic,1,24.18,Yes,Referral,South,17,17,71.0,0,Yes
CUST-01837,2025-10,Month-to-month,Premium,2,77.96,Yes,Organic,South,2,2,56.0,0,No
CUST-01838,2024-06,Month-to-month,Standard,2,50.31,Yes,Paid Search,Northeast,18,18,64.0,0,No
CUST-01839,2025-08,Two year,Basic,2,28.4,Yes,Organic,Midwest,4,4,34.8,1,No
CUST-01840,2023-12,Month-to-month,Premium,2,80.29,Yes,Organic,West,3,24,75.1,0,Yes
CUST-01841,2025-03,Month-to-month,Standard,0,34.46,Yes,Referral,Northeast,4,9,78.2,0,Yes
CUST-01842,2024-01,One year,Basic,0,11.28,Yes,Organic,Midwest,23,23,77.6,0,No
CUST-01843,2023-09,Two year,Standard,1,42.36,Yes,Organic,Midwest,27,27,92.2,0,No
CUST-01844,2025-04,Two year,Basic,1,23.37,No,Organic,Northeast,8,8,87.9,0,No
CUST-01845,2023-09,One year,Premium,0,66.32,Yes,Sales-Assisted,Midwest,5,27,38.7,0,Yes
CUST-01846,2025-01,Month-to-month,Basic,0,16.1,Yes,Organic,South,11,11,49.2,0,No
CUST-01847,2025-01,Two year,Basic,1,25.14,Yes,Paid Search,South,11,11,67.3,1,No
CUST-01848,2023-07,One year,Standard,0,34.62,Yes,Organic,South,27,29,54.3,1,Yes
CUST-01849,2023-08,Month-to-month,Basic,2,28.47,No,Paid Search,Northeast,2,28,40.2,0,Yes
CUST-01850,2023-11,One year,Basic,0,16.29,Yes,Paid Search,Midwest,25,25,70.8,0,No
CUST-01851,2025-10,Month-to-month,Standard,2,48.9,No,Paid Search,South,2,2,37.7,2,No
CUST-01852,2024-08,Month-to-month,Basic,1,23.53,No,Referral,Midwest,16,16,68.8,0,No
CUST-01853,2025-06,One year,Basic,2,33.83,No,Paid Search,Midwest,6,6,65.3,0,No
CUST-01854,2025-02,Month-to-month,Standard,2,55.78,Yes,Paid Search,Midwest,2,10,77.5,0,Yes
CUST-01855,2024-11,Month-to-month,Premium,3,88.24,Yes,Sales-Assisted,Midwest,13,13,55.5,1,No
CUST-01856,2023-09,Month-to-month,Basic,2,30.35,No,Paid Search,West,27,27,68.7,0,No
CUST-01857,2023-12,Two year,Standard,1,41.74,Yes,Organic,Northeast,24,24,47.7,0,No
CUST-01858,2025-03,One year,Standard,1,43.64,Yes,Paid Search,Northeast,2,9,27.0,2,Yes
CUST-01859,2023-08,One year,Standard,0,36.96,Yes,Paid Search,West,28,28,63.4,0,No
CUST-01860,2024-10,Two year,Basic,0,11.28,No,Paid Search,Midwest,14,14,68.8,0,No
CUST-01861,2024-03,Month-to-month,Basic,1,22.41,No,Organic,Midwest,21,21,58.5,0,No
CUST-01862,2024-06,Month-to-month,Basic,0,15.99,Yes,Referral,Northeast,12,18,63.2,1,Yes
CUST-01863,2025-07,Month-to-month,Standard,0,30.57,Yes,Organic,West,5,5,89.0,0,No
CUST-01864,2024-01,Two year,Basic,2,29.34,No,Organic,West,23,23,53.0,1,No
CUST-01865,2024-07,Month-to-month,Premium,3,88.7,Yes,Organic,Northeast,7,17,87.9,0,Yes
CUST-01866,2024-03,Month-to-month,Basic,1,22.03,Yes,Sales-Assisted,West,17,21,70.9,1,Yes
CUST-01867,2025-11,Month-to-month,Basic,0,17.79,Yes,Referral,South,1,1,76.9,0,No
CUST-01868,2024-04,Month-to-month,Basic,0,16.74,No,Organic,South,20,20,95.0,0,No
CUST-01869,2025-07,Two year,Basic,1,22.58,No,Organic,Midwest,5,5,71.0,0,No
CUST-01870,2025-05,One year,Basic,1,25.3,Yes,Referral,South,7,7,94.5,0,No
CUST-01871,2023-10,Month-to-month,Premium,0,68.91,No,Paid Search,Midwest,26,26,67.5,0,No
CUST-01872,2025-02,Two year,Basic,1,22.93,Yes,Sales-Assisted,West,10,10,89.9,0,No
CUST-01873,2023-07,Two year,Standard,1,43.39,Yes,Referral,Northeast,29,29,87.2,0,No
CUST-01874,2024-02,Month-to-month,Basic,3,40.66,Yes,Paid Search,West,1,22,89.9,0,Yes
CUST-01875,2024-02,One year,Basic,0,11.22,No,Organic,South,22,22,41.9,0,No
CUST-01876,2024-07,One year,Premium,2,79.78,Yes,Organic,Northeast,17,17,32.5,1,No
CUST-01877,2024-02,Month-to-month,Basic,1,24.21,Yes,Referral,Northeast,1,22,86.5,0,Yes
CUST-01878,2023-09,Month-to-month,Basic,0,15.7,Yes,Paid Search,South,1,27,44.4,1,Yes
CUST-01879,2025-05,Month-to-month,Standard,1,41.52,Yes,Paid Search,West,7,7,71.3,0,No
CUST-01880,2025-09,Month-to-month,Standard,1,43.58,Yes,Organic,Midwest,3,3,71.8,0,No
CUST-01881,2024-08,Month-to-month,Premium,4,97.61,Yes,Paid Search,Northeast,5,16,44.4,0,Yes
CUST-01882,2023-07,One year,Standard,0,32.1,Yes,Paid Search,South,29,29,72.0,0,No
CUST-01883,2024-03,One year,Standard,1,43.88,Yes,Organic,South,21,21,78.5,0,No
CUST-01884,2024-09,Month-to-month,Basic,0,12.88,Yes,Paid Search,South,10,15,58.8,0,Yes
CUST-01885,2024-09,Month-to-month,Premium,4,93.83,Yes,Referral,Midwest,8,15,80.7,0,Yes
CUST-01886,2025-03,Two year,Standard,0,32.03,Yes,Organic,Northeast,9,9,53.3,0,No
CUST-01887,2024-09,One year,Standard,3,59.4,Yes,Referral,West,15,15,70.3,2,No
CUST-01888,2025-09,One year,Basic,4,44.9,Yes,Referral,West,3,3,86.9,0,No
CUST-01889,2025-11,One year,Standard,1,40.99,Yes,Sales-Assisted,West,1,1,79.6,0,No
CUST-01890,2025-10,Month-to-month,Standard,1,39.96,No,Referral,South,2,2,52.5,0,No
CUST-01891,2023-11,One year,Premium,1,70.31,Yes,Paid Search,Northeast,25,25,38.5,1,No
CUST-01892,2023-07,One year,Standard,3,59.25,Yes,Paid Search,Midwest,29,29,59.7,0,No
CUST-01893,2024-01,One year,Standard,1,42.69,Yes,Paid Search,West,8,23,82.2,0,Yes
CUST-01894,2024-01,One year,Basic,0,13.43,Yes,Referral,West,23,23,64.5,0,No
CUST-01895,2024-11,Month-to-month,Premium,1,72.23,Yes,Sales-Assisted,Midwest,13,13,41.4,1,No
CUST-01896,2023-07,Month-to-month,Basic,1,24.16,No,Paid Search,West,29,29,81.1,0,No
CUST-01897,2024-06,One year,Standard,1,45.45,Yes,Referral,West,18,18,78.5,0,No
CUST-01898,2023-11,One year,Standard,0,38.64,Yes,Referral,South,3,25,38.4,0,Yes
CUST-01899,2024-01,One year,Basic,4,43.91,Yes,Referral,West,23,23,48.3,0,No
CUST-01900,2024-11,Month-to-month,Standard,1,41.68,No,Referral,South,13,13,52.7,1,No
CUST-01901,2024-09,One year,Standard,3,58.85,Yes,Sales-Assisted,South,2,15,74.0,0,Yes
CUST-01902,2025-06,One year,Basic,3,37.13,Yes,Organic,West,6,6,91.8,0,No
CUST-01903,2024-03,Two year,Standard,0,36.58,Yes,Referral,West,21,21,30.8,1,No
CUST-01904,2024-08,Month-to-month,Basic,0,15.76,Yes,Organic,South,16,16,39.3,0,No
CUST-01905,2024-04,One year,Basic,1,23.29,Yes,Paid Search,South,2,20,55.9,1,Yes
CUST-01906,2025-05,Month-to-month,Premium,0,63.32,Yes,Organic,Midwest,7,7,68.4,0,No
CUST-01907,2025-10,One year,Basic,0,17.79,Yes,Paid Search,Midwest,2,2,62.2,0,No
CUST-01908,2025-07,Month-to-month,Basic,2,30.49,Yes,Organic,South,1,5,84.6,0,Yes
CUST-01909,2024-09,One year,Basic,0,12.73,Yes,Paid Search,Northeast,15,15,71.4,0,No
CUST-01910,2024-07,Month-to-month,Standard,4,68.95,Yes,Referral,South,17,17,57.6,1,No
CUST-01911,2025-07,Month-to-month,Premium,3,89.46,Yes,Paid Search,Northeast,5,5,79.1,1,No
CUST-01912,2024-07,Month-to-month,Standard,1,43.26,Yes,Organic,West,17,17,62.9,0,No
CUST-01913,2023-08,One year,Standard,0,35.64,Yes,Paid Search,Northeast,28,28,82.0,0,No
CUST-01914,2023-07,Month-to-month,Basic,4,44.94,Yes,Referral,South,29,29,49.1,0,No
CUST-01915,2023-08,Month-to-month,Premium,3,92.01,Yes,Paid Search,West,17,28,53.8,1,Yes
CUST-01916,2023-12,Month-to-month,Standard,0,36.71,Yes,Organic,South,24,24,64.4,0,No
CUST-01917,2025-07,One year,Standard,1,41.85,Yes,Referral,West,5,5,56.0,1,No
CUST-01918,2025-11,Month-to-month,Standard,3,58.17,No,Organic,Midwest,1,1,47.7,0,No
CUST-01919,2025-09,Two year,Basic,2,30.49,Yes,Paid Search,Northeast,3,3,92.7,0,No
CUST-01920,2025-07,Month-to-month,Basic,0,13.32,No,Organic,West,2,5,64.9,0,Yes
CUST-01921,2023-08,Month-to-month,Premium,1,74.1,No,Paid Search,Northeast,1,28,33.7,1,Yes
CUST-01922,2024-07,Month-to-month,Basic,0,13.55,Yes,Paid Search,West,4,17,62.5,1,Yes
CUST-01923,2025-09,Month-to-month,Premium,0,67.19,No,Referral,South,1,3,83.7,0,Yes
CUST-01924,2024-03,Month-to-month,Standard,0,36.08,No,Referral,South,4,21,52.8,2,Yes
CUST-01925,2024-07,Month-to-month,Standard,0,31.52,No,Organic,South,7,17,60.7,0,Yes
CUST-01926,2023-07,Month-to-month,Premium,2,82.91,Yes,Organic,South,18,29,61.2,2,Yes
CUST-01927,2025-08,Month-to-month,Premium,4,96.76,Yes,Organic,South,4,4,56.9,0,No
CUST-01928,2024-08,Two year,Basic,0,17.3,Yes,Paid Search,Northeast,16,16,61.1,0,No
CUST-01929,2025-06,One year,Basic,0,10.82,Yes,Paid Search,Midwest,6,6,45.1,1,No
CUST-01930,2024-10,Month-to-month,Standard,2,50.89,No,Sales-Assisted,South,14,14,95.2,0,Yes
CUST-01931,2024-05,Month-to-month,Basic,0,15.76,No,Sales-Assisted,South,19,19,60.5,0,No
CUST-01932,2025-11,Two year,Basic,1,23.28,Yes,Organic,South,1,1,64.6,0,No
CUST-01933,2025-01,Month-to-month,Standard,2,52.23,Yes,Organic,Northeast,11,11,61.9,0,No
CUST-01934,2024-11,Month-to-month,Standard,0,36.05,No,Organic,Midwest,3,13,34.6,0,Yes
CUST-01935,2025-09,One year,Premium,1,76.2,Yes,Paid Search,Midwest,3,3,87.6,0,No
CUST-01936,2023-10,Month-to-month,Standard,2,50.35,No,Referral,Northeast,26,26,72.3,0,No
CUST-01937,2025-04,Month-to-month,Premium,1,73.82,No,Referral,Northeast,5,8,99.0,0,Yes
CUST-01938,2025-10,Month-to-month,Premium,1,69.89,No,Paid Search,West,1,2,77.7,0,Yes
CUST-01939,2023-09,One year,Basic,1,22.65,Yes,Paid Search,Northeast,27,27,71.5,0,No
CUST-01940,2024-08,Month-to-month,Premium,1,72.81,Yes,Paid Search,South,4,16,19.1,0,Yes
CUST-01941,2024-05,Month-to-month,Basic,0,16.66,Yes,Paid Search,Midwest,3,19,75.7,0,Yes
CUST-01942,2023-08,One year,Standard,0,34.13,Yes,Paid Search,South,2,28,35.0,0,Yes
CUST-01943,2025-03,Month-to-month,Premium,3,87.24,Yes,Organic,South,9,9,53.5,1,No
CUST-01944,2023-08,Month-to-month,Premium,1,74.53,No,Organic,Midwest,7,28,25.1,2,Yes
CUST-01945,2024-01,One year,Standard,3,58.95,Yes,Paid Search,Northeast,21,23,46.6,1,Yes
CUST-01946,2025-11,One year,Standard,0,37.54,Yes,Organic,Northeast,1,1,36.5,1,No
CUST-01947,2025-09,Two year,Standard,2,50.48,Yes,Sales-Assisted,South,3,3,60.4,0,No
CUST-01948,2025-03,Month-to-month,Standard,1,40.34,Yes,Paid Search,Midwest,9,9,37.7,0,No
CUST-01949,2023-11,One year,Standard,0,34.76,Yes,Sales-Assisted,West,25,25,79.2,1,No
CUST-01950,2025-06,Month-to-month,Standard,0,34.8,Yes,Paid Search,West,6,6,68.3,0,No
CUST-01951,2024-04,Two year,Standard,0,34.89,Yes,Sales-Assisted,Northeast,20,20,45.0,1,No
CUST-01952,2023-07,One year,Basic,0,15.22,Yes,Paid Search,West,29,29,89.1,0,No
CUST-01953,2025-02,Month-to-month,Basic,0,17.09,Yes,Organic,West,10,10,46.9,0,No
CUST-01954,2023-12,Month-to-month,Standard,0,37.2,Yes,Organic,Northeast,15,24,42.7,0,Yes
CUST-01955,2025-08,Two year,Standard,0,35.5,Yes,Paid Search,Northeast,4,4,45.4,2,No
CUST-01956,2025-04,Month-to-month,Premium,0,65.46,Yes,Referral,West,2,8,60.3,0,Yes
CUST-01957,2024-10,Month-to-month,Basic,1,24.6,No,Paid Search,Midwest,5,14,78.3,0,Yes
CUST-01958,2024-12,Month-to-month,Standard,0,34.84,No,Paid Search,Midwest,12,12,78.7,0,No
CUST-01959,2025-10,Two year,Basic,1,21.23,Yes,Paid Search,Northeast,2,2,59.9,1,No
CUST-01960,2024-04,Month-to-month,Basic,1,21.76,No,Organic,Midwest,3,20,55.9,0,Yes
CUST-01961,2023-07,Two year,Basic,0,13.25,Yes,Referral,Northeast,11,29,66.4,0,Yes
CUST-01962,2025-11,Month-to-month,Basic,0,12.73,Yes,Organic,South,1,1,58.0,0,No
CUST-01963,2025-05,Month-to-month,Standard,0,32.11,Yes,Referral,Northeast,7,7,61.0,1,No
CUST-01964,2025-07,One year,Standard,3,58.96,Yes,Organic,Midwest,5,5,46.9,0,No
CUST-01965,2025-07,Month-to-month,Standard,0,32.57,No,Organic,West,5,5,58.9,1,No
CUST-01966,2024-01,One year,Standard,0,32.72,Yes,Organic,West,23,23,96.8,0,No
CUST-01967,2025-08,Month-to-month,Basic,3,35.79,Yes,Referral,Northeast,2,4,63.3,0,Yes
CUST-01968,2025-03,Month-to-month,Premium,1,72.23,Yes,Organic,West,8,9,88.6,1,Yes
CUST-01969,2023-07,One year,Basic,0,16.87,Yes,Paid Search,West,29,29,30.8,0,No
CUST-01970,2025-05,One year,Premium,0,67.41,Yes,Paid Search,Northeast,7,7,66.6,0,No
CUST-01971,2024-01,Month-to-month,Premium,1,71.61,Yes,Referral,Midwest,1,23,84.5,0,Yes
CUST-01972,2023-09,Month-to-month,Standard,0,32.17,Yes,Sales-Assisted,South,6,27,65.6,1,Yes
CUST-01973,2024-11,One year,Basic,0,15.09,Yes,Organic,Midwest,8,13,68.9,1,Yes
CUST-01974,2024-03,Month-to-month,Standard,2,53.83,Yes,Organic,South,1,21,42.1,1,Yes
CUST-01975,2024-09,One year,Basic,1,26.62,Yes,Paid Search,Midwest,15,15,52.0,1,No
CUST-01976,2023-11,Month-to-month,Premium,0,66.59,No,Organic,South,1,25,69.3,0,Yes
CUST-01977,2024-06,Two year,Basic,0,15.65,Yes,Sales-Assisted,Midwest,18,18,40.3,2,No
CUST-01978,2024-01,Month-to-month,Basic,1,26.77,No,Paid Search,South,9,23,60.4,0,Yes
CUST-01979,2025-11,Two year,Basic,1,22.54,Yes,Sales-Assisted,Northeast,1,1,94.7,0,No
CUST-01980,2024-09,Two year,Premium,0,63.77,Yes,Referral,Midwest,15,15,60.5,0,No
CUST-01981,2023-12,One year,Standard,0,35.25,Yes,Organic,Northeast,24,24,68.0,1,No
CUST-01982,2025-06,Month-to-month,Premium,2,78.95,Yes,Paid Search,Midwest,6,6,59.2,0,No
CUST-01983,2024-11,One year,Premium,0,67.09,Yes,Paid Search,Northeast,13,13,97.4,0,No
CUST-01984,2024-03,Month-to-month,Standard,3,55.61,No,Paid Search,West,10,21,41.9,0,Yes
CUST-01985,2024-08,Month-to-month,Basic,2,26.93,Yes,Paid Search,Northeast,1,16,38.4,0,Yes
CUST-01986,2024-08,Month-to-month,Premium,2,78.47,Yes,Sales-Assisted,South,16,16,53.2,0,No
CUST-01987,2025-11,Month-to-month,Basic,3,41.79,No,Organic,Midwest,1,1,100.0,0,No
CUST-01988,2024-02,Month-to-month,Standard,1,43.06,No,Referral,Northeast,1,22,100.0,0,Yes
CUST-01989,2024-02,Month-to-month,Standard,1,42.67,Yes,Organic,West,3,22,58.3,0,Yes
CUST-01990,2024-04,Month-to-month,Premium,1,72.02,No,Organic,South,2,20,13.8,0,Yes
CUST-01991,2025-08,One year,Basic,3,36.44,Yes,Organic,Northeast,4,4,78.8,0,No
CUST-01992,2024-01,Month-to-month,Standard,1,43.47,No,Organic,West,3,23,62.8,0,Yes
CUST-01993,2024-10,One year,Standard,0,34.46,Yes,Organic,West,5,14,39.4,2,Yes
CUST-01994,2025-10,Month-to-month,Standard,1,42.21,Yes,Sales-Assisted,Midwest,2,2,74.5,0,No
CUST-01995,2024-09,Two year,Standard,1,46.79,Yes,Paid Search,Northeast,15,15,50.2,0,No
CUST-01996,2025-07,One year,Standard,4,64.85,No,Sales-Assisted,West,5,5,80.6,0,No
CUST-01997,2025-09,Two year,Standard,0,35.49,No,Paid Search,Midwest,3,3,71.7,0,No
CUST-01998,2023-10,One year,Standard,3,61.55,Yes,Sales-Assisted,West,26,26,53.0,0,No
CUST-01999,2025-05,Month-to-month,Standard,3,59.51,No,Sales-Assisted,South,1,7,75.3,1,Yes
CUST-02000,2024-04,Month-to-month,Basic,3,40.96,Yes,Organic,South,8,20,51.2,0,Yes
CUST-02001,2024-02,Month-to-month,Standard,0,34.15,Yes,Organic,South,22,22,76.3,0,No
CUST-02002,2023-10,One year,Premium,1,70.67,Yes,Organic,Northeast,26,26,85.9,0,No
CUST-02003,2023-11,Month-to-month,Standard,3,58.58,No,Paid Search,Midwest,2,25,42.5,0,Yes
CUST-02004,2025-10,Month-to-month,Standard,2,52.23,No,Sales-Assisted,West,1,2,65.5,1,Yes
CUST-02005,2023-11,Month-to-month,Standard,0,30.83,Yes,Organic,South,5,25,95.4,0,Yes
CUST-02006,2024-08,Month-to-month,Standard,0,32.93,Yes,Paid Search,West,16,16,88.5,0,No
CUST-02007,2023-09,One year,Basic,0,14.36,Yes,Organic,Northeast,7,27,48.7,0,Yes
CUST-02008,2025-11,Two year,Standard,2,49.75,No,Organic,Northeast,1,1,35.9,0,No
CUST-02009,2023-09,Month-to-month,Basic,3,40.24,No,Referral,South,1,27,81.8,0,Yes
CUST-02010,2025-07,Two year,Premium,1,72.23,Yes,Organic,West,5,5,75.2,0,No
CUST-02011,2024-08,One year,Basic,2,32.95,No,Organic,West,11,16,45.3,1,Yes
CUST-02012,2025-10,Month-to-month,Standard,2,51.04,No,Sales-Assisted,Midwest,1,2,45.8,0,Yes
CUST-02013,2025-11,One year,Basic,0,14.69,Yes,Paid Search,Northeast,1,1,73.6,0,No
CUST-02014,2025-06,Month-to-month,Standard,1,40.74,Yes,Organic,West,3,6,63.1,0,Yes
CUST-02015,2023-08,Month-to-month,Standard,2,52.65,Yes,Paid Search,West,28,28,74.5,0,No
CUST-02016,2025-04,Month-to-month,Basic,0,16.2,Yes,Organic,Northeast,8,8,65.9,0,No
CUST-02017,2025-08,One year,Basic,3,37.69,Yes,Organic,Northeast,4,4,62.2,0,No
CUST-02018,2025-09,Month-to-month,Basic,0,17.54,Yes,Paid Search,South,3,3,67.3,0,No
CUST-02019,2025-11,Month-to-month,Standard,2,51.75,No,Paid Search,South,1,1,100.0,0,No
CUST-02020,2024-05,One year,Standard,1,43.11,Yes,Paid Search,Northeast,19,19,79.0,0,No
CUST-02021,2023-12,Two year,Standard,1,43.12,Yes,Referral,Midwest,24,24,69.6,0,No
CUST-02022,2024-07,Month-to-month,Basic,0,11.79,No,Organic,South,16,17,63.1,0,Yes
CUST-02023,2024-07,Month-to-month,Standard,1,45.64,No,Referral,South,3,17,99.1,0,Yes
CUST-02024,2024-04,One year,Basic,2,33.49,Yes,Paid Search,West,20,20,73.3,0,No
CUST-02025,2023-07,Two year,Premium,0,60.66,Yes,Organic,South,29,29,57.5,2,No
CUST-02026,2023-07,One year,Premium,0,63.34,Yes,Organic,West,29,29,42.2,1,No
CUST-02027,2024-03,Two year,Standard,2,51.33,No,Referral,South,21,21,83.8,0,No
CUST-02028,2025-03,One year,Standard,0,36.07,Yes,Paid Search,South,9,9,74.5,0,No
CUST-02029,2025-07,Month-to-month,Basic,0,13.74,Yes,Sales-Assisted,South,5,5,77.9,0,No
CUST-02030,2025-04,One year,Standard,0,35.87,Yes,Organic,West,8,8,79.3,0,No
CUST-02031,2025-08,Month-to-month,Standard,2,53.62,Yes,Organic,Midwest,4,4,54.7,0,No
CUST-02032,2025-03,One year,Standard,0,35.84,Yes,Sales-Assisted,South,9,9,85.3,0,No
CUST-02033,2024-03,Month-to-month,Standard,1,38.48,Yes,Referral,Midwest,13,21,53.4,0,Yes
CUST-02034,2023-12,Two year,Premium,0,64.46,Yes,Referral,West,24,24,96.5,0,No
CUST-02035,2023-07,Month-to-month,Premium,3,90.02,No,Paid Search,South,29,29,76.4,0,No
CUST-02036,2024-05,Month-to-month,Standard,1,41.48,Yes,Paid Search,West,2,19,85.8,0,Yes
CUST-02037,2024-11,Month-to-month,Premium,1,76.7,Yes,Referral,Midwest,13,13,93.1,1,No
CUST-02038,2024-02,Month-to-month,Standard,0,38.92,No,Sales-Assisted,South,22,22,87.9,0,No
CUST-02039,2025-02,Month-to-month,Standard,0,31.93,Yes,Sales-Assisted,South,8,10,44.1,2,Yes
CUST-02040,2025-05,One year,Standard,2,50.72,Yes,Sales-Assisted,Northeast,7,7,98.6,0,No
CUST-02041,2024-07,Month-to-month,Standard,3,58.96,Yes,Organic,West,1,17,49.0,0,Yes
CUST-02042,2025-08,Two year,Basic,0,14.67,No,Paid Search,Midwest,4,4,81.9,0,No
CUST-02043,2024-04,Month-to-month,Standard,0,35.52,Yes,Paid Search,South,6,20,58.3,0,Yes
CUST-02044,2024-10,Month-to-month,Basic,0,15.87,Yes,Paid Search,Midwest,14,14,97.3,0,No
CUST-02045,2025-03,Two year,Standard,0,34.52,Yes,Organic,Midwest,9,9,52.9,1,No
CUST-02046,2023-09,Month-to-month,Premium,0,65.29,Yes,Paid Search,West,1,27,76.1,0,Yes
CUST-02047,2024-07,One year,Standard,2,48.38,Yes,Paid Search,West,3,17,68.3,0,Yes
CUST-02048,2025-04,Two year,Standard,0,34.2,Yes,Organic,Midwest,8,8,59.6,0,No
CUST-02049,2024-12,One year,Basic,0,13.91,No,Paid Search,Midwest,12,12,58.9,1,No
CUST-02050,2024-01,Month-to-month,Standard,1,40.57,Yes,Paid Search,West,23,23,73.8,0,No
CUST-02051,2024-08,One year,Basic,1,21.85,Yes,Organic,Midwest,16,16,50.4,0,No
CUST-02052,2024-03,Two year,Standard,0,32.6,Yes,Paid Search,Northeast,21,21,93.0,0,No
CUST-02053,2024-10,One year,Basic,2,28.83,Yes,Referral,West,2,14,86.6,0,Yes
CUST-02054,2025-01,Month-to-month,Basic,2,31.16,Yes,Organic,Midwest,11,11,43.4,0,Yes
CUST-02055,2023-09,Two year,Premium,1,73.7,Yes,Organic,West,27,27,72.5,0,No
CUST-02056,2024-03,Month-to-month,Standard,0,33.39,Yes,Sales-Assisted,West,21,21,74.2,1,No
CUST-02057,2024-11,Month-to-month,Basic,3,39.79,Yes,Paid Search,South,13,13,94.3,0,No
CUST-02058,2023-09,Two year,Premium,1,71.14,Yes,Paid Search,West,27,27,83.3,0,No
CUST-02059,2023-08,Month-to-month,Standard,2,53.36,Yes,Organic,Midwest,1,28,83.0,0,Yes
CUST-02060,2025-05,One year,Basic,2,33.74,Yes,Organic,Midwest,7,7,69.3,0,No
CUST-02061,2025-01,One year,Basic,0,15.39,Yes,Organic,Midwest,11,11,55.8,0,No
CUST-02062,2025-04,Month-to-month,Premium,1,75.87,Yes,Paid Search,West,1,8,31.9,1,Yes
CUST-02063,2025-10,Month-to-month,Basic,2,32.22,Yes,Referral,West,2,2,45.6,1,No
CUST-02064,2024-12,One year,Standard,4,67.5,Yes,Paid Search,Northeast,12,12,63.9,1,No
CUST-02065,2023-09,One year,Standard,3,58.76,No,Organic,West,1,27,94.0,0,Yes
CUST-02066,2025-06,One year,Premium,2,80.82,Yes,Sales-Assisted,South,6,6,77.1,0,No
CUST-02067,2025-06,Month-to-month,Basic,2,26.48,Yes,Paid Search,West,6,6,93.7,0,No
CUST-02068,2024-12,Month-to-month,Standard,0,32.46,No,Paid Search,South,6,12,63.3,1,Yes
CUST-02069,2025-09,Two year,Standard,1,43.2,Yes,Organic,West,3,3,58.8,0,No
CUST-02070,2024-02,Two year,Premium,0,65.57,Yes,Paid Search,Midwest,4,22,72.6,0,Yes
CUST-02071,2025-05,Month-to-month,Basic,1,23.84,No,Paid Search,West,7,7,67.3,1,No
CUST-02072,2023-11,Month-to-month,Basic,3,40.49,No,Referral,Midwest,2,25,56.4,1,Yes
CUST-02073,2023-11,Two year,Standard,2,52.15,Yes,Organic,West,25,25,93.0,0,No
CUST-02074,2024-04,One year,Standard,1,41.88,Yes,Organic,West,20,20,68.7,1,No
CUST-02075,2024-05,Month-to-month,Basic,2,31.68,Yes,Paid Search,South,2,19,36.7,1,Yes
CUST-02076,2024-08,Month-to-month,Basic,3,43.3,No,Sales-Assisted,Midwest,10,16,45.3,0,Yes
CUST-02077,2024-11,Month-to-month,Standard,2,48.69,Yes,Paid Search,Northeast,4,13,65.7,0,Yes
CUST-02078,2023-09,Month-to-month,Premium,0,67.8,No,Organic,Midwest,8,27,81.7,0,Yes
CUST-02079,2025-05,One year,Standard,1,39.74,No,Paid Search,South,7,7,58.4,1,No
CUST-02080,2025-06,Month-to-month,Standard,0,32.34,Yes,Organic,South,1,6,93.5,0,Yes
CUST-02081,2025-11,Two year,Premium,2,78.51,Yes,Organic,South,1,1,100.0,1,No
CUST-02082,2024-03,Month-to-month,Premium,3,88.31,Yes,Referral,West,6,21,62.8,0,Yes
CUST-02083,2023-09,One year,Standard,2,51.85,No,Paid Search,South,17,27,71.3,0,Yes
CUST-02084,2024-12,Month-to-month,Premium,0,62.64,Yes,Referral,Northeast,12,12,58.2,3,No
CUST-02085,2025-10,Month-to-month,Premium,2,85.94,No,Sales-Assisted,Midwest,2,2,58.7,0,No
CUST-02086,2023-08,Month-to-month,Standard,3,61.31,No,Paid Search,West,11,28,77.5,0,Yes
CUST-02087,2025-07,Month-to-month,Standard,1,44.67,No,Organic,West,5,5,87.0,0,No
CUST-02088,2025-06,One year,Basic,1,21.99,No,Organic,South,6,6,51.3,2,No
CUST-02089,2024-04,Month-to-month,Basic,3,37.97,Yes,Paid Search,West,20,20,52.8,1,No
CUST-02090,2025-04,Month-to-month,Basic,1,25.24,No,Sales-Assisted,Midwest,3,8,82.8,0,Yes
CUST-02091,2024-05,Month-to-month,Standard,0,32.55,Yes,Organic,South,19,19,68.5,0,No
CUST-02092,2025-08,Month-to-month,Premium,0,65.83,Yes,Paid Search,South,4,4,53.1,0,No
CUST-02093,2023-11,One year,Premium,0,65.66,Yes,Organic,Midwest,19,25,51.0,0,Yes
CUST-02094,2024-10,One year,Basic,4,43.52,Yes,Sales-Assisted,South,14,14,98.2,0,No
CUST-02095,2025-05,Two year,Basic,0,14.13,Yes,Paid Search,Midwest,7,7,47.7,3,No
CUST-02096,2024-04,One year,Premium,4,97.88,Yes,Sales-Assisted,South,20,20,50.3,0,No
CUST-02097,2025-11,One year,Basic,0,20.19,Yes,Referral,South,1,1,67.8,0,No
CUST-02098,2025-03,Month-to-month,Standard,0,32.61,Yes,Referral,South,9,9,88.6,0,No
CUST-02099,2024-11,Month-to-month,Premium,1,72.99,No,Paid Search,South,13,13,44.7,1,No
CUST-02100,2023-09,One year,Standard,2,48.58,Yes,Referral,West,27,27,95.8,0,No
CUST-02101,2024-06,Two year,Standard,2,52.2,Yes,Sales-Assisted,Northeast,18,18,95.0,0,No
CUST-02102,2023-12,Two year,Premium,1,72.57,Yes,Referral,Northeast,5,24,36.8,1,Yes
CUST-02103,2023-09,Two year,Basic,0,15.48,Yes,Sales-Assisted,South,27,27,78.2,0,No
CUST-02104,2025-04,Month-to-month,Basic,0,13.19,Yes,Organic,Northeast,8,8,69.5,0,No
CUST-02105,2024-02,One year,Premium,2,79.21,No,Paid Search,Midwest,22,22,46.1,0,No
CUST-02106,2024-06,Month-to-month,Basic,0,13.4,Yes,Sales-Assisted,Northeast,3,18,43.1,1,Yes
CUST-02107,2025-01,Month-to-month,Standard,0,38.05,Yes,Paid Search,Midwest,11,11,67.0,1,No
CUST-02108,2024-04,Two year,Standard,0,35.18,Yes,Organic,Midwest,20,20,83.9,0,No
CUST-02109,2025-11,Month-to-month,Premium,0,63.48,Yes,Referral,West,1,1,72.2,0,No
CUST-02110,2025-08,One year,Basic,0,13.51,No,Organic,Northeast,4,4,72.1,0,No
CUST-02111,2025-03,One year,Basic,0,15.29,No,Referral,South,9,9,82.9,0,No
CUST-02112,2024-05,Two year,Standard,0,32.68,No,Paid Search,West,19,19,40.6,0,No
CUST-02113,2025-08,Month-to-month,Standard,0,36.13,No,Sales-Assisted,West,1,4,87.0,0,Yes
CUST-02114,2024-05,Month-to-month,Standard,3,57.36,Yes,Paid Search,South,19,19,80.9,0,No
CUST-02115,2024-08,Month-to-month,Basic,2,29.34,Yes,Organic,Northeast,3,16,98.4,0,Yes
CUST-02116,2023-10,Month-to-month,Standard,0,34.44,Yes,Organic,South,1,26,78.8,0,Yes
CUST-02117,2025-02,One year,Premium,0,64.6,Yes,Paid Search,Midwest,10,10,57.0,0,No
CUST-02118,2025-03,Month-to-month,Basic,0,14.81,Yes,Organic,Northeast,6,9,69.2,0,Yes
CUST-02119,2025-02,Month-to-month,Premium,1,68.2,Yes,Paid Search,South,1,10,49.5,0,Yes
CUST-02120,2025-08,One year,Standard,1,44.43,Yes,Sales-Assisted,South,2,4,38.8,0,Yes
CUST-02121,2023-08,Month-to-month,Standard,0,36.31,No,Referral,West,14,28,70.1,0,Yes
CUST-02122,2024-08,One year,Premium,0,67.06,Yes,Paid Search,Midwest,16,16,28.6,0,No
CUST-02123,2025-01,Month-to-month,Standard,3,59.14,Yes,Organic,West,11,11,37.5,0,No
CUST-02124,2023-11,Two year,Standard,0,37.55,Yes,Paid Search,West,25,25,81.7,0,No
CUST-02125,2023-12,Month-to-month,Standard,0,34.78,Yes,Referral,South,12,24,30.0,0,Yes
CUST-02126,2025-08,One year,Standard,1,43.9,Yes,Paid Search,West,4,4,87.7,0,No
CUST-02127,2024-12,Two year,Basic,1,25.31,Yes,Organic,Midwest,1,12,30.7,3,Yes
CUST-02128,2025-05,One year,Standard,0,36.38,Yes,Sales-Assisted,South,7,7,54.5,1,No
CUST-02129,2023-10,Month-to-month,Basic,2,28.98,No,Organic,Midwest,18,26,95.6,0,Yes
CUST-02130,2025-08,Month-to-month,Standard,1,48.5,Yes,Organic,Midwest,3,4,67.1,0,Yes
CUST-02131,2024-02,Month-to-month,Premium,2,80.31,No,Organic,Midwest,22,22,42.1,2,Yes
CUST-02132,2023-07,Month-to-month,Standard,3,61.67,Yes,Organic,South,29,29,78.4,0,No
CUST-02133,2024-03,Month-to-month,Standard,0,35.52,No,Sales-Assisted,Northeast,3,21,78.0,0,Yes
CUST-02134,2024-01,Two year,Basic,2,32.55,Yes,Organic,Northeast,23,23,33.3,1,No
CUST-02135,2024-08,Month-to-month,Premium,1,76.15,Yes,Organic,Midwest,3,16,84.4,0,Yes
CUST-02136,2025-09,Month-to-month,Premium,2,82.24,Yes,Sales-Assisted,Northeast,3,3,74.5,0,No
CUST-02137,2023-10,Month-to-month,Basic,1,25.33,Yes,Paid Search,Northeast,26,26,80.8,0,No
CUST-02138,2023-11,Two year,Basic,1,22.68,Yes,Organic,West,25,25,68.9,0,No
CUST-02139,2025-05,One year,Standard,0,32.29,Yes,Referral,Midwest,7,7,66.0,0,No
CUST-02140,2024-11,Month-to-month,Basic,0,16.51,Yes,Paid Search,West,2,13,97.3,0,Yes
CUST-02141,2025-01,Month-to-month,Standard,0,35.98,Yes,Organic,Midwest,11,11,46.5,2,No
CUST-02142,2025-11,Month-to-month,Premium,4,93.39,No,Paid Search,Northeast,1,1,97.1,1,No
CUST-02143,2025-06,One year,Premium,3,89.63,Yes,Referral,Northeast,6,6,73.0,0,No
CUST-02144,2025-10,Month-to-month,Standard,1,44.36,Yes,Referral,Northeast,2,2,75.1,0,No
CUST-02145,2023-09,Month-to-month,Basic,2,30.88,Yes,Referral,Midwest,10,27,61.4,0,Yes
CUST-02146,2025-04,Two year,Standard,3,58.69,Yes,Organic,Northeast,8,8,89.5,0,No
CUST-02147,2024-12,One year,Standard,4,65.67,Yes,Paid Search,Midwest,12,12,33.4,0,No
CUST-02148,2025-10,One year,Standard,1,39.02,Yes,Sales-Assisted,South,2,2,48.9,0,No
CUST-02149,2025-03,One year,Basic,1,21.81,Yes,Paid Search,South,9,9,74.2,0,No
CUST-02150,2025-07,One year,Premium,1,71.85,Yes,Referral,South,5,5,61.1,0,No
CUST-02151,2023-12,Month-to-month,Standard,2,52.12,No,Paid Search,West,24,24,74.9,0,No
CUST-02152,2025-10,Month-to-month,Basic,1,23.48,Yes,Referral,West,2,2,89.2,0,No
CUST-02153,2025-06,One year,Basic,3,36.26,Yes,Organic,Midwest,6,6,95.1,0,No
CUST-02154,2025-07,One year,Standard,0,35.21,Yes,Referral,West,5,5,51.3,0,No
CUST-02155,2023-08,Month-to-month,Premium,1,72.71,Yes,Paid Search,Midwest,28,28,62.2,0,No
CUST-02156,2025-09,One year,Basic,2,35.22,Yes,Referral,South,3,3,92.7,0,No
CUST-02157,2023-07,Month-to-month,Basic,1,20.91,No,Referral,South,22,29,62.8,0,Yes
CUST-02158,2024-11,Month-to-month,Standard,2,51.36,Yes,Paid Search,South,13,13,56.6,0,No
CUST-02159,2024-10,Two year,Standard,0,33.72,Yes,Referral,South,14,14,92.7,0,No
CUST-02160,2023-12,Month-to-month,Basic,0,15.63,Yes,Sales-Assisted,Northeast,24,24,65.0,0,No
CUST-02161,2023-11,Month-to-month,Basic,4,46.05,Yes,Organic,Midwest,1,25,38.9,1,Yes
CUST-02162,2024-01,Two year,Basic,3,40.23,No,Referral,Midwest,23,23,96.5,0,No
CUST-02163,2023-08,One year,Standard,0,36.95,Yes,Referral,West,12,28,56.9,0,Yes
CUST-02164,2024-08,Month-to-month,Basic,0,14.53,No,Organic,Midwest,16,16,93.6,0,No
CUST-02165,2025-01,Two year,Premium,1,73.73,Yes,Sales-Assisted,Northeast,11,11,63.6,0,No
CUST-02166,2025-10,Month-to-month,Standard,0,34.9,Yes,Organic,South,1,2,61.8,0,Yes
CUST-02167,2024-06,One year,Standard,0,34.86,Yes,Paid Search,Midwest,18,18,51.1,0,No
CUST-02168,2023-08,One year,Basic,0,16.21,Yes,Paid Search,West,18,28,83.3,0,Yes
CUST-02169,2024-09,Month-to-month,Standard,0,38.04,Yes,Organic,Midwest,2,15,64.0,1,Yes
CUST-02170,2025-10,One year,Premium,1,70.73,Yes,Sales-Assisted,Midwest,2,2,71.9,0,No
CUST-02171,2025-11,Two year,Standard,4,67.18,Yes,Paid Search,Midwest,1,1,88.1,0,No
CUST-02172,2025-11,Month-to-month,Standard,2,49.38,Yes,Sales-Assisted,Midwest,1,1,77.0,0,No
CUST-02173,2025-10,Month-to-month,Basic,0,13.99,No,Organic,Northeast,2,2,37.6,2,No
CUST-02174,2024-02,One year,Standard,3,56.96,Yes,Sales-Assisted,Midwest,22,22,74.8,0,No
CUST-02175,2025-03,Two year,Basic,0,16.2,Yes,Paid Search,Midwest,9,9,51.6,0,No
CUST-02176,2024-05,Month-to-month,Standard,3,58.17,Yes,Paid Search,South,3,19,46.0,2,Yes
CUST-02177,2025-07,One year,Standard,0,33.61,Yes,Sales-Assisted,Midwest,1,5,77.3,0,Yes
CUST-02178,2024-02,Month-to-month,Premium,1,75.79,Yes,Paid Search,Midwest,22,22,58.2,0,No
CUST-02179,2023-08,Month-to-month,Standard,3,56.87,Yes,Paid Search,Northeast,15,28,67.4,0,Yes
CUST-02180,2025-04,One year,Premium,2,81.42,No,Paid Search,Midwest,8,8,63.2,1,No
CUST-02181,2025-07,Month-to-month,Basic,2,29.4,Yes,Paid Search,West,5,5,22.9,0,No
CUST-02182,2023-10,Month-to-month,Basic,1,24.47,No,Organic,South,26,26,70.1,0,No
CUST-02183,2024-06,Month-to-month,Basic,0,15.91,Yes,Referral,Northeast,16,18,72.8,0,Yes
CUST-02184,2023-10,Month-to-month,Premium,1,73.78,Yes,Referral,South,20,26,64.3,0,Yes
CUST-02185,2025-11,One year,Standard,2,48.82,Yes,Organic,Northeast,1,1,43.3,0,No
CUST-02186,2025-10,One year,Standard,2,53.85,Yes,Paid Search,West,2,2,56.9,0,No
CUST-02187,2025-05,Month-to-month,Premium,1,72.09,No,Referral,South,4,7,12.0,1,Yes
CUST-02188,2023-08,One year,Basic,1,20.29,Yes,Referral,Midwest,28,28,75.9,0,No
CUST-02189,2024-05,Month-to-month,Basic,1,21.64,Yes,Organic,Northeast,1,19,52.2,0,Yes
CUST-02190,2024-01,Month-to-month,Premium,0,64.67,Yes,Organic,West,23,23,82.3,0,No
CUST-02191,2025-08,Month-to-month,Basic,1,22.7,Yes,Referral,South,4,4,37.9,1,No
CUST-02192,2023-11,Month-to-month,Basic,2,31.18,Yes,Sales-Assisted,West,10,25,82.3,0,Yes
CUST-02193,2023-10,One year,Standard,1,44.51,Yes,Sales-Assisted,Northeast,26,26,54.3,2,No
CUST-02194,2024-10,Month-to-month,Standard,1,39.83,Yes,Paid Search,Northeast,8,14,53.7,0,Yes
CUST-02195,2023-12,One year,Premium,1,76.23,Yes,Sales-Assisted,Northeast,24,24,81.8,0,No
CUST-02196,2023-12,Month-to-month,Basic,1,22.98,No,Organic,Northeast,3,24,72.1,0,Yes
CUST-02197,2024-02,One year,Standard,1,45.21,Yes,Sales-Assisted,Northeast,22,22,80.0,0,No
CUST-02198,2023-09,Two year,Basic,1,22.86,Yes,Sales-Assisted,Midwest,27,27,67.2,0,No
CUST-02199,2024-05,Month-to-month,Standard,3,55.42,Yes,Referral,Midwest,13,19,42.1,1,Yes
CUST-02200,2023-09,Month-to-month,Premium,1,76.69,Yes,Paid Search,Northeast,27,27,76.9,0,No
CUST-02201,2024-08,Month-to-month,Standard,0,31.99,Yes,Referral,West,3,16,76.3,0,Yes
CUST-02202,2025-03,Month-to-month,Standard,2,49.22,Yes,Paid Search,West,8,9,78.9,0,Yes
CUST-02203,2025-07,One year,Basic,1,24.15,No,Sales-Assisted,Northeast,5,5,86.8,0,No
CUST-02204,2025-07,Month-to-month,Standard,1,42.8,Yes,Referral,Northeast,3,5,56.1,0,Yes
CUST-02205,2024-07,Month-to-month,Standard,0,37.15,Yes,Referral,South,17,17,53.7,0,No
CUST-02206,2024-05,Month-to-month,Standard,0,32.3,Yes,Organic,West,1,19,68.7,0,Yes
CUST-02207,2023-10,Month-to-month,Standard,0,32.63,Yes,Organic,Midwest,26,26,80.4,0,No
CUST-02208,2024-11,Month-to-month,Standard,0,38.87,No,Paid Search,Northeast,6,13,47.8,0,Yes
CUST-02209,2024-03,Month-to-month,Premium,0,61.0,Yes,Organic,South,21,21,54.2,0,No
CUST-02210,2023-11,One year,Standard,2,52.97,Yes,Organic,West,25,25,51.8,0,No
CUST-02211,2024-06,Month-to-month,Basic,0,13.21,Yes,Paid Search,Northeast,3,18,95.4,0,Yes
CUST-02212,2024-10,Month-to-month,Basic,0,14.1,No,Organic,Northeast,2,14,87.4,0,Yes
CUST-02213,2023-09,Month-to-month,Standard,1,39.32,No,Organic,Northeast,2,27,78.2,1,Yes
CUST-02214,2025-07,Month-to-month,Premium,2,80.62,Yes,Paid Search,Northeast,5,5,73.0,0,No
CUST-02215,2023-12,One year,Premium,0,68.46,No,Referral,West,24,24,55.9,0,No
CUST-02216,2025-01,Month-to-month,Basic,3,38.36,Yes,Organic,Northeast,4,11,72.7,0,Yes
CUST-02217,2024-06,One year,Standard,0,35.43,Yes,Paid Search,West,3,18,68.9,0,Yes
CUST-02218,2023-08,Month-to-month,Premium,1,73.87,No,Sales-Assisted,West,3,28,40.1,0,Yes
CUST-02219,2024-04,Month-to-month,Premium,3,90.84,Yes,Paid Search,South,5,20,97.5,0,Yes
CUST-02220,2024-03,Two year,Standard,1,40.05,Yes,Paid Search,South,19,21,53.9,2,Yes
CUST-02221,2025-05,One year,Premium,1,74.01,Yes,Sales-Assisted,West,3,7,35.2,2,Yes
CUST-02222,2025-07,One year,Basic,0,16.23,No,Organic,South,5,5,59.8,0,No
CUST-02223,2025-09,One year,Basic,2,31.78,Yes,Paid Search,South,3,3,67.3,0,No
CUST-02224,2025-06,One year,Basic,1,22.49,No,Sales-Assisted,Midwest,6,6,40.7,1,No
CUST-02225,2024-02,One year,Standard,0,34.04,Yes,Sales-Assisted,South,22,22,55.3,0,No
CUST-02226,2024-12,One year,Basic,0,16.52,Yes,Sales-Assisted,Northeast,12,12,97.1,0,No
CUST-02227,2025-04,One year,Basic,1,21.35,Yes,Paid Search,South,8,8,54.8,0,No
CUST-02228,2023-08,Month-to-month,Standard,0,37.68,Yes,Organic,West,14,28,83.4,0,Yes
CUST-02229,2024-11,One year,Basic,0,13.67,Yes,Organic,Midwest,13,13,69.6,0,No
CUST-02230,2024-09,One year,Basic,1,20.63,Yes,Referral,South,15,15,27.9,1,No
CUST-02231,2023-10,Month-to-month,Basic,3,40.47,No,Referral,Midwest,26,26,74.1,0,No
CUST-02232,2025-04,Month-to-month,Standard,1,40.49,Yes,Referral,Midwest,1,8,70.0,0,Yes
CUST-02233,2025-09,One year,Premium,1,71.68,Yes,Sales-Assisted,Northeast,3,3,77.4,0,No
CUST-02234,2025-05,Month-to-month,Premium,0,64.72,Yes,Organic,Northeast,7,7,97.3,0,No
CUST-02235,2025-04,Month-to-month,Basic,0,18.29,Yes,Sales-Assisted,Midwest,1,8,53.3,0,Yes
CUST-02236,2025-04,Month-to-month,Basic,2,33.22,Yes,Sales-Assisted,Midwest,8,8,82.5,0,No
CUST-02237,2024-01,Month-to-month,Standard,1,42.43,Yes,Paid Search,Northeast,23,23,68.2,0,No
CUST-02238,2024-08,Month-to-month,Standard,2,50.2,No,Paid Search,Northeast,5,16,58.5,0,Yes
CUST-02239,2025-01,One year,Premium,0,66.25,Yes,Sales-Assisted,Northeast,11,11,81.1,0,No
CUST-02240,2025-05,Month-to-month,Basic,0,12.25,Yes,Paid Search,South,7,7,54.8,0,No
CUST-02241,2024-06,One year,Standard,4,67.07,Yes,Organic,West,15,18,63.6,0,Yes
CUST-02242,2025-08,Two year,Basic,1,22.2,No,Organic,Midwest,4,4,61.3,1,No
CUST-02243,2025-10,Month-to-month,Basic,1,22.89,Yes,Organic,South,2,2,99.2,0,No
CUST-02244,2023-12,One year,Basic,1,21.58,No,Organic,South,24,24,77.2,0,No
CUST-02245,2024-07,Month-to-month,Standard,3,58.75,Yes,Sales-Assisted,Northeast,17,17,57.6,0,No
CUST-02246,2024-05,One year,Premium,0,63.03,Yes,Referral,Northeast,19,19,90.1,0,No
CUST-02247,2024-07,One year,Premium,0,66.68,Yes,Organic,South,1,17,32.7,0,Yes
CUST-02248,2024-06,Month-to-month,Basic,0,17.7,Yes,Organic,Midwest,18,18,61.9,0,No
CUST-02249,2023-10,One year,Basic,4,44.14,Yes,Referral,Midwest,26,26,62.4,0,No
CUST-02250,2025-04,Month-to-month,Basic,2,33.41,No,Referral,West,8,8,71.2,0,No
CUST-02251,2025-05,Month-to-month,Standard,2,52.47,Yes,Paid Search,Northeast,7,7,74.9,0,No
CUST-02252,2024-11,Two year,Basic,2,33.22,Yes,Paid Search,West,13,13,34.8,1,No
CUST-02253,2025-09,One year,Premium,1,74.13,No,Sales-Assisted,Northeast,3,3,74.6,0,No
CUST-02254,2023-10,One year,Basic,1,19.5,Yes,Paid Search,South,26,26,53.5,0,No
CUST-02255,2024-06,One year,Standard,3,60.68,Yes,Organic,Northeast,5,18,98.3,0,Yes
CUST-02256,2025-04,One year,Basic,0,13.9,Yes,Organic,West,8,8,67.4,0,No
CUST-02257,2023-08,Month-to-month,Basic,1,23.28,Yes,Organic,Northeast,26,28,78.6,0,Yes
CUST-02258,2024-11,Month-to-month,Basic,0,15.45,Yes,Paid Search,Northeast,1,13,86.1,0,Yes
CUST-02259,2025-01,Month-to-month,Basic,0,16.44,No,Sales-Assisted,South,11,11,32.3,1,No
CUST-02260,2025-09,Two year,Premium,2,82.11,Yes,Paid Search,West,3,3,75.6,0,No
CUST-02261,2023-09,Month-to-month,Basic,1,22.13,No,Paid Search,South,5,27,71.5,0,Yes
CUST-02262,2024-12,Month-to-month,Standard,1,42.88,No,Paid Search,South,12,12,38.3,0,No
CUST-02263,2025-04,Two year,Standard,3,61.49,Yes,Referral,West,8,8,64.1,0,No
CUST-02264,2025-09,Month-to-month,Standard,2,53.34,Yes,Sales-Assisted,South,2,3,59.7,0,Yes
CUST-02265,2025-04,One year,Standard,2,48.43,No,Referral,West,3,8,63.0,0,Yes
CUST-02266,2024-01,Month-to-month,Basic,1,23.18,No,Organic,Midwest,23,23,73.2,1,No
CUST-02267,2024-12,Month-to-month,Standard,0,32.98,No,Organic,Northeast,12,12,97.4,0,No
CUST-02268,2023-07,Month-to-month,Standard,1,40.95,No,Paid Search,South,6,29,78.8,0,Yes
CUST-02269,2025-10,Month-to-month,Premium,2,81.66,Yes,Paid Search,West,2,2,70.2,0,Yes
CUST-02270,2025-09,Month-to-month,Premium,2,79.52,No,Paid Search,Midwest,3,3,38.4,1,No
CUST-02271,2024-10,Month-to-month,Basic,1,23.44,Yes,Paid Search,Northeast,1,14,83.0,1,Yes
CUST-02272,2025-01,One year,Basic,1,21.38,Yes,Referral,South,11,11,60.7,0,No
CUST-02273,2025-05,One year,Standard,0,35.51,No,Organic,South,7,7,84.5,0,No
CUST-02274,2023-08,One year,Basic,2,29.99,Yes,Sales-Assisted,Northeast,28,28,49.9,0,No
CUST-02275,2025-04,Month-to-month,Basic,1,20.09,Yes,Organic,Midwest,8,8,64.2,0,No
CUST-02276,2025-08,Month-to-month,Standard,0,33.57,Yes,Sales-Assisted,South,4,4,56.4,0,No
CUST-02277,2025-05,Month-to-month,Standard,1,39.47,Yes,Referral,West,3,7,58.3,0,Yes
CUST-02278,2023-12,Month-to-month,Standard,2,51.17,Yes,Organic,Northeast,1,24,54.2,0,Yes
CUST-02279,2023-09,Month-to-month,Standard,0,33.3,Yes,Paid Search,Midwest,27,27,40.4,1,No
CUST-02280,2025-08,One year,Standard,3,55.86,Yes,Organic,Midwest,4,4,86.3,0,No
CUST-02281,2023-10,Two year,Premium,1,70.88,Yes,Organic,South,26,26,57.9,0,No
CUST-02282,2024-10,Month-to-month,Standard,0,35.69,Yes,Referral,West,14,14,61.7,0,No
CUST-02283,2024-05,Month-to-month,Standard,2,49.34,No,Referral,Midwest,6,19,33.5,1,Yes
CUST-02284,2024-01,One year,Basic,1,21.19,Yes,Paid Search,Midwest,23,23,65.6,0,No
CUST-02285,2024-11,Two year,Premium,2,83.91,Yes,Organic,Midwest,13,13,56.9,0,No
CUST-02286,2024-01,Month-to-month,Premium,0,65.53,No,Sales-Assisted,West,23,23,35.1,0,No
CUST-02287,2024-12,Month-to-month,Premium,3,87.49,No,Paid Search,South,3,12,71.6,0,Yes
CUST-02288,2023-12,One year,Standard,2,51.85,No,Paid Search,South,24,24,66.1,0,No
CUST-02289,2023-08,One year,Basic,1,24.41,Yes,Paid Search,Northeast,28,28,97.6,0,No
CUST-02290,2025-02,Month-to-month,Basic,0,18.06,Yes,Organic,South,10,10,75.8,0,No
CUST-02291,2025-09,One year,Standard,3,57.35,Yes,Organic,Midwest,3,3,89.2,0,No
CUST-02292,2024-08,One year,Premium,1,71.37,Yes,Organic,Midwest,16,16,66.3,0,No
CUST-02293,2024-05,Month-to-month,Premium,0,65.65,Yes,Sales-Assisted,Midwest,3,19,28.0,1,Yes
CUST-02294,2025-08,One year,Standard,0,32.39,Yes,Organic,Midwest,4,4,88.5,0,No
CUST-02295,2025-06,Month-to-month,Basic,0,14.03,Yes,Paid Search,Midwest,6,6,77.0,0,No
CUST-02296,2023-07,One year,Basic,0,14.73,Yes,Sales-Assisted,West,29,29,68.2,0,No
CUST-02297,2023-10,One year,Standard,3,59.13,Yes,Organic,South,26,26,58.4,0,No
CUST-02298,2024-02,Two year,Standard,1,43.34,Yes,Organic,West,22,22,65.9,1,No
CUST-02299,2024-12,Month-to-month,Basic,0,14.32,Yes,Sales-Assisted,Midwest,12,12,74.1,0,No
CUST-02300,2024-12,One year,Standard,0,36.94,Yes,Organic,West,12,12,64.5,0,No
CUST-02301,2023-11,Month-to-month,Standard,2,49.71,Yes,Paid Search,Northeast,19,25,57.3,0,Yes
CUST-02302,2024-09,Month-to-month,Basic,1,24.24,No,Paid Search,Midwest,15,15,75.6,0,No
CUST-02303,2025-11,Month-to-month,Basic,3,35.75,No,Referral,Midwest,1,1,60.2,0,No
CUST-02304,2024-07,Month-to-month,Premium,1,75.03,Yes,Paid Search,Midwest,17,17,56.3,0,No
CUST-02305,2025-05,One year,Standard,1,44.67,Yes,Organic,Midwest,7,7,72.7,0,No
CUST-02306,2025-01,Two year,Standard,0,31.28,Yes,Paid Search,South,11,11,49.4,0,No
CUST-02307,2024-07,Month-to-month,Premium,3,90.1,No,Sales-Assisted,West,17,17,48.1,1,No
CUST-02308,2025-02,Month-to-month,Basic,3,37.22,Yes,Paid Search,Northeast,10,10,96.1,0,No
CUST-02309,2024-03,Month-to-month,Premium,1,72.57,No,Organic,South,4,21,84.0,0,Yes
CUST-02310,2023-09,Two year,Basic,0,13.39,Yes,Paid Search,South,18,27,42.2,1,Yes
CUST-02311,2025-09,Month-to-month,Basic,0,12.04,No,Organic,West,3,3,86.6,0,No
CUST-02312,2025-07,One year,Standard,0,34.14,No,Paid Search,West,2,5,70.8,0,Yes
CUST-02313,2024-07,One year,Basic,1,20.26,Yes,Organic,Northeast,17,17,53.7,1,No
CUST-02314,2023-08,One year,Standard,0,35.96,Yes,Referral,Midwest,28,28,91.7,0,No
CUST-02315,2025-09,Month-to-month,Basic,2,32.01,No,Sales-Assisted,Northeast,3,3,42.6,1,No
CUST-02316,2024-08,Month-to-month,Standard,0,33.82,No,Organic,South,2,16,34.6,1,Yes
CUST-02317,2024-02,One year,Standard,3,59.31,Yes,Referral,Northeast,22,22,54.8,1,No
CUST-02318,2024-10,Month-to-month,Basic,4,47.64,Yes,Paid Search,Northeast,5,14,91.2,0,Yes
CUST-02319,2025-11,Month-to-month,Standard,0,34.49,No,Referral,South,1,1,12.3,0,No
CUST-02320,2024-10,One year,Basic,3,37.61,Yes,Organic,West,14,14,54.9,0,No
CUST-02321,2025-06,One year,Premium,0,66.47,Yes,Organic,West,6,6,75.5,0,No
CUST-02322,2025-11,One year,Standard,0,33.31,No,Sales-Assisted,West,1,1,76.2,0,No
CUST-02323,2023-09,One year,Basic,2,29.89,Yes,Referral,Midwest,27,27,51.4,0,No
CUST-02324,2025-02,Month-to-month,Basic,1,25.54,Yes,Referral,West,8,10,70.3,0,Yes
CUST-02325,2024-01,Month-to-month,Standard,1,45.07,Yes,Organic,Northeast,15,23,74.2,1,Yes
CUST-02326,2024-10,One year,Standard,1,43.37,Yes,Paid Search,South,11,14,69.1,0,Yes
CUST-02327,2024-08,Month-to-month,Standard,0,37.18,Yes,Paid Search,West,3,16,61.0,0,Yes
CUST-02328,2025-10,Month-to-month,Basic,3,42.21,No,Organic,West,2,2,37.9,0,No
CUST-02329,2023-12,One year,Basic,1,22.17,Yes,Paid Search,Northeast,14,24,69.0,1,Yes
CUST-02330,2025-11,Month-to-month,Standard,0,31.4,Yes,Referral,Northeast,1,1,96.2,1,No
CUST-02331,2024-04,Month-to-month,Standard,0,32.5,No,Paid Search,Midwest,16,20,74.3,0,Yes
CUST-02332,2025-11,One year,Standard,1,42.79,Yes,Paid Search,Midwest,1,1,57.8,0,No
CUST-02333,2024-03,Month-to-month,Standard,1,42.97,Yes,Paid Search,Midwest,21,21,55.5,0,No
CUST-02334,2024-06,Month-to-month,Premium,2,80.45,No,Paid Search,Northeast,6,18,46.8,3,Yes
CUST-02335,2025-11,Month-to-month,Basic,2,30.94,Yes,Organic,Midwest,1,1,53.5,0,No
CUST-02336,2025-11,Month-to-month,Standard,0,33.88,No,Paid Search,Northeast,1,1,75.8,0,No
CUST-02337,2024-01,One year,Standard,2,51.94,Yes,Organic,Northeast,23,23,74.3,0,No
CUST-02338,2023-08,Month-to-month,Basic,0,18.26,No,Paid Search,Midwest,28,28,93.4,0,No
CUST-02339,2024-07,Month-to-month,Standard,1,42.81,Yes,Paid Search,Northeast,1,17,60.8,0,Yes
CUST-02340,2024-05,Month-to-month,Basic,2,28.99,No,Sales-Assisted,South,19,19,73.4,0,No
CUST-02341,2024-05,Month-to-month,Standard,0,37.62,Yes,Sales-Assisted,West,18,19,60.2,0,Yes
CUST-02342,2024-03,Month-to-month,Premium,3,89.66,Yes,Paid Search,Northeast,21,21,58.7,0,No
CUST-02343,2023-08,Month-to-month,Standard,0,38.57,Yes,Paid Search,West,12,28,34.6,1,Yes
CUST-02344,2025-10,Two year,Basic,4,48.24,Yes,Paid Search,West,2,2,63.4,0,No
CUST-02345,2024-02,Month-to-month,Standard,2,50.57,Yes,Organic,West,2,22,70.9,0,Yes
CUST-02346,2024-09,Month-to-month,Premium,1,75.62,No,Organic,South,1,15,17.5,0,Yes
CUST-02347,2025-01,Month-to-month,Basic,3,37.74,Yes,Organic,West,11,11,92.3,0,No
CUST-02348,2025-06,One year,Standard,0,34.5,No,Paid Search,West,6,6,69.9,0,No
CUST-02349,2023-10,Month-to-month,Basic,0,15.71,Yes,Organic,South,10,26,41.2,2,Yes
CUST-02350,2023-09,Month-to-month,Premium,0,66.8,No,Organic,Midwest,1,27,89.2,0,Yes
CUST-02351,2025-07,Month-to-month,Premium,2,81.48,Yes,Paid Search,Midwest,5,5,66.9,0,No
CUST-02352,2025-01,Two year,Basic,0,15.66,Yes,Sales-Assisted,Northeast,11,11,87.2,0,No
CUST-02353,2025-09,Month-to-month,Basic,0,15.46,No,Paid Search,South,3,3,81.2,0,No
CUST-02354,2025-06,One year,Standard,1,45.36,No,Organic,Northeast,6,6,63.5,0,No
CUST-02355,2023-11,Month-to-month,Standard,1,40.18,No,Organic,South,9,25,58.4,0,Yes
CUST-02356,2024-11,Month-to-month,Standard,2,50.58,Yes,Paid Search,Midwest,5,13,86.8,0,Yes
CUST-02357,2025-07,Month-to-month,Basic,3,34.8,No,Paid Search,Midwest,5,5,93.4,0,No
CUST-02358,2025-02,One year,Standard,1,46.3,No,Referral,Northeast,10,10,47.2,0,No
CUST-02359,2024-08,Month-to-month,Standard,2,51.53,Yes,Organic,Midwest,16,16,55.8,0,No
CUST-02360,2025-07,One year,Basic,1,24.27,No,Sales-Assisted,Northeast,5,5,53.1,0,No
CUST-02361,2024-12,Month-to-month,Standard,0,36.3,Yes,Organic,South,3,12,62.1,0,Yes
CUST-02362,2024-01,Two year,Basic,1,22.24,Yes,Paid Search,Midwest,6,23,86.2,0,Yes
CUST-02363,2025-09,Two year,Standard,1,44.93,Yes,Paid Search,West,3,3,30.7,0,No
CUST-02364,2025-05,Month-to-month,Basic,1,20.76,No,Organic,South,7,7,66.1,0,No
CUST-02365,2024-04,Month-to-month,Premium,3,90.52,No,Referral,Midwest,2,20,45.2,0,Yes
CUST-02366,2023-09,Month-to-month,Basic,2,30.03,Yes,Paid Search,Northeast,24,27,75.0,0,Yes
CUST-02367,2025-05,Month-to-month,Basic,1,24.91,Yes,Paid Search,West,7,7,67.5,0,No
CUST-02368,2024-02,One year,Premium,1,73.47,No,Sales-Assisted,Northeast,22,22,78.1,0,No
CUST-02369,2025-03,One year,Standard,2,52.35,Yes,Paid Search,West,4,9,77.3,1,Yes
CUST-02370,2023-11,Month-to-month,Premium,2,79.46,No,Paid Search,Northeast,25,25,93.1,0,No
CUST-02371,2024-07,Month-to-month,Premium,1,74.88,Yes,Sales-Assisted,West,17,17,74.6,0,No
CUST-02372,2024-02,Month-to-month,Basic,2,29.29,Yes,Referral,Northeast,3,22,87.0,0,Yes
CUST-02373,2023-08,Month-to-month,Premium,1,72.39,Yes,Organic,Northeast,12,28,77.0,0,Yes
CUST-02374,2023-10,Month-to-month,Standard,0,36.14,Yes,Paid Search,West,2,26,52.5,1,Yes
CUST-02375,2024-05,One year,Premium,0,59.46,Yes,Organic,Northeast,19,19,46.4,0,No
CUST-02376,2023-08,Month-to-month,Basic,1,20.44,No,Organic,South,1,28,44.1,0,Yes
CUST-02377,2024-04,Month-to-month,Basic,1,26.27,No,Referral,Northeast,1,20,51.2,0,Yes
CUST-02378,2025-11,One year,Premium,2,80.77,Yes,Organic,West,1,1,35.5,2,No
CUST-02379,2025-01,One year,Basic,3,35.97,Yes,Referral,Northeast,11,11,54.7,1,No
CUST-02380,2025-04,Month-to-month,Basic,2,30.82,No,Organic,Northeast,1,8,85.6,0,Yes
CUST-02381,2024-11,Two year,Basic,2,28.53,Yes,Paid Search,Midwest,13,13,92.6,0,No
CUST-02382,2023-09,One year,Standard,2,48.78,No,Organic,Midwest,27,27,84.3,0,No
CUST-02383,2023-08,Two year,Basic,0,13.4,Yes,Organic,West,28,28,76.8,1,No
CUST-02384,2024-08,One year,Premium,1,72.32,Yes,Organic,South,16,16,95.9,0,No
CUST-02385,2025-06,One year,Standard,2,50.09,Yes,Organic,Northeast,6,6,25.4,2,No
CUST-02386,2023-09,Month-to-month,Basic,1,24.15,No,Organic,West,27,27,93.0,0,No
CUST-02387,2025-11,Month-to-month,Basic,1,25.05,Yes,Organic,Midwest,1,1,90.5,0,No
CUST-02388,2024-10,Two year,Basic,3,37.88,Yes,Paid Search,Northeast,14,14,47.0,0,No
CUST-02389,2024-07,Two year,Basic,1,20.81,Yes,Organic,Northeast,17,17,49.3,0,No
CUST-02390,2025-02,One year,Standard,2,49.8,Yes,Referral,South,10,10,45.4,0,No
CUST-02391,2024-02,Month-to-month,Standard,1,42.31,Yes,Paid Search,Northeast,3,22,89.7,0,Yes
CUST-02392,2023-11,Month-to-month,Basic,1,20.37,Yes,Organic,South,25,25,88.3,0,No
CUST-02393,2025-07,Month-to-month,Basic,0,16.15,No,Sales-Assisted,Northeast,5,5,64.9,1,No
CUST-02394,2025-04,Month-to-month,Standard,1,44.68,No,Organic,Midwest,8,8,76.6,0,Yes
CUST-02395,2025-11,One year,Standard,0,35.63,No,Organic,Northeast,1,1,53.3,0,No
CUST-02396,2024-12,One year,Premium,2,81.74,No,Organic,West,12,12,65.0,0,No
CUST-02397,2023-10,Month-to-month,Standard,4,67.38,No,Organic,South,26,26,69.1,0,No
CUST-02398,2023-12,Month-to-month,Basic,1,23.83,No,Sales-Assisted,Midwest,24,24,58.7,0,No
CUST-02399,2024-12,Month-to-month,Premium,0,66.63,No,Sales-Assisted,Northeast,12,12,73.9,0,No
CUST-02400,2024-12,Two year,Premium,2,79.23,No,Organic,Northeast,12,12,71.3,0,No
CUST-02401,2025-02,Month-to-month,Standard,0,37.97,No,Paid Search,South,5,10,68.6,1,Yes
CUST-02402,2024-04,Month-to-month,Basic,1,23.68,Yes,Paid Search,South,2,20,62.2,0,Yes
CUST-02403,2024-06,One year,Standard,1,43.83,Yes,Paid Search,Midwest,16,18,52.0,0,Yes
CUST-02404,2025-07,Month-to-month,Basic,1,23.81,No,Paid Search,Northeast,5,5,51.0,0,No
CUST-02405,2023-09,One year,Standard,0,36.77,Yes,Organic,Midwest,27,27,70.0,0,No
CUST-02406,2025-05,One year,Standard,0,33.04,Yes,Organic,Midwest,1,7,64.8,0,Yes
CUST-02407,2024-08,Month-to-month,Basic,0,16.75,No,Referral,Northeast,9,16,69.5,0,Yes
CUST-02408,2023-07,Month-to-month,Standard,3,61.45,Yes,Organic,South,29,29,74.2,0,No
CUST-02409,2024-05,Two year,Basic,1,23.8,Yes,Sales-Assisted,Midwest,19,19,96.0,0,No
CUST-02410,2025-06,Month-to-month,Basic,3,39.5,Yes,Referral,West,4,6,60.0,0,Yes
CUST-02411,2023-11,Month-to-month,Standard,2,49.77,No,Sales-Assisted,South,22,25,87.6,0,Yes
CUST-02412,2025-07,One year,Premium,3,91.08,Yes,Organic,South,5,5,91.2,0,No
CUST-02413,2023-10,Month-to-month,Standard,0,36.4,Yes,Paid Search,South,1,26,42.6,0,Yes
CUST-02414,2025-11,One year,Basic,2,28.94,Yes,Referral,West,1,1,43.6,0,No
CUST-02415,2025-09,Month-to-month,Premium,1,74.41,Yes,Sales-Assisted,West,3,3,60.8,0,No
CUST-02416,2025-09,One year,Basic,0,12.39,Yes,Paid Search,West,3,3,44.1,0,No
CUST-02417,2025-08,Month-to-month,Basic,0,12.08,Yes,Organic,Northeast,1,4,13.4,0,Yes
CUST-02418,2024-12,Month-to-month,Standard,3,58.96,No,Paid Search,Midwest,5,12,60.2,1,Yes
CUST-02419,2024-04,Month-to-month,Basic,3,40.71,Yes,Sales-Assisted,Midwest,10,20,58.6,0,Yes
CUST-02420,2024-06,One year,Basic,1,21.32,Yes,Organic,South,4,18,89.9,0,Yes
CUST-02421,2024-08,One year,Basic,0,9.43,Yes,Organic,Northeast,16,16,50.0,1,No
CUST-02422,2023-10,Two year,Basic,3,41.17,Yes,Organic,Midwest,26,26,79.3,0,No
CUST-02423,2025-02,Month-to-month,Premium,0,65.39,No,Organic,Midwest,1,10,77.8,0,Yes
CUST-02424,2023-07,Month-to-month,Standard,0,36.39,Yes,Organic,West,29,29,60.2,0,No
CUST-02425,2025-09,Month-to-month,Basic,1,22.43,Yes,Organic,South,3,3,47.1,1,Yes
CUST-02426,2025-01,Two year,Basic,0,17.96,Yes,Organic,South,11,11,58.9,0,No
CUST-02427,2025-06,One year,Basic,1,22.8,Yes,Referral,South,6,6,73.2,0,No
CUST-02428,2024-09,One year,Basic,2,29.78,Yes,Organic,South,15,15,57.3,1,No
CUST-02429,2023-10,Month-to-month,Standard,2,50.82,No,Sales-Assisted,Northeast,26,26,55.0,0,No
CUST-02430,2024-12,One year,Premium,0,62.98,Yes,Organic,Midwest,12,12,91.7,0,No
CUST-02431,2024-04,Two year,Standard,3,58.22,Yes,Organic,West,20,20,59.2,0,No
CUST-02432,2024-10,Month-to-month,Basic,1,23.43,No,Referral,West,14,14,59.8,1,No
CUST-02433,2025-05,Month-to-month,Premium,0,68.92,Yes,Organic,South,7,7,65.9,0,Yes
CUST-02434,2023-11,Two year,Premium,0,63.92,Yes,Paid Search,South,25,25,60.4,0,No
CUST-02435,2023-10,Two year,Basic,0,14.75,Yes,Paid Search,Midwest,26,26,61.1,0,No
CUST-02436,2024-12,Month-to-month,Standard,0,35.98,Yes,Sales-Assisted,Northeast,12,12,54.9,0,No
CUST-02437,2025-09,Two year,Basic,1,23.46,Yes,Organic,Midwest,3,3,88.4,0,No
CUST-02438,2024-02,Month-to-month,Standard,3,56.92,Yes,Referral,South,2,22,55.0,0,Yes
CUST-02439,2025-02,One year,Standard,1,48.35,Yes,Sales-Assisted,West,10,10,69.0,1,No
CUST-02440,2023-11,Month-to-month,Standard,2,51.4,No,Paid Search,West,25,25,61.3,0,Yes
CUST-02441,2023-10,Month-to-month,Premium,1,72.55,Yes,Paid Search,West,8,26,37.7,4,Yes
CUST-02442,2024-12,One year,Standard,3,56.41,Yes,Paid Search,Northeast,12,12,46.9,0,No
CUST-02443,2025-01,Month-to-month,Basic,3,36.64,Yes,Organic,South,11,11,55.0,0,No
CUST-02444,2025-02,One year,Standard,1,41.72,Yes,Paid Search,Midwest,10,10,31.4,0,No
CUST-02445,2024-01,One year,Premium,2,81.58,No,Paid Search,Midwest,23,23,58.1,0,No
CUST-02446,2025-09,Two year,Standard,1,45.84,Yes,Sales-Assisted,Northeast,3,3,63.0,0,No
CUST-02447,2024-09,One year,Basic,0,19.63,Yes,Referral,Midwest,15,15,58.0,0,No
CUST-02448,2024-04,Two year,Basic,1,24.13,Yes,Sales-Assisted,South,20,20,85.1,0,No
CUST-02449,2024-02,Month-to-month,Standard,0,35.24,No,Paid Search,West,22,22,77.9,0,No
CUST-02450,2023-12,One year,Standard,1,41.54,Yes,Paid Search,Midwest,24,24,45.6,3,No
CUST-02451,2024-11,Month-to-month,Premium,0,69.69,No,Paid Search,Northeast,1,13,49.0,0,Yes
CUST-02452,2024-05,Month-to-month,Standard,0,31.04,No,Organic,South,16,19,46.0,0,Yes
CUST-02453,2024-03,One year,Standard,3,60.08,Yes,Organic,Northeast,21,21,57.1,0,No
CUST-02454,2025-03,Month-to-month,Premium,0,63.26,No,Paid Search,Midwest,9,9,71.2,0,No
CUST-02455,2023-12,One year,Premium,0,66.19,Yes,Organic,South,16,24,68.5,0,Yes
CUST-02456,2024-03,One year,Standard,0,33.98,Yes,Organic,Midwest,21,21,48.0,2,No
CUST-02457,2025-06,Month-to-month,Premium,4,99.5,Yes,Organic,Northeast,6,6,66.3,0,No
CUST-02458,2025-05,One year,Basic,1,26.98,Yes,Paid Search,West,1,7,60.9,1,Yes
CUST-02459,2024-08,Month-to-month,Standard,0,29.19,No,Paid Search,Northeast,16,16,77.1,0,No
CUST-02460,2023-12,Month-to-month,Basic,2,30.63,Yes,Organic,West,1,24,67.8,0,Yes
CUST-02461,2025-07,One year,Premium,0,64.9,Yes,Sales-Assisted,South,5,5,44.7,0,No
CUST-02462,2023-08,One year,Standard,0,31.05,Yes,Paid Search,Midwest,7,28,62.9,0,Yes
CUST-02463,2024-11,Month-to-month,Basic,1,20.65,Yes,Paid Search,West,13,13,73.7,0,No
CUST-02464,2025-02,Month-to-month,Premium,0,71.71,Yes,Sales-Assisted,Midwest,10,10,68.0,0,No
CUST-02465,2024-04,Month-to-month,Premium,4,94.74,No,Referral,South,1,20,73.9,0,Yes
CUST-02466,2024-06,One year,Standard,1,43.99,No,Sales-Assisted,Midwest,18,18,69.2,1,No
CUST-02467,2025-07,Month-to-month,Standard,3,57.66,No,Paid Search,South,5,5,45.7,1,No
CUST-02468,2024-10,Two year,Standard,2,49.01,Yes,Referral,West,14,14,80.7,0,No
CUST-02469,2025-09,Two year,Standard,2,48.14,Yes,Paid Search,Northeast,3,3,74.9,0,No
CUST-02470,2025-02,Month-to-month,Standard,0,37.91,No,Sales-Assisted,South,10,10,57.2,1,No
CUST-02471,2024-06,Month-to-month,Premium,1,73.98,Yes,Referral,Midwest,9,18,81.6,0,Yes
CUST-02472,2023-10,Month-to-month,Basic,0,14.53,No,Sales-Assisted,Midwest,26,26,62.2,0,No
CUST-02473,2024-08,One year,Basic,0,13.94,Yes,Organic,South,1,16,21.2,0,Yes
CUST-02474,2025-02,Month-to-month,Basic,0,9.5,No,Sales-Assisted,South,10,10,82.0,0,No
CUST-02475,2025-10,Month-to-month,Basic,4,44.22,Yes,Referral,South,2,2,39.0,0,No
CUST-02476,2024-01,Month-to-month,Basic,2,27.52,No,Referral,West,9,23,42.0,1,Yes
CUST-02477,2025-05,One year,Basic,0,14.9,No,Sales-Assisted,Northeast,7,7,97.9,0,No
CUST-02478,2024-02,Month-to-month,Premium,1,72.68,Yes,Organic,Midwest,3,22,93.5,0,Yes
CUST-02479,2024-02,Two year,Standard,1,42.4,Yes,Organic,Northeast,22,22,66.4,0,No
CUST-02480,2025-08,Month-to-month,Premium,0,66.16,Yes,Organic,West,4,4,47.8,0,No
CUST-02481,2023-08,Month-to-month,Basic,2,31.15,Yes,Paid Search,West,1,28,100.0,0,Yes
CUST-02482,2023-11,Month-to-month,Basic,0,15.04,No,Paid Search,Midwest,2,25,26.2,0,Yes
CUST-02483,2024-08,Month-to-month,Premium,0,62.71,No,Paid Search,South,2,16,92.8,0,Yes
CUST-02484,2025-01,Two year,Basic,2,29.19,Yes,Organic,South,11,11,39.5,0,No
CUST-02485,2024-05,Two year,Standard,0,33.8,Yes,Paid Search,Northeast,19,19,40.6,0,No
CUST-02486,2025-01,Month-to-month,Basic,2,31.25,Yes,Referral,Midwest,11,11,82.3,0,No
CUST-02487,2025-09,One year,Premium,2,76.22,Yes,Organic,Northeast,3,3,74.9,0,No
CUST-02488,2024-11,Month-to-month,Standard,0,33.75,No,Organic,West,13,13,63.1,0,No
CUST-02489,2024-06,Month-to-month,Standard,0,35.76,Yes,Organic,South,18,18,68.2,0,No
CUST-02490,2024-12,Month-to-month,Standard,0,34.38,Yes,Organic,Northeast,12,12,87.4,0,No
CUST-02491,2025-11,Month-to-month,Standard,0,33.46,No,Organic,South,1,1,57.4,0,Yes
CUST-02492,2024-11,One year,Premium,0,63.7,Yes,Organic,Northeast,3,13,60.0,0,Yes
CUST-02493,2025-10,One year,Standard,1,43.29,Yes,Organic,Midwest,2,2,90.7,1,No
CUST-02494,2024-02,One year,Basic,4,48.17,No,Organic,Midwest,22,22,66.3,0,No
CUST-02495,2025-02,Month-to-month,Standard,1,43.9,No,Organic,Northeast,10,10,75.5,0,Yes
CUST-02496,2025-02,One year,Standard,1,42.45,Yes,Paid Search,West,10,10,31.2,4,No
CUST-02497,2024-04,Month-to-month,Basic,0,12.75,No,Referral,South,1,20,100.0,0,Yes
CUST-02498,2025-07,One year,Basic,3,41.77,No,Sales-Assisted,West,5,5,52.3,1,No
CUST-02499,2024-05,One year,Standard,1,42.77,Yes,Organic,Midwest,19,19,75.4,0,No
CUST-02500,2024-02,Month-to-month,Premium,0,66.61,No,Paid Search,South,11,22,69.2,0,Yes
CUST-02501,2023-08,One year,Basic,4,42.09,Yes,Organic,Northeast,28,28,43.8,0,Yes
CUST-02502,2024-11,Two year,Premium,1,70.93,Yes,Referral,West,13,13,74.7,0,No
CUST-02503,2025-06,Month-to-month,Standard,0,32.52,Yes,Organic,West,6,6,94.8,0,No
CUST-02504,2024-08,Two year,Basic,2,30.63,No,Referral,South,16,16,72.4,0,No
CUST-02505,2023-12,Month-to-month,Standard,1,41.23,Yes,Referral,Northeast,2,24,80.4,0,Yes
CUST-02506,2025-06,Month-to-month,Basic,1,25.93,No,Organic,Midwest,6,6,60.2,0,No
CUST-02507,2024-08,Month-to-month,Premium,1,72.11,Yes,Organic,South,16,16,71.3,1,No
CUST-02508,2024-04,Month-to-month,Basic,0,15.46,Yes,Paid Search,South,20,20,84.8,0,No
CUST-02509,2023-11,Month-to-month,Basic,1,21.38,No,Paid Search,West,3,25,77.3,0,Yes
CUST-02510,2024-06,Month-to-month,Standard,0,38.18,Yes,Organic,Northeast,18,18,88.0,0,No
CUST-02511,2023-10,One year,Basic,3,37.95,Yes,Organic,Midwest,26,26,83.2,0,No
CUST-02512,2024-05,Two year,Basic,0,17.24,Yes,Paid Search,South,19,19,42.7,1,No
CUST-02513,2023-12,One year,Premium,0,63.9,Yes,Paid Search,Midwest,24,24,64.2,0,No
CUST-02514,2023-08,Month-to-month,Basic,0,15.83,No,Paid Search,Northeast,2,28,79.5,0,Yes
CUST-02515,2023-12,One year,Basic,0,13.73,Yes,Sales-Assisted,Northeast,24,24,68.6,0,No
CUST-02516,2025-09,Two year,Basic,4,44.9,Yes,Referral,Midwest,3,3,59.0,1,No
CUST-02517,2024-02,Month-to-month,Standard,1,44.2,No,Organic,West,19,22,6.8,2,Yes
CUST-02518,2024-08,Month-to-month,Standard,0,35.33,No,Paid Search,Midwest,13,16,44.8,0,Yes
CUST-02519,2024-01,Month-to-month,Standard,2,53.46,No,Organic,West,2,23,21.9,2,Yes
CUST-02520,2025-10,One year,Standard,3,58.36,Yes,Referral,West,2,2,55.2,0,No
CUST-02521,2023-09,Month-to-month,Standard,0,33.08,No,Paid Search,Northeast,27,27,61.0,1,No
CUST-02522,2025-01,Month-to-month,Standard,2,52.23,No,Paid Search,South,1,11,82.4,0,Yes
CUST-02523,2023-07,One year,Standard,1,46.46,Yes,Sales-Assisted,Midwest,29,29,58.5,0,No
CUST-02524,2024-05,One year,Premium,4,97.79,Yes,Paid Search,South,19,19,68.2,1,No
CUST-02525,2025-07,Month-to-month,Standard,4,68.56,Yes,Organic,South,5,5,65.4,1,No
CUST-02526,2023-12,One year,Basic,1,26.52,Yes,Organic,Midwest,24,24,78.8,0,No
CUST-02527,2024-09,One year,Basic,2,32.91,Yes,Referral,Northeast,15,15,84.1,0,No
CUST-02528,2025-03,Month-to-month,Standard,4,66.62,Yes,Paid Search,Northeast,5,9,72.2,0,Yes
CUST-02529,2025-09,Month-to-month,Standard,2,50.2,No,Organic,West,3,3,91.9,0,No
CUST-02530,2023-10,One year,Basic,1,23.74,Yes,Organic,South,26,26,65.1,0,No
CUST-02531,2023-10,Month-to-month,Basic,1,22.37,Yes,Sales-Assisted,Midwest,22,26,59.6,1,Yes
CUST-02532,2023-09,Two year,Standard,1,41.7,Yes,Referral,South,27,27,63.6,0,No
CUST-02533,2024-02,Month-to-month,Standard,2,51.78,Yes,Organic,West,22,22,47.9,1,No
CUST-02534,2023-09,Month-to-month,Standard,2,51.98,Yes,Organic,West,27,27,53.3,1,No
CUST-02535,2023-12,Month-to-month,Basic,0,17.81,No,Paid Search,Midwest,19,24,73.3,1,Yes
CUST-02536,2024-11,Month-to-month,Premium,0,62.97,Yes,Organic,Midwest,6,13,69.5,0,Yes
CUST-02537,2024-05,One year,Basic,0,16.56,Yes,Organic,Northeast,19,19,94.2,0,No
CUST-02538,2024-05,One year,Basic,1,21.84,Yes,Paid Search,South,19,19,69.1,0,No
CUST-02539,2025-01,Month-to-month,Standard,1,44.23,No,Organic,South,1,11,100.0,0,Yes
CUST-02540,2024-10,One year,Basic,0,14.44,Yes,Organic,Northeast,14,14,59.4,0,No
CUST-02541,2023-12,Month-to-month,Standard,2,53.35,Yes,Paid Search,Northeast,1,24,68.2,0,Yes
CUST-02542,2025-10,Month-to-month,Basic,2,30.14,No,Sales-Assisted,Midwest,2,2,84.6,0,No
CUST-02543,2023-10,Month-to-month,Standard,0,34.03,Yes,Organic,West,3,26,63.4,0,Yes
CUST-02544,2025-04,Month-to-month,Basic,0,13.15,No,Referral,South,8,8,55.1,0,No
CUST-02545,2025-05,Month-to-month,Basic,0,12.74,Yes,Organic,Northeast,7,7,64.2,0,No
CUST-02546,2023-11,Month-to-month,Standard,0,31.57,No,Organic,Midwest,25,25,92.6,0,No
CUST-02547,2025-01,Two year,Basic,0,16.56,Yes,Organic,Midwest,11,11,82.7,0,No
CUST-02548,2025-06,Month-to-month,Premium,1,76.08,No,Organic,Midwest,2,6,52.1,0,Yes
CUST-02549,2025-10,Month-to-month,Standard,1,41.09,No,Sales-Assisted,Northeast,2,2,62.8,0,No
CUST-02550,2024-11,Month-to-month,Standard,2,48.97,No,Referral,South,3,13,73.6,0,Yes
CUST-02551,2024-06,Month-to-month,Basic,0,14.62,No,Referral,West,18,18,96.9,0,Yes
CUST-02552,2024-04,Month-to-month,Basic,4,50.62,No,Sales-Assisted,Northeast,20,20,58.8,1,No
CUST-02553,2024-03,Month-to-month,Basic,0,13.31,No,Sales-Assisted,Midwest,4,21,66.3,0,Yes
CUST-02554,2024-12,Two year,Basic,2,35.78,Yes,Organic,South,12,12,96.8,0,No
CUST-02555,2025-09,Month-to-month,Basic,2,32.91,Yes,Organic,West,3,3,52.1,0,No
CUST-02556,2024-07,Month-to-month,Basic,1,20.63,Yes,Paid Search,West,17,17,50.5,1,No
CUST-02557,2023-08,Month-to-month,Basic,3,39.2,Yes,Sales-Assisted,West,2,28,49.2,1,Yes
CUST-02558,2024-07,Month-to-month,Standard,1,39.04,No,Paid Search,South,3,17,54.6,0,Yes
CUST-02559,2025-09,Month-to-month,Standard,2,51.71,Yes,Sales-Assisted,South,3,3,84.8,0,No
CUST-02560,2025-08,Month-to-month,Premium,3,90.66,Yes,Organic,Midwest,3,4,90.9,0,Yes
CUST-02561,2025-09,Month-to-month,Premium,2,79.69,Yes,Organic,West,3,3,60.4,0,No
CUST-02562,2025-10,One year,Basic,0,15.6,Yes,Sales-Assisted,Northeast,2,2,31.6,0,No
CUST-02563,2023-11,Month-to-month,Basic,0,16.2,No,Organic,Northeast,7,25,52.5,0,Yes
CUST-02564,2024-08,One year,Standard,0,33.03,Yes,Paid Search,Midwest,16,16,51.3,0,No
CUST-02565,2024-12,Month-to-month,Premium,3,88.82,No,Organic,South,1,12,58.9,0,Yes
CUST-02566,2024-05,Month-to-month,Premium,0,64.41,Yes,Organic,West,3,19,76.4,0,Yes
CUST-02567,2023-11,Month-to-month,Premium,3,85.5,Yes,Paid Search,West,25,25,62.4,0,No
CUST-02568,2024-07,One year,Standard,1,43.45,No,Paid Search,West,17,17,61.0,0,No
CUST-02569,2025-01,One year,Standard,2,51.8,Yes,Organic,South,7,11,72.3,1,Yes
CUST-02570,2023-07,Month-to-month,Standard,4,68.51,No,Referral,West,8,29,96.1,0,Yes
CUST-02571,2024-12,Two year,Basic,2,30.75,Yes,Paid Search,West,12,12,92.6,0,No
CUST-02572,2025-07,Two year,Standard,0,35.33,Yes,Paid Search,South,5,5,35.8,0,No
CUST-02573,2024-09,Month-to-month,Basic,2,30.8,Yes,Organic,West,15,15,30.7,2,Yes
CUST-02574,2025-09,Month-to-month,Standard,1,41.25,No,Paid Search,South,3,3,64.5,0,No
CUST-02575,2024-03,Month-to-month,Basic,2,32.38,Yes,Organic,Midwest,14,21,40.9,1,Yes
CUST-02576,2023-11,Two year,Standard,0,36.45,Yes,Paid Search,West,25,25,76.9,0,No
CUST-02577,2024-06,One year,Standard,1,41.42,Yes,Organic,West,18,18,65.9,0,No
CUST-02578,2023-10,Month-to-month,Standard,0,32.8,Yes,Paid Search,Midwest,26,26,70.4,0,No
CUST-02579,2023-09,One year,Standard,1,46.15,Yes,Referral,Midwest,27,27,55.5,0,No
CUST-02580,2023-07,Two year,Basic,1,23.66,Yes,Organic,South,2,29,47.9,1,Yes
CUST-02581,2024-11,Two year,Basic,2,29.96,Yes,Paid Search,South,13,13,66.0,0,No
CUST-02582,2023-10,Month-to-month,Basic,1,22.69,Yes,Paid Search,Northeast,9,26,63.5,0,Yes
CUST-02583,2025-10,Month-to-month,Standard,0,34.03,No,Organic,West,2,2,49.6,0,No
CUST-02584,2024-12,Two year,Standard,0,36.1,Yes,Sales-Assisted,Northeast,12,12,86.7,0,No
CUST-02585,2025-04,Month-to-month,Basic,1,21.43,No,Sales-Assisted,South,8,8,55.0,0,No
CUST-02586,2024-07,Month-to-month,Basic,0,17.02,No,Paid Search,Northeast,15,17,37.3,3,Yes
CUST-02587,2024-04,One year,Standard,3,61.51,No,Organic,South,20,20,72.9,0,No
CUST-02588,2024-05,Month-to-month,Premium,0,62.14,Yes,Organic,South,17,19,53.0,0,Yes
CUST-02589,2024-07,One year,Basic,1,22.45,Yes,Paid Search,Midwest,9,17,58.7,1,Yes
CUST-02590,2024-07,Month-to-month,Basic,3,38.02,No,Paid Search,Midwest,6,17,61.1,0,Yes
CUST-02591,2025-08,Month-to-month,Premium,1,72.84,Yes,Organic,South,4,4,68.4,0,No
CUST-02592,2024-11,Month-to-month,Premium,0,65.11,Yes,Sales-Assisted,West,3,13,71.1,0,Yes
CUST-02593,2023-07,Month-to-month,Basic,0,16.27,Yes,Paid Search,South,1,29,94.5,0,Yes
CUST-02594,2023-12,One year,Premium,1,72.1,Yes,Organic,West,24,24,94.3,0,No
CUST-02595,2025-01,Month-to-month,Basic,3,39.29,No,Paid Search,Northeast,3,11,86.6,0,Yes
CUST-02596,2024-01,Month-to-month,Premium,0,66.07,Yes,Organic,Midwest,2,23,60.4,0,Yes
CUST-02597,2024-11,Month-to-month,Standard,0,35.92,Yes,Paid Search,South,13,13,46.9,0,No
CUST-02598,2025-11,Month-to-month,Premium,0,62.8,Yes,Paid Search,Midwest,1,1,49.6,0,No
CUST-02599,2024-12,Month-to-month,Basic,0,14.36,No,Organic,West,12,12,61.3,0,No
CUST-02600,2023-09,One year,Standard,3,60.84,Yes,Organic,Midwest,3,27,56.8,0,Yes
CUST-02601,2023-10,One year,Standard,0,35.87,Yes,Paid Search,South,12,26,67.3,0,Yes
CUST-02602,2024-11,One year,Standard,1,40.63,Yes,Sales-Assisted,South,13,13,59.1,0,No
CUST-02603,2024-04,One year,Standard,0,38.14,No,Paid Search,Midwest,20,20,60.0,0,No
CUST-02604,2024-02,Month-to-month,Basic,2,30.86,No,Organic,Northeast,10,22,70.9,0,Yes
CUST-02605,2024-10,Month-to-month,Premium,1,73.99,Yes,Organic,South,8,14,97.2,0,Yes
CUST-02606,2023-07,Two year,Standard,3,58.84,Yes,Organic,Northeast,29,29,78.7,0,No
CUST-02607,2024-03,Two year,Basic,1,25.53,Yes,Referral,West,21,21,53.2,0,No
CUST-02608,2024-05,Month-to-month,Premium,2,82.88,Yes,Referral,Midwest,19,19,47.9,0,No
CUST-02609,2025-01,One year,Premium,3,89.62,Yes,Sales-Assisted,West,11,11,57.8,0,No
CUST-02610,2025-04,Month-to-month,Standard,0,35.3,No,Organic,West,2,8,24.7,0,Yes
CUST-02611,2023-09,Month-to-month,Basic,3,40.1,Yes,Paid Search,Midwest,9,27,59.3,0,Yes
CUST-02612,2024-06,Month-to-month,Basic,1,24.12,Yes,Sales-Assisted,West,2,18,81.5,0,Yes
CUST-02613,2024-06,Two year,Premium,3,90.47,Yes,Sales-Assisted,Midwest,18,18,57.0,0,No
CUST-02614,2024-11,Month-to-month,Basic,0,13.17,No,Sales-Assisted,West,2,13,50.3,2,Yes
CUST-02615,2024-03,Two year,Premium,1,70.37,Yes,Referral,South,11,21,55.2,0,Yes
CUST-02616,2025-06,Month-to-month,Premium,0,65.22,No,Organic,Midwest,6,6,41.5,0,No
CUST-02617,2025-03,Two year,Basic,1,23.82,Yes,Organic,Northeast,9,9,54.5,0,No
CUST-02618,2025-07,Month-to-month,Standard,2,49.34,Yes,Referral,South,5,5,53.9,0,No
CUST-02619,2024-12,Two year,Standard,0,33.87,Yes,Sales-Assisted,Midwest,12,12,61.6,0,No
CUST-02620,2024-01,Month-to-month,Standard,2,47.79,Yes,Referral,South,3,23,66.5,1,Yes
CUST-02621,2025-08,One year,Basic,0,13.35,Yes,Paid Search,Northeast,4,4,70.1,0,No
CUST-02622,2024-11,Month-to-month,Basic,2,33.62,No,Organic,Midwest,7,13,51.2,0,Yes
CUST-02623,2025-05,One year,Basic,2,29.35,Yes,Organic,Midwest,7,7,43.4,1,No
CUST-02624,2024-11,Two year,Standard,1,44.21,No,Sales-Assisted,South,13,13,60.3,0,No
CUST-02625,2024-06,Two year,Basic,1,22.19,Yes,Paid Search,South,18,18,52.6,1,No
CUST-02626,2025-01,One year,Basic,2,31.52,Yes,Organic,Northeast,11,11,59.7,0,No
CUST-02627,2024-12,Month-to-month,Basic,1,21.28,Yes,Organic,Northeast,5,12,58.2,0,Yes
CUST-02628,2024-06,Month-to-month,Standard,0,32.53,Yes,Sales-Assisted,Northeast,18,18,95.9,0,No
CUST-02629,2024-11,One year,Basic,2,31.64,Yes,Organic,Northeast,13,13,77.0,0,No
CUST-02630,2024-05,Two year,Basic,2,30.09,Yes,Referral,South,19,19,52.1,0,No
CUST-02631,2023-10,Month-to-month,Basic,2,31.03,No,Organic,Northeast,4,26,81.3,0,Yes
CUST-02632,2023-12,Two year,Premium,0,61.74,Yes,Referral,Northeast,24,24,81.8,0,No
CUST-02633,2024-06,One year,Standard,0,36.15,Yes,Paid Search,West,18,18,45.3,0,No
CUST-02634,2025-03,Month-to-month,Standard,3,59.56,Yes,Referral,Midwest,9,9,49.5,0,No
CUST-02635,2024-11,Two year,Standard,1,42.15,Yes,Referral,West,13,13,32.8,1,No
CUST-02636,2024-06,Month-to-month,Basic,1,21.02,Yes,Organic,Northeast,18,18,42.1,0,No
CUST-02637,2024-03,One year,Basic,1,20.66,Yes,Paid Search,South,2,21,53.8,1,Yes
CUST-02638,2024-09,One year,Standard,0,37.84,Yes,Paid Search,West,15,15,69.0,0,No
CUST-02639,2024-05,Month-to-month,Standard,1,42.06,No,Referral,West,3,19,70.2,0,Yes
CUST-02640,2025-09,One year,Standard,0,34.06,Yes,Organic,South,3,3,42.3,2,No
CUST-02641,2024-12,Month-to-month,Basic,3,39.23,Yes,Paid Search,South,3,12,53.7,1,Yes
CUST-02642,2023-11,One year,Basic,1,19.77,Yes,Paid Search,South,25,25,52.1,1,No
CUST-02643,2023-11,Month-to-month,Standard,1,44.3,Yes,Paid Search,Northeast,11,25,55.3,0,Yes
CUST-02644,2024-06,Month-to-month,Basic,2,30.29,Yes,Paid Search,Northeast,1,18,77.9,0,Yes
CUST-02645,2025-03,Two year,Standard,2,50.21,Yes,Organic,Midwest,9,9,97.2,0,No
CUST-02646,2024-09,One year,Premium,0,64.13,Yes,Organic,Northeast,15,15,79.8,0,No
CUST-02647,2024-04,One year,Basic,3,39.41,Yes,Referral,South,20,20,47.5,3,No
CUST-02648,2024-08,One year,Premium,1,72.88,No,Paid Search,Midwest,16,16,30.5,3,No
CUST-02649,2023-10,Month-to-month,Standard,4,65.63,Yes,Sales-Assisted,West,2,26,64.1,0,Yes
CUST-02650,2024-08,One year,Basic,0,14.69,No,Referral,Midwest,16,16,79.0,0,No
CUST-02651,2024-06,Month-to-month,Basic,1,21.26,No,Sales-Assisted,Northeast,18,18,44.2,2,No
CUST-02652,2024-12,One year,Premium,0,67.67,No,Paid Search,Northeast,12,12,41.0,2,No
CUST-02653,2024-09,Month-to-month,Premium,2,79.82,Yes,Organic,West,15,15,65.2,0,No
CUST-02654,2024-09,Month-to-month,Basic,1,22.14,Yes,Referral,Northeast,12,15,69.0,0,Yes
CUST-02655,2024-04,Month-to-month,Standard,3,60.06,No,Referral,West,18,20,85.0,0,Yes
CUST-02656,2023-12,Month-to-month,Standard,2,53.21,Yes,Paid Search,South,4,24,60.8,0,Yes
CUST-02657,2023-07,Two year,Premium,0,65.93,No,Organic,Northeast,29,29,62.8,1,No
CUST-02658,2025-01,Two year,Basic,1,23.86,No,Organic,Midwest,8,11,75.7,0,Yes
CUST-02659,2024-10,One year,Basic,3,36.5,Yes,Organic,South,14,14,40.5,2,No
CUST-02660,2024-01,Month-to-month,Basic,0,12.51,No,Organic,Midwest,6,23,47.9,2,Yes
CUST-02661,2025-04,Month-to-month,Standard,2,51.21,No,Organic,South,3,8,61.9,0,Yes
CUST-02662,2025-11,Month-to-month,Standard,1,38.82,Yes,Organic,West,1,1,68.0,0,No
CUST-02663,2023-11,Month-to-month,Basic,1,22.94,Yes,Referral,South,25,25,47.8,0,No
CUST-02664,2025-02,Month-to-month,Basic,0,14.72,No,Paid Search,South,3,10,89.4,0,Yes
CUST-02665,2025-10,One year,Basic,0,13.44,Yes,Paid Search,West,2,2,74.0,0,No
CUST-02666,2024-02,One year,Standard,4,63.86,Yes,Organic,South,22,22,66.2,1,No
CUST-02667,2025-04,Month-to-month,Basic,1,23.51,Yes,Organic,South,8,8,65.6,0,No
CUST-02668,2024-05,Two year,Standard,0,38.89,No,Organic,South,19,19,85.4,0,No
CUST-02669,2025-08,Two year,Premium,2,80.35,Yes,Organic,Northeast,4,4,96.3,0,No
CUST-02670,2025-09,Two year,Basic,1,20.96,Yes,Referral,West,3,3,75.2,0,No
CUST-02671,2025-08,Month-to-month,Standard,0,36.69,No,Sales-Assisted,West,4,4,80.5,0,No
CUST-02672,2025-01,One year,Standard,1,45.87,Yes,Paid Search,Northeast,11,11,66.8,0,No
CUST-02673,2025-08,Two year,Standard,2,52.79,Yes,Organic,South,4,4,92.6,0,No
CUST-02674,2024-11,Two year,Premium,1,69.87,Yes,Organic,Midwest,8,13,85.1,0,Yes
CUST-02675,2025-01,Month-to-month,Basic,2,29.69,No,Referral,South,1,11,92.1,0,Yes
CUST-02676,2023-12,One year,Standard,0,36.42,Yes,Organic,Midwest,24,24,54.3,0,No
CUST-02677,2023-09,Month-to-month,Premium,3,92.81,No,Paid Search,Northeast,27,27,41.5,0,No
CUST-02678,2025-08,One year,Basic,1,21.13,Yes,Organic,Midwest,4,4,60.9,0,No
CUST-02679,2023-12,One year,Premium,0,67.4,Yes,Referral,Midwest,24,24,81.8,0,No
CUST-02680,2025-07,Month-to-month,Standard,0,36.68,Yes,Organic,Midwest,5,5,39.5,1,No
CUST-02681,2025-02,One year,Standard,0,33.01,Yes,Sales-Assisted,Midwest,10,10,42.4,0,No
CUST-02682,2025-03,One year,Premium,0,65.6,Yes,Paid Search,South,4,9,52.0,0,Yes
CUST-02683,2024-01,Month-to-month,Premium,2,79.17,Yes,Paid Search,Northeast,1,23,74.4,0,Yes
CUST-02684,2024-12,Month-to-month,Basic,0,14.75,No,Organic,Northeast,12,12,69.5,1,No
CUST-02685,2025-06,One year,Standard,0,38.4,Yes,Paid Search,Northeast,6,6,49.5,0,No
CUST-02686,2024-03,Two year,Standard,0,34.55,Yes,Referral,Midwest,21,21,81.3,0,No
CUST-02687,2025-04,Month-to-month,Basic,0,16.26,Yes,Organic,South,8,8,68.7,0,No
CUST-02688,2024-12,Month-to-month,Standard,4,69.05,No,Referral,West,12,12,50.8,1,No
CUST-02689,2024-02,Month-to-month,Basic,3,41.08,Yes,Paid Search,Northeast,8,22,41.3,0,Yes
CUST-02690,2024-03,Month-to-month,Basic,0,15.45,Yes,Organic,West,6,21,49.9,0,Yes
CUST-02691,2024-04,Month-to-month,Basic,2,30.84,Yes,Sales-Assisted,South,6,20,60.5,0,Yes
CUST-02692,2025-05,Two year,Basic,0,16.94,No,Paid Search,South,7,7,82.3,0,No
CUST-02693,2025-04,Two year,Basic,3,37.91,Yes,Organic,Northeast,8,8,56.5,0,No
CUST-02694,2025-01,One year,Standard,2,51.97,Yes,Organic,Midwest,9,11,54.5,1,Yes
CUST-02695,2024-08,One year,Premium,2,78.07,Yes,Paid Search,Northeast,16,16,43.8,1,No
CUST-02696,2024-01,Two year,Basic,2,31.14,Yes,Paid Search,Northeast,2,23,54.3,0,Yes
CUST-02697,2025-11,Month-to-month,Premium,1,72.24,No,Paid Search,South,1,1,89.3,0,No
CUST-02698,2024-11,Month-to-month,Basic,0,15.63,Yes,Organic,West,13,13,85.5,0,No
CUST-02699,2024-04,One year,Basic,2,29.83,Yes,Sales-Assisted,South,20,20,58.9,0,No
CUST-02700,2024-09,Month-to-month,Basic,0,14.82,Yes,Sales-Assisted,Northeast,15,15,45.2,1,Yes
CUST-02701,2025-10,Month-to-month,Standard,2,53.59,No,Organic,Midwest,2,2,56.1,0,No
CUST-02702,2024-11,One year,Basic,2,29.02,Yes,Organic,Northeast,13,13,36.4,0,No
CUST-02703,2023-11,One year,Basic,1,22.22,Yes,Organic,Northeast,12,25,86.1,0,Yes
CUST-02704,2025-09,One year,Basic,2,31.14,Yes,Referral,Northeast,3,3,56.2,0,No
CUST-02705,2024-06,Month-to-month,Basic,0,9.96,No,Paid Search,Midwest,18,18,84.0,0,No
CUST-02706,2024-09,Month-to-month,Standard,0,35.45,Yes,Paid Search,South,2,15,70.5,0,Yes
CUST-02707,2023-11,One year,Basic,3,42.44,Yes,Sales-Assisted,South,19,25,34.7,2,Yes
CUST-02708,2025-10,One year,Standard,1,43.38,Yes,Organic,Midwest,2,2,51.8,1,No
CUST-02709,2023-12,One year,Basic,1,22.9,No,Paid Search,West,24,24,98.0,0,No
CUST-02710,2025-07,Two year,Premium,0,60.71,Yes,Organic,Northeast,5,5,74.2,0,No
CUST-02711,2024-05,Month-to-month,Standard,1,41.04,Yes,Organic,Northeast,16,19,70.3,0,Yes
CUST-02712,2024-02,Month-to-month,Basic,0,15.13,No,Paid Search,South,22,22,61.9,0,No
CUST-02713,2024-04,Month-to-month,Basic,2,30.0,Yes,Organic,South,20,20,63.8,0,No
CUST-02714,2024-02,Two year,Basic,1,20.55,Yes,Organic,West,22,22,94.3,0,No
CUST-02715,2023-12,One year,Standard,4,66.06,Yes,Paid Search,South,24,24,61.5,0,No
CUST-02716,2023-07,Month-to-month,Standard,2,50.87,Yes,Organic,South,29,29,23.7,1,No
CUST-02717,2024-12,Month-to-month,Standard,4,63.66,Yes,Paid Search,South,5,12,26.1,0,Yes
CUST-02718,2024-02,Two year,Basic,2,28.45,No,Organic,Northeast,22,22,61.0,0,No
CUST-02719,2023-07,Two year,Standard,2,49.48,Yes,Sales-Assisted,Northeast,29,29,33.0,1,No
CUST-02720,2024-12,Month-to-month,Basic,0,17.14,Yes,Organic,Northeast,3,12,46.3,2,Yes
CUST-02721,2023-07,Two year,Standard,1,41.64,No,Organic,West,29,29,47.8,1,No
CUST-02722,2025-06,One year,Standard,1,37.88,Yes,Referral,South,1,6,71.8,0,Yes
CUST-02723,2023-08,Two year,Premium,0,59.32,No,Organic,South,28,28,60.6,0,No
CUST-02724,2025-05,Month-to-month,Premium,0,58.39,No,Paid Search,West,2,7,94.4,0,Yes
CUST-02725,2025-08,Month-to-month,Basic,1,22.53,Yes,Organic,Midwest,4,4,93.4,0,No
CUST-02726,2025-04,One year,Basic,2,29.93,Yes,Organic,Midwest,8,8,56.0,0,No
CUST-02727,2025-08,Month-to-month,Standard,0,38.5,No,Sales-Assisted,Northeast,4,4,59.3,0,No
CUST-02728,2023-09,One year,Premium,1,73.22,Yes,Organic,West,27,27,88.1,0,No
CUST-02729,2024-09,One year,Basic,0,14.2,No,Organic,South,9,15,70.5,0,Yes
CUST-02730,2024-11,One year,Standard,1,45.02,Yes,Organic,South,8,13,51.2,0,Yes
CUST-02731,2025-11,Month-to-month,Premium,0,64.79,Yes,Paid Search,Midwest,1,1,32.8,0,No
CUST-02732,2024-08,One year,Standard,4,67.1,Yes,Organic,Midwest,16,16,37.0,0,No
CUST-02733,2025-07,One year,Basic,0,13.3,Yes,Sales-Assisted,Northeast,5,5,54.9,1,No
CUST-02734,2024-09,Month-to-month,Basic,3,39.14,Yes,Paid Search,West,7,15,44.5,0,Yes
CUST-02735,2023-11,Two year,Premium,1,71.98,Yes,Sales-Assisted,South,25,25,50.0,0,No
CUST-02736,2025-08,One year,Basic,0,16.34,Yes,Referral,West,4,4,72.1,0,No
CUST-02737,2024-05,Month-to-month,Basic,1,20.47,Yes,Organic,West,19,19,73.5,0,No
CUST-02738,2024-06,Month-to-month,Premium,3,89.79,No,Organic,Northeast,18,18,54.9,0,No
CUST-02739,2024-10,One year,Standard,1,43.37,Yes,Organic,Midwest,14,14,35.2,0,No
CUST-02740,2025-11,Month-to-month,Standard,2,49.37,No,Paid Search,West,1,1,97.5,0,No
CUST-02741,2023-07,Month-to-month,Standard,2,47.07,No,Organic,South,12,29,39.3,1,Yes
CUST-02742,2024-05,One year,Basic,1,21.48,Yes,Organic,West,19,19,69.0,0,No
CUST-02743,2023-12,Month-to-month,Standard,0,33.84,No,Organic,South,24,24,60.3,0,No
CUST-02744,2025-05,Month-to-month,Standard,4,65.66,No,Paid Search,Northeast,7,7,51.5,0,No
CUST-02745,2025-07,One year,Standard,1,41.25,Yes,Paid Search,South,5,5,58.9,1,No
CUST-02746,2023-08,Two year,Basic,0,16.97,Yes,Sales-Assisted,South,14,28,37.2,1,Yes
CUST-02747,2023-09,One year,Standard,0,32.97,Yes,Organic,Northeast,27,27,56.6,0,No
CUST-02748,2024-05,One year,Premium,3,90.08,Yes,Paid Search,Midwest,19,19,82.1,0,No
CUST-02749,2024-07,Month-to-month,Standard,0,38.54,No,Paid Search,West,1,17,54.9,0,Yes
CUST-02750,2024-09,One year,Standard,2,53.68,Yes,Organic,Midwest,15,15,77.5,0,No
CUST-02751,2023-10,Month-to-month,Basic,1,24.25,No,Paid Search,South,8,26,35.3,0,Yes
CUST-02752,2025-08,Month-to-month,Standard,1,41.87,No,Referral,Midwest,4,4,53.1,0,No
CUST-02753,2024-12,Month-to-month,Standard,0,37.39,Yes,Organic,South,3,12,73.2,0,Yes
CUST-02754,2025-04,Month-to-month,Standard,2,52.06,No,Organic,South,2,8,26.3,2,Yes
CUST-02755,2024-12,One year,Basic,1,24.75,No,Organic,South,10,12,62.2,1,Yes
CUST-02756,2025-03,One year,Basic,0,14.92,Yes,Referral,South,9,9,93.0,0,No
CUST-02757,2024-06,One year,Premium,0,64.7,Yes,Organic,Northeast,18,18,69.6,0,No
CUST-02758,2023-08,Two year,Basic,2,30.36,Yes,Paid Search,West,28,28,55.4,1,No
CUST-02759,2024-03,One year,Standard,2,52.3,Yes,Organic,South,21,21,65.2,0,No
CUST-02760,2024-09,Month-to-month,Basic,0,15.87,No,Referral,Midwest,15,15,40.0,0,No
CUST-02761,2023-09,Month-to-month,Standard,4,64.77,Yes,Referral,West,3,27,77.6,0,Yes
CUST-02762,2024-09,Two year,Basic,0,13.59,Yes,Referral,Northeast,15,15,65.4,0,No
CUST-02763,2023-12,One year,Standard,1,42.78,Yes,Sales-Assisted,South,24,24,89.7,1,No
CUST-02764,2024-10,One year,Standard,1,42.89,Yes,Sales-Assisted,West,14,14,57.2,0,No
CUST-02765,2025-04,Month-to-month,Basic,1,23.9,Yes,Sales-Assisted,West,8,8,81.1,0,No
CUST-02766,2025-01,Month-to-month,Premium,2,80.77,No,Paid Search,South,11,11,51.8,0,No
CUST-02767,2025-05,One year,Standard,0,35.27,Yes,Referral,Northeast,7,7,92.7,0,No
CUST-02768,2024-04,Two year,Basic,2,35.13,Yes,Paid Search,Midwest,20,20,55.3,1,No
CUST-02769,2024-09,Two year,Basic,2,34.33,Yes,Sales-Assisted,West,15,15,39.3,2,No
CUST-02770,2024-10,One year,Basic,0,12.53,Yes,Organic,Northeast,14,14,73.9,0,No
CUST-02771,2024-07,Month-to-month,Standard,1,42.26,Yes,Paid Search,Midwest,17,17,77.7,0,No
CUST-02772,2024-07,Month-to-month,Standard,3,60.03,Yes,Paid Search,West,5,17,60.7,0,Yes
CUST-02773,2023-10,One year,Basic,0,15.96,Yes,Sales-Assisted,Midwest,17,26,51.0,2,Yes
CUST-02774,2024-03,One year,Standard,3,54.95,Yes,Referral,West,8,21,10.4,2,Yes
CUST-02775,2024-05,One year,Standard,1,43.44,Yes,Organic,Northeast,19,19,72.0,0,No
CUST-02776,2024-05,Month-to-month,Basic,1,26.55,Yes,Paid Search,South,1,19,54.1,0,Yes
CUST-02777,2025-01,Month-to-month,Standard,0,36.75,No,Paid Search,Northeast,6,11,50.4,1,Yes
CUST-02778,2025-06,One year,Basic,1,22.85,No,Paid Search,Midwest,6,6,63.6,0,No
CUST-02779,2024-03,Two year,Standard,2,48.63,Yes,Referral,Midwest,21,21,40.8,0,No
CUST-02780,2023-09,Two year,Premium,0,65.99,Yes,Paid Search,West,27,27,41.0,1,No
CUST-02781,2025-02,Two year,Standard,1,42.18,Yes,Organic,West,10,10,52.4,1,No
CUST-02782,2025-07,Month-to-month,Basic,0,15.4,No,Organic,West,5,5,50.9,0,No
CUST-02783,2024-07,Month-to-month,Standard,1,44.0,Yes,Organic,South,17,17,83.0,0,No
CUST-02784,2024-07,Two year,Basic,1,23.7,Yes,Sales-Assisted,Midwest,17,17,22.0,2,No
CUST-02785,2025-06,One year,Premium,1,73.73,Yes,Referral,West,6,6,30.6,1,No
CUST-02786,2023-09,Two year,Premium,2,81.09,Yes,Referral,Northeast,27,27,69.6,0,No
CUST-02787,2025-02,Month-to-month,Standard,2,48.4,Yes,Organic,Northeast,2,10,12.5,0,Yes
CUST-02788,2023-07,One year,Standard,1,42.92,Yes,Organic,West,7,29,41.2,0,Yes
CUST-02789,2023-10,Month-to-month,Basic,1,22.69,No,Paid Search,South,2,26,82.4,0,Yes
CUST-02790,2025-01,Month-to-month,Standard,1,42.87,No,Organic,South,1,11,32.8,0,Yes
CUST-02791,2025-07,Month-to-month,Premium,2,79.68,Yes,Organic,Midwest,3,5,30.6,3,Yes
CUST-02792,2024-07,One year,Basic,1,20.16,Yes,Paid Search,South,12,17,43.1,1,Yes
CUST-02793,2024-11,Month-to-month,Basic,2,33.25,No,Sales-Assisted,Northeast,13,13,63.6,0,No
CUST-02794,2024-05,Month-to-month,Basic,2,31.65,Yes,Referral,Northeast,10,19,45.5,1,Yes
CUST-02795,2023-07,One year,Premium,0,66.31,Yes,Paid Search,Northeast,9,29,47.8,0,Yes
CUST-02796,2025-05,Month-to-month,Basic,1,23.08,Yes,Sales-Assisted,West,7,7,76.0,0,No
CUST-02797,2024-07,One year,Basic,0,15.29,Yes,Referral,West,17,17,43.1,0,No
CUST-02798,2024-11,Month-to-month,Basic,2,30.95,No,Paid Search,South,6,13,72.1,0,Yes
CUST-02799,2023-09,One year,Standard,1,43.51,Yes,Organic,Northeast,27,27,72.2,0,No
CUST-02800,2024-06,Month-to-month,Standard,3,57.29,Yes,Organic,South,13,18,47.7,0,Yes
CUST-02801,2025-03,Two year,Premium,1,73.69,No,Sales-Assisted,West,9,9,49.5,0,No
CUST-02802,2025-05,Two year,Standard,0,32.61,Yes,Organic,South,7,7,62.6,1,No
CUST-02803,2023-10,Month-to-month,Premium,3,87.69,Yes,Sales-Assisted,South,4,26,51.3,0,Yes
CUST-02804,2024-02,One year,Basic,2,29.45,Yes,Organic,Northeast,22,22,70.6,0,No
CUST-02805,2023-10,Two year,Standard,2,54.05,Yes,Organic,West,26,26,95.3,0,No
CUST-02806,2023-07,Month-to-month,Standard,1,40.9,No,Organic,South,9,29,71.0,0,Yes
CUST-02807,2025-02,Month-to-month,Standard,0,34.51,No,Referral,Northeast,10,10,74.6,0,No
CUST-02808,2025-11,Month-to-month,Basic,2,33.97,Yes,Sales-Assisted,South,1,1,51.4,2,Yes
CUST-02809,2024-08,One year,Standard,2,51.12,Yes,Sales-Assisted,Midwest,16,16,69.3,0,No
CUST-02810,2023-07,Two year,Standard,0,38.34,Yes,Referral,West,29,29,64.7,1,No
CUST-02811,2025-05,One year,Basic,0,16.59,Yes,Sales-Assisted,South,7,7,20.2,2,No
CUST-02812,2024-09,Month-to-month,Basic,1,21.25,No,Organic,South,15,15,60.5,1,No
CUST-02813,2025-10,Two year,Basic,0,17.87,Yes,Sales-Assisted,South,2,2,37.9,0,No
CUST-02814,2024-01,Month-to-month,Basic,0,16.49,No,Organic,Northeast,9,23,49.2,1,Yes
CUST-02815,2023-11,Month-to-month,Basic,1,20.54,No,Organic,West,25,25,75.0,2,No
CUST-02816,2024-09,One year,Premium,0,61.15,Yes,Referral,Midwest,15,15,59.2,0,No
CUST-02817,2024-10,Month-to-month,Basic,3,40.76,Yes,Organic,Midwest,1,14,97.4,0,Yes
CUST-02818,2024-10,Month-to-month,Basic,1,21.05,Yes,Organic,Northeast,9,14,74.0,1,Yes
CUST-02819,2024-07,One year,Standard,0,34.78,Yes,Organic,South,1,17,77.2,0,Yes
CUST-02820,2025-09,One year,Premium,0,65.26,No,Organic,South,3,3,75.8,0,No
CUST-02821,2023-08,Month-to-month,Basic,0,16.66,Yes,Organic,Northeast,6,28,86.4,0,Yes
CUST-02822,2025-04,Month-to-month,Basic,2,30.48,No,Paid Search,West,8,8,74.3,0,Yes
CUST-02823,2024-03,One year,Premium,3,86.41,No,Paid Search,Northeast,4,21,75.7,0,Yes
CUST-02824,2025-10,One year,Basic,2,28.84,Yes,Sales-Assisted,Northeast,1,2,48.6,0,Yes
CUST-02825,2024-10,Month-to-month,Basic,2,30.85,Yes,Organic,Midwest,2,14,78.0,0,Yes
CUST-02826,2024-08,Month-to-month,Basic,3,40.78,Yes,Referral,Midwest,9,16,98.5,0,Yes
CUST-02827,2024-10,Month-to-month,Premium,2,79.88,No,Referral,Midwest,8,14,60.9,1,Yes
CUST-02828,2024-04,Two year,Standard,3,56.61,Yes,Organic,Midwest,20,20,77.8,0,No
CUST-02829,2024-10,Month-to-month,Basic,3,35.57,Yes,Sales-Assisted,Northeast,9,14,56.1,1,Yes
CUST-02830,2024-12,One year,Basic,0,18.66,No,Organic,Midwest,12,12,69.7,0,No
CUST-02831,2025-10,Month-to-month,Standard,0,33.21,No,Paid Search,Northeast,2,2,81.4,0,No
CUST-02832,2023-09,Month-to-month,Basic,0,13.36,No,Paid Search,Midwest,16,27,61.6,0,Yes
CUST-02833,2024-07,Two year,Basic,1,22.11,No,Referral,West,17,17,41.7,0,No
CUST-02834,2023-08,Month-to-month,Standard,3,60.17,Yes,Organic,West,27,28,38.4,0,Yes
CUST-02835,2025-06,One year,Premium,0,65.7,Yes,Organic,West,6,6,67.3,0,No
CUST-02836,2025-04,Month-to-month,Standard,2,48.25,Yes,Referral,Midwest,8,8,45.6,0,No
CUST-02837,2025-01,Two year,Basic,0,11.16,Yes,Paid Search,Northeast,11,11,73.6,0,No
CUST-02838,2025-02,One year,Premium,3,87.56,Yes,Sales-Assisted,West,10,10,52.7,0,No
CUST-02839,2024-07,One year,Standard,0,34.88,Yes,Paid Search,Northeast,8,17,51.0,0,Yes
CUST-02840,2025-06,Month-to-month,Premium,0,63.6,Yes,Referral,South,6,6,53.8,1,No
CUST-02841,2024-06,One year,Premium,3,89.7,Yes,Paid Search,Northeast,18,18,94.7,0,No
CUST-02842,2025-05,One year,Basic,0,13.91,Yes,Paid Search,Midwest,7,7,55.5,1,No
CUST-02843,2024-09,One year,Basic,0,18.45,Yes,Referral,Midwest,15,15,56.5,0,No
CUST-02844,2024-04,Month-to-month,Basic,2,29.9,No,Organic,West,10,20,84.4,0,Yes
CUST-02845,2024-02,Month-to-month,Basic,0,13.42,Yes,Organic,West,4,22,53.7,0,Yes
CUST-02846,2024-01,Month-to-month,Premium,0,67.01,Yes,Organic,South,23,23,87.7,0,No
CUST-02847,2023-12,One year,Premium,3,89.23,Yes,Organic,Northeast,5,24,69.9,0,Yes
CUST-02848,2023-07,Month-to-month,Standard,0,32.03,No,Organic,Northeast,12,29,76.5,0,Yes
CUST-02849,2024-09,One year,Basic,1,21.93,No,Organic,Midwest,15,15,53.8,2,No
CUST-02850,2024-08,One year,Premium,1,73.07,Yes,Organic,West,11,16,48.7,1,Yes
CUST-02851,2025-07,Month-to-month,Standard,1,36.68,Yes,Paid Search,South,5,5,96.9,0,No
CUST-02852,2024-12,Month-to-month,Basic,0,12.88,Yes,Paid Search,Midwest,5,12,38.2,1,Yes
CUST-02853,2024-04,Month-to-month,Basic,2,31.92,Yes,Paid Search,West,20,20,74.3,0,No
CUST-02854,2023-08,One year,Standard,0,36.12,Yes,Organic,South,28,28,63.4,0,No
CUST-02855,2025-01,Month-to-month,Premium,0,65.3,Yes,Referral,Midwest,11,11,20.3,1,No
CUST-02856,2025-10,Month-to-month,Standard,2,48.13,Yes,Organic,South,2,2,18.9,2,No
CUST-02857,2024-08,Month-to-month,Standard,0,34.22,No,Referral,West,16,16,77.0,0,No
CUST-02858,2024-08,Month-to-month,Standard,2,49.01,Yes,Referral,Northeast,16,16,92.2,0,No
CUST-02859,2023-07,Month-to-month,Basic,2,30.61,Yes,Organic,Northeast,19,29,48.7,1,Yes
CUST-02860,2025-03,Two year,Premium,3,88.16,Yes,Organic,South,9,9,83.0,1,No
CUST-02861,2024-05,Month-to-month,Standard,2,51.94,Yes,Paid Search,South,3,19,58.6,0,Yes
CUST-02862,2024-02,Month-to-month,Basic,4,44.41,No,Referral,West,22,22,66.2,0,No
CUST-02863,2024-06,Month-to-month,Premium,0,63.65,Yes,Referral,South,13,18,84.2,0,Yes
CUST-02864,2025-02,Month-to-month,Standard,0,35.05,Yes,Paid Search,Midwest,5,10,96.6,0,Yes
CUST-02865,2024-01,Month-to-month,Standard,0,36.09,Yes,Paid Search,West,6,23,86.9,0,Yes
CUST-02866,2025-08,Month-to-month,Basic,3,36.3,No,Sales-Assisted,Midwest,4,4,65.4,0,No
CUST-02867,2025-08,Two year,Standard,1,42.62,Yes,Organic,West,4,4,79.7,0,No
CUST-02868,2023-08,Month-to-month,Basic,0,19.7,Yes,Organic,Midwest,28,28,48.2,1,Yes
CUST-02869,2025-01,Two year,Premium,0,64.94,Yes,Paid Search,West,11,11,76.0,1,No
CUST-02870,2023-08,Month-to-month,Basic,0,12.51,Yes,Sales-Assisted,South,1,28,61.4,0,Yes
CUST-02871,2024-09,Month-to-month,Basic,0,16.73,No,Paid Search,West,1,15,69.0,0,Yes
CUST-02872,2023-09,One year,Basic,1,23.83,Yes,Organic,Northeast,27,27,93.6,0,No
CUST-02873,2024-10,Month-to-month,Basic,1,23.31,No,Referral,West,9,14,67.3,1,Yes
CUST-02874,2025-07,Month-to-month,Basic,1,22.73,Yes,Paid Search,Midwest,5,5,84.6,0,No
CUST-02875,2023-11,Two year,Premium,1,74.6,Yes,Sales-Assisted,Midwest,1,25,51.7,0,Yes
CUST-02876,2025-02,Month-to-month,Premium,2,78.78,Yes,Referral,South,3,10,52.2,0,Yes
CUST-02877,2023-09,One year,Basic,2,33.05,Yes,Paid Search,Midwest,14,27,71.1,0,Yes
CUST-02878,2025-01,One year,Premium,1,74.69,No,Organic,Northeast,11,11,61.9,0,No
CUST-02879,2023-12,Month-to-month,Basic,2,32.91,Yes,Referral,West,1,24,59.2,0,Yes
CUST-02880,2024-12,Month-to-month,Basic,0,16.57,Yes,Sales-Assisted,West,1,12,68.5,0,Yes
CUST-02881,2023-07,Month-to-month,Premium,1,74.71,Yes,Referral,South,29,29,54.3,0,No
CUST-02882,2024-08,One year,Premium,0,65.14,Yes,Referral,Midwest,7,16,80.9,0,Yes
CUST-02883,2025-03,Month-to-month,Premium,3,88.23,Yes,Paid Search,Northeast,9,9,93.8,0,No
CUST-02884,2023-12,Month-to-month,Premium,0,65.54,Yes,Organic,West,8,24,14.1,2,Yes
CUST-02885,2025-11,One year,Basic,1,21.7,No,Organic,Midwest,1,1,58.9,0,No
CUST-02886,2023-07,One year,Basic,4,49.6,Yes,Paid Search,South,3,29,78.2,0,Yes
CUST-02887,2024-04,Month-to-month,Basic,4,50.37,No,Paid Search,South,11,20,82.6,0,Yes
CUST-02888,2024-02,One year,Standard,1,40.45,No,Paid Search,Midwest,9,22,65.3,0,Yes
CUST-02889,2025-01,One year,Basic,4,48.5,No,Paid Search,Midwest,11,11,48.1,0,No
CUST-02890,2024-01,One year,Premium,1,76.46,Yes,Organic,West,23,23,35.6,1,No
CUST-02891,2024-01,Month-to-month,Premium,1,70.62,Yes,Referral,West,1,23,45.6,0,Yes
CUST-02892,2024-10,Month-to-month,Premium,3,91.02,No,Organic,Northeast,10,14,49.7,1,Yes
CUST-02893,2025-01,Two year,Standard,1,42.3,Yes,Organic,Northeast,11,11,89.4,0,No
CUST-02894,2025-03,One year,Standard,1,44.85,Yes,Paid Search,West,9,9,53.3,2,No
CUST-02895,2023-11,Month-to-month,Standard,1,40.73,Yes,Paid Search,South,8,25,89.7,0,Yes
CUST-02896,2023-07,One year,Premium,2,81.98,Yes,Organic,South,29,29,62.5,0,No
CUST-02897,2023-10,One year,Premium,2,78.11,Yes,Referral,Northeast,23,26,93.9,0,Yes
CUST-02898,2024-12,One year,Standard,1,44.81,Yes,Referral,West,12,12,54.6,0,No
CUST-02899,2024-08,Two year,Premium,2,85.01,Yes,Referral,South,16,16,85.0,0,No
CUST-02900,2023-08,Two year,Basic,4,45.64,Yes,Referral,Northeast,28,28,81.3,0,No
CUST-02901,2023-07,One year,Premium,2,80.24,Yes,Paid Search,South,10,29,77.6,0,Yes
CUST-02902,2024-02,Month-to-month,Premium,1,72.0,Yes,Referral,Northeast,1,22,69.5,0,Yes
CUST-02903,2024-05,Month-to-month,Standard,2,50.65,Yes,Organic,South,19,19,37.8,0,Yes
CUST-02904,2025-02,Month-to-month,Standard,4,65.63,Yes,Referral,Northeast,10,10,74.9,0,No
CUST-02905,2024-09,Month-to-month,Basic,0,12.41,Yes,Sales-Assisted,West,2,15,64.0,0,Yes
CUST-02906,2025-06,Two year,Standard,0,35.39,Yes,Paid Search,Northeast,6,6,58.3,2,No
CUST-02907,2024-03,Month-to-month,Premium,2,80.73,No,Sales-Assisted,Midwest,21,21,77.8,0,No
CUST-02908,2024-03,Two year,Basic,0,14.21,Yes,Referral,South,21,21,38.3,2,No
CUST-02909,2024-07,Two year,Standard,2,47.75,Yes,Sales-Assisted,Northeast,17,17,65.7,0,No
CUST-02910,2024-04,Two year,Basic,0,14.09,Yes,Paid Search,South,20,20,47.6,0,No
CUST-02911,2025-02,Two year,Standard,1,43.73,Yes,Paid Search,South,10,10,59.3,1,No
CUST-02912,2024-07,Month-to-month,Standard,1,46.74,Yes,Paid Search,West,15,17,63.9,0,Yes
CUST-02913,2025-04,Month-to-month,Premium,3,91.36,Yes,Paid Search,Northeast,8,8,62.3,0,No
CUST-02914,2024-08,One year,Basic,0,10.31,Yes,Sales-Assisted,Northeast,16,16,63.6,0,No
CUST-02915,2023-08,One year,Standard,0,36.4,Yes,Organic,Midwest,12,28,49.0,1,Yes
CUST-02916,2025-04,Month-to-month,Basic,3,38.8,Yes,Organic,Northeast,8,8,79.3,0,No
CUST-02917,2025-07,One year,Basic,2,30.96,Yes,Organic,South,5,5,60.0,1,No
CUST-02918,2023-09,Month-to-month,Basic,2,29.31,No,Organic,Midwest,27,27,58.8,1,No
CUST-02919,2025-10,Month-to-month,Basic,2,31.38,Yes,Paid Search,West,2,2,67.9,0,No
CUST-02920,2024-09,Month-to-month,Standard,3,59.29,Yes,Paid Search,Midwest,9,15,33.0,2,Yes
CUST-02921,2023-10,Month-to-month,Premium,4,96.61,Yes,Paid Search,West,6,26,55.2,0,Yes
CUST-02922,2023-09,One year,Standard,0,30.96,Yes,Organic,Midwest,27,27,94.0,1,No
CUST-02923,2023-11,Month-to-month,Standard,1,43.7,Yes,Referral,Northeast,1,25,72.2,0,Yes
CUST-02924,2023-12,One year,Basic,0,12.92,Yes,Referral,Midwest,20,24,54.1,0,Yes
CUST-02925,2025-02,Month-to-month,Premium,3,88.78,Yes,Organic,Midwest,10,10,67.3,0,No
CUST-02926,2024-02,Month-to-month,Basic,0,14.9,No,Organic,Northeast,7,22,67.5,0,Yes
CUST-02927,2024-02,Two year,Standard,2,47.8,Yes,Organic,South,22,22,76.3,0,No
CUST-02928,2025-07,Month-to-month,Premium,0,64.83,No,Referral,Northeast,5,5,36.4,1,No
CUST-02929,2025-07,Month-to-month,Basic,2,28.3,Yes,Organic,Northeast,5,5,70.7,0,Yes
CUST-02930,2025-07,Month-to-month,Premium,0,64.97,Yes,Paid Search,South,4,5,62.4,0,Yes
CUST-02931,2025-06,Month-to-month,Premium,0,62.73,Yes,Organic,South,6,6,39.8,1,No
CUST-02932,2025-01,Month-to-month,Standard,1,43.0,No,Paid Search,South,7,11,76.2,0,Yes
CUST-02933,2023-10,Month-to-month,Premium,1,71.88,Yes,Referral,South,24,26,29.8,0,Yes
CUST-02934,2023-08,Month-to-month,Standard,1,45.22,Yes,Sales-Assisted,Midwest,25,28,75.5,0,Yes
CUST-02935,2024-12,Two year,Standard,3,57.6,Yes,Paid Search,Midwest,12,12,51.8,0,No
CUST-02936,2025-08,Two year,Basic,3,38.66,No,Sales-Assisted,West,4,4,55.2,0,No
CUST-02937,2024-12,Month-to-month,Standard,1,40.26,No,Sales-Assisted,West,12,12,47.0,3,No
CUST-02938,2025-10,Month-to-month,Standard,0,34.01,No,Paid Search,South,2,2,76.9,0,No
CUST-02939,2025-05,Month-to-month,Standard,0,34.17,No,Sales-Assisted,Midwest,7,7,68.1,0,No
CUST-02940,2025-06,Month-to-month,Basic,0,10.69,Yes,Paid Search,Northeast,6,6,40.1,1,No
CUST-02941,2025-01,Month-to-month,Standard,2,51.56,Yes,Sales-Assisted,South,3,11,77.3,0,Yes
CUST-02942,2025-04,Month-to-month,Basic,3,40.86,No,Organic,South,8,8,89.2,0,No
CUST-02943,2024-03,Month-to-month,Standard,2,53.8,Yes,Referral,South,21,21,47.6,0,No
CUST-02944,2024-06,Month-to-month,Standard,0,36.28,Yes,Sales-Assisted,South,7,18,65.2,0,Yes
CUST-02945,2023-11,Month-to-month,Basic,0,14.21,No,Paid Search,Midwest,1,25,57.8,0,Yes
CUST-02946,2025-08,Month-to-month,Basic,1,21.88,No,Organic,West,4,4,60.0,0,No
CUST-02947,2025-01,One year,Standard,2,50.7,No,Organic,South,9,11,63.2,0,Yes
CUST-02948,2024-01,Month-to-month,Basic,1,24.49,No,Sales-Assisted,Midwest,23,23,96.5,0,No
CUST-02949,2024-05,Month-to-month,Basic,2,35.56,No,Paid Search,South,11,19,73.6,0,Yes
CUST-02950,2024-07,One year,Standard,3,61.26,Yes,Referral,South,17,17,64.8,0,No
CUST-02951,2025-06,One year,Basic,0,16.65,Yes,Paid Search,South,6,6,81.7,0,No
CUST-02952,2024-06,Month-to-month,Premium,2,83.72,Yes,Organic,Midwest,18,18,79.3,0,No
CUST-02953,2025-01,One year,Premium,2,80.86,Yes,Referral,Northeast,11,11,80.9,0,No
CUST-02954,2023-12,Month-to-month,Basic,4,47.9,No,Organic,South,10,24,51.8,2,Yes
CUST-02955,2024-02,One year,Standard,1,44.23,No,Sales-Assisted,West,22,22,56.6,0,No
CUST-02956,2025-02,One year,Basic,0,15.2,Yes,Sales-Assisted,Northeast,10,10,87.2,0,No
CUST-02957,2024-12,One year,Basic,4,42.57,Yes,Organic,Northeast,12,12,60.7,0,No
CUST-02958,2023-08,Month-to-month,Premium,3,86.44,Yes,Referral,Northeast,2,28,45.9,1,Yes
CUST-02959,2025-01,Month-to-month,Standard,3,58.58,Yes,Organic,Northeast,1,11,41.7,0,Yes
CUST-02960,2024-10,Month-to-month,Basic,1,23.13,No,Referral,Midwest,14,14,47.3,0,No
CUST-02961,2025-03,Month-to-month,Basic,1,23.2,No,Sales-Assisted,South,9,9,69.2,0,Yes
CUST-02962,2024-04,Month-to-month,Premium,0,64.83,No,Organic,Northeast,20,20,69.3,0,Yes
CUST-02963,2024-06,Month-to-month,Basic,0,17.46,No,Paid Search,Northeast,18,18,98.2,0,No
CUST-02964,2024-01,Month-to-month,Basic,1,23.77,Yes,Sales-Assisted,West,23,23,56.1,0,No
CUST-02965,2025-11,One year,Basic,0,13.32,Yes,Referral,West,1,1,75.5,0,Yes
CUST-02966,2025-01,Month-to-month,Standard,2,51.17,No,Sales-Assisted,South,11,11,76.6,0,No
CUST-02967,2024-11,Month-to-month,Basic,2,29.66,No,Organic,Northeast,8,13,38.7,1,Yes
CUST-02968,2023-12,Month-to-month,Basic,1,22.5,Yes,Paid Search,West,24,24,62.4,0,No
CUST-02969,2025-05,Two year,Premium,2,84.76,Yes,Referral,West,7,7,42.6,0,No
CUST-02970,2025-10,One year,Premium,3,90.89,Yes,Organic,Northeast,2,2,70.3,0,No
CUST-02971,2024-09,One year,Premium,2,79.81,Yes,Organic,Northeast,15,15,76.8,1,No
CUST-02972,2024-08,Two year,Premium,0,67.04,Yes,Referral,South,16,16,31.4,0,No
CUST-02973,2023-10,One year,Standard,0,40.16,No,Paid Search,Midwest,26,26,61.4,0,No
CUST-02974,2024-08,Month-to-month,Basic,0,14.18,No,Referral,Northeast,2,16,32.9,0,Yes
CUST-02975,2024-02,One year,Basic,0,13.66,Yes,Paid Search,Midwest,2,22,78.6,0,Yes
CUST-02976,2025-09,Month-to-month,Standard,4,68.63,No,Referral,Northeast,3,3,36.0,0,No
CUST-02977,2025-02,Month-to-month,Premium,3,87.01,No,Organic,West,8,10,57.7,1,Yes
CUST-02978,2024-07,Month-to-month,Standard,0,32.65,Yes,Organic,Northeast,3,17,22.6,1,Yes
CUST-02979,2024-06,One year,Standard,1,42.5,No,Organic,South,12,18,90.2,0,Yes
CUST-02980,2023-07,Two year,Standard,1,38.45,Yes,Referral,West,29,29,67.1,0,No
CUST-02981,2024-02,One year,Basic,2,28.55,Yes,Sales-Assisted,Northeast,22,22,60.0,1,No
CUST-02982,2024-03,Month-to-month,Standard,0,34.15,Yes,Organic,South,21,21,64.9,0,No
CUST-02983,2024-01,Month-to-month,Premium,1,72.12,No,Referral,Midwest,2,23,51.1,1,Yes
CUST-02984,2025-02,Month-to-month,Basic,2,29.85,Yes,Paid Search,South,10,10,96.7,0,No
CUST-02985,2024-09,One year,Basic,0,19.23,No,Organic,West,15,15,61.5,1,No
CUST-02986,2024-06,Month-to-month,Basic,0,11.49,Yes,Organic,South,18,18,83.1,0,No
CUST-02987,2024-07,Month-to-month,Premium,1,74.38,Yes,Organic,West,9,17,63.5,0,Yes
CUST-02988,2024-01,One year,Premium,0,65.36,Yes,Sales-Assisted,Northeast,23,23,61.1,0,No
CUST-02989,2024-08,Month-to-month,Basic,0,16.04,No,Paid Search,West,9,16,86.7,0,Yes
CUST-02990,2024-02,Two year,Standard,0,32.27,Yes,Paid Search,Midwest,22,22,44.4,0,No
CUST-02991,2024-09,Month-to-month,Premium,3,88.77,No,Paid Search,Midwest,7,15,65.7,0,Yes
CUST-02992,2024-02,Two year,Standard,2,50.42,Yes,Referral,Midwest,22,22,82.3,0,No
CUST-02993,2024-02,Month-to-month,Premium,1,74.87,Yes,Sales-Assisted,South,22,22,71.6,0,No
CUST-02994,2023-12,Month-to-month,Basic,2,30.13,Yes,Referral,West,19,24,44.7,0,Yes
CUST-02995,2023-09,Month-to-month,Basic,1,21.14,Yes,Paid Search,Midwest,2,27,81.9,0,Yes
CUST-02996,2024-12,Month-to-month,Basic,0,14.3,Yes,Paid Search,South,12,12,73.0,1,No
CUST-02997,2025-10,Month-to-month,Standard,0,35.8,No,Organic,Northeast,2,2,76.4,0,No
CUST-02998,2024-02,Two year,Standard,1,43.63,No,Paid Search,South,22,22,55.6,0,No
CUST-02999,2023-10,Month-to-month,Basic,1,24.61,Yes,Organic,West,3,26,42.6,3,Yes
CUST-03000,2024-09,Two year,Standard,0,36.4,Yes,Organic,Northeast,11,15,96.1,1,Yes
CUST-03001,2025-06,One year,Basic,0,16.23,Yes,Organic,Northeast,6,6,61.3,0,No
CUST-03002,2025-01,One year,Basic,0,16.96,No,Referral,Midwest,11,11,85.5,0,No
CUST-03003,2025-10,Two year,Basic,1,26.51,Yes,Referral,Midwest,2,2,69.8,0,No
CUST-03004,2024-11,Month-to-month,Premium,0,66.33,No,Organic,West,13,13,83.1,0,No
CUST-03005,2025-11,One year,Basic,1,23.05,Yes,Paid Search,South,1,1,53.3,0,No
CUST-03006,2023-07,One year,Basic,2,31.52,Yes,Sales-Assisted,South,29,29,61.2,1,No
CUST-03007,2024-10,One year,Basic,1,22.51,Yes,Organic,Midwest,14,14,63.7,1,No
CUST-03008,2024-02,One year,Premium,3,90.89,Yes,Organic,Northeast,22,22,74.8,1,No
CUST-03009,2025-04,Month-to-month,Basic,0,15.32,No,Organic,Northeast,8,8,67.5,0,No
CUST-03010,2024-09,Month-to-month,Standard,2,54.32,Yes,Organic,Midwest,15,15,81.9,1,No
CUST-03011,2024-09,Month-to-month,Basic,2,30.14,No,Paid Search,West,15,15,78.5,0,No
CUST-03012,2023-07,Month-to-month,Standard,0,38.19,Yes,Paid Search,Northeast,29,29,23.1,1,No
CUST-03013,2023-07,Month-to-month,Premium,0,67.69,No,Referral,South,29,29,79.1,0,No
CUST-03014,2024-05,Month-to-month,Basic,0,14.55,Yes,Paid Search,West,4,19,47.3,1,Yes
CUST-03015,2024-01,Month-to-month,Standard,2,50.8,No,Sales-Assisted,Northeast,23,23,88.4,0,No
CUST-03016,2024-07,One year,Basic,4,46.57,No,Paid Search,Northeast,17,17,58.2,1,No
CUST-03017,2023-09,One year,Standard,0,35.2,Yes,Organic,Midwest,27,27,30.3,0,No
CUST-03018,2024-05,Month-to-month,Standard,2,51.73,No,Organic,Northeast,19,19,85.2,0,No
CUST-03019,2023-10,Month-to-month,Premium,0,62.98,Yes,Organic,Northeast,22,26,48.4,1,Yes
CUST-03020,2024-11,Month-to-month,Standard,0,36.56,Yes,Referral,Midwest,13,13,81.5,0,No
CUST-03021,2024-02,Month-to-month,Basic,1,22.26,Yes,Organic,West,1,22,50.2,0,Yes
CUST-03022,2025-10,Two year,Standard,3,59.42,No,Paid Search,West,2,2,62.7,0,No
CUST-03023,2025-01,Month-to-month,Standard,0,34.84,No,Paid Search,West,11,11,53.9,1,No
CUST-03024,2024-11,One year,Basic,1,25.81,No,Paid Search,Midwest,13,13,54.6,1,No
CUST-03025,2023-09,Two year,Basic,4,47.01,Yes,Organic,Midwest,27,27,57.7,0,No
CUST-03026,2025-04,One year,Standard,1,41.34,Yes,Referral,Midwest,8,8,71.5,0,No
CUST-03027,2024-12,Month-to-month,Standard,2,53.52,Yes,Organic,Midwest,4,12,56.1,1,Yes
CUST-03028,2023-08,Month-to-month,Premium,0,64.75,Yes,Sales-Assisted,South,26,28,69.9,0,Yes
CUST-03029,2024-04,One year,Basic,0,14.93,Yes,Paid Search,Northeast,20,20,31.1,2,No
CUST-03030,2024-02,One year,Standard,2,51.62,No,Sales-Assisted,Northeast,5,22,62.5,0,Yes
CUST-03031,2025-04,Month-to-month,Basic,0,14.47,Yes,Organic,Northeast,8,8,51.9,0,No
CUST-03032,2025-08,Two year,Premium,2,81.8,Yes,Organic,Midwest,4,4,91.0,0,No
CUST-03033,2024-02,Month-to-month,Premium,0,63.24,No,Referral,South,10,22,75.2,0,Yes
CUST-03034,2025-06,Two year,Premium,2,79.15,Yes,Paid Search,South,6,6,36.0,1,No
CUST-03035,2024-10,Month-to-month,Standard,1,46.38,Yes,Sales-Assisted,Midwest,14,14,80.8,0,No
CUST-03036,2025-10,Month-to-month,Standard,2,52.8,Yes,Organic,Midwest,2,2,50.2,1,No
CUST-03037,2024-01,Month-to-month,Basic,3,39.31,No,Organic,South,4,23,84.7,0,Yes
CUST-03038,2024-01,One year,Premium,0,62.43,Yes,Referral,South,23,23,40.9,1,No
CUST-03039,2023-08,Two year,Premium,1,71.86,Yes,Paid Search,South,28,28,75.3,0,No
CUST-03040,2024-02,Month-to-month,Premium,0,66.98,Yes,Organic,Midwest,1,22,46.1,0,Yes
CUST-03041,2024-12,One year,Standard,1,40.65,Yes,Organic,West,12,12,37.4,0,No
CUST-03042,2025-02,Month-to-month,Basic,0,13.28,Yes,Organic,South,10,10,58.2,3,No
CUST-03043,2023-08,Two year,Basic,0,14.57,Yes,Paid Search,Northeast,28,28,69.2,0,No
CUST-03044,2025-07,Month-to-month,Basic,4,46.76,Yes,Paid Search,Midwest,5,5,51.7,1,No
CUST-03045,2025-09,Two year,Standard,1,46.48,Yes,Referral,Midwest,3,3,69.8,0,No
CUST-03046,2025-04,One year,Basic,0,14.92,No,Organic,Midwest,8,8,77.9,0,No
CUST-03047,2023-10,One year,Premium,2,81.82,Yes,Organic,Midwest,26,26,60.1,0,No
CUST-03048,2024-06,Month-to-month,Standard,4,68.05,Yes,Paid Search,West,18,18,77.9,0,No
CUST-03049,2024-03,Month-to-month,Standard,2,51.4,Yes,Sales-Assisted,West,6,21,54.5,0,Yes
CUST-03050,2025-08,One year,Standard,2,49.29,Yes,Referral,Midwest,4,4,74.6,0,No
CUST-03051,2025-11,Month-to-month,Basic,1,24.21,Yes,Paid Search,Midwest,1,1,77.7,0,No
CUST-03052,2025-10,One year,Standard,0,32.44,Yes,Paid Search,Midwest,2,2,55.0,0,No
CUST-03053,2023-09,Month-to-month,Basic,0,12.96,Yes,Paid Search,Northeast,27,27,55.0,1,No
CUST-03054,2025-03,Month-to-month,Standard,1,41.79,Yes,Organic,Midwest,3,9,69.8,0,Yes
CUST-03055,2025-07,Month-to-month,Standard,2,52.8,Yes,Paid Search,Midwest,3,5,69.1,0,Yes
CUST-03056,2023-07,Month-to-month,Standard,3,58.38,Yes,Referral,South,8,29,57.2,1,Yes
CUST-03057,2025-04,Month-to-month,Standard,2,47.08,No,Paid Search,West,8,8,63.5,0,No
CUST-03058,2025-07,One year,Standard,2,53.88,Yes,Organic,West,5,5,78.4,0,No
CUST-03059,2023-07,One year,Standard,3,60.03,Yes,Paid Search,West,29,29,64.0,0,No
CUST-03060,2024-04,Month-to-month,Basic,2,31.57,No,Referral,Northeast,3,20,40.4,0,Yes
CUST-03061,2023-08,Month-to-month,Premium,0,66.54,Yes,Organic,South,8,28,95.1,0,Yes
CUST-03062,2023-08,Month-to-month,Standard,0,32.93,Yes,Paid Search,West,11,28,85.9,0,Yes
CUST-03063,2025-07,Month-to-month,Basic,1,20.29,Yes,Referral,South,5,5,52.0,1,No
CUST-03064,2023-10,Month-to-month,Basic,3,40.11,No,Organic,West,12,26,71.7,0,Yes
CUST-03065,2025-10,One year,Standard,1,42.77,Yes,Organic,South,2,2,49.8,0,No
CUST-03066,2024-05,Month-to-month,Basic,4,47.13,No,Paid Search,Midwest,3,19,34.4,0,Yes
CUST-03067,2023-07,Two year,Basic,0,12.16,Yes,Organic,Northeast,29,29,56.8,0,No
CUST-03068,2024-10,Month-to-month,Basic,1,22.76,Yes,Paid Search,Midwest,1,14,54.6,0,Yes
CUST-03069,2024-09,Month-to-month,Basic,0,16.85,Yes,Paid Search,West,6,15,45.3,0,Yes
CUST-03070,2024-02,One year,Standard,2,48.94,Yes,Paid Search,West,22,22,53.0,0,No
CUST-03071,2023-11,Month-to-month,Standard,0,34.11,Yes,Organic,Midwest,25,25,91.8,1,No
CUST-03072,2023-10,Month-to-month,Standard,2,51.41,Yes,Referral,South,10,26,72.2,0,Yes
CUST-03073,2025-01,Two year,Basic,1,23.75,Yes,Paid Search,Northeast,11,11,86.6,0,No
CUST-03074,2024-12,One year,Standard,2,51.74,Yes,Organic,Midwest,12,12,78.4,0,No
CUST-03075,2023-08,One year,Premium,4,100.63,Yes,Sales-Assisted,South,28,28,65.9,0,No
CUST-03076,2024-07,One year,Basic,2,32.32,Yes,Paid Search,West,17,17,63.4,0,No
CUST-03077,2024-06,Month-to-month,Standard,1,45.26,No,Sales-Assisted,Midwest,2,18,71.4,0,Yes
CUST-03078,2024-08,Month-to-month,Basic,4,46.11,Yes,Organic,West,1,16,49.3,1,Yes
CUST-03079,2024-02,Two year,Basic,1,22.78,Yes,Organic,West,22,22,41.3,1,No
CUST-03080,2025-11,One year,Basic,0,12.13,Yes,Organic,South,1,1,76.9,0,No
CUST-03081,2023-10,One year,Standard,1,44.02,Yes,Organic,South,26,26,50.1,0,No
CUST-03082,2023-10,One year,Basic,2,33.2,Yes,Organic,West,5,26,76.0,0,Yes
CUST-03083,2025-09,Month-to-month,Basic,1,21.05,Yes,Referral,West,3,3,71.2,0,No
CUST-03084,2023-11,Two year,Basic,3,42.7,Yes,Paid Search,South,19,25,39.4,1,Yes
CUST-03085,2023-12,One year,Basic,1,23.4,No,Paid Search,West,24,24,75.6,0,No
CUST-03086,2023-10,Month-to-month,Standard,2,50.31,Yes,Paid Search,Northeast,10,26,66.9,1,Yes
CUST-03087,2025-11,One year,Basic,0,11.8,No,Referral,Northeast,1,1,69.4,0,No
CUST-03088,2025-07,Month-to-month,Premium,0,62.86,Yes,Organic,Northeast,5,5,85.1,0,No
CUST-03089,2023-07,Month-to-month,Basic,1,22.86,Yes,Organic,South,3,29,49.5,1,Yes
CUST-03090,2025-05,One year,Premium,1,70.94,Yes,Sales-Assisted,Midwest,7,7,71.1,0,No
CUST-03091,2024-08,One year,Standard,1,41.74,Yes,Referral,West,16,16,83.6,0,No
CUST-03092,2024-09,Month-to-month,Standard,4,67.23,Yes,Organic,South,2,15,90.8,0,Yes
CUST-03093,2025-04,Month-to-month,Standard,0,33.12,Yes,Referral,West,8,8,67.8,0,No
CUST-03094,2025-03,Month-to-month,Standard,2,49.63,Yes,Organic,South,7,9,86.1,0,Yes
CUST-03095,2025-09,Month-to-month,Premium,2,81.23,Yes,Referral,Northeast,3,3,36.8,3,No
CUST-03096,2025-07,One year,Standard,2,47.98,No,Paid Search,West,5,5,93.0,0,No
CUST-03097,2023-09,Month-to-month,Standard,0,30.82,No,Organic,West,6,27,39.9,0,Yes
CUST-03098,2025-11,Month-to-month,Basic,0,17.39,No,Organic,West,1,1,75.4,0,No
CUST-03099,2024-02,Month-to-month,Basic,0,13.38,Yes,Referral,Midwest,22,22,33.4,2,No
CUST-03100,2025-07,One year,Basic,0,15.66,Yes,Referral,West,5,5,59.7,1,No
CUST-03101,2025-05,Two year,Basic,2,29.09,Yes,Organic,Northeast,7,7,71.1,0,No
CUST-03102,2025-07,Two year,Standard,2,50.65,Yes,Organic,Northeast,5,5,68.0,0,No
CUST-03103,2025-05,Month-to-month,Premium,0,67.44,Yes,Paid Search,South,7,7,37.4,1,No
CUST-03104,2024-09,Month-to-month,Basic,2,32.11,No,Organic,Midwest,2,15,49.6,0,Yes
CUST-03105,2024-12,One year,Basic,0,12.51,Yes,Organic,Northeast,12,12,91.5,0,No
CUST-03106,2023-10,Month-to-month,Standard,2,48.91,Yes,Paid Search,West,1,26,45.5,0,Yes
CUST-03107,2024-07,Month-to-month,Basic,4,45.99,Yes,Paid Search,Midwest,6,17,75.7,0,Yes
CUST-03108,2025-10,Month-to-month,Premium,4,94.88,Yes,Organic,South,2,2,38.2,0,No
CUST-03109,2023-10,Month-to-month,Standard,0,35.07,Yes,Paid Search,South,1,26,53.5,0,Yes
CUST-03110,2025-10,Two year,Basic,1,20.67,Yes,Organic,Northeast,2,2,49.8,0,No
CUST-03111,2024-12,One year,Basic,0,13.17,Yes,Paid Search,Northeast,12,12,67.5,1,No
CUST-03112,2023-07,One year,Premium,2,83.45,Yes,Sales-Assisted,Northeast,20,29,69.5,1,Yes
CUST-03113,2023-07,Month-to-month,Standard,3,59.96,Yes,Organic,Northeast,6,29,50.3,0,Yes
CUST-03114,2025-11,Month-to-month,Standard,2,47.79,Yes,Referral,West,1,1,71.3,0,No
CUST-03115,2025-01,One year,Standard,1,44.91,Yes,Sales-Assisted,Northeast,11,11,71.9,1,No
CUST-03116,2025-06,Two year,Standard,2,48.84,Yes,Organic,Midwest,6,6,35.3,2,No
CUST-03117,2024-04,Month-to-month,Standard,0,35.79,Yes,Paid Search,Northeast,20,20,64.2,0,No
CUST-03118,2024-02,One year,Basic,1,23.39,Yes,Referral,Midwest,22,22,53.6,0,No
CUST-03119,2023-08,One year,Basic,2,28.65,Yes,Organic,South,28,28,52.8,0,No
CUST-03120,2024-06,Two year,Premium,0,66.45,Yes,Paid Search,Northeast,18,18,78.5,0,No
CUST-03121,2025-10,One year,Basic,1,21.09,No,Sales-Assisted,West,2,2,44.4,1,No
CUST-03122,2024-11,Month-to-month,Standard,1,43.01,No,Paid Search,South,12,13,52.4,1,Yes
CUST-03123,2023-07,One year,Standard,1,43.04,No,Paid Search,South,29,29,62.0,0,No
CUST-03124,2023-08,Two year,Standard,1,41.26,Yes,Paid Search,Northeast,28,28,46.4,1,No
CUST-03125,2024-05,Month-to-month,Basic,0,13.36,No,Sales-Assisted,Northeast,19,19,87.0,0,No
CUST-03126,2025-08,Month-to-month,Premium,1,71.41,Yes,Organic,South,3,4,27.5,1,Yes
CUST-03127,2023-10,Month-to-month,Basic,1,20.53,Yes,Paid Search,Midwest,26,26,61.7,1,No
CUST-03128,2024-07,One year,Premium,0,66.8,Yes,Paid Search,Northeast,17,17,62.7,0,No
CUST-03129,2024-03,Month-to-month,Standard,1,43.75,Yes,Sales-Assisted,Midwest,21,21,66.4,0,No
CUST-03130,2023-11,Month-to-month,Basic,3,38.93,Yes,Paid Search,Northeast,19,25,48.6,0,Yes
CUST-03131,2025-01,Month-to-month,Premium,1,73.41,No,Paid Search,South,11,11,66.4,0,No
CUST-03132,2023-10,Month-to-month,Basic,1,24.75,Yes,Paid Search,Northeast,26,26,80.8,0,No
CUST-03133,2024-04,Month-to-month,Basic,0,13.83,No,Organic,West,12,20,75.5,0,Yes
CUST-03134,2025-09,Two year,Premium,3,88.57,Yes,Organic,Midwest,3,3,65.1,1,No
CUST-03135,2023-12,One year,Standard,1,45.7,Yes,Organic,West,24,24,53.7,1,No
CUST-03136,2024-07,Month-to-month,Basic,3,38.55,No,Referral,Midwest,2,17,68.9,0,Yes
CUST-03137,2024-07,Month-to-month,Basic,1,23.69,Yes,Organic,Northeast,3,17,40.4,0,Yes
CUST-03138,2025-05,Month-to-month,Basic,2,28.97,Yes,Sales-Assisted,South,7,7,97.6,0,No
CUST-03139,2023-11,Two year,Premium,1,73.04,Yes,Referral,West,3,25,96.3,0,Yes
CUST-03140,2025-01,One year,Basic,4,51.85,Yes,Organic,West,2,11,79.4,0,Yes
CUST-03141,2025-01,One year,Premium,1,70.94,Yes,Paid Search,South,11,11,56.8,1,No
CUST-03142,2025-08,Two year,Standard,2,51.08,Yes,Paid Search,South,4,4,86.1,1,No
CUST-03143,2023-07,Month-to-month,Basic,0,17.65,Yes,Referral,South,29,29,89.9,0,No
CUST-03144,2025-09,Month-to-month,Standard,2,53.29,Yes,Organic,South,3,3,95.5,1,Yes
CUST-03145,2024-04,Month-to-month,Premium,0,64.07,Yes,Organic,West,20,20,67.3,0,No
CUST-03146,2023-07,Two year,Basic,3,42.45,Yes,Sales-Assisted,Midwest,29,29,60.6,0,No
CUST-03147,2023-10,Month-to-month,Basic,0,17.74,Yes,Paid Search,Northeast,18,26,78.5,0,Yes
CUST-03148,2025-01,One year,Premium,1,67.32,Yes,Sales-Assisted,West,11,11,94.2,0,No
CUST-03149,2025-05,Two year,Standard,2,52.82,Yes,Paid Search,Midwest,7,7,84.6,0,No
CUST-03150,2024-10,Month-to-month,Basic,0,18.18,No,Organic,South,14,14,70.8,1,No
CUST-03151,2024-02,Month-to-month,Premium,0,63.77,Yes,Paid Search,South,22,22,90.2,0,No
CUST-03152,2024-04,Month-to-month,Basic,0,14.15,Yes,Referral,South,20,20,92.1,0,No
CUST-03153,2025-07,Month-to-month,Basic,1,21.35,Yes,Organic,Midwest,5,5,95.7,0,No
CUST-03154,2023-09,Month-to-month,Basic,0,16.47,Yes,Sales-Assisted,Midwest,27,27,86.5,0,No
CUST-03155,2025-07,Month-to-month,Basic,1,26.24,No,Organic,Northeast,2,5,96.9,0,Yes
CUST-03156,2023-11,One year,Basic,3,41.26,Yes,Referral,South,25,25,51.4,1,No
CUST-03157,2025-04,One year,Standard,1,42.93,Yes,Paid Search,Northeast,8,8,56.4,0,No
CUST-03158,2024-06,Month-to-month,Standard,2,56.57,No,Organic,Midwest,18,18,78.0,0,No
CUST-03159,2024-05,Month-to-month,Basic,0,15.91,Yes,Organic,West,19,19,71.9,0,Yes
CUST-03160,2023-08,Month-to-month,Standard,4,64.3,Yes,Referral,Northeast,3,28,49.5,0,Yes
CUST-03161,2024-11,Month-to-month,Basic,1,18.81,No,Paid Search,Midwest,13,13,56.3,0,No
CUST-03162,2025-04,Month-to-month,Basic,0,15.72,No,Organic,Midwest,3,8,81.5,0,Yes
CUST-03163,2024-03,Two year,Basic,1,24.69,Yes,Paid Search,South,21,21,67.6,0,No
CUST-03164,2023-12,One year,Standard,1,43.57,Yes,Referral,Northeast,24,24,73.0,1,No
CUST-03165,2024-11,Month-to-month,Premium,0,64.28,No,Paid Search,Northeast,13,13,76.7,0,No
CUST-03166,2025-09,Month-to-month,Standard,0,33.42,Yes,Referral,Midwest,2,3,76.5,0,Yes
CUST-03167,2024-01,Month-to-month,Basic,1,22.73,No,Paid Search,Northeast,1,23,64.6,0,Yes
CUST-03168,2024-02,Month-to-month,Basic,1,21.36,Yes,Organic,West,2,22,73.8,0,Yes
CUST-03169,2025-10,Month-to-month,Standard,0,38.42,No,Referral,Midwest,1,2,64.9,0,Yes
CUST-03170,2024-02,Month-to-month,Basic,2,29.54,Yes,Paid Search,Midwest,22,22,96.8,0,No
CUST-03171,2024-04,Two year,Standard,2,52.2,Yes,Organic,Midwest,9,20,28.5,2,Yes
CUST-03172,2024-03,Month-to-month,Standard,0,36.18,No,Organic,South,21,21,97.5,0,No
CUST-03173,2025-04,Month-to-month,Standard,0,36.56,Yes,Organic,West,8,8,48.0,1,No
CUST-03174,2024-05,Month-to-month,Basic,2,32.3,Yes,Paid Search,Midwest,19,19,68.0,0,No
CUST-03175,2024-04,Two year,Premium,2,82.94,Yes,Organic,Northeast,20,20,43.3,2,No
CUST-03176,2023-07,Month-to-month,Premium,1,74.76,Yes,Referral,Midwest,29,29,56.5,0,Yes
CUST-03177,2025-10,Month-to-month,Basic,2,31.13,Yes,Organic,South,2,2,67.3,0,No
CUST-03178,2025-06,Month-to-month,Premium,0,68.08,Yes,Sales-Assisted,Northeast,1,6,67.1,0,Yes
CUST-03179,2025-11,One year,Basic,1,26.0,Yes,Referral,South,1,1,39.9,0,No
CUST-03180,2024-09,Month-to-month,Standard,2,49.68,Yes,Paid Search,West,1,15,65.2,0,Yes
CUST-03181,2024-01,Month-to-month,Basic,1,22.71,No,Referral,Midwest,12,23,85.0,1,Yes
CUST-03182,2025-03,Month-to-month,Premium,0,63.64,No,Referral,Northeast,4,9,45.8,0,Yes
CUST-03183,2024-08,Month-to-month,Basic,0,14.08,Yes,Organic,Northeast,11,16,53.1,0,Yes
CUST-03184,2024-10,One year,Standard,0,34.73,Yes,Paid Search,West,14,14,64.7,0,No
CUST-03185,2024-12,One year,Standard,1,43.94,Yes,Paid Search,Midwest,12,12,93.7,0,No
CUST-03186,2024-01,Month-to-month,Standard,2,50.73,No,Organic,West,5,23,73.6,0,Yes
CUST-03187,2024-05,Two year,Basic,2,30.15,Yes,Organic,Midwest,19,19,50.4,0,Yes
CUST-03188,2023-12,Month-to-month,Standard,2,49.93,No,Paid Search,Midwest,2,24,55.1,1,Yes
CUST-03189,2025-05,One year,Basic,0,16.67,Yes,Organic,Midwest,7,7,94.5,0,No
CUST-03190,2024-10,One year,Standard,0,36.21,Yes,Paid Search,Northeast,14,14,91.0,0,No
CUST-03191,2025-06,Two year,Premium,0,64.77,Yes,Paid Search,South,6,6,69.8,0,No
CUST-03192,2025-09,One year,Standard,3,61.68,Yes,Paid Search,South,3,3,70.8,0,No
CUST-03193,2025-11,Two year,Standard,1,42.69,Yes,Organic,South,1,1,40.2,1,No
CUST-03194,2025-06,One year,Standard,1,42.78,Yes,Organic,Midwest,6,6,71.7,0,No
CUST-03195,2025-09,Month-to-month,Basic,3,39.02,Yes,Organic,South,3,3,51.8,0,No
CUST-03196,2024-05,One year,Basic,4,49.51,Yes,Paid Search,South,19,19,74.8,1,No
CUST-03197,2025-05,Two year,Standard,3,59.18,Yes,Referral,Midwest,7,7,71.9,0,No
CUST-03198,2024-04,Two year,Standard,0,34.53,Yes,Organic,South,20,20,31.6,3,No
CUST-03199,2024-02,Month-to-month,Premium,0,65.0,No,Paid Search,Northeast,1,22,59.0,0,Yes
CUST-03200,2024-01,Month-to-month,Premium,1,76.79,Yes,Organic,Midwest,6,23,42.6,1,Yes
CUST-03201,2025-10,One year,Standard,2,50.05,Yes,Referral,Midwest,2,2,36.7,0,No
CUST-03202,2024-12,One year,Standard,1,44.23,Yes,Organic,Midwest,12,12,67.6,0,No
CUST-03203,2025-07,Month-to-month,Standard,0,32.94,No,Paid Search,South,5,5,93.9,0,No
CUST-03204,2024-06,Two year,Basic,0,13.5,Yes,Organic,South,18,18,78.9,0,No
CUST-03205,2023-11,Month-to-month,Standard,3,59.81,Yes,Organic,Northeast,7,25,74.1,1,Yes
CUST-03206,2025-03,Month-to-month,Premium,2,81.39,Yes,Paid Search,Northeast,9,9,49.4,1,No
CUST-03207,2023-07,Month-to-month,Basic,3,37.77,Yes,Paid Search,Midwest,5,29,92.4,0,Yes
CUST-03208,2024-02,Month-to-month,Basic,3,37.67,Yes,Referral,Northeast,22,22,61.5,0,No
CUST-03209,2024-05,Two year,Basic,0,12.15,Yes,Paid Search,South,19,19,48.9,0,No
CUST-03210,2025-08,One year,Standard,3,60.2,No,Paid Search,Northeast,4,4,74.5,1,No
CUST-03211,2025-11,Month-to-month,Premium,1,71.66,No,Referral,South,1,1,58.3,0,No
CUST-03212,2024-12,Month-to-month,Standard,0,32.04,Yes,Paid Search,Northeast,4,12,54.0,0,Yes
CUST-03213,2025-11,Month-to-month,Basic,1,24.89,Yes,Organic,Midwest,1,1,73.4,0,No
CUST-03214,2023-10,One year,Basic,0,15.99,Yes,Organic,South,26,26,73.1,0,No
CUST-03215,2024-09,One year,Premium,3,88.69,Yes,Referral,South,15,15,58.3,0,No
CUST-03216,2024-04,Month-to-month,Basic,0,13.09,Yes,Organic,South,20,20,96.1,0,No
CUST-03217,2025-11,Two year,Premium,1,71.49,Yes,Organic,South,1,1,47.3,0,No
CUST-03218,2024-09,Month-to-month,Standard,0,38.06,Yes,Referral,Northeast,8,15,58.7,0,Yes
CUST-03219,2024-07,One year,Basic,1,23.47,No,Sales-Assisted,Northeast,17,17,75.5,0,No
CUST-03220,2024-09,One year,Basic,1,22.35,Yes,Referral,Northeast,11,15,21.5,0,Yes
CUST-03221,2025-01,Month-to-month,Basic,2,33.11,Yes,Organic,West,11,11,83.9,0,No
CUST-03222,2025-08,One year,Basic,0,17.95,Yes,Paid Search,Northeast,4,4,82.8,0,No
CUST-03223,2024-05,Month-to-month,Premium,0,63.85,Yes,Paid Search,West,9,19,47.4,0,Yes
CUST-03224,2025-10,Month-to-month,Premium,4,97.76,No,Paid Search,West,2,2,71.4,0,No
CUST-03225,2023-07,One year,Standard,0,32.45,No,Organic,South,29,29,74.9,1,No
CUST-03226,2023-10,Two year,Basic,0,14.98,Yes,Referral,Midwest,26,26,93.9,0,No
CUST-03227,2025-10,Month-to-month,Standard,3,57.89,Yes,Referral,South,2,2,84.8,0,No
CUST-03228,2025-05,One year,Basic,3,37.23,Yes,Paid Search,West,7,7,38.2,0,No
CUST-03229,2025-11,Month-to-month,Premium,4,95.95,Yes,Referral,Midwest,1,1,56.3,0,No
CUST-03230,2024-06,One year,Standard,0,36.31,Yes,Organic,West,18,18,53.7,0,No
CUST-03231,2023-12,Month-to-month,Standard,0,33.1,Yes,Paid Search,West,5,24,74.4,0,Yes
CUST-03232,2025-05,One year,Basic,4,46.98,Yes,Organic,Northeast,7,7,67.7,0,No
CUST-03233,2024-04,One year,Basic,1,22.44,Yes,Organic,South,20,20,44.8,1,No
CUST-03234,2023-08,Month-to-month,Basic,3,37.85,No,Organic,Midwest,7,28,71.7,0,Yes
CUST-03235,2023-07,One year,Standard,4,63.13,Yes,Paid Search,South,2,29,67.9,0,Yes
CUST-03236,2024-07,Month-to-month,Standard,3,58.58,Yes,Organic,Northeast,3,17,64.5,0,Yes
CUST-03237,2025-08,One year,Basic,2,29.99,Yes,Paid Search,Northeast,4,4,66.3,1,No
CUST-03238,2025-04,One year,Basic,2,31.6,No,Paid Search,West,8,8,55.6,0,No
CUST-03239,2024-02,One year,Standard,2,53.14,Yes,Organic,Midwest,12,22,38.7,1,Yes
CUST-03240,2024-05,Month-to-month,Basic,1,22.15,No,Paid Search,South,19,19,72.3,0,No
CUST-03241,2024-03,Month-to-month,Basic,0,14.62,No,Organic,Midwest,3,21,38.4,1,Yes
CUST-03242,2025-01,Two year,Basic,2,30.77,No,Paid Search,West,11,11,64.1,1,No
CUST-03243,2023-09,Two year,Basic,2,30.98,Yes,Referral,Midwest,27,27,39.2,0,No
CUST-03244,2025-06,One year,Basic,1,22.16,Yes,Organic,West,6,6,72.1,0,No
CUST-03245,2024-09,One year,Standard,0,40.28,No,Referral,Midwest,15,15,60.1,0,No
CUST-03246,2025-08,Month-to-month,Standard,0,38.35,Yes,Organic,West,4,4,73.3,0,No
CUST-03247,2025-01,Month-to-month,Basic,1,21.22,Yes,Organic,West,4,11,43.1,1,Yes
CUST-03248,2025-02,One year,Standard,0,33.33,Yes,Organic,South,10,10,74.4,0,No
CUST-03249,2025-02,Month-to-month,Standard,1,46.07,Yes,Organic,Northeast,10,10,64.8,0,No
CUST-03250,2023-07,Month-to-month,Basic,0,13.01,Yes,Organic,Midwest,7,29,71.4,0,Yes
CUST-03251,2023-10,Two year,Standard,1,43.67,Yes,Referral,South,26,26,37.8,2,No
CUST-03252,2024-10,One year,Basic,3,35.2,Yes,Paid Search,Northeast,3,14,61.9,1,Yes
CUST-03253,2024-11,Two year,Premium,0,68.79,Yes,Organic,South,13,13,73.4,0,No
CUST-03254,2024-11,Month-to-month,Basic,0,14.62,Yes,Organic,Midwest,12,13,38.0,0,Yes
CUST-03255,2023-11,Month-to-month,Standard,0,36.12,Yes,Organic,South,2,25,43.0,0,Yes
CUST-03256,2024-11,Month-to-month,Standard,0,34.19,Yes,Organic,Midwest,13,13,67.1,0,No
CUST-03257,2025-03,One year,Basic,2,33.17,Yes,Referral,South,9,9,57.0,1,No
CUST-03258,2025-09,One year,Basic,1,22.23,Yes,Organic,Midwest,3,3,76.9,0,Yes
CUST-03259,2024-02,Month-to-month,Basic,2,33.67,No,Organic,West,8,22,62.0,0,Yes
CUST-03260,2023-10,Month-to-month,Standard,1,45.1,Yes,Organic,South,26,26,54.8,0,No
CUST-03261,2025-01,One year,Basic,0,15.68,Yes,Referral,Northeast,11,11,79.8,0,No
CUST-03262,2024-05,One year,Basic,2,31.59,Yes,Organic,Northeast,19,19,63.2,0,No
CUST-03263,2024-11,One year,Standard,0,36.72,No,Organic,West,13,13,54.3,0,No
CUST-03264,2025-01,Two year,Premium,0,66.99,Yes,Sales-Assisted,South,11,11,72.2,0,No
CUST-03265,2025-04,Month-to-month,Basic,1,20.19,No,Organic,South,3,8,68.6,0,Yes
CUST-03266,2024-12,Month-to-month,Premium,1,74.61,Yes,Organic,West,1,12,39.2,0,Yes
CUST-03267,2025-05,Month-to-month,Standard,1,42.01,No,Organic,Northeast,7,7,35.3,1,Yes
CUST-03268,2023-10,Month-to-month,Basic,0,14.8,No,Referral,West,3,26,68.9,0,Yes
CUST-03269,2025-02,One year,Basic,0,14.43,No,Paid Search,Midwest,7,10,94.5,0,Yes
CUST-03270,2024-06,Month-to-month,Basic,1,26.31,Yes,Sales-Assisted,Northeast,9,18,92.3,0,Yes
CUST-03271,2024-07,Month-to-month,Premium,0,66.93,Yes,Paid Search,Northeast,9,17,83.9,0,Yes
CUST-03272,2025-02,Month-to-month,Standard,0,33.21,No,Paid Search,West,4,10,76.7,0,Yes
CUST-03273,2024-10,One year,Standard,3,57.65,No,Paid Search,West,14,14,94.2,0,No
CUST-03274,2025-07,Month-to-month,Standard,0,36.39,No,Sales-Assisted,South,5,5,71.8,0,No
CUST-03275,2025-01,One year,Basic,0,18.21,Yes,Referral,Northeast,11,11,56.9,0,No
CUST-03276,2023-07,Month-to-month,Standard,0,33.08,Yes,Paid Search,Midwest,11,29,53.6,1,Yes
CUST-03277,2023-11,Month-to-month,Premium,0,61.26,No,Organic,West,2,25,61.5,0,Yes
CUST-03278,2024-07,Month-to-month,Standard,1,43.86,Yes,Sales-Assisted,Northeast,1,17,38.2,0,Yes
CUST-03279,2024-11,Month-to-month,Basic,2,27.85,No,Organic,Midwest,13,13,70.9,0,No
CUST-03280,2024-04,One year,Standard,0,35.71,No,Sales-Assisted,Northeast,20,20,62.9,0,No
CUST-03281,2024-01,Month-to-month,Premium,1,74.36,Yes,Sales-Assisted,Midwest,10,23,31.2,1,Yes
CUST-03282,2024-12,One year,Basic,3,41.02,Yes,Organic,West,12,12,58.5,1,No
CUST-03283,2025-02,Month-to-month,Standard,0,32.64,Yes,Organic,Northeast,10,10,58.6,0,Yes
CUST-03284,2025-01,Month-to-month,Premium,1,74.92,No,Sales-Assisted,Northeast,11,11,63.7,0,No
CUST-03285,2025-09,Two year,Basic,0,19.61,Yes,Referral,South,3,3,98.7,0,No
CUST-03286,2025-05,Month-to-month,Standard,1,45.75,Yes,Sales-Assisted,Northeast,1,7,66.9,0,Yes
CUST-03287,2024-10,Two year,Premium,1,74.15,No,Referral,Northeast,14,14,56.6,0,No
CUST-03288,2024-09,One year,Standard,3,59.39,No,Organic,Midwest,15,15,34.8,1,No
CUST-03289,2024-10,Two year,Standard,0,29.15,No,Sales-Assisted,Midwest,14,14,81.5,0,No
CUST-03290,2023-11,Month-to-month,Standard,1,42.32,No,Paid Search,South,2,25,54.9,0,Yes
CUST-03291,2025-10,Two year,Basic,3,37.89,Yes,Paid Search,Midwest,2,2,89.2,0,No
CUST-03292,2025-10,Month-to-month,Premium,4,98.47,Yes,Referral,West,2,2,56.1,0,No
CUST-03293,2025-09,Month-to-month,Basic,1,20.91,No,Paid Search,Midwest,3,3,55.6,1,No
CUST-03294,2024-08,Month-to-month,Standard,2,55.7,Yes,Paid Search,South,3,16,41.4,0,Yes
CUST-03295,2024-06,Two year,Standard,0,36.86,Yes,Paid Search,Midwest,18,18,46.4,1,No
CUST-03296,2024-07,Month-to-month,Standard,1,46.12,Yes,Paid Search,Northeast,3,17,100.0,0,Yes
CUST-03297,2025-04,Two year,Premium,2,84.17,No,Sales-Assisted,West,8,8,69.1,0,No
CUST-03298,2025-07,One year,Basic,1,28.78,Yes,Paid Search,Northeast,5,5,78.1,0,No
CUST-03299,2025-06,Month-to-month,Basic,0,12.66,No,Organic,Midwest,6,6,56.4,0,No
CUST-03300,2025-10,Month-to-month,Basic,0,16.19,No,Referral,West,2,2,90.5,0,No
CUST-03301,2025-08,One year,Premium,0,63.99,Yes,Organic,South,4,4,41.3,1,No
CUST-03302,2024-08,One year,Standard,0,34.98,Yes,Paid Search,Northeast,16,16,83.4,0,No
CUST-03303,2023-12,Two year,Standard,4,67.03,Yes,Organic,South,24,24,67.8,0,No
CUST-03304,2024-11,Two year,Basic,0,12.46,Yes,Organic,West,13,13,54.2,0,No
CUST-03305,2024-08,One year,Basic,1,24.37,No,Paid Search,Northeast,16,16,66.8,0,No
CUST-03306,2024-02,One year,Premium,0,67.81,No,Organic,Northeast,22,22,82.6,0,No
CUST-03307,2025-08,One year,Premium,2,78.43,Yes,Referral,Midwest,4,4,68.9,0,No
CUST-03308,2024-07,Month-to-month,Basic,2,31.21,Yes,Organic,Northeast,10,17,96.9,0,Yes
CUST-03309,2024-01,One year,Basic,1,24.47,Yes,Organic,West,23,23,88.5,0,No
CUST-03310,2024-12,Month-to-month,Standard,2,50.82,Yes,Referral,Northeast,1,12,44.4,0,Yes
CUST-03311,2025-06,Month-to-month,Basic,1,24.67,Yes,Organic,Midwest,6,6,59.6,0,No
CUST-03312,2024-06,One year,Premium,2,81.95,No,Referral,West,18,18,64.5,0,No
CUST-03313,2025-11,Month-to-month,Premium,4,99.13,No,Sales-Assisted,West,1,1,78.9,0,No
CUST-03314,2024-05,Month-to-month,Standard,3,58.52,No,Referral,West,19,19,57.7,1,No
CUST-03315,2024-12,Month-to-month,Basic,1,24.14,Yes,Organic,South,12,12,54.9,0,No
CUST-03316,2025-03,Month-to-month,Basic,1,22.88,Yes,Paid Search,Midwest,9,9,65.6,0,No
CUST-03317,2023-11,Month-to-month,Standard,0,37.53,No,Organic,Northeast,1,25,87.9,0,Yes
CUST-03318,2025-05,Two year,Basic,2,35.05,Yes,Paid Search,South,7,7,71.7,0,No
CUST-03319,2024-04,One year,Basic,2,29.6,Yes,Paid Search,West,20,20,49.1,1,No
CUST-03320,2023-10,Two year,Basic,0,14.63,Yes,Paid Search,West,26,26,60.3,0,No
CUST-03321,2024-05,Month-to-month,Standard,1,42.91,No,Sales-Assisted,Midwest,19,19,79.5,0,No
CUST-03322,2024-08,Month-to-month,Premium,1,73.41,No,Referral,Northeast,4,16,58.7,2,Yes
CUST-03323,2025-07,Month-to-month,Basic,2,33.75,Yes,Paid Search,West,4,5,87.3,0,Yes
CUST-03324,2025-03,Two year,Standard,3,58.84,Yes,Referral,Midwest,9,9,85.6,0,No
CUST-03325,2024-05,Month-to-month,Basic,3,37.72,Yes,Paid Search,Midwest,19,19,82.3,0,No
CUST-03326,2023-10,Two year,Premium,1,70.45,Yes,Referral,Midwest,26,26,43.5,0,No
CUST-03327,2024-03,Two year,Basic,1,23.4,No,Organic,West,21,21,84.9,0,No
CUST-03328,2025-01,Month-to-month,Standard,0,38.02,No,Sales-Assisted,Northeast,11,11,71.9,0,Yes
CUST-03329,2025-07,One year,Basic,1,22.56,No,Organic,South,5,5,53.5,0,No
CUST-03330,2025-07,Month-to-month,Basic,2,27.83,Yes,Organic,South,3,5,49.0,0,Yes
CUST-03331,2024-05,One year,Premium,0,65.05,Yes,Paid Search,South,19,19,35.0,1,No
CUST-03332,2025-05,One year,Premium,3,88.92,Yes,Organic,West,7,7,54.3,0,No
CUST-03333,2024-08,One year,Premium,1,73.49,Yes,Organic,Northeast,16,16,70.0,0,No
CUST-03334,2025-03,One year,Standard,1,43.41,Yes,Organic,South,9,9,73.8,0,No
CUST-03335,2025-04,Month-to-month,Standard,0,39.26,Yes,Paid Search,West,1,8,76.6,0,Yes
CUST-03336,2024-02,One year,Standard,3,58.33,Yes,Referral,West,22,22,80.2,0,No
CUST-03337,2025-05,One year,Premium,3,89.4,Yes,Paid Search,Midwest,7,7,53.0,1,No
CUST-03338,2025-04,Month-to-month,Standard,2,50.2,No,Referral,South,8,8,95.9,0,No
CUST-03339,2024-06,Month-to-month,Standard,2,46.65,No,Sales-Assisted,Midwest,16,18,80.1,0,Yes
CUST-03340,2023-09,Two year,Basic,1,21.01,Yes,Paid Search,Midwest,27,27,44.4,0,No
CUST-03341,2024-01,Month-to-month,Premium,0,63.59,Yes,Referral,West,23,23,56.3,0,No
CUST-03342,2025-08,Month-to-month,Premium,0,65.25,Yes,Sales-Assisted,South,1,4,94.1,0,Yes
CUST-03343,2024-01,Month-to-month,Basic,2,30.81,Yes,Paid Search,Midwest,23,23,39.4,1,No
CUST-03344,2024-11,Month-to-month,Premium,1,71.85,Yes,Referral,Midwest,13,13,76.5,0,No
CUST-03345,2024-02,One year,Standard,0,35.38,Yes,Organic,Midwest,22,22,57.6,0,No
CUST-03346,2024-03,Month-to-month,Standard,2,49.04,Yes,Organic,South,21,21,59.2,0,No
CUST-03347,2024-02,Two year,Standard,2,48.56,No,Organic,South,22,22,71.4,0,No
CUST-03348,2023-07,One year,Premium,0,65.97,Yes,Referral,West,1,29,62.8,0,Yes
CUST-03349,2025-03,One year,Basic,1,20.8,Yes,Organic,West,9,9,68.9,0,No
CUST-03350,2023-12,Two year,Standard,3,60.49,Yes,Paid Search,South,24,24,43.2,0,No
CUST-03351,2025-04,One year,Standard,1,43.57,Yes,Paid Search,Northeast,7,8,66.2,0,Yes
CUST-03352,2025-01,One year,Basic,0,11.52,Yes,Organic,West,11,11,61.9,0,No
CUST-03353,2024-04,Month-to-month,Basic,1,23.08,Yes,Organic,South,3,20,42.6,0,Yes
CUST-03354,2025-02,One year,Standard,1,46.28,Yes,Organic,South,10,10,35.2,2,No
CUST-03355,2024-06,Two year,Standard,2,52.06,Yes,Organic,West,18,18,60.1,0,No
CUST-03356,2025-11,Month-to-month,Basic,2,29.8,No,Organic,West,1,1,100.0,0,No
CUST-03357,2023-11,One year,Standard,3,60.69,Yes,Organic,South,25,25,63.8,0,No
CUST-03358,2025-06,Month-to-month,Premium,3,87.36,No,Sales-Assisted,Midwest,4,6,40.3,1,Yes
CUST-03359,2023-11,Month-to-month,Premium,1,68.96,Yes,Paid Search,Midwest,16,25,68.7,0,Yes
CUST-03360,2025-08,Month-to-month,Basic,2,28.04,Yes,Organic,Midwest,4,4,78.5,0,No
CUST-03361,2025-08,Two year,Standard,2,53.29,Yes,Referral,South,4,4,66.2,0,No
CUST-03362,2024-04,Month-to-month,Basic,3,41.78,Yes,Paid Search,Midwest,5,20,76.2,0,Yes
CUST-03363,2025-09,One year,Standard,1,41.09,No,Referral,West,3,3,73.1,0,No
CUST-03364,2025-10,Month-to-month,Premium,4,95.9,Yes,Organic,West,2,2,68.1,0,No
CUST-03365,2025-11,Month-to-month,Standard,2,49.29,Yes,Referral,Northeast,1,1,59.2,0,No
CUST-03366,2025-10,Month-to-month,Standard,2,54.4,Yes,Organic,South,1,2,59.3,0,Yes
CUST-03367,2024-09,Month-to-month,Basic,2,30.2,Yes,Paid Search,South,1,15,50.5,0,Yes
CUST-03368,2024-01,One year,Premium,2,83.11,Yes,Sales-Assisted,West,23,23,67.8,0,No
CUST-03369,2024-12,Month-to-month,Standard,0,33.43,Yes,Organic,Northeast,12,12,55.7,0,No
CUST-03370,2025-10,Month-to-month,Premium,2,81.33,Yes,Referral,Midwest,2,2,58.6,0,No
CUST-03371,2025-05,Month-to-month,Standard,3,56.19,No,Organic,Midwest,3,7,37.8,2,Yes
CUST-03372,2024-06,Month-to-month,Premium,0,61.65,Yes,Organic,Northeast,5,18,88.6,0,Yes
CUST-03373,2024-01,One year,Standard,2,49.28,Yes,Referral,Northeast,23,23,75.5,0,No
CUST-03374,2025-10,Two year,Standard,1,44.52,Yes,Organic,South,2,2,60.0,1,No
CUST-03375,2023-10,Month-to-month,Premium,1,70.92,Yes,Organic,Midwest,20,26,93.3,0,Yes
CUST-03376,2024-11,One year,Standard,1,42.38,Yes,Organic,Northeast,6,13,81.1,0,Yes
CUST-03377,2023-11,Month-to-month,Premium,3,91.23,Yes,Organic,Northeast,25,25,52.9,1,No
CUST-03378,2023-07,One year,Basic,1,23.95,Yes,Sales-Assisted,Midwest,29,29,66.1,0,No
CUST-03379,2024-08,One year,Standard,3,60.77,No,Paid Search,South,16,16,59.5,0,No
CUST-03380,2025-03,Month-to-month,Premium,0,66.74,Yes,Sales-Assisted,West,9,9,66.4,0,No
CUST-03381,2024-07,Two year,Basic,1,24.89,Yes,Referral,Midwest,17,17,59.2,0,No
CUST-03382,2023-07,One year,Basic,1,22.15,Yes,Sales-Assisted,Midwest,1,29,45.1,1,Yes
CUST-03383,2024-05,Month-to-month,Basic,0,18.32,Yes,Referral,Midwest,19,19,76.3,0,No
CUST-03384,2024-06,Month-to-month,Standard,2,49.59,No,Paid Search,South,18,18,69.4,1,No
CUST-03385,2024-11,Month-to-month,Basic,1,24.33,Yes,Organic,Midwest,8,13,61.2,0,Yes
CUST-03386,2024-01,One year,Basic,2,30.2,Yes,Organic,Midwest,23,23,69.1,0,No
CUST-03387,2024-04,One year,Premium,2,83.74,Yes,Paid Search,West,20,20,43.6,1,No
CUST-03388,2025-03,Month-to-month,Basic,0,14.9,No,Organic,South,1,9,63.9,0,Yes
CUST-03389,2025-03,Two year,Premium,0,65.92,Yes,Organic,West,9,9,63.1,0,No
CUST-03390,2024-07,Two year,Standard,3,57.45,Yes,Paid Search,West,15,17,90.8,0,Yes
CUST-03391,2024-01,Two year,Standard,4,67.9,Yes,Paid Search,West,23,23,68.2,0,No
CUST-03392,2025-01,Two year,Premium,0,64.13,Yes,Paid Search,Midwest,11,11,43.0,0,No
CUST-03393,2024-04,Two year,Standard,2,51.98,Yes,Organic,West,20,20,64.9,0,No
CUST-03394,2025-07,Month-to-month,Standard,0,34.03,Yes,Sales-Assisted,Midwest,3,5,60.2,0,Yes
CUST-03395,2025-07,Month-to-month,Basic,0,15.81,Yes,Paid Search,Northeast,1,5,100.0,0,Yes
CUST-03396,2023-09,One year,Basic,0,12.99,No,Referral,Northeast,10,27,53.6,0,Yes
CUST-03397,2024-12,Month-to-month,Standard,1,39.05,Yes,Referral,Midwest,4,12,41.3,0,Yes
CUST-03398,2023-07,One year,Premium,3,91.6,Yes,Referral,Northeast,29,29,78.3,0,No
CUST-03399,2024-03,Two year,Premium,0,67.46,Yes,Paid Search,Northeast,21,21,83.9,0,No
CUST-03400,2024-12,One year,Premium,1,70.74,Yes,Referral,Midwest,12,12,48.4,1,No
CUST-03401,2025-03,Month-to-month,Premium,1,75.0,Yes,Referral,South,1,9,77.6,0,Yes
CUST-03402,2025-03,Month-to-month,Standard,0,37.76,No,Organic,Midwest,2,9,55.2,0,Yes
CUST-03403,2024-04,One year,Basic,0,13.61,Yes,Organic,West,20,20,90.5,0,No
CUST-03404,2024-03,Month-to-month,Basic,3,39.32,Yes,Paid Search,Northeast,9,21,83.7,0,Yes
CUST-03405,2023-08,Month-to-month,Standard,0,35.53,Yes,Sales-Assisted,West,28,28,32.7,0,No
CUST-03406,2025-10,Month-to-month,Standard,2,51.62,Yes,Organic,South,2,2,63.5,0,No
CUST-03407,2025-08,Month-to-month,Premium,0,64.64,Yes,Sales-Assisted,South,4,4,49.3,2,No
CUST-03408,2025-07,One year,Standard,1,43.71,Yes,Organic,Midwest,5,5,66.5,0,No
CUST-03409,2025-10,Two year,Basic,2,33.71,Yes,Paid Search,West,2,2,98.2,0,No
CUST-03410,2025-10,One year,Basic,1,26.93,Yes,Referral,West,2,2,46.3,1,No
CUST-03411,2023-09,Month-to-month,Standard,3,55.72,No,Referral,Midwest,22,27,48.0,1,Yes
CUST-03412,2024-05,Month-to-month,Premium,1,70.34,No,Referral,Midwest,19,19,85.0,0,No
CUST-03413,2023-08,Two year,Premium,2,80.83,Yes,Paid Search,Midwest,28,28,93.8,0,No
CUST-03414,2023-08,One year,Premium,2,79.65,Yes,Paid Search,Midwest,28,28,93.6,0,No
CUST-03415,2024-05,Month-to-month,Basic,0,15.96,Yes,Organic,Northeast,19,19,46.6,1,No
CUST-03416,2024-08,One year,Standard,2,49.62,Yes,Referral,Northeast,16,16,67.4,0,No
CUST-03417,2025-08,Month-to-month,Standard,4,71.56,Yes,Organic,Midwest,4,4,60.6,0,No
CUST-03418,2025-10,Two year,Standard,0,34.5,No,Referral,South,2,2,56.8,1,No
CUST-03419,2025-09,Month-to-month,Basic,0,14.61,Yes,Organic,South,3,3,83.0,0,No
CUST-03420,2024-08,Month-to-month,Premium,1,72.71,Yes,Referral,West,9,16,67.7,0,Yes
CUST-03421,2024-02,Two year,Premium,1,74.29,Yes,Sales-Assisted,Northeast,22,22,60.5,0,No
CUST-03422,2023-12,One year,Basic,0,14.91,Yes,Paid Search,Northeast,24,24,62.5,0,No
CUST-03423,2025-04,One year,Standard,2,51.74,No,Referral,Midwest,8,8,31.8,1,No
CUST-03424,2025-07,Month-to-month,Standard,0,36.07,Yes,Paid Search,South,2,5,58.5,0,Yes
CUST-03425,2024-04,One year,Standard,0,34.9,Yes,Paid Search,West,20,20,89.9,0,No
CUST-03426,2025-01,Month-to-month,Standard,0,37.06,Yes,Sales-Assisted,West,11,11,56.0,0,No
CUST-03427,2024-05,Month-to-month,Basic,1,21.88,Yes,Paid Search,Midwest,8,19,44.7,0,Yes
CUST-03428,2024-11,One year,Basic,1,24.37,Yes,Organic,West,13,13,80.1,0,No
CUST-03429,2025-07,Month-to-month,Basic,3,37.92,No,Organic,West,5,5,57.3,0,No
CUST-03430,2024-12,One year,Basic,0,13.09,Yes,Paid Search,West,12,12,73.6,0,No
CUST-03431,2024-05,Month-to-month,Standard,1,44.5,Yes,Sales-Assisted,West,1,19,95.7,0,Yes
CUST-03432,2023-07,Month-to-month,Premium,2,80.7,Yes,Sales-Assisted,West,21,29,68.2,0,Yes
CUST-03433,2024-03,Month-to-month,Standard,2,51.87,No,Organic,West,1,21,59.7,0,Yes
CUST-03434,2024-03,Month-to-month,Basic,1,27.73,Yes,Sales-Assisted,Northeast,21,21,72.6,0,No
CUST-03435,2024-05,One year,Standard,4,67.37,No,Sales-Assisted,South,19,19,77.3,0,No
CUST-03436,2024-06,Month-to-month,Standard,0,33.54,Yes,Organic,South,3,18,73.8,0,Yes
CUST-03437,2025-03,One year,Basic,3,40.4,Yes,Sales-Assisted,Midwest,9,9,49.3,0,No
CUST-03438,2025-09,One year,Basic,2,29.6,Yes,Referral,Midwest,1,3,93.7,0,Yes
CUST-03439,2024-06,Month-to-month,Standard,0,35.09,Yes,Paid Search,Northeast,18,18,74.9,0,No
CUST-03440,2025-03,Month-to-month,Standard,0,29.61,No,Paid Search,Northeast,9,9,65.3,0,Yes
CUST-03441,2023-10,One year,Premium,2,82.85,Yes,Organic,Midwest,26,26,67.9,0,No
CUST-03442,2025-01,Month-to-month,Standard,3,56.27,No,Organic,Midwest,11,11,88.9,0,No
CUST-03443,2025-06,Month-to-month,Premium,2,78.97,Yes,Referral,Northeast,1,6,86.0,0,Yes
CUST-03444,2024-09,Month-to-month,Premium,1,73.75,No,Organic,Midwest,15,15,82.0,0,No
CUST-03445,2025-10,Two year,Basic,0,13.87,No,Paid Search,Northeast,2,2,79.4,0,No
CUST-03446,2024-09,One year,Standard,3,60.11,Yes,Organic,South,15,15,87.7,0,No
CUST-03447,2024-03,Month-to-month,Standard,1,41.03,No,Organic,Midwest,14,21,38.2,1,Yes
CUST-03448,2024-10,Month-to-month,Premium,2,82.32,Yes,Organic,West,3,14,93.4,0,Yes
CUST-03449,2025-11,Month-to-month,Basic,1,24.1,No,Organic,West,1,1,45.8,0,No
CUST-03450,2024-03,One year,Basic,1,21.96,Yes,Organic,Northeast,12,21,64.3,0,Yes
CUST-03451,2023-07,Month-to-month,Standard,1,45.1,Yes,Sales-Assisted,Midwest,29,29,95.0,0,No
CUST-03452,2024-10,Month-to-month,Standard,0,38.47,Yes,Sales-Assisted,South,3,14,61.3,0,Yes
CUST-03453,2025-03,Two year,Standard,0,33.28,Yes,Organic,Northeast,9,9,55.4,0,No
CUST-03454,2024-11,Month-to-month,Standard,0,35.33,Yes,Organic,South,2,13,46.2,1,Yes
CUST-03455,2025-08,Month-to-month,Premium,2,83.05,Yes,Referral,Northeast,3,4,58.5,1,Yes
CUST-03456,2025-08,Two year,Basic,2,29.28,Yes,Paid Search,Midwest,4,4,78.9,0,No
CUST-03457,2024-06,Two year,Basic,1,23.03,Yes,Paid Search,Northeast,18,18,52.4,0,No
CUST-03458,2023-09,One year,Premium,2,82.84,Yes,Sales-Assisted,Northeast,12,27,58.8,1,Yes
CUST-03459,2024-07,One year,Basic,4,46.27,Yes,Referral,Northeast,17,17,69.0,0,No
CUST-03460,2024-06,Month-to-month,Basic,1,22.25,No,Organic,Midwest,2,18,46.3,0,Yes
CUST-03461,2023-09,Month-to-month,Standard,0,38.04,No,Paid Search,South,10,27,71.3,0,Yes
CUST-03462,2025-09,Month-to-month,Basic,2,30.59,No,Sales-Assisted,West,3,3,66.0,0,No
CUST-03463,2023-11,Month-to-month,Premium,0,63.71,Yes,Sales-Assisted,Midwest,10,25,53.2,1,Yes
CUST-03464,2025-04,Month-to-month,Standard,1,43.61,No,Sales-Assisted,South,8,8,63.0,1,No
CUST-03465,2025-03,Month-to-month,Basic,4,51.04,Yes,Organic,South,7,9,53.9,0,Yes
CUST-03466,2024-06,Month-to-month,Basic,2,31.1,Yes,Referral,Northeast,1,18,54.5,0,Yes
CUST-03467,2023-10,Two year,Basic,1,24.04,Yes,Organic,West,26,26,57.6,0,No
CUST-03468,2024-06,Month-to-month,Standard,2,51.72,No,Paid Search,South,18,18,84.2,0,No
CUST-03469,2024-11,Month-to-month,Standard,3,57.46,Yes,Referral,South,13,13,42.2,1,No
CUST-03470,2025-11,One year,Standard,3,57.85,Yes,Paid Search,South,1,1,84.5,0,No
CUST-03471,2023-07,One year,Basic,2,33.22,Yes,Sales-Assisted,West,21,29,82.6,0,Yes
CUST-03472,2023-09,One year,Premium,3,89.59,Yes,Paid Search,Midwest,27,27,57.9,1,No
CUST-03473,2024-09,Month-to-month,Basic,3,41.09,Yes,Sales-Assisted,South,15,15,77.1,0,No
CUST-03474,2025-03,One year,Standard,1,42.96,Yes,Sales-Assisted,Northeast,9,9,69.6,0,No
CUST-03475,2025-10,Two year,Premium,2,79.6,Yes,Paid Search,Midwest,2,2,38.2,1,No
CUST-03476,2023-10,Month-to-month,Standard,1,46.21,No,Paid Search,Midwest,9,26,88.9,0,Yes
CUST-03477,2025-08,One year,Basic,1,26.36,Yes,Organic,South,4,4,81.8,0,No
CUST-03478,2023-11,Month-to-month,Premium,0,65.86,Yes,Organic,Northeast,24,25,95.8,0,Yes
CUST-03479,2025-03,Month-to-month,Premium,0,64.3,Yes,Organic,West,1,9,63.2,0,Yes
CUST-03480,2023-09,Two year,Standard,2,51.83,Yes,Organic,South,27,27,55.7,1,No
CUST-03481,2025-10,Month-to-month,Premium,0,64.83,Yes,Organic,Midwest,2,2,59.8,1,No
CUST-03482,2025-06,Month-to-month,Basic,3,40.12,Yes,Organic,Midwest,6,6,73.6,0,Yes
CUST-03483,2024-02,Two year,Premium,1,72.87,Yes,Paid Search,West,22,22,57.5,0,No
CUST-03484,2024-06,Two year,Premium,0,63.16,Yes,Organic,Northeast,18,18,53.2,1,No
CUST-03485,2025-04,Two year,Premium,0,64.1,Yes,Sales-Assisted,South,8,8,71.4,0,No
CUST-03486,2025-05,Month-to-month,Standard,1,45.84,No,Paid Search,West,7,7,50.6,0,No
CUST-03487,2025-03,One year,Standard,0,35.15,Yes,Referral,West,9,9,97.7,0,No
CUST-03488,2024-03,Month-to-month,Premium,0,63.41,Yes,Referral,Midwest,2,21,98.9,0,Yes
CUST-03489,2024-11,One year,Premium,1,72.82,Yes,Sales-Assisted,Midwest,11,13,67.3,1,Yes
CUST-03490,2023-12,Month-to-month,Premium,0,65.82,No,Referral,Midwest,24,24,85.1,0,No
CUST-03491,2024-09,Month-to-month,Basic,2,31.77,Yes,Organic,West,2,15,38.9,1,Yes
CUST-03492,2024-11,One year,Basic,0,16.65,Yes,Organic,South,13,13,63.9,0,No
CUST-03493,2025-11,Month-to-month,Basic,0,16.95,No,Paid Search,Northeast,1,1,81.4,0,No
CUST-03494,2025-04,One year,Basic,3,39.67,Yes,Organic,Midwest,8,8,89.9,0,No
CUST-03495,2024-06,Month-to-month,Standard,2,51.6,Yes,Paid Search,West,2,18,78.0,0,Yes
CUST-03496,2025-11,Month-to-month,Standard,2,49.56,Yes,Organic,West,1,1,64.9,0,No
CUST-03497,2025-09,Month-to-month,Basic,1,19.34,Yes,Paid Search,West,3,3,53.2,1,No
CUST-03498,2023-08,Month-to-month,Basic,3,41.46,No,Referral,Northeast,13,28,83.1,0,Yes
CUST-03499,2023-08,Two year,Premium,1,71.79,Yes,Organic,Northeast,28,28,47.0,3,No
CUST-03500,2025-11,Two year,Basic,1,22.79,Yes,Referral,Northeast,1,1,64.7,1,No
CUST-03501,2025-02,One year,Basic,1,22.34,Yes,Organic,West,10,10,45.5,1,No
CUST-03502,2024-04,Two year,Standard,0,35.5,No,Paid Search,Midwest,20,20,69.6,0,No
CUST-03503,2025-01,One year,Basic,1,19.21,Yes,Organic,South,11,11,76.2,0,No
CUST-03504,2023-11,One year,Standard,2,50.19,Yes,Paid Search,West,25,25,66.8,0,No
CUST-03505,2025-10,Month-to-month,Basic,0,13.64,Yes,Paid Search,Midwest,2,2,73.2,0,No
CUST-03506,2025-01,Month-to-month,Basic,1,20.42,No,Paid Search,South,3,11,100.0,0,Yes
CUST-03507,2024-02,One year,Standard,0,34.62,Yes,Organic,South,19,22,79.2,0,Yes
CUST-03508,2025-06,Month-to-month,Basic,0,16.16,Yes,Paid Search,Northeast,6,6,68.4,0,No
CUST-03509,2025-11,Month-to-month,Standard,1,41.99,Yes,Organic,Northeast,1,1,54.9,0,Yes
CUST-03510,2025-01,Month-to-month,Basic,0,13.27,Yes,Paid Search,South,4,11,41.9,1,Yes
CUST-03511,2024-06,One year,Standard,0,35.13,Yes,Referral,South,5,18,45.6,0,Yes
CUST-03512,2024-04,Two year,Standard,0,37.78,Yes,Organic,West,20,20,69.9,0,No
CUST-03513,2024-04,One year,Standard,2,54.08,Yes,Referral,Midwest,20,20,77.8,0,No
CUST-03514,2023-09,Month-to-month,Premium,4,97.58,No,Referral,Northeast,19,27,48.5,0,Yes
CUST-03515,2025-10,Month-to-month,Premium,4,96.41,No,Referral,Midwest,1,2,7.1,0,Yes
CUST-03516,2025-03,Month-to-month,Standard,2,51.79,Yes,Organic,South,9,9,93.3,0,No
CUST-03517,2025-03,Two year,Basic,0,14.54,Yes,Paid Search,West,9,9,54.0,0,No
CUST-03518,2024-10,Month-to-month,Basic,0,16.33,Yes,Referral,West,4,14,93.4,0,Yes
CUST-03519,2024-10,Month-to-month,Standard,0,34.54,No,Paid Search,South,14,14,88.1,0,No
CUST-03520,2024-10,One year,Standard,0,32.99,Yes,Referral,Northeast,2,14,70.6,0,Yes
CUST-03521,2024-12,Two year,Basic,0,17.67,Yes,Organic,South,12,12,87.9,1,No
CUST-03522,2025-06,Month-to-month,Standard,3,57.61,Yes,Organic,South,6,6,61.9,0,No
CUST-03523,2024-02,Two year,Basic,1,22.41,Yes,Referral,West,22,22,65.9,1,No
CUST-03524,2025-09,One year,Premium,0,64.71,No,Paid Search,Midwest,3,3,81.9,0,No
CUST-03525,2024-04,Month-to-month,Basic,2,30.73,Yes,Paid Search,West,14,20,92.1,0,Yes
CUST-03526,2024-03,One year,Basic,1,21.73,No,Organic,Northeast,21,21,62.0,1,No
CUST-03527,2025-02,Month-to-month,Basic,2,33.31,Yes,Paid Search,Midwest,10,10,60.8,0,No
CUST-03528,2025-02,Month-to-month,Standard,2,52.17,No,Organic,South,10,10,43.7,1,No
CUST-03529,2025-01,Month-to-month,Premium,1,69.46,No,Paid Search,South,3,11,49.6,0,Yes
CUST-03530,2025-10,One year,Basic,0,15.88,Yes,Paid Search,Northeast,2,2,72.4,0,No
CUST-03531,2024-09,One year,Premium,1,75.62,Yes,Paid Search,Midwest,15,15,81.0,0,No
CUST-03532,2025-01,One year,Basic,1,24.86,Yes,Paid Search,South,11,11,75.4,0,No
CUST-03533,2024-03,Month-to-month,Premium,4,96.97,Yes,Referral,South,4,21,51.1,1,Yes
CUST-03534,2025-06,One year,Basic,1,21.13,Yes,Referral,Midwest,6,6,73.4,0,No
CUST-03535,2024-11,One year,Basic,2,31.35,Yes,Organic,Midwest,3,13,88.7,0,Yes
CUST-03536,2025-04,One year,Basic,0,13.76,No,Paid Search,South,8,8,68.9,0,No
CUST-03537,2023-08,Two year,Standard,0,36.42,Yes,Organic,Midwest,28,28,96.9,0,No
CUST-03538,2025-06,Month-to-month,Premium,0,68.4,No,Sales-Assisted,Midwest,6,6,82.2,0,No
CUST-03539,2024-05,Two year,Standard,1,37.54,No,Referral,South,19,19,91.7,0,No
CUST-03540,2024-05,One year,Premium,0,66.23,Yes,Paid Search,Northeast,19,19,74.8,0,No
CUST-03541,2024-08,One year,Basic,3,40.71,No,Organic,Midwest,16,16,56.5,0,No
CUST-03542,2025-02,Month-to-month,Standard,1,43.22,No,Paid Search,Northeast,3,10,54.6,0,Yes
CUST-03543,2025-07,One year,Standard,1,41.89,No,Paid Search,West,4,5,52.4,1,Yes
CUST-03544,2025-02,Month-to-month,Basic,4,47.62,Yes,Organic,Northeast,10,10,76.8,0,No
CUST-03545,2024-04,One year,Basic,0,13.32,Yes,Sales-Assisted,West,20,20,67.5,0,No
CUST-03546,2024-02,One year,Standard,1,47.47,Yes,Paid Search,Midwest,22,22,52.0,1,No
CUST-03547,2024-10,Two year,Basic,1,25.99,Yes,Organic,West,14,14,88.2,0,No
CUST-03548,2024-11,Month-to-month,Standard,0,30.65,Yes,Paid Search,West,8,13,61.7,0,Yes
CUST-03549,2023-08,One year,Premium,1,71.77,Yes,Organic,Midwest,11,28,66.2,0,Yes
CUST-03550,2024-05,Two year,Basic,1,26.17,No,Organic,Midwest,19,19,88.0,0,No
CUST-03551,2024-06,Month-to-month,Basic,3,41.98,No,Organic,Midwest,18,18,45.2,1,No
CUST-03552,2024-02,Two year,Standard,1,40.85,Yes,Organic,Midwest,11,22,65.5,0,Yes
CUST-03553,2025-07,One year,Basic,0,17.72,No,Sales-Assisted,Northeast,5,5,53.1,1,No
CUST-03554,2025-10,Two year,Standard,3,60.24,Yes,Organic,Northeast,2,2,76.1,0,No
CUST-03555,2025-11,One year,Premium,4,97.0,No,Referral,West,1,1,76.5,0,No
CUST-03556,2023-12,Two year,Basic,0,18.78,Yes,Referral,Northeast,24,24,60.1,0,No
CUST-03557,2024-10,One year,Basic,1,23.88,Yes,Paid Search,West,14,14,69.7,0,No
CUST-03558,2024-02,Month-to-month,Premium,2,80.36,Yes,Referral,South,3,22,64.3,0,Yes
CUST-03559,2023-07,Month-to-month,Standard,0,32.55,No,Paid Search,Midwest,8,29,63.2,1,Yes
CUST-03560,2023-10,Month-to-month,Basic,0,13.12,No,Referral,Midwest,26,26,75.6,0,No
CUST-03561,2024-12,Month-to-month,Standard,1,44.05,No,Sales-Assisted,Northeast,5,12,67.6,0,Yes
CUST-03562,2024-09,Two year,Basic,2,30.76,Yes,Paid Search,Midwest,15,15,78.3,0,No
CUST-03563,2024-04,Month-to-month,Standard,3,60.11,Yes,Paid Search,Midwest,1,20,67.5,0,Yes
CUST-03564,2024-05,Two year,Premium,3,90.76,No,Organic,South,19,19,45.0,1,No
CUST-03565,2025-11,One year,Basic,1,20.64,Yes,Paid Search,Midwest,1,1,27.8,0,No
CUST-03566,2025-05,Month-to-month,Basic,0,15.84,No,Organic,Midwest,7,7,55.2,1,No
CUST-03567,2023-07,Month-to-month,Basic,0,15.64,No,Organic,South,6,29,77.2,0,Yes
CUST-03568,2025-03,One year,Basic,1,25.35,Yes,Organic,West,9,9,81.6,0,No
CUST-03569,2024-09,Two year,Premium,1,73.44,No,Referral,South,15,15,94.0,0,No
CUST-03570,2025-09,One year,Basic,1,24.75,Yes,Paid Search,Midwest,3,3,52.3,0,No
CUST-03571,2024-08,Month-to-month,Premium,1,73.37,Yes,Referral,Northeast,12,16,71.7,0,Yes
CUST-03572,2025-11,Two year,Standard,1,38.8,Yes,Sales-Assisted,West,1,1,65.0,0,No
CUST-03573,2025-04,One year,Premium,1,74.09,No,Sales-Assisted,South,8,8,58.3,0,No
CUST-03574,2025-05,Month-to-month,Premium,4,100.34,Yes,Organic,South,7,7,66.7,0,No
CUST-03575,2024-11,Month-to-month,Standard,4,67.99,Yes,Referral,Northeast,13,13,83.8,0,No
CUST-03576,2025-04,Month-to-month,Basic,0,13.68,Yes,Sales-Assisted,Northeast,8,8,81.1,0,No
CUST-03577,2025-07,Month-to-month,Standard,2,52.52,No,Organic,South,5,5,66.2,0,No
CUST-03578,2025-05,Month-to-month,Basic,3,36.22,Yes,Organic,Midwest,3,7,79.3,0,Yes
CUST-03579,2025-07,Month-to-month,Standard,2,48.15,Yes,Referral,Northeast,5,5,69.1,0,No
CUST-03580,2025-11,Month-to-month,Standard,0,36.18,No,Paid Search,West,1,1,100.0,0,No
CUST-03581,2024-03,Two year,Standard,0,34.93,Yes,Paid Search,Northeast,21,21,44.9,3,No
CUST-03582,2025-11,Month-to-month,Standard,2,50.82,Yes,Organic,Northeast,1,1,75.5,0,No
CUST-03583,2024-06,Month-to-month,Basic,0,16.51,No,Paid Search,Northeast,18,18,52.8,1,No
CUST-03584,2023-07,Month-to-month,Standard,1,41.37,Yes,Organic,West,7,29,33.7,1,Yes
CUST-03585,2025-02,Two year,Standard,0,38.55,Yes,Organic,South,10,10,44.2,1,No
CUST-03586,2024-02,Month-to-month,Basic,3,43.06,Yes,Organic,West,9,22,62.6,0,Yes
CUST-03587,2024-11,Month-to-month,Basic,4,46.82,Yes,Sales-Assisted,Midwest,13,13,71.6,0,No
CUST-03588,2025-03,Two year,Basic,1,22.48,No,Organic,Midwest,9,9,33.0,2,No
CUST-03589,2023-11,Month-to-month,Premium,1,71.53,No,Organic,South,25,25,52.8,0,No
CUST-03590,2025-07,Month-to-month,Standard,2,52.01,Yes,Referral,West,5,5,90.2,0,No
CUST-03591,2024-11,Two year,Standard,2,53.1,Yes,Organic,South,13,13,78.8,0,No
CUST-03592,2025-05,Month-to-month,Premium,0,64.27,No,Paid Search,West,7,7,57.8,0,No
CUST-03593,2025-08,One year,Standard,3,58.97,Yes,Paid Search,Midwest,4,4,63.9,0,No
CUST-03594,2025-03,One year,Standard,1,39.26,Yes,Referral,Midwest,9,9,56.5,1,No
CUST-03595,2024-03,Two year,Standard,1,43.92,Yes,Referral,South,17,21,89.5,1,Yes
CUST-03596,2025-11,Month-to-month,Basic,0,15.79,No,Paid Search,South,1,1,80.2,0,No
CUST-03597,2024-10,Month-to-month,Basic,2,31.02,No,Referral,South,12,14,45.5,1,Yes
CUST-03598,2024-06,Month-to-month,Premium,4,96.59,No,Organic,South,18,18,61.1,0,No
CUST-03599,2024-11,One year,Basic,1,28.41,Yes,Paid Search,South,13,13,69.8,1,No
CUST-03600,2025-02,Month-to-month,Standard,0,32.36,No,Referral,South,4,10,98.5,0,Yes
CUST-03601,2025-01,Month-to-month,Premium,0,66.2,No,Paid Search,Northeast,6,11,60.2,0,Yes
CUST-03602,2025-08,Month-to-month,Premium,0,66.09,No,Sales-Assisted,South,4,4,92.2,0,No
CUST-03603,2024-08,One year,Basic,0,13.99,No,Paid Search,Midwest,16,16,58.3,0,No
CUST-03604,2023-10,Month-to-month,Basic,2,29.74,Yes,Referral,Northeast,26,26,60.0,0,No
CUST-03605,2025-07,Month-to-month,Basic,1,25.56,No,Paid Search,Northeast,5,5,36.0,0,No
CUST-03606,2023-12,Month-to-month,Basic,3,36.43,Yes,Paid Search,West,24,24,70.3,0,No
CUST-03607,2024-10,Two year,Standard,1,43.72,Yes,Paid Search,Midwest,14,14,66.4,0,No
CUST-03608,2024-07,Month-to-month,Basic,2,28.93,No,Organic,South,8,17,59.4,0,Yes
CUST-03609,2025-09,Month-to-month,Basic,0,14.24,No,Organic,Midwest,3,3,64.5,1,Yes
CUST-03610,2024-01,One year,Standard,1,41.28,Yes,Organic,Midwest,4,23,96.8,0,Yes
CUST-03611,2024-07,One year,Standard,0,38.09,Yes,Sales-Assisted,Midwest,12,17,66.6,0,Yes
CUST-03612,2024-08,One year,Basic,1,17.77,No,Paid Search,Midwest,16,16,95.0,0,No
CUST-03613,2025-03,Month-to-month,Basic,1,21.72,No,Sales-Assisted,South,9,9,54.2,1,No
CUST-03614,2025-05,One year,Basic,4,49.67,Yes,Sales-Assisted,West,5,7,39.5,2,Yes
CUST-03615,2024-06,One year,Standard,1,40.68,Yes,Organic,Northeast,18,18,66.2,0,No
CUST-03616,2023-07,Month-to-month,Standard,1,43.0,Yes,Referral,Midwest,23,29,78.3,0,Yes
CUST-03617,2023-11,Two year,Premium,1,75.18,No,Referral,Northeast,25,25,90.1,0,No
CUST-03618,2024-08,Month-to-month,Basic,2,35.38,No,Referral,West,8,16,80.2,0,Yes
CUST-03619,2025-06,Month-to-month,Basic,4,48.07,Yes,Paid Search,Midwest,5,6,75.5,0,Yes
CUST-03620,2025-10,Month-to-month,Standard,1,41.5,No,Organic,Northeast,2,2,70.2,0,No
CUST-03621,2023-09,Two year,Basic,0,14.29,Yes,Organic,West,27,27,93.1,0,No
CUST-03622,2025-08,One year,Basic,0,11.38,Yes,Sales-Assisted,South,4,4,73.1,0,No
CUST-03623,2024-03,Month-to-month,Standard,0,34.17,Yes,Paid Search,South,8,21,57.4,0,Yes
CUST-03624,2025-01,Month-to-month,Premium,1,71.8,Yes,Organic,South,3,11,97.1,0,Yes
CUST-03625,2025-04,Month-to-month,Basic,0,16.15,Yes,Paid Search,South,1,8,92.5,0,Yes
CUST-03626,2024-01,Month-to-month,Basic,1,23.07,Yes,Organic,Midwest,1,23,51.8,0,Yes
CUST-03627,2025-11,Two year,Standard,3,55.38,Yes,Sales-Assisted,West,1,1,54.5,0,No
CUST-03628,2023-10,Two year,Basic,1,22.29,Yes,Referral,South,26,26,46.2,1,No
CUST-03629,2025-03,Month-to-month,Premium,0,67.19,Yes,Referral,West,9,9,65.1,0,Yes
CUST-03630,2023-07,Month-to-month,Standard,0,34.3,No,Organic,Midwest,29,29,53.7,2,No
CUST-03631,2025-02,One year,Standard,2,52.89,Yes,Referral,West,1,10,39.8,0,Yes
CUST-03632,2024-04,Month-to-month,Premium,2,80.76,Yes,Organic,Northeast,2,20,80.7,0,Yes
CUST-03633,2025-06,Two year,Basic,0,15.55,Yes,Organic,West,6,6,75.1,0,No
CUST-03634,2023-10,One year,Premium,2,81.61,Yes,Sales-Assisted,West,26,26,64.2,1,No
CUST-03635,2025-04,Month-to-month,Basic,1,22.79,No,Referral,South,8,8,93.6,0,No
CUST-03636,2024-04,One year,Basic,0,11.68,No,Referral,Midwest,20,20,62.5,0,No
CUST-03637,2024-07,One year,Standard,2,53.46,No,Sales-Assisted,West,17,17,54.6,0,No
CUST-03638,2023-09,Two year,Basic,2,30.26,Yes,Organic,Northeast,27,27,57.7,0,No
CUST-03639,2023-11,One year,Premium,2,80.31,Yes,Organic,Midwest,25,25,79.7,1,No
CUST-03640,2023-07,Two year,Standard,3,58.3,Yes,Referral,Midwest,29,29,87.6,0,No
CUST-03641,2023-09,Month-to-month,Basic,1,23.51,Yes,Organic,South,11,27,76.7,0,Yes
CUST-03642,2024-10,Month-to-month,Basic,3,40.15,Yes,Organic,West,14,14,43.0,1,No
CUST-03643,2024-01,One year,Standard,1,41.05,Yes,Referral,Midwest,23,23,97.1,0,No
CUST-03644,2025-03,Month-to-month,Basic,1,21.68,Yes,Referral,South,1,9,48.7,0,Yes
CUST-03645,2024-01,One year,Standard,0,37.84,Yes,Sales-Assisted,Midwest,14,23,59.8,0,Yes
CUST-03646,2024-10,Two year,Premium,1,69.68,No,Paid Search,South,14,14,87.5,0,No
CUST-03647,2023-12,Month-to-month,Basic,0,16.52,Yes,Organic,West,11,24,35.6,0,Yes
CUST-03648,2024-10,Two year,Standard,0,34.12,No,Organic,Northeast,14,14,77.7,0,No
CUST-03649,2024-09,Two year,Standard,1,42.1,Yes,Paid Search,Northeast,15,15,68.3,0,No
CUST-03650,2025-05,One year,Premium,1,75.38,No,Referral,West,7,7,78.5,0,No
CUST-03651,2025-08,One year,Basic,1,20.26,Yes,Organic,Northeast,4,4,70.4,0,No
CUST-03652,2023-10,One year,Standard,0,34.69,Yes,Paid Search,Northeast,26,26,36.1,1,No
CUST-03653,2023-07,Month-to-month,Basic,2,34.94,No,Organic,South,29,29,83.1,0,No
CUST-03654,2023-10,One year,Premium,2,79.64,Yes,Organic,Northeast,26,26,96.5,0,No
CUST-03655,2025-02,One year,Standard,0,33.43,Yes,Organic,Midwest,10,10,76.9,0,No
CUST-03656,2025-06,One year,Standard,2,49.8,Yes,Paid Search,Northeast,6,6,52.7,0,No
CUST-03657,2023-09,One year,Basic,1,27.15,No,Organic,West,27,27,65.6,0,No
CUST-03658,2025-01,Month-to-month,Standard,1,45.28,No,Paid Search,Midwest,11,11,55.8,1,No
CUST-03659,2024-02,Month-to-month,Premium,2,83.54,Yes,Sales-Assisted,West,2,22,48.8,0,Yes
CUST-03660,2024-09,One year,Standard,3,57.92,Yes,Sales-Assisted,South,7,15,62.9,0,Yes
CUST-03661,2024-02,Two year,Premium,2,81.69,Yes,Paid Search,Midwest,22,22,48.9,0,No
CUST-03662,2025-10,Month-to-month,Premium,0,65.42,Yes,Organic,Northeast,2,2,95.0,0,No
CUST-03663,2025-06,Month-to-month,Basic,0,15.17,Yes,Referral,South,6,6,77.8,0,No
CUST-03664,2025-11,One year,Basic,2,29.69,No,Organic,West,1,1,63.4,0,No
CUST-03665,2025-11,Month-to-month,Basic,1,21.0,No,Paid Search,Northeast,1,1,57.7,0,No
CUST-03666,2024-07,One year,Standard,1,43.87,Yes,Referral,Northeast,17,17,60.1,0,No
CUST-03667,2024-01,One year,Basic,0,15.8,Yes,Paid Search,West,23,23,66.3,0,No
CUST-03668,2025-03,Month-to-month,Standard,2,49.36,Yes,Organic,Northeast,9,9,89.6,0,No
CUST-03669,2025-04,Month-to-month,Standard,1,42.14,Yes,Referral,West,8,8,73.2,0,No
CUST-03670,2024-01,One year,Premium,0,66.3,No,Organic,Midwest,23,23,63.5,0,No
CUST-03671,2024-04,One year,Basic,0,17.23,Yes,Paid Search,South,20,20,50.8,1,No
CUST-03672,2024-02,One year,Standard,3,56.0,Yes,Paid Search,South,18,22,37.6,0,Yes
CUST-03673,2023-10,One year,Premium,2,78.4,Yes,Organic,West,26,26,50.7,0,No
CUST-03674,2025-02,Month-to-month,Premium,1,73.26,Yes,Organic,Midwest,2,10,77.8,0,Yes
CUST-03675,2023-10,One year,Standard,0,32.55,Yes,Paid Search,Midwest,26,26,42.6,0,No
CUST-03676,2024-08,Month-to-month,Standard,0,33.77,Yes,Sales-Assisted,Midwest,3,16,63.1,0,Yes
CUST-03677,2024-06,One year,Standard,1,42.35,Yes,Paid Search,Northeast,18,18,46.4,0,No
CUST-03678,2024-10,One year,Basic,3,39.46,Yes,Referral,Northeast,14,14,52.2,0,No
CUST-03679,2023-08,Month-to-month,Standard,2,46.29,Yes,Organic,West,28,28,40.0,0,No
CUST-03680,2024-01,One year,Standard,0,32.54,Yes,Referral,Northeast,23,23,60.7,0,No
CUST-03681,2023-11,Month-to-month,Premium,1,75.65,No,Referral,South,8,25,89.7,1,Yes
CUST-03682,2025-02,Month-to-month,Premium,0,66.33,No,Organic,West,4,10,57.5,0,Yes
CUST-03683,2024-09,Month-to-month,Basic,0,15.62,Yes,Organic,West,1,15,79.3,0,Yes
CUST-03684,2023-11,Two year,Basic,0,14.57,Yes,Referral,South,25,25,49.1,0,No
CUST-03685,2025-11,Month-to-month,Premium,2,81.35,Yes,Organic,West,1,1,83.0,0,No
CUST-03686,2024-04,One year,Basic,1,24.28,Yes,Organic,South,20,20,91.8,0,No
CUST-03687,2025-03,One year,Premium,2,78.86,No,Paid Search,South,9,9,79.7,0,No
CUST-03688,2024-10,One year,Standard,0,36.47,Yes,Referral,West,14,14,44.0,0,No
CUST-03689,2025-07,Month-to-month,Basic,1,22.77,Yes,Referral,West,5,5,33.1,2,No
CUST-03690,2025-02,Month-to-month,Standard,3,58.97,No,Sales-Assisted,Midwest,1,10,79.6,0,Yes
CUST-03691,2023-11,Month-to-month,Basic,2,33.75,Yes,Organic,Northeast,18,25,64.7,0,Yes
CUST-03692,2024-07,Month-to-month,Standard,0,34.75,Yes,Organic,Midwest,17,17,95.0,0,No
CUST-03693,2023-08,Two year,Basic,2,31.78,Yes,Organic,West,28,28,66.9,0,No
CUST-03694,2023-11,Two year,Premium,1,71.28,Yes,Organic,West,25,25,57.8,0,No
CUST-03695,2025-02,One year,Premium,1,69.4,No,Organic,West,10,10,76.9,0,No
CUST-03696,2025-08,One year,Basic,1,23.71,No,Paid Search,South,4,4,85.7,0,No
CUST-03697,2023-11,Month-to-month,Premium,0,64.84,No,Sales-Assisted,West,2,25,26.4,0,Yes
CUST-03698,2023-09,Month-to-month,Standard,0,38.09,Yes,Referral,West,27,27,54.6,1,No
CUST-03699,2024-10,One year,Standard,0,34.96,No,Organic,Midwest,14,14,69.6,0,No
CUST-03700,2024-01,One year,Standard,1,42.84,Yes,Sales-Assisted,West,16,23,50.7,1,Yes
CUST-03701,2024-06,Two year,Premium,1,74.29,No,Paid Search,South,18,18,57.5,0,No
CUST-03702,2025-05,Two year,Standard,2,53.2,Yes,Organic,West,7,7,96.8,0,No
CUST-03703,2024-07,Two year,Standard,0,37.8,Yes,Paid Search,Northeast,17,17,89.7,0,No
CUST-03704,2025-11,Month-to-month,Standard,3,58.59,Yes,Organic,Midwest,1,1,82.5,1,No
CUST-03705,2023-11,One year,Standard,2,49.53,Yes,Referral,Midwest,3,25,43.6,0,Yes
CUST-03706,2024-08,One year,Standard,1,41.97,Yes,Referral,South,4,16,55.1,0,Yes
CUST-03707,2024-08,Month-to-month,Standard,2,53.33,No,Organic,Midwest,6,16,61.8,0,Yes
CUST-03708,2025-10,Two year,Premium,3,86.79,No,Referral,Midwest,2,2,39.8,1,No
CUST-03709,2025-08,Month-to-month,Basic,1,21.2,Yes,Paid Search,Midwest,4,4,69.6,0,No
CUST-03710,2023-08,One year,Standard,0,35.15,Yes,Sales-Assisted,Northeast,28,28,45.3,0,No
CUST-03711,2024-07,Two year,Standard,3,57.32,Yes,Organic,Midwest,17,17,48.6,0,No
CUST-03712,2024-10,Two year,Basic,3,39.31,Yes,Paid Search,Midwest,14,14,91.4,0,No
CUST-03713,2025-01,Month-to-month,Standard,0,34.89,Yes,Organic,Northeast,2,11,72.3,0,Yes
CUST-03714,2024-12,One year,Standard,0,39.81,Yes,Organic,Midwest,12,12,40.0,0,No
CUST-03715,2024-05,One year,Premium,2,77.87,Yes,Referral,Midwest,19,19,92.2,0,No
CUST-03716,2025-11,Month-to-month,Standard,1,42.12,Yes,Paid Search,Midwest,1,1,41.2,1,No
CUST-03717,2024-08,Month-to-month,Premium,2,82.87,Yes,Organic,Northeast,2,16,53.0,0,Yes
CUST-03718,2024-09,Month-to-month,Premium,3,86.9,No,Referral,South,9,15,51.9,0,Yes
CUST-03719,2025-05,Month-to-month,Basic,0,17.96,No,Referral,South,7,7,93.0,0,No
CUST-03720,2024-03,Month-to-month,Basic,0,13.6,Yes,Referral,Northeast,6,21,74.3,0,Yes
CUST-03721,2025-04,One year,Basic,1,20.74,Yes,Paid Search,Midwest,8,8,57.5,0,No
CUST-03722,2024-07,Month-to-month,Basic,2,31.95,Yes,Sales-Assisted,West,10,17,76.3,0,Yes
CUST-03723,2025-10,Month-to-month,Basic,2,31.61,No,Sales-Assisted,Midwest,2,2,41.9,0,No
CUST-03724,2023-08,One year,Premium,0,65.77,Yes,Paid Search,South,28,28,68.1,0,No
CUST-03725,2025-01,Month-to-month,Basic,2,28.2,No,Referral,South,1,11,53.2,0,Yes
CUST-03726,2024-02,One year,Standard,0,35.92,No,Referral,Midwest,8,22,31.6,2,Yes
CUST-03727,2024-05,Month-to-month,Premium,0,63.63,Yes,Referral,Midwest,5,19,56.1,0,Yes
CUST-03728,2024-03,One year,Basic,2,27.91,Yes,Organic,Northeast,21,21,24.0,3,No
CUST-03729,2023-10,Month-to-month,Premium,0,65.28,Yes,Organic,South,3,26,63.7,0,Yes
CUST-03730,2024-11,One year,Basic,3,41.2,No,Sales-Assisted,Northeast,13,13,57.7,0,No
CUST-03731,2025-03,Month-to-month,Basic,0,16.25,Yes,Paid Search,Northeast,9,9,59.2,2,No
CUST-03732,2024-09,Month-to-month,Basic,2,26.94,Yes,Paid Search,West,15,15,56.8,0,No
CUST-03733,2025-04,Two year,Premium,2,83.07,Yes,Paid Search,South,8,8,67.0,0,No
CUST-03734,2024-07,Month-to-month,Standard,1,41.71,Yes,Paid Search,South,17,17,76.3,0,No
CUST-03735,2025-01,Month-to-month,Standard,2,51.16,No,Referral,Northeast,11,11,55.2,0,No
CUST-03736,2023-07,Month-to-month,Standard,4,65.85,No,Organic,Midwest,29,29,45.7,1,No
CUST-03737,2024-08,Month-to-month,Standard,0,33.11,Yes,Sales-Assisted,Northeast,8,16,50.1,0,Yes
CUST-03738,2023-11,Two year,Basic,1,23.44,Yes,Organic,West,25,25,56.6,1,No
CUST-03739,2023-08,Month-to-month,Standard,0,34.62,No,Organic,Midwest,5,28,48.1,0,Yes
CUST-03740,2025-08,Two year,Premium,0,62.16,No,Organic,Midwest,4,4,42.3,0,No
CUST-03741,2023-07,Month-to-month,Basic,3,41.13,Yes,Organic,Northeast,2,29,71.9,0,Yes
CUST-03742,2025-08,Two year,Basic,0,19.36,Yes,Organic,West,4,4,71.4,0,No
CUST-03743,2023-11,Month-to-month,Basic,1,22.35,No,Paid Search,West,2,25,86.7,0,Yes
CUST-03744,2024-02,Two year,Premium,1,72.9,Yes,Paid Search,Northeast,10,22,42.0,1,Yes
CUST-03745,2025-03,One year,Standard,0,37.26,Yes,Paid Search,Northeast,9,9,50.9,0,No
CUST-03746,2025-03,Month-to-month,Premium,1,73.37,Yes,Organic,South,1,9,73.5,0,Yes
CUST-03747,2024-06,One year,Basic,0,15.75,Yes,Paid Search,Northeast,18,18,67.9,1,No
CUST-03748,2025-01,One year,Basic,0,11.6,Yes,Sales-Assisted,Midwest,11,11,46.4,0,No
CUST-03749,2023-10,Month-to-month,Standard,1,39.64,No,Paid Search,South,5,26,40.8,1,Yes
CUST-03750,2025-06,Month-to-month,Premium,2,78.33,No,Organic,South,1,6,71.1,0,Yes
CUST-03751,2024-06,One year,Basic,0,15.21,Yes,Paid Search,Northeast,18,18,88.2,0,No
CUST-03752,2025-10,Two year,Standard,2,53.46,Yes,Paid Search,Midwest,2,2,28.7,0,No
CUST-03753,2024-05,One year,Standard,1,42.45,Yes,Referral,West,6,19,90.8,0,Yes
CUST-03754,2025-05,Month-to-month,Basic,1,23.27,Yes,Organic,West,6,7,83.7,0,Yes
CUST-03755,2025-02,One year,Standard,2,53.36,Yes,Organic,South,10,10,77.7,0,No
CUST-03756,2024-02,Month-to-month,Standard,3,59.86,No,Sales-Assisted,Northeast,14,22,92.9,0,Yes
CUST-03757,2025-05,Month-to-month,Basic,1,23.09,Yes,Paid Search,West,7,7,69.2,0,No
CUST-03758,2024-06,Month-to-month,Premium,0,64.85,Yes,Paid Search,Northeast,3,18,65.3,0,Yes
CUST-03759,2025-04,One year,Basic,4,48.98,Yes,Referral,Northeast,4,8,96.7,0,Yes
CUST-03760,2024-10,Month-to-month,Basic,1,23.4,Yes,Organic,Northeast,2,14,76.4,0,Yes
CUST-03761,2024-09,Month-to-month,Premium,1,75.22,No,Referral,Northeast,15,15,56.3,0,No
CUST-03762,2024-03,One year,Standard,3,57.72,Yes,Referral,Midwest,2,21,41.0,0,Yes
CUST-03763,2025-01,Month-to-month,Basic,0,13.53,Yes,Referral,Midwest,11,11,72.7,0,No
CUST-03764,2024-04,Month-to-month,Premium,0,66.49,Yes,Paid Search,South,8,20,79.2,0,Yes
CUST-03765,2025-05,One year,Standard,1,44.1,Yes,Referral,Midwest,1,7,69.7,0,Yes
CUST-03766,2025-06,Month-to-month,Premium,3,88.94,Yes,Organic,South,6,6,65.9,0,No
CUST-03767,2023-08,Month-to-month,Basic,1,22.68,No,Sales-Assisted,Northeast,19,28,74.3,0,Yes
CUST-03768,2025-10,One year,Standard,4,67.45,No,Organic,South,2,2,60.1,0,No
CUST-03769,2023-09,One year,Standard,0,34.72,Yes,Referral,South,2,27,37.6,1,Yes
CUST-03770,2025-11,Two year,Standard,1,40.3,Yes,Paid Search,West,1,1,60.8,0,No
CUST-03771,2025-08,Month-to-month,Standard,3,61.55,Yes,Referral,Northeast,3,4,49.9,1,Yes
CUST-03772,2025-11,One year,Premium,0,68.04,Yes,Organic,South,1,1,32.6,0,No
CUST-03773,2023-07,Month-to-month,Premium,1,74.71,Yes,Paid Search,West,1,29,64.3,0,Yes
CUST-03774,2024-07,Month-to-month,Standard,0,34.96,Yes,Referral,West,6,17,78.8,0,Yes
CUST-03775,2025-11,Month-to-month,Standard,0,34.94,Yes,Organic,West,1,1,80.0,0,No
CUST-03776,2025-06,One year,Basic,2,32.71,Yes,Paid Search,West,6,6,52.6,1,Yes
CUST-03777,2024-03,Month-to-month,Basic,0,14.99,Yes,Paid Search,West,2,21,41.2,1,Yes
CUST-03778,2024-04,One year,Premium,0,68.16,No,Paid Search,South,20,20,50.8,2,No
CUST-03779,2024-08,Month-to-month,Standard,1,43.37,No,Organic,West,16,16,86.8,0,No
CUST-03780,2025-10,Month-to-month,Basic,0,15.59,No,Organic,South,2,2,59.7,0,No
CUST-03781,2023-11,Month-to-month,Basic,1,22.04,No,Sales-Assisted,West,4,25,39.1,0,Yes
CUST-03782,2024-06,Month-to-month,Standard,2,47.47,Yes,Paid Search,Midwest,18,18,95.8,0,No
CUST-03783,2023-09,Two year,Premium,0,67.37,Yes,Paid Search,West,27,27,73.3,0,No
CUST-03784,2025-01,Month-to-month,Premium,0,62.69,Yes,Sales-Assisted,Northeast,11,11,65.2,0,No
CUST-03785,2024-09,Month-to-month,Basic,4,48.03,Yes,Organic,West,15,15,95.3,1,Yes
CUST-03786,2025-02,Two year,Basic,0,18.95,Yes,Organic,South,10,10,90.9,2,No
CUST-03787,2025-06,Month-to-month,Standard,0,35.69,No,Paid Search,Northeast,6,6,78.0,0,No
CUST-03788,2023-11,Two year,Basic,2,30.57,Yes,Referral,West,25,25,78.0,0,No
CUST-03789,2025-10,Month-to-month,Basic,0,13.02,No,Organic,West,2,2,72.4,0,No
CUST-03790,2024-01,One year,Standard,0,35.37,Yes,Paid Search,Northeast,23,23,59.0,1,No
CUST-03791,2024-07,One year,Basic,0,12.82,Yes,Sales-Assisted,Midwest,17,17,76.8,0,No
CUST-03792,2024-06,Two year,Standard,4,67.41,No,Organic,South,13,18,41.6,1,Yes
CUST-03793,2025-10,Two year,Basic,1,22.15,Yes,Paid Search,West,2,2,61.2,0,No
CUST-03794,2023-07,Month-to-month,Basic,0,14.4,No,Organic,Northeast,4,29,53.7,1,Yes
CUST-03795,2024-03,Month-to-month,Premium,0,67.06,Yes,Paid Search,Northeast,11,21,71.6,0,Yes
CUST-03796,2024-01,One year,Basic,2,30.86,Yes,Organic,Northeast,23,23,73.8,0,No
CUST-03797,2024-10,Month-to-month,Standard,1,42.36,Yes,Referral,Midwest,14,14,47.5,0,No
CUST-03798,2025-11,Two year,Standard,0,34.18,Yes,Paid Search,Northeast,1,1,94.4,0,Yes
CUST-03799,2025-07,One year,Standard,0,34.39,No,Paid Search,Northeast,5,5,62.0,0,No
CUST-03800,2024-09,Two year,Basic,0,16.35,Yes,Organic,Midwest,15,15,20.9,0,No
CUST-03801,2025-10,One year,Standard,0,33.9,Yes,Referral,West,2,2,69.3,0,No
CUST-03802,2024-08,One year,Basic,3,37.51,Yes,Paid Search,Midwest,16,16,72.3,1,No
CUST-03803,2024-05,Month-to-month,Basic,0,17.71,No,Referral,South,11,19,75.3,1,Yes
CUST-03804,2024-08,Month-to-month,Basic,1,25.75,No,Referral,Northeast,2,16,100.0,0,Yes
CUST-03805,2025-01,Two year,Standard,0,34.9,Yes,Referral,Midwest,11,11,27.2,1,No
CUST-03806,2023-12,Month-to-month,Standard,1,44.1,Yes,Referral,South,3,24,58.4,1,Yes
CUST-03807,2025-11,Month-to-month,Standard,0,36.11,No,Referral,West,1,1,68.7,0,No
CUST-03808,2025-04,One year,Premium,3,89.03,Yes,Organic,South,8,8,65.0,0,No
CUST-03809,2024-01,Two year,Basic,0,15.59,Yes,Organic,South,23,23,75.3,0,No
CUST-03810,2024-04,Month-to-month,Standard,3,58.61,Yes,Paid Search,West,14,20,46.1,1,Yes
CUST-03811,2025-02,One year,Basic,0,13.36,Yes,Organic,West,10,10,45.6,0,No
CUST-03812,2023-07,Month-to-month,Standard,1,42.81,Yes,Referral,Northeast,29,29,38.7,1,No
CUST-03813,2025-04,Month-to-month,Basic,0,14.94,No,Referral,West,3,8,32.8,2,Yes
CUST-03814,2025-08,Month-to-month,Premium,3,89.81,No,Paid Search,South,4,4,95.2,1,No
CUST-03815,2025-07,Month-to-month,Premium,0,65.02,Yes,Referral,West,5,5,77.4,0,No
CUST-03816,2024-03,Two year,Basic,0,14.76,Yes,Paid Search,Midwest,21,21,72.3,0,No
CUST-03817,2024-03,Month-to-month,Basic,1,23.06,Yes,Referral,South,7,21,88.1,0,Yes
CUST-03818,2024-04,Month-to-month,Standard,1,40.87,Yes,Organic,Northeast,20,20,48.0,0,No
CUST-03819,2023-12,One year,Standard,2,52.63,No,Referral,West,24,24,72.6,0,No
CUST-03820,2024-11,Month-to-month,Standard,0,34.73,No,Referral,South,13,13,91.4,0,No
CUST-03821,2025-07,One year,Standard,0,35.39,Yes,Referral,South,5,5,32.8,2,No
CUST-03822,2023-09,One year,Standard,2,49.28,No,Organic,Midwest,27,27,92.8,1,No
CUST-03823,2025-04,One year,Standard,1,46.92,Yes,Sales-Assisted,Midwest,8,8,62.7,0,No
CUST-03824,2025-09,Month-to-month,Basic,4,43.68,Yes,Paid Search,West,3,3,19.0,2,No
CUST-03825,2024-11,Month-to-month,Basic,1,24.14,Yes,Organic,Midwest,8,13,42.7,1,Yes
CUST-03826,2025-03,One year,Standard,3,57.68,Yes,Paid Search,West,9,9,93.2,0,No
CUST-03827,2023-09,One year,Standard,4,67.03,Yes,Paid Search,Midwest,12,27,83.3,0,Yes
CUST-03828,2024-01,One year,Standard,1,41.46,No,Organic,South,23,23,34.0,2,No
CUST-03829,2025-03,Month-to-month,Standard,0,35.28,No,Sales-Assisted,South,7,9,65.8,0,Yes
CUST-03830,2023-10,Month-to-month,Premium,1,70.02,Yes,Referral,West,7,26,67.5,0,Yes
CUST-03831,2023-12,Month-to-month,Premium,3,85.37,No,Paid Search,West,24,24,77.4,0,No
CUST-03832,2023-12,One year,Standard,1,43.04,Yes,Paid Search,South,24,24,54.6,1,No
CUST-03833,2024-09,Month-to-month,Standard,2,51.82,Yes,Paid Search,South,3,15,66.6,0,Yes
CUST-03834,2025-02,One year,Basic,1,24.36,Yes,Referral,Midwest,10,10,73.9,0,No
CUST-03835,2023-10,Month-to-month,Standard,3,60.12,Yes,Referral,West,6,26,36.8,2,Yes
CUST-03836,2024-10,Two year,Premium,4,96.43,Yes,Organic,South,14,14,47.8,0,No
CUST-03837,2023-09,One year,Premium,2,80.45,No,Organic,South,27,27,95.8,0,No
CUST-03838,2025-04,Month-to-month,Basic,0,15.33,No,Organic,Northeast,8,8,64.1,0,No
CUST-03839,2025-08,Month-to-month,Standard,0,32.47,No,Organic,South,4,4,35.6,0,No
CUST-03840,2023-12,One year,Basic,0,17.84,No,Organic,Northeast,24,24,88.7,0,No
CUST-03841,2024-07,Month-to-month,Basic,1,22.79,No,Organic,Midwest,17,17,80.4,0,No
CUST-03842,2023-09,One year,Standard,2,48.27,No,Paid Search,West,27,27,35.0,2,No
CUST-03843,2024-08,Two year,Premium,1,76.71,Yes,Referral,Midwest,16,16,61.8,0,No
CUST-03844,2024-05,Two year,Basic,3,39.84,No,Organic,South,14,19,76.1,0,Yes
CUST-03845,2024-12,Month-to-month,Basic,2,32.67,Yes,Paid Search,West,7,12,67.2,0,Yes
CUST-03846,2025-07,Month-to-month,Premium,0,64.93,Yes,Referral,Midwest,5,5,75.0,0,No
CUST-03847,2024-10,Two year,Standard,3,61.16,No,Paid Search,West,14,14,77.1,0,No
CUST-03848,2024-05,Two year,Basic,2,30.93,Yes,Referral,Midwest,19,19,54.3,1,No
CUST-03849,2024-01,One year,Premium,0,65.49,Yes,Paid Search,West,23,23,80.0,0,No
CUST-03850,2023-11,One year,Premium,2,82.14,Yes,Paid Search,Midwest,25,25,87.1,0,No
CUST-03851,2025-04,Two year,Basic,1,21.56,No,Sales-Assisted,Midwest,8,8,59.8,0,No
CUST-03852,2023-10,Month-to-month,Basic,1,21.83,Yes,Organic,Midwest,12,26,64.8,0,Yes
CUST-03853,2024-09,Month-to-month,Basic,0,18.16,No,Organic,West,4,15,50.4,0,Yes
CUST-03854,2024-09,Two year,Basic,1,24.35,No,Referral,West,15,15,69.8,0,No
CUST-03855,2023-08,Month-to-month,Standard,2,50.63,Yes,Referral,Midwest,28,28,54.3,0,No
CUST-03856,2024-03,One year,Basic,1,22.71,Yes,Organic,South,21,21,43.0,2,No
CUST-03857,2024-04,Month-to-month,Basic,3,42.3,No,Sales-Assisted,South,20,20,85.8,0,No
CUST-03858,2024-02,Two year,Basic,0,12.68,Yes,Organic,South,22,22,75.2,0,No
CUST-03859,2024-04,Month-to-month,Standard,0,40.15,No,Organic,West,3,20,45.1,1,Yes
CUST-03860,2025-03,One year,Basic,0,16.72,No,Organic,West,9,9,80.9,0,No
CUST-03861,2023-12,Month-to-month,Standard,0,36.2,No,Paid Search,Midwest,8,24,76.3,0,Yes
CUST-03862,2024-03,Month-to-month,Basic,0,14.84,Yes,Paid Search,South,21,21,70.7,0,No
CUST-03863,2024-06,Two year,Basic,0,13.49,Yes,Sales-Assisted,Northeast,18,18,38.4,3,No
CUST-03864,2024-08,One year,Basic,0,18.43,Yes,Organic,Midwest,4,16,44.1,0,Yes
CUST-03865,2023-09,Month-to-month,Standard,0,36.14,Yes,Referral,South,27,27,88.7,0,No
CUST-03866,2024-08,Two year,Standard,2,51.48,Yes,Organic,Midwest,3,16,100.0,0,Yes
CUST-03867,2024-05,Month-to-month,Basic,3,38.13,No,Paid Search,Northeast,12,19,84.7,0,Yes
CUST-03868,2024-12,Month-to-month,Premium,4,96.49,Yes,Sales-Assisted,West,4,12,52.5,1,Yes
CUST-03869,2023-09,One year,Basic,1,23.01,Yes,Organic,West,27,27,34.8,0,No
CUST-03870,2024-11,One year,Premium,0,65.21,Yes,Organic,Midwest,13,13,42.1,1,No
CUST-03871,2024-03,Month-to-month,Premium,4,97.91,Yes,Organic,South,6,21,88.4,0,Yes
CUST-03872,2024-12,Month-to-month,Basic,2,29.51,No,Referral,Midwest,12,12,92.8,0,No
CUST-03873,2025-02,One year,Basic,0,12.68,Yes,Referral,West,10,10,81.8,0,No
CUST-03874,2024-04,Two year,Premium,2,82.83,Yes,Organic,Midwest,7,20,75.4,0,Yes
CUST-03875,2024-01,One year,Standard,2,53.27,Yes,Organic,West,23,23,68.7,0,No
CUST-03876,2024-08,Month-to-month,Basic,1,22.09,No,Organic,Midwest,1,16,65.7,0,Yes
CUST-03877,2023-11,Month-to-month,Standard,0,37.3,Yes,Organic,South,25,25,82.2,0,No
CUST-03878,2024-07,Month-to-month,Standard,0,35.23,No,Referral,Midwest,12,17,50.5,0,Yes
CUST-03879,2024-10,One year,Standard,3,57.57,Yes,Paid Search,Northeast,14,14,50.6,0,No
CUST-03880,2025-05,Month-to-month,Basic,0,18.76,Yes,Organic,Northeast,7,7,63.6,0,No
CUST-03881,2023-10,Two year,Premium,0,68.94,Yes,Organic,South,26,26,74.5,0,No
CUST-03882,2024-03,One year,Standard,0,36.17,Yes,Organic,South,21,21,57.8,1,No
CUST-03883,2023-11,Month-to-month,Basic,2,31.12,No,Organic,West,3,25,55.3,0,Yes
CUST-03884,2024-11,Month-to-month,Standard,1,42.8,Yes,Organic,Midwest,13,13,54.3,0,No
CUST-03885,2023-07,Month-to-month,Standard,0,36.57,No,Referral,West,1,29,64.9,0,Yes
CUST-03886,2025-09,One year,Premium,0,63.95,Yes,Organic,Midwest,3,3,72.6,0,No
CUST-03887,2025-11,Month-to-month,Basic,1,22.1,No,Referral,Midwest,1,1,54.5,0,Yes
CUST-03888,2024-12,Two year,Premium,0,62.62,Yes,Paid Search,West,12,12,26.7,0,No
CUST-03889,2024-09,Month-to-month,Basic,1,22.56,Yes,Sales-Assisted,West,15,15,75.7,0,No
CUST-03890,2025-05,One year,Premium,2,83.22,Yes,Referral,Midwest,7,7,41.4,0,No
CUST-03891,2025-03,Two year,Premium,2,80.7,Yes,Organic,South,9,9,74.8,0,No
CUST-03892,2024-03,One year,Basic,1,21.28,Yes,Paid Search,West,21,21,68.1,0,No
CUST-03893,2023-07,One year,Basic,2,31.03,No,Organic,Northeast,29,29,63.2,1,No
CUST-03894,2025-08,One year,Premium,2,82.88,Yes,Sales-Assisted,Midwest,4,4,59.7,1,No
CUST-03895,2024-01,One year,Basic,3,37.13,Yes,Paid Search,Midwest,23,23,77.6,0,No
CUST-03896,2025-10,One year,Premium,2,82.57,Yes,Paid Search,Midwest,2,2,66.0,0,No
CUST-03897,2024-07,Two year,Basic,0,12.86,Yes,Paid Search,Midwest,6,17,46.6,0,Yes
CUST-03898,2025-01,Two year,Basic,1,20.96,Yes,Paid Search,Northeast,11,11,85.3,0,No
CUST-03899,2025-02,Month-to-month,Basic,4,47.16,Yes,Paid Search,South,10,10,54.0,1,No
CUST-03900,2025-09,Month-to-month,Basic,0,18.86,No,Sales-Assisted,Midwest,3,3,35.6,0,No
CUST-03901,2023-10,Two year,Premium,1,72.43,Yes,Organic,Northeast,26,26,14.8,6,No
CUST-03902,2024-06,Month-to-month,Basic,2,28.85,No,Paid Search,Midwest,18,18,81.5,0,No
CUST-03903,2025-10,Two year,Basic,3,39.05,Yes,Paid Search,West,2,2,97.4,0,No
CUST-03904,2025-10,Month-to-month,Basic,0,18.23,Yes,Organic,South,2,2,76.2,0,No
CUST-03905,2024-12,Month-to-month,Premium,0,66.74,No,Organic,West,4,12,74.5,0,Yes
CUST-03906,2025-09,Month-to-month,Standard,0,33.91,Yes,Organic,Northeast,3,3,62.2,0,No
CUST-03907,2024-02,One year,Basic,3,37.53,Yes,Sales-Assisted,South,22,22,58.0,0,No
CUST-03908,2025-02,Month-to-month,Basic,1,23.45,Yes,Sales-Assisted,Northeast,10,10,85.3,0,No
CUST-03909,2023-11,Month-to-month,Premium,0,64.37,Yes,Paid Search,Northeast,25,25,59.0,0,No
CUST-03910,2025-02,One year,Standard,1,43.87,Yes,Referral,Midwest,2,10,64.4,0,Yes
CUST-03911,2024-09,One year,Basic,0,14.13,Yes,Organic,West,5,15,28.7,1,Yes
CUST-03912,2025-08,Month-to-month,Premium,0,66.12,Yes,Organic,Midwest,4,4,43.6,0,No
CUST-03913,2024-05,One year,Standard,0,34.26,Yes,Paid Search,Midwest,19,19,64.7,1,No
CUST-03914,2024-02,Month-to-month,Standard,0,32.73,Yes,Referral,South,3,22,68.9,0,Yes
CUST-03915,2023-07,Month-to-month,Standard,1,43.37,No,Organic,West,26,29,76.6,0,Yes
CUST-03916,2023-12,Month-to-month,Standard,0,37.03,Yes,Paid Search,West,12,24,66.5,0,Yes
CUST-03917,2024-01,Month-to-month,Basic,3,39.17,No,Sales-Assisted,South,23,23,63.2,1,No
CUST-03918,2024-11,Month-to-month,Basic,1,20.65,No,Sales-Assisted,Northeast,1,13,46.0,0,Yes
CUST-03919,2025-06,Month-to-month,Basic,1,22.19,Yes,Paid Search,Midwest,6,6,82.1,0,No
CUST-03920,2024-06,One year,Standard,0,38.28,Yes,Organic,West,18,18,73.2,1,No
CUST-03921,2024-09,One year,Premium,1,70.42,Yes,Paid Search,Northeast,12,15,22.4,1,Yes
CUST-03922,2025-06,Month-to-month,Basic,1,23.53,No,Organic,West,4,6,68.5,0,Yes
CUST-03923,2024-05,One year,Premium,0,61.33,No,Referral,West,19,19,34.8,1,No
CUST-03924,2023-11,Month-to-month,Standard,3,57.18,No,Paid Search,South,25,25,86.1,0,No
CUST-03925,2025-09,One year,Standard,1,44.38,Yes,Sales-Assisted,South,1,3,83.8,0,Yes
CUST-03926,2025-10,Month-to-month,Standard,0,35.88,No,Sales-Assisted,South,2,2,89.0,0,No
CUST-03927,2023-12,Two year,Standard,0,35.13,No,Paid Search,Midwest,24,24,74.5,1,No
CUST-03928,2025-04,Two year,Premium,2,80.7,Yes,Paid Search,Northeast,8,8,67.5,0,No
CUST-03929,2023-10,Two year,Basic,4,46.51,Yes,Referral,West,26,26,40.4,1,No
CUST-03930,2024-06,Two year,Basic,0,13.27,Yes,Paid Search,South,18,18,45.0,0,No
CUST-03931,2024-05,Month-to-month,Basic,1,22.94,Yes,Paid Search,South,19,19,66.4,0,No
CUST-03932,2025-09,One year,Basic,0,15.65,Yes,Referral,South,3,3,66.7,0,No
CUST-03933,2024-04,One year,Premium,0,65.42,Yes,Organic,South,9,20,56.7,1,Yes
CUST-03934,2024-08,Month-to-month,Standard,2,48.77,No,Referral,Northeast,3,16,81.8,0,Yes
CUST-03935,2025-06,Month-to-month,Basic,1,24.95,No,Organic,Northeast,6,6,76.1,0,No
CUST-03936,2024-05,Month-to-month,Basic,1,20.35,No,Paid Search,South,4,19,46.0,2,Yes
CUST-03937,2025-05,Month-to-month,Standard,2,52.54,No,Organic,West,7,7,70.3,0,No
CUST-03938,2024-12,One year,Basic,1,22.27,No,Referral,Midwest,10,12,53.1,0,Yes
CUST-03939,2025-03,Month-to-month,Basic,2,30.27,Yes,Sales-Assisted,West,9,9,68.3,1,No
CUST-03940,2023-11,Month-to-month,Basic,2,27.13,Yes,Organic,South,4,25,74.5,0,Yes
CUST-03941,2025-03,Month-to-month,Premium,2,81.07,Yes,Organic,Midwest,6,9,81.5,0,Yes
CUST-03942,2025-01,Two year,Basic,0,16.99,Yes,Paid Search,Midwest,11,11,79.1,0,No
CUST-03943,2025-04,One year,Premium,1,73.08,Yes,Sales-Assisted,South,8,8,73.5,0,No
CUST-03944,2024-12,One year,Basic,4,46.01,No,Organic,West,12,12,90.7,0,No
CUST-03945,2024-03,One year,Basic,2,29.97,Yes,Referral,South,21,21,75.5,0,No
CUST-03946,2023-12,Month-to-month,Basic,0,14.34,Yes,Sales-Assisted,Midwest,6,24,55.2,0,Yes
CUST-03947,2025-02,Month-to-month,Standard,0,32.81,Yes,Referral,South,10,10,73.6,0,No
CUST-03948,2023-12,Month-to-month,Basic,2,32.18,No,Referral,West,24,24,66.3,0,No
CUST-03949,2025-02,Month-to-month,Premium,0,65.68,No,Sales-Assisted,Northeast,3,10,68.9,0,Yes
CUST-03950,2023-08,Month-to-month,Basic,3,42.54,No,Paid Search,Northeast,28,28,96.9,0,No
CUST-03951,2025-10,Month-to-month,Standard,0,36.79,Yes,Paid Search,West,2,2,55.7,0,No
CUST-03952,2025-09,Month-to-month,Standard,2,49.33,Yes,Organic,South,3,3,40.1,0,No
CUST-03953,2025-06,Month-to-month,Basic,0,12.11,Yes,Paid Search,Northeast,5,6,44.4,0,Yes
CUST-03954,2024-07,One year,Basic,0,17.88,Yes,Paid Search,West,17,17,64.4,0,No
CUST-03955,2023-09,Month-to-month,Standard,2,51.53,Yes,Paid Search,Northeast,5,27,29.8,0,Yes
CUST-03956,2025-11,Month-to-month,Standard,0,34.14,No,Referral,Northeast,1,1,51.1,0,No
CUST-03957,2023-09,Month-to-month,Standard,4,64.79,Yes,Organic,Northeast,9,27,47.8,0,Yes
CUST-03958,2024-11,One year,Standard,0,36.92,Yes,Organic,West,13,13,63.7,0,No
CUST-03959,2025-05,One year,Basic,3,42.03,No,Paid Search,Midwest,7,7,56.0,0,No
CUST-03960,2024-03,Month-to-month,Premium,2,82.09,Yes,Sales-Assisted,Midwest,1,21,52.6,0,Yes
CUST-03961,2024-05,Two year,Basic,0,12.36,Yes,Referral,West,19,19,59.7,0,No
CUST-03962,2024-01,Two year,Standard,0,36.89,Yes,Paid Search,West,4,23,67.5,1,Yes
CUST-03963,2023-10,Month-to-month,Basic,0,15.16,No,Sales-Assisted,Northeast,2,26,76.8,0,Yes
CUST-03964,2025-06,One year,Standard,1,40.49,No,Organic,South,6,6,54.8,0,No
CUST-03965,2025-09,Month-to-month,Basic,0,14.46,No,Sales-Assisted,South,3,3,58.0,0,No
CUST-03966,2024-10,Month-to-month,Standard,0,35.48,Yes,Sales-Assisted,Northeast,8,14,34.5,2,Yes
CUST-03967,2025-05,One year,Standard,1,42.21,Yes,Referral,South,7,7,71.4,0,No
CUST-03968,2025-08,Two year,Premium,1,69.09,Yes,Organic,West,4,4,78.6,0,No
CUST-03969,2024-01,Two year,Premium,1,72.0,Yes,Referral,Northeast,23,23,65.7,0,No
CUST-03970,2024-08,Month-to-month,Basic,1,21.37,No,Referral,Northeast,16,16,47.7,1,No
CUST-03971,2024-03,One year,Standard,2,52.65,Yes,Referral,Midwest,1,21,51.6,0,Yes
CUST-03972,2024-09,One year,Basic,1,22.38,Yes,Sales-Assisted,West,15,15,65.9,0,No
CUST-03973,2023-07,Month-to-month,Basic,0,10.46,No,Organic,West,6,29,66.8,0,Yes
CUST-03974,2023-07,Month-to-month,Basic,0,13.48,Yes,Organic,South,7,29,46.9,0,Yes
CUST-03975,2025-10,Month-to-month,Standard,0,36.86,Yes,Referral,Northeast,2,2,56.7,0,No
CUST-03976,2024-06,Month-to-month,Standard,0,36.03,No,Sales-Assisted,West,18,18,76.6,0,No
CUST-03977,2023-10,Month-to-month,Standard,1,40.47,Yes,Paid Search,West,2,26,58.9,0,Yes
CUST-03978,2024-03,Two year,Premium,0,63.02,Yes,Organic,South,21,21,64.5,0,No
CUST-03979,2024-11,One year,Basic,2,29.66,No,Paid Search,Midwest,13,13,59.2,0,No
CUST-03980,2025-09,Month-to-month,Standard,0,37.69,Yes,Organic,West,3,3,50.8,0,No
CUST-03981,2024-06,Two year,Standard,0,35.74,Yes,Paid Search,Northeast,18,18,70.5,0,No
CUST-03982,2024-06,Month-to-month,Basic,1,20.54,Yes,Paid Search,Northeast,1,18,70.5,0,Yes
CUST-03983,2024-04,Month-to-month,Premium,3,88.54,No,Paid Search,South,14,20,81.1,0,Yes
CUST-03984,2025-01,Month-to-month,Standard,2,48.76,No,Referral,Northeast,4,11,57.2,0,Yes
CUST-03985,2025-04,One year,Basic,0,15.21,Yes,Sales-Assisted,West,8,8,45.5,1,No
CUST-03986,2024-07,Month-to-month,Standard,1,42.31,Yes,Organic,Northeast,5,17,74.3,0,Yes
CUST-03987,2024-07,Month-to-month,Basic,2,29.56,Yes,Paid Search,South,1,17,46.6,0,Yes
CUST-03988,2025-03,Month-to-month,Standard,2,52.59,No,Organic,South,5,9,45.9,0,Yes
CUST-03989,2024-08,Month-to-month,Standard,3,58.46,No,Paid Search,South,16,16,57.7,0,No
CUST-03990,2025-03,One year,Basic,4,43.48,Yes,Organic,West,9,9,42.2,1,No
CUST-03991,2024-12,Month-to-month,Basic,1,24.39,No,Referral,Midwest,12,12,57.4,0,No
CUST-03992,2024-04,Two year,Standard,2,49.26,No,Paid Search,South,20,20,61.1,0,No
CUST-03993,2023-12,One year,Basic,1,21.5,Yes,Organic,Northeast,24,24,78.2,1,No
CUST-03994,2024-11,Month-to-month,Basic,1,23.22,No,Organic,West,13,13,69.1,0,Yes
CUST-03995,2024-08,Month-to-month,Premium,2,78.8,No,Organic,Northeast,10,16,29.5,0,Yes
CUST-03996,2024-07,Month-to-month,Standard,3,59.12,Yes,Sales-Assisted,South,17,17,51.6,1,No
CUST-03997,2025-03,One year,Standard,2,45.85,Yes,Sales-Assisted,Midwest,9,9,84.3,0,No
CUST-03998,2024-01,Month-to-month,Basic,1,21.16,Yes,Organic,Midwest,16,23,61.5,0,Yes
CUST-03999,2025-07,Month-to-month,Premium,1,77.09,Yes,Organic,South,5,5,59.6,0,No
CUST-04000,2025-10,Month-to-month,Basic,2,31.54,Yes,Paid Search,West,1,2,84.5,0,Yes
CUST-04001,2025-07,One year,Standard,0,35.99,Yes,Sales-Assisted,South,5,5,47.8,1,No
CUST-04002,2025-07,Month-to-month,Basic,1,22.67,No,Organic,South,5,5,62.9,0,No
CUST-04003,2023-12,Two year,Standard,1,42.87,Yes,Paid Search,West,24,24,55.8,0,No
CUST-04004,2025-02,One year,Basic,3,37.16,Yes,Organic,Northeast,10,10,59.9,0,No
CUST-04005,2024-09,Month-to-month,Standard,1,42.66,No,Paid Search,West,5,15,49.4,0,Yes
CUST-04006,2025-10,Month-to-month,Standard,2,47.04,Yes,Organic,South,2,2,78.4,1,No
CUST-04007,2023-08,Month-to-month,Premium,2,82.14,Yes,Paid Search,South,19,28,89.6,0,Yes
CUST-04008,2025-08,Month-to-month,Standard,2,50.23,No,Referral,West,4,4,86.1,0,No
CUST-04009,2024-11,Month-to-month,Basic,1,24.0,No,Organic,West,13,13,37.5,1,No
CUST-04010,2023-11,Two year,Standard,3,59.06,Yes,Organic,Northeast,1,25,25.4,2,Yes
CUST-04011,2023-09,Month-to-month,Basic,1,21.8,Yes,Referral,South,27,27,64.8,0,No
CUST-04012,2025-08,One year,Standard,0,34.73,No,Organic,South,4,4,82.6,0,No
CUST-04013,2024-12,Month-to-month,Basic,1,20.47,No,Referral,West,5,12,74.1,0,Yes
CUST-04014,2024-09,One year,Basic,0,16.44,Yes,Paid Search,South,12,15,48.7,1,Yes
CUST-04015,2024-12,Month-to-month,Standard,2,52.21,Yes,Sales-Assisted,Northeast,12,12,53.6,0,No
CUST-04016,2024-10,One year,Standard,2,51.28,Yes,Organic,Midwest,2,14,83.5,0,Yes
CUST-04017,2024-11,Month-to-month,Basic,0,12.41,No,Referral,West,13,13,83.7,0,No
CUST-04018,2024-08,Month-to-month,Standard,3,61.02,No,Referral,South,16,16,72.6,0,Yes
CUST-04019,2025-08,Month-to-month,Basic,1,21.41,No,Sales-Assisted,Northeast,4,4,79.1,0,No
CUST-04020,2025-08,One year,Standard,0,34.34,Yes,Paid Search,South,4,4,49.9,0,No
CUST-04021,2025-06,One year,Premium,3,87.94,No,Organic,West,6,6,89.1,0,No
CUST-04022,2025-03,One year,Premium,0,65.24,No,Referral,Midwest,9,9,67.3,0,No
CUST-04023,2024-04,One year,Basic,0,15.43,Yes,Sales-Assisted,West,20,20,77.1,0,No
CUST-04024,2024-03,Month-to-month,Basic,0,13.56,No,Organic,West,2,21,55.2,0,Yes
CUST-04025,2025-01,Month-to-month,Standard,0,37.83,Yes,Organic,West,11,11,74.8,0,No
CUST-04026,2025-06,Month-to-month,Basic,0,12.72,No,Organic,South,6,6,68.8,0,No
CUST-04027,2025-11,Month-to-month,Basic,0,16.48,Yes,Sales-Assisted,Northeast,1,1,72.3,0,No
CUST-04028,2024-11,Month-to-month,Premium,2,80.01,Yes,Sales-Assisted,Midwest,7,13,86.8,0,Yes
CUST-04029,2024-05,Month-to-month,Basic,3,37.76,No,Organic,Midwest,3,19,47.3,2,Yes
CUST-04030,2024-03,One year,Basic,2,31.6,Yes,Paid Search,Midwest,21,21,63.9,0,No
CUST-04031,2024-06,Month-to-month,Premium,1,74.02,Yes,Organic,South,18,18,44.3,1,No
CUST-04032,2025-04,Month-to-month,Basic,1,24.5,Yes,Organic,Midwest,6,8,77.2,0,Yes
CUST-04033,2024-03,Month-to-month,Basic,1,21.08,Yes,Paid Search,West,9,21,62.8,0,Yes
CUST-04034,2025-08,Two year,Basic,1,22.41,Yes,Referral,Northeast,4,4,63.8,0,No
CUST-04035,2025-01,Month-to-month,Basic,2,31.8,Yes,Paid Search,Midwest,11,11,77.4,0,No
CUST-04036,2025-11,Month-to-month,Basic,1,22.52,Yes,Sales-Assisted,South,1,1,77.7,0,No
CUST-04037,2025-10,Month-to-month,Standard,1,42.34,Yes,Referral,South,2,2,83.5,0,No
CUST-04038,2023-07,One year,Premium,0,66.4,Yes,Organic,South,29,29,71.0,0,No
CUST-04039,2024-10,One year,Basic,4,48.51,Yes,Paid Search,West,14,14,49.4,0,No
CUST-04040,2025-11,Month-to-month,Basic,1,23.31,Yes,Organic,South,1,1,52.3,0,No
CUST-04041,2024-03,Month-to-month,Premium,1,70.33,No,Sales-Assisted,West,3,21,72.0,0,Yes
CUST-04042,2025-05,Month-to-month,Standard,1,39.85,Yes,Organic,West,7,7,66.2,0,No
CUST-04043,2023-09,Two year,Standard,3,57.37,No,Referral,Northeast,27,27,73.8,0,No
CUST-04044,2024-02,One year,Basic,0,15.81,No,Organic,Northeast,11,22,55.8,0,Yes
CUST-04045,2025-09,One year,Premium,4,98.09,Yes,Organic,West,3,3,44.5,1,No
CUST-04046,2025-08,Month-to-month,Premium,1,78.92,No,Paid Search,Midwest,4,4,67.5,1,No
CUST-04047,2025-11,One year,Premium,2,83.15,Yes,Paid Search,Northeast,1,1,85.3,0,No
CUST-04048,2025-09,Month-to-month,Standard,0,34.95,No,Referral,Northeast,3,3,69.4,0,No
CUST-04049,2024-02,Month-to-month,Standard,1,42.11,No,Organic,South,1,22,81.1,0,Yes
CUST-04050,2024-01,Month-to-month,Premium,2,80.24,No,Paid Search,Northeast,3,23,78.9,0,Yes
CUST-04051,2023-11,Month-to-month,Standard,1,44.42,No,Paid Search,West,1,25,58.3,0,Yes
CUST-04052,2023-08,One year,Standard,0,34.54,Yes,Organic,Midwest,28,28,69.5,1,No
CUST-04053,2024-11,Two year,Basic,0,14.55,Yes,Paid Search,South,13,13,52.9,0,No
CUST-04054,2023-07,Two year,Basic,2,30.75,No,Organic,Northeast,10,29,97.9,0,Yes
CUST-04055,2023-12,One year,Premium,3,90.43,Yes,Organic,Midwest,2,24,86.0,0,Yes
CUST-04056,2024-04,Month-to-month,Basic,2,30.35,Yes,Organic,South,4,20,72.7,0,Yes
CUST-04057,2024-01,One year,Basic,3,35.32,Yes,Referral,Midwest,23,23,96.8,0,No
CUST-04058,2024-07,Two year,Premium,1,76.41,No,Paid Search,Northeast,17,17,62.8,0,No
CUST-04059,2025-09,Month-to-month,Basic,1,19.96,Yes,Sales-Assisted,West,3,3,79.7,0,No
CUST-04060,2024-06,One year,Basic,2,32.14,No,Paid Search,South,18,18,78.3,0,No
CUST-04061,2024-08,Month-to-month,Premium,0,66.63,Yes,Sales-Assisted,Northeast,8,16,48.4,0,Yes
CUST-04062,2024-02,Month-to-month,Standard,1,45.18,No,Referral,Northeast,1,22,65.4,0,Yes
CUST-04063,2023-09,Month-to-month,Basic,1,22.68,Yes,Sales-Assisted,Northeast,1,27,65.2,0,Yes
CUST-04064,2025-03,Two year,Standard,0,34.84,Yes,Referral,West,9,9,72.8,0,No
CUST-04065,2024-09,Two year,Standard,0,35.3,Yes,Organic,South,15,15,89.5,0,No
CUST-04066,2024-03,Month-to-month,Basic,2,30.93,Yes,Referral,Northeast,1,21,78.0,0,Yes
CUST-04067,2024-08,One year,Basic,2,30.34,Yes,Organic,South,14,16,31.8,0,Yes
CUST-04068,2024-05,One year,Basic,0,13.73,Yes,Referral,Midwest,19,19,54.8,0,No
CUST-04069,2024-11,Month-to-month,Standard,1,46.87,Yes,Referral,Northeast,13,13,54.3,0,No
CUST-04070,2025-10,Month-to-month,Basic,1,21.18,Yes,Organic,Northeast,2,2,42.8,0,Yes
CUST-04071,2025-04,One year,Basic,4,43.15,Yes,Referral,Midwest,8,8,69.7,0,No
CUST-04072,2023-12,Month-to-month,Basic,1,18.93,Yes,Sales-Assisted,South,22,24,67.2,0,Yes
CUST-04073,2023-09,Month-to-month,Standard,2,50.81,Yes,Paid Search,Midwest,2,27,59.2,1,Yes
CUST-04074,2024-07,Month-to-month,Basic,2,29.91,No,Paid Search,Northeast,4,17,74.3,0,Yes
CUST-04075,2024-05,Month-to-month,Standard,1,38.77,Yes,Sales-Assisted,Northeast,4,19,35.8,1,Yes
CUST-04076,2025-04,One year,Standard,1,40.53,No,Organic,South,8,8,43.7,1,No
CUST-04077,2024-06,Month-to-month,Premium,4,95.4,No,Paid Search,South,18,18,59.1,0,No
CUST-04078,2024-02,One year,Standard,0,32.29,No,Organic,South,6,22,90.8,0,Yes
CUST-04079,2024-11,Month-to-month,Basic,0,13.88,Yes,Paid Search,West,6,13,70.2,0,Yes
CUST-04080,2025-04,Month-to-month,Basic,1,24.05,Yes,Paid Search,Northeast,8,8,75.7,0,No
CUST-04081,2025-04,Month-to-month,Standard,0,38.22,No,Organic,Northeast,6,8,84.9,0,Yes
CUST-04082,2024-10,One year,Premium,2,79.52,Yes,Referral,West,14,14,64.2,0,No
CUST-04083,2025-07,Month-to-month,Standard,2,50.61,Yes,Sales-Assisted,South,5,5,33.2,1,No
CUST-04084,2024-03,One year,Standard,1,41.84,Yes,Paid Search,South,21,21,63.6,0,No
CUST-04085,2023-07,Month-to-month,Standard,2,50.4,No,Sales-Assisted,West,29,29,64.2,0,No
CUST-04086,2024-12,One year,Basic,3,42.67,Yes,Sales-Assisted,Northeast,12,12,51.1,0,No
CUST-04087,2025-05,Month-to-month,Standard,1,40.84,Yes,Organic,West,6,7,73.2,0,Yes
CUST-04088,2024-08,One year,Standard,0,38.33,Yes,Sales-Assisted,West,16,16,79.5,0,No
CUST-04089,2023-11,One year,Premium,3,89.07,Yes,Paid Search,West,20,25,30.2,0,Yes
CUST-04090,2023-10,Month-to-month,Basic,1,22.53,No,Referral,West,2,26,39.6,0,Yes
CUST-04091,2025-10,Month-to-month,Basic,0,16.26,No,Sales-Assisted,South,2,2,93.0,0,No
CUST-04092,2024-01,Month-to-month,Basic,1,23.79,Yes,Sales-Assisted,West,1,23,59.0,1,Yes
CUST-04093,2024-05,Month-to-month,Basic,3,36.69,Yes,Organic,South,19,19,47.9,2,Yes
CUST-04094,2024-11,Month-to-month,Standard,1,43.21,Yes,Paid Search,Northeast,2,13,85.7,0,Yes
CUST-04095,2025-11,Two year,Standard,1,42.08,Yes,Referral,Midwest,1,1,81.2,0,No
CUST-04096,2024-05,Month-to-month,Standard,1,46.93,Yes,Paid Search,West,5,19,79.1,0,Yes
CUST-04097,2025-07,Two year,Premium,2,79.0,No,Organic,Northeast,5,5,42.9,0,No
CUST-04098,2024-08,Month-to-month,Premium,2,80.51,No,Organic,South,16,16,67.8,1,No
CUST-04099,2025-03,One year,Premium,0,67.0,No,Organic,Midwest,5,9,53.9,0,Yes
CUST-04100,2023-11,One year,Basic,2,32.98,No,Paid Search,Northeast,25,25,52.0,1,No
CUST-04101,2023-08,Two year,Basic,0,18.23,Yes,Sales-Assisted,Northeast,28,28,51.0,0,No
CUST-04102,2025-10,One year,Basic,1,23.55,Yes,Paid Search,South,2,2,45.7,1,No
CUST-04103,2024-04,Month-to-month,Basic,1,28.32,Yes,Organic,Midwest,7,20,35.9,2,Yes
CUST-04104,2024-07,Month-to-month,Basic,1,23.63,Yes,Organic,Northeast,3,17,60.5,1,Yes
CUST-04105,2025-02,Two year,Standard,0,37.45,Yes,Sales-Assisted,West,10,10,64.9,0,No
CUST-04106,2023-11,Month-to-month,Standard,0,36.38,Yes,Paid Search,West,1,25,69.5,0,Yes
CUST-04107,2024-07,One year,Basic,4,44.45,Yes,Organic,Northeast,17,17,35.3,0,No
CUST-04108,2023-07,One year,Basic,2,29.91,Yes,Referral,Northeast,29,29,62.2,0,No
CUST-04109,2024-11,Month-to-month,Premium,2,78.68,No,Paid Search,Midwest,5,13,61.9,1,Yes
CUST-04110,2025-06,Month-to-month,Basic,0,14.64,Yes,Paid Search,West,6,6,64.4,0,No
CUST-04111,2023-09,Month-to-month,Basic,0,16.91,Yes,Paid Search,South,8,27,62.6,1,Yes
CUST-04112,2025-11,One year,Basic,4,47.47,Yes,Paid Search,West,1,1,48.5,0,No
CUST-04113,2024-03,Month-to-month,Premium,2,82.37,Yes,Paid Search,Northeast,21,21,62.3,2,No
CUST-04114,2023-11,Two year,Standard,0,34.18,Yes,Referral,West,6,25,74.2,0,Yes
CUST-04115,2023-12,Month-to-month,Standard,0,35.95,Yes,Referral,Northeast,24,24,71.6,0,No
CUST-04116,2025-04,Month-to-month,Basic,2,29.53,No,Organic,South,5,8,51.5,1,Yes
CUST-04117,2023-10,Month-to-month,Basic,1,24.39,Yes,Paid Search,Northeast,6,26,64.5,0,Yes
CUST-04118,2025-04,One year,Standard,3,57.4,Yes,Paid Search,Midwest,8,8,71.1,0,No
CUST-04119,2024-02,Two year,Standard,3,59.53,Yes,Referral,Midwest,22,22,57.4,0,No
CUST-04120,2024-08,One year,Basic,0,17.42,No,Paid Search,South,16,16,27.3,3,No
CUST-04121,2024-01,Month-to-month,Basic,4,44.45,Yes,Paid Search,Midwest,3,23,62.0,0,Yes
CUST-04122,2024-05,Month-to-month,Standard,0,34.62,Yes,Sales-Assisted,Midwest,19,19,39.1,2,Yes
CUST-04123,2024-01,One year,Standard,3,59.53,Yes,Organic,Northeast,13,23,44.9,0,Yes
CUST-04124,2024-01,One year,Standard,0,33.63,Yes,Sales-Assisted,South,23,23,43.1,2,No
CUST-04125,2025-10,One year,Basic,1,21.97,Yes,Sales-Assisted,West,2,2,57.7,0,No
CUST-04126,2024-12,Month-to-month,Standard,2,49.82,No,Organic,Northeast,12,12,80.4,0,No
CUST-04127,2024-03,Month-to-month,Basic,2,29.22,No,Sales-Assisted,South,21,21,57.2,0,No
CUST-04128,2025-01,Two year,Premium,1,72.18,Yes,Organic,West,11,11,75.3,1,No
CUST-04129,2023-12,Month-to-month,Premium,1,69.17,Yes,Organic,Midwest,24,24,53.0,1,No
CUST-04130,2023-09,One year,Premium,1,74.17,Yes,Referral,South,27,27,75.8,0,No
CUST-04131,2024-12,Month-to-month,Standard,0,33.46,Yes,Sales-Assisted,South,2,12,45.1,0,Yes
CUST-04132,2024-11,Month-to-month,Basic,2,31.8,No,Paid Search,West,13,13,64.1,0,No
CUST-04133,2024-07,Month-to-month,Standard,1,44.36,No,Organic,Northeast,17,17,54.1,1,No
CUST-04134,2025-10,Month-to-month,Premium,2,79.25,Yes,Paid Search,Midwest,2,2,59.9,0,No
CUST-04135,2025-06,Two year,Basic,0,13.05,No,Organic,Midwest,6,6,52.8,1,No
CUST-04136,2024-07,One year,Standard,1,44.22,Yes,Referral,South,17,17,77.5,0,No
CUST-04137,2024-09,Two year,Standard,2,50.18,Yes,Organic,Northeast,15,15,48.8,0,No
CUST-04138,2024-10,Month-to-month,Premium,0,65.42,Yes,Referral,Northeast,14,14,67.4,0,No
CUST-04139,2025-03,Two year,Basic,1,23.4,Yes,Sales-Assisted,Northeast,9,9,81.8,0,No
CUST-04140,2025-10,Month-to-month,Basic,0,18.92,Yes,Organic,Northeast,2,2,86.6,0,No
CUST-04141,2024-02,One year,Standard,2,49.33,Yes,Organic,South,7,22,87.8,0,Yes
CUST-04142,2025-03,Month-to-month,Basic,0,15.26,No,Organic,West,6,9,59.4,0,Yes
CUST-04143,2023-08,Month-to-month,Standard,0,34.22,Yes,Organic,South,14,28,76.8,0,Yes
CUST-04144,2025-03,Two year,Basic,2,33.71,Yes,Organic,Northeast,9,9,57.5,0,No
CUST-04145,2024-03,Two year,Premium,4,92.77,Yes,Sales-Assisted,Northeast,21,21,67.0,0,No
CUST-04146,2023-12,Month-to-month,Standard,0,31.7,Yes,Sales-Assisted,West,6,24,93.0,0,Yes
CUST-04147,2024-10,One year,Basic,0,14.73,Yes,Paid Search,West,14,14,45.9,0,No
CUST-04148,2024-03,One year,Premium,1,71.95,Yes,Sales-Assisted,Midwest,21,21,79.9,0,No
CUST-04149,2025-09,Month-to-month,Basic,2,32.79,Yes,Organic,Northeast,3,3,91.8,1,No
CUST-04150,2023-08,Month-to-month,Basic,2,34.83,Yes,Sales-Assisted,West,28,28,60.5,1,No
CUST-04151,2024-05,Two year,Standard,0,35.06,Yes,Sales-Assisted,South,19,19,78.3,0,No
CUST-04152,2023-10,One year,Basic,3,39.64,No,Referral,South,23,26,82.8,1,Yes
CUST-04153,2025-09,One year,Premium,3,87.16,No,Organic,Midwest,3,3,40.7,0,No
CUST-04154,2023-09,Month-to-month,Standard,2,47.78,Yes,Referral,South,2,27,88.1,0,Yes
CUST-04155,2023-12,Month-to-month,Standard,0,35.8,Yes,Referral,West,7,24,75.4,0,Yes
CUST-04156,2024-05,Month-to-month,Standard,0,34.52,No,Organic,Northeast,19,19,91.1,0,No
CUST-04157,2024-02,Month-to-month,Basic,0,10.55,Yes,Referral,Midwest,6,22,63.1,0,Yes
CUST-04158,2025-06,Month-to-month,Standard,1,45.21,Yes,Organic,Northeast,2,6,35.6,0,Yes
CUST-04159,2025-06,One year,Basic,0,14.94,Yes,Paid Search,Northeast,6,6,72.3,0,No
CUST-04160,2024-11,Month-to-month,Standard,0,30.69,Yes,Paid Search,Northeast,3,13,72.7,0,Yes
CUST-04161,2025-09,Two year,Standard,0,35.72,Yes,Referral,Midwest,3,3,78.3,0,No
CUST-04162,2024-09,Two year,Basic,0,16.69,Yes,Paid Search,South,15,15,60.0,0,No
CUST-04163,2025-06,Month-to-month,Standard,0,37.24,No,Referral,Northeast,6,6,45.9,0,No
CUST-04164,2023-08,Two year,Premium,2,77.48,Yes,Organic,Northeast,28,28,67.7,0,No
CUST-04165,2025-08,Month-to-month,Basic,2,27.36,Yes,Paid Search,West,4,4,59.2,0,No
CUST-04166,2023-11,Month-to-month,Basic,2,31.39,Yes,Referral,West,18,25,49.4,0,Yes
CUST-04167,2024-04,Two year,Standard,3,57.34,Yes,Referral,Midwest,20,20,61.1,0,No
CUST-04168,2024-03,One year,Standard,2,52.3,Yes,Organic,Northeast,21,21,56.9,2,No
CUST-04169,2024-07,One year,Premium,3,90.11,No,Paid Search,Midwest,12,17,53.5,1,Yes
CUST-04170,2023-11,One year,Standard,3,57.48,No,Paid Search,Midwest,25,25,61.0,0,No
CUST-04171,2025-09,One year,Basic,0,16.85,No,Paid Search,Northeast,3,3,81.9,0,No
CUST-04172,2025-09,One year,Basic,0,17.32,Yes,Paid Search,Midwest,3,3,58.5,0,No
CUST-04173,2024-07,One year,Basic,0,15.5,Yes,Referral,West,15,17,58.2,0,Yes
CUST-04174,2024-12,One year,Standard,1,42.01,Yes,Paid Search,South,12,12,68.6,0,No
CUST-04175,2025-04,Month-to-month,Standard,0,32.48,No,Organic,West,8,8,70.7,0,No
CUST-04176,2024-09,One year,Premium,1,73.83,Yes,Referral,Northeast,7,15,93.3,0,Yes
CUST-04177,2024-06,One year,Premium,3,88.88,Yes,Paid Search,South,18,18,46.5,2,No
CUST-04178,2024-09,One year,Basic,1,24.46,No,Organic,West,15,15,79.1,0,No
CUST-04179,2023-12,Month-to-month,Standard,1,43.19,Yes,Paid Search,Northeast,24,24,50.4,0,No
CUST-04180,2025-08,One year,Premium,1,70.21,No,Organic,Northeast,4,4,88.3,1,No
CUST-04181,2024-01,One year,Standard,3,60.38,Yes,Organic,South,23,23,54.0,0,No
CUST-04182,2025-01,One year,Basic,1,22.94,Yes,Sales-Assisted,Northeast,11,11,89.6,0,No
CUST-04183,2025-04,Month-to-month,Basic,2,29.79,Yes,Organic,Midwest,8,8,74.6,1,No
CUST-04184,2024-01,One year,Basic,1,24.79,No,Organic,Northeast,23,23,31.9,2,No
CUST-04185,2024-08,Two year,Premium,0,65.89,No,Organic,Northeast,16,16,73.5,0,No
CUST-04186,2024-02,Two year,Premium,2,79.86,Yes,Organic,Midwest,22,22,63.4,0,No
CUST-04187,2025-06,Month-to-month,Standard,2,51.98,Yes,Referral,Midwest,3,6,60.2,2,Yes
CUST-04188,2024-01,One year,Standard,0,34.22,No,Organic,South,23,23,55.4,0,No
CUST-04189,2025-08,Two year,Basic,0,16.37,No,Organic,Midwest,4,4,98.2,0,No
CUST-04190,2024-11,Month-to-month,Standard,1,40.57,Yes,Paid Search,Northeast,3,13,87.4,0,Yes
CUST-04191,2025-11,One year,Premium,1,75.48,No,Paid Search,Midwest,1,1,82.1,0,No
CUST-04192,2025-05,Month-to-month,Basic,0,12.15,Yes,Referral,West,7,7,76.6,0,Yes
CUST-04193,2025-03,Month-to-month,Premium,3,89.09,Yes,Referral,Midwest,9,9,57.0,0,No
CUST-04194,2024-10,One year,Standard,0,32.51,Yes,Referral,Midwest,14,14,56.9,1,No
CUST-04195,2023-07,Month-to-month,Basic,4,47.0,No,Paid Search,Midwest,18,29,70.7,0,Yes
CUST-04196,2023-08,Month-to-month,Standard,1,41.3,Yes,Sales-Assisted,West,1,28,36.2,1,Yes
CUST-04197,2025-06,One year,Basic,1,21.95,Yes,Referral,South,5,6,67.0,0,Yes
CUST-04198,2025-02,Month-to-month,Basic,0,13.25,Yes,Organic,Midwest,10,10,39.2,1,No
CUST-04199,2024-11,Month-to-month,Basic,0,15.36,No,Organic,South,4,13,58.1,1,Yes
CUST-04200,2025-03,One year,Standard,0,34.15,Yes,Organic,Midwest,9,9,60.3,0,No
CUST-04201,2024-01,Month-to-month,Basic,0,13.24,Yes,Organic,Midwest,23,23,62.0,0,No
CUST-04202,2024-02,One year,Basic,0,12.37,Yes,Referral,South,10,22,94.9,0,Yes
CUST-04203,2025-03,Month-to-month,Premium,1,76.15,No,Organic,South,9,9,66.1,0,No
CUST-04204,2024-09,Month-to-month,Basic,0,16.4,Yes,Organic,South,8,15,39.0,0,Yes
CUST-04205,2023-11,Month-to-month,Basic,1,25.13,Yes,Referral,West,25,25,79.9,0,No
CUST-04206,2025-06,One year,Standard,0,36.67,Yes,Organic,Northeast,6,6,36.1,0,No
CUST-04207,2024-04,One year,Basic,1,21.58,Yes,Organic,South,20,20,68.7,0,No
CUST-04208,2024-10,One year,Basic,3,41.79,Yes,Referral,South,14,14,81.9,0,No
CUST-04209,2023-11,Two year,Premium,0,59.93,Yes,Organic,West,25,25,91.8,0,No
CUST-04210,2023-11,Two year,Basic,1,22.3,Yes,Paid Search,Midwest,25,25,81.7,0,No
CUST-04211,2024-04,Month-to-month,Standard,0,35.53,Yes,Organic,South,9,20,46.2,1,Yes
CUST-04212,2024-02,Month-to-month,Premium,3,88.87,No,Paid Search,South,22,22,78.9,0,No
CUST-04213,2024-03,One year,Basic,1,18.08,Yes,Paid Search,Midwest,21,21,62.7,0,No
CUST-04214,2024-10,One year,Premium,0,62.66,Yes,Organic,South,14,14,61.5,0,No
CUST-04215,2024-02,One year,Basic,0,15.9,Yes,Organic,Northeast,22,22,90.0,0,No
CUST-04216,2025-09,Month-to-month,Basic,0,15.8,Yes,Referral,West,1,3,45.2,0,Yes
CUST-04217,2024-03,Month-to-month,Standard,0,30.93,Yes,Paid Search,Northeast,7,21,66.8,0,Yes
CUST-04218,2023-12,One year,Standard,4,69.42,Yes,Paid Search,South,23,24,69.0,0,Yes
CUST-04219,2023-12,Two year,Standard,0,33.57,Yes,Sales-Assisted,South,24,24,53.1,1,No
CUST-04220,2024-07,Month-to-month,Premium,2,79.52,Yes,Organic,West,17,17,33.0,0,No
CUST-04221,2025-02,One year,Basic,0,17.12,Yes,Paid Search,West,10,10,91.9,0,No
CUST-04222,2025-05,Month-to-month,Basic,3,35.32,Yes,Paid Search,Northeast,7,7,63.9,1,No
CUST-04223,2023-12,One year,Standard,4,65.91,Yes,Paid Search,West,24,24,82.6,0,No
CUST-04224,2025-11,Two year,Basic,2,29.31,No,Paid Search,South,1,1,71.5,0,No
CUST-04225,2025-03,Month-to-month,Standard,0,38.15,Yes,Paid Search,West,9,9,67.6,0,No
CUST-04226,2025-08,One year,Premium,2,82.53,Yes,Organic,Midwest,3,4,26.1,0,Yes
CUST-04227,2025-02,One year,Standard,1,45.34,No,Organic,West,10,10,84.1,0,No
CUST-04228,2025-09,Month-to-month,Standard,2,49.06,Yes,Paid Search,South,3,3,74.1,0,No
CUST-04229,2025-06,Two year,Basic,0,16.28,No,Sales-Assisted,West,6,6,35.6,1,No
CUST-04230,2024-09,Month-to-month,Basic,4,44.75,Yes,Organic,South,15,15,62.6,0,No
CUST-04231,2023-08,Two year,Premium,3,92.94,Yes,Organic,South,28,28,47.1,1,No
CUST-04232,2025-02,Month-to-month,Basic,2,29.32,Yes,Paid Search,Northeast,10,10,76.9,0,No
CUST-04233,2025-02,Month-to-month,Basic,1,21.31,No,Organic,Northeast,3,10,39.3,0,Yes
CUST-04234,2024-01,Month-to-month,Premium,3,88.63,No,Organic,Midwest,18,23,50.8,0,Yes
CUST-04235,2025-10,Month-to-month,Standard,2,49.55,Yes,Sales-Assisted,West,2,2,81.0,0,No
CUST-04236,2024-07,Month-to-month,Basic,0,15.83,No,Referral,West,5,17,92.9,0,Yes
CUST-04237,2024-04,One year,Premium,0,59.81,Yes,Paid Search,South,20,20,94.2,0,No
CUST-04238,2024-02,Month-to-month,Basic,1,20.14,No,Paid Search,Northeast,3,22,49.7,0,Yes
CUST-04239,2023-10,One year,Basic,1,22.02,Yes,Referral,Midwest,26,26,90.5,0,No
CUST-04240,2024-10,One year,Basic,1,24.21,Yes,Paid Search,Midwest,11,14,66.8,0,Yes
CUST-04241,2024-02,Month-to-month,Premium,3,85.35,No,Referral,Midwest,11,22,81.4,1,Yes
CUST-04242,2024-08,Month-to-month,Premium,2,84.83,No,Paid Search,West,2,16,73.6,0,Yes
CUST-04243,2025-04,Month-to-month,Basic,0,13.01,No,Referral,Midwest,8,8,60.8,1,No
CUST-04244,2023-12,Two year,Standard,2,52.9,No,Paid Search,Midwest,24,24,60.7,0,No
CUST-04245,2023-07,One year,Standard,3,61.24,No,Referral,Northeast,29,29,75.9,0,No
CUST-04246,2023-09,Month-to-month,Standard,3,61.08,Yes,Paid Search,West,16,27,66.0,0,Yes
CUST-04247,2023-10,Month-to-month,Standard,0,31.38,No,Sales-Assisted,South,9,26,25.9,1,Yes
CUST-04248,2025-11,Month-to-month,Premium,1,72.81,No,Referral,Northeast,1,1,87.0,0,No
CUST-04249,2023-09,One year,Standard,4,68.55,No,Paid Search,West,27,27,65.7,1,No
CUST-04250,2024-02,One year,Standard,3,56.27,Yes,Organic,Midwest,22,22,60.3,1,No
CUST-04251,2025-11,Month-to-month,Basic,0,13.78,Yes,Referral,West,1,1,86.8,0,No
CUST-04252,2025-07,Two year,Basic,0,15.69,Yes,Sales-Assisted,South,5,5,40.6,0,Yes
CUST-04253,2023-10,Month-to-month,Standard,0,35.07,Yes,Paid Search,West,2,26,52.3,0,Yes
CUST-04254,2024-05,One year,Basic,3,38.4,Yes,Organic,Northeast,7,19,43.9,2,Yes
CUST-04255,2024-12,Two year,Standard,2,51.6,Yes,Sales-Assisted,South,12,12,70.2,0,No
CUST-04256,2024-07,One year,Basic,1,19.72,No,Referral,Midwest,14,17,75.6,0,Yes
CUST-04257,2024-03,Month-to-month,Basic,0,15.99,Yes,Paid Search,West,6,21,49.0,0,Yes
CUST-04258,2025-07,Month-to-month,Premium,3,89.52,No,Organic,South,5,5,55.6,0,No
CUST-04259,2024-07,Month-to-month,Standard,0,32.03,Yes,Sales-Assisted,Midwest,8,17,73.7,0,Yes
CUST-04260,2024-04,Month-to-month,Standard,2,53.84,Yes,Paid Search,South,20,20,60.0,2,No
CUST-04261,2023-10,Month-to-month,Standard,3,59.95,Yes,Sales-Assisted,South,2,26,43.1,0,Yes
CUST-04262,2025-03,Two year,Premium,1,69.92,Yes,Paid Search,Northeast,9,9,73.5,0,No
CUST-04263,2024-08,Month-to-month,Premium,0,65.91,Yes,Organic,West,16,16,75.1,0,No
CUST-04264,2024-01,One year,Premium,0,64.04,No,Paid Search,Northeast,23,23,97.0,0,No
CUST-04265,2025-03,Month-to-month,Basic,1,25.48,Yes,Organic,South,3,9,68.7,0,Yes
CUST-04266,2023-10,Month-to-month,Basic,1,23.75,Yes,Paid Search,South,4,26,75.4,0,Yes
CUST-04267,2025-04,Month-to-month,Premium,4,98.94,No,Paid Search,South,8,8,40.4,0,No
CUST-04268,2024-10,Two year,Standard,1,45.41,Yes,Organic,West,14,14,57.7,1,No
CUST-04269,2025-01,Month-to-month,Basic,1,20.53,No,Sales-Assisted,Midwest,11,11,67.9,0,No
CUST-04270,2025-10,One year,Basic,1,23.17,No,Organic,Northeast,2,2,57.3,1,No
CUST-04271,2025-02,Two year,Basic,0,17.02,No,Paid Search,Northeast,10,10,80.8,0,No
CUST-04272,2024-02,Month-to-month,Standard,3,62.04,Yes,Sales-Assisted,Midwest,19,22,50.1,4,Yes
CUST-04273,2023-08,Month-to-month,Standard,1,45.17,Yes,Paid Search,South,28,28,69.7,0,No
CUST-04274,2023-10,Month-to-month,Basic,2,31.4,Yes,Paid Search,Midwest,2,26,42.1,1,Yes
CUST-04275,2024-03,One year,Basic,3,39.54,Yes,Paid Search,Northeast,21,21,94.4,0,No
CUST-04276,2025-03,One year,Basic,0,17.16,Yes,Paid Search,Northeast,9,9,62.4,0,No
CUST-04277,2024-05,Two year,Basic,1,22.22,Yes,Organic,West,19,19,86.1,0,No
CUST-04278,2024-02,Month-to-month,Standard,1,45.99,Yes,Paid Search,South,22,22,62.9,0,No
CUST-04279,2025-03,Month-to-month,Basic,3,38.99,No,Organic,West,2,9,61.8,0,Yes
CUST-04280,2024-03,Two year,Standard,0,32.77,Yes,Paid Search,West,21,21,60.0,0,No
CUST-04281,2024-09,Month-to-month,Premium,1,71.63,Yes,Paid Search,West,4,15,52.8,0,Yes
CUST-04282,2025-01,Month-to-month,Premium,0,67.61,Yes,Paid Search,West,11,11,59.4,0,No
CUST-04283,2024-07,Month-to-month,Basic,0,14.86,Yes,Referral,Midwest,17,17,86.4,0,No
CUST-04284,2025-06,One year,Basic,4,47.8,Yes,Paid Search,West,6,6,25.8,0,No
CUST-04285,2024-02,One year,Standard,2,48.25,Yes,Organic,South,22,22,46.0,0,No
CUST-04286,2025-02,Month-to-month,Standard,1,47.93,Yes,Paid Search,West,10,10,47.2,0,No
CUST-04287,2024-05,One year,Basic,1,22.42,Yes,Organic,Midwest,19,19,44.0,2,No
CUST-04288,2025-03,Month-to-month,Premium,1,72.72,Yes,Organic,West,3,9,83.9,0,Yes
CUST-04289,2025-02,One year,Standard,2,50.27,No,Sales-Assisted,South,1,10,37.3,1,Yes
CUST-04290,2024-03,Month-to-month,Basic,0,14.66,Yes,Paid Search,West,4,21,80.6,0,Yes
CUST-04291,2024-08,Month-to-month,Standard,2,50.92,Yes,Paid Search,West,16,16,63.1,0,No
CUST-04292,2024-07,Two year,Premium,0,65.73,Yes,Organic,Northeast,17,17,80.7,0,No
CUST-04293,2024-03,Month-to-month,Basic,2,30.04,Yes,Paid Search,South,1,21,53.3,0,Yes
CUST-04294,2024-02,Month-to-month,Standard,1,40.54,Yes,Sales-Assisted,Midwest,21,22,38.4,2,Yes
CUST-04295,2025-08,Month-to-month,Premium,2,80.11,No,Sales-Assisted,South,4,4,56.6,0,No
CUST-04296,2023-08,Two year,Basic,0,12.51,Yes,Sales-Assisted,West,28,28,52.3,0,No
CUST-04297,2024-01,One year,Standard,1,44.36,Yes,Paid Search,West,8,23,74.1,0,Yes
CUST-04298,2023-11,One year,Standard,2,48.5,Yes,Paid Search,Northeast,25,25,44.8,0,No
CUST-04299,2023-11,One year,Standard,0,34.44,Yes,Paid Search,Northeast,25,25,77.5,0,No
CUST-04300,2024-02,Two year,Basic,0,14.09,Yes,Paid Search,Midwest,22,22,72.2,0,No
CUST-04301,2024-05,Two year,Standard,2,48.74,Yes,Paid Search,Northeast,19,19,63.6,1,No
CUST-04302,2024-08,One year,Basic,0,16.77,Yes,Referral,South,16,16,80.3,0,No
CUST-04303,2024-03,Month-to-month,Standard,0,35.54,Yes,Paid Search,South,1,21,72.9,0,Yes
CUST-04304,2024-04,Month-to-month,Standard,0,33.91,Yes,Paid Search,West,20,20,57.6,1,No
CUST-04305,2024-04,One year,Standard,1,44.69,No,Paid Search,Northeast,11,20,93.7,0,Yes
CUST-04306,2025-01,One year,Standard,1,43.56,No,Paid Search,South,11,11,61.7,1,No
CUST-04307,2025-09,Month-to-month,Premium,2,80.61,Yes,Paid Search,Midwest,3,3,10.8,2,No
CUST-04308,2024-10,Month-to-month,Basic,0,15.21,Yes,Sales-Assisted,Midwest,9,14,65.6,0,Yes
CUST-04309,2025-06,Month-to-month,Premium,2,79.25,Yes,Paid Search,Midwest,6,6,45.0,1,No
CUST-04310,2025-08,One year,Standard,2,52.47,Yes,Referral,South,4,4,64.7,1,No
CUST-04311,2023-11,One year,Basic,0,14.75,Yes,Organic,South,25,25,48.7,0,No
CUST-04312,2025-04,Month-to-month,Basic,0,12.69,Yes,Organic,Midwest,1,8,37.2,0,Yes
CUST-04313,2024-08,Two year,Basic,1,26.08,Yes,Sales-Assisted,Northeast,16,16,94.2,0,No
CUST-04314,2024-08,One year,Standard,0,34.0,No,Sales-Assisted,Northeast,16,16,95.5,0,No
CUST-04315,2025-02,Two year,Standard,0,32.02,Yes,Organic,South,10,10,82.5,0,No
CUST-04316,2025-06,Month-to-month,Standard,1,41.68,No,Organic,South,1,6,65.7,0,Yes
CUST-04317,2024-04,One year,Basic,1,22.66,No,Paid Search,Northeast,20,20,71.4,0,No
CUST-04318,2023-09,Two year,Basic,2,34.55,Yes,Referral,Midwest,27,27,62.3,0,No
CUST-04319,2023-12,Month-to-month,Basic,0,14.58,Yes,Organic,West,24,24,66.9,0,No
CUST-04320,2024-11,Two year,Basic,0,14.62,Yes,Paid Search,Midwest,8,13,50.9,1,Yes
CUST-04321,2023-12,Month-to-month,Premium,3,86.66,Yes,Referral,South,7,24,86.9,0,Yes
CUST-04322,2024-06,Month-to-month,Basic,4,45.71,No,Organic,Northeast,18,18,51.6,0,No
CUST-04323,2024-09,One year,Standard,3,58.09,No,Organic,Northeast,15,15,55.2,0,No
CUST-04324,2025-01,One year,Premium,3,87.95,Yes,Sales-Assisted,Northeast,8,11,40.1,1,Yes
CUST-04325,2024-03,Month-to-month,Basic,0,16.3,No,Organic,West,18,21,75.4,0,Yes
CUST-04326,2024-05,Two year,Basic,2,31.79,Yes,Referral,South,19,19,54.1,0,No
CUST-04327,2025-10,One year,Standard,1,44.85,Yes,Organic,Midwest,1,2,77.5,0,Yes
CUST-04328,2023-08,Two year,Basic,0,15.11,Yes,Referral,South,28,28,63.4,0,No
CUST-04329,2024-10,Month-to-month,Standard,3,63.92,Yes,Organic,West,14,14,62.6,0,No
CUST-04330,2024-08,One year,Basic,0,16.11,Yes,Paid Search,West,2,16,79.0,0,Yes
CUST-04331,2024-09,Month-to-month,Basic,0,17.47,Yes,Referral,West,15,15,49.2,0,No
CUST-04332,2025-02,Month-to-month,Standard,2,51.07,Yes,Organic,West,10,10,69.1,0,No
CUST-04333,2025-02,Month-to-month,Standard,0,31.78,Yes,Sales-Assisted,West,1,10,25.2,0,Yes
CUST-04334,2023-07,Two year,Standard,4,65.78,Yes,Sales-Assisted,Northeast,29,29,55.4,0,No
CUST-04335,2024-10,One year,Standard,1,44.6,Yes,Organic,Northeast,14,14,60.9,0,No
CUST-04336,2023-07,Month-to-month,Basic,1,21.64,No,Paid Search,Midwest,29,29,61.5,0,No
CUST-04337,2025-11,Month-to-month,Standard,1,45.29,No,Sales-Assisted,Midwest,1,1,79.6,0,No
CUST-04338,2024-07,Month-to-month,Premium,3,90.92,Yes,Paid Search,West,6,17,73.0,0,Yes
CUST-04339,2024-12,One year,Standard,1,42.41,No,Paid Search,Northeast,12,12,37.3,3,No
CUST-04340,2025-07,Month-to-month,Premium,0,64.78,Yes,Paid Search,South,1,5,80.5,0,Yes
CUST-04341,2025-04,Month-to-month,Standard,1,45.21,Yes,Organic,Midwest,8,8,83.7,0,No
CUST-04342,2025-10,One year,Basic,2,29.79,Yes,Referral,Midwest,2,2,71.8,0,No
CUST-04343,2025-03,One year,Standard,1,42.59,Yes,Organic,South,9,9,91.9,1,No
CUST-04344,2025-06,Month-to-month,Standard,0,38.27,Yes,Organic,West,6,6,57.5,0,No
CUST-04345,2024-03,One year,Standard,1,42.31,Yes,Organic,Midwest,21,21,48.7,0,No
CUST-04346,2024-06,One year,Basic,2,30.76,No,Paid Search,Midwest,18,18,48.6,0,No
CUST-04347,2025-11,Month-to-month,Standard,3,57.92,Yes,Referral,Northeast,1,1,58.9,1,No
CUST-04348,2024-10,Month-to-month,Standard,2,48.49,Yes,Paid Search,Midwest,3,14,44.0,0,Yes
CUST-04349,2025-05,Month-to-month,Basic,2,31.15,No,Paid Search,Northeast,7,7,96.0,0,No
CUST-04350,2024-05,Month-to-month,Basic,1,21.79,Yes,Organic,South,11,19,51.4,1,Yes
CUST-04351,2024-09,One year,Standard,1,41.04,No,Organic,Midwest,15,15,52.9,0,No
CUST-04352,2024-07,One year,Standard,2,52.84,Yes,Paid Search,Midwest,17,17,57.0,0,No
CUST-04353,2023-10,Month-to-month,Standard,2,49.76,Yes,Paid Search,West,13,26,96.8,0,Yes
CUST-04354,2024-06,One year,Basic,0,17.15,Yes,Sales-Assisted,Northeast,18,18,69.6,0,No
CUST-04355,2024-03,Two year,Standard,2,50.81,Yes,Sales-Assisted,Midwest,21,21,48.7,2,No
CUST-04356,2024-10,Month-to-month,Premium,1,74.19,Yes,Sales-Assisted,Midwest,14,14,56.4,0,No
CUST-04357,2025-05,Month-to-month,Standard,0,35.66,No,Sales-Assisted,South,7,7,59.6,0,No
CUST-04358,2025-11,Month-to-month,Premium,2,80.17,No,Organic,Midwest,1,1,92.5,0,Yes
CUST-04359,2024-10,Month-to-month,Premium,2,81.13,Yes,Paid Search,Midwest,14,14,95.5,0,No
CUST-04360,2024-10,One year,Premium,2,82.3,Yes,Organic,Midwest,14,14,80.6,0,No
CUST-04361,2024-12,Month-to-month,Standard,2,48.6,Yes,Organic,Midwest,2,12,65.2,0,Yes
CUST-04362,2023-10,One year,Standard,0,36.31,Yes,Referral,West,2,26,88.5,0,Yes
CUST-04363,2025-09,One year,Premium,2,78.57,Yes,Organic,South,3,3,58.4,0,No
CUST-04364,2024-05,Month-to-month,Basic,0,14.98,Yes,Organic,South,19,19,42.2,0,No
CUST-04365,2024-10,Two year,Standard,1,40.85,Yes,Organic,West,14,14,84.6,0,No
CUST-04366,2025-05,One year,Basic,2,32.97,No,Referral,Northeast,7,7,93.2,0,No
CUST-04367,2025-07,Month-to-month,Standard,1,43.42,Yes,Paid Search,West,5,5,85.9,0,No
CUST-04368,2025-02,One year,Standard,0,35.55,No,Paid Search,South,10,10,68.9,1,No
CUST-04369,2025-09,One year,Premium,0,68.51,Yes,Sales-Assisted,Northeast,3,3,77.3,0,No
CUST-04370,2025-01,Two year,Standard,1,40.51,No,Paid Search,Midwest,3,11,69.8,0,Yes
CUST-04371,2024-12,Month-to-month,Basic,0,14.89,Yes,Organic,South,12,12,93.3,0,No
CUST-04372,2025-04,Two year,Premium,3,91.9,Yes,Paid Search,Northeast,8,8,77.0,0,No
CUST-04373,2024-02,One year,Premium,0,61.96,Yes,Organic,West,14,22,70.6,0,Yes
CUST-04374,2025-09,Month-to-month,Premium,2,82.94,Yes,Organic,Midwest,2,3,84.5,0,Yes
CUST-04375,2025-08,Two year,Premium,1,74.61,Yes,Organic,West,4,4,61.8,0,No
CUST-04376,2023-09,Month-to-month,Standard,3,61.08,Yes,Paid Search,South,1,27,45.1,0,Yes
CUST-04377,2025-08,Month-to-month,Standard,1,41.34,Yes,Sales-Assisted,West,4,4,70.2,0,No
CUST-04378,2023-11,Month-to-month,Basic,1,22.85,No,Paid Search,West,3,25,75.7,0,Yes
CUST-04379,2025-11,One year,Standard,2,47.58,Yes,Organic,South,1,1,75.0,0,No
CUST-04380,2025-05,One year,Standard,2,51.01,Yes,Referral,Midwest,7,7,48.7,0,No
CUST-04381,2023-07,Month-to-month,Standard,0,31.87,Yes,Paid Search,South,25,29,64.7,0,Yes
CUST-04382,2024-03,Month-to-month,Basic,0,13.61,No,Paid Search,West,7,21,74.8,0,Yes
CUST-04383,2025-04,Month-to-month,Premium,0,66.12,Yes,Referral,Northeast,8,8,74.5,0,No
CUST-04384,2025-08,One year,Standard,3,58.2,No,Paid Search,Northeast,4,4,17.0,1,No
CUST-04385,2023-07,Month-to-month,Basic,2,27.48,Yes,Organic,Midwest,29,29,72.7,0,No
CUST-04386,2025-07,Month-to-month,Basic,0,14.96,Yes,Paid Search,Midwest,5,5,48.9,0,No
CUST-04387,2023-09,One year,Basic,0,19.65,Yes,Paid Search,West,10,27,65.7,0,Yes
CUST-04388,2024-09,One year,Standard,1,43.68,Yes,Paid Search,Midwest,15,15,95.3,0,No
CUST-04389,2024-01,One year,Premium,0,66.37,Yes,Paid Search,Northeast,23,23,37.7,2,No
CUST-04390,2024-01,Month-to-month,Standard,2,50.23,Yes,Referral,Midwest,7,23,43.2,0,Yes
CUST-04391,2023-08,Month-to-month,Basic,3,40.44,Yes,Organic,Midwest,19,28,76.6,0,Yes
CUST-04392,2025-10,Month-to-month,Basic,1,23.8,No,Referral,West,2,2,63.5,1,No
CUST-04393,2025-10,Month-to-month,Standard,3,59.5,Yes,Organic,Midwest,1,2,81.1,0,Yes
CUST-04394,2023-09,Month-to-month,Standard,1,43.49,Yes,Paid Search,Northeast,17,27,65.9,0,Yes
CUST-04395,2025-09,Month-to-month,Standard,0,34.94,Yes,Referral,South,3,3,58.9,0,No
CUST-04396,2025-05,Month-to-month,Basic,1,22.54,Yes,Organic,West,7,7,60.9,0,No
CUST-04397,2025-03,Month-to-month,Premium,0,65.04,Yes,Paid Search,South,9,9,87.1,0,No
CUST-04398,2025-06,One year,Basic,1,21.14,Yes,Paid Search,Midwest,4,6,22.7,3,Yes
CUST-04399,2025-07,One year,Premium,1,73.5,Yes,Sales-Assisted,South,5,5,47.7,0,No
CUST-04400,2023-09,One year,Basic,1,23.24,Yes,Paid Search,Midwest,27,27,68.5,1,No
CUST-04401,2025-11,Month-to-month,Basic,1,26.1,No,Paid Search,South,1,1,76.9,0,No
CUST-04402,2025-05,One year,Standard,1,41.32,Yes,Sales-Assisted,West,7,7,78.2,0,No
CUST-04403,2024-09,Two year,Standard,0,31.34,Yes,Organic,Northeast,15,15,86.6,1,No
CUST-04404,2025-04,Month-to-month,Standard,0,39.27,Yes,Paid Search,South,1,8,98.1,0,Yes
CUST-04405,2025-11,Month-to-month,Basic,1,22.76,Yes,Organic,Northeast,1,1,80.8,0,No
CUST-04406,2023-08,Month-to-month,Premium,1,73.18,Yes,Sales-Assisted,South,1,28,45.1,0,Yes
CUST-04407,2025-11,One year,Standard,0,32.62,Yes,Organic,Midwest,1,1,44.1,1,No
CUST-04408,2025-07,Month-to-month,Basic,2,31.65,Yes,Organic,Midwest,3,5,32.7,0,Yes
CUST-04409,2024-09,Month-to-month,Premium,0,65.11,No,Paid Search,West,6,15,53.4,1,Yes
CUST-04410,2025-05,Month-to-month,Basic,2,31.16,No,Sales-Assisted,West,7,7,34.8,1,No
CUST-04411,2024-06,Month-to-month,Basic,2,28.09,Yes,Paid Search,West,10,18,46.2,0,Yes
CUST-04412,2025-03,Month-to-month,Standard,0,35.48,Yes,Paid Search,Midwest,9,9,63.2,0,No
CUST-04413,2025-08,Month-to-month,Basic,2,28.93,Yes,Organic,Northeast,4,4,60.8,2,No
CUST-04414,2024-10,Month-to-month,Standard,1,40.64,No,Organic,Midwest,1,14,46.8,0,Yes
CUST-04415,2023-07,Month-to-month,Basic,1,20.25,No,Organic,West,22,29,63.6,0,Yes
CUST-04416,2024-11,One year,Basic,0,14.4,No,Paid Search,Northeast,13,13,88.2,0,No
CUST-04417,2025-06,Month-to-month,Standard,3,59.38,No,Paid Search,Northeast,2,6,56.8,0,Yes
CUST-04418,2025-04,Month-to-month,Basic,2,31.8,Yes,Paid Search,South,8,8,65.1,0,No
CUST-04419,2023-10,Month-to-month,Basic,1,25.51,No,Paid Search,Northeast,15,26,64.1,0,Yes
CUST-04420,2024-09,One year,Basic,3,37.78,Yes,Organic,Midwest,15,15,47.7,1,No
CUST-04421,2024-06,One year,Standard,0,37.53,Yes,Sales-Assisted,Midwest,18,18,71.5,0,No
CUST-04422,2025-05,One year,Basic,0,14.58,Yes,Organic,West,7,7,66.1,0,No
CUST-04423,2025-04,Month-to-month,Basic,0,12.41,Yes,Paid Search,South,8,8,46.0,0,No
CUST-04424,2024-09,One year,Standard,1,44.13,Yes,Paid Search,Northeast,15,15,47.7,0,No
CUST-04425,2025-10,Month-to-month,Basic,1,26.31,Yes,Organic,Midwest,2,2,79.2,0,No
CUST-04426,2024-06,One year,Basic,0,14.28,No,Referral,Northeast,18,18,63.9,0,No
CUST-04427,2024-02,Month-to-month,Premium,0,68.01,Yes,Organic,South,7,22,57.5,0,Yes
CUST-04428,2023-11,Two year,Premium,1,72.73,No,Organic,West,25,25,64.6,0,No
CUST-04429,2025-07,Month-to-month,Standard,1,42.83,No,Paid Search,Northeast,5,5,61.9,0,No
CUST-04430,2025-10,Month-to-month,Basic,0,13.58,Yes,Sales-Assisted,Midwest,2,2,93.5,0,No
CUST-04431,2024-04,Month-to-month,Premium,2,77.31,Yes,Referral,West,20,20,84.9,0,No
CUST-04432,2025-02,Month-to-month,Standard,0,34.6,No,Referral,South,5,10,59.9,0,Yes
CUST-04433,2025-04,Month-to-month,Standard,1,42.65,Yes,Organic,West,8,8,58.8,0,No
CUST-04434,2024-07,Month-to-month,Standard,2,55.43,No,Organic,Northeast,17,17,78.9,0,No
CUST-04435,2024-09,One year,Basic,1,20.02,Yes,Referral,South,15,15,43.5,0,No
CUST-04436,2023-09,One year,Standard,1,41.94,Yes,Paid Search,Northeast,27,27,79.8,0,No
CUST-04437,2023-08,Month-to-month,Standard,0,35.57,Yes,Paid Search,Northeast,7,28,78.9,0,Yes
CUST-04438,2025-09,One year,Standard,0,34.55,Yes,Organic,South,3,3,35.2,2,No
CUST-04439,2025-10,One year,Premium,0,62.69,Yes,Sales-Assisted,Northeast,2,2,63.2,0,No
CUST-04440,2024-05,One year,Premium,0,62.33,Yes,Referral,South,19,19,45.3,0,No
CUST-04441,2024-10,Two year,Basic,4,49.4,Yes,Organic,Northeast,1,14,59.3,0,Yes
CUST-04442,2024-10,One year,Basic,4,44.42,Yes,Organic,Northeast,14,14,88.0,0,No
CUST-04443,2024-04,One year,Standard,0,34.82,Yes,Paid Search,South,7,20,56.9,0,Yes
CUST-04444,2024-10,Month-to-month,Standard,0,33.93,Yes,Referral,South,1,14,41.2,0,Yes
CUST-04445,2023-07,One year,Standard,0,35.39,Yes,Organic,West,1,29,75.4,0,Yes
CUST-04446,2025-10,One year,Premium,0,64.94,Yes,Referral,Northeast,2,2,48.7,0,No
CUST-04447,2024-11,Month-to-month,Basic,0,16.23,No,Paid Search,West,13,13,68.1,1,No
CUST-04448,2024-12,One year,Basic,4,47.38,Yes,Organic,South,12,12,77.5,0,Yes
CUST-04449,2024-01,One year,Standard,3,66.06,Yes,Paid Search,Midwest,23,23,65.2,0,No
CUST-04450,2025-03,Month-to-month,Basic,0,13.85,Yes,Organic,West,2,9,35.0,2,Yes
CUST-04451,2025-09,Month-to-month,Basic,0,13.74,Yes,Paid Search,South,3,3,70.5,0,Yes
CUST-04452,2024-10,One year,Basic,2,33.31,Yes,Organic,Northeast,8,14,81.2,0,Yes
CUST-04453,2025-11,One year,Basic,2,34.18,Yes,Paid Search,South,1,1,46.1,0,No
CUST-04454,2025-03,One year,Standard,2,52.55,Yes,Paid Search,South,9,9,68.0,0,No
CUST-04455,2025-04,Month-to-month,Basic,2,29.34,Yes,Organic,West,8,8,80.4,0,No
CUST-04456,2023-10,One year,Premium,0,70.2,Yes,Referral,Northeast,26,26,74.3,0,No
CUST-04457,2025-01,Month-to-month,Basic,0,14.15,No,Sales-Assisted,South,11,11,46.0,0,No
CUST-04458,2024-01,Month-to-month,Standard,2,48.71,Yes,Referral,West,23,23,97.0,0,No
CUST-04459,2024-01,Month-to-month,Standard,4,68.37,Yes,Referral,Midwest,9,23,55.9,0,Yes
CUST-04460,2023-09,One year,Basic,2,30.96,Yes,Organic,Midwest,27,27,80.9,0,No
CUST-04461,2024-02,Month-to-month,Standard,1,44.08,Yes,Organic,Northeast,5,22,68.6,0,Yes
CUST-04462,2025-03,Month-to-month,Standard,2,48.53,No,Paid Search,Midwest,8,9,59.2,0,Yes
CUST-04463,2024-05,Month-to-month,Standard,4,68.68,Yes,Paid Search,Midwest,19,19,51.5,0,No
CUST-04464,2024-07,Month-to-month,Standard,0,35.25,Yes,Organic,West,17,17,47.3,1,No
CUST-04465,2024-08,One year,Basic,1,20.5,Yes,Referral,Northeast,16,16,71.2,0,No
CUST-04466,2024-06,Month-to-month,Basic,0,13.42,Yes,Paid Search,Northeast,18,18,74.1,0,No
CUST-04467,2025-04,Month-to-month,Standard,1,43.16,Yes,Paid Search,Midwest,8,8,67.6,1,No
CUST-04468,2025-09,One year,Basic,2,29.94,Yes,Organic,Midwest,3,3,56.9,1,No
CUST-04469,2024-01,Month-to-month,Basic,1,23.28,Yes,Sales-Assisted,South,2,23,75.7,1,Yes
CUST-04470,2025-07,Month-to-month,Basic,0,14.56,Yes,Referral,Northeast,5,5,76.8,0,No
CUST-04471,2024-09,Month-to-month,Basic,0,12.19,No,Organic,South,15,15,56.4,0,Yes
CUST-04472,2024-11,One year,Standard,0,32.87,Yes,Referral,Midwest,13,13,77.8,0,No
CUST-04473,2025-01,One year,Basic,1,22.31,Yes,Organic,Northeast,11,11,29.5,1,No
CUST-04474,2024-09,Two year,Basic,0,15.21,Yes,Paid Search,South,15,15,10.3,2,No
CUST-04475,2025-10,Month-to-month,Standard,2,48.11,No,Organic,South,2,2,45.5,0,No
CUST-04476,2025-09,Month-to-month,Basic,0,14.39,Yes,Sales-Assisted,Midwest,3,3,73.9,0,No
CUST-04477,2024-04,Month-to-month,Premium,4,94.16,No,Sales-Assisted,Northeast,20,20,76.1,0,No
CUST-04478,2024-11,Month-to-month,Standard,3,57.25,Yes,Referral,Northeast,13,13,71.8,1,No
CUST-04479,2025-08,Month-to-month,Basic,3,37.74,Yes,Referral,West,2,4,74.3,0,Yes
CUST-04480,2025-10,One year,Standard,1,43.57,Yes,Organic,Northeast,2,2,79.3,0,No
CUST-04481,2023-12,Two year,Basic,2,33.18,Yes,Paid Search,Midwest,24,24,60.1,0,No
CUST-04482,2025-08,Month-to-month,Basic,1,26.0,Yes,Organic,Midwest,2,4,100.0,0,Yes
CUST-04483,2024-02,Month-to-month,Standard,0,31.26,No,Referral,Northeast,22,22,61.1,0,No
CUST-04484,2024-02,Month-to-month,Basic,2,30.96,Yes,Paid Search,Northeast,22,22,59.2,0,No
CUST-04485,2024-11,Month-to-month,Premium,1,74.37,Yes,Sales-Assisted,West,13,13,43.5,2,Yes
CUST-04486,2024-04,Month-to-month,Basic,2,28.06,No,Paid Search,South,20,20,37.2,0,No
CUST-04487,2024-11,One year,Premium,1,76.03,Yes,Organic,Northeast,13,13,63.7,1,No
CUST-04488,2023-11,Month-to-month,Basic,2,27.74,Yes,Organic,Midwest,25,25,85.4,0,No
CUST-04489,2024-05,One year,Basic,2,29.95,Yes,Referral,West,19,19,95.8,0,No
CUST-04490,2024-02,Month-to-month,Premium,1,72.06,No,Sales-Assisted,West,1,22,69.2,0,Yes
CUST-04491,2025-01,One year,Standard,0,36.88,Yes,Referral,West,11,11,95.8,1,No
CUST-04492,2024-02,Month-to-month,Premium,1,72.09,Yes,Organic,Midwest,3,22,55.8,0,Yes
CUST-04493,2024-07,Two year,Basic,1,22.35,No,Organic,South,17,17,92.7,0,No
CUST-04494,2024-06,Month-to-month,Premium,1,74.12,Yes,Organic,South,18,18,37.6,1,No
CUST-04495,2025-01,One year,Basic,1,22.19,No,Organic,Midwest,11,11,68.5,0,No
CUST-04496,2025-08,Month-to-month,Premium,1,74.75,Yes,Referral,South,4,4,99.7,0,No
CUST-04497,2025-09,Month-to-month,Basic,1,21.38,Yes,Sales-Assisted,West,3,3,55.1,0,No
CUST-04498,2024-03,One year,Standard,3,61.21,Yes,Paid Search,Midwest,21,21,79.7,0,No
CUST-04499,2024-03,One year,Basic,1,23.11,No,Organic,South,14,21,62.3,0,Yes
CUST-04500,2025-07,Month-to-month,Standard,2,50.34,Yes,Paid Search,Northeast,5,5,71.0,0,No
CUST-04501,2025-01,Month-to-month,Standard,3,59.81,No,Referral,South,2,11,95.4,0,Yes
CUST-04502,2024-03,One year,Basic,2,31.7,Yes,Referral,West,5,21,73.5,0,Yes
CUST-04503,2024-06,Month-to-month,Premium,1,73.38,Yes,Sales-Assisted,South,10,18,58.7,0,Yes
CUST-04504,2023-07,One year,Basic,1,24.51,Yes,Organic,Northeast,24,29,71.0,0,Yes
CUST-04505,2024-09,Month-to-month,Basic,2,30.72,Yes,Sales-Assisted,South,11,15,32.7,0,Yes
CUST-04506,2023-11,One year,Standard,1,38.4,Yes,Organic,South,25,25,65.9,0,No
CUST-04507,2025-04,Month-to-month,Basic,1,24.07,Yes,Sales-Assisted,Midwest,8,8,64.7,0,No
CUST-04508,2023-09,One year,Standard,0,36.05,Yes,Paid Search,West,27,27,80.0,0,No
CUST-04509,2023-12,Month-to-month,Basic,1,20.14,Yes,Paid Search,West,3,24,95.6,0,Yes
CUST-04510,2025-02,Month-to-month,Basic,1,20.65,Yes,Sales-Assisted,South,5,10,64.8,0,Yes
CUST-04511,2025-01,One year,Basic,0,14.96,Yes,Organic,Midwest,11,11,70.3,0,No
CUST-04512,2024-08,Two year,Standard,1,43.15,Yes,Referral,West,16,16,84.2,0,No
CUST-04513,2023-12,One year,Premium,1,74.59,Yes,Organic,Midwest,2,24,82.9,0,Yes
CUST-04514,2024-09,Month-to-month,Premium,0,68.63,No,Paid Search,West,2,15,74.2,0,Yes
CUST-04515,2025-07,Month-to-month,Premium,1,77.29,Yes,Organic,South,5,5,83.2,0,No
CUST-04516,2024-05,Month-to-month,Basic,0,14.18,Yes,Organic,Northeast,19,19,80.1,0,No
CUST-04517,2024-02,One year,Basic,1,22.38,Yes,Referral,Northeast,13,22,50.1,1,Yes
CUST-04518,2023-07,One year,Basic,1,22.31,Yes,Organic,Northeast,29,29,73.6,0,No
CUST-04519,2023-10,Month-to-month,Standard,0,35.55,Yes,Sales-Assisted,Midwest,2,26,67.3,0,Yes
CUST-04520,2025-09,One year,Standard,3,63.15,Yes,Sales-Assisted,Northeast,3,3,56.8,0,No
CUST-04521,2025-08,One year,Basic,2,30.85,Yes,Organic,West,4,4,95.2,0,No
CUST-04522,2024-12,Month-to-month,Basic,0,13.51,Yes,Paid Search,Northeast,1,12,57.3,0,Yes
CUST-04523,2023-09,One year,Premium,1,72.42,Yes,Sales-Assisted,West,27,27,37.8,0,No
CUST-04524,2024-09,Month-to-month,Basic,2,30.64,Yes,Paid Search,West,3,15,71.9,0,Yes
CUST-04525,2025-08,Month-to-month,Standard,3,57.83,Yes,Organic,Northeast,4,4,41.5,0,No
CUST-04526,2024-07,Two year,Standard,2,48.95,Yes,Referral,South,17,17,38.9,1,No
CUST-04527,2024-10,Two year,Standard,2,49.22,Yes,Referral,South,14,14,83.3,0,No
CUST-04528,2025-05,Month-to-month,Premium,1,74.63,Yes,Referral,Midwest,7,7,93.2,0,No
CUST-04529,2024-04,Month-to-month,Basic,0,11.85,No,Organic,Midwest,10,20,47.5,0,Yes
CUST-04530,2024-09,Two year,Standard,1,45.87,Yes,Referral,South,15,15,20.9,1,No
CUST-04531,2023-11,Month-to-month,Basic,1,27.27,Yes,Organic,Northeast,12,25,92.6,0,Yes
CUST-04532,2023-09,One year,Standard,1,41.48,Yes,Organic,South,27,27,73.4,0,No
CUST-04533,2023-09,Month-to-month,Premium,0,64.36,Yes,Referral,Northeast,1,27,66.5,0,Yes
CUST-04534,2025-04,Two year,Basic,1,22.83,No,Sales-Assisted,West,8,8,95.2,0,No
CUST-04535,2025-05,One year,Standard,0,37.75,Yes,Paid Search,South,7,7,46.9,1,No
CUST-04536,2025-09,Month-to-month,Basic,4,48.41,No,Referral,South,1,3,29.6,0,Yes
CUST-04537,2024-06,One year,Premium,0,67.07,Yes,Referral,Northeast,8,18,49.9,1,Yes
CUST-04538,2024-09,One year,Premium,1,70.53,Yes,Organic,Northeast,15,15,66.3,0,No
CUST-04539,2024-08,Month-to-month,Standard,0,33.51,Yes,Referral,Midwest,16,16,58.5,0,No
CUST-04540,2024-06,Month-to-month,Basic,0,16.31,No,Referral,South,18,18,56.1,0,Yes
CUST-04541,2024-12,Month-to-month,Basic,0,16.9,No,Sales-Assisted,Northeast,12,12,63.7,0,No
CUST-04542,2023-08,Month-to-month,Basic,2,29.58,Yes,Referral,West,7,28,49.1,0,Yes
CUST-04543,2023-09,Month-to-month,Basic,2,32.39,Yes,Paid Search,Midwest,27,27,68.7,0,No
CUST-04544,2023-12,Month-to-month,Basic,0,14.76,Yes,Sales-Assisted,Midwest,4,24,90.6,0,Yes
CUST-04545,2025-10,Month-to-month,Basic,0,14.09,No,Organic,Midwest,2,2,79.1,0,No
CUST-04546,2024-09,Month-to-month,Basic,0,15.28,Yes,Sales-Assisted,South,15,15,66.5,0,No
CUST-04547,2023-12,One year,Standard,2,50.55,Yes,Paid Search,West,24,24,44.7,0,No
CUST-04548,2024-02,Month-to-month,Premium,3,88.57,No,Paid Search,South,2,22,76.3,0,Yes
CUST-04549,2024-12,Month-to-month,Basic,1,22.05,No,Organic,South,6,12,72.1,0,Yes
CUST-04550,2025-05,Two year,Basic,3,37.3,Yes,Paid Search,Midwest,7,7,46.6,0,No
CUST-04551,2024-11,Month-to-month,Standard,3,65.29,Yes,Organic,Northeast,3,13,64.0,0,Yes
CUST-04552,2023-09,Month-to-month,Premium,4,96.13,No,Paid Search,West,3,27,39.5,0,Yes
CUST-04553,2023-09,One year,Basic,0,11.81,No,Organic,West,27,27,91.6,1,No
CUST-04554,2023-07,Month-to-month,Standard,0,34.5,No,Paid Search,South,15,29,58.8,0,Yes
CUST-04555,2024-07,Two year,Basic,1,21.23,Yes,Organic,Northeast,17,17,58.1,0,No
CUST-04556,2025-02,One year,Premium,3,89.55,Yes,Organic,South,10,10,83.1,0,No
CUST-04557,2025-06,One year,Premium,1,74.39,Yes,Paid Search,Midwest,6,6,93.5,0,No
CUST-04558,2023-12,Month-to-month,Basic,0,14.36,Yes,Paid Search,Northeast,15,24,70.4,0,Yes
CUST-04559,2025-02,Month-to-month,Premium,0,66.42,Yes,Organic,West,10,10,64.2,1,No
CUST-04560,2025-06,One year,Basic,1,20.74,Yes,Paid Search,Midwest,6,6,55.1,0,No
CUST-04561,2024-11,Month-to-month,Standard,1,46.84,Yes,Organic,West,3,13,86.8,0,Yes
CUST-04562,2025-08,One year,Basic,0,15.87,Yes,Paid Search,Midwest,4,4,69.9,0,No
CUST-04563,2024-03,Month-to-month,Standard,4,71.05,Yes,Organic,Midwest,20,21,69.3,0,Yes
CUST-04564,2024-04,Month-to-month,Premium,0,61.71,Yes,Paid Search,South,14,20,72.8,0,Yes
CUST-04565,2023-11,Month-to-month,Standard,0,38.38,No,Organic,West,5,25,84.6,0,Yes
CUST-04566,2023-07,Month-to-month,Premium,1,71.79,Yes,Organic,Northeast,8,29,28.5,2,Yes
CUST-04567,2025-09,Month-to-month,Basic,2,31.92,Yes,Organic,West,3,3,22.8,0,No
CUST-04568,2024-07,Two year,Basic,1,23.23,Yes,Referral,South,17,17,40.6,0,No
CUST-04569,2025-09,One year,Standard,0,30.33,Yes,Organic,Midwest,3,3,53.8,1,No
CUST-04570,2024-03,Month-to-month,Standard,1,41.69,No,Paid Search,Midwest,3,21,65.1,1,Yes
CUST-04571,2024-01,One year,Standard,0,32.74,Yes,Organic,West,23,23,56.1,1,No
CUST-04572,2025-02,One year,Premium,1,75.54,Yes,Paid Search,West,10,10,66.1,0,No
CUST-04573,2025-06,Month-to-month,Standard,0,32.11,Yes,Organic,South,4,6,84.8,0,Yes
CUST-04574,2023-08,Month-to-month,Basic,4,46.85,Yes,Organic,Midwest,1,28,80.5,0,Yes
CUST-04575,2023-08,Month-to-month,Basic,2,36.02,No,Sales-Assisted,West,1,28,67.1,0,Yes
CUST-04576,2025-08,Month-to-month,Premium,4,97.22,Yes,Referral,South,4,4,59.4,1,No
CUST-04577,2024-10,Month-to-month,Standard,4,61.48,Yes,Organic,South,10,14,95.6,0,Yes
CUST-04578,2025-04,Month-to-month,Basic,0,15.5,Yes,Paid Search,Northeast,8,8,49.4,1,No
CUST-04579,2024-04,One year,Premium,2,81.04,Yes,Organic,West,20,20,71.9,0,No
CUST-04580,2024-01,One year,Premium,0,63.91,No,Organic,South,23,23,58.2,0,No
CUST-04581,2024-01,Month-to-month,Premium,1,70.88,Yes,Organic,Midwest,9,23,41.2,2,Yes
CUST-04582,2023-08,One year,Basic,0,13.93,Yes,Referral,Midwest,28,28,46.7,1,No
CUST-04583,2025-07,Two year,Standard,0,33.59,No,Organic,West,5,5,62.5,0,No
CUST-04584,2023-10,One year,Standard,3,61.3,Yes,Paid Search,South,26,26,57.1,0,No
CUST-04585,2024-09,Month-to-month,Standard,1,44.48,No,Paid Search,West,1,15,71.0,0,Yes
CUST-04586,2024-02,Month-to-month,Basic,2,29.81,No,Paid Search,Midwest,22,22,51.7,0,No
CUST-04587,2023-11,Two year,Premium,1,71.49,Yes,Paid Search,South,16,25,42.6,0,Yes
CUST-04588,2025-05,Month-to-month,Basic,0,13.48,No,Paid Search,Northeast,2,7,65.4,1,Yes
CUST-04589,2025-08,Two year,Standard,0,34.79,Yes,Referral,South,4,4,99.6,0,No
CUST-04590,2025-01,Month-to-month,Standard,3,57.39,No,Referral,Midwest,2,11,66.9,0,Yes
CUST-04591,2025-06,Month-to-month,Basic,0,12.77,Yes,Sales-Assisted,South,6,6,72.6,0,No
CUST-04592,2024-07,Month-to-month,Standard,1,45.26,Yes,Sales-Assisted,West,17,17,85.4,0,No
CUST-04593,2025-11,Month-to-month,Standard,3,58.54,No,Referral,West,1,1,56.2,0,No
CUST-04594,2024-06,Two year,Basic,1,24.35,Yes,Sales-Assisted,West,18,18,61.1,0,No
CUST-04595,2025-07,Month-to-month,Basic,0,10.85,Yes,Paid Search,West,2,5,79.3,0,Yes
CUST-04596,2024-08,Two year,Basic,2,34.86,Yes,Sales-Assisted,West,16,16,35.1,1,No
CUST-04597,2024-01,Month-to-month,Basic,0,18.58,Yes,Paid Search,West,17,23,51.3,0,Yes
CUST-04598,2024-02,Month-to-month,Standard,1,43.55,Yes,Sales-Assisted,Midwest,12,22,96.4,0,Yes
CUST-04599,2024-02,One year,Standard,0,29.89,Yes,Organic,South,20,22,80.5,0,Yes
CUST-04600,2025-05,Month-to-month,Basic,1,24.61,Yes,Organic,South,7,7,75.6,0,No
CUST-04601,2025-02,One year,Basic,0,13.78,Yes,Referral,Midwest,10,10,63.3,0,No
CUST-04602,2025-02,One year,Basic,0,16.1,Yes,Paid Search,South,3,10,81.7,0,Yes
CUST-04603,2024-04,Month-to-month,Standard,2,51.44,Yes,Sales-Assisted,West,3,20,69.2,0,Yes
CUST-04604,2025-11,One year,Premium,0,64.42,Yes,Sales-Assisted,West,1,1,57.5,0,No
CUST-04605,2024-02,Month-to-month,Standard,1,40.21,Yes,Referral,Midwest,6,22,95.6,0,Yes
CUST-04606,2025-11,Month-to-month,Basic,2,32.13,No,Organic,Northeast,1,1,37.9,0,Yes
CUST-04607,2025-05,Month-to-month,Standard,1,41.77,Yes,Organic,South,6,7,54.7,1,Yes
CUST-04608,2024-03,Month-to-month,Basic,0,15.13,Yes,Organic,West,9,21,77.1,0,Yes
CUST-04609,2023-09,Month-to-month,Basic,0,13.54,Yes,Organic,Midwest,14,27,37.2,1,Yes
CUST-04610,2024-10,Month-to-month,Basic,0,15.02,Yes,Referral,West,3,14,50.7,2,Yes
CUST-04611,2025-03,Month-to-month,Premium,0,62.55,Yes,Paid Search,West,9,9,87.3,0,No
CUST-04612,2025-06,Two year,Premium,0,68.72,Yes,Sales-Assisted,Northeast,6,6,64.7,0,No
CUST-04613,2025-09,Month-to-month,Premium,0,64.83,No,Referral,South,3,3,81.4,0,No
CUST-04614,2025-09,One year,Standard,4,67.74,Yes,Organic,South,3,3,48.9,1,No
CUST-04615,2025-05,One year,Standard,0,36.17,Yes,Paid Search,Northeast,3,7,34.8,1,Yes
CUST-04616,2024-08,Two year,Standard,1,41.8,Yes,Referral,Northeast,16,16,68.6,0,No
CUST-04617,2025-02,One year,Standard,2,49.18,Yes,Organic,Northeast,10,10,40.1,2,No
CUST-04618,2023-07,One year,Standard,4,65.9,Yes,Sales-Assisted,Midwest,4,29,79.7,0,Yes
CUST-04619,2024-12,Month-to-month,Standard,1,40.44,No,Referral,West,1,12,72.1,0,Yes
CUST-04620,2023-09,Month-to-month,Basic,2,30.03,No,Organic,Midwest,15,27,58.6,0,Yes
CUST-04621,2024-04,Two year,Basic,1,22.73,No,Organic,South,20,20,73.1,0,No
CUST-04622,2024-02,Two year,Basic,0,17.0,Yes,Paid Search,West,22,22,49.7,1,No
CUST-04623,2023-10,Month-to-month,Basic,0,17.84,Yes,Organic,Northeast,6,26,69.7,0,Yes
CUST-04624,2023-12,Month-to-month,Standard,0,32.17,Yes,Organic,West,24,24,61.3,0,No
CUST-04625,2024-05,Two year,Standard,1,43.78,No,Organic,West,19,19,41.5,0,No
CUST-04626,2025-02,Two year,Basic,2,32.13,Yes,Organic,Midwest,2,10,92.7,0,Yes
CUST-04627,2025-10,Month-to-month,Basic,1,23.86,No,Paid Search,West,2,2,62.2,0,No
CUST-04628,2025-08,Month-to-month,Basic,3,40.7,Yes,Organic,South,4,4,92.0,0,No
CUST-04629,2025-08,Month-to-month,Basic,1,25.74,Yes,Paid Search,Midwest,4,4,59.6,0,No
CUST-04630,2024-11,Month-to-month,Standard,2,52.17,Yes,Paid Search,West,9,13,45.9,1,Yes
CUST-04631,2023-10,Month-to-month,Basic,0,13.8,Yes,Referral,Midwest,1,26,58.7,1,Yes
CUST-04632,2023-07,Month-to-month,Standard,2,50.53,Yes,Sales-Assisted,West,13,29,80.7,1,Yes
CUST-04633,2024-01,Month-to-month,Premium,2,80.4,Yes,Paid Search,Midwest,19,23,38.5,1,Yes
CUST-04634,2025-01,Month-to-month,Standard,0,38.52,Yes,Organic,Northeast,1,11,33.1,0,Yes
CUST-04635,2024-05,Month-to-month,Standard,2,50.02,No,Organic,South,1,19,83.7,0,Yes
CUST-04636,2023-09,One year,Premium,0,63.39,Yes,Paid Search,South,27,27,84.2,0,No
CUST-04637,2025-07,One year,Standard,1,44.03,Yes,Organic,West,3,5,58.7,1,Yes
CUST-04638,2024-04,One year,Basic,1,25.32,Yes,Paid Search,Midwest,20,20,56.5,1,No
CUST-04639,2025-04,One year,Premium,4,100.03,Yes,Referral,Midwest,8,8,76.0,0,No
CUST-04640,2023-12,Month-to-month,Basic,1,22.47,No,Organic,South,24,24,70.3,0,Yes
CUST-04641,2024-06,Month-to-month,Premium,2,78.58,No,Sales-Assisted,Northeast,9,18,59.5,0,Yes
CUST-04642,2025-04,One year,Premium,1,73.39,Yes,Referral,Northeast,8,8,54.5,0,No
CUST-04643,2024-02,Month-to-month,Basic,1,24.65,Yes,Organic,Midwest,22,22,70.6,0,No
CUST-04644,2025-01,Month-to-month,Basic,1,24.04,Yes,Organic,Northeast,11,11,77.9,0,No
CUST-04645,2023-11,Month-to-month,Basic,1,26.36,Yes,Sales-Assisted,Northeast,23,25,27.4,0,Yes
CUST-04646,2025-06,Two year,Premium,2,82.02,Yes,Paid Search,Midwest,6,6,32.6,0,No
CUST-04647,2024-08,Month-to-month,Basic,0,17.04,Yes,Referral,Northeast,6,16,50.0,1,Yes
CUST-04648,2024-09,One year,Premium,3,90.71,Yes,Paid Search,Midwest,15,15,77.2,0,No
CUST-04649,2023-12,Month-to-month,Standard,4,67.02,Yes,Organic,Midwest,10,24,42.0,0,Yes
CUST-04650,2025-08,Month-to-month,Premium,2,79.8,Yes,Paid Search,Midwest,4,4,88.9,0,No
CUST-04651,2024-11,One year,Basic,2,29.12,No,Paid Search,Northeast,2,13,42.8,0,Yes
CUST-04652,2023-10,Month-to-month,Premium,1,69.96,Yes,Organic,Midwest,15,26,49.7,2,Yes
CUST-04653,2024-07,One year,Standard,0,33.92,No,Referral,Northeast,1,17,79.5,0,Yes
CUST-04654,2025-04,Month-to-month,Standard,0,33.53,No,Referral,Northeast,2,8,59.3,0,Yes
CUST-04655,2024-02,Month-to-month,Basic,2,27.8,Yes,Paid Search,Northeast,22,22,53.7,0,No
CUST-04656,2025-04,One year,Standard,1,43.36,No,Referral,Midwest,7,8,85.9,0,Yes
CUST-04657,2025-09,Two year,Standard,2,51.35,Yes,Sales-Assisted,West,3,3,54.8,0,No
CUST-04658,2025-10,One year,Basic,1,19.31,Yes,Referral,Midwest,2,2,54.4,0,No
CUST-04659,2024-03,Two year,Premium,2,80.07,Yes,Organic,West,21,21,74.1,0,No
CUST-04660,2023-11,Month-to-month,Basic,2,29.19,Yes,Organic,West,25,25,85.3,0,No
CUST-04661,2025-11,Month-to-month,Standard,1,43.54,Yes,Sales-Assisted,Northeast,1,1,59.0,0,No
CUST-04662,2025-05,Two year,Standard,0,34.51,No,Paid Search,South,7,7,64.8,1,No
CUST-04663,2023-10,Two year,Basic,2,28.77,No,Sales-Assisted,Midwest,26,26,71.7,0,No
CUST-04664,2025-05,One year,Basic,1,23.45,Yes,Paid Search,South,7,7,76.1,0,No
CUST-04665,2024-06,Two year,Basic,3,37.75,Yes,Paid Search,West,18,18,83.3,0,No
CUST-04666,2024-01,Month-to-month,Standard,3,60.6,Yes,Organic,Northeast,8,23,47.1,0,Yes
CUST-04667,2024-01,Month-to-month,Standard,4,67.91,No,Organic,Northeast,2,23,71.1,0,Yes
CUST-04668,2024-09,Month-to-month,Basic,1,21.67,Yes,Referral,South,15,15,75.5,0,No
CUST-04669,2025-01,One year,Standard,2,52.6,Yes,Organic,Midwest,11,11,61.1,0,No
CUST-04670,2025-03,Month-to-month,Standard,0,36.07,No,Organic,Midwest,9,9,61.1,0,No
CUST-04671,2023-09,One year,Standard,0,35.0,Yes,Sales-Assisted,Midwest,1,27,99.2,0,Yes
CUST-04672,2023-11,One year,Basic,0,12.73,Yes,Sales-Assisted,South,25,25,88.8,0,No
CUST-04673,2025-09,Two year,Basic,1,21.32,Yes,Organic,West,3,3,82.3,0,No
CUST-04674,2025-11,One year,Basic,0,15.61,Yes,Paid Search,West,1,1,45.6,0,No
CUST-04675,2025-08,Month-to-month,Basic,3,39.59,Yes,Organic,South,4,4,63.3,0,No
CUST-04676,2023-11,Month-to-month,Basic,1,21.08,No,Organic,West,5,25,58.8,0,Yes
CUST-04677,2023-07,Month-to-month,Premium,1,74.98,Yes,Organic,Midwest,7,29,65.2,0,Yes
CUST-04678,2024-03,One year,Standard,0,36.43,Yes,Organic,Midwest,21,21,60.7,0,No
CUST-04679,2025-04,One year,Basic,0,14.61,Yes,Paid Search,West,3,8,83.5,0,Yes
CUST-04680,2024-02,Month-to-month,Basic,0,18.59,Yes,Paid Search,South,2,22,63.1,0,Yes
CUST-04681,2024-07,Month-to-month,Basic,1,21.5,No,Referral,West,4,17,82.2,0,Yes
CUST-04682,2025-05,Month-to-month,Basic,2,30.93,No,Paid Search,Northeast,7,7,89.9,0,No
CUST-04683,2024-05,Two year,Standard,0,29.5,Yes,Organic,West,19,19,52.7,1,No
CUST-04684,2024-09,One year,Premium,1,71.58,Yes,Paid Search,Midwest,2,15,59.9,1,Yes
CUST-04685,2025-02,One year,Premium,1,74.4,Yes,Organic,Midwest,10,10,67.7,0,No
CUST-04686,2024-06,Month-to-month,Basic,0,13.22,No,Organic,South,10,18,47.0,1,Yes
CUST-04687,2025-03,One year,Standard,1,40.28,Yes,Paid Search,Midwest,6,9,38.2,2,Yes
CUST-04688,2025-09,Two year,Premium,1,71.35,Yes,Paid Search,Northeast,3,3,79.1,0,No
CUST-04689,2025-05,Month-to-month,Premium,0,64.03,Yes,Paid Search,Midwest,2,7,40.8,0,Yes
CUST-04690,2023-08,Month-to-month,Standard,3,63.04,Yes,Referral,South,28,28,70.1,0,No
CUST-04691,2024-10,One year,Standard,3,57.84,Yes,Sales-Assisted,Northeast,14,14,55.0,1,No
CUST-04692,2024-06,Month-to-month,Premium,1,72.31,No,Paid Search,Northeast,15,18,49.6,0,Yes
CUST-04693,2023-09,Month-to-month,Premium,2,79.55,Yes,Referral,Northeast,26,27,95.6,0,Yes
CUST-04694,2025-08,Month-to-month,Premium,0,68.76,Yes,Paid Search,Northeast,4,4,73.0,0,No
CUST-04695,2023-12,One year,Basic,3,40.64,No,Paid Search,Northeast,24,24,63.4,0,No
CUST-04696,2024-09,One year,Basic,0,16.05,Yes,Organic,West,15,15,81.1,1,No
CUST-04697,2025-02,Month-to-month,Premium,2,80.5,No,Sales-Assisted,Northeast,10,10,88.5,0,No
CUST-04698,2023-08,Month-to-month,Premium,4,94.35,Yes,Referral,Midwest,3,28,76.1,1,Yes
CUST-04699,2024-10,One year,Basic,2,34.53,Yes,Organic,South,14,14,66.0,0,No
CUST-04700,2023-09,One year,Standard,0,32.97,Yes,Referral,South,19,27,63.9,0,Yes
CUST-04701,2024-05,Two year,Basic,0,16.04,Yes,Organic,Midwest,19,19,67.9,0,No
CUST-04702,2024-06,One year,Premium,0,64.56,No,Referral,South,18,18,77.3,0,No
CUST-04703,2025-05,Month-to-month,Basic,0,17.9,Yes,Organic,Northeast,7,7,88.0,0,No
CUST-04704,2025-05,Two year,Basic,0,14.98,No,Organic,West,7,7,42.7,3,No
CUST-04705,2024-10,Month-to-month,Standard,0,34.39,Yes,Paid Search,South,14,14,56.4,0,No
CUST-04706,2024-05,One year,Premium,0,63.84,Yes,Paid Search,Northeast,19,19,70.8,0,No
CUST-04707,2024-01,Month-to-month,Basic,2,29.17,Yes,Paid Search,Midwest,23,23,40.8,0,No
CUST-04708,2024-12,One year,Basic,2,33.05,Yes,Organic,West,12,12,68.2,0,No
CUST-04709,2025-05,Month-to-month,Premium,4,95.94,Yes,Paid Search,Midwest,7,7,62.6,0,No
CUST-04710,2024-08,Two year,Premium,0,67.03,Yes,Organic,Northeast,9,16,72.6,0,Yes
CUST-04711,2025-08,Month-to-month,Standard,2,51.9,No,Sales-Assisted,Midwest,4,4,55.3,1,No
CUST-04712,2023-12,Month-to-month,Standard,1,42.76,Yes,Sales-Assisted,Midwest,3,24,30.0,4,Yes
CUST-04713,2024-12,Month-to-month,Standard,2,50.07,Yes,Paid Search,West,12,12,68.5,1,No
CUST-04714,2024-02,Month-to-month,Standard,1,42.38,Yes,Sales-Assisted,West,22,22,74.1,0,No
CUST-04715,2025-08,Month-to-month,Premium,1,73.07,Yes,Organic,South,4,4,26.1,3,No
CUST-04716,2024-10,One year,Standard,1,42.8,Yes,Referral,Northeast,14,14,48.3,2,No
CUST-04717,2025-09,Month-to-month,Premium,0,62.6,Yes,Referral,Northeast,3,3,86.4,0,No
CUST-04718,2023-08,One year,Standard,4,70.04,No,Organic,South,28,28,95.7,0,No
CUST-04719,2024-07,Two year,Premium,1,72.67,No,Sales-Assisted,South,17,17,73.2,0,No
CUST-04720,2024-01,Month-to-month,Standard,0,36.27,Yes,Referral,West,1,23,72.9,1,Yes
CUST-04721,2024-04,One year,Standard,0,36.78,No,Paid Search,South,7,20,31.7,1,Yes
CUST-04722,2025-04,One year,Standard,1,45.44,Yes,Paid Search,Midwest,8,8,84.9,0,No
CUST-04723,2025-11,One year,Basic,3,40.01,Yes,Paid Search,West,1,1,27.1,0,No
CUST-04724,2023-09,Month-to-month,Basic,3,37.15,Yes,Sales-Assisted,South,3,27,36.3,0,Yes
CUST-04725,2025-01,One year,Basic,2,29.81,Yes,Sales-Assisted,South,1,11,65.7,0,Yes
CUST-04726,2025-10,Two year,Standard,1,41.6,Yes,Sales-Assisted,Midwest,2,2,61.1,0,No
CUST-04727,2025-05,Month-to-month,Premium,4,94.27,No,Organic,Northeast,7,7,61.8,1,No
CUST-04728,2025-09,Month-to-month,Basic,1,23.93,Yes,Paid Search,South,3,3,73.2,0,No
CUST-04729,2023-07,Month-to-month,Standard,0,34.54,Yes,Referral,West,11,29,64.6,0,Yes
CUST-04730,2024-03,Month-to-month,Standard,0,39.22,No,Sales-Assisted,Midwest,14,21,91.9,0,Yes
CUST-04731,2024-09,Month-to-month,Basic,3,39.17,Yes,Paid Search,Northeast,15,15,46.6,1,No
CUST-04732,2024-10,One year,Basic,0,16.62,No,Sales-Assisted,Midwest,14,14,41.4,1,No
CUST-04733,2025-03,One year,Standard,2,45.88,No,Paid Search,Midwest,9,9,54.0,0,No
CUST-04734,2024-03,One year,Basic,4,42.05,Yes,Referral,South,21,21,62.8,0,No
CUST-04735,2025-03,Month-to-month,Basic,2,26.73,Yes,Paid Search,Midwest,9,9,62.9,0,No
CUST-04736,2025-10,Two year,Basic,0,11.8,Yes,Referral,Northeast,2,2,71.2,0,No
CUST-04737,2023-07,Month-to-month,Standard,2,49.58,No,Referral,Midwest,3,29,59.0,0,Yes
CUST-04738,2025-10,Month-to-month,Standard,4,71.72,Yes,Sales-Assisted,West,2,2,58.6,0,No
CUST-04739,2024-06,One year,Premium,0,66.82,Yes,Sales-Assisted,South,2,18,61.9,0,Yes
CUST-04740,2024-09,Month-to-month,Basic,2,31.09,Yes,Paid Search,Northeast,3,15,72.6,0,Yes
CUST-04741,2025-02,Month-to-month,Premium,0,62.55,Yes,Paid Search,Midwest,4,10,63.0,0,Yes
CUST-04742,2025-04,Month-to-month,Premium,1,77.38,No,Sales-Assisted,West,6,8,64.8,0,Yes
CUST-04743,2025-10,Month-to-month,Standard,2,49.5,Yes,Organic,Midwest,2,2,66.1,0,No
CUST-04744,2024-07,Two year,Standard,4,67.7,Yes,Paid Search,West,17,17,71.9,0,No
CUST-04745,2025-07,One year,Premium,3,86.75,Yes,Organic,South,5,5,53.4,0,No
CUST-04746,2024-09,Month-to-month,Standard,1,44.18,Yes,Organic,Midwest,3,15,36.9,0,Yes
CUST-04747,2024-05,Two year,Standard,0,37.57,Yes,Referral,South,19,19,60.1,0,No
CUST-04748,2024-09,Month-to-month,Basic,0,16.51,Yes,Organic,South,2,15,67.3,1,Yes
CUST-04749,2024-02,Two year,Basic,1,20.84,Yes,Sales-Assisted,West,22,22,70.2,0,No
CUST-04750,2023-08,One year,Basic,0,13.56,Yes,Paid Search,Northeast,28,28,97.0,0,No
CUST-04751,2025-05,One year,Standard,2,52.83,Yes,Organic,Northeast,3,7,51.3,1,Yes
CUST-04752,2025-07,One year,Standard,2,49.36,No,Organic,Midwest,5,5,36.8,2,No
CUST-04753,2023-12,Month-to-month,Standard,2,51.95,No,Organic,South,3,24,78.8,0,Yes
CUST-04754,2024-03,One year,Basic,1,20.97,No,Referral,Midwest,21,21,81.8,0,No
CUST-04755,2023-09,One year,Basic,2,31.34,Yes,Referral,Midwest,20,27,62.4,0,Yes
CUST-04756,2024-05,Month-to-month,Standard,0,30.4,Yes,Paid Search,Northeast,19,19,94.4,0,No
CUST-04757,2025-04,One year,Basic,1,24.33,No,Referral,South,8,8,53.0,0,No
CUST-04758,2024-05,Month-to-month,Standard,0,35.23,Yes,Organic,Northeast,1,19,78.3,0,Yes
CUST-04759,2023-09,Month-to-month,Standard,0,33.28,No,Organic,Northeast,27,27,70.6,0,No
CUST-04760,2025-05,One year,Premium,4,97.75,Yes,Organic,Northeast,7,7,58.9,0,No
CUST-04761,2024-02,Month-to-month,Basic,0,13.8,No,Organic,West,11,22,33.9,3,Yes
CUST-04762,2023-12,Month-to-month,Basic,0,13.78,No,Organic,West,24,24,81.9,1,No
CUST-04763,2023-11,Month-to-month,Standard,1,39.09,Yes,Paid Search,South,25,25,81.4,0,No
CUST-04764,2023-09,Month-to-month,Basic,1,24.4,Yes,Sales-Assisted,Midwest,8,27,89.4,0,Yes
CUST-04765,2024-02,Month-to-month,Basic,3,36.48,No,Referral,Midwest,22,22,35.2,0,No
CUST-04766,2023-11,Month-to-month,Basic,0,18.44,Yes,Organic,Midwest,25,25,56.7,0,No
CUST-04767,2024-08,Month-to-month,Standard,3,58.54,No,Paid Search,West,16,16,63.6,0,No
CUST-04768,2024-06,Month-to-month,Standard,3,57.69,Yes,Sales-Assisted,West,18,18,84.3,1,No
CUST-04769,2024-09,Two year,Standard,1,43.16,Yes,Referral,South,15,15,93.7,0,No
CUST-04770,2023-08,Two year,Premium,1,68.83,No,Organic,Midwest,28,28,44.8,1,No
CUST-04771,2024-01,One year,Basic,1,19.34,Yes,Referral,Northeast,23,23,60.4,1,No
CUST-04772,2023-11,Month-to-month,Basic,2,30.95,Yes,Organic,Midwest,25,25,64.8,0,No
CUST-04773,2023-11,Two year,Premium,2,79.93,Yes,Sales-Assisted,South,25,25,64.8,0,No
CUST-04774,2024-10,Month-to-month,Basic,3,36.89,Yes,Paid Search,Northeast,12,14,83.1,0,Yes
CUST-04775,2024-09,Month-to-month,Standard,1,44.34,No,Referral,Northeast,15,15,69.5,0,No
CUST-04776,2024-05,Month-to-month,Standard,2,51.77,Yes,Sales-Assisted,South,19,19,67.2,0,No
CUST-04777,2023-10,Two year,Standard,4,64.52,Yes,Organic,Midwest,24,26,36.4,1,Yes
CUST-04778,2023-07,One year,Standard,0,30.49,Yes,Paid Search,South,29,29,67.6,0,No
CUST-04779,2024-09,Month-to-month,Basic,2,32.94,Yes,Sales-Assisted,West,1,15,58.8,0,Yes
CUST-04780,2025-10,One year,Premium,1,72.94,No,Organic,West,2,2,57.2,0,No
CUST-04781,2024-04,One year,Standard,0,36.91,Yes,Paid Search,Northeast,20,20,75.4,0,No
CUST-04782,2023-09,Month-to-month,Premium,0,60.8,Yes,Referral,South,27,27,69.7,0,No
CUST-04783,2025-09,Month-to-month,Standard,0,38.28,Yes,Referral,South,3,3,58.4,0,No
CUST-04784,2025-01,Two year,Standard,0,35.12,Yes,Sales-Assisted,West,11,11,53.4,0,No
CUST-04785,2024-07,Month-to-month,Basic,0,13.59,No,Organic,Midwest,8,17,32.7,1,Yes
CUST-04786,2024-02,One year,Basic,0,17.28,Yes,Paid Search,Midwest,5,22,51.8,0,Yes
CUST-04787,2023-07,Month-to-month,Standard,0,35.43,No,Organic,South,17,29,65.5,0,Yes
CUST-04788,2024-09,Month-to-month,Standard,3,56.37,Yes,Paid Search,Northeast,1,15,50.9,0,Yes
CUST-04789,2024-10,Two year,Basic,1,27.42,Yes,Paid Search,West,14,14,87.2,0,No
CUST-04790,2025-07,One year,Standard,0,30.86,Yes,Referral,Midwest,5,5,64.9,0,No
CUST-04791,2024-09,One year,Basic,0,14.57,No,Paid Search,Northeast,15,15,11.8,2,No
CUST-04792,2025-09,One year,Standard,2,53.19,No,Paid Search,Midwest,3,3,67.0,0,No
CUST-04793,2024-01,One year,Premium,0,67.58,Yes,Organic,Midwest,23,23,89.5,0,No
CUST-04794,2023-12,Two year,Premium,1,73.84,Yes,Paid Search,West,24,24,39.1,2,No
CUST-04795,2024-04,Month-to-month,Standard,0,32.11,Yes,Referral,Midwest,20,20,65.8,0,No
CUST-04796,2023-07,Month-to-month,Basic,1,25.11,Yes,Organic,Northeast,25,29,92.1,0,Yes
CUST-04797,2024-03,Two year,Standard,0,35.59,Yes,Paid Search,Northeast,21,21,20.4,2,No
CUST-04798,2023-10,One year,Standard,1,44.05,No,Paid Search,West,26,26,56.5,0,No
CUST-04799,2024-08,Month-to-month,Basic,0,11.9,No,Organic,West,16,16,72.9,0,No
CUST-04800,2024-04,Two year,Standard,4,69.97,Yes,Paid Search,Northeast,20,20,97.1,0,No
CUST-04801,2025-09,Month-to-month,Basic,0,16.53,Yes,Paid Search,Midwest,3,3,51.6,1,No
CUST-04802,2025-03,Month-to-month,Premium,0,63.69,Yes,Sales-Assisted,Midwest,2,9,63.4,0,Yes
CUST-04803,2025-10,Two year,Standard,2,50.39,No,Referral,West,2,2,76.7,0,No
CUST-04804,2024-01,Two year,Premium,2,77.22,Yes,Paid Search,Northeast,23,23,93.2,0,No
CUST-04805,2024-08,One year,Basic,2,31.54,Yes,Sales-Assisted,Midwest,16,16,79.9,0,No
CUST-04806,2023-07,Two year,Premium,0,70.69,Yes,Sales-Assisted,South,29,29,57.1,0,No
CUST-04807,2025-09,One year,Premium,2,81.72,Yes,Organic,Midwest,3,3,67.7,0,No
CUST-04808,2023-12,Two year,Basic,1,24.9,Yes,Organic,Midwest,24,24,93.2,0,No
CUST-04809,2023-07,Month-to-month,Standard,3,55.8,No,Referral,Midwest,2,29,18.0,0,Yes
CUST-04810,2023-12,Month-to-month,Basic,1,21.22,No,Organic,Midwest,19,24,60.7,0,Yes
CUST-04811,2025-06,Month-to-month,Premium,0,64.35,No,Sales-Assisted,South,6,6,55.0,0,No
CUST-04812,2025-07,One year,Basic,0,17.17,No,Organic,South,5,5,70.3,0,No
CUST-04813,2023-10,Month-to-month,Basic,0,14.37,No,Organic,Midwest,26,26,63.2,0,No
CUST-04814,2024-04,Month-to-month,Basic,0,15.49,Yes,Paid Search,West,20,20,59.8,0,No
CUST-04815,2023-08,One year,Basic,1,21.4,Yes,Paid Search,South,28,28,61.1,0,No
CUST-04816,2023-12,Month-to-month,Premium,3,86.84,Yes,Organic,Midwest,3,24,67.9,0,Yes
CUST-04817,2024-10,Month-to-month,Basic,2,28.72,No,Sales-Assisted,South,14,14,65.7,2,No
CUST-04818,2023-10,One year,Basic,1,24.5,Yes,Paid Search,West,26,26,90.3,0,No
CUST-04819,2024-01,One year,Basic,0,15.73,Yes,Referral,West,23,23,38.6,1,No
CUST-04820,2023-11,Two year,Standard,0,37.31,Yes,Paid Search,West,25,25,83.1,0,No
CUST-04821,2024-05,Month-to-month,Basic,1,25.07,No,Referral,Northeast,5,19,45.0,0,Yes
CUST-04822,2024-08,One year,Standard,0,30.21,Yes,Organic,Midwest,16,16,82.6,0,No
CUST-04823,2024-05,Month-to-month,Standard,0,33.65,No,Paid Search,Midwest,19,19,44.3,0,No
CUST-04824,2025-08,Month-to-month,Premium,1,71.42,Yes,Paid Search,South,4,4,54.2,0,Yes
CUST-04825,2023-11,One year,Basic,4,49.42,Yes,Organic,Midwest,25,25,53.2,0,No
CUST-04826,2025-07,Month-to-month,Standard,2,54.09,Yes,Sales-Assisted,South,5,5,46.2,1,No
CUST-04827,2023-12,Month-to-month,Basic,3,41.46,Yes,Paid Search,Northeast,3,24,62.6,0,Yes
CUST-04828,2023-07,Month-to-month,Standard,2,47.34,No,Organic,Midwest,15,29,64.4,0,Yes
CUST-04829,2023-07,Two year,Basic,0,14.83,Yes,Paid Search,Midwest,29,29,97.0,0,No
CUST-04830,2025-01,Month-to-month,Basic,4,45.71,No,Organic,South,11,11,81.1,0,No
CUST-04831,2025-10,Month-to-month,Standard,1,45.31,No,Paid Search,Northeast,2,2,69.4,0,No
CUST-04832,2025-08,Month-to-month,Basic,0,18.2,Yes,Organic,South,4,4,60.6,0,No
CUST-04833,2025-01,One year,Basic,0,13.65,Yes,Referral,Midwest,11,11,59.3,1,No
CUST-04834,2024-06,One year,Basic,0,15.17,Yes,Paid Search,West,13,18,52.0,0,Yes
CUST-04835,2024-07,Two year,Standard,0,36.36,No,Referral,Midwest,17,17,88.7,0,No
CUST-04836,2023-09,Two year,Standard,1,42.94,Yes,Referral,South,27,27,51.7,1,No
CUST-04837,2025-03,Two year,Basic,2,30.54,Yes,Organic,South,9,9,57.9,0,No
CUST-04838,2025-10,One year,Standard,0,34.9,No,Paid Search,Midwest,2,2,67.7,0,No
CUST-04839,2025-04,One year,Standard,3,61.57,Yes,Paid Search,West,8,8,84.8,0,No
CUST-04840,2025-11,Two year,Premium,0,64.2,Yes,Organic,Northeast,1,1,68.1,0,No
CUST-04841,2024-08,Month-to-month,Standard,0,37.83,Yes,Organic,Midwest,16,16,66.4,0,No
CUST-04842,2025-06,One year,Standard,1,43.97,Yes,Referral,South,6,6,81.7,0,No
CUST-04843,2025-04,Two year,Basic,2,29.83,Yes,Organic,Northeast,8,8,75.9,1,No
CUST-04844,2024-07,Month-to-month,Basic,2,30.28,Yes,Organic,Midwest,17,17,67.2,0,No
CUST-04845,2025-11,Two year,Basic,0,14.94,Yes,Organic,Midwest,1,1,32.4,1,No
CUST-04846,2024-12,Month-to-month,Basic,1,21.33,No,Organic,West,12,12,89.8,0,No
CUST-04847,2024-06,Month-to-month,Basic,4,47.99,Yes,Organic,West,17,18,40.5,3,Yes
CUST-04848,2025-10,Month-to-month,Premium,0,65.59,Yes,Organic,West,2,2,57.6,0,No
CUST-04849,2025-02,One year,Standard,2,52.32,Yes,Sales-Assisted,West,10,10,90.4,0,No
CUST-04850,2024-10,Two year,Basic,1,22.59,Yes,Organic,Midwest,14,14,82.7,0,No
CUST-04851,2024-06,Month-to-month,Standard,2,53.15,Yes,Paid Search,Northeast,14,18,42.0,0,Yes
CUST-04852,2024-02,One year,Basic,1,22.71,Yes,Organic,Midwest,1,22,94.6,0,Yes
CUST-04853,2025-09,One year,Basic,1,25.23,No,Referral,Midwest,3,3,54.1,0,No
CUST-04854,2025-06,Month-to-month,Basic,0,13.48,Yes,Paid Search,Northeast,6,6,66.2,0,No
CUST-04855,2023-09,One year,Standard,4,65.57,Yes,Paid Search,South,27,27,65.3,0,No
CUST-04856,2024-10,Two year,Standard,0,33.82,Yes,Paid Search,West,14,14,84.5,0,No
CUST-04857,2024-03,One year,Basic,1,26.59,Yes,Organic,Midwest,21,21,59.9,0,No
CUST-04858,2025-10,Month-to-month,Basic,0,14.82,No,Sales-Assisted,West,2,2,73.6,0,No
CUST-04859,2023-12,Month-to-month,Standard,0,36.14,No,Organic,Midwest,24,24,84.8,0,No
CUST-04860,2023-10,Month-to-month,Standard,1,47.02,Yes,Organic,West,1,26,34.7,0,Yes
CUST-04861,2025-07,Month-to-month,Standard,0,36.65,No,Organic,Midwest,5,5,76.2,0,No
CUST-04862,2024-09,One year,Standard,3,59.92,No,Sales-Assisted,Northeast,15,15,73.8,0,No
CUST-04863,2025-08,One year,Standard,2,48.45,Yes,Paid Search,South,4,4,78.1,0,No
CUST-04864,2024-06,Month-to-month,Premium,1,74.88,Yes,Referral,West,18,18,87.5,0,No
CUST-04865,2024-11,Month-to-month,Basic,0,12.89,No,Organic,South,4,13,41.1,1,Yes
CUST-04866,2024-05,Month-to-month,Standard,3,57.56,Yes,Paid Search,Northeast,19,19,88.2,0,No
CUST-04867,2023-11,Two year,Standard,0,35.44,Yes,Sales-Assisted,Northeast,25,25,43.1,0,No
CUST-04868,2024-02,One year,Basic,2,29.79,Yes,Paid Search,Northeast,22,22,55.9,0,No
CUST-04869,2025-09,One year,Basic,0,18.56,Yes,Paid Search,Northeast,3,3,57.1,1,No
CUST-04870,2025-06,One year,Premium,1,70.78,Yes,Paid Search,Northeast,6,6,47.9,1,No
CUST-04871,2025-05,Month-to-month,Standard,1,43.47,No,Sales-Assisted,Northeast,2,7,83.6,0,Yes
CUST-04872,2024-02,Month-to-month,Basic,0,15.57,No,Referral,Northeast,22,22,56.3,0,No
CUST-04873,2023-12,Month-to-month,Standard,0,38.58,Yes,Sales-Assisted,Midwest,20,24,30.7,0,Yes
CUST-04874,2024-08,One year,Standard,1,44.94,Yes,Organic,West,16,16,67.0,0,No
CUST-04875,2025-08,Two year,Basic,0,17.29,Yes,Sales-Assisted,South,4,4,41.1,1,No
CUST-04876,2025-02,Month-to-month,Standard,2,51.8,Yes,Referral,Midwest,10,10,62.0,0,No
CUST-04877,2025-11,Month-to-month,Basic,1,25.03,Yes,Referral,Midwest,1,1,47.8,0,Yes
CUST-04878,2024-05,One year,Standard,2,54.06,Yes,Referral,Northeast,19,19,71.0,1,No
CUST-04879,2023-09,One year,Basic,0,12.86,Yes,Organic,West,12,27,86.8,0,Yes
CUST-04880,2025-02,Month-to-month,Basic,2,29.15,No,Organic,Midwest,3,10,61.7,0,Yes
CUST-04881,2024-08,Two year,Standard,2,50.85,Yes,Organic,West,16,16,72.2,0,No
CUST-04882,2025-03,Month-to-month,Basic,0,17.04,Yes,Paid Search,West,9,9,61.3,1,No
CUST-04883,2024-02,Month-to-month,Basic,0,15.28,Yes,Paid Search,West,7,22,59.0,0,Yes
CUST-04884,2024-07,Month-to-month,Premium,0,61.48,No,Referral,Northeast,2,17,95.4,0,Yes
CUST-04885,2025-03,Month-to-month,Basic,2,31.33,No,Sales-Assisted,Northeast,4,9,68.6,0,Yes
CUST-04886,2025-03,Month-to-month,Standard,3,56.2,Yes,Organic,South,3,9,55.0,0,Yes
CUST-04887,2024-05,One year,Standard,0,35.13,Yes,Referral,West,19,19,86.9,0,No
CUST-04888,2023-07,Month-to-month,Basic,3,33.91,Yes,Organic,Northeast,1,29,74.5,0,Yes
CUST-04889,2024-08,Two year,Basic,0,14.58,No,Sales-Assisted,Northeast,16,16,49.2,1,No
CUST-04890,2024-07,Month-to-month,Standard,1,44.86,Yes,Paid Search,West,6,17,95.3,0,Yes
CUST-04891,2025-10,One year,Standard,1,43.69,Yes,Paid Search,Midwest,2,2,42.1,1,No
CUST-04892,2024-11,Month-to-month,Basic,0,13.66,Yes,Referral,Northeast,13,13,56.9,0,No
CUST-04893,2023-12,One year,Standard,3,62.15,Yes,Sales-Assisted,South,24,24,67.6,0,No
CUST-04894,2025-01,Month-to-month,Basic,0,13.9,Yes,Paid Search,Northeast,11,11,37.5,1,No
CUST-04895,2025-02,Month-to-month,Premium,2,80.84,No,Referral,West,10,10,55.6,0,No
CUST-04896,2025-10,Month-to-month,Premium,0,66.25,Yes,Paid Search,South,2,2,90.4,0,No
CUST-04897,2023-10,Two year,Basic,0,13.98,Yes,Referral,West,26,26,76.5,1,No
CUST-04898,2025-01,Month-to-month,Standard,1,43.62,Yes,Referral,Midwest,11,11,76.8,0,No
CUST-04899,2025-05,One year,Basic,2,35.1,Yes,Organic,Northeast,7,7,56.0,0,No
CUST-04900,2023-12,Month-to-month,Standard,0,34.08,Yes,Referral,South,7,24,58.9,0,Yes
CUST-04901,2025-07,Month-to-month,Standard,1,41.68,Yes,Paid Search,South,5,5,76.9,0,No
CUST-04902,2025-06,One year,Standard,2,52.27,Yes,Organic,Northeast,6,6,59.2,1,No
CUST-04903,2023-10,One year,Basic,2,28.81,Yes,Organic,West,26,26,38.3,2,No
CUST-04904,2024-11,Month-to-month,Standard,2,50.57,Yes,Referral,West,1,13,52.5,0,Yes
CUST-04905,2024-06,One year,Basic,1,19.64,No,Referral,South,1,18,71.3,0,Yes
CUST-04906,2024-05,Month-to-month,Standard,0,36.76,Yes,Referral,Midwest,1,19,83.8,0,Yes
CUST-04907,2024-04,Two year,Premium,1,71.82,Yes,Organic,South,20,20,49.7,1,No
CUST-04908,2024-11,Month-to-month,Basic,2,30.49,No,Paid Search,Northeast,13,13,78.9,0,No
CUST-04909,2024-09,Month-to-month,Basic,0,12.23,No,Paid Search,Midwest,15,15,55.3,2,No
CUST-04910,2024-09,Month-to-month,Standard,2,46.51,No,Paid Search,Northeast,5,15,44.2,2,Yes
CUST-04911,2025-03,One year,Standard,0,34.57,Yes,Paid Search,South,9,9,63.0,0,No
CUST-04912,2024-12,Month-to-month,Basic,0,15.62,Yes,Sales-Assisted,Midwest,12,12,96.8,0,No
CUST-04913,2025-09,Two year,Basic,1,20.31,No,Referral,Midwest,3,3,39.4,1,No
CUST-04914,2024-05,Month-to-month,Premium,0,64.7,No,Organic,West,13,19,33.4,2,Yes
CUST-04915,2025-07,Month-to-month,Standard,2,50.3,Yes,Organic,Northeast,2,5,36.1,1,Yes
CUST-04916,2024-06,Month-to-month,Basic,2,33.55,Yes,Paid Search,South,18,18,57.5,0,No
CUST-04917,2025-03,Month-to-month,Standard,1,40.43,Yes,Paid Search,South,9,9,87.0,0,No
CUST-04918,2024-09,Month-to-month,Basic,1,22.04,No,Organic,West,15,15,31.8,2,No
CUST-04919,2024-03,Month-to-month,Standard,2,54.93,Yes,Referral,Midwest,21,21,96.3,0,No
CUST-04920,2023-11,Month-to-month,Standard,2,51.12,No,Organic,West,10,25,76.0,0,Yes
CUST-04921,2023-07,Two year,Standard,1,41.92,No,Organic,Midwest,29,29,26.5,0,No
CUST-04922,2025-01,One year,Basic,2,31.7,Yes,Paid Search,West,11,11,69.0,0,No
CUST-04923,2024-03,Month-to-month,Basic,0,13.89,No,Paid Search,Northeast,21,21,92.8,0,No
CUST-04924,2024-02,Month-to-month,Basic,1,18.44,Yes,Sales-Assisted,South,3,22,61.0,0,Yes
CUST-04925,2025-02,One year,Premium,1,73.9,Yes,Organic,Northeast,10,10,80.9,0,No
CUST-04926,2025-02,One year,Standard,3,61.83,Yes,Referral,South,3,10,83.1,1,Yes
CUST-04927,2023-07,One year,Standard,0,34.96,Yes,Paid Search,Northeast,29,29,75.2,0,Yes
CUST-04928,2025-08,Two year,Basic,1,18.64,Yes,Paid Search,South,4,4,55.3,0,No
CUST-04929,2023-09,Month-to-month,Basic,4,44.29,No,Organic,West,27,27,84.0,0,No
CUST-04930,2024-10,Two year,Basic,1,21.23,Yes,Paid Search,West,14,14,71.0,0,No
CUST-04931,2023-08,Two year,Standard,1,41.94,Yes,Sales-Assisted,South,28,28,62.8,0,No
CUST-04932,2025-08,One year,Basic,2,30.37,Yes,Referral,Northeast,4,4,24.0,0,No
CUST-04933,2025-07,Two year,Premium,0,64.42,Yes,Organic,West,5,5,35.3,0,No
CUST-04934,2023-08,Two year,Basic,0,13.93,Yes,Referral,South,28,28,69.2,0,No
CUST-04935,2025-08,Month-to-month,Premium,2,81.06,Yes,Paid Search,West,4,4,50.7,0,Yes
CUST-04936,2023-09,Two year,Standard,2,51.55,Yes,Sales-Assisted,South,27,27,64.7,0,No
CUST-04937,2024-11,Month-to-month,Basic,1,23.49,Yes,Organic,Northeast,13,13,60.3,0,No
CUST-04938,2025-08,One year,Basic,0,19.39,Yes,Sales-Assisted,Midwest,4,4,36.2,0,No
CUST-04939,2024-09,One year,Basic,2,30.59,Yes,Sales-Assisted,Midwest,15,15,39.7,0,No
CUST-04940,2023-12,Month-to-month,Basic,2,33.15,Yes,Sales-Assisted,Midwest,2,24,66.5,1,Yes
CUST-04941,2023-11,Month-to-month,Basic,3,36.92,Yes,Organic,West,1,25,35.0,0,Yes
CUST-04942,2025-09,Month-to-month,Standard,1,44.09,No,Organic,Midwest,3,3,59.4,1,Yes
CUST-04943,2024-08,Month-to-month,Standard,0,33.52,Yes,Organic,Midwest,4,16,69.9,0,Yes
CUST-04944,2024-12,Two year,Basic,0,16.24,Yes,Paid Search,West,10,12,83.4,0,Yes
CUST-04945,2023-09,One year,Standard,1,44.09,No,Organic,West,3,27,65.4,0,Yes
CUST-04946,2025-04,Month-to-month,Premium,0,63.91,Yes,Paid Search,West,2,8,76.2,0,Yes
CUST-04947,2024-04,Month-to-month,Basic,3,36.46,Yes,Paid Search,Northeast,20,20,68.2,0,No
CUST-04948,2025-09,One year,Premium,0,68.19,Yes,Organic,South,3,3,65.6,0,No
CUST-04949,2024-09,Month-to-month,Standard,4,66.0,No,Organic,West,15,15,60.5,0,No
CUST-04950,2025-08,One year,Basic,1,21.98,Yes,Organic,South,4,4,96.8,0,No
CUST-04951,2023-10,Month-to-month,Basic,0,15.08,Yes,Paid Search,West,7,26,57.0,1,Yes
CUST-04952,2023-08,One year,Premium,3,87.69,Yes,Organic,West,28,28,69.1,0,No
CUST-04953,2025-03,Month-to-month,Basic,0,13.84,No,Organic,South,9,9,39.8,1,No
CUST-04954,2025-09,Month-to-month,Standard,1,46.28,Yes,Paid Search,South,3,3,84.5,0,No
CUST-04955,2025-05,Month-to-month,Basic,0,14.45,Yes,Referral,West,3,7,82.4,0,Yes
CUST-04956,2023-08,Month-to-month,Premium,0,64.39,No,Referral,Northeast,11,28,71.0,0,Yes
CUST-04957,2025-01,Two year,Basic,3,38.54,Yes,Organic,Midwest,11,11,72.8,0,No
CUST-04958,2025-05,Month-to-month,Basic,4,45.69,Yes,Organic,South,3,7,84.7,0,Yes
CUST-04959,2025-11,Two year,Standard,0,34.01,Yes,Organic,Midwest,1,1,78.9,0,No
CUST-04960,2024-06,One year,Basic,1,21.07,No,Organic,Midwest,12,18,40.7,0,Yes
CUST-04961,2025-02,Month-to-month,Premium,2,80.21,No,Organic,South,6,10,59.2,0,Yes
CUST-04962,2025-10,Two year,Premium,0,65.07,Yes,Organic,Northeast,2,2,67.8,1,No
CUST-04963,2025-08,One year,Basic,3,41.84,Yes,Organic,South,4,4,69.0,0,No
CUST-04964,2024-01,Two year,Basic,2,32.66,Yes,Paid Search,West,23,23,49.4,1,No
CUST-04965,2025-08,Month-to-month,Standard,0,33.95,Yes,Paid Search,Midwest,1,4,29.8,0,Yes
CUST-04966,2025-11,Month-to-month,Standard,1,43.4,No,Paid Search,Northeast,1,1,98.5,0,Yes
CUST-04967,2023-09,Month-to-month,Standard,2,51.65,No,Organic,Northeast,20,27,54.4,0,Yes
CUST-04968,2024-02,Month-to-month,Standard,0,35.17,No,Sales-Assisted,Midwest,22,22,51.3,0,No
CUST-04969,2024-02,Month-to-month,Standard,1,42.3,Yes,Organic,South,11,22,84.9,0,Yes
CUST-04970,2025-08,One year,Basic,0,17.01,Yes,Organic,South,4,4,33.7,1,No
CUST-04971,2025-07,Two year,Standard,4,69.57,Yes,Sales-Assisted,South,4,5,79.8,0,Yes
CUST-04972,2024-05,Month-to-month,Premium,1,69.03,No,Paid Search,Northeast,19,19,46.1,1,No
CUST-04973,2024-07,Two year,Standard,2,51.34,Yes,Organic,West,17,17,75.2,0,No
CUST-04974,2024-12,Month-to-month,Standard,0,34.69,Yes,Paid Search,South,5,12,72.9,0,Yes
CUST-04975,2024-05,Month-to-month,Standard,1,43.54,Yes,Sales-Assisted,Midwest,2,19,28.3,1,Yes
CUST-04976,2023-07,Month-to-month,Standard,0,37.52,Yes,Organic,West,5,29,71.2,0,Yes
CUST-04977,2023-11,Month-to-month,Premium,1,76.63,No,Organic,West,3,25,97.1,0,Yes
CUST-04978,2025-07,Month-to-month,Basic,0,14.95,Yes,Paid Search,Midwest,5,5,53.9,1,No
CUST-04979,2024-06,One year,Basic,3,39.19,Yes,Referral,West,12,18,68.3,0,Yes
CUST-04980,2025-06,Month-to-month,Basic,2,28.23,Yes,Referral,Midwest,4,6,61.5,0,Yes
CUST-04981,2025-06,Month-to-month,Standard,1,41.34,No,Paid Search,South,6,6,68.3,0,Yes
CUST-04982,2024-01,One year,Premium,1,74.96,Yes,Organic,Midwest,23,23,81.4,0,No
CUST-04983,2024-04,Month-to-month,Basic,1,22.06,Yes,Referral,Midwest,20,20,80.0,0,No
CUST-04984,2023-09,One year,Standard,1,41.84,Yes,Sales-Assisted,Midwest,27,27,53.5,0,No
CUST-04985,2024-12,Month-to-month,Standard,1,40.19,Yes,Paid Search,West,2,12,52.0,1,Yes
CUST-04986,2025-11,Two year,Standard,0,33.16,Yes,Organic,West,1,1,36.8,0,No
CUST-04987,2024-09,Month-to-month,Basic,0,10.95,No,Organic,Midwest,15,15,75.4,0,No
CUST-04988,2024-12,One year,Basic,1,26.65,Yes,Paid Search,South,12,12,58.0,1,No
CUST-04989,2024-11,One year,Basic,0,14.01,Yes,Organic,Northeast,13,13,22.0,2,No
CUST-04990,2025-10,Two year,Basic,0,11.69,Yes,Paid Search,South,2,2,43.8,2,No
CUST-04991,2023-10,One year,Standard,1,44.71,Yes,Organic,South,12,26,95.8,0,Yes
CUST-04992,2024-12,One year,Standard,0,35.47,Yes,Referral,Midwest,12,12,43.4,0,No
CUST-04993,2025-02,Month-to-month,Premium,0,64.81,Yes,Referral,South,10,10,55.6,2,No
CUST-04994,2025-08,Month-to-month,Basic,0,17.24,No,Referral,West,4,4,42.9,0,Yes
CUST-04995,2023-10,One year,Standard,0,36.28,Yes,Organic,South,26,26,48.0,0,No
CUST-04996,2023-09,Month-to-month,Standard,1,41.98,Yes,Organic,South,2,27,69.2,0,Yes
CUST-04997,2024-11,Month-to-month,Standard,2,51.03,No,Referral,West,4,13,75.9,0,Yes
CUST-04998,2024-01,One year,Standard,4,71.75,Yes,Organic,Northeast,23,23,79.6,0,No
CUST-04999,2024-12,Two year,Premium,1,73.98,Yes,Sales-Assisted,West,7,12,63.8,0,Yes
CUST-05000,2023-09,Month-to-month,Standard,1,42.14,Yes,Organic,Midwest,27,27,69.0,0,No
CUST-05001,2024-04,Month-to-month,Premium,0,67.56,Yes,Sales-Assisted,South,6,20,60.2,0,Yes
CUST-05002,2024-05,Two year,Basic,0,16.35,Yes,Paid Search,South,19,19,62.8,0,No
CUST-05003,2023-07,Two year,Standard,1,42.52,Yes,Organic,West,29,29,53.3,0,No
CUST-05004,2025-09,Month-to-month,Premium,0,67.05,Yes,Paid Search,West,3,3,52.2,0,No
CUST-05005,2023-10,One year,Standard,2,48.02,Yes,Sales-Assisted,Northeast,26,26,50.0,0,No
CUST-05006,2025-09,Two year,Standard,1,42.71,Yes,Organic,Midwest,3,3,35.8,5,No
CUST-05007,2025-03,Month-to-month,Standard,1,44.54,Yes,Organic,Midwest,9,9,59.0,0,No
CUST-05008,2024-12,Month-to-month,Basic,4,42.76,Yes,Referral,Midwest,3,12,40.1,3,Yes
CUST-05009,2025-09,Two year,Basic,1,17.79,Yes,Referral,South,3,3,68.3,0,No
CUST-05010,2025-11,Month-to-month,Basic,0,13.87,No,Organic,South,1,1,21.4,1,Yes
CUST-05011,2024-04,One year,Premium,1,72.25,Yes,Referral,South,20,20,70.4,0,No
CUST-05012,2025-10,Month-to-month,Premium,2,81.42,Yes,Paid Search,Northeast,2,2,68.1,0,No
CUST-05013,2025-01,Two year,Basic,2,32.7,Yes,Organic,Northeast,11,11,68.7,1,No
CUST-05014,2024-07,One year,Basic,0,14.17,Yes,Organic,Midwest,17,17,67.4,0,No
CUST-05015,2025-08,One year,Premium,0,62.67,No,Organic,South,4,4,44.8,0,No
CUST-05016,2024-04,Month-to-month,Premium,0,61.67,Yes,Referral,West,2,20,29.2,0,Yes
CUST-05017,2023-11,Month-to-month,Basic,1,24.25,Yes,Referral,Midwest,13,25,68.9,0,Yes
CUST-05018,2024-07,Month-to-month,Basic,1,24.26,No,Paid Search,West,17,17,95.7,0,No
CUST-05019,2025-01,Two year,Basic,2,32.53,Yes,Paid Search,Northeast,11,11,34.7,1,No
CUST-05020,2024-07,Month-to-month,Standard,0,35.04,No,Paid Search,Midwest,3,17,72.1,0,Yes
CUST-05021,2025-07,Two year,Basic,0,15.74,Yes,Organic,South,5,5,69.5,0,No
CUST-05022,2025-01,Month-to-month,Basic,2,29.7,No,Organic,West,1,11,53.1,1,Yes
CUST-05023,2024-10,Two year,Standard,0,34.63,Yes,Sales-Assisted,South,14,14,56.5,0,No
CUST-05024,2025-01,Month-to-month,Basic,3,42.15,Yes,Sales-Assisted,West,7,11,60.4,1,Yes
CUST-05025,2024-06,Month-to-month,Standard,2,52.38,Yes,Paid Search,Northeast,5,18,83.2,0,Yes
CUST-05026,2024-06,Month-to-month,Basic,1,24.98,No,Referral,West,7,18,92.6,0,Yes
CUST-05027,2024-04,Month-to-month,Standard,3,57.31,Yes,Paid Search,Northeast,3,20,99.7,0,Yes
CUST-05028,2024-06,One year,Basic,1,24.73,Yes,Referral,Midwest,7,18,54.4,2,Yes
CUST-05029,2024-12,Month-to-month,Standard,3,60.44,Yes,Organic,West,2,12,73.3,0,Yes
CUST-05030,2025-02,Month-to-month,Premium,2,80.13,No,Referral,South,3,10,61.3,0,Yes
CUST-05031,2023-10,Month-to-month,Standard,0,38.3,Yes,Referral,West,15,26,55.7,2,Yes
CUST-05032,2024-03,One year,Premium,4,101.27,Yes,Organic,South,21,21,43.3,0,No
CUST-05033,2025-10,Month-to-month,Basic,0,14.42,Yes,Organic,West,2,2,65.5,1,No
CUST-05034,2025-07,One year,Standard,0,33.29,Yes,Organic,West,5,5,36.1,2,No
CUST-05035,2024-01,One year,Standard,0,33.85,No,Paid Search,West,23,23,86.3,0,No
CUST-05036,2024-01,Month-to-month,Basic,0,15.74,Yes,Paid Search,South,23,23,60.0,1,No
CUST-05037,2024-01,Month-to-month,Basic,1,19.92,Yes,Referral,South,20,23,62.3,1,Yes
CUST-05038,2025-06,One year,Basic,0,10.92,No,Referral,Midwest,6,6,73.6,0,No
CUST-05039,2025-09,Month-to-month,Standard,0,37.28,Yes,Sales-Assisted,Midwest,2,3,44.0,0,Yes
CUST-05040,2023-09,Month-to-month,Basic,2,28.47,Yes,Sales-Assisted,Northeast,18,27,61.9,2,Yes
CUST-05041,2025-09,One year,Standard,0,33.98,Yes,Organic,Northeast,3,3,45.3,1,No
CUST-05042,2024-10,Month-to-month,Basic,0,15.92,No,Organic,Midwest,14,14,76.3,0,No
CUST-05043,2025-04,One year,Standard,1,42.51,Yes,Referral,West,8,8,86.3,0,No
CUST-05044,2025-01,Month-to-month,Basic,0,19.73,No,Paid Search,West,4,11,79.6,0,Yes
CUST-05045,2025-05,Two year,Standard,2,51.69,No,Referral,Midwest,7,7,57.9,1,No
CUST-05046,2024-08,Month-to-month,Standard,0,36.04,No,Paid Search,South,10,16,69.8,0,Yes
CUST-05047,2023-09,Month-to-month,Standard,1,40.99,Yes,Organic,Northeast,27,27,48.8,1,No
CUST-05048,2023-08,Month-to-month,Basic,3,38.33,No,Referral,West,28,28,63.8,0,No
CUST-05049,2024-02,One year,Basic,2,33.13,Yes,Sales-Assisted,South,22,22,82.8,0,No
CUST-05050,2023-07,Two year,Basic,2,33.37,Yes,Referral,Midwest,29,29,62.0,1,No
CUST-05051,2024-01,Two year,Basic,1,23.21,Yes,Sales-Assisted,South,14,23,73.3,1,Yes
CUST-05052,2025-10,Month-to-month,Premium,4,97.12,Yes,Referral,South,2,2,22.8,1,No
CUST-05053,2024-02,Month-to-month,Standard,0,33.35,Yes,Sales-Assisted,West,1,22,59.0,0,Yes
CUST-05054,2023-12,Two year,Basic,0,15.39,Yes,Organic,South,24,24,60.4,0,No
CUST-05055,2025-03,Month-to-month,Basic,3,39.57,Yes,Paid Search,West,9,9,80.5,0,No
CUST-05056,2024-03,Month-to-month,Standard,1,40.26,Yes,Sales-Assisted,South,21,21,48.7,0,No
CUST-05057,2024-06,Month-to-month,Standard,4,68.06,No,Sales-Assisted,West,18,18,96.6,0,No
CUST-05058,2024-05,One year,Basic,2,32.73,Yes,Referral,South,19,19,72.9,0,No
CUST-05059,2025-02,Two year,Standard,1,46.13,Yes,Organic,Midwest,10,10,60.6,0,No
CUST-05060,2025-08,Month-to-month,Basic,0,14.79,No,Referral,Midwest,2,4,87.8,0,Yes
CUST-05061,2024-02,Month-to-month,Premium,0,65.93,Yes,Organic,Northeast,22,22,61.3,0,No
CUST-05062,2025-01,Month-to-month,Premium,2,80.66,No,Organic,Midwest,1,11,64.4,0,Yes
CUST-05063,2024-04,One year,Basic,1,20.9,No,Referral,South,20,20,44.4,2,No
CUST-05064,2025-06,One year,Standard,1,46.44,Yes,Referral,Midwest,6,6,60.2,1,No
CUST-05065,2025-10,Month-to-month,Premium,0,62.68,Yes,Sales-Assisted,West,2,2,100.0,0,No
CUST-05066,2024-06,Two year,Standard,0,37.25,Yes,Referral,South,18,18,74.5,0,No
CUST-05067,2025-01,Month-to-month,Premium,2,83.01,No,Organic,Midwest,3,11,85.3,0,Yes
CUST-05068,2025-07,One year,Premium,1,74.17,Yes,Sales-Assisted,West,5,5,77.1,0,No
CUST-05069,2025-07,Month-to-month,Standard,2,48.48,Yes,Referral,South,5,5,52.4,0,No
CUST-05070,2025-05,One year,Basic,0,11.82,No,Organic,West,7,7,37.9,1,No
CUST-05071,2024-02,Month-to-month,Basic,0,13.46,Yes,Sales-Assisted,Northeast,5,22,68.7,0,Yes
CUST-05072,2023-09,Two year,Premium,0,64.99,Yes,Sales-Assisted,Midwest,27,27,89.2,0,No
CUST-05073,2023-07,Month-to-month,Premium,3,92.6,No,Organic,Midwest,29,29,55.4,1,No
CUST-05074,2025-03,Month-to-month,Premium,1,71.63,Yes,Organic,West,1,9,88.3,0,Yes
CUST-05075,2024-08,Two year,Standard,2,52.28,Yes,Organic,West,16,16,81.0,0,No
CUST-05076,2025-11,One year,Standard,2,47.26,No,Organic,West,1,1,88.2,0,No
CUST-05077,2025-03,Month-to-month,Standard,3,59.96,Yes,Paid Search,South,8,9,58.9,0,Yes
CUST-05078,2023-10,One year,Basic,3,40.44,Yes,Referral,Midwest,26,26,75.8,0,No
CUST-05079,2023-12,Month-to-month,Standard,3,57.15,No,Organic,Midwest,24,24,74.0,0,No
CUST-05080,2024-07,One year,Standard,4,67.32,No,Sales-Assisted,South,17,17,96.2,0,No
CUST-05081,2024-12,Month-to-month,Premium,4,100.1,No,Referral,Northeast,3,12,94.1,0,Yes
CUST-05082,2025-08,Month-to-month,Standard,0,33.49,Yes,Organic,West,4,4,51.9,0,No
CUST-05083,2024-02,Month-to-month,Premium,1,75.02,No,Sales-Assisted,South,22,22,74.9,0,No
CUST-05084,2024-04,Month-to-month,Standard,3,60.36,Yes,Paid Search,West,9,20,30.6,2,Yes
CUST-05085,2024-12,Month-to-month,Standard,4,63.96,Yes,Sales-Assisted,Northeast,1,12,60.4,0,Yes
CUST-05086,2023-11,Month-to-month,Premium,1,73.54,No,Organic,Northeast,2,25,70.5,0,Yes
CUST-05087,2023-11,Month-to-month,Premium,0,63.44,No,Sales-Assisted,Midwest,23,25,44.7,0,Yes
CUST-05088,2025-11,One year,Basic,1,22.9,No,Organic,West,1,1,49.9,2,No
CUST-05089,2024-09,Month-to-month,Basic,1,22.45,Yes,Paid Search,South,3,15,67.3,0,Yes
CUST-05090,2024-04,Month-to-month,Basic,2,30.38,Yes,Organic,Midwest,10,20,73.1,1,Yes
CUST-05091,2024-11,Two year,Standard,2,51.34,No,Organic,West,13,13,65.2,0,No
CUST-05092,2025-04,One year,Basic,2,29.18,Yes,Organic,West,8,8,82.7,0,No
CUST-05093,2023-10,Month-to-month,Standard,2,49.02,No,Referral,Northeast,26,26,84.7,0,No
CUST-05094,2025-06,Two year,Standard,1,41.66,Yes,Sales-Assisted,Midwest,6,6,68.2,0,No
CUST-05095,2024-12,Month-to-month,Standard,1,45.61,Yes,Paid Search,South,12,12,48.2,0,No
CUST-05096,2025-10,Month-to-month,Basic,0,15.53,Yes,Sales-Assisted,West,2,2,58.9,1,No
CUST-05097,2025-02,Month-to-month,Basic,2,28.93,No,Referral,Midwest,3,10,35.7,2,Yes
CUST-05098,2024-01,One year,Premium,0,64.27,Yes,Paid Search,West,23,23,56.0,1,No
CUST-05099,2025-01,One year,Premium,3,89.94,Yes,Paid Search,West,11,11,80.4,0,No
CUST-05100,2025-02,Two year,Basic,0,14.31,Yes,Paid Search,West,10,10,80.1,0,No
CUST-05101,2023-12,One year,Premium,1,72.71,Yes,Paid Search,Midwest,7,24,52.8,0,Yes
CUST-05102,2024-09,Month-to-month,Basic,2,33.98,No,Organic,Midwest,9,15,61.1,0,Yes
CUST-05103,2025-10,One year,Basic,1,23.34,Yes,Paid Search,West,2,2,79.8,0,No
CUST-05104,2025-08,Month-to-month,Standard,0,33.32,No,Organic,South,2,4,62.6,0,Yes
CUST-05105,2024-01,Month-to-month,Standard,3,56.69,Yes,Organic,Northeast,9,23,70.5,0,Yes
CUST-05106,2024-05,One year,Basic,1,23.48,Yes,Organic,Northeast,19,19,51.5,1,No
CUST-05107,2024-03,Two year,Standard,3,58.43,Yes,Paid Search,West,21,21,75.5,0,No
CUST-05108,2023-09,Two year,Standard,0,33.88,Yes,Referral,Midwest,27,27,64.6,0,No
CUST-05109,2025-11,One year,Standard,1,41.09,Yes,Organic,Midwest,1,1,100.0,0,No
CUST-05110,2024-05,Month-to-month,Premium,3,94.51,Yes,Paid Search,Midwest,19,19,63.0,0,No
CUST-05111,2024-08,Month-to-month,Standard,1,42.05,No,Sales-Assisted,West,2,16,69.3,0,Yes
CUST-05112,2025-02,One year,Basic,2,25.78,Yes,Paid Search,West,10,10,94.6,0,No
CUST-05113,2023-08,One year,Basic,0,16.14,Yes,Paid Search,West,28,28,74.4,0,No
CUST-05114,2024-01,Month-to-month,Premium,4,96.09,Yes,Referral,West,23,23,84.2,0,No
CUST-05115,2025-09,Month-to-month,Premium,1,71.98,Yes,Referral,West,3,3,77.6,0,No
CUST-05116,2024-06,Month-to-month,Premium,1,68.6,Yes,Paid Search,Midwest,16,18,77.5,0,Yes
CUST-05117,2025-03,Month-to-month,Basic,1,22.71,Yes,Organic,South,9,9,57.8,1,No
CUST-05118,2024-07,One year,Basic,3,39.04,Yes,Organic,Midwest,17,17,60.7,0,No
CUST-05119,2025-08,Month-to-month,Standard,0,35.64,No,Paid Search,South,1,4,61.0,0,Yes
CUST-05120,2025-05,Two year,Basic,1,22.67,No,Paid Search,West,7,7,76.7,0,No
CUST-05121,2023-08,One year,Basic,1,23.29,Yes,Paid Search,West,1,28,88.6,0,Yes
CUST-05122,2025-01,One year,Basic,0,15.97,Yes,Organic,South,11,11,66.9,0,No
CUST-05123,2025-08,Month-to-month,Standard,0,34.38,Yes,Referral,Northeast,4,4,85.0,0,No
CUST-05124,2025-08,One year,Standard,0,32.95,Yes,Paid Search,Midwest,4,4,81.9,0,No
CUST-05125,2023-09,Month-to-month,Basic,1,22.23,Yes,Organic,Midwest,16,27,48.8,0,Yes
CUST-05126,2024-02,One year,Standard,1,46.66,Yes,Referral,Midwest,1,22,65.0,0,Yes
CUST-05127,2023-08,Month-to-month,Basic,4,44.85,No,Sales-Assisted,Midwest,3,28,67.2,0,Yes
CUST-05128,2024-09,Month-to-month,Standard,1,41.35,No,Paid Search,South,15,15,86.2,0,No
CUST-05129,2024-09,Month-to-month,Premium,0,67.82,No,Referral,South,15,15,63.5,0,No
CUST-05130,2023-12,One year,Standard,1,40.37,Yes,Paid Search,West,24,24,59.0,1,No
CUST-05131,2023-07,Month-to-month,Basic,2,31.56,Yes,Organic,Northeast,29,29,79.7,0,No
CUST-05132,2024-06,Two year,Premium,0,63.63,Yes,Paid Search,West,2,18,79.7,0,Yes
CUST-05133,2025-05,Month-to-month,Standard,1,42.46,No,Referral,Midwest,1,7,59.2,0,Yes
CUST-05134,2025-08,Month-to-month,Basic,0,15.29,Yes,Paid Search,West,4,4,83.4,0,No
CUST-05135,2023-07,One year,Standard,2,52.14,No,Paid Search,South,29,29,46.0,4,No
CUST-05136,2025-07,Month-to-month,Premium,3,87.92,Yes,Paid Search,Northeast,5,5,27.8,2,No
CUST-05137,2025-08,Month-to-month,Basic,0,11.8,No,Organic,Midwest,4,4,59.6,0,No
CUST-05138,2025-05,One year,Basic,2,33.9,Yes,Referral,West,7,7,95.4,0,No
CUST-05139,2025-08,One year,Standard,1,41.43,Yes,Organic,Midwest,4,4,25.6,0,No
CUST-05140,2023-08,Month-to-month,Basic,1,22.97,No,Referral,West,4,28,55.0,0,Yes
CUST-05141,2024-02,Month-to-month,Premium,4,95.43,No,Paid Search,West,13,22,51.0,0,Yes
CUST-05142,2025-08,Month-to-month,Premium,1,73.99,No,Paid Search,West,4,4,34.1,0,No
CUST-05143,2024-04,Month-to-month,Basic,3,37.39,Yes,Paid Search,West,20,20,61.4,0,No
CUST-05144,2025-02,Month-to-month,Standard,0,33.13,Yes,Paid Search,South,10,10,82.9,0,No
CUST-05145,2025-11,Month-to-month,Standard,0,34.88,No,Sales-Assisted,South,1,1,34.1,0,No
CUST-05146,2024-11,One year,Standard,1,44.43,Yes,Referral,South,13,13,91.3,0,No
CUST-05147,2025-06,Month-to-month,Standard,0,35.76,No,Organic,Northeast,6,6,48.1,2,No
CUST-05148,2024-07,Month-to-month,Basic,4,46.24,Yes,Organic,South,11,17,66.7,0,Yes
CUST-05149,2024-05,Two year,Basic,0,15.38,Yes,Sales-Assisted,Midwest,19,19,76.5,0,No
CUST-05150,2025-10,One year,Standard,1,45.24,Yes,Referral,Midwest,2,2,36.8,0,No
CUST-05151,2025-09,Month-to-month,Standard,2,52.74,Yes,Paid Search,South,3,3,59.4,1,No
CUST-05152,2024-09,One year,Basic,0,12.92,No,Paid Search,Midwest,15,15,45.1,0,No
CUST-05153,2024-07,Month-to-month,Basic,1,25.38,No,Sales-Assisted,Midwest,12,17,69.3,0,Yes
CUST-05154,2025-06,Month-to-month,Premium,0,66.7,No,Organic,Northeast,6,6,63.8,0,No
CUST-05155,2025-04,One year,Premium,0,65.7,No,Paid Search,South,8,8,68.0,0,No
CUST-05156,2023-07,One year,Basic,1,23.49,Yes,Organic,Midwest,29,29,67.7,0,No
CUST-05157,2024-06,Month-to-month,Standard,0,34.83,Yes,Sales-Assisted,West,15,18,45.1,1,Yes
CUST-05158,2025-02,Month-to-month,Basic,0,15.83,No,Referral,Northeast,10,10,93.9,0,No
CUST-05159,2023-10,Month-to-month,Premium,1,72.36,No,Paid Search,Northeast,17,26,74.8,0,Yes
CUST-05160,2025-07,Month-to-month,Standard,3,55.58,No,Organic,Midwest,1,5,69.7,0,Yes
CUST-05161,2024-12,Month-to-month,Premium,0,65.21,No,Organic,Midwest,12,12,62.2,1,No
CUST-05162,2024-10,Month-to-month,Premium,2,80.83,No,Paid Search,South,14,14,77.6,1,No
CUST-05163,2023-10,Month-to-month,Premium,3,86.82,No,Paid Search,West,3,26,83.0,0,Yes
CUST-05164,2025-03,Month-to-month,Standard,2,50.91,No,Paid Search,Northeast,9,9,94.3,0,No
CUST-05165,2024-02,Month-to-month,Premium,0,64.28,Yes,Referral,Midwest,22,22,48.2,0,No
CUST-05166,2024-02,Month-to-month,Basic,0,14.6,Yes,Sales-Assisted,Midwest,18,22,39.2,0,Yes
CUST-05167,2024-07,Month-to-month,Basic,2,29.05,No,Organic,Northeast,8,17,49.9,1,Yes
CUST-05168,2024-05,Month-to-month,Standard,1,44.75,Yes,Organic,South,13,19,46.2,0,Yes
CUST-05169,2024-04,One year,Premium,4,97.98,No,Paid Search,West,17,20,22.7,1,Yes
CUST-05170,2024-06,Month-to-month,Basic,0,16.66,No,Paid Search,Midwest,3,18,74.6,0,Yes
CUST-05171,2024-06,Month-to-month,Basic,0,13.95,Yes,Paid Search,Northeast,11,18,54.3,1,Yes
CUST-05172,2024-03,Month-to-month,Basic,1,24.15,Yes,Sales-Assisted,Northeast,21,21,79.1,0,No
CUST-05173,2023-09,Two year,Basic,1,24.83,Yes,Sales-Assisted,Northeast,27,27,61.1,1,No
CUST-05174,2024-04,Month-to-month,Standard,0,31.64,No,Organic,Northeast,3,20,49.8,0,Yes
CUST-05175,2023-10,Month-to-month,Basic,1,23.32,Yes,Paid Search,South,11,26,46.9,1,Yes
CUST-05176,2024-07,One year,Basic,1,24.03,Yes,Paid Search,Midwest,17,17,54.7,1,No
CUST-05177,2024-06,Month-to-month,Basic,0,17.06,Yes,Organic,Midwest,18,18,63.5,2,No
CUST-05178,2025-09,Two year,Basic,2,30.49,No,Paid Search,Midwest,3,3,64.5,0,No
CUST-05179,2024-09,One year,Premium,2,80.59,Yes,Paid Search,South,15,15,97.1,0,No
CUST-05180,2025-10,Month-to-month,Premium,1,71.01,No,Paid Search,Midwest,1,2,79.9,0,Yes
CUST-05181,2023-11,Month-to-month,Standard,0,35.49,Yes,Sales-Assisted,Midwest,25,25,58.2,0,No
CUST-05182,2023-09,Two year,Basic,3,41.8,No,Paid Search,South,27,27,80.8,0,No
CUST-05183,2023-11,Month-to-month,Premium,2,80.09,Yes,Paid Search,South,6,25,69.8,0,Yes
CUST-05184,2025-04,One year,Premium,2,84.37,Yes,Organic,Midwest,8,8,48.0,1,No
CUST-05185,2024-02,One year,Standard,0,35.86,Yes,Organic,Northeast,22,22,68.9,0,No
CUST-05186,2023-08,Two year,Standard,1,46.49,Yes,Paid Search,South,28,28,35.4,1,No
CUST-05187,2025-10,Two year,Basic,1,26.1,No,Referral,Northeast,2,2,99.5,0,No
CUST-05188,2025-01,Month-to-month,Standard,2,50.8,No,Paid Search,Northeast,11,11,85.4,0,No
CUST-05189,2023-07,Month-to-month,Premium,1,73.86,Yes,Paid Search,Midwest,2,29,51.7,1,Yes
CUST-05190,2025-09,Two year,Standard,1,41.09,Yes,Paid Search,Midwest,3,3,77.3,0,No
CUST-05191,2023-08,One year,Premium,2,80.09,Yes,Paid Search,West,28,28,44.2,0,No
CUST-05192,2024-07,One year,Premium,2,81.69,No,Organic,Midwest,3,17,61.2,1,Yes
CUST-05193,2025-08,Month-to-month,Standard,0,35.81,Yes,Referral,Midwest,4,4,83.4,0,No
CUST-05194,2025-02,Month-to-month,Standard,3,58.59,No,Paid Search,West,3,10,73.6,0,Yes
CUST-05195,2025-06,Month-to-month,Basic,1,21.29,Yes,Paid Search,Northeast,6,6,41.1,0,No
CUST-05196,2025-02,One year,Standard,1,47.46,No,Organic,Midwest,10,10,50.9,0,No
CUST-05197,2025-07,One year,Premium,0,67.67,Yes,Sales-Assisted,Northeast,5,5,78.7,0,No
CUST-05198,2024-03,Month-to-month,Premium,1,74.03,Yes,Organic,Midwest,11,21,36.2,0,Yes
CUST-05199,2024-03,Month-to-month,Standard,4,66.5,Yes,Paid Search,South,20,21,62.4,0,Yes
CUST-05200,2024-01,Month-to-month,Basic,2,29.5,Yes,Paid Search,West,8,23,39.6,0,Yes
CUST-05201,2025-06,Two year,Premium,1,75.11,Yes,Referral,Midwest,6,6,77.8,0,No
CUST-05202,2025-09,Month-to-month,Basic,2,32.01,Yes,Sales-Assisted,West,3,3,87.7,0,No
CUST-05203,2025-09,Month-to-month,Basic,3,41.09,Yes,Organic,Midwest,2,3,20.5,2,Yes
CUST-05204,2023-07,One year,Standard,2,51.38,Yes,Paid Search,South,24,29,45.9,0,Yes
CUST-05205,2024-09,One year,Basic,1,24.4,No,Referral,Midwest,15,15,62.7,1,No
CUST-05206,2023-08,Month-to-month,Standard,4,70.5,Yes,Sales-Assisted,South,12,28,98.2,1,Yes
CUST-05207,2024-02,Month-to-month,Standard,0,34.38,Yes,Sales-Assisted,South,22,22,89.5,0,No
CUST-05208,2025-08,Month-to-month,Basic,1,20.76,Yes,Organic,Midwest,4,4,57.9,0,No
CUST-05209,2025-01,Month-to-month,Premium,1,74.88,No,Organic,South,1,11,55.3,0,Yes
CUST-05210,2025-01,One year,Basic,2,32.07,Yes,Organic,Northeast,11,11,70.1,1,No
CUST-05211,2024-05,One year,Standard,2,54.84,No,Sales-Assisted,South,19,19,72.4,0,No
CUST-05212,2024-07,One year,Standard,4,69.35,Yes,Organic,Northeast,17,17,96.8,0,No
CUST-05213,2025-01,Two year,Standard,0,38.58,Yes,Paid Search,Northeast,11,11,92.8,0,No
CUST-05214,2025-05,One year,Standard,0,35.32,Yes,Paid Search,Midwest,3,7,67.3,0,Yes
CUST-05215,2023-12,One year,Standard,2,52.62,Yes,Organic,West,20,24,51.5,0,Yes
CUST-05216,2023-11,One year,Standard,0,33.46,No,Organic,South,25,25,48.0,1,No
CUST-05217,2024-08,Month-to-month,Premium,4,92.56,Yes,Referral,Northeast,1,16,73.1,0,Yes
CUST-05218,2025-01,One year,Standard,4,66.69,Yes,Paid Search,Northeast,11,11,37.2,2,No
CUST-05219,2025-03,Two year,Standard,1,42.56,Yes,Sales-Assisted,West,9,9,59.6,0,No
CUST-05220,2025-01,Two year,Basic,0,15.37,Yes,Organic,West,11,11,82.3,0,No
CUST-05221,2024-04,Month-to-month,Basic,0,13.85,Yes,Sales-Assisted,South,8,20,37.3,0,Yes
CUST-05222,2025-02,Two year,Basic,0,16.08,Yes,Paid Search,West,10,10,77.1,0,No
CUST-05223,2024-02,Month-to-month,Standard,0,35.55,No,Organic,West,5,22,77.3,0,Yes
CUST-05224,2025-02,Month-to-month,Premium,0,65.93,Yes,Paid Search,Midwest,10,10,95.9,0,No
CUST-05225,2024-07,Month-to-month,Premium,2,85.48,Yes,Sales-Assisted,West,13,17,81.9,0,Yes
CUST-05226,2025-04,Two year,Basic,1,21.29,Yes,Paid Search,West,8,8,57.6,0,No
CUST-05227,2024-06,Month-to-month,Standard,1,51.17,Yes,Paid Search,Northeast,18,18,59.8,2,No
CUST-05228,2025-06,Two year,Standard,0,36.76,Yes,Organic,South,6,6,78.0,0,No
CUST-05229,2025-04,Month-to-month,Standard,0,35.21,Yes,Paid Search,West,8,8,68.1,0,Yes
CUST-05230,2023-07,Two year,Basic,1,23.21,Yes,Paid Search,West,29,29,56.0,0,No
CUST-05231,2025-08,Month-to-month,Basic,1,22.43,No,Organic,Northeast,3,4,82.5,0,Yes
CUST-05232,2025-09,One year,Premium,1,73.97,Yes,Organic,Northeast,3,3,75.7,0,No
CUST-05233,2025-04,Month-to-month,Basic,1,19.7,Yes,Paid Search,South,8,8,78.4,0,No
CUST-05234,2025-05,One year,Basic,0,16.48,Yes,Paid Search,Northeast,7,7,66.6,0,No
CUST-05235,2024-12,Two year,Basic,1,19.55,Yes,Paid Search,South,12,12,72.0,0,No
CUST-05236,2024-12,Month-to-month,Basic,1,22.71,No,Organic,Midwest,12,12,49.9,2,No
CUST-05237,2025-01,Month-to-month,Basic,4,49.78,Yes,Paid Search,South,11,11,60.0,0,No
CUST-05238,2024-11,Month-to-month,Premium,1,75.74,Yes,Paid Search,Midwest,13,13,87.2,0,No
CUST-05239,2025-04,One year,Premium,0,67.55,Yes,Sales-Assisted,Midwest,8,8,72.8,0,No
CUST-05240,2024-05,Month-to-month,Basic,2,30.19,No,Organic,Northeast,19,19,65.3,0,No
CUST-05241,2023-07,Month-to-month,Basic,0,12.35,No,Sales-Assisted,Midwest,12,29,58.2,1,Yes
CUST-05242,2025-08,One year,Standard,0,36.08,Yes,Organic,South,4,4,79.7,0,No
CUST-05243,2024-04,Month-to-month,Basic,3,37.73,Yes,Sales-Assisted,South,3,20,42.2,1,Yes
CUST-05244,2024-02,Two year,Basic,0,17.75,No,Organic,South,22,22,66.7,0,No
CUST-05245,2024-07,One year,Standard,1,43.2,Yes,Sales-Assisted,Midwest,17,17,68.7,0,No
CUST-05246,2024-06,One year,Standard,2,53.57,Yes,Organic,Northeast,12,18,85.2,0,Yes
CUST-05247,2024-04,One year,Premium,1,72.28,Yes,Paid Search,Northeast,9,20,57.9,0,Yes
CUST-05248,2024-04,One year,Basic,1,20.54,Yes,Paid Search,Northeast,8,20,80.1,0,Yes
CUST-05249,2024-11,Two year,Standard,0,36.92,Yes,Organic,South,13,13,80.6,0,No
CUST-05250,2025-06,One year,Standard,1,46.4,Yes,Paid Search,South,6,6,50.9,0,No
CUST-05251,2023-10,Month-to-month,Basic,0,15.02,Yes,Paid Search,South,26,26,61.7,0,No
CUST-05252,2025-06,Month-to-month,Basic,1,20.72,Yes,Paid Search,West,6,6,66.0,0,No
CUST-05253,2024-05,One year,Basic,0,16.7,Yes,Paid Search,South,8,19,65.2,0,Yes
CUST-05254,2023-12,Month-to-month,Premium,1,70.85,Yes,Sales-Assisted,South,7,24,51.2,1,Yes
CUST-05255,2025-05,Two year,Standard,2,50.46,No,Organic,Midwest,7,7,60.7,0,No
CUST-05256,2025-01,Month-to-month,Basic,0,19.03,Yes,Organic,Midwest,11,11,69.2,0,No
CUST-05257,2024-02,Month-to-month,Basic,4,50.34,No,Organic,Northeast,8,22,58.5,0,Yes
CUST-05258,2024-04,Month-to-month,Standard,1,43.3,Yes,Referral,West,20,20,50.1,0,No
CUST-05259,2024-06,One year,Standard,1,43.62,Yes,Organic,West,18,18,68.5,0,No
CUST-05260,2023-09,One year,Standard,3,58.96,Yes,Paid Search,South,27,27,59.7,0,No
CUST-05261,2024-07,Month-to-month,Standard,1,44.67,No,Referral,Midwest,17,17,41.3,0,No
CUST-05262,2024-06,Two year,Basic,0,16.97,Yes,Organic,South,18,18,67.6,0,No
CUST-05263,2023-07,Month-to-month,Standard,0,34.19,Yes,Sales-Assisted,West,6,29,95.6,0,Yes
CUST-05264,2025-04,Month-to-month,Basic,1,24.15,Yes,Sales-Assisted,South,8,8,97.0,0,No
CUST-05265,2023-08,Month-to-month,Premium,0,67.7,Yes,Organic,West,28,28,90.7,0,No
CUST-05266,2023-11,Two year,Standard,2,51.91,Yes,Organic,Northeast,25,25,92.5,0,No
CUST-05267,2025-06,One year,Basic,1,21.94,No,Sales-Assisted,Northeast,6,6,58.9,0,No
CUST-05268,2025-09,Two year,Standard,2,53.08,No,Organic,Northeast,3,3,79.6,0,No
CUST-05269,2024-07,Two year,Standard,0,37.76,Yes,Organic,Midwest,17,17,50.3,1,No
CUST-05270,2025-03,Month-to-month,Standard,1,43.22,No,Referral,South,5,9,61.8,1,Yes
CUST-05271,2024-01,One year,Premium,2,83.44,Yes,Organic,West,23,23,41.3,1,No
CUST-05272,2023-11,One year,Basic,3,37.7,Yes,Sales-Assisted,Midwest,25,25,57.3,1,No
CUST-05273,2024-12,Month-to-month,Basic,1,24.53,Yes,Paid Search,South,6,12,25.7,0,Yes
CUST-05274,2023-09,One year,Standard,0,36.47,Yes,Sales-Assisted,West,27,27,72.7,0,No
CUST-05275,2024-07,Month-to-month,Premium,3,85.57,No,Organic,West,17,17,69.9,0,No
CUST-05276,2025-08,Month-to-month,Basic,1,21.98,No,Organic,West,4,4,48.2,0,No
CUST-05277,2024-01,One year,Standard,1,44.17,No,Referral,West,23,23,41.8,0,No
CUST-05278,2025-09,Month-to-month,Premium,1,73.21,Yes,Paid Search,Midwest,3,3,96.8,0,No
CUST-05279,2025-08,Month-to-month,Premium,0,64.72,Yes,Organic,Midwest,4,4,36.8,1,No
CUST-05280,2025-09,Month-to-month,Basic,1,19.63,No,Paid Search,Midwest,3,3,57.4,0,No
CUST-05281,2025-04,Month-to-month,Standard,2,52.91,Yes,Organic,West,8,8,88.9,0,No
CUST-05282,2024-04,Two year,Premium,0,66.6,Yes,Paid Search,South,20,20,44.8,0,No
CUST-05283,2024-09,Month-to-month,Standard,2,47.55,No,Paid Search,Midwest,4,15,64.1,0,Yes
CUST-05284,2025-05,Month-to-month,Standard,2,46.78,Yes,Organic,Northeast,7,7,76.4,0,No
CUST-05285,2023-07,Two year,Premium,2,80.72,Yes,Paid Search,Midwest,29,29,88.0,0,No
CUST-05286,2024-10,Month-to-month,Basic,2,30.78,Yes,Organic,Midwest,9,14,98.4,0,Yes
CUST-05287,2025-09,One year,Basic,2,30.09,Yes,Sales-Assisted,Northeast,3,3,45.0,0,No
CUST-05288,2024-05,Month-to-month,Basic,2,31.38,Yes,Paid Search,Midwest,2,19,66.2,0,Yes
CUST-05289,2023-12,Month-to-month,Basic,0,11.98,Yes,Paid Search,South,24,24,45.7,0,No
CUST-05290,2023-10,Month-to-month,Basic,1,23.35,Yes,Organic,West,2,26,74.9,0,Yes
CUST-05291,2023-10,One year,Premium,1,71.63,No,Sales-Assisted,South,26,26,72.5,0,No
CUST-05292,2024-07,Month-to-month,Basic,0,15.16,Yes,Paid Search,South,17,17,84.4,0,No
CUST-05293,2024-06,Month-to-month,Basic,1,23.01,No,Organic,West,1,18,64.0,0,Yes
CUST-05294,2025-07,One year,Standard,1,45.24,Yes,Referral,West,5,5,40.8,0,No
CUST-05295,2024-10,One year,Standard,1,42.56,Yes,Paid Search,South,14,14,55.1,0,No
CUST-05296,2023-08,One year,Basic,0,15.81,No,Paid Search,South,3,28,55.4,0,Yes
CUST-05297,2024-09,Month-to-month,Basic,1,26.54,No,Organic,South,2,15,44.7,0,Yes
CUST-05298,2023-09,One year,Basic,0,17.82,Yes,Paid Search,West,15,27,71.3,0,Yes
CUST-05299,2025-02,One year,Standard,3,59.28,Yes,Paid Search,West,10,10,60.4,2,No
CUST-05300,2025-02,Month-to-month,Standard,2,50.06,Yes,Referral,Northeast,10,10,66.2,0,No
CUST-05301,2025-04,Month-to-month,Premium,0,62.0,No,Organic,West,8,8,44.1,0,No
CUST-05302,2025-06,Month-to-month,Standard,0,35.47,Yes,Sales-Assisted,West,3,6,66.2,1,Yes
CUST-05303,2025-02,Two year,Basic,2,29.12,Yes,Organic,Midwest,10,10,64.7,1,No
CUST-05304,2024-10,Month-to-month,Premium,1,71.12,Yes,Referral,Northeast,3,14,76.7,0,Yes
CUST-05305,2023-12,One year,Standard,1,41.18,Yes,Paid Search,South,24,24,49.0,1,No
CUST-05306,2024-10,Month-to-month,Standard,1,42.0,No,Organic,Midwest,14,14,39.6,0,No
CUST-05307,2025-09,One year,Standard,1,41.95,Yes,Organic,Northeast,3,3,61.1,0,No
CUST-05308,2025-02,Month-to-month,Standard,1,45.26,Yes,Paid Search,South,2,10,80.9,0,Yes
CUST-05309,2024-06,Month-to-month,Basic,1,21.94,Yes,Referral,Northeast,5,18,47.2,3,Yes
CUST-05310,2025-03,Month-to-month,Basic,2,31.93,Yes,Organic,West,9,9,72.2,0,No
CUST-05311,2023-09,Two year,Premium,2,80.79,No,Paid Search,Midwest,27,27,54.4,0,No
CUST-05312,2024-07,One year,Standard,0,35.21,No,Paid Search,West,17,17,49.9,0,No
CUST-05313,2024-11,Month-to-month,Basic,1,22.46,No,Paid Search,Northeast,1,13,49.1,0,Yes
CUST-05314,2023-08,Month-to-month,Basic,1,20.5,No,Paid Search,West,28,28,65.3,0,No
CUST-05315,2025-01,One year,Standard,0,33.78,Yes,Sales-Assisted,Northeast,11,11,58.7,0,No
CUST-05316,2024-06,Month-to-month,Standard,1,44.58,No,Sales-Assisted,South,1,18,40.1,0,Yes
CUST-05317,2025-04,Month-to-month,Basic,3,37.36,No,Paid Search,Northeast,6,8,96.1,0,Yes
CUST-05318,2024-07,Month-to-month,Standard,0,37.27,Yes,Referral,West,12,17,95.9,0,Yes
CUST-05319,2024-10,Month-to-month,Basic,1,21.42,No,Referral,West,14,14,83.8,0,No
CUST-05320,2023-09,Month-to-month,Premium,2,78.69,Yes,Referral,West,2,27,57.7,0,Yes
CUST-05321,2023-09,Two year,Basic,0,16.94,Yes,Sales-Assisted,South,27,27,61.4,0,No
CUST-05322,2023-09,Month-to-month,Standard,0,37.76,No,Sales-Assisted,South,27,27,97.6,0,No
CUST-05323,2023-08,Month-to-month,Basic,0,15.01,Yes,Organic,West,28,28,69.1,0,No
CUST-05324,2024-09,Month-to-month,Basic,1,25.67,No,Paid Search,Northeast,15,15,39.5,0,No
CUST-05325,2024-03,Month-to-month,Basic,0,16.22,Yes,Paid Search,West,21,21,74.1,0,No
CUST-05326,2023-12,One year,Basic,0,18.21,Yes,Organic,South,24,24,77.3,0,No
CUST-05327,2025-02,One year,Standard,2,47.59,Yes,Paid Search,South,6,10,54.1,0,Yes
CUST-05328,2025-03,Month-to-month,Premium,0,61.22,Yes,Sales-Assisted,South,1,9,62.4,0,Yes
CUST-05329,2025-02,Month-to-month,Standard,0,35.49,Yes,Organic,West,6,10,59.2,2,Yes
CUST-05330,2023-12,Month-to-month,Basic,2,28.47,Yes,Organic,South,12,24,72.3,0,Yes
CUST-05331,2025-02,One year,Basic,0,16.99,Yes,Referral,Northeast,10,10,48.1,3,No
CUST-05332,2023-12,Month-to-month,Basic,0,10.3,No,Referral,Northeast,1,24,71.1,0,Yes
CUST-05333,2025-09,Month-to-month,Basic,1,23.52,Yes,Organic,South,2,3,54.9,0,Yes
CUST-05334,2024-08,One year,Standard,1,44.9,No,Organic,West,2,16,58.5,0,Yes
CUST-05335,2024-02,One year,Standard,2,48.95,Yes,Organic,Northeast,22,22,81.9,0,No
CUST-05336,2024-08,Month-to-month,Standard,0,34.68,Yes,Organic,Midwest,2,16,90.8,0,Yes
CUST-05337,2024-02,Month-to-month,Standard,1,42.85,Yes,Organic,South,2,22,38.7,0,Yes
CUST-05338,2024-06,One year,Basic,0,13.97,Yes,Sales-Assisted,South,1,18,88.4,0,Yes
CUST-05339,2025-03,One year,Standard,1,43.76,Yes,Referral,Northeast,9,9,67.7,0,No
CUST-05340,2023-07,Month-to-month,Standard,0,35.6,Yes,Paid Search,South,10,29,84.8,0,Yes
CUST-05341,2024-06,Month-to-month,Standard,1,41.04,No,Sales-Assisted,West,18,18,55.3,0,No
CUST-05342,2024-01,One year,Premium,2,80.7,No,Organic,Midwest,23,23,64.8,0,No
CUST-05343,2024-02,Month-to-month,Standard,0,33.83,Yes,Referral,Northeast,5,22,53.0,0,Yes
CUST-05344,2025-03,One year,Basic,1,17.16,Yes,Organic,South,9,9,61.1,0,No
CUST-05345,2024-03,One year,Premium,2,83.58,Yes,Organic,Midwest,21,21,70.4,0,No
CUST-05346,2024-02,Month-to-month,Basic,1,24.78,Yes,Sales-Assisted,Northeast,10,22,92.2,0,Yes
CUST-05347,2025-01,One year,Premium,0,62.93,Yes,Organic,West,11,11,70.1,0,No
CUST-05348,2023-10,Month-to-month,Basic,3,44.95,Yes,Referral,West,26,26,46.1,0,No
CUST-05349,2023-10,Two year,Basic,2,29.06,Yes,Organic,West,26,26,67.5,0,No
CUST-05350,2024-12,Two year,Premium,1,74.61,No,Sales-Assisted,Northeast,12,12,89.5,0,No
CUST-05351,2024-03,Month-to-month,Premium,1,70.77,No,Referral,West,18,21,66.1,0,Yes
CUST-05352,2023-07,Month-to-month,Standard,1,42.09,Yes,Sales-Assisted,West,2,29,64.9,0,Yes
CUST-05353,2025-07,Month-to-month,Basic,1,24.13,No,Referral,West,2,5,39.1,0,Yes
CUST-05354,2024-10,Month-to-month,Basic,1,23.53,Yes,Referral,South,13,14,62.8,0,Yes
CUST-05355,2024-05,One year,Basic,2,26.83,No,Paid Search,Northeast,19,19,51.2,1,No
CUST-05356,2024-08,Two year,Basic,1,23.6,Yes,Referral,Midwest,16,16,74.0,0,No
CUST-05357,2023-10,Month-to-month,Premium,2,84.98,Yes,Paid Search,Northeast,7,26,35.4,2,Yes
CUST-05358,2024-05,One year,Premium,4,98.51,Yes,Paid Search,West,19,19,86.2,0,No
CUST-05359,2025-05,One year,Standard,0,36.81,Yes,Organic,West,7,7,64.4,0,No
CUST-05360,2025-08,One year,Premium,4,95.73,No,Organic,South,4,4,74.5,0,No
CUST-05361,2025-08,Month-to-month,Premium,2,81.08,No,Referral,Northeast,1,4,93.1,0,Yes
CUST-05362,2024-09,Month-to-month,Basic,3,35.76,No,Referral,West,15,15,88.0,0,No
CUST-05363,2024-02,Month-to-month,Premium,3,90.01,Yes,Referral,Midwest,2,22,83.0,1,Yes
CUST-05364,2024-12,Month-to-month,Basic,1,20.0,Yes,Organic,Northeast,12,12,78.6,0,No
CUST-05365,2025-05,One year,Basic,1,25.93,Yes,Organic,Midwest,7,7,70.7,0,No
CUST-05366,2023-07,Month-to-month,Basic,2,30.19,No,Referral,West,12,29,90.8,1,Yes
CUST-05367,2025-09,Month-to-month,Standard,4,70.58,No,Sales-Assisted,West,3,3,52.1,0,No
CUST-05368,2024-12,Month-to-month,Basic,0,12.53,Yes,Sales-Assisted,Midwest,5,12,64.2,0,Yes
CUST-05369,2025-11,One year,Premium,1,72.27,Yes,Paid Search,West,1,1,63.3,0,No
CUST-05370,2024-08,One year,Standard,0,34.92,Yes,Paid Search,South,12,16,71.5,0,Yes
CUST-05371,2025-05,Month-to-month,Standard,0,32.59,Yes,Paid Search,South,4,7,82.5,0,Yes
CUST-05372,2024-09,Month-to-month,Standard,0,38.75,Yes,Sales-Assisted,West,2,15,27.9,1,Yes
CUST-05373,2024-07,Month-to-month,Basic,4,46.28,Yes,Organic,Northeast,5,17,38.8,1,Yes
CUST-05374,2025-11,One year,Premium,0,67.37,No,Organic,Midwest,1,1,81.0,0,No
CUST-05375,2024-11,One year,Basic,2,28.84,Yes,Organic,Northeast,13,13,49.9,0,No
CUST-05376,2025-05,Month-to-month,Premium,2,82.7,No,Organic,West,7,7,46.6,0,No
CUST-05377,2025-06,Month-to-month,Standard,1,38.99,Yes,Referral,West,6,6,76.2,0,No
CUST-05378,2023-08,Month-to-month,Standard,0,31.67,Yes,Sales-Assisted,South,28,28,44.5,1,No
CUST-05379,2024-09,Month-to-month,Basic,0,14.41,Yes,Referral,West,10,15,92.2,0,Yes
CUST-05380,2025-08,Month-to-month,Basic,1,24.8,No,Organic,Midwest,4,4,68.5,0,No
CUST-05381,2024-05,One year,Standard,2,50.86,Yes,Sales-Assisted,Midwest,19,19,54.1,0,No
CUST-05382,2024-11,Month-to-month,Premium,1,68.84,Yes,Paid Search,Midwest,3,13,75.2,0,Yes
CUST-05383,2025-09,One year,Premium,1,73.23,Yes,Organic,Midwest,3,3,19.5,0,No
CUST-05384,2024-08,One year,Basic,1,26.58,Yes,Paid Search,South,16,16,65.1,0,No
CUST-05385,2024-06,Month-to-month,Standard,0,35.37,Yes,Paid Search,South,18,18,87.8,0,No
CUST-05386,2025-10,One year,Basic,1,21.94,Yes,Paid Search,Midwest,2,2,46.8,0,No
CUST-05387,2024-10,One year,Basic,1,23.76,Yes,Organic,Northeast,3,14,83.5,0,Yes
CUST-05388,2023-07,Month-to-month,Basic,0,12.97,Yes,Organic,Northeast,1,29,80.1,0,Yes
CUST-05389,2024-04,One year,Standard,0,41.3,No,Sales-Assisted,West,1,20,93.2,0,Yes
CUST-05390,2024-03,Month-to-month,Premium,1,69.91,No,Referral,Midwest,1,21,34.7,1,Yes
CUST-05391,2025-05,One year,Standard,0,36.34,Yes,Referral,South,7,7,80.6,0,No
CUST-05392,2023-10,Month-to-month,Premium,1,69.68,Yes,Organic,Midwest,13,26,80.2,0,Yes
CUST-05393,2025-06,Month-to-month,Standard,0,35.28,No,Organic,Midwest,1,6,40.5,0,Yes
CUST-05394,2024-09,Month-to-month,Standard,2,49.95,No,Organic,South,15,15,62.3,0,No
CUST-05395,2023-12,Month-to-month,Basic,2,32.79,Yes,Paid Search,West,9,24,57.7,0,Yes
CUST-05396,2023-07,Month-to-month,Premium,1,72.39,Yes,Sales-Assisted,Midwest,29,29,41.8,1,No
CUST-05397,2025-10,One year,Basic,1,25.88,No,Referral,Northeast,2,2,78.5,0,No
CUST-05398,2025-03,Two year,Basic,2,27.67,Yes,Organic,Midwest,9,9,67.6,0,No
CUST-05399,2024-12,Month-to-month,Basic,2,28.99,Yes,Organic,Northeast,3,12,29.8,0,Yes
CUST-05400,2025-01,One year,Basic,0,15.55,Yes,Paid Search,Northeast,11,11,26.8,0,No
CUST-05401,2024-08,Month-to-month,Premium,0,68.25,Yes,Referral,Northeast,10,16,62.1,0,Yes
CUST-05402,2025-04,Two year,Basic,0,15.59,Yes,Referral,Midwest,8,8,68.7,0,No
CUST-05403,2024-06,Two year,Standard,0,35.86,Yes,Organic,West,18,18,72.4,0,No
CUST-05404,2024-05,Month-to-month,Premium,0,62.15,Yes,Organic,Northeast,6,19,68.7,0,Yes
CUST-05405,2025-05,Month-to-month,Basic,0,15.14,Yes,Organic,West,7,7,63.9,0,No
CUST-05406,2024-02,Two year,Standard,1,38.81,Yes,Referral,Midwest,22,22,35.0,0,No
CUST-05407,2025-09,Month-to-month,Premium,1,70.98,Yes,Paid Search,Midwest,2,3,66.1,0,Yes
CUST-05408,2023-10,Month-to-month,Standard,3,58.58,No,Organic,Midwest,3,26,85.8,0,Yes
CUST-05409,2023-12,Month-to-month,Basic,2,31.8,Yes,Paid Search,Northeast,1,24,74.2,0,Yes
CUST-05410,2025-04,Month-to-month,Standard,0,36.14,Yes,Organic,Midwest,3,8,52.4,1,Yes
CUST-05411,2024-07,Two year,Standard,2,50.41,Yes,Paid Search,Midwest,17,17,37.2,1,No
CUST-05412,2023-08,One year,Standard,0,36.27,Yes,Paid Search,Midwest,28,28,61.8,0,No
CUST-05413,2025-09,Month-to-month,Premium,4,94.99,Yes,Paid Search,West,3,3,66.8,0,No
CUST-05414,2024-11,One year,Premium,4,95.23,Yes,Organic,West,13,13,91.8,0,No
CUST-05415,2025-07,One year,Standard,0,31.8,Yes,Organic,South,5,5,63.9,0,No
CUST-05416,2025-07,Month-to-month,Basic,0,16.37,No,Paid Search,Midwest,5,5,68.4,1,No
CUST-05417,2025-03,One year,Standard,0,39.86,Yes,Paid Search,South,9,9,53.8,0,No
CUST-05418,2024-09,Month-to-month,Standard,4,66.8,No,Organic,Midwest,15,15,70.3,0,No
CUST-05419,2024-09,One year,Basic,0,15.61,No,Organic,West,15,15,65.0,0,No
CUST-05420,2025-09,Month-to-month,Basic,1,23.27,Yes,Sales-Assisted,South,3,3,72.9,0,No
CUST-05421,2024-04,Month-to-month,Premium,3,88.54,No,Organic,Midwest,5,20,64.5,0,Yes
CUST-05422,2024-08,Month-to-month,Standard,1,42.52,Yes,Paid Search,South,6,16,33.9,0,Yes
CUST-05423,2024-06,Month-to-month,Basic,2,31.0,Yes,Sales-Assisted,Northeast,13,18,85.4,0,Yes
CUST-05424,2025-11,One year,Basic,3,38.0,Yes,Organic,West,1,1,81.8,0,No
CUST-05425,2024-05,One year,Standard,0,34.61,Yes,Organic,West,19,19,81.3,0,No
CUST-05426,2023-12,One year,Premium,1,73.71,No,Organic,Midwest,24,24,77.7,0,No
CUST-05427,2024-10,Two year,Standard,2,53.64,Yes,Paid Search,South,14,14,35.5,0,No
CUST-05428,2023-10,Two year,Basic,0,14.63,Yes,Referral,Midwest,26,26,97.0,0,No
CUST-05429,2024-10,Month-to-month,Premium,3,89.38,No,Sales-Assisted,West,14,14,96.7,1,No
CUST-05430,2025-11,One year,Premium,0,66.23,Yes,Organic,West,1,1,58.6,0,No
CUST-05431,2023-07,Month-to-month,Basic,2,27.0,Yes,Organic,Northeast,29,29,50.8,1,No
CUST-05432,2023-12,One year,Premium,2,80.22,Yes,Paid Search,West,12,24,52.3,1,Yes
CUST-05433,2025-04,Month-to-month,Standard,1,40.66,No,Sales-Assisted,South,8,8,55.1,0,No
CUST-05434,2023-12,Month-to-month,Standard,2,49.49,Yes,Referral,Northeast,1,24,58.1,0,Yes
CUST-05435,2024-06,Month-to-month,Standard,1,42.87,No,Sales-Assisted,South,2,18,74.6,0,Yes
CUST-05436,2023-12,Two year,Standard,1,45.32,Yes,Organic,Northeast,24,24,76.1,0,No
CUST-05437,2025-09,Two year,Standard,1,43.01,No,Organic,Midwest,3,3,65.7,1,No
CUST-05438,2024-09,One year,Standard,2,52.04,Yes,Referral,South,15,15,76.2,1,No
CUST-05439,2025-07,One year,Standard,0,36.48,Yes,Organic,West,5,5,72.4,0,No
CUST-05440,2023-11,Two year,Basic,0,11.41,Yes,Organic,West,25,25,26.9,1,No
CUST-05441,2023-12,Month-to-month,Basic,1,24.46,Yes,Paid Search,Northeast,24,24,84.3,0,No
CUST-05442,2023-07,One year,Basic,0,15.97,Yes,Sales-Assisted,Northeast,29,29,71.3,0,No
CUST-05443,2024-01,One year,Standard,0,35.79,No,Organic,Midwest,9,23,47.3,0,Yes
CUST-05444,2023-07,One year,Premium,0,65.57,No,Organic,Midwest,6,29,74.1,0,Yes
CUST-05445,2024-12,Month-to-month,Standard,3,60.92,Yes,Paid Search,South,12,12,86.6,0,No
CUST-05446,2025-04,One year,Standard,0,35.31,Yes,Organic,Midwest,8,8,78.6,0,No
CUST-05447,2025-08,Month-to-month,Premium,2,83.75,Yes,Sales-Assisted,Northeast,4,4,62.2,0,No
CUST-05448,2025-09,Month-to-month,Standard,0,35.44,Yes,Referral,South,1,3,92.3,0,Yes
CUST-05449,2025-07,Month-to-month,Standard,0,32.28,Yes,Paid Search,West,1,5,41.3,0,Yes
CUST-05450,2023-12,Month-to-month,Basic,0,15.01,Yes,Sales-Assisted,South,1,24,68.9,0,Yes
CUST-05451,2024-05,Month-to-month,Standard,2,49.26,Yes,Organic,South,19,19,49.8,0,No
CUST-05452,2025-05,One year,Basic,0,15.94,Yes,Referral,South,7,7,52.0,1,No
CUST-05453,2024-06,Month-to-month,Standard,1,41.7,No,Referral,Midwest,3,18,73.3,0,Yes
CUST-05454,2024-06,One year,Basic,1,23.02,Yes,Paid Search,South,18,18,53.5,2,No
CUST-05455,2025-04,Month-to-month,Premium,0,60.85,Yes,Paid Search,South,2,8,50.2,0,Yes
CUST-05456,2024-11,One year,Premium,0,65.23,Yes,Organic,Midwest,13,13,53.2,0,No
CUST-05457,2023-10,Two year,Basic,2,31.19,Yes,Paid Search,Midwest,26,26,34.6,3,No
CUST-05458,2024-09,Month-to-month,Basic,1,24.08,No,Paid Search,South,9,15,63.4,0,Yes
CUST-05459,2025-01,Month-to-month,Standard,0,33.0,No,Organic,Midwest,11,11,44.1,1,No
CUST-05460,2023-10,Month-to-month,Basic,2,33.8,Yes,Organic,West,26,26,79.3,0,No
CUST-05461,2024-10,Month-to-month,Premium,0,65.8,Yes,Organic,West,1,14,35.4,1,Yes
CUST-05462,2025-08,Month-to-month,Standard,1,44.73,No,Paid Search,Northeast,2,4,93.5,0,Yes
CUST-05463,2024-10,Month-to-month,Basic,1,22.77,No,Referral,Midwest,14,14,96.1,0,No
CUST-05464,2024-03,One year,Premium,3,88.74,Yes,Referral,Northeast,21,21,55.8,1,No
CUST-05465,2024-07,Two year,Standard,2,50.6,Yes,Organic,Midwest,6,17,56.2,1,Yes
CUST-05466,2023-11,One year,Standard,0,36.51,Yes,Referral,Northeast,6,25,56.7,0,Yes
CUST-05467,2025-04,Two year,Basic,3,37.92,No,Organic,South,8,8,57.7,0,No
CUST-05468,2024-08,One year,Premium,2,83.0,Yes,Referral,Midwest,16,16,72.2,0,No
CUST-05469,2024-05,Month-to-month,Standard,2,50.23,Yes,Organic,West,19,19,63.4,0,No
CUST-05470,2023-11,Two year,Premium,1,72.24,No,Organic,West,24,25,35.8,1,Yes
CUST-05471,2024-09,One year,Basic,0,15.91,Yes,Sales-Assisted,West,15,15,67.2,0,No
CUST-05472,2024-10,Month-to-month,Basic,1,25.46,Yes,Sales-Assisted,South,5,14,67.5,1,Yes
CUST-05473,2024-03,Two year,Basic,1,21.03,No,Sales-Assisted,South,21,21,69.3,0,No
CUST-05474,2025-10,One year,Basic,0,16.47,Yes,Organic,West,2,2,55.4,0,No
CUST-05475,2024-09,Month-to-month,Premium,2,82.73,No,Paid Search,West,7,15,61.6,0,Yes
CUST-05476,2025-10,One year,Standard,0,37.62,Yes,Paid Search,South,2,2,62.6,0,No
CUST-05477,2024-07,Month-to-month,Basic,1,21.87,Yes,Sales-Assisted,South,8,17,92.3,0,Yes
CUST-05478,2025-10,One year,Premium,0,69.53,Yes,Organic,Midwest,2,2,66.7,0,No
CUST-05479,2025-03,Two year,Standard,0,34.49,Yes,Organic,Northeast,9,9,70.6,0,No
CUST-05480,2025-10,One year,Standard,4,66.62,Yes,Organic,Midwest,2,2,49.5,1,No
CUST-05481,2024-05,Two year,Basic,2,32.6,Yes,Referral,South,19,19,38.1,0,No
CUST-05482,2024-03,One year,Basic,0,16.73,No,Referral,West,21,21,90.3,0,No
CUST-05483,2024-04,Month-to-month,Standard,3,58.51,No,Paid Search,West,8,20,53.5,1,Yes
CUST-05484,2025-10,One year,Standard,2,50.74,Yes,Paid Search,West,2,2,83.0,0,No
CUST-05485,2023-08,One year,Premium,0,64.81,Yes,Paid Search,South,16,28,52.4,0,Yes
CUST-05486,2023-07,Month-to-month,Standard,3,59.88,Yes,Sales-Assisted,South,29,29,93.5,0,Yes
CUST-05487,2024-06,Month-to-month,Standard,0,33.47,No,Organic,Northeast,3,18,88.8,0,Yes
CUST-05488,2025-07,Two year,Basic,2,27.72,No,Sales-Assisted,Midwest,5,5,59.2,0,No
CUST-05489,2024-04,Month-to-month,Basic,3,38.85,Yes,Organic,West,20,20,90.7,2,No
CUST-05490,2024-07,One year,Standard,3,59.99,No,Paid Search,Northeast,17,17,79.5,0,No
CUST-05491,2023-10,Month-to-month,Basic,1,23.93,Yes,Referral,South,3,26,70.7,0,Yes
CUST-05492,2024-12,Month-to-month,Basic,1,20.78,No,Sales-Assisted,Midwest,1,12,54.1,0,Yes
CUST-05493,2024-10,Month-to-month,Standard,2,52.08,No,Sales-Assisted,Northeast,14,14,61.0,0,No
CUST-05494,2024-10,One year,Premium,4,97.06,Yes,Paid Search,West,4,14,90.7,0,Yes
CUST-05495,2025-01,Two year,Standard,0,37.34,Yes,Organic,South,3,11,88.4,0,Yes
CUST-05496,2025-11,One year,Standard,0,33.88,No,Paid Search,Midwest,1,1,70.9,0,No
CUST-05497,2024-04,Two year,Standard,2,49.18,No,Sales-Assisted,Midwest,20,20,57.3,0,No
CUST-05498,2024-09,Two year,Standard,0,36.9,Yes,Organic,South,15,15,97.6,1,No
CUST-05499,2025-06,Month-to-month,Basic,4,49.71,No,Referral,Midwest,3,6,32.3,0,Yes
CUST-05500,2024-03,One year,Basic,1,22.32,Yes,Referral,South,21,21,21.4,1,No
CUST-05501,2025-05,One year,Standard,4,64.67,Yes,Organic,Midwest,7,7,78.5,1,No
CUST-05502,2024-11,Month-to-month,Basic,0,14.17,Yes,Organic,South,13,13,76.2,0,No
CUST-05503,2024-12,Month-to-month,Standard,0,37.39,No,Referral,West,2,12,78.8,0,Yes
CUST-05504,2024-12,Month-to-month,Standard,1,43.52,Yes,Sales-Assisted,Northeast,12,12,60.2,0,No
CUST-05505,2024-09,Month-to-month,Basic,1,22.82,Yes,Organic,West,1,15,89.2,0,Yes
CUST-05506,2024-09,Month-to-month,Premium,1,71.53,Yes,Referral,Northeast,3,15,91.5,0,Yes
CUST-05507,2024-07,One year,Basic,0,10.49,Yes,Sales-Assisted,Northeast,17,17,76.8,0,No
CUST-05508,2025-08,Two year,Basic,0,15.29,Yes,Organic,South,4,4,83.0,0,No
CUST-05509,2023-08,Month-to-month,Premium,3,86.89,Yes,Paid Search,South,11,28,63.7,1,Yes
CUST-05510,2025-09,Two year,Premium,1,71.87,No,Paid Search,West,3,3,81.1,1,No
CUST-05511,2025-05,Month-to-month,Basic,0,15.1,Yes,Referral,Northeast,3,7,67.9,0,Yes
CUST-05512,2023-11,Two year,Standard,2,52.55,Yes,Organic,Midwest,25,25,70.2,0,No
CUST-05513,2025-05,Month-to-month,Standard,1,42.04,Yes,Organic,Midwest,7,7,58.0,0,No
CUST-05514,2024-12,One year,Basic,4,48.98,Yes,Sales-Assisted,West,12,12,51.8,1,No
CUST-05515,2023-12,Month-to-month,Premium,4,100.82,Yes,Referral,South,18,24,48.2,0,Yes
CUST-05516,2023-09,Month-to-month,Premium,0,66.4,No,Paid Search,West,7,27,49.8,1,Yes
CUST-05517,2024-06,Month-to-month,Basic,1,25.25,Yes,Organic,Northeast,6,18,61.7,0,Yes
CUST-05518,2023-09,Month-to-month,Premium,3,87.34,No,Organic,Northeast,3,27,39.6,1,Yes
CUST-05519,2024-01,One year,Standard,3,58.93,Yes,Paid Search,Midwest,23,23,68.3,1,No
CUST-05520,2025-05,Month-to-month,Basic,0,14.17,Yes,Organic,West,2,7,60.5,0,Yes
CUST-05521,2024-01,Month-to-month,Basic,3,39.01,Yes,Organic,Northeast,23,23,65.2,0,No
CUST-05522,2025-09,One year,Premium,0,65.0,Yes,Paid Search,Midwest,3,3,61.9,0,No
CUST-05523,2024-04,Month-to-month,Standard,0,34.66,Yes,Referral,Northeast,15,20,75.1,0,Yes
CUST-05524,2024-01,Month-to-month,Standard,0,30.84,Yes,Sales-Assisted,Northeast,23,23,64.1,0,No
CUST-05525,2024-07,Month-to-month,Basic,0,14.3,Yes,Paid Search,South,17,17,73.3,0,No
CUST-05526,2024-10,Month-to-month,Standard,1,46.17,Yes,Paid Search,Northeast,14,14,64.9,1,No
CUST-05527,2025-03,Month-to-month,Basic,2,28.79,Yes,Paid Search,South,9,9,52.3,1,Yes
CUST-05528,2025-10,Month-to-month,Premium,1,70.81,No,Organic,Northeast,2,2,69.4,0,No
CUST-05529,2024-01,Month-to-month,Premium,4,98.51,No,Paid Search,West,2,23,70.8,0,Yes
CUST-05530,2024-04,Month-to-month,Standard,2,50.54,No,Referral,West,9,20,41.8,2,Yes
CUST-05531,2023-12,Month-to-month,Standard,0,38.16,No,Referral,Northeast,3,24,79.8,0,Yes
CUST-05532,2025-06,One year,Standard,1,43.11,Yes,Paid Search,Northeast,6,6,74.5,0,No
CUST-05533,2024-06,Month-to-month,Standard,1,46.05,Yes,Organic,Northeast,11,18,33.2,0,Yes
CUST-05534,2024-05,One year,Basic,2,31.26,Yes,Organic,Midwest,19,19,92.5,0,No
CUST-05535,2024-03,Month-to-month,Basic,2,31.04,No,Organic,West,3,21,55.5,0,Yes
CUST-05536,2023-09,Month-to-month,Basic,0,11.29,Yes,Referral,Midwest,27,27,53.9,1,No
CUST-05537,2023-11,Month-to-month,Standard,4,67.08,Yes,Organic,Northeast,12,25,78.4,0,Yes
CUST-05538,2023-12,Month-to-month,Basic,0,13.61,No,Paid Search,West,24,24,64.4,0,No
CUST-05539,2024-08,One year,Standard,1,43.62,Yes,Organic,Northeast,8,16,56.0,0,Yes
CUST-05540,2023-10,Two year,Standard,4,66.14,Yes,Paid Search,Midwest,4,26,34.8,3,Yes
CUST-05541,2023-07,Month-to-month,Basic,2,30.04,No,Paid Search,South,17,29,74.4,0,Yes
CUST-05542,2025-11,Two year,Standard,1,41.57,No,Organic,Northeast,1,1,100.0,0,No
CUST-05543,2024-04,One year,Standard,1,44.56,Yes,Organic,Northeast,20,20,70.4,0,No
CUST-05544,2024-01,One year,Standard,4,68.07,Yes,Organic,Midwest,6,23,50.1,0,Yes
CUST-05545,2025-11,Month-to-month,Basic,0,12.86,Yes,Paid Search,Midwest,1,1,72.6,0,No
CUST-05546,2024-09,Month-to-month,Basic,1,21.07,Yes,Organic,West,15,15,37.1,2,No
CUST-05547,2024-05,One year,Standard,1,42.48,No,Paid Search,West,3,19,62.3,1,Yes
CUST-05548,2024-03,One year,Standard,0,32.93,Yes,Sales-Assisted,Northeast,21,21,48.4,0,No
CUST-05549,2024-06,One year,Premium,0,65.95,Yes,Paid Search,Northeast,5,18,65.2,0,Yes
CUST-05550,2024-06,One year,Standard,1,41.97,Yes,Sales-Assisted,Midwest,18,18,47.7,1,No
CUST-05551,2025-08,Month-to-month,Basic,1,23.75,Yes,Sales-Assisted,West,4,4,70.6,0,No
CUST-05552,2023-08,Two year,Standard,1,43.23,Yes,Organic,West,28,28,72.7,0,No
CUST-05553,2024-10,Month-to-month,Standard,0,36.09,No,Referral,West,14,14,85.2,0,No
CUST-05554,2025-11,Month-to-month,Standard,0,32.51,Yes,Sales-Assisted,West,1,1,39.3,1,No
CUST-05555,2025-04,One year,Standard,3,57.3,No,Paid Search,Midwest,8,8,97.9,0,No
CUST-05556,2024-03,Month-to-month,Standard,1,45.43,No,Referral,Northeast,13,21,92.0,0,Yes
CUST-05557,2024-07,One year,Standard,0,34.03,Yes,Referral,Northeast,17,17,68.1,1,No
CUST-05558,2023-10,One year,Basic,0,17.64,No,Organic,South,26,26,94.1,0,No
CUST-05559,2024-12,Two year,Premium,4,98.61,Yes,Sales-Assisted,Northeast,12,12,70.3,0,No
CUST-05560,2024-10,One year,Basic,1,24.43,Yes,Organic,West,14,14,82.3,1,No
CUST-05561,2024-12,Two year,Premium,0,69.25,Yes,Sales-Assisted,Midwest,12,12,44.6,0,No
CUST-05562,2023-11,Month-to-month,Premium,2,83.23,Yes,Paid Search,Midwest,8,25,77.6,0,Yes
CUST-05563,2024-04,Month-to-month,Standard,1,40.69,No,Paid Search,South,13,20,74.7,0,Yes
CUST-05564,2023-07,One year,Standard,4,69.49,Yes,Referral,Northeast,2,29,52.8,0,Yes
CUST-05565,2024-05,One year,Premium,1,69.88,Yes,Paid Search,South,19,19,70.8,0,No
CUST-05566,2023-07,One year,Basic,0,14.97,Yes,Paid Search,South,29,29,65.8,0,No
CUST-05567,2023-12,One year,Basic,0,15.05,Yes,Organic,Northeast,24,24,79.9,0,No
CUST-05568,2023-12,Month-to-month,Standard,0,33.52,Yes,Organic,Midwest,24,24,81.8,0,No
CUST-05569,2024-10,Month-to-month,Basic,1,20.95,Yes,Sales-Assisted,Midwest,1,14,42.0,0,Yes
CUST-05570,2023-07,Month-to-month,Basic,4,48.47,No,Organic,Midwest,19,29,66.5,0,Yes
CUST-05571,2024-12,Month-to-month,Standard,2,50.36,Yes,Organic,Northeast,1,12,36.4,0,Yes
CUST-05572,2025-06,Month-to-month,Basic,1,23.55,Yes,Sales-Assisted,Northeast,6,6,15.6,3,No
CUST-05573,2025-08,Month-to-month,Standard,0,31.95,Yes,Sales-Assisted,South,4,4,67.5,0,No
CUST-05574,2024-08,Month-to-month,Basic,2,30.19,Yes,Organic,West,15,16,55.6,1,Yes
CUST-05575,2025-07,Month-to-month,Standard,0,33.67,No,Referral,Northeast,5,5,86.8,0,No
CUST-05576,2024-05,One year,Premium,0,66.05,Yes,Organic,West,18,19,28.4,1,Yes
CUST-05577,2025-01,Two year,Basic,0,17.46,Yes,Referral,Northeast,11,11,62.1,0,No
CUST-05578,2024-12,One year,Premium,3,89.34,Yes,Organic,Northeast,12,12,52.9,0,No
CUST-05579,2023-09,Two year,Basic,0,18.06,Yes,Referral,South,27,27,72.3,0,No
CUST-05580,2024-08,Month-to-month,Standard,1,40.2,Yes,Paid Search,Northeast,8,16,74.0,0,Yes
CUST-05581,2025-09,Month-to-month,Basic,0,15.08,No,Paid Search,South,3,3,69.4,0,No
CUST-05582,2025-06,One year,Basic,0,12.83,No,Paid Search,Midwest,6,6,18.6,0,No
CUST-05583,2025-01,Month-to-month,Standard,1,44.56,Yes,Paid Search,West,5,11,77.0,0,Yes
CUST-05584,2025-06,Month-to-month,Premium,2,83.07,Yes,Organic,Midwest,6,6,63.5,0,Yes
CUST-05585,2025-07,Two year,Standard,0,36.48,No,Sales-Assisted,Midwest,5,5,81.3,0,No
CUST-05586,2023-08,One year,Basic,4,50.41,No,Paid Search,Northeast,28,28,74.6,0,No
CUST-05587,2024-10,One year,Standard,1,42.76,No,Referral,Northeast,14,14,53.7,2,No
CUST-05588,2025-10,Month-to-month,Basic,3,40.94,No,Paid Search,South,2,2,37.0,1,No
CUST-05589,2025-02,One year,Basic,1,26.35,No,Organic,West,10,10,64.9,0,No
CUST-05590,2024-03,Month-to-month,Basic,1,22.19,Yes,Paid Search,West,5,21,47.5,0,Yes
CUST-05591,2025-09,Month-to-month,Basic,1,25.11,No,Sales-Assisted,Midwest,3,3,91.4,0,No
CUST-05592,2024-02,Two year,Standard,2,51.74,Yes,Organic,Northeast,22,22,39.9,0,No
CUST-05593,2024-04,Month-to-month,Premium,1,73.99,Yes,Referral,West,8,20,66.1,0,Yes
CUST-05594,2024-03,Month-to-month,Basic,0,16.02,Yes,Organic,Northeast,1,21,18.8,0,Yes
CUST-05595,2023-11,Month-to-month,Standard,4,69.12,No,Sales-Assisted,Northeast,8,25,66.5,0,Yes
CUST-05596,2023-12,One year,Basic,0,17.09,Yes,Paid Search,South,24,24,70.9,0,No
CUST-05597,2025-06,Month-to-month,Basic,4,43.82,No,Paid Search,West,6,6,60.0,2,No
CUST-05598,2025-03,One year,Basic,2,34.61,Yes,Paid Search,South,3,9,66.7,0,Yes
CUST-05599,2024-02,Month-to-month,Basic,1,20.84,No,Paid Search,West,8,22,50.5,0,Yes
CUST-05600,2023-07,One year,Premium,1,72.23,Yes,Organic,West,29,29,78.9,0,No
CUST-05601,2024-12,One year,Premium,1,73.18,Yes,Organic,Midwest,12,12,70.2,0,No
CUST-05602,2024-04,One year,Basic,2,33.79,Yes,Paid Search,Northeast,2,20,76.9,0,Yes
CUST-05603,2025-09,Two year,Standard,4,67.97,No,Organic,Midwest,3,3,87.7,0,No
CUST-05604,2023-09,Month-to-month,Basic,1,23.89,Yes,Referral,Northeast,6,27,69.1,0,Yes
CUST-05605,2023-07,Month-to-month,Premium,1,73.24,Yes,Organic,Northeast,18,29,46.9,0,Yes
CUST-05606,2023-10,One year,Standard,3,58.63,Yes,Organic,Northeast,26,26,90.0,0,No
CUST-05607,2025-09,One year,Standard,3,57.67,Yes,Organic,Midwest,3,3,34.1,0,No
CUST-05608,2023-11,Month-to-month,Standard,1,44.3,Yes,Sales-Assisted,West,25,25,55.8,0,No
CUST-05609,2024-09,One year,Standard,0,35.38,Yes,Paid Search,South,1,15,77.8,0,Yes
CUST-05610,2025-01,Month-to-month,Basic,0,16.17,Yes,Paid Search,South,11,11,79.2,0,No
CUST-05611,2023-10,One year,Premium,3,88.76,Yes,Paid Search,Midwest,26,26,43.6,1,No
CUST-05612,2024-11,One year,Basic,0,13.48,Yes,Organic,South,13,13,34.2,0,No
CUST-05613,2024-09,One year,Basic,2,31.84,No,Referral,Northeast,15,15,92.1,0,No
CUST-05614,2024-10,One year,Basic,3,38.14,Yes,Sales-Assisted,South,14,14,35.9,0,No
CUST-05615,2024-08,One year,Standard,0,36.27,Yes,Referral,Northeast,16,16,47.5,0,No
CUST-05616,2024-07,One year,Basic,0,15.26,Yes,Organic,West,17,17,65.7,1,No
CUST-05617,2024-05,Month-to-month,Basic,1,25.07,No,Sales-Assisted,Northeast,3,19,35.3,3,Yes
CUST-05618,2024-09,One year,Standard,0,34.29,Yes,Referral,South,15,15,62.7,0,No
CUST-05619,2023-07,Month-to-month,Standard,2,55.78,Yes,Paid Search,Midwest,2,29,39.5,0,Yes
CUST-05620,2025-07,One year,Basic,2,32.82,Yes,Organic,South,5,5,60.1,0,No
CUST-05621,2023-12,Month-to-month,Basic,4,43.78,No,Organic,Northeast,12,24,45.5,1,Yes
CUST-05622,2025-02,Month-to-month,Standard,0,34.44,Yes,Organic,Northeast,10,10,80.6,0,No
CUST-05623,2023-07,One year,Standard,1,38.73,No,Paid Search,South,29,29,55.8,1,No
CUST-05624,2025-07,Two year,Standard,1,38.6,Yes,Organic,Northeast,5,5,68.2,0,No
CUST-05625,2024-02,Month-to-month,Basic,1,23.93,No,Paid Search,Midwest,5,22,77.1,0,Yes
CUST-05626,2023-08,One year,Premium,2,81.98,Yes,Paid Search,Midwest,12,28,69.4,0,Yes
CUST-05627,2023-08,Two year,Premium,1,72.1,Yes,Paid Search,Midwest,28,28,45.3,2,No
CUST-05628,2025-11,One year,Standard,1,40.69,Yes,Paid Search,West,1,1,47.4,0,No
CUST-05629,2025-03,Month-to-month,Standard,1,46.01,No,Referral,Northeast,9,9,87.2,0,No
CUST-05630,2025-06,One year,Standard,2,50.83,Yes,Organic,Midwest,6,6,69.6,0,No
CUST-05631,2024-03,One year,Standard,2,49.98,Yes,Organic,Midwest,21,21,61.1,0,No
CUST-05632,2024-04,Month-to-month,Standard,0,32.19,Yes,Paid Search,Northeast,3,20,39.9,1,Yes
CUST-05633,2023-09,One year,Basic,1,22.82,Yes,Organic,Midwest,27,27,24.8,0,No
CUST-05634,2023-08,One year,Basic,1,22.82,No,Organic,South,28,28,82.8,0,No
CUST-05635,2024-08,One year,Premium,3,89.02,Yes,Organic,Midwest,16,16,89.4,0,No
CUST-05636,2025-11,Month-to-month,Basic,1,25.9,No,Organic,Northeast,1,1,59.4,0,No
CUST-05637,2024-06,Month-to-month,Standard,0,33.52,No,Sales-Assisted,South,14,18,79.1,0,Yes
CUST-05638,2024-07,Two year,Standard,0,39.79,Yes,Organic,South,17,17,94.6,0,No
CUST-05639,2024-11,Month-to-month,Premium,0,68.94,Yes,Organic,Northeast,13,13,74.6,0,No
CUST-05640,2024-04,One year,Standard,1,44.24,Yes,Paid Search,South,20,20,65.9,0,No
CUST-05641,2024-01,One year,Premium,1,70.94,Yes,Referral,Midwest,17,23,58.2,0,Yes
CUST-05642,2025-02,Month-to-month,Premium,2,79.13,No,Referral,Midwest,10,10,68.0,0,No
CUST-05643,2024-09,Two year,Basic,1,22.3,Yes,Paid Search,West,15,15,53.5,0,No
CUST-05644,2024-10,Month-to-month,Basic,0,15.26,Yes,Sales-Assisted,Midwest,14,14,75.0,0,No
CUST-05645,2024-05,Month-to-month,Basic,1,19.81,Yes,Referral,South,19,19,64.1,1,No
CUST-05646,2025-07,Month-to-month,Premium,0,64.63,No,Organic,South,5,5,71.4,0,No
CUST-05647,2025-01,Month-to-month,Premium,1,72.32,Yes,Organic,Midwest,11,11,58.9,0,No
CUST-05648,2023-08,One year,Standard,1,43.84,Yes,Referral,West,28,28,85.8,0,No
CUST-05649,2024-08,One year,Premium,2,83.42,Yes,Organic,Northeast,16,16,50.0,0,No
CUST-05650,2024-09,Two year,Basic,0,14.88,Yes,Paid Search,West,15,15,56.7,1,No
CUST-05651,2023-09,One year,Standard,0,35.73,Yes,Organic,Northeast,27,27,89.2,1,No
CUST-05652,2023-10,Month-to-month,Basic,0,12.88,No,Paid Search,West,4,26,29.8,1,Yes
CUST-05653,2023-07,Month-to-month,Basic,0,12.32,Yes,Sales-Assisted,South,29,29,75.8,0,No
CUST-05654,2025-01,Month-to-month,Basic,4,46.88,Yes,Referral,South,11,11,61.4,1,No
CUST-05655,2023-12,Month-to-month,Standard,2,51.37,No,Sales-Assisted,West,24,24,63.5,0,No
CUST-05656,2024-12,Month-to-month,Basic,0,12.85,Yes,Referral,Northeast,1,12,56.3,1,Yes
CUST-05657,2025-08,Month-to-month,Standard,1,43.21,Yes,Paid Search,West,4,4,60.2,0,No
CUST-05658,2024-07,One year,Standard,1,45.04,Yes,Paid Search,Northeast,17,17,59.0,0,No
CUST-05659,2023-12,Month-to-month,Standard,2,46.42,No,Referral,West,1,24,57.4,0,Yes
CUST-05660,2024-06,One year,Basic,2,29.53,Yes,Paid Search,Northeast,15,18,76.7,1,Yes
CUST-05661,2024-04,One year,Basic,2,34.2,Yes,Sales-Assisted,South,20,20,64.9,0,No
CUST-05662,2025-04,One year,Standard,0,35.0,Yes,Referral,Northeast,8,8,53.4,1,No
CUST-05663,2024-06,Two year,Premium,1,74.85,Yes,Sales-Assisted,West,18,18,79.5,0,No
CUST-05664,2025-01,One year,Standard,0,33.24,Yes,Organic,Northeast,2,11,88.9,0,Yes
CUST-05665,2023-07,Month-to-month,Basic,2,30.31,Yes,Sales-Assisted,South,29,29,62.4,0,No
CUST-05666,2025-07,One year,Standard,2,50.13,Yes,Paid Search,West,5,5,71.3,0,No
CUST-05667,2025-02,Month-to-month,Basic,0,16.1,Yes,Organic,Northeast,3,10,77.8,0,Yes
CUST-05668,2023-07,Month-to-month,Premium,2,82.22,Yes,Organic,West,29,29,83.7,0,No
CUST-05669,2024-12,Month-to-month,Standard,0,34.59,Yes,Referral,South,12,12,78.3,0,No
CUST-05670,2024-02,Month-to-month,Premium,2,82.0,Yes,Organic,West,2,22,50.0,0,Yes
CUST-05671,2024-03,Month-to-month,Standard,1,43.73,Yes,Organic,South,10,21,72.0,0,Yes
CUST-05672,2025-10,Two year,Basic,1,22.64,Yes,Paid Search,Northeast,2,2,46.9,0,No
CUST-05673,2024-07,Month-to-month,Premium,1,71.34,No,Organic,South,17,17,61.4,0,No
CUST-05674,2023-12,One year,Premium,2,82.86,Yes,Paid Search,West,24,24,51.9,0,No
CUST-05675,2024-03,Month-to-month,Standard,0,30.72,Yes,Organic,South,21,21,57.4,0,No
CUST-05676,2024-01,One year,Basic,2,28.66,Yes,Paid Search,South,11,23,79.2,0,Yes
CUST-05677,2024-12,One year,Standard,1,43.03,Yes,Referral,Midwest,12,12,46.2,1,No
CUST-05678,2025-01,Month-to-month,Standard,2,52.07,Yes,Organic,Northeast,4,11,62.1,0,Yes
CUST-05679,2024-10,Month-to-month,Basic,2,36.72,Yes,Organic,Northeast,6,14,78.6,0,Yes
CUST-05680,2024-04,One year,Standard,1,42.89,Yes,Organic,West,20,20,54.7,1,No
CUST-05681,2023-08,Month-to-month,Basic,1,22.75,No,Sales-Assisted,South,2,28,78.2,0,Yes
CUST-05682,2024-04,Month-to-month,Premium,1,71.31,No,Referral,South,20,20,59.3,0,No
CUST-05683,2024-08,Month-to-month,Premium,1,72.9,No,Paid Search,South,16,16,71.7,0,No
CUST-05684,2023-12,Month-to-month,Basic,1,22.74,No,Organic,South,4,24,75.2,0,Yes
CUST-05685,2024-03,Month-to-month,Premium,0,62.7,No,Paid Search,South,21,21,69.6,0,No
CUST-05686,2023-12,Month-to-month,Basic,3,37.51,Yes,Organic,West,24,24,80.7,0,No
CUST-05687,2025-09,Month-to-month,Basic,1,23.71,No,Referral,South,2,3,69.1,1,Yes
CUST-05688,2023-12,One year,Basic,0,13.46,No,Paid Search,West,24,24,77.8,1,No
CUST-05689,2023-09,Month-to-month,Premium,0,65.65,Yes,Sales-Assisted,West,1,27,25.2,0,Yes
CUST-05690,2024-11,Month-to-month,Basic,1,22.76,Yes,Referral,West,13,13,75.7,0,No
CUST-05691,2025-11,Month-to-month,Standard,0,35.04,No,Referral,Midwest,1,1,76.1,0,No
CUST-05692,2025-07,One year,Standard,1,43.53,Yes,Organic,Midwest,5,5,55.3,0,No
CUST-05693,2025-08,Month-to-month,Basic,0,17.78,Yes,Referral,South,1,4,73.3,0,Yes
CUST-05694,2024-07,Month-to-month,Standard,3,60.48,Yes,Referral,Northeast,17,17,41.7,0,No
CUST-05695,2024-06,Two year,Premium,0,64.19,Yes,Paid Search,Midwest,18,18,81.1,0,No
CUST-05696,2025-01,One year,Basic,2,31.66,No,Paid Search,South,10,11,51.1,0,Yes
CUST-05697,2023-10,One year,Basic,0,18.6,Yes,Organic,Midwest,26,26,60.8,1,No
CUST-05698,2025-10,Month-to-month,Premium,0,64.89,No,Organic,Northeast,2,2,79.4,0,No
CUST-05699,2024-01,Month-to-month,Standard,1,44.97,Yes,Organic,Northeast,11,23,67.7,0,Yes
CUST-05700,2025-06,Month-to-month,Premium,2,81.12,Yes,Referral,Northeast,3,6,47.7,0,Yes
CUST-05701,2025-06,Month-to-month,Standard,0,32.64,No,Organic,South,1,6,57.7,0,Yes
CUST-05702,2025-06,One year,Premium,0,68.08,Yes,Organic,Midwest,6,6,53.2,0,No
CUST-05703,2024-11,Month-to-month,Standard,2,52.35,Yes,Sales-Assisted,Midwest,7,13,68.5,0,Yes
CUST-05704,2024-05,Month-to-month,Premium,0,64.27,Yes,Paid Search,West,4,19,43.8,2,Yes
CUST-05705,2025-10,One year,Standard,1,45.24,No,Organic,Midwest,2,2,35.3,0,No
CUST-05706,2023-07,Month-to-month,Basic,1,26.09,No,Sales-Assisted,Midwest,1,29,34.3,2,Yes
CUST-05707,2025-08,One year,Basic,1,21.59,Yes,Paid Search,West,4,4,73.7,0,No
CUST-05708,2024-04,Two year,Basic,1,24.5,Yes,Paid Search,South,20,20,77.5,0,No
CUST-05709,2023-07,Month-to-month,Premium,2,82.7,No,Organic,Midwest,2,29,65.1,0,Yes
CUST-05710,2023-12,Month-to-month,Premium,2,80.21,No,Paid Search,Northeast,1,24,41.3,0,Yes
CUST-05711,2024-03,Month-to-month,Basic,0,14.73,No,Referral,Midwest,21,21,52.7,2,No
CUST-05712,2025-09,Two year,Premium,2,80.11,Yes,Referral,Midwest,3,3,41.8,3,No
CUST-05713,2024-03,Month-to-month,Standard,3,62.07,Yes,Organic,West,21,21,90.2,0,No
CUST-05714,2023-11,Two year,Premium,1,74.46,Yes,Paid Search,Midwest,25,25,95.5,0,No
CUST-05715,2025-04,Month-to-month,Basic,0,15.9,No,Sales-Assisted,West,5,8,79.4,0,Yes
CUST-05716,2025-11,Month-to-month,Standard,0,34.08,No,Organic,Northeast,1,1,63.6,0,No
CUST-05717,2025-02,Month-to-month,Basic,0,16.66,No,Organic,Midwest,10,10,63.2,0,No
CUST-05718,2025-04,Two year,Basic,1,23.58,No,Paid Search,Northeast,8,8,49.4,0,No
CUST-05719,2025-10,Month-to-month,Basic,2,32.52,Yes,Organic,West,2,2,57.5,2,No
CUST-05720,2024-06,Two year,Premium,1,70.47,Yes,Paid Search,South,18,18,69.5,0,No
CUST-05721,2025-10,Month-to-month,Basic,0,13.0,Yes,Referral,West,2,2,83.7,0,No
CUST-05722,2025-01,Month-to-month,Basic,1,24.29,Yes,Organic,South,11,11,52.1,0,No
CUST-05723,2025-08,Month-to-month,Premium,4,96.66,No,Organic,West,2,4,78.3,0,Yes
CUST-05724,2025-05,One year,Premium,2,81.74,Yes,Organic,Midwest,7,7,30.4,2,No
CUST-05725,2024-10,Month-to-month,Premium,2,79.79,Yes,Sales-Assisted,Northeast,14,14,70.0,0,No
CUST-05726,2023-12,Two year,Standard,0,33.62,Yes,Referral,Northeast,24,24,81.6,0,No
CUST-05727,2025-09,Month-to-month,Basic,1,24.64,Yes,Paid Search,South,3,3,50.2,0,Yes
CUST-05728,2025-10,Month-to-month,Basic,1,21.96,Yes,Sales-Assisted,West,2,2,45.7,1,Yes
CUST-05729,2024-12,Two year,Basic,0,11.93,Yes,Organic,South,12,12,81.3,0,No
CUST-05730,2025-08,Month-to-month,Basic,3,38.12,Yes,Organic,Northeast,4,4,46.1,1,No
CUST-05731,2023-08,One year,Premium,3,87.15,Yes,Referral,South,28,28,88.0,0,No
CUST-05732,2025-09,Month-to-month,Premium,0,63.7,Yes,Sales-Assisted,Midwest,1,3,78.6,0,Yes
CUST-05733,2025-08,Month-to-month,Basic,3,39.77,Yes,Organic,West,4,4,61.3,1,No
CUST-05734,2025-09,One year,Premium,1,71.74,No,Organic,Midwest,3,3,31.9,0,No
CUST-05735,2024-09,One year,Standard,4,65.94,Yes,Organic,Northeast,15,15,57.9,0,No
CUST-05736,2025-07,Month-to-month,Standard,1,45.9,Yes,Paid Search,Northeast,5,5,64.7,0,No
CUST-05737,2025-06,One year,Premium,1,73.37,Yes,Sales-Assisted,South,6,6,72.9,0,No
CUST-05738,2024-02,One year,Standard,0,34.72,Yes,Paid Search,South,7,22,48.2,0,Yes
CUST-05739,2024-06,Two year,Basic,2,32.32,Yes,Referral,West,18,18,30.2,3,No
CUST-05740,2024-03,Month-to-month,Standard,3,61.84,Yes,Sales-Assisted,Midwest,7,21,79.1,0,Yes
CUST-05741,2025-02,Month-to-month,Standard,0,37.63,Yes,Organic,West,10,10,45.2,1,No
CUST-05742,2024-03,One year,Standard,0,36.75,Yes,Sales-Assisted,South,21,21,81.7,1,No
CUST-05743,2024-11,One year,Standard,2,53.64,Yes,Sales-Assisted,Northeast,13,13,70.6,1,No
CUST-05744,2024-08,Month-to-month,Basic,0,16.38,Yes,Sales-Assisted,Midwest,16,16,40.9,0,No
CUST-05745,2024-06,Month-to-month,Basic,0,17.06,Yes,Organic,West,1,18,68.7,0,Yes
CUST-05746,2025-06,Month-to-month,Premium,1,76.31,No,Referral,Midwest,6,6,86.5,0,No
CUST-05747,2025-04,One year,Standard,0,32.45,Yes,Paid Search,Midwest,8,8,49.4,0,No
CUST-05748,2025-09,Two year,Premium,1,73.03,Yes,Referral,South,3,3,52.9,0,No
CUST-05749,2024-10,One year,Basic,1,21.15,Yes,Organic,South,14,14,48.8,0,No
CUST-05750,2024-01,Month-to-month,Standard,0,35.64,No,Sales-Assisted,Midwest,23,23,82.6,0,No
CUST-05751,2025-03,Month-to-month,Premium,1,74.82,No,Paid Search,Midwest,1,9,36.3,1,Yes
CUST-05752,2023-07,Two year,Basic,2,33.09,No,Sales-Assisted,South,29,29,72.5,0,No
CUST-05753,2023-08,Month-to-month,Standard,0,36.68,Yes,Organic,West,2,28,60.2,0,Yes
CUST-05754,2023-08,Month-to-month,Basic,1,25.03,Yes,Sales-Assisted,South,3,28,99.3,0,Yes
CUST-05755,2025-03,Month-to-month,Premium,4,98.7,No,Referral,Northeast,9,9,84.6,0,No
CUST-05756,2024-09,Month-to-month,Basic,1,23.35,Yes,Organic,Midwest,2,15,86.4,0,Yes
CUST-05757,2024-04,Two year,Basic,2,27.36,Yes,Organic,Midwest,20,20,82.2,1,No
CUST-05758,2024-01,Two year,Standard,1,40.13,No,Sales-Assisted,Midwest,23,23,72.0,0,No
CUST-05759,2023-09,One year,Basic,0,18.36,Yes,Sales-Assisted,West,27,27,64.1,0,No
CUST-05760,2024-11,Month-to-month,Basic,1,20.89,No,Sales-Assisted,Midwest,13,13,85.0,0,No
CUST-05761,2025-07,One year,Standard,1,41.31,Yes,Sales-Assisted,Northeast,5,5,44.3,1,No
CUST-05762,2025-10,Month-to-month,Basic,3,37.06,Yes,Sales-Assisted,Midwest,2,2,96.9,0,No
CUST-05763,2023-11,Month-to-month,Standard,0,35.02,Yes,Referral,West,25,25,92.3,0,No
CUST-05764,2025-10,Two year,Standard,0,32.55,No,Organic,West,2,2,39.2,0,No
CUST-05765,2024-08,Month-to-month,Basic,0,14.93,Yes,Referral,Northeast,16,16,72.3,0,No
CUST-05766,2025-08,One year,Basic,0,13.02,Yes,Paid Search,Midwest,4,4,63.9,0,No
CUST-05767,2025-04,One year,Standard,1,43.26,No,Sales-Assisted,South,8,8,90.0,0,No
CUST-05768,2023-10,Month-to-month,Basic,2,33.67,Yes,Organic,South,4,26,72.5,0,Yes
CUST-05769,2025-02,One year,Premium,0,59.67,Yes,Organic,South,10,10,66.8,1,No
CUST-05770,2023-08,Month-to-month,Standard,2,48.19,No,Referral,Northeast,11,28,80.2,0,Yes
CUST-05771,2025-02,One year,Standard,0,38.24,Yes,Referral,Midwest,10,10,37.3,2,No
CUST-05772,2023-10,One year,Premium,1,73.45,No,Organic,Midwest,26,26,79.1,0,Yes
CUST-05773,2024-02,Month-to-month,Basic,0,16.15,Yes,Paid Search,South,17,22,59.3,0,Yes
CUST-05774,2024-06,Month-to-month,Premium,1,71.93,Yes,Organic,Midwest,2,18,54.5,0,Yes
CUST-05775,2025-08,Two year,Basic,1,21.76,Yes,Paid Search,West,4,4,37.7,2,No
CUST-05776,2024-07,One year,Standard,1,43.98,Yes,Referral,West,17,17,38.9,0,No
CUST-05777,2025-04,Month-to-month,Premium,1,71.61,Yes,Paid Search,Northeast,6,8,84.9,0,Yes
CUST-05778,2024-01,Two year,Basic,2,29.33,Yes,Paid Search,West,23,23,83.1,0,No
CUST-05779,2024-02,Two year,Standard,2,50.48,Yes,Referral,Midwest,22,22,48.1,0,No
CUST-05780,2025-01,Month-to-month,Premium,2,80.72,Yes,Paid Search,South,9,11,52.6,0,Yes
CUST-05781,2025-05,One year,Standard,1,42.19,Yes,Paid Search,West,7,7,90.7,0,No
CUST-05782,2023-07,Month-to-month,Basic,1,23.96,Yes,Organic,South,27,29,48.8,0,Yes
CUST-05783,2025-09,Two year,Basic,1,23.72,Yes,Referral,Midwest,3,3,54.1,0,No
CUST-05784,2025-10,One year,Standard,2,51.79,Yes,Organic,Midwest,2,2,41.2,0,No
CUST-05785,2024-05,One year,Basic,1,22.52,Yes,Organic,South,19,19,74.3,0,No
CUST-05786,2023-07,Two year,Premium,2,78.49,Yes,Organic,Midwest,29,29,92.4,0,No
CUST-05787,2025-01,Month-to-month,Standard,1,46.12,Yes,Organic,Northeast,8,11,58.7,2,Yes
CUST-05788,2024-01,Month-to-month,Basic,1,27.66,Yes,Sales-Assisted,Northeast,23,23,50.2,0,No
CUST-05789,2025-07,Month-to-month,Basic,1,21.08,No,Organic,South,2,5,72.6,0,Yes
CUST-05790,2024-02,One year,Premium,0,66.3,Yes,Paid Search,Midwest,22,22,81.1,0,No
CUST-05791,2025-10,Month-to-month,Standard,2,48.3,No,Paid Search,Northeast,1,2,56.9,0,Yes
CUST-05792,2024-05,Month-to-month,Standard,3,57.51,No,Referral,South,19,19,70.0,0,No
CUST-05793,2024-11,Month-to-month,Standard,2,46.98,Yes,Paid Search,West,13,13,77.1,0,No
CUST-05794,2024-01,One year,Standard,0,36.83,Yes,Paid Search,South,23,23,43.0,1,No
CUST-05795,2024-09,Month-to-month,Basic,1,22.23,No,Paid Search,South,15,15,56.3,0,No
CUST-05796,2024-11,Month-to-month,Standard,3,60.1,No,Referral,South,13,13,94.4,0,No
CUST-05797,2024-12,Month-to-month,Standard,4,69.1,Yes,Referral,West,8,12,19.0,1,Yes
CUST-05798,2025-02,Month-to-month,Standard,2,50.03,No,Paid Search,West,2,10,76.8,0,Yes
CUST-05799,2024-06,Month-to-month,Standard,0,36.1,No,Paid Search,Midwest,18,18,45.8,0,No
CUST-05800,2024-11,One year,Standard,3,60.59,Yes,Organic,South,13,13,68.9,0,No
CUST-05801,2024-07,Month-to-month,Basic,0,17.87,No,Referral,South,2,17,52.4,0,Yes
CUST-05802,2024-08,Month-to-month,Standard,2,51.01,Yes,Sales-Assisted,South,1,16,93.3,0,Yes
CUST-05803,2023-09,Month-to-month,Premium,0,63.92,Yes,Organic,Midwest,3,27,55.6,2,Yes
CUST-05804,2024-01,Month-to-month,Standard,2,51.66,No,Paid Search,Midwest,23,23,53.7,1,No
CUST-05805,2024-11,One year,Standard,0,34.1,No,Referral,Northeast,13,13,89.5,0,No
CUST-05806,2025-04,Month-to-month,Basic,4,48.1,Yes,Paid Search,Midwest,8,8,61.9,0,No
CUST-05807,2023-07,Month-to-month,Standard,1,45.32,Yes,Paid Search,Northeast,1,29,98.7,0,Yes
CUST-05808,2025-02,Month-to-month,Standard,3,56.01,No,Sales-Assisted,Midwest,2,10,59.5,1,Yes
CUST-05809,2024-12,Two year,Premium,0,62.77,Yes,Paid Search,West,12,12,73.6,0,No
CUST-05810,2025-06,Two year,Standard,1,42.22,Yes,Organic,South,6,6,84.3,0,No
CUST-05811,2025-07,Month-to-month,Basic,3,38.36,Yes,Organic,West,5,5,71.6,0,No
CUST-05812,2023-07,One year,Standard,0,34.97,No,Referral,South,29,29,52.9,0,No
CUST-05813,2024-06,One year,Standard,4,67.36,Yes,Paid Search,Midwest,18,18,24.9,1,No
CUST-05814,2024-01,One year,Standard,0,33.32,Yes,Paid Search,West,23,23,64.0,0,No
CUST-05815,2023-12,Two year,Standard,0,33.03,Yes,Paid Search,West,24,24,55.1,0,No
CUST-05816,2024-01,One year,Basic,2,28.02,No,Paid Search,South,19,23,71.0,0,Yes
CUST-05817,2025-04,One year,Premium,1,75.49,Yes,Organic,West,8,8,53.7,2,No
CUST-05818,2023-08,One year,Premium,0,65.75,Yes,Paid Search,Northeast,1,28,25.3,2,Yes
CUST-05819,2025-08,Month-to-month,Basic,0,15.0,Yes,Paid Search,Northeast,4,4,56.0,0,No
CUST-05820,2024-08,Two year,Standard,2,49.98,Yes,Sales-Assisted,West,16,16,79.9,0,No
CUST-05821,2025-07,Month-to-month,Basic,2,26.59,Yes,Organic,Midwest,1,5,57.2,0,Yes
CUST-05822,2024-09,One year,Basic,1,22.03,Yes,Referral,Midwest,15,15,69.9,0,No
CUST-05823,2024-02,Month-to-month,Basic,2,32.22,Yes,Organic,Midwest,9,22,30.3,2,Yes
CUST-05824,2024-12,Month-to-month,Standard,0,36.46,No,Paid Search,West,2,12,21.9,0,Yes
CUST-05825,2025-02,Month-to-month,Basic,0,15.35,No,Organic,Midwest,10,10,48.0,1,No
CUST-05826,2024-11,One year,Standard,0,33.16,Yes,Organic,Midwest,13,13,43.0,0,No
CUST-05827,2025-04,Month-to-month,Standard,3,57.96,No,Organic,South,8,8,48.4,1,No
CUST-05828,2025-05,Two year,Standard,2,51.92,No,Paid Search,West,7,7,95.7,0,No
CUST-05829,2025-02,Month-to-month,Standard,1,42.75,No,Referral,West,10,10,94.2,0,No
CUST-05830,2025-07,One year,Standard,1,42.5,Yes,Sales-Assisted,South,2,5,52.5,0,Yes
CUST-05831,2025-02,Month-to-month,Standard,1,42.77,Yes,Referral,Midwest,8,10,75.3,0,Yes
CUST-05832,2024-07,Month-to-month,Basic,2,29.86,Yes,Referral,South,9,17,80.6,0,Yes
CUST-05833,2025-09,Month-to-month,Standard,3,58.31,Yes,Paid Search,South,3,3,47.6,1,No
CUST-05834,2023-08,Month-to-month,Standard,0,33.39,No,Sales-Assisted,Midwest,12,28,73.9,0,Yes
CUST-05835,2025-11,Month-to-month,Standard,0,35.71,Yes,Paid Search,South,1,1,64.1,0,No
CUST-05836,2025-04,Month-to-month,Basic,1,20.65,Yes,Sales-Assisted,Midwest,6,8,53.3,0,Yes
CUST-05837,2025-07,Month-to-month,Standard,1,39.31,No,Referral,Midwest,5,5,65.0,0,No
CUST-05838,2024-06,Month-to-month,Premium,0,68.29,Yes,Organic,Northeast,3,18,45.9,0,Yes
CUST-05839,2025-09,One year,Basic,2,31.89,No,Organic,Midwest,3,3,59.0,0,No
CUST-05840,2024-02,Month-to-month,Standard,0,31.15,Yes,Organic,South,8,22,69.1,0,Yes
CUST-05841,2025-10,Two year,Basic,1,24.4,No,Referral,South,2,2,62.4,0,No
CUST-05842,2025-08,Two year,Basic,1,23.73,Yes,Referral,Midwest,4,4,68.1,0,No
CUST-05843,2024-07,One year,Basic,0,14.76,Yes,Sales-Assisted,South,17,17,74.2,1,No
CUST-05844,2025-10,Month-to-month,Premium,0,63.87,Yes,Organic,Midwest,2,2,99.6,0,No
CUST-05845,2024-08,Month-to-month,Standard,2,52.72,Yes,Referral,Northeast,7,16,78.6,0,Yes
CUST-05846,2024-06,Month-to-month,Basic,0,15.74,Yes,Organic,Midwest,4,18,45.5,0,Yes
CUST-05847,2023-09,One year,Premium,1,75.08,Yes,Paid Search,South,27,27,80.5,0,No
CUST-05848,2023-09,Month-to-month,Basic,1,21.48,Yes,Paid Search,South,27,27,80.0,0,No
CUST-05849,2025-01,Two year,Standard,0,34.46,Yes,Paid Search,South,11,11,59.2,0,No
CUST-05850,2025-02,Month-to-month,Standard,0,35.34,No,Paid Search,South,10,10,58.8,2,No
CUST-05851,2025-09,Two year,Basic,1,22.3,Yes,Paid Search,Northeast,3,3,92.9,1,No
CUST-05852,2025-06,Month-to-month,Standard,1,43.74,Yes,Referral,South,1,6,17.9,0,Yes
CUST-05853,2023-10,Month-to-month,Standard,0,33.57,No,Organic,South,10,26,48.7,0,Yes
CUST-05854,2024-06,One year,Basic,1,22.23,Yes,Referral,South,18,18,50.1,0,No
CUST-05855,2024-11,One year,Premium,2,81.16,Yes,Referral,Midwest,12,13,85.2,0,Yes
CUST-05856,2025-08,One year,Basic,4,48.36,No,Organic,Midwest,2,4,60.4,0,Yes
CUST-05857,2024-06,Month-to-month,Basic,1,22.71,No,Sales-Assisted,Midwest,18,18,59.0,0,No
CUST-05858,2025-01,One year,Standard,2,50.77,No,Organic,Midwest,11,11,63.8,0,No
CUST-05859,2024-11,Month-to-month,Standard,2,51.08,Yes,Organic,Midwest,11,13,45.2,0,Yes
CUST-05860,2025-09,Month-to-month,Basic,1,23.71,No,Paid Search,Midwest,3,3,48.4,1,No
CUST-05861,2024-05,Month-to-month,Standard,0,34.47,Yes,Paid Search,Midwest,2,19,53.6,1,Yes
CUST-05862,2025-10,Two year,Standard,0,36.36,Yes,Organic,West,2,2,75.6,0,No
CUST-05863,2024-12,One year,Basic,3,39.69,Yes,Organic,Midwest,12,12,54.2,0,No
CUST-05864,2024-05,Month-to-month,Standard,0,35.58,No,Organic,Midwest,19,19,62.8,1,No
CUST-05865,2023-08,One year,Standard,3,56.22,Yes,Paid Search,Midwest,2,28,65.4,0,Yes
CUST-05866,2025-09,Month-to-month,Standard,1,43.64,No,Referral,West,3,3,75.8,1,No
CUST-05867,2024-07,Two year,Basic,0,15.1,Yes,Referral,Northeast,17,17,79.5,0,No
CUST-05868,2024-11,One year,Premium,2,81.04,Yes,Paid Search,Midwest,13,13,65.1,1,No
CUST-05869,2024-02,Month-to-month,Premium,1,72.55,Yes,Referral,Midwest,22,22,58.6,0,No
CUST-05870,2025-02,Two year,Premium,0,63.43,Yes,Sales-Assisted,South,10,10,92.1,0,No
CUST-05871,2024-04,Month-to-month,Basic,0,17.55,Yes,Paid Search,West,20,20,62.7,0,No
CUST-05872,2024-10,Month-to-month,Standard,3,59.85,No,Paid Search,Midwest,2,14,38.5,0,Yes
CUST-05873,2023-12,Month-to-month,Basic,0,11.55,No,Paid Search,South,17,24,65.4,0,Yes
CUST-05874,2024-11,Month-to-month,Basic,1,26.85,No,Sales-Assisted,Midwest,13,13,53.8,0,No
CUST-05875,2024-06,One year,Standard,0,33.76,Yes,Referral,West,18,18,69.6,0,No
CUST-05876,2023-07,Month-to-month,Premium,0,63.32,Yes,Referral,South,29,29,57.9,1,No
CUST-05877,2024-08,One year,Standard,4,64.23,Yes,Organic,Northeast,16,16,66.7,0,No
CUST-05878,2024-09,Month-to-month,Premium,0,68.44,No,Paid Search,West,14,15,73.8,0,Yes
CUST-05879,2023-12,One year,Standard,1,39.58,Yes,Organic,Northeast,14,24,70.0,0,Yes
CUST-05880,2024-05,Two year,Basic,2,26.26,Yes,Paid Search,West,19,19,60.4,0,No
CUST-05881,2023-11,Month-to-month,Premium,0,65.82,Yes,Referral,Northeast,3,25,52.8,1,Yes
CUST-05882,2023-08,One year,Basic,1,24.14,Yes,Referral,Northeast,10,28,36.4,2,Yes
CUST-05883,2025-03,Month-to-month,Basic,2,29.28,Yes,Paid Search,Northeast,9,9,18.6,0,No
CUST-05884,2024-02,Month-to-month,Premium,2,80.66,Yes,Paid Search,Midwest,22,22,64.0,0,No
CUST-05885,2025-09,One year,Standard,0,34.66,Yes,Organic,Northeast,3,3,60.9,0,No
CUST-05886,2024-08,Month-to-month,Standard,3,58.69,Yes,Sales-Assisted,Northeast,10,16,48.9,0,Yes
CUST-05887,2025-10,Month-to-month,Basic,0,14.01,No,Sales-Assisted,West,2,2,73.9,0,No
CUST-05888,2025-03,One year,Basic,0,12.48,Yes,Referral,Midwest,9,9,73.3,0,No
CUST-05889,2025-08,One year,Standard,0,33.18,Yes,Paid Search,South,4,4,68.3,0,No
CUST-05890,2024-01,Month-to-month,Standard,3,56.8,No,Sales-Assisted,South,8,23,64.7,0,Yes
CUST-05891,2025-10,Month-to-month,Basic,3,35.8,Yes,Referral,West,2,2,54.2,0,No
CUST-05892,2023-11,One year,Basic,0,10.85,Yes,Paid Search,West,4,25,97.0,0,Yes
CUST-05893,2024-06,One year,Standard,3,58.47,Yes,Paid Search,Northeast,18,18,66.7,0,No
CUST-05894,2024-08,Month-to-month,Basic,0,14.53,Yes,Paid Search,Midwest,14,16,78.8,0,Yes
CUST-05895,2025-06,Month-to-month,Basic,1,23.48,No,Sales-Assisted,West,5,6,39.4,0,Yes
CUST-05896,2023-12,One year,Basic,1,24.19,No,Sales-Assisted,West,24,24,78.1,0,No
CUST-05897,2024-12,Month-to-month,Basic,3,38.78,No,Paid Search,West,2,12,62.0,1,Yes
CUST-05898,2025-10,Month-to-month,Standard,3,60.6,Yes,Sales-Assisted,Midwest,2,2,87.7,0,No
CUST-05899,2025-07,Two year,Premium,4,95.63,Yes,Organic,Northeast,5,5,58.0,1,No
CUST-05900,2024-08,Month-to-month,Basic,1,25.02,No,Sales-Assisted,West,2,16,76.9,0,Yes
CUST-05901,2025-10,Month-to-month,Basic,0,14.72,Yes,Sales-Assisted,Midwest,2,2,61.4,0,Yes
CUST-05902,2023-12,One year,Standard,0,37.61,Yes,Sales-Assisted,South,24,24,79.4,0,No
CUST-05903,2025-03,One year,Standard,1,41.41,Yes,Organic,Midwest,9,9,50.2,3,No
CUST-05904,2025-11,Month-to-month,Standard,2,50.11,Yes,Paid Search,Midwest,1,1,35.9,3,No
CUST-05905,2024-01,Month-to-month,Standard,0,34.41,Yes,Referral,Northeast,19,23,79.8,0,Yes
CUST-05906,2024-08,Two year,Standard,0,35.92,Yes,Sales-Assisted,West,16,16,74.6,0,No
CUST-05907,2023-11,Two year,Standard,1,42.63,Yes,Paid Search,Midwest,25,25,78.2,0,No
CUST-05908,2025-08,Month-to-month,Premium,1,73.46,Yes,Organic,Midwest,4,4,62.0,0,No
CUST-05909,2024-06,Two year,Standard,0,36.38,Yes,Organic,West,18,18,73.1,0,No
CUST-05910,2024-04,One year,Basic,1,22.37,Yes,Organic,Northeast,20,20,56.3,1,No
CUST-05911,2023-10,Month-to-month,Basic,0,15.52,No,Organic,Northeast,18,26,64.0,0,Yes
CUST-05912,2024-09,Month-to-month,Standard,3,58.17,Yes,Referral,South,15,15,25.8,1,No
CUST-05913,2023-07,Month-to-month,Standard,4,66.3,Yes,Organic,West,7,29,39.9,2,Yes
CUST-05914,2025-06,Month-to-month,Basic,1,23.68,Yes,Sales-Assisted,Midwest,1,6,100.0,0,Yes
CUST-05915,2025-08,Two year,Premium,0,66.63,Yes,Referral,Northeast,4,4,75.3,0,No
CUST-05916,2025-05,Two year,Basic,1,24.27,Yes,Sales-Assisted,Northeast,7,7,99.6,0,No
CUST-05917,2024-06,One year,Premium,1,73.33,Yes,Sales-Assisted,Northeast,18,18,33.8,4,No
CUST-05918,2024-06,One year,Premium,1,76.7,Yes,Paid Search,South,18,18,75.5,0,No
CUST-05919,2024-06,Month-to-month,Basic,0,17.91,Yes,Paid Search,South,16,18,94.8,1,Yes
CUST-05920,2024-08,One year,Premium,1,75.11,No,Organic,Midwest,16,16,71.3,0,No
CUST-05921,2023-12,Month-to-month,Standard,2,49.02,No,Paid Search,West,2,24,56.2,0,Yes
CUST-05922,2025-02,One year,Standard,0,34.67,Yes,Sales-Assisted,South,10,10,46.0,1,No
CUST-05923,2025-09,One year,Basic,2,32.37,Yes,Paid Search,Northeast,3,3,81.4,0,No
CUST-05924,2024-10,Month-to-month,Premium,1,71.95,Yes,Referral,Midwest,14,14,59.8,1,No
CUST-05925,2025-05,One year,Standard,2,52.8,Yes,Paid Search,South,7,7,36.5,1,No
CUST-05926,2025-01,Month-to-month,Basic,0,19.06,Yes,Organic,Northeast,9,11,61.5,0,Yes
CUST-05927,2025-02,One year,Standard,0,33.54,Yes,Organic,Midwest,10,10,68.1,1,No
CUST-05928,2025-07,One year,Basic,1,24.47,Yes,Organic,Northeast,5,5,70.8,0,No
CUST-05929,2023-11,Two year,Standard,1,42.15,Yes,Sales-Assisted,Northeast,25,25,34.0,0,No
CUST-05930,2024-04,One year,Standard,0,36.32,Yes,Paid Search,South,20,20,47.4,0,No
CUST-05931,2025-08,Month-to-month,Basic,2,28.22,No,Paid Search,Northeast,4,4,60.2,0,No
CUST-05932,2024-04,One year,Standard,0,37.73,Yes,Referral,Midwest,11,20,85.4,0,Yes
CUST-05933,2023-09,One year,Basic,2,32.28,Yes,Organic,Northeast,27,27,46.3,1,No
CUST-05934,2024-01,Two year,Premium,0,64.24,Yes,Referral,West,23,23,93.8,0,No
CUST-05935,2025-09,Month-to-month,Premium,1,71.46,No,Organic,Northeast,1,3,74.2,0,Yes
CUST-05936,2023-09,Month-to-month,Basic,0,14.55,No,Paid Search,Northeast,27,27,52.8,0,No
CUST-05937,2024-03,One year,Premium,0,63.86,Yes,Organic,West,21,21,45.7,0,No
CUST-05938,2023-09,One year,Basic,4,46.64,Yes,Paid Search,Northeast,27,27,60.4,0,No
CUST-05939,2023-09,Month-to-month,Basic,2,33.09,Yes,Paid Search,South,27,27,73.1,1,No
CUST-05940,2024-07,Month-to-month,Standard,0,31.14,Yes,Paid Search,West,5,17,71.2,0,Yes
CUST-05941,2024-07,Month-to-month,Standard,0,34.51,Yes,Referral,West,2,17,48.2,0,Yes
CUST-05942,2023-11,Month-to-month,Standard,1,41.87,No,Organic,West,4,25,46.5,0,Yes
CUST-05943,2024-10,Month-to-month,Basic,1,26.54,Yes,Referral,South,14,14,65.7,0,No
CUST-05944,2025-02,Month-to-month,Premium,1,73.9,Yes,Referral,South,10,10,96.1,0,No
CUST-05945,2025-03,One year,Standard,1,43.54,No,Referral,South,9,9,60.7,0,No
CUST-05946,2023-07,One year,Basic,2,28.0,No,Referral,Midwest,29,29,34.5,0,No
CUST-05947,2024-05,Month-to-month,Premium,4,96.56,No,Paid Search,Midwest,2,19,88.2,0,Yes
CUST-05948,2023-12,One year,Basic,2,31.26,Yes,Organic,Northeast,3,24,96.2,0,Yes
CUST-05949,2024-09,One year,Standard,0,37.89,Yes,Organic,Northeast,3,15,56.8,0,Yes
CUST-05950,2024-05,Month-to-month,Standard,1,43.29,No,Organic,Midwest,19,19,49.5,0,No
CUST-05951,2023-10,Month-to-month,Basic,1,22.53,Yes,Organic,Northeast,16,26,69.0,0,Yes
CUST-05952,2025-04,Month-to-month,Premium,0,65.5,No,Organic,West,8,8,61.5,2,No
CUST-05953,2024-11,One year,Basic,0,19.49,Yes,Sales-Assisted,West,13,13,58.3,0,No
CUST-05954,2023-07,Month-to-month,Basic,0,12.3,No,Paid Search,Midwest,8,29,34.8,0,Yes
CUST-05955,2024-02,Month-to-month,Standard,0,30.96,No,Paid Search,Midwest,22,22,46.1,2,Yes
CUST-05956,2025-09,Month-to-month,Premium,1,74.9,Yes,Sales-Assisted,Northeast,3,3,86.5,0,No
CUST-05957,2024-07,Two year,Standard,3,59.46,Yes,Sales-Assisted,South,17,17,62.0,0,No
CUST-05958,2024-05,Two year,Standard,2,46.97,No,Referral,Midwest,19,19,53.9,0,No
CUST-05959,2023-09,Two year,Standard,1,42.95,Yes,Sales-Assisted,Northeast,27,27,80.9,0,No
CUST-05960,2025-01,Month-to-month,Standard,1,40.6,Yes,Sales-Assisted,Midwest,11,11,96.9,0,No
CUST-05961,2025-07,Month-to-month,Basic,0,11.68,No,Sales-Assisted,West,5,5,32.2,2,No
CUST-05962,2025-02,Month-to-month,Standard,4,70.85,No,Organic,Northeast,10,10,79.5,0,No
CUST-05963,2025-09,One year,Premium,4,100.64,Yes,Paid Search,Midwest,1,3,47.0,1,Yes
CUST-05964,2025-10,One year,Standard,2,50.45,Yes,Referral,Northeast,2,2,69.9,0,No
CUST-05965,2025-08,One year,Basic,1,22.96,Yes,Paid Search,South,4,4,32.3,1,No
CUST-05966,2023-08,Two year,Basic,0,16.33,Yes,Referral,West,28,28,55.3,0,No
CUST-05967,2024-06,Month-to-month,Basic,0,12.16,Yes,Organic,Northeast,8,18,80.3,0,Yes
CUST-05968,2025-01,Month-to-month,Premium,1,74.57,Yes,Paid Search,Midwest,8,11,54.7,0,Yes
CUST-05969,2023-11,Month-to-month,Basic,0,14.77,Yes,Organic,Northeast,11,25,62.8,0,Yes
CUST-05970,2025-09,One year,Standard,1,44.38,Yes,Organic,West,3,3,73.8,1,No
CUST-05971,2024-08,Month-to-month,Basic,0,15.94,Yes,Paid Search,South,7,16,77.0,0,Yes
CUST-05972,2024-09,One year,Basic,1,21.89,Yes,Sales-Assisted,West,5,15,57.9,0,Yes
CUST-05973,2024-07,One year,Basic,1,21.37,No,Paid Search,Northeast,17,17,58.7,0,No
CUST-05974,2024-09,Two year,Premium,0,63.54,Yes,Referral,South,15,15,76.4,0,No
CUST-05975,2024-12,Month-to-month,Standard,2,51.14,Yes,Organic,South,9,12,57.9,0,Yes
CUST-05976,2025-02,Month-to-month,Basic,0,15.77,Yes,Sales-Assisted,West,10,10,69.8,1,No
CUST-05977,2023-07,Month-to-month,Standard,1,46.51,Yes,Organic,South,1,29,36.5,0,Yes
CUST-05978,2024-01,Two year,Standard,4,68.7,Yes,Referral,Northeast,23,23,44.0,1,No
CUST-05979,2024-02,Month-to-month,Basic,2,33.23,Yes,Organic,West,9,22,82.6,0,Yes
CUST-05980,2025-08,Month-to-month,Basic,0,14.51,Yes,Referral,Midwest,2,4,75.1,0,Yes
CUST-05981,2025-11,Month-to-month,Standard,0,37.69,Yes,Organic,South,1,1,56.4,0,No
CUST-05982,2025-04,Month-to-month,Basic,4,49.74,Yes,Paid Search,Northeast,8,8,51.9,1,No
CUST-05983,2024-07,Two year,Premium,0,62.45,Yes,Paid Search,Northeast,17,17,76.8,0,No
CUST-05984,2025-03,Month-to-month,Premium,1,72.92,Yes,Organic,Midwest,1,9,60.0,0,Yes
CUST-05985,2024-06,One year,Standard,1,44.71,Yes,Paid Search,Midwest,18,18,42.7,2,No
CUST-05986,2023-10,Month-to-month,Basic,0,14.27,Yes,Paid Search,Northeast,1,26,51.6,0,Yes
CUST-05987,2023-07,Month-to-month,Standard,2,48.19,Yes,Paid Search,West,29,29,50.1,0,No
CUST-05988,2024-10,Month-to-month,Premium,4,95.19,Yes,Organic,South,14,14,72.9,0,No
CUST-05989,2024-04,Month-to-month,Standard,2,47.82,No,Sales-Assisted,West,17,20,44.1,2,Yes
CUST-05990,2024-09,Two year,Premium,3,85.99,Yes,Paid Search,Northeast,15,15,61.5,0,No
CUST-05991,2023-08,Two year,Basic,1,24.59,Yes,Paid Search,West,28,28,61.1,0,No
CUST-05992,2023-11,Month-to-month,Basic,2,31.69,Yes,Sales-Assisted,South,12,25,56.8,0,Yes
CUST-05993,2024-09,Month-to-month,Standard,0,37.8,Yes,Sales-Assisted,South,15,15,55.7,1,No
CUST-05994,2025-04,One year,Basic,0,13.11,No,Referral,Northeast,8,8,48.6,0,No
CUST-05995,2024-08,Month-to-month,Basic,1,23.39,Yes,Organic,West,16,16,66.6,0,No
CUST-05996,2024-12,Two year,Standard,1,44.59,Yes,Sales-Assisted,Northeast,12,12,67.8,0,No
CUST-05997,2025-05,Month-to-month,Basic,2,31.92,No,Organic,South,2,7,46.8,0,Yes
CUST-05998,2025-03,Month-to-month,Basic,1,21.91,Yes,Referral,West,5,9,72.9,0,Yes
CUST-05999,2023-07,Month-to-month,Standard,0,36.88,Yes,Sales-Assisted,Midwest,1,29,48.4,0,Yes
CUST-06000,2024-02,One year,Premium,0,64.23,Yes,Sales-Assisted,South,22,22,64.1,0,No
