timestamp,demand_mw,price_gbp_per_mwh,national_renewable_output_mw
2024-01-01 00:00:00,20577.0,39.4,733.5
2024-01-01 01:00:00,18978.3,31.77,1253.0
2024-01-01 02:00:00,17851.7,31.49,1595.5
2024-01-01 03:00:00,16774.0,21.82,1555.0
2024-01-01 04:00:00,16789.1,24.75,1850.0
2024-01-01 05:00:00,20148.2,27.53,1989.0
2024-01-01 06:00:00,25432.4,42.9,2496.5
2024-01-01 07:00:00,29668.7,56.22,2222.0
2024-01-01 08:00:00,32104.1,62.18,1712.5
2024-01-01 09:00:00,31402.8,48.63,3067.5
2024-01-01 10:00:00,30072.1,41.93,4683.0
2024-01-01 11:00:00,27421.0,29.2,6547.5
2024-01-01 12:00:00,25347.6,22.65,6715.5
2024-01-01 13:00:00,25465.6,27.27,5664.0
2024-01-01 14:00:00,26607.9,28.1,4883.5
2024-01-01 15:00:00,28769.1,35.0,3693.0
2024-01-01 16:00:00,32601.2,57.2,2418.0
2024-01-01 17:00:00,34612.7,56.29,1805.0
2024-01-01 18:00:00,36639.4,60.86,2152.5
2024-01-01 19:00:00,35081.5,59.1,2248.0
2024-01-01 20:00:00,32287.1,60.54,2656.5
2024-01-01 21:00:00,28682.9,44.05,3760.5
2024-01-01 22:00:00,26385.2,37.97,2729.5
2024-01-01 23:00:00,23655.8,32.46,1921.0
2024-01-02 00:00:00,20337.9,28.94,2389.0
2024-01-02 01:00:00,19164.2,29.01,1106.5
2024-01-02 02:00:00,17781.8,21.21,1536.0
2024-01-02 03:00:00,16620.0,24.48,1422.0
2024-01-02 04:00:00,17390.5,18.8,1342.0
2024-01-02 05:00:00,20668.3,26.6,2034.5
2024-01-02 06:00:00,26181.3,49.42,1560.5
2024-01-02 07:00:00,29608.2,46.04,1535.0
2024-01-02 08:00:00,31843.7,54.51,1804.0
2024-01-02 09:00:00,31400.2,51.91,2536.0
2024-01-02 10:00:00,29934.4,49.72,3856.5
2024-01-02 11:00:00,27545.0,40.45,4408.5
2024-01-02 12:00:00,25262.0,29.58,5448.0
2024-01-02 13:00:00,24709.7,21.73,5379.5
2024-01-02 14:00:00,26078.0,27.6,4820.5
2024-01-02 15:00:00,29409.1,41.68,3693.0
2024-01-02 16:00:00,32761.0,65.18,2779.0
2024-01-02 17:00:00,35379.8,62.56,2765.5
2024-01-02 18:00:00,35777.5,61.21,2700.0
2024-01-02 19:00:00,35206.1,60.71,2854.0
2024-01-02 20:00:00,32411.4,60.0,2749.5
2024-01-02 21:00:00,29054.2,44.86,2658.0
2024-01-02 22:00:00,26230.9,41.35,2868.0
2024-01-02 23:00:00,23774.1,34.76,2947.5
2024-01-03 00:00:00,20662.7,25.79,3115.5
2024-01-03 01:00:00,19271.3,24.31,3373.0
2024-01-03 02:00:00,17704.4,23.89,3207.5
2024-01-03 03:00:00,16673.7,22.51,2718.5
2024-01-03 04:00:00,16893.3,26.3,3341.5
2024-01-03 05:00:00,20422.1,27.01,2493.5
2024-01-03 06:00:00,25169.0,40.54,2515.0
2024-01-03 07:00:00,29482.7,44.47,2097.5
2024-01-03 08:00:00,31934.4,54.61,1958.5
2024-01-03 09:00:00,32477.2,43.76,3535.0
2024-01-03 10:00:00,29253.7,43.19,3346.0
2024-01-03 11:00:00,27459.5,40.8,4513.0
2024-01-03 12:00:00,24648.4,31.55,4446.5
2024-01-03 13:00:00,24881.1,23.52,5804.0
2024-01-03 14:00:00,26449.6,35.5,5173.0
2024-01-03 15:00:00,29359.4,35.76,4282.0
2024-01-03 16:00:00,32721.5,58.75,1801.5
2024-01-03 17:00:00,35485.4,71.04,2917.5
2024-01-03 18:00:00,35922.8,62.33,3277.5
2024-01-03 19:00:00,34815.0,58.47,2617.0
2024-01-03 20:00:00,32747.2,53.44,2808.5
2024-01-03 21:00:00,28854.9,44.82,4238.0
2024-01-03 22:00:00,25378.4,35.96,4334.5
2024-01-03 23:00:00,23274.8,29.92,4239.0
2024-01-04 00:00:00,20156.4,25.32,3956.5
2024-01-04 01:00:00,19380.1,16.77,4227.5
2024-01-04 02:00:00,17651.8,23.66,4015.5
2024-01-04 03:00:00,16675.2,23.38,3850.5
2024-01-04 04:00:00,17146.6,22.56,3950.5
2024-01-04 05:00:00,20553.1,26.03,3615.0
2024-01-04 06:00:00,25565.6,37.51,4582.5
2024-01-04 07:00:00,29606.5,48.28,3591.0
2024-01-04 08:00:00,32261.1,51.92,3092.5
2024-01-04 09:00:00,31424.8,47.52,6108.0
2024-01-04 10:00:00,29454.0,38.57,6538.0
2024-01-04 11:00:00,26890.3,29.4,7875.5
2024-01-04 12:00:00,24813.6,25.47,6329.5
2024-01-04 13:00:00,25169.6,19.83,5858.5
2024-01-04 14:00:00,26178.8,21.89,5286.5
2024-01-04 15:00:00,29086.1,37.59,5232.0
2024-01-04 16:00:00,32583.9,49.12,3660.5
2024-01-04 17:00:00,35275.3,62.58,1500.5
2024-01-04 18:00:00,36443.5,60.46,1497.5
2024-01-04 19:00:00,34978.8,55.18,2564.5
2024-01-04 20:00:00,32100.5,44.87,2810.5
2024-01-04 21:00:00,28880.6,43.56,1523.5
2024-01-04 22:00:00,25198.8,38.67,2041.5
2024-01-04 23:00:00,23145.1,33.18,2313.5
2024-01-05 00:00:00,20016.0,32.07,2973.0
2024-01-05 01:00:00,18933.0,23.96,3027.0
2024-01-05 02:00:00,17704.9,16.95,2576.0
2024-01-05 03:00:00,16266.5,19.29,2659.0
2024-01-05 04:00:00,17144.9,25.73,1994.0
2024-01-05 05:00:00,20886.4,21.59,2024.5
2024-01-05 06:00:00,25171.4,45.98,1857.5
2024-01-05 07:00:00,30048.4,50.8,2857.0
2024-01-05 08:00:00,31566.3,57.49,3143.0
2024-01-05 09:00:00,31615.6,50.13,3493.5
2024-01-05 10:00:00,29168.8,37.87,3815.0
2024-01-05 11:00:00,26885.0,30.78,4718.5
2024-01-05 12:00:00,25563.8,26.52,4324.0
2024-01-05 13:00:00,24319.3,30.63,3930.5
2024-01-05 14:00:00,26514.0,29.58,4274.0
2024-01-05 15:00:00,29159.9,45.32,3027.5
2024-01-05 16:00:00,32035.4,60.25,1796.5
2024-01-05 17:00:00,34251.7,62.97,881.5
2024-01-05 18:00:00,36092.1,66.2,882.5
2024-01-05 19:00:00,34723.2,65.2,676.5
2024-01-05 20:00:00,32391.2,55.49,759.5
2024-01-05 21:00:00,28900.4,41.29,1057.5
2024-01-05 22:00:00,26452.1,40.91,1155.5
2024-01-05 23:00:00,23553.9,36.63,713.0
2024-01-06 00:00:00,17478.1,27.71,1128.5
2024-01-06 01:00:00,16751.9,19.36,1897.0
2024-01-06 02:00:00,15348.3,18.75,1042.5
2024-01-06 03:00:00,14626.1,23.26,1229.5
2024-01-06 04:00:00,15175.6,23.78,813.0
2024-01-06 05:00:00,17903.3,33.59,491.5
2024-01-06 06:00:00,22480.0,37.58,552.0
2024-01-06 07:00:00,25372.4,37.03,858.0
2024-01-06 08:00:00,27560.9,55.8,1435.0
2024-01-06 09:00:00,27182.8,43.32,2541.0
2024-01-06 10:00:00,25570.4,29.23,4099.0
2024-01-06 11:00:00,23003.5,25.49,5273.5
2024-01-06 12:00:00,22153.2,18.69,5812.5
2024-01-06 13:00:00,21628.9,25.1,4782.0
2024-01-06 14:00:00,22392.3,25.78,4077.0
2024-01-06 15:00:00,24871.7,30.79,4226.0
2024-01-06 16:00:00,28228.5,46.6,2771.5
2024-01-06 17:00:00,30815.2,54.67,2910.5
2024-01-06 18:00:00,32276.8,51.28,2461.0
2024-01-06 19:00:00,31753.7,52.36,3114.5
2024-01-06 20:00:00,28231.7,39.19,3346.5
2024-01-06 21:00:00,24740.0,38.83,3399.0
2024-01-06 22:00:00,21735.2,31.27,3138.0
2024-01-06 23:00:00,20629.9,32.01,2841.5
2024-01-07 00:00:00,17517.6,26.52,3091.0
2024-01-07 01:00:00,16587.2,16.04,3808.5
2024-01-07 02:00:00,15143.0,17.38,3427.5
2024-01-07 03:00:00,14290.1,15.45,3581.5
2024-01-07 04:00:00,15213.1,14.66,3127.0
2024-01-07 05:00:00,17833.1,18.93,3013.0
2024-01-07 06:00:00,21924.1,38.33,2917.0
2024-01-07 07:00:00,25407.7,37.83,2745.5
2024-01-07 08:00:00,27103.3,41.35,2757.0
2024-01-07 09:00:00,27339.1,37.86,3649.0
2024-01-07 10:00:00,25675.8,33.38,4315.5
2024-01-07 11:00:00,24088.7,22.83,4915.0
2024-01-07 12:00:00,21966.2,12.74,6680.0
2024-01-07 13:00:00,22000.3,18.03,6298.5
2024-01-07 14:00:00,22704.5,24.31,5990.0
2024-01-07 15:00:00,24784.1,34.23,4217.0
2024-01-07 16:00:00,27663.5,37.82,4597.0
2024-01-07 17:00:00,30073.1,40.89,4606.0
2024-01-07 18:00:00,32308.3,48.05,3681.5
2024-01-07 19:00:00,30020.7,49.72,3191.5
2024-01-07 20:00:00,28383.4,47.03,3235.5
2024-01-07 21:00:00,24749.2,34.26,3655.0
2024-01-07 22:00:00,22745.6,27.57,4712.0
2024-01-07 23:00:00,20646.6,20.68,4575.5
2024-01-08 00:00:00,20315.6,26.97,3525.5
2024-01-08 01:00:00,19154.5,27.83,3463.0
2024-01-08 02:00:00,17377.2,20.58,2416.0
2024-01-08 03:00:00,16553.9,27.1,1935.5
2024-01-08 04:00:00,17076.6,18.33,2439.5
2024-01-08 05:00:00,20053.7,26.72,1931.5
2024-01-08 06:00:00,24751.4,39.21,1953.5
2024-01-08 07:00:00,29712.3,48.96,2900.5
2024-01-08 08:00:00,32680.3,55.65,1871.0
2024-01-08 09:00:00,31699.5,46.02,5145.0
2024-01-08 10:00:00,29454.3,35.78,6520.0
2024-01-08 11:00:00,27061.6,32.6,6855.5
2024-01-08 12:00:00,25667.4,22.68,7657.0
2024-01-08 13:00:00,24977.5,21.18,7165.5
2024-01-08 14:00:00,26106.0,29.86,6405.0
2024-01-08 15:00:00,29454.9,31.88,5629.5
2024-01-08 16:00:00,32439.4,44.36,4752.0
2024-01-08 17:00:00,35716.4,60.41,4935.5
2024-01-08 18:00:00,36050.0,54.65,5135.0
2024-01-08 19:00:00,34261.2,48.83,5600.0
2024-01-08 20:00:00,31526.7,48.28,5600.0
2024-01-08 21:00:00,29522.7,44.29,4359.0
2024-01-08 22:00:00,26424.4,44.82,3178.0
2024-01-08 23:00:00,23508.5,29.2,4959.5
2024-01-09 00:00:00,20225.2,29.29,5006.5
2024-01-09 01:00:00,19565.9,21.3,4909.5
2024-01-09 02:00:00,17240.1,22.93,4364.5
2024-01-09 03:00:00,16206.1,18.07,3964.5
2024-01-09 04:00:00,17341.7,17.16,3721.5
2024-01-09 05:00:00,20287.1,27.22,3367.0
2024-01-09 06:00:00,25206.7,38.92,3078.0
2024-01-09 07:00:00,29532.0,48.64,2369.0
2024-01-09 08:00:00,32052.2,50.98,2399.5
2024-01-09 09:00:00,32257.5,55.33,3548.0
2024-01-09 10:00:00,29516.0,36.12,6230.5
2024-01-09 11:00:00,27177.9,21.53,5120.5
2024-01-09 12:00:00,24374.5,24.99,5251.0
2024-01-09 13:00:00,24851.3,27.99,5165.0
2024-01-09 14:00:00,25908.5,22.23,4928.5
2024-01-09 15:00:00,28414.6,35.94,4601.5
2024-01-09 16:00:00,31774.2,58.08,2158.5
2024-01-09 17:00:00,34700.8,60.97,2179.5
2024-01-09 18:00:00,36406.9,64.11,2391.0
2024-01-09 19:00:00,34172.0,51.76,3316.0
2024-01-09 20:00:00,32168.4,49.37,3137.5
2024-01-09 21:00:00,28570.1,39.75,3114.5
2024-01-09 22:00:00,25605.0,30.97,3271.0
2024-01-09 23:00:00,23901.5,25.28,2935.0
2024-01-10 00:00:00,20483.8,35.33,4017.5
2024-01-10 01:00:00,19508.8,25.43,2134.0
2024-01-10 02:00:00,17471.4,23.92,2836.5
2024-01-10 03:00:00,16237.3,25.86,2364.5
2024-01-10 04:00:00,17099.5,20.09,4023.0
2024-01-10 05:00:00,20459.6,25.87,4138.5
2024-01-10 06:00:00,25247.7,34.77,5600.0
2024-01-10 07:00:00,29091.0,53.5,3898.5
2024-01-10 08:00:00,31898.9,50.97,3928.5
2024-01-10 09:00:00,31663.8,37.67,5790.0
2024-01-10 10:00:00,30555.4,30.92,7507.0
2024-01-10 11:00:00,27645.2,22.15,8364.0
2024-01-10 12:00:00,24798.7,18.46,8557.0
2024-01-10 13:00:00,24735.1,14.77,8404.0
2024-01-10 14:00:00,25636.2,22.37,7689.0
2024-01-10 15:00:00,28655.8,34.91,6689.0
2024-01-10 16:00:00,32315.2,52.23,5596.5
2024-01-10 17:00:00,35467.4,53.27,4485.5
2024-01-10 18:00:00,35481.7,59.67,4423.5
2024-01-10 19:00:00,34485.7,56.49,4242.5
2024-01-10 20:00:00,31083.8,51.49,4119.5
2024-01-10 21:00:00,28677.3,32.11,4787.0
2024-01-10 22:00:00,25293.5,27.54,4766.5
2024-01-10 23:00:00,23334.6,27.15,3517.5
2024-01-11 00:00:00,20029.4,31.29,3999.0
2024-01-11 01:00:00,19076.1,20.22,4060.5
2024-01-11 02:00:00,17030.6,13.52,4417.0
2024-01-11 03:00:00,16029.0,16.67,4024.0
2024-01-11 04:00:00,17684.7,28.51,4401.0
2024-01-11 05:00:00,19968.8,19.91,5293.5
2024-01-11 06:00:00,24738.2,33.17,3783.5
2024-01-11 07:00:00,30351.9,51.38,3972.5
2024-01-11 08:00:00,33205.6,56.6,2904.5
2024-01-11 09:00:00,30965.6,45.01,4089.5
2024-01-11 10:00:00,29247.2,33.49,5413.5
2024-01-11 11:00:00,26994.9,25.55,7402.5
2024-01-11 12:00:00,25742.0,9.03,7833.0
2024-01-11 13:00:00,24446.3,20.48,7421.0
2024-01-11 14:00:00,26085.1,21.11,6613.0
2024-01-11 15:00:00,29215.4,44.3,5565.5
2024-01-11 16:00:00,32335.5,55.8,4018.5
2024-01-11 17:00:00,34600.9,58.99,4202.5
2024-01-11 18:00:00,35760.8,67.44,3775.5
2024-01-11 19:00:00,34069.9,66.07,4085.5
2024-01-11 20:00:00,31966.7,49.4,4594.5
2024-01-11 21:00:00,28599.7,43.71,4025.0
2024-01-11 22:00:00,25763.0,41.23,3730.0
2024-01-11 23:00:00,23298.6,35.3,3883.5
2024-01-12 00:00:00,20415.4,16.35,4020.0
2024-01-12 01:00:00,19370.0,22.51,4250.5
2024-01-12 02:00:00,17511.5,17.04,3744.5
2024-01-12 03:00:00,16456.3,20.57,3632.0
2024-01-12 04:00:00,17130.4,22.39,3511.5
2024-01-12 05:00:00,20337.5,27.22,3549.5
2024-01-12 06:00:00,24849.9,33.4,3690.0
2024-01-12 07:00:00,29642.6,44.49,3510.5
2024-01-12 08:00:00,31734.4,60.8,2610.0
2024-01-12 09:00:00,32470.0,38.15,4186.5
2024-01-12 10:00:00,30067.5,51.08,5260.0
2024-01-12 11:00:00,26980.3,36.77,5847.0
2024-01-12 12:00:00,24774.3,21.5,6317.0
2024-01-12 13:00:00,24370.2,25.39,6168.5
2024-01-12 14:00:00,26617.1,28.39,6120.0
2024-01-12 15:00:00,28957.7,39.03,4719.0
2024-01-12 16:00:00,32318.4,49.04,4213.5
2024-01-12 17:00:00,33845.9,53.01,3417.0
2024-01-12 18:00:00,36287.6,64.42,3186.0
2024-01-12 19:00:00,34982.3,57.11,2209.5
2024-01-12 20:00:00,31509.0,51.15,3434.0
2024-01-12 21:00:00,28477.0,42.19,3738.5
2024-01-12 22:00:00,25744.2,46.53,3658.5
2024-01-12 23:00:00,23484.6,39.59,2966.0
2024-01-13 00:00:00,17537.3,17.19,4030.5
2024-01-13 01:00:00,16553.2,25.02,3405.0
2024-01-13 02:00:00,15123.2,18.57,3229.0
2024-01-13 03:00:00,14256.6,18.4,3887.0
2024-01-13 04:00:00,15201.2,19.43,4014.0
2024-01-13 05:00:00,16991.1,13.69,3759.0
2024-01-13 06:00:00,21751.0,32.78,3445.5
2024-01-13 07:00:00,25702.9,37.91,3698.0
2024-01-13 08:00:00,27737.2,50.04,3966.0
2024-01-13 09:00:00,27202.1,30.14,5677.5
2024-01-13 10:00:00,24851.0,28.0,6323.0
2024-01-13 11:00:00,23423.2,12.88,7263.5
2024-01-13 12:00:00,22340.1,24.36,7336.0
2024-01-13 13:00:00,21039.4,15.42,7317.0
2024-01-13 14:00:00,23016.3,19.43,6038.5
2024-01-13 15:00:00,24939.3,36.73,5002.0
2024-01-13 16:00:00,27855.3,49.37,4061.5
2024-01-13 17:00:00,29722.3,48.39,3676.0
2024-01-13 18:00:00,30942.0,48.0,3867.0
2024-01-13 19:00:00,30779.4,41.51,4858.5
2024-01-13 20:00:00,28085.6,35.76,5213.0
2024-01-13 21:00:00,25567.8,29.21,5254.0
2024-01-13 22:00:00,22674.7,34.01,4925.5
2024-01-13 23:00:00,20524.2,31.71,3969.5
2024-01-14 00:00:00,18051.7,17.31,3767.5
2024-01-14 01:00:00,16666.3,25.02,3378.0
2024-01-14 02:00:00,15349.0,14.93,3776.5
2024-01-14 03:00:00,14142.3,11.39,3690.0
2024-01-14 04:00:00,14868.3,17.85,3452.0
2024-01-14 05:00:00,17463.8,19.93,3960.5
2024-01-14 06:00:00,22123.7,23.59,3396.5
2024-01-14 07:00:00,25149.1,37.33,2790.0
2024-01-14 08:00:00,27902.2,40.85,1799.0
2024-01-14 09:00:00,27240.9,30.68,3437.0
2024-01-14 10:00:00,25938.1,26.77,4711.5
2024-01-14 11:00:00,23540.3,20.01,5722.0
2024-01-14 12:00:00,22341.4,12.45,5438.5
2024-01-14 13:00:00,21742.5,16.0,6007.5
2024-01-14 14:00:00,22157.2,19.33,5893.0
2024-01-14 15:00:00,25005.0,34.18,4491.0
2024-01-14 16:00:00,27355.1,43.74,2264.0
2024-01-14 17:00:00,29925.4,51.47,3008.0
2024-01-14 18:00:00,31761.5,56.91,2430.0
2024-01-14 19:00:00,30439.7,43.38,2819.5
2024-01-14 20:00:00,27514.4,50.79,2996.0
2024-01-14 21:00:00,24509.3,42.01,3134.5
2024-01-14 22:00:00,22263.1,30.6,3259.5
2024-01-14 23:00:00,19991.7,22.79,3360.0
2024-01-15 00:00:00,19989.5,30.45,3364.0
2024-01-15 01:00:00,19094.5,22.25,3275.5
2024-01-15 02:00:00,17704.1,17.17,3552.0
2024-01-15 03:00:00,16454.9,16.43,4096.5
2024-01-15 04:00:00,16463.9,22.54,4311.5
2024-01-15 05:00:00,20350.5,29.71,5315.0
2024-01-15 06:00:00,25050.6,41.46,5221.0
2024-01-15 07:00:00,29569.7,43.84,4380.5
2024-01-15 08:00:00,32424.0,49.33,4760.0
2024-01-15 09:00:00,30388.1,38.14,6792.0
2024-01-15 10:00:00,29000.1,27.88,7997.0
2024-01-15 11:00:00,26957.0,19.95,8793.0
2024-01-15 12:00:00,24371.0,14.86,8946.0
2024-01-15 13:00:00,25233.4,27.77,8565.5
2024-01-15 14:00:00,26191.6,23.14,7150.5
2024-01-15 15:00:00,29096.1,39.26,5566.5
2024-01-15 16:00:00,31688.2,53.7,3482.0
2024-01-15 17:00:00,35042.1,66.48,3813.0
2024-01-15 18:00:00,36221.2,61.53,3712.0
2024-01-15 19:00:00,34730.6,57.17,3141.0
2024-01-15 20:00:00,32029.7,47.56,3606.0
2024-01-15 21:00:00,28683.6,41.5,3322.5
2024-01-15 22:00:00,25211.7,37.4,3569.5
2024-01-15 23:00:00,23322.7,31.07,4104.5
2024-01-16 00:00:00,20118.2,26.47,3584.5
2024-01-16 01:00:00,19088.0,26.29,3918.5
2024-01-16 02:00:00,17638.7,17.64,4120.5
2024-01-16 03:00:00,16024.5,18.76,4031.0
2024-01-16 04:00:00,16994.0,22.43,4582.5
2024-01-16 05:00:00,20679.1,18.86,4235.0
2024-01-16 06:00:00,24709.7,37.0,3635.0
2024-01-16 07:00:00,28983.9,51.83,3368.0
2024-01-16 08:00:00,31708.0,53.26,3335.0
2024-01-16 09:00:00,31711.1,43.73,4650.0
2024-01-16 10:00:00,29223.3,39.73,5651.0
2024-01-16 11:00:00,27214.5,27.56,6464.0
2024-01-16 12:00:00,25248.5,27.22,7281.0
2024-01-16 13:00:00,24963.5,27.29,6317.0
2024-01-16 14:00:00,26227.3,39.61,5320.0
2024-01-16 15:00:00,29692.6,42.13,4375.0
2024-01-16 16:00:00,31818.8,53.62,3322.0
2024-01-16 17:00:00,33531.9,56.02,2368.0
2024-01-16 18:00:00,36456.4,63.59,2583.5
2024-01-16 19:00:00,34323.8,55.83,2227.5
2024-01-16 20:00:00,31924.2,60.41,1998.0
2024-01-16 21:00:00,29088.0,50.05,1919.5
2024-01-16 22:00:00,24893.6,39.89,2156.5
2024-01-16 23:00:00,22903.3,40.81,1484.5
2024-01-17 00:00:00,19651.4,37.06,1259.5
2024-01-17 01:00:00,18725.5,39.59,609.0
2024-01-17 02:00:00,17467.2,23.6,732.0
2024-01-17 03:00:00,16387.2,27.62,824.0
2024-01-17 04:00:00,17071.6,29.23,1257.0
2024-01-17 05:00:00,19772.0,27.92,2498.5
2024-01-17 06:00:00,24087.4,32.85,3357.5
2024-01-17 07:00:00,29327.0,50.67,3743.0
2024-01-17 08:00:00,31342.6,47.71,2903.0
2024-01-17 09:00:00,31484.3,45.77,4918.5
2024-01-17 10:00:00,29483.0,31.92,5945.5
2024-01-17 11:00:00,26699.0,26.91,6201.5
2024-01-17 12:00:00,25175.6,18.21,5217.5
2024-01-17 13:00:00,24700.9,20.03,5197.0
2024-01-17 14:00:00,26179.7,21.99,4978.5
2024-01-17 15:00:00,28346.2,51.4,3677.0
2024-01-17 16:00:00,31784.6,48.06,2118.0
2024-01-17 17:00:00,34622.4,64.7,1771.0
2024-01-17 18:00:00,35985.4,61.06,1587.0
2024-01-17 19:00:00,34306.9,48.84,2482.5
2024-01-17 20:00:00,32075.0,55.56,2338.5
2024-01-17 21:00:00,28372.5,56.95,2605.5
2024-01-17 22:00:00,25424.5,34.19,3774.0
2024-01-17 23:00:00,23597.5,40.78,4057.0
2024-01-18 00:00:00,19503.6,32.47,4173.0
2024-01-18 01:00:00,18554.6,18.58,3750.5
2024-01-18 02:00:00,16941.4,12.56,3696.5
2024-01-18 03:00:00,15666.6,13.91,3666.0
2024-01-18 04:00:00,16802.8,24.69,3415.0
2024-01-18 05:00:00,20396.4,19.27,3376.5
2024-01-18 06:00:00,24807.9,37.66,4053.5
2024-01-18 07:00:00,29345.8,46.71,3485.5
2024-01-18 08:00:00,32033.4,47.8,4022.0
2024-01-18 09:00:00,31843.5,40.18,6149.0
2024-01-18 10:00:00,29101.6,30.4,7193.5
2024-01-18 11:00:00,27143.8,24.92,7552.0
2024-01-18 12:00:00,24888.6,22.79,9208.5
2024-01-18 13:00:00,24270.4,13.42,9247.0
2024-01-18 14:00:00,25702.8,24.59,6965.5
2024-01-18 15:00:00,27970.6,38.08,5626.0
2024-01-18 16:00:00,31398.5,45.73,3706.5
2024-01-18 17:00:00,34283.4,63.91,3253.0
2024-01-18 18:00:00,35922.1,58.31,2680.5
2024-01-18 19:00:00,35348.1,62.86,2548.5
2024-01-18 20:00:00,31119.4,50.2,2877.0
2024-01-18 21:00:00,28610.7,46.12,2849.5
2024-01-18 22:00:00,25034.1,47.25,2722.0
2024-01-18 23:00:00,23438.1,36.84,2611.0
2024-01-19 00:00:00,20033.9,25.79,2544.5
2024-01-19 01:00:00,18374.3,21.13,2645.0
2024-01-19 02:00:00,17540.5,28.37,2749.5
2024-01-19 03:00:00,16062.5,21.84,2747.5
2024-01-19 04:00:00,16813.3,19.24,2824.5
2024-01-19 05:00:00,19815.1,33.19,2401.5
2024-01-19 06:00:00,24631.5,33.16,3387.0
2024-01-19 07:00:00,29400.9,42.94,3389.0
2024-01-19 08:00:00,31380.0,50.42,3122.5
2024-01-19 09:00:00,31326.8,43.83,4410.0
2024-01-19 10:00:00,29244.4,27.85,5701.5
2024-01-19 11:00:00,27088.4,24.19,6949.5
2024-01-19 12:00:00,24688.0,23.12,6989.5
2024-01-19 13:00:00,23997.3,20.11,6215.5
2024-01-19 14:00:00,26308.2,28.69,5818.5
2024-01-19 15:00:00,28419.3,34.26,4570.5
2024-01-19 16:00:00,32304.1,54.47,2973.5
2024-01-19 17:00:00,34612.7,61.0,2736.0
2024-01-19 18:00:00,35369.3,66.32,2785.5
2024-01-19 19:00:00,34585.0,57.73,2638.5
2024-01-19 20:00:00,32657.3,53.56,2822.5
2024-01-19 21:00:00,29283.6,50.22,2828.0
2024-01-19 22:00:00,25417.9,38.7,2872.5
2024-01-19 23:00:00,23292.0,36.88,3179.5
2024-01-20 00:00:00,17717.2,27.47,2287.0
2024-01-20 01:00:00,16202.5,16.32,2482.0
2024-01-20 02:00:00,15101.5,14.35,2225.0
2024-01-20 03:00:00,14074.2,14.95,1980.5
2024-01-20 04:00:00,14791.3,9.44,3040.5
2024-01-20 05:00:00,17273.5,31.22,2311.0
2024-01-20 06:00:00,21091.8,26.4,2159.0
2024-01-20 07:00:00,24585.8,41.23,3452.5
2024-01-20 08:00:00,26876.2,37.65,2905.0
2024-01-20 09:00:00,26890.7,39.09,5027.0
2024-01-20 10:00:00,25153.4,31.06,6065.0
2024-01-20 11:00:00,23742.4,12.47,7036.0
2024-01-20 12:00:00,21912.5,13.6,7537.5
2024-01-20 13:00:00,21008.7,20.93,6882.5
2024-01-20 14:00:00,22608.6,19.95,6614.0
2024-01-20 15:00:00,24657.0,33.14,5207.0
2024-01-20 16:00:00,27480.3,40.89,4552.0
2024-01-20 17:00:00,29975.9,49.36,4440.5
2024-01-20 18:00:00,31068.3,54.09,4034.5
2024-01-20 19:00:00,29732.2,48.64,2392.5
2024-01-20 20:00:00,27999.5,44.39,3062.5
2024-01-20 21:00:00,24244.8,34.12,3563.0
2024-01-20 22:00:00,22057.2,26.21,3290.5
2024-01-20 23:00:00,20969.4,32.64,3024.0
2024-01-21 00:00:00,17465.1,22.24,3225.5
2024-01-21 01:00:00,16735.7,25.64,3235.0
2024-01-21 02:00:00,15022.2,25.05,3174.0
2024-01-21 03:00:00,14178.8,12.84,3181.5
2024-01-21 04:00:00,14685.1,14.41,3191.5
2024-01-21 05:00:00,17418.5,21.11,2317.5
2024-01-21 06:00:00,21319.0,36.79,2892.0
2024-01-21 07:00:00,25496.3,33.63,2924.5
2024-01-21 08:00:00,26940.5,43.0,3185.5
2024-01-21 09:00:00,27302.1,31.18,4332.0
2024-01-21 10:00:00,25633.3,38.34,4149.0
2024-01-21 11:00:00,23160.4,26.25,5146.5
2024-01-21 12:00:00,21426.8,15.17,5981.0
2024-01-21 13:00:00,21425.9,25.37,6071.0
2024-01-21 14:00:00,22350.1,18.99,5449.5
2024-01-21 15:00:00,25114.9,32.63,4650.0
2024-01-21 16:00:00,26795.4,31.53,3396.5
2024-01-21 17:00:00,29693.1,51.09,2810.0
2024-01-21 18:00:00,29813.7,48.33,2278.5
2024-01-21 19:00:00,29165.7,48.19,1959.5
2024-01-21 20:00:00,28076.9,41.55,2553.5
2024-01-21 21:00:00,24957.1,34.06,2722.5
2024-01-21 22:00:00,21780.9,28.04,3524.5
2024-01-21 23:00:00,19695.4,31.57,3430.5
2024-01-22 00:00:00,19085.6,27.02,3227.5
2024-01-22 01:00:00,18646.2,20.46,3354.5
2024-01-22 02:00:00,17838.7,13.11,3336.5
2024-01-22 03:00:00,16234.4,28.03,3001.5
2024-01-22 04:00:00,16723.4,12.19,2164.5
2024-01-22 05:00:00,20178.1,33.56,2652.0
2024-01-22 06:00:00,24172.6,39.95,2326.0
2024-01-22 07:00:00,28938.9,46.07,2792.5
2024-01-22 08:00:00,31360.0,51.09,1898.0
2024-01-22 09:00:00,30978.4,51.42,2899.5
2024-01-22 10:00:00,29285.5,45.58,3841.0
2024-01-22 11:00:00,26567.1,37.45,4282.0
2024-01-22 12:00:00,24940.0,32.97,4726.5
2024-01-22 13:00:00,24167.0,23.09,3521.5
2024-01-22 14:00:00,26112.2,32.48,3264.0
2024-01-22 15:00:00,29114.1,43.67,1956.5
2024-01-22 16:00:00,31155.2,55.52,851.5
2024-01-22 17:00:00,33788.1,62.16,946.0
2024-01-22 18:00:00,35969.8,69.7,1113.0
2024-01-22 19:00:00,34136.1,61.04,1205.5
2024-01-22 20:00:00,32236.2,59.3,1753.5
2024-01-22 21:00:00,28070.4,45.54,1872.0
2024-01-22 22:00:00,25816.9,50.24,2203.0
2024-01-22 23:00:00,23166.5,34.58,1619.0
2024-01-23 00:00:00,20016.0,28.53,1315.0
2024-01-23 01:00:00,19206.9,31.01,1167.5
2024-01-23 02:00:00,17090.3,29.55,1528.5
2024-01-23 03:00:00,15873.6,19.21,1374.0
2024-01-23 04:00:00,16722.1,21.3,2185.5
2024-01-23 05:00:00,20138.9,27.64,2448.5
2024-01-23 06:00:00,24128.4,35.19,1511.5
2024-01-23 07:00:00,29295.0,45.87,2548.0
2024-01-23 08:00:00,31005.7,49.84,1892.5
2024-01-23 09:00:00,31497.2,52.85,3793.5
2024-01-23 10:00:00,27853.8,36.31,4679.0
2024-01-23 11:00:00,26072.8,25.96,5781.5
2024-01-23 12:00:00,24025.6,30.25,6327.0
2024-01-23 13:00:00,24074.2,30.75,6210.0
2024-01-23 14:00:00,25815.6,36.45,5638.0
2024-01-23 15:00:00,28293.5,40.56,2895.0
2024-01-23 16:00:00,31439.9,57.02,2349.5
2024-01-23 17:00:00,34102.4,66.84,2763.0
2024-01-23 18:00:00,35308.7,59.61,2334.5
2024-01-23 19:00:00,33657.3,56.93,2313.5
2024-01-23 20:00:00,31850.1,48.88,3900.5
2024-01-23 21:00:00,28488.8,45.42,3497.0
2024-01-23 22:00:00,25366.8,44.34,4101.0
2024-01-23 23:00:00,23273.0,30.59,5033.5
2024-01-24 00:00:00,19991.3,21.8,4685.0
2024-01-24 01:00:00,19304.4,21.49,5069.5
2024-01-24 02:00:00,17130.2,25.01,3781.0
2024-01-24 03:00:00,15997.8,7.91,2767.5
2024-01-24 04:00:00,16615.1,22.48,2880.5
2024-01-24 05:00:00,19657.9,26.03,3005.0
2024-01-24 06:00:00,24203.8,34.04,2889.5
2024-01-24 07:00:00,28579.0,38.87,2745.0
2024-01-24 08:00:00,31168.8,52.8,3235.0
2024-01-24 09:00:00,31063.2,44.92,4058.0
2024-01-24 10:00:00,28861.4,39.86,4826.5
2024-01-24 11:00:00,26034.0,25.84,4901.0
2024-01-24 12:00:00,24936.9,18.69,5538.0
2024-01-24 13:00:00,24602.2,20.96,5377.0
2024-01-24 14:00:00,25612.1,29.93,4777.5
2024-01-24 15:00:00,28041.3,34.67,2787.5
2024-01-24 16:00:00,31762.1,56.03,1342.5
2024-01-24 17:00:00,34218.6,67.99,1365.0
2024-01-24 18:00:00,34374.6,48.85,2315.5
2024-01-24 19:00:00,34077.9,56.82,1787.5
2024-01-24 20:00:00,31582.8,55.79,858.0
2024-01-24 21:00:00,27777.5,48.1,674.0
2024-01-24 22:00:00,25247.4,49.12,669.0
2024-01-24 23:00:00,22535.9,35.46,986.5
2024-01-25 00:00:00,20264.1,30.13,1521.5
2024-01-25 01:00:00,19047.9,26.46,1905.0
2024-01-25 02:00:00,17056.0,26.03,1812.0
2024-01-25 03:00:00,16129.5,27.31,2605.0
2024-01-25 04:00:00,16167.5,20.57,2565.0
2024-01-25 05:00:00,19584.4,34.38,2466.5
2024-01-25 06:00:00,24510.0,38.41,2600.0
2024-01-25 07:00:00,28446.5,41.54,2327.5
2024-01-25 08:00:00,31477.9,57.39,2322.0
2024-01-25 09:00:00,31775.2,47.9,3737.5
2024-01-25 10:00:00,28277.8,44.82,3802.0
2024-01-25 11:00:00,25957.5,34.84,4310.5
2024-01-25 12:00:00,24645.9,32.01,4411.0
2024-01-25 13:00:00,24874.2,24.53,5145.0
2024-01-25 14:00:00,25156.2,26.21,4689.5
2024-01-25 15:00:00,28371.7,40.52,3850.0
2024-01-25 16:00:00,32303.6,47.61,2864.0
2024-01-25 17:00:00,33215.3,51.87,2543.0
2024-01-25 18:00:00,34398.8,54.69,3043.0
2024-01-25 19:00:00,33833.1,53.55,2072.5
2024-01-25 20:00:00,31155.7,51.16,2768.0
2024-01-25 21:00:00,28447.9,45.37,3075.0
2024-01-25 22:00:00,25220.1,37.27,2607.5
2024-01-25 23:00:00,22383.8,24.91,4216.0
2024-01-26 00:00:00,19981.4,21.49,4275.5
2024-01-26 01:00:00,18500.7,23.52,3944.5
2024-01-26 02:00:00,17414.9,20.65,3275.0
2024-01-26 03:00:00,15860.8,20.77,2362.5
2024-01-26 04:00:00,16582.1,18.56,2142.0
2024-01-26 05:00:00,20053.7,33.09,1317.5
2024-01-26 06:00:00,24852.9,45.33,1014.0
2024-01-26 07:00:00,29050.5,43.13,2084.0
2024-01-26 08:00:00,30299.0,49.01,1910.5
2024-01-26 09:00:00,31040.8,42.08,2261.5
2024-01-26 10:00:00,28285.4,40.7,3973.5
2024-01-26 11:00:00,26330.3,40.27,4354.5
2024-01-26 12:00:00,23989.0,29.52,4283.0
2024-01-26 13:00:00,24403.4,26.56,4265.5
2024-01-26 14:00:00,25267.9,31.89,3877.0
2024-01-26 15:00:00,27669.6,44.38,2290.0
2024-01-26 16:00:00,31720.8,49.05,1713.0
2024-01-26 17:00:00,34117.7,61.04,1348.5
2024-01-26 18:00:00,34683.7,61.43,1573.0
2024-01-26 19:00:00,34724.5,59.85,1962.0
2024-01-26 20:00:00,31134.0,50.76,2299.5
2024-01-26 21:00:00,28065.4,45.02,2991.5
2024-01-26 22:00:00,25182.5,36.62,1915.0
2024-01-26 23:00:00,22739.0,32.98,1715.0
2024-01-27 00:00:00,17338.6,25.91,1737.0
2024-01-27 01:00:00,16075.0,23.14,1152.0
2024-01-27 02:00:00,14746.2,19.23,1803.5
2024-01-27 03:00:00,14187.1,20.4,2600.0
2024-01-27 04:00:00,14310.3,16.1,2621.0
2024-01-27 05:00:00,16647.4,20.56,2618.5
2024-01-27 06:00:00,21851.3,35.13,2614.0
2024-01-27 07:00:00,26014.4,49.5,2162.5
2024-01-27 08:00:00,26827.1,41.04,2149.5
2024-01-27 09:00:00,25960.3,37.51,3374.0
2024-01-27 10:00:00,24831.2,27.07,4648.5
2024-01-27 11:00:00,22684.5,15.91,5639.0
2024-01-27 12:00:00,21223.7,14.53,6151.5
2024-01-27 13:00:00,20697.2,19.08,5197.0
2024-01-27 14:00:00,22402.0,20.85,4017.5
2024-01-27 15:00:00,24689.7,38.67,2886.0
2024-01-27 16:00:00,26640.7,40.27,2454.0
2024-01-27 17:00:00,29827.1,50.3,1176.5
2024-01-27 18:00:00,31331.9,55.96,2370.5
2024-01-27 19:00:00,29585.3,46.26,4280.0
2024-01-27 20:00:00,27076.0,40.12,2692.5
2024-01-27 21:00:00,24305.8,30.6,3306.5
2024-01-27 22:00:00,21979.2,40.01,2543.5
2024-01-27 23:00:00,19412.2,27.48,2867.5
2024-01-28 00:00:00,17224.9,30.14,2806.5
2024-01-28 01:00:00,16077.6,21.38,1104.5
2024-01-28 02:00:00,15218.7,21.82,1681.5
2024-01-28 03:00:00,14000.0,11.15,2415.0
2024-01-28 04:00:00,14871.1,14.11,2329.0
2024-01-28 05:00:00,16952.7,16.8,4280.5
2024-01-28 06:00:00,21480.7,36.81,3471.5
2024-01-28 07:00:00,25126.1,35.3,4971.0
2024-01-28 08:00:00,26586.2,42.32,4430.5
2024-01-28 09:00:00,26754.8,44.26,4323.0
2024-01-28 10:00:00,25350.4,30.49,6202.5
2024-01-28 11:00:00,22626.4,18.17,8482.5
2024-01-28 12:00:00,20702.7,9.47,8964.0
2024-01-28 13:00:00,21001.1,16.81,8694.0
2024-01-28 14:00:00,21864.6,16.41,8163.0
2024-01-28 15:00:00,24322.6,32.37,5770.5
2024-01-28 16:00:00,27163.9,34.4,5948.0
2024-01-28 17:00:00,28704.9,44.91,4901.5
2024-01-28 18:00:00,29600.1,45.55,4959.5
2024-01-28 19:00:00,29663.2,42.85,4804.5
2024-01-28 20:00:00,26946.4,30.92,5600.0
2024-01-28 21:00:00,23373.8,30.68,5600.0
2024-01-28 22:00:00,21990.6,28.33,5600.0
2024-01-28 23:00:00,19971.1,18.22,5487.5
2024-01-29 00:00:00,19498.6,21.81,5600.0
2024-01-29 01:00:00,18184.4,19.68,5600.0
2024-01-29 02:00:00,17199.1,21.03,5600.0
2024-01-29 03:00:00,15999.3,15.15,5600.0
2024-01-29 04:00:00,17236.7,19.39,5600.0
2024-01-29 05:00:00,19898.0,21.42,5600.0
2024-01-29 06:00:00,24566.9,30.53,5600.0
2024-01-29 07:00:00,28612.3,39.76,5600.0
2024-01-29 08:00:00,31277.7,42.14,6031.0
2024-01-29 09:00:00,30895.3,36.41,7353.0
2024-01-29 10:00:00,29095.7,30.35,8595.0
2024-01-29 11:00:00,25877.0,20.71,9274.0
2024-01-29 12:00:00,24206.8,16.29,9386.0
2024-01-29 13:00:00,23923.1,16.47,8972.5
2024-01-29 14:00:00,25726.1,27.0,8515.0
2024-01-29 15:00:00,28674.2,38.13,7385.0
2024-01-29 16:00:00,30982.5,44.01,6042.0
2024-01-29 17:00:00,33576.0,57.94,5289.0
2024-01-29 18:00:00,34960.8,59.78,5528.5
2024-01-29 19:00:00,33657.1,52.47,5168.5
2024-01-29 20:00:00,31598.8,44.03,5600.0
2024-01-29 21:00:00,26942.5,36.15,5204.5
2024-01-29 22:00:00,24622.2,32.32,5600.0
2024-01-29 23:00:00,22547.4,26.91,5305.5
2024-01-30 00:00:00,18983.9,16.0,5600.0
2024-01-30 01:00:00,18244.5,16.99,4279.5
2024-01-30 02:00:00,16718.0,18.45,3276.5
2024-01-30 03:00:00,15834.7,15.97,3254.5
2024-01-30 04:00:00,16884.4,12.86,3162.5
2024-01-30 05:00:00,19659.5,29.3,3579.0
2024-01-30 06:00:00,23997.0,39.4,3502.0
2024-01-30 07:00:00,28599.7,48.47,2897.0
2024-01-30 08:00:00,31319.9,40.45,3505.5
2024-01-30 09:00:00,30097.2,36.66,6410.0
2024-01-30 10:00:00,28110.5,34.24,5510.0
2024-01-30 11:00:00,26244.5,31.41,5843.0
2024-01-30 12:00:00,24234.2,30.27,6095.0
2024-01-30 13:00:00,24279.4,22.72,5694.0
2024-01-30 14:00:00,25366.2,24.42,6855.5
2024-01-30 15:00:00,28279.8,38.61,5016.0
2024-01-30 16:00:00,30648.7,44.63,3881.5
2024-01-30 17:00:00,33714.5,51.55,3823.5
2024-01-30 18:00:00,34614.4,62.39,2866.0
2024-01-30 19:00:00,33096.2,60.22,1973.0
2024-01-30 20:00:00,30359.7,51.76,1500.0
2024-01-30 21:00:00,28112.2,41.34,1484.0
2024-01-30 22:00:00,24748.3,31.71,1562.5
2024-01-30 23:00:00,22418.3,34.05,2251.0
2024-01-31 00:00:00,19598.1,28.24,2262.5
2024-01-31 01:00:00,18785.1,24.51,2815.0
2024-01-31 02:00:00,16335.8,23.77,3006.5
2024-01-31 03:00:00,15492.9,19.76,2709.0
2024-01-31 04:00:00,16342.3,11.84,2942.5
2024-01-31 05:00:00,20121.4,36.49,2933.5
2024-01-31 06:00:00,24424.8,26.29,3072.0
2024-01-31 07:00:00,28891.7,44.52,2784.5
2024-01-31 08:00:00,30242.5,43.24,3242.0
2024-01-31 09:00:00,29967.2,42.24,4860.5
2024-01-31 10:00:00,28629.9,27.25,5948.5
2024-01-31 11:00:00,25993.5,26.11,6909.0
2024-01-31 12:00:00,24462.8,17.85,7143.5
2024-01-31 13:00:00,23927.0,20.29,7567.0
2024-01-31 14:00:00,25422.8,18.3,4702.5
2024-01-31 15:00:00,27991.7,39.69,2694.5
2024-01-31 16:00:00,31427.9,57.73,963.0
2024-01-31 17:00:00,34055.9,58.0,359.5
2024-01-31 18:00:00,33808.0,63.66,305.0
2024-01-31 19:00:00,32505.1,60.72,336.0
2024-01-31 20:00:00,31488.5,57.89,612.0
2024-01-31 21:00:00,28261.2,48.81,486.5
2024-01-31 22:00:00,24446.0,45.5,425.0
2024-01-31 23:00:00,22085.0,38.73,531.5
2024-02-01 00:00:00,19612.7,33.55,406.5
2024-02-01 01:00:00,18689.5,27.39,682.0
2024-02-01 02:00:00,17332.6,23.37,423.5
2024-02-01 03:00:00,15936.5,26.88,284.5
2024-02-01 04:00:00,16443.3,23.42,67.5
2024-02-01 05:00:00,19383.7,37.78,467.5
2024-02-01 06:00:00,24272.8,50.29,593.5
2024-02-01 07:00:00,28372.7,47.7,435.0
2024-02-01 08:00:00,30234.1,48.59,1037.0
2024-02-01 09:00:00,31347.1,50.37,2397.5
2024-02-01 10:00:00,29136.6,39.71,3676.0
2024-02-01 11:00:00,26355.7,29.31,4497.5
2024-02-01 12:00:00,23875.7,23.54,5816.0
2024-02-01 13:00:00,24249.2,25.37,5652.5
2024-02-01 14:00:00,25504.3,22.32,6277.0
2024-02-01 15:00:00,28049.4,34.57,4024.5
2024-02-01 16:00:00,31578.7,42.52,3222.5
2024-02-01 17:00:00,33895.1,51.35,2256.0
2024-02-01 18:00:00,34958.1,56.36,2404.5
2024-02-01 19:00:00,33886.2,57.11,2209.0
2024-02-01 20:00:00,31112.8,57.35,1595.0
2024-02-01 21:00:00,26964.7,47.73,1655.5
2024-02-01 22:00:00,24803.0,44.21,881.0
2024-02-01 23:00:00,22480.1,34.17,2006.0
2024-02-02 00:00:00,19164.8,35.9,2727.5
2024-02-02 01:00:00,18855.1,19.44,3413.0
2024-02-02 02:00:00,17276.6,19.41,3722.0
2024-02-02 03:00:00,16100.5,19.7,3593.0
2024-02-02 04:00:00,16561.8,14.14,3851.5
2024-02-02 05:00:00,20000.2,24.72,3818.0
2024-02-02 06:00:00,24218.9,28.26,4067.5
2024-02-02 07:00:00,28523.6,44.69,2756.5
2024-02-02 08:00:00,30130.6,53.32,3251.0
2024-02-02 09:00:00,30525.4,40.68,5609.0
2024-02-02 10:00:00,28339.1,37.79,6989.0
2024-02-02 11:00:00,25351.1,24.1,8860.0
2024-02-02 12:00:00,24137.6,7.83,9267.5
2024-02-02 13:00:00,23860.2,9.19,9311.0
2024-02-02 14:00:00,25885.2,27.26,8637.0
2024-02-02 15:00:00,28175.2,30.27,7527.5
2024-02-02 16:00:00,30933.9,36.44,6184.0
2024-02-02 17:00:00,33625.3,54.86,5600.0
2024-02-02 18:00:00,34520.1,60.37,5043.0
2024-02-02 19:00:00,33388.8,58.94,4497.0
2024-02-02 20:00:00,30384.1,46.15,5600.0
2024-02-02 21:00:00,27581.5,43.16,5600.0
2024-02-02 22:00:00,24440.1,33.76,5600.0
2024-02-02 23:00:00,22194.5,22.8,5600.0
2024-02-03 00:00:00,17091.1,21.45,5299.5
2024-02-03 01:00:00,16057.5,13.73,5282.5
2024-02-03 02:00:00,14225.6,18.42,5350.0
2024-02-03 03:00:00,14000.0,9.35,5054.5
2024-02-03 04:00:00,14535.1,10.1,5449.0
2024-02-03 05:00:00,17286.2,12.0,5600.0
2024-02-03 06:00:00,21342.2,28.11,5600.0
2024-02-03 07:00:00,24698.4,40.1,5600.0
2024-02-03 08:00:00,26253.1,37.29,5471.5
2024-02-03 09:00:00,25911.7,28.8,6000.0
2024-02-03 10:00:00,24703.7,18.66,7313.5
2024-02-03 11:00:00,22571.5,10.82,7919.0
2024-02-03 12:00:00,21372.9,17.64,7235.0
2024-02-03 13:00:00,21078.1,9.05,7318.5
2024-02-03 14:00:00,21835.6,4.63,7807.0
2024-02-03 15:00:00,23682.6,36.43,6076.0
2024-02-03 16:00:00,26718.1,41.18,3115.0
2024-02-03 17:00:00,29173.7,47.34,2077.0
2024-02-03 18:00:00,29853.5,47.19,2246.0
2024-02-03 19:00:00,28818.7,51.95,1378.5
2024-02-03 20:00:00,26911.0,39.89,1809.0
2024-02-03 21:00:00,23814.3,36.74,1275.5
2024-02-03 22:00:00,21252.5,33.95,2146.5
2024-02-03 23:00:00,19725.2,23.32,3064.5
2024-02-04 00:00:00,16819.7,16.11,2998.5
2024-02-04 01:00:00,15985.1,16.33,3350.5
2024-02-04 02:00:00,14643.2,15.05,3108.0
2024-02-04 03:00:00,14000.0,14.16,2968.5
2024-02-04 04:00:00,14184.8,14.56,2907.0
2024-02-04 05:00:00,17342.5,23.46,2927.5
2024-02-04 06:00:00,20604.4,28.59,1793.5
2024-02-04 07:00:00,23844.8,37.56,2747.0
2024-02-04 08:00:00,25787.6,36.42,2777.5
2024-02-04 09:00:00,26290.2,35.18,3426.0
2024-02-04 10:00:00,24531.1,24.32,4470.0
2024-02-04 11:00:00,22352.2,9.2,6434.5
2024-02-04 12:00:00,21300.4,15.31,6597.0
2024-02-04 13:00:00,19858.4,15.86,6412.0
2024-02-04 14:00:00,21957.8,20.9,5414.0
2024-02-04 15:00:00,24640.9,23.96,4897.5
2024-02-04 16:00:00,26331.2,32.76,3591.0
2024-02-04 17:00:00,28846.2,50.39,2739.0
2024-02-04 18:00:00,29537.4,49.61,2937.5
2024-02-04 19:00:00,28614.1,47.62,2443.5
2024-02-04 20:00:00,26616.2,47.07,2101.0
2024-02-04 21:00:00,24452.6,39.31,3270.5
2024-02-04 22:00:00,21994.8,31.79,3303.5
2024-02-04 23:00:00,19489.2,30.85,3781.5
2024-02-05 00:00:00,19958.7,37.52,1722.0
2024-02-05 01:00:00,18273.1,30.3,2604.0
2024-02-05 02:00:00,17162.8,24.99,2987.5
2024-02-05 03:00:00,15647.3,20.92,2110.5
2024-02-05 04:00:00,16416.3,20.97,2719.5
2024-02-05 05:00:00,19573.7,31.13,2438.5
2024-02-05 06:00:00,25193.0,38.48,1937.0
2024-02-05 07:00:00,28600.2,47.66,1977.5
2024-02-05 08:00:00,30097.6,46.14,2327.0
2024-02-05 09:00:00,30572.0,44.4,3236.0
2024-02-05 10:00:00,27964.3,29.46,5046.5
2024-02-05 11:00:00,25488.1,23.9,5633.0
2024-02-05 12:00:00,24315.3,20.95,5474.0
2024-02-05 13:00:00,23733.9,27.15,4852.5
2024-02-05 14:00:00,25135.1,32.54,4610.5
2024-02-05 15:00:00,27615.1,39.99,3620.0
2024-02-05 16:00:00,30868.9,44.96,2000.5
2024-02-05 17:00:00,33479.7,62.14,1279.5
2024-02-05 18:00:00,33262.3,61.55,1896.5
2024-02-05 19:00:00,33590.7,56.56,2196.0
2024-02-05 20:00:00,30219.3,52.69,2856.5
2024-02-05 21:00:00,26858.3,47.44,2332.5
2024-02-05 22:00:00,24523.5,30.45,2980.0
2024-02-05 23:00:00,22489.9,37.94,2537.0
2024-02-06 00:00:00,19156.1,26.55,2276.5
2024-02-06 01:00:00,18446.5,22.23,1310.0
2024-02-06 02:00:00,16346.8,24.1,1379.0
2024-02-06 03:00:00,15536.1,20.05,1408.0
2024-02-06 04:00:00,16201.2,27.63,943.0
2024-02-06 05:00:00,19406.5,33.02,1102.0
2024-02-06 06:00:00,24088.8,41.88,1427.0
2024-02-06 07:00:00,27745.7,44.42,1222.0
2024-02-06 08:00:00,30676.8,49.34,1958.5
2024-02-06 09:00:00,30089.8,41.83,4024.0
2024-02-06 10:00:00,27253.1,35.36,5223.5
2024-02-06 11:00:00,24862.4,32.99,4767.0
2024-02-06 12:00:00,23926.2,27.87,4407.5
2024-02-06 13:00:00,23587.3,22.07,4430.0
2024-02-06 14:00:00,24931.5,29.56,3735.0
2024-02-06 15:00:00,27531.2,41.43,3051.0
2024-02-06 16:00:00,30743.5,57.23,1394.5
2024-02-06 17:00:00,33659.2,60.58,786.0
2024-02-06 18:00:00,33605.6,64.02,661.5
2024-02-06 19:00:00,32594.8,51.12,1329.5
2024-02-06 20:00:00,30095.4,50.39,1197.5
2024-02-06 21:00:00,27504.7,48.98,1821.5
2024-02-06 22:00:00,24943.2,28.83,2615.0
2024-02-06 23:00:00,22262.5,39.92,1624.0
2024-02-07 00:00:00,18585.4,29.23,1629.5
2024-02-07 01:00:00,17710.1,25.65,1861.5
2024-02-07 02:00:00,16433.8,13.74,2003.0
2024-02-07 03:00:00,15462.7,22.55,2806.0
2024-02-07 04:00:00,16204.6,28.29,2847.5
2024-02-07 05:00:00,19383.6,25.37,2997.0
2024-02-07 06:00:00,23817.7,33.99,2845.5
2024-02-07 07:00:00,28544.8,45.72,2380.0
2024-02-07 08:00:00,29965.6,52.76,1879.5
2024-02-07 09:00:00,29599.8,49.82,2263.0
2024-02-07 10:00:00,28181.3,41.21,3150.5
2024-02-07 11:00:00,24963.5,29.91,3258.5
2024-02-07 12:00:00,24011.4,31.27,4061.5
2024-02-07 13:00:00,23644.0,22.13,3631.0
2024-02-07 14:00:00,24853.9,37.73,2680.0
2024-02-07 15:00:00,28129.7,49.22,1694.0
2024-02-07 16:00:00,30279.4,50.94,756.5
2024-02-07 17:00:00,34129.2,70.68,180.5
2024-02-07 18:00:00,33976.0,66.94,294.5
2024-02-07 19:00:00,32462.7,59.57,290.5
2024-02-07 20:00:00,30554.2,53.55,563.0
2024-02-07 21:00:00,26877.8,51.1,299.0
2024-02-07 22:00:00,24150.4,39.21,392.5
2024-02-07 23:00:00,22485.6,44.31,474.5
2024-02-08 00:00:00,19422.3,29.09,637.5
2024-02-08 01:00:00,17960.1,39.11,453.5
2024-02-08 02:00:00,16846.0,27.93,334.0
2024-02-08 03:00:00,15824.3,18.63,495.5
2024-02-08 04:00:00,16614.2,31.84,258.5
2024-02-08 05:00:00,19477.5,30.62,320.0
2024-02-08 06:00:00,24358.0,33.96,645.5
2024-02-08 07:00:00,27241.4,55.29,889.5
2024-02-08 08:00:00,30053.0,62.88,1136.0
2024-02-08 09:00:00,29523.7,48.34,2073.5
2024-02-08 10:00:00,27960.4,42.34,2907.5
2024-02-08 11:00:00,25269.8,33.05,3665.5
2024-02-08 12:00:00,23752.9,29.79,3737.0
2024-02-08 13:00:00,24213.5,26.92,4138.5
2024-02-08 14:00:00,24783.5,29.36,4426.5
2024-02-08 15:00:00,27576.7,37.34,3982.5
2024-02-08 16:00:00,30382.1,45.13,4493.0
2024-02-08 17:00:00,33060.9,48.18,3906.0
2024-02-08 18:00:00,34009.2,62.45,2405.5
2024-02-08 19:00:00,33236.0,58.49,1795.5
2024-02-08 20:00:00,30978.1,56.49,1707.5
2024-02-08 21:00:00,27924.0,50.67,995.5
2024-02-08 22:00:00,24478.0,31.3,1239.0
2024-02-08 23:00:00,22493.9,37.68,1662.0
2024-02-09 00:00:00,18881.2,32.97,1037.0
2024-02-09 01:00:00,18059.4,24.08,1094.0
2024-02-09 02:00:00,16791.5,25.17,1014.0
2024-02-09 03:00:00,15716.2,21.29,1098.0
2024-02-09 04:00:00,16274.0,26.32,737.5
2024-02-09 05:00:00,19531.2,30.4,961.5
2024-02-09 06:00:00,23984.5,31.64,1646.0
2024-02-09 07:00:00,28464.5,42.49,2475.0
2024-02-09 08:00:00,30251.0,50.52,2985.0
2024-02-09 09:00:00,29677.6,43.56,4333.0
2024-02-09 10:00:00,27979.8,44.92,5024.0
2024-02-09 11:00:00,24305.9,26.15,5086.5
2024-02-09 12:00:00,23888.2,16.56,5545.5
2024-02-09 13:00:00,22203.4,26.18,5736.0
2024-02-09 14:00:00,24142.9,32.36,4526.0
2024-02-09 15:00:00,27522.2,35.59,3563.5
2024-02-09 16:00:00,30628.7,51.59,3265.0
2024-02-09 17:00:00,32365.2,56.84,2133.5
2024-02-09 18:00:00,33557.5,54.14,2276.0
2024-02-09 19:00:00,33607.1,59.02,2338.0
2024-02-09 20:00:00,30148.1,47.22,2735.5
2024-02-09 21:00:00,28095.9,39.43,2659.0
2024-02-09 22:00:00,24302.3,36.64,2751.5
2024-02-09 23:00:00,22376.2,35.6,2984.5
2024-02-10 00:00:00,17076.3,21.35,3055.5
2024-02-10 01:00:00,15722.6,14.94,3566.5
2024-02-10 02:00:00,14152.2,20.3,1813.5
2024-02-10 03:00:00,14000.0,16.3,2052.5
2024-02-10 04:00:00,14069.6,13.85,1924.5
2024-02-10 05:00:00,16383.5,24.69,1326.5
2024-02-10 06:00:00,20581.2,32.94,692.5
2024-02-10 07:00:00,23993.2,48.87,641.5
2024-02-10 08:00:00,26499.4,48.14,1003.5
2024-02-10 09:00:00,25904.4,42.4,1943.0
2024-02-10 10:00:00,24055.4,24.22,2830.0
2024-02-10 11:00:00,22026.2,27.86,3639.5
2024-02-10 12:00:00,20679.7,24.9,3797.5
2024-02-10 13:00:00,20571.1,16.2,3054.5
2024-02-10 14:00:00,21183.6,22.57,2697.0
2024-02-10 15:00:00,23351.1,30.87,1805.5
2024-02-10 16:00:00,26826.4,48.76,1341.0
2024-02-10 17:00:00,28406.6,55.07,823.0
2024-02-10 18:00:00,28808.4,46.99,1149.5
2024-02-10 19:00:00,28765.5,45.12,1166.0
2024-02-10 20:00:00,26535.6,36.31,1165.5
2024-02-10 21:00:00,23045.2,30.89,1259.5
2024-02-10 22:00:00,21161.5,29.48,1890.0
2024-02-10 23:00:00,19511.8,26.31,1903.5
2024-02-11 00:00:00,16721.6,68.85,1223.0
2024-02-11 01:00:00,15799.0,53.1,1182.5
2024-02-11 02:00:00,14028.7,48.97,854.0
2024-02-11 03:00:00,14000.0,64.74,1248.0
2024-02-11 04:00:00,14000.0,64.72,1829.0
2024-02-11 05:00:00,16561.2,68.43,2259.0
2024-02-11 06:00:00,20875.4,82.37,2242.0
2024-02-11 07:00:00,24736.6,70.85,1692.5
2024-02-11 08:00:00,26770.0,85.39,2280.0
2024-02-11 09:00:00,26332.2,79.22,3480.5
2024-02-11 10:00:00,24054.8,55.18,3686.5
2024-02-11 11:00:00,22119.8,62.08,4150.5
2024-02-11 12:00:00,20793.0,77.77,4286.0
2024-02-11 13:00:00,20366.0,70.22,4895.0
2024-02-11 14:00:00,21491.7,58.22,4490.5
2024-02-11 15:00:00,23951.8,60.7,4477.0
2024-02-11 16:00:00,26296.4,91.81,2651.5
2024-02-11 17:00:00,28196.5,96.0,2263.5
2024-02-11 18:00:00,29174.2,81.99,2966.0
2024-02-11 19:00:00,28771.2,73.82,3461.5
2024-02-11 20:00:00,26284.4,63.19,4534.5
2024-02-11 21:00:00,23644.9,66.28,3877.5
2024-02-11 22:00:00,21245.0,44.38,3025.5
2024-02-11 23:00:00,19140.0,64.76,2768.0
2024-02-12 00:00:00,19278.2,25.73,2543.5
2024-02-12 01:00:00,18043.2,17.55,2394.5
2024-02-12 02:00:00,16123.6,23.52,2093.5
2024-02-12 03:00:00,15725.8,20.19,2113.0
2024-02-12 04:00:00,15974.1,21.16,1796.5
2024-02-12 05:00:00,18648.8,29.84,2309.0
2024-02-12 06:00:00,23251.9,42.86,2050.0
2024-02-12 07:00:00,27316.6,47.32,2140.5
2024-02-12 08:00:00,29907.1,45.63,2775.0
2024-02-12 09:00:00,29480.8,33.68,4368.0
2024-02-12 10:00:00,27481.3,36.02,5273.0
2024-02-12 11:00:00,25458.3,28.43,4911.5
2024-02-12 12:00:00,23685.4,20.26,5181.0
2024-02-12 13:00:00,23414.8,23.95,3924.5
2024-02-12 14:00:00,24740.1,36.79,3741.5
2024-02-12 15:00:00,27372.9,42.58,3325.5
2024-02-12 16:00:00,29218.0,51.8,2231.5
2024-02-12 17:00:00,32502.1,62.24,1166.5
2024-02-12 18:00:00,32552.8,59.84,771.5
2024-02-12 19:00:00,32689.2,54.37,919.0
2024-02-12 20:00:00,30128.0,54.22,713.5
2024-02-12 21:00:00,27390.9,50.09,1043.0
2024-02-12 22:00:00,24541.6,41.21,881.5
2024-02-12 23:00:00,22132.5,37.45,1026.0
2024-02-13 00:00:00,18867.6,31.12,1360.5
2024-02-13 01:00:00,18022.8,29.44,2134.0
2024-02-13 02:00:00,16253.7,24.78,2534.0
2024-02-13 03:00:00,15350.8,18.07,2205.0
2024-02-13 04:00:00,16288.9,15.06,2671.5
2024-02-13 05:00:00,18912.2,30.92,3451.5
2024-02-13 06:00:00,23842.9,36.38,3356.5
2024-02-13 07:00:00,27947.4,43.07,3048.0
2024-02-13 08:00:00,29375.9,36.14,3893.5
2024-02-13 09:00:00,29953.5,42.43,5563.5
2024-02-13 10:00:00,27834.7,33.3,6667.5
2024-02-13 11:00:00,25193.9,21.37,7597.0
2024-02-13 12:00:00,23232.7,22.02,6487.0
2024-02-13 13:00:00,22941.7,25.74,6802.0
2024-02-13 14:00:00,24324.6,19.44,6280.5
2024-02-13 15:00:00,27268.9,38.48,5692.5
2024-02-13 16:00:00,29658.9,37.48,5371.5
2024-02-13 17:00:00,32806.2,45.06,5176.5
2024-02-13 18:00:00,32937.1,52.59,3546.5
2024-02-13 19:00:00,32483.3,60.31,2692.5
2024-02-13 20:00:00,30097.9,48.37,1702.5
2024-02-13 21:00:00,27881.3,46.16,1815.0
2024-02-13 22:00:00,23549.9,31.61,1735.0
2024-02-13 23:00:00,22491.5,37.8,1719.0
2024-02-14 00:00:00,19000.6,25.58,1301.0
2024-02-14 01:00:00,17953.5,25.42,1126.5
2024-02-14 02:00:00,16367.4,28.65,718.0
2024-02-14 03:00:00,15411.0,19.03,1176.0
2024-02-14 04:00:00,15970.4,23.0,2056.5
2024-02-14 05:00:00,19434.1,30.23,1855.5
2024-02-14 06:00:00,23332.6,37.76,2019.0
2024-02-14 07:00:00,28058.8,43.36,1555.5
2024-02-14 08:00:00,29433.6,48.71,2063.5
2024-02-14 09:00:00,29414.4,44.27,2516.5
2024-02-14 10:00:00,27028.6,36.35,3093.5
2024-02-14 11:00:00,25257.5,34.58,3683.0
2024-02-14 12:00:00,23944.8,22.62,3848.5
2024-02-14 13:00:00,23150.5,23.4,4036.5
2024-02-14 14:00:00,24382.7,30.05,3874.0
2024-02-14 15:00:00,26523.4,42.51,3927.5
2024-02-14 16:00:00,29904.3,40.74,2291.0
2024-02-14 17:00:00,31726.1,54.71,2255.0
2024-02-14 18:00:00,33011.6,56.51,1932.5
2024-02-14 19:00:00,32603.9,60.1,1691.0
2024-02-14 20:00:00,30558.7,50.27,1378.0
2024-02-14 21:00:00,27951.1,44.82,2386.5
2024-02-14 22:00:00,23769.6,34.37,1798.0
2024-02-14 23:00:00,22417.6,32.35,2366.5
2024-02-15 00:00:00,18974.3,29.12,2561.5
2024-02-15 01:00:00,17753.3,25.98,2386.0
2024-02-15 02:00:00,16398.5,21.8,1667.0
2024-02-15 03:00:00,15280.4,25.28,1221.5
2024-02-15 04:00:00,15989.1,34.57,580.0
2024-02-15 05:00:00,18850.1,26.23,962.5
2024-02-15 06:00:00,22936.6,40.96,676.0
2024-02-15 07:00:00,26876.2,47.93,346.5
2024-02-15 08:00:00,29928.3,53.95,1679.0
2024-02-15 09:00:00,29237.1,40.97,2884.5
2024-02-15 10:00:00,27148.8,39.8,3652.5
2024-02-15 11:00:00,25019.5,28.09,4269.0
2024-02-15 12:00:00,23650.1,26.16,3642.5
2024-02-15 13:00:00,23175.2,27.43,3301.5
2024-02-15 14:00:00,24146.8,32.25,2693.0
2024-02-15 15:00:00,27393.9,37.34,2023.0
2024-02-15 16:00:00,30632.6,52.55,964.5
2024-02-15 17:00:00,32652.4,65.25,452.5
2024-02-15 18:00:00,33864.0,57.76,220.5
2024-02-15 19:00:00,33006.4,62.75,259.0
2024-02-15 20:00:00,30388.8,59.58,248.0
2024-02-15 21:00:00,26992.5,47.88,324.5
2024-02-15 22:00:00,24128.4,39.95,827.5
2024-02-15 23:00:00,22054.5,37.1,602.0
2024-02-16 00:00:00,18541.3,25.82,575.0
2024-02-16 01:00:00,17929.8,26.38,1145.0
2024-02-16 02:00:00,15916.3,29.35,1542.5
2024-02-16 03:00:00,15041.6,20.91,1021.5
2024-02-16 04:00:00,16228.7,24.68,694.5
2024-02-16 05:00:00,19150.9,26.47,868.5
2024-02-16 06:00:00,23882.8,42.9,454.0
2024-02-16 07:00:00,27323.6,42.69,1077.5
2024-02-16 08:00:00,29043.3,43.95,3034.5
2024-02-16 09:00:00,29170.3,29.78,3815.5
2024-02-16 10:00:00,27358.0,33.08,5059.0
2024-02-16 11:00:00,24975.1,26.06,5727.5
2024-02-16 12:00:00,23701.6,20.64,5279.0
2024-02-16 13:00:00,22922.4,20.58,5160.5
2024-02-16 14:00:00,24446.1,26.57,4021.0
2024-02-16 15:00:00,26425.3,40.95,2452.0
2024-02-16 16:00:00,30040.7,48.33,1243.0
2024-02-16 17:00:00,32321.8,65.06,287.5
2024-02-16 18:00:00,32907.8,66.0,527.5
2024-02-16 19:00:00,32196.8,58.2,784.5
2024-02-16 20:00:00,29715.4,58.09,1326.5
2024-02-16 21:00:00,26562.4,50.45,1628.5
2024-02-16 22:00:00,24479.7,41.3,1803.5
2024-02-16 23:00:00,21789.7,30.93,1477.5
2024-02-17 00:00:00,16294.1,24.8,1406.0
2024-02-17 01:00:00,14908.1,21.96,1091.0
2024-02-17 02:00:00,14000.0,17.39,825.5
2024-02-17 03:00:00,14000.0,29.4,212.5
2024-02-17 04:00:00,14000.0,23.2,430.0
2024-02-17 05:00:00,16746.8,21.64,249.0
2024-02-17 06:00:00,20216.2,35.66,244.5
2024-02-17 07:00:00,24260.3,41.52,790.5
2024-02-17 08:00:00,25662.0,40.96,2171.5
2024-02-17 09:00:00,25411.1,34.03,2930.0
2024-02-17 10:00:00,23665.3,19.41,5242.5
2024-02-17 11:00:00,21641.6,21.54,6229.5
2024-02-17 12:00:00,20738.7,22.84,5943.5
2024-02-17 13:00:00,19298.0,12.14,5339.0
2024-02-17 14:00:00,20462.4,16.93,5409.0
2024-02-17 15:00:00,23079.5,30.61,4925.0
2024-02-17 16:00:00,25891.2,33.95,3961.0
2024-02-17 17:00:00,28328.2,50.37,2246.5
2024-02-17 18:00:00,29077.2,48.46,2059.0
2024-02-17 19:00:00,27868.4,41.58,2648.0
2024-02-17 20:00:00,26244.7,38.39,3000.0
2024-02-17 21:00:00,23494.2,34.86,3000.0
2024-02-17 22:00:00,20743.7,29.41,3000.0
2024-02-17 23:00:00,19204.0,21.15,3033.0
2024-02-18 00:00:00,16373.0,20.84,3033.0
2024-02-18 01:00:00,15218.4,10.66,1919.5
2024-02-18 02:00:00,14200.2,21.19,1644.5
2024-02-18 03:00:00,14000.0,21.46,1518.5
2024-02-18 04:00:00,14000.0,14.31,1846.0
2024-02-18 05:00:00,16720.5,24.09,1554.0
2024-02-18 06:00:00,19464.5,28.11,1392.5
2024-02-18 07:00:00,23226.5,36.84,1077.5
2024-02-18 08:00:00,25108.5,37.18,2052.0
2024-02-18 09:00:00,25185.1,33.32,3258.0
2024-02-18 10:00:00,23537.8,24.86,4135.5
2024-02-18 11:00:00,21089.6,19.37,5261.0
2024-02-18 12:00:00,19860.7,20.45,5429.0
2024-02-18 13:00:00,19678.1,16.43,5432.0
2024-02-18 14:00:00,21809.7,22.74,3864.5
2024-02-18 15:00:00,23828.5,36.92,2857.5
2024-02-18 16:00:00,25650.9,42.81,2704.5
2024-02-18 17:00:00,27804.0,51.64,1167.5
2024-02-18 18:00:00,28292.2,49.91,1547.5
2024-02-18 19:00:00,27148.5,48.37,1160.0
2024-02-18 20:00:00,25729.3,46.3,1205.5
2024-02-18 21:00:00,22724.1,43.46,566.5
2024-02-18 22:00:00,20600.2,29.58,1339.5
2024-02-18 23:00:00,18422.5,25.23,2315.5
2024-02-19 00:00:00,18474.1,31.03,1703.0
2024-02-19 01:00:00,17628.2,27.2,1086.0
2024-02-19 02:00:00,16193.9,25.14,599.0
2024-02-19 03:00:00,15185.1,26.05,719.5
2024-02-19 04:00:00,15466.5,18.36,1037.5
2024-02-19 05:00:00,18988.4,33.7,1031.0
2024-02-19 06:00:00,22880.5,33.75,1182.5
2024-02-19 07:00:00,27455.0,46.49,782.0
2024-02-19 08:00:00,29292.3,39.75,2311.5
2024-02-19 09:00:00,28422.1,35.8,4308.5
2024-02-19 10:00:00,26950.2,34.43,4774.0
2024-02-19 11:00:00,24864.1,26.85,4945.0
2024-02-19 12:00:00,23315.0,21.67,4908.5
2024-02-19 13:00:00,22798.5,24.54,4578.5
2024-02-19 14:00:00,24660.1,30.2,4400.0
2024-02-19 15:00:00,26991.6,30.46,4367.0
2024-02-19 16:00:00,29465.7,48.18,3811.0
2024-02-19 17:00:00,32399.7,57.46,2389.5
2024-02-19 18:00:00,33949.7,52.15,2414.0
2024-02-19 19:00:00,32972.0,61.7,3022.5
2024-02-19 20:00:00,28994.4,45.23,3093.5
2024-02-19 21:00:00,26071.0,35.86,3063.5
2024-02-19 22:00:00,24165.2,30.92,3079.5
2024-02-19 23:00:00,21288.8,23.71,3057.5
2024-02-20 00:00:00,18262.3,21.88,3071.5
2024-02-20 01:00:00,17408.6,19.83,2664.0
2024-02-20 02:00:00,16158.6,16.52,2245.0
2024-02-20 03:00:00,15022.5,15.9,3006.0
2024-02-20 04:00:00,15578.5,25.04,2891.0
2024-02-20 05:00:00,18503.1,21.61,3001.5
2024-02-20 06:00:00,22842.6,33.02,2653.5
2024-02-20 07:00:00,26757.9,45.2,2564.0
2024-02-20 08:00:00,30209.3,50.41,4460.0
2024-02-20 09:00:00,29063.8,36.16,5380.5
2024-02-20 10:00:00,27356.9,31.24,5609.5
2024-02-20 11:00:00,24473.9,24.66,6223.5
2024-02-20 12:00:00,22969.4,21.42,5547.0
2024-02-20 13:00:00,22534.9,9.92,6297.0
2024-02-20 14:00:00,23078.3,16.66,5593.0
2024-02-20 15:00:00,25962.4,32.94,4903.0
2024-02-20 16:00:00,28690.4,40.41,3041.0
2024-02-20 17:00:00,30865.6,48.14,1530.0
2024-02-20 18:00:00,32304.4,55.96,1305.5
2024-02-20 19:00:00,32569.2,58.74,1889.0
2024-02-20 20:00:00,29430.8,51.17,2271.0
2024-02-20 21:00:00,26869.9,45.63,1427.0
2024-02-20 22:00:00,23713.4,32.45,758.0
2024-02-20 23:00:00,21820.8,37.85,398.5
2024-02-21 00:00:00,18324.6,24.45,281.5
2024-02-21 01:00:00,17620.9,30.23,526.5
2024-02-21 02:00:00,16183.8,26.22,632.0
2024-02-21 03:00:00,14870.4,18.61,1106.0
2024-02-21 04:00:00,15816.1,17.88,799.5
2024-02-21 05:00:00,18794.0,34.64,756.0
2024-02-21 06:00:00,22829.8,39.75,677.5
2024-02-21 07:00:00,26578.5,43.15,357.0
2024-02-21 08:00:00,28604.1,51.21,1870.5
2024-02-21 09:00:00,28884.7,40.63,3013.0
2024-02-21 10:00:00,27048.3,29.06,4288.0
2024-02-21 11:00:00,24288.1,27.92,4920.0
2024-02-21 12:00:00,22973.2,24.11,4895.5
2024-02-21 13:00:00,22904.2,22.44,5201.5
2024-02-21 14:00:00,24183.9,26.02,4623.0
2024-02-21 15:00:00,27045.6,28.3,4626.5
2024-02-21 16:00:00,29965.5,40.13,3422.5
2024-02-21 17:00:00,31368.8,52.94,1546.0
2024-02-21 18:00:00,33623.0,50.22,1934.0
2024-02-21 19:00:00,31584.4,57.14,1133.5
2024-02-21 20:00:00,29821.6,51.55,1304.0
2024-02-21 21:00:00,26306.8,43.02,2112.0
2024-02-21 22:00:00,23351.7,40.85,3221.0
2024-02-21 23:00:00,20919.4,24.07,3356.0
2024-02-22 00:00:00,18471.2,75.95,2682.5
2024-02-22 01:00:00,17022.4,63.81,3661.0
2024-02-22 02:00:00,16191.5,74.78,4023.0
2024-02-22 03:00:00,15294.5,30.4,4270.0
2024-02-22 04:00:00,15449.6,57.65,3946.5
2024-02-22 05:00:00,18662.9,40.86,4079.5
2024-02-22 06:00:00,22699.5,54.48,4297.0
2024-02-22 07:00:00,26697.0,80.1,4159.5
2024-02-22 08:00:00,29369.6,97.03,5675.5
2024-02-22 09:00:00,28742.4,74.88,6444.5
2024-02-22 10:00:00,27534.2,59.53,7534.0
2024-02-22 11:00:00,24327.9,63.79,8533.5
2024-02-22 12:00:00,23237.0,57.58,8913.0
2024-02-22 13:00:00,22673.5,33.9,8486.0
2024-02-22 14:00:00,24173.6,64.5,7944.0
2024-02-22 15:00:00,26172.8,43.06,7574.0
2024-02-22 16:00:00,29290.6,67.51,6729.0
2024-02-22 17:00:00,31694.7,79.35,4971.5
2024-02-22 18:00:00,32284.6,103.47,4890.0
2024-02-22 19:00:00,32055.9,74.22,4899.0
2024-02-22 20:00:00,29557.2,96.87,5600.0
2024-02-22 21:00:00,26432.9,62.52,5600.0
2024-02-22 22:00:00,23965.2,64.43,5584.5
2024-02-22 23:00:00,21902.8,81.75,3962.0
2024-02-23 00:00:00,18357.7,24.41,3593.5
2024-02-23 01:00:00,17473.4,26.59,3158.5
2024-02-23 02:00:00,15761.7,19.08,3056.0
2024-02-23 03:00:00,14913.2,15.72,3213.0
2024-02-23 04:00:00,15447.9,24.67,3389.0
2024-02-23 05:00:00,18971.3,26.03,3429.5
2024-02-23 06:00:00,23003.0,35.61,3668.0
2024-02-23 07:00:00,26779.9,33.95,3581.5
2024-02-23 08:00:00,29460.7,41.3,4234.5
2024-02-23 09:00:00,27736.6,36.6,5851.0
2024-02-23 10:00:00,25942.8,24.49,6810.0
2024-02-23 11:00:00,24721.0,20.47,6828.0
2024-02-23 12:00:00,22843.7,10.76,5771.5
2024-02-23 13:00:00,22655.2,18.22,5561.0
2024-02-23 14:00:00,23340.7,26.22,5767.5
2024-02-23 15:00:00,26258.9,31.19,4848.0
2024-02-23 16:00:00,30099.9,47.46,3075.5
2024-02-23 17:00:00,32042.8,56.37,686.0
2024-02-23 18:00:00,32676.4,57.42,871.0
2024-02-23 19:00:00,31434.1,55.16,1482.0
2024-02-23 20:00:00,29008.4,50.72,2055.5
2024-02-23 21:00:00,25284.4,41.06,3490.5
2024-02-23 22:00:00,23442.9,37.89,3020.5
2024-02-23 23:00:00,21641.5,30.36,2720.5
2024-02-24 00:00:00,15632.9,21.93,1812.0
2024-02-24 01:00:00,14920.4,13.95,1939.5
2024-02-24 02:00:00,14000.0,16.79,2716.0
2024-02-24 03:00:00,14000.0,7.08,2827.0
2024-02-24 04:00:00,14000.0,10.85,2006.5
2024-02-24 05:00:00,15560.8,19.52,2866.0
2024-02-24 06:00:00,20024.6,32.51,1815.0
2024-02-24 07:00:00,23565.3,33.61,1226.0
2024-02-24 08:00:00,25006.7,38.14,2762.5
2024-02-24 09:00:00,23939.7,30.03,2944.5
2024-02-24 10:00:00,22853.8,30.21,3452.0
2024-02-24 11:00:00,21578.9,26.86,3925.0
2024-02-24 12:00:00,18969.1,4.32,4387.0
2024-02-24 13:00:00,19472.8,23.27,4342.0
2024-02-24 14:00:00,20288.3,22.66,4170.5
2024-02-24 15:00:00,23056.6,30.2,3606.5
2024-02-24 16:00:00,25086.7,36.35,2029.5
2024-02-24 17:00:00,27617.0,50.14,863.0
2024-02-24 18:00:00,28507.3,52.09,636.5
2024-02-24 19:00:00,28198.7,52.91,923.5
2024-02-24 20:00:00,25231.1,44.04,1188.5
2024-02-24 21:00:00,22779.8,40.17,976.5
2024-02-24 22:00:00,19802.1,35.74,485.0
2024-02-24 23:00:00,18865.1,22.12,668.5
2024-02-25 00:00:00,15778.6,23.27,340.5
2024-02-25 01:00:00,14895.9,21.96,667.0
2024-02-25 02:00:00,14000.0,18.45,673.0
2024-02-25 03:00:00,14000.0,23.3,1380.5
2024-02-25 04:00:00,14000.0,25.46,1331.5
2024-02-25 05:00:00,16244.6,22.05,2250.0
2024-02-25 06:00:00,19865.9,28.6,2744.5
2024-02-25 07:00:00,22674.5,33.29,3123.0
2024-02-25 08:00:00,24975.4,26.12,4263.5
2024-02-25 09:00:00,25062.2,25.69,4813.0
2024-02-25 10:00:00,22475.7,16.29,5876.0
2024-02-25 11:00:00,20779.6,18.59,5843.5
2024-02-25 12:00:00,19990.7,11.66,5715.5
2024-02-25 13:00:00,19592.0,10.51,6849.0
2024-02-25 14:00:00,20715.7,13.82,6515.5
2024-02-25 15:00:00,23343.0,21.48,6280.0
2024-02-25 16:00:00,25440.8,40.41,5205.0
2024-02-25 17:00:00,27633.9,43.39,3236.0
2024-02-25 18:00:00,29323.9,50.34,4366.0
2024-02-25 19:00:00,27268.3,37.79,4073.5
2024-02-25 20:00:00,24926.2,31.81,3761.0
2024-02-25 21:00:00,22725.3,35.29,3910.5
2024-02-25 22:00:00,20322.1,27.12,3924.0
2024-02-25 23:00:00,18329.5,23.98,4370.5
2024-02-26 00:00:00,18003.8,28.3,4342.0
2024-02-26 01:00:00,17808.1,20.31,4714.0
2024-02-26 02:00:00,15837.3,18.34,4091.5
2024-02-26 03:00:00,14604.8,14.84,3067.0
2024-02-26 04:00:00,15652.8,18.76,3189.0
2024-02-26 05:00:00,18316.0,26.79,2291.0
2024-02-26 06:00:00,22575.9,36.04,2594.5
2024-02-26 07:00:00,26838.1,43.23,2829.5
2024-02-26 08:00:00,28113.2,32.8,4113.5
2024-02-26 09:00:00,28549.1,41.81,5259.0
2024-02-26 10:00:00,27258.3,29.23,6274.0
2024-02-26 11:00:00,24367.5,26.66,6882.0
2024-02-26 12:00:00,22479.6,13.12,6588.5
2024-02-26 13:00:00,22186.9,14.12,6614.0
2024-02-26 14:00:00,23444.1,20.42,6152.0
2024-02-26 15:00:00,25920.4,28.5,5176.0
2024-02-26 16:00:00,28781.3,40.85,4760.5
2024-02-26 17:00:00,31783.0,57.26,2688.0
2024-02-26 18:00:00,31445.8,59.18,2202.5
2024-02-26 19:00:00,31748.5,51.59,2440.5
2024-02-26 20:00:00,28740.5,47.15,1282.0
2024-02-26 21:00:00,26017.8,47.57,1094.5
2024-02-26 22:00:00,22740.7,32.15,1510.5
2024-02-26 23:00:00,21590.2,36.71,1639.5
2024-02-27 00:00:00,18568.5,27.65,1117.0
2024-02-27 01:00:00,17403.1,25.22,701.5
2024-02-27 02:00:00,15352.2,11.7,343.5
2024-02-27 03:00:00,14902.4,22.93,704.5
2024-02-27 04:00:00,15484.3,27.25,1032.5
2024-02-27 05:00:00,17846.5,22.51,946.5
2024-02-27 06:00:00,22580.4,39.59,485.5
2024-02-27 07:00:00,26672.7,48.22,670.5
2024-02-27 08:00:00,28814.5,44.03,1660.5
2024-02-27 09:00:00,28382.4,42.56,2782.0
2024-02-27 10:00:00,26527.7,38.22,3111.0
2024-02-27 11:00:00,24653.3,29.39,3621.5
2024-02-27 12:00:00,22948.5,25.79,3956.5
2024-02-27 13:00:00,21326.3,19.69,3931.0
2024-02-27 14:00:00,23401.1,30.33,3631.0
2024-02-27 15:00:00,25871.4,28.29,2691.5
2024-02-27 16:00:00,28093.5,47.34,1800.5
2024-02-27 17:00:00,31295.0,61.26,558.0
2024-02-27 18:00:00,32783.6,56.84,404.5
2024-02-27 19:00:00,30732.7,52.77,243.0
2024-02-27 20:00:00,28957.1,59.17,210.0
2024-02-27 21:00:00,25433.7,46.72,150.0
2024-02-27 22:00:00,22824.7,33.33,96.0
2024-02-27 23:00:00,21567.5,35.72,311.0
2024-02-28 00:00:00,18020.5,21.44,559.0
2024-02-28 01:00:00,17218.8,26.17,498.5
2024-02-28 02:00:00,15218.4,22.56,606.5
2024-02-28 03:00:00,15081.1,24.55,808.5
2024-02-28 04:00:00,15479.3,22.98,783.5
2024-02-28 05:00:00,18177.2,35.95,443.5
2024-02-28 06:00:00,22709.3,39.57,286.5
2024-02-28 07:00:00,25881.9,35.91,903.5
2024-02-28 08:00:00,28988.1,48.53,1913.0
2024-02-28 09:00:00,28077.7,41.48,2455.5
2024-02-28 10:00:00,26245.6,32.3,3555.0
2024-02-28 11:00:00,23864.1,31.28,3701.5
2024-02-28 12:00:00,22265.0,25.2,4213.0
2024-02-28 13:00:00,22443.4,19.89,3990.5
2024-02-28 14:00:00,23526.3,29.23,3292.0
2024-02-28 15:00:00,26103.6,41.37,3279.0
2024-02-28 16:00:00,28753.9,43.88,2902.5
2024-02-28 17:00:00,31388.6,46.98,2391.0
2024-02-28 18:00:00,31874.3,55.63,2368.5
2024-02-28 19:00:00,32181.5,53.9,2081.5
2024-02-28 20:00:00,28042.3,47.94,1472.0
2024-02-28 21:00:00,26190.0,40.97,953.5
2024-02-28 22:00:00,23453.3,39.72,1401.5
2024-02-28 23:00:00,20762.2,28.29,2323.0
2024-02-29 00:00:00,18714.1,31.17,1676.0
2024-02-29 01:00:00,17298.4,30.83,1509.0
2024-02-29 02:00:00,15833.6,23.19,1353.0
2024-02-29 03:00:00,14629.1,16.3,1157.0
2024-02-29 04:00:00,15240.2,19.59,591.0
2024-02-29 05:00:00,18110.0,30.27,238.5
2024-02-29 06:00:00,22572.2,40.27,226.5
2024-02-29 07:00:00,26907.8,44.83,421.0
2024-02-29 08:00:00,28466.3,45.13,1365.5
2024-02-29 09:00:00,27737.3,43.18,2219.0
2024-02-29 10:00:00,26563.9,39.57,2964.5
2024-02-29 11:00:00,24293.3,28.64,3323.5
2024-02-29 12:00:00,22606.4,26.48,3655.0
2024-02-29 13:00:00,22386.3,24.7,3318.0
2024-02-29 14:00:00,23264.2,29.12,3096.5
2024-02-29 15:00:00,25406.6,32.85,2320.0
2024-02-29 16:00:00,28289.6,47.04,1481.5
2024-02-29 17:00:00,30284.6,59.32,689.0
2024-02-29 18:00:00,32083.8,59.59,630.5
2024-02-29 19:00:00,30998.5,57.61,595.0
2024-02-29 20:00:00,28434.2,46.46,717.5
2024-02-29 21:00:00,24483.3,43.02,871.0
2024-02-29 22:00:00,22477.5,29.22,644.0
2024-02-29 23:00:00,21314.2,38.03,703.0
2024-03-01 00:00:00,17868.3,34.1,695.5
2024-03-01 01:00:00,17079.0,24.62,485.5
2024-03-01 02:00:00,15229.9,22.02,455.5
2024-03-01 03:00:00,14888.8,25.57,816.0
2024-03-01 04:00:00,15206.2,18.72,836.5
2024-03-01 05:00:00,18185.4,29.4,1314.5
2024-03-01 06:00:00,23146.3,34.64,1342.5
2024-03-01 07:00:00,26863.7,45.94,2035.0
2024-03-01 08:00:00,28164.5,40.02,3553.5
2024-03-01 09:00:00,27778.8,25.48,4045.5
2024-03-01 10:00:00,26024.4,27.02,4610.5
2024-03-01 11:00:00,24065.2,22.25,6110.5
2024-03-01 12:00:00,22276.9,26.3,6277.5
2024-03-01 13:00:00,21934.3,16.76,6300.5
2024-03-01 14:00:00,23793.8,20.3,5943.0
2024-03-01 15:00:00,25636.0,31.62,5262.5
2024-03-01 16:00:00,29552.9,29.12,4449.5
2024-03-01 17:00:00,30985.0,54.37,3529.0
2024-03-01 18:00:00,32717.1,56.47,3251.5
2024-03-01 19:00:00,31099.9,48.28,3289.0
2024-03-01 20:00:00,28939.9,49.14,3174.0
2024-03-01 21:00:00,25256.3,39.71,3141.0
2024-03-01 22:00:00,22537.5,31.48,3470.0
2024-03-01 23:00:00,21036.1,31.45,3345.0
2024-03-02 00:00:00,15881.3,18.12,3266.0
2024-03-02 01:00:00,14738.1,16.63,3348.0
2024-03-02 02:00:00,14000.0,17.03,3192.0
2024-03-02 03:00:00,14000.0,13.21,3147.5
2024-03-02 04:00:00,14000.0,14.49,3039.0
2024-03-02 05:00:00,15283.6,12.8,3041.5
2024-03-02 06:00:00,19425.0,21.07,3013.5
2024-03-02 07:00:00,23159.3,25.84,3309.0
2024-03-02 08:00:00,24528.7,33.18,4264.5
2024-03-02 09:00:00,23478.7,24.0,5206.5
2024-03-02 10:00:00,22611.1,16.0,5785.0
2024-03-02 11:00:00,20657.4,13.64,6198.0
2024-03-02 12:00:00,19954.6,8.25,6395.0
2024-03-02 13:00:00,18714.0,12.34,6051.5
2024-03-02 14:00:00,20068.5,19.64,5798.5
2024-03-02 15:00:00,22836.3,29.55,5205.5
2024-03-02 16:00:00,24937.5,34.11,3146.0
2024-03-02 17:00:00,27056.7,40.98,3017.0
2024-03-02 18:00:00,27675.9,36.97,2649.5
2024-03-02 19:00:00,26955.1,36.05,3057.5
2024-03-02 20:00:00,25024.4,44.48,2706.0
2024-03-02 21:00:00,21871.0,33.81,2310.0
2024-03-02 22:00:00,20056.0,36.28,1220.0
2024-03-02 23:00:00,17741.9,18.24,1478.5
2024-03-03 00:00:00,15673.1,20.1,2138.5
2024-03-03 01:00:00,14718.7,10.49,2445.0
2024-03-03 02:00:00,14000.0,8.61,1753.5
2024-03-03 03:00:00,14000.0,14.79,1357.0
2024-03-03 04:00:00,14000.0,27.44,768.5
2024-03-03 05:00:00,15395.2,18.93,959.0
2024-03-03 06:00:00,19224.9,33.65,1894.5
2024-03-03 07:00:00,22321.9,31.22,2617.0
2024-03-03 08:00:00,24568.9,37.28,3648.0
2024-03-03 09:00:00,23802.6,29.24,4558.5
2024-03-03 10:00:00,22840.5,23.14,6662.0
2024-03-03 11:00:00,20272.1,9.16,6763.5
2024-03-03 12:00:00,19117.0,8.91,7227.0
2024-03-03 13:00:00,18888.8,8.4,6935.5
2024-03-03 14:00:00,20518.4,26.27,5401.0
2024-03-03 15:00:00,22301.1,26.38,4774.5
2024-03-03 16:00:00,24608.0,33.06,2955.5
2024-03-03 17:00:00,26939.1,50.53,2639.0
2024-03-03 18:00:00,26664.5,54.34,1212.0
2024-03-03 19:00:00,26714.2,42.8,1238.5
2024-03-03 20:00:00,25390.8,43.38,1482.0
2024-03-03 21:00:00,22108.7,34.0,1345.0
2024-03-03 22:00:00,19748.3,23.71,1500.5
2024-03-03 23:00:00,18202.1,28.69,1095.0
2024-03-04 00:00:00,18105.5,12.94,2024.5
2024-03-04 01:00:00,16311.3,23.92,1272.0
2024-03-04 02:00:00,15008.3,21.77,726.5
2024-03-04 03:00:00,14472.2,19.88,1071.0
2024-03-04 04:00:00,14923.1,19.74,1286.5
2024-03-04 05:00:00,18276.0,25.22,1595.5
2024-03-04 06:00:00,22034.9,27.31,1801.5
2024-03-04 07:00:00,25245.8,32.3,2713.5
2024-03-04 08:00:00,27475.4,37.26,4054.0
2024-03-04 09:00:00,26600.1,32.0,4501.0
2024-03-04 10:00:00,25796.4,30.38,5330.0
2024-03-04 11:00:00,23573.8,14.13,7778.0
2024-03-04 12:00:00,21945.5,9.99,6849.5
2024-03-04 13:00:00,22195.1,14.79,6384.0
2024-03-04 14:00:00,23460.0,12.72,5151.0
2024-03-04 15:00:00,25354.9,29.33,4878.0
2024-03-04 16:00:00,27372.8,40.5,3566.0
2024-03-04 17:00:00,30913.2,57.65,1733.5
2024-03-04 18:00:00,31803.9,56.84,1482.0
2024-03-04 19:00:00,30763.0,47.25,2196.5
2024-03-04 20:00:00,28654.7,44.43,2301.5
2024-03-04 21:00:00,24833.7,40.01,1601.5
2024-03-04 22:00:00,23279.6,33.87,1931.0
2024-03-04 23:00:00,20382.8,23.63,2973.0
2024-03-05 00:00:00,18004.1,23.37,1852.0
2024-03-05 01:00:00,16333.1,26.41,1881.5
2024-03-05 02:00:00,15129.7,21.83,1667.5
2024-03-05 03:00:00,14704.0,22.49,1886.5
2024-03-05 04:00:00,14974.0,15.05,2420.0
2024-03-05 05:00:00,18086.5,29.15,3135.0
2024-03-05 06:00:00,22141.7,30.65,4428.0
2024-03-05 07:00:00,25869.9,37.83,4240.0
2024-03-05 08:00:00,28482.6,37.84,4393.0
2024-03-05 09:00:00,27550.7,22.3,5167.5
2024-03-05 10:00:00,25109.0,25.72,7445.0
2024-03-05 11:00:00,23275.3,16.65,7759.5
2024-03-05 12:00:00,22192.1,5.19,9485.5
2024-03-05 13:00:00,21895.6,17.72,9402.5
2024-03-05 14:00:00,22426.4,12.34,8736.0
2024-03-05 15:00:00,25057.1,21.14,7374.0
2024-03-05 16:00:00,27934.9,29.31,6131.0
2024-03-05 17:00:00,30356.7,42.85,4264.0
2024-03-05 18:00:00,30783.7,42.59,3474.0
2024-03-05 19:00:00,30227.8,47.32,2986.5
2024-03-05 20:00:00,27834.1,45.38,2156.0
2024-03-05 21:00:00,25479.7,43.33,2139.5
2024-03-05 22:00:00,22794.2,27.87,2069.0
2024-03-05 23:00:00,20564.1,26.89,2336.5
2024-03-06 00:00:00,17637.8,21.32,1202.0
2024-03-06 01:00:00,16734.1,27.1,1827.0
2024-03-06 02:00:00,15103.2,22.63,1860.0
2024-03-06 03:00:00,14080.6,10.23,1576.5
2024-03-06 04:00:00,14769.4,19.64,1050.5
2024-03-06 05:00:00,17630.0,33.09,861.5
2024-03-06 06:00:00,21603.0,38.57,896.5
2024-03-06 07:00:00,25883.5,40.72,1374.0
2024-03-06 08:00:00,28119.1,43.4,2540.0
2024-03-06 09:00:00,26896.9,38.17,3292.0
2024-03-06 10:00:00,25718.2,35.75,4350.0
2024-03-06 11:00:00,23399.9,20.81,4450.0
2024-03-06 12:00:00,22046.0,25.57,4399.0
2024-03-06 13:00:00,21686.6,15.99,4778.5
2024-03-06 14:00:00,22387.5,17.31,5008.0
2024-03-06 15:00:00,24766.3,29.08,3612.5
2024-03-06 16:00:00,28095.4,42.27,2432.5
2024-03-06 17:00:00,30887.5,53.0,2682.5
2024-03-06 18:00:00,30283.0,50.94,2025.5
2024-03-06 19:00:00,30567.1,48.77,2514.0
2024-03-06 20:00:00,28544.4,43.02,2533.0
2024-03-06 21:00:00,25043.1,42.39,2233.0
2024-03-06 22:00:00,22627.8,35.23,2122.0
2024-03-06 23:00:00,20321.0,31.57,2067.0
2024-03-07 00:00:00,17648.4,26.15,2175.0
2024-03-07 01:00:00,16236.0,30.52,681.0
2024-03-07 02:00:00,14701.2,26.5,510.0
2024-03-07 03:00:00,14478.8,24.26,615.5
2024-03-07 04:00:00,14707.7,21.18,510.5
2024-03-07 05:00:00,17616.0,22.17,690.0
2024-03-07 06:00:00,21454.1,33.25,850.5
2024-03-07 07:00:00,25186.2,40.48,1270.5
2024-03-07 08:00:00,27645.1,38.25,2405.0
2024-03-07 09:00:00,27155.9,39.03,3210.5
2024-03-07 10:00:00,25763.8,29.38,4314.5
2024-03-07 11:00:00,23554.1,20.06,4313.5
2024-03-07 12:00:00,21962.1,26.22,4380.0
2024-03-07 13:00:00,21692.3,21.3,4422.0
2024-03-07 14:00:00,23346.2,26.59,3547.5
2024-03-07 15:00:00,24753.2,36.53,2823.5
2024-03-07 16:00:00,27961.6,39.84,1848.0
2024-03-07 17:00:00,30826.6,51.25,752.5
2024-03-07 18:00:00,31805.8,57.24,22.0
2024-03-07 19:00:00,29656.8,56.47,4.0
2024-03-07 20:00:00,27814.9,51.72,37.5
2024-03-07 21:00:00,25522.5,58.7,15.5
2024-03-07 22:00:00,22534.5,35.23,8.0
2024-03-07 23:00:00,20525.7,35.42,21.5
2024-03-08 00:00:00,17560.2,27.76,0.0
2024-03-08 01:00:00,16486.5,28.48,0.0
2024-03-08 02:00:00,15248.9,27.67,0.0
2024-03-08 03:00:00,14172.7,22.73,6.0
2024-03-08 04:00:00,14866.1,24.75,7.0
2024-03-08 05:00:00,17695.5,27.45,97.5
2024-03-08 06:00:00,21610.4,44.14,51.5
2024-03-08 07:00:00,25844.3,41.27,847.5
2024-03-08 08:00:00,28827.0,32.38,1715.0
2024-03-08 09:00:00,26630.4,34.74,2543.5
2024-03-08 10:00:00,25652.3,41.89,3335.5
2024-03-08 11:00:00,23046.9,20.49,3503.5
2024-03-08 12:00:00,21968.5,24.46,3615.0
2024-03-08 13:00:00,21553.8,17.87,3839.0
2024-03-08 14:00:00,22985.7,28.25,3350.5
2024-03-08 15:00:00,25509.4,38.99,2805.5
2024-03-08 16:00:00,27966.5,40.8,2202.5
2024-03-08 17:00:00,30717.7,58.29,1084.5
2024-03-08 18:00:00,30009.9,58.21,647.0
2024-03-08 19:00:00,30916.6,57.38,420.5
2024-03-08 20:00:00,28004.0,50.08,200.5
2024-03-08 21:00:00,25327.7,43.78,227.0
2024-03-08 22:00:00,21877.5,34.03,234.5
2024-03-08 23:00:00,20139.5,29.43,70.5
2024-03-09 00:00:00,15306.4,26.34,123.0
2024-03-09 01:00:00,14371.4,23.26,173.0
2024-03-09 02:00:00,14000.0,23.02,57.5
2024-03-09 03:00:00,14000.0,25.5,68.0
2024-03-09 04:00:00,14000.0,21.2,48.5
2024-03-09 05:00:00,15546.2,30.13,64.0
2024-03-09 06:00:00,18929.2,24.85,24.5
2024-03-09 07:00:00,22159.4,43.47,636.0
2024-03-09 08:00:00,23415.4,34.05,1685.5
2024-03-09 09:00:00,23897.3,29.04,2457.5
2024-03-09 10:00:00,21329.3,22.54,3346.0
2024-03-09 11:00:00,20406.7,26.41,3544.0
2024-03-09 12:00:00,18458.6,12.95,3602.0
2024-03-09 13:00:00,18687.2,15.75,3884.0
2024-03-09 14:00:00,19666.2,16.09,3041.5
2024-03-09 15:00:00,22112.4,30.02,2377.0
2024-03-09 16:00:00,24109.9,41.25,1583.0
2024-03-09 17:00:00,25912.2,44.64,776.5
2024-03-09 18:00:00,26759.2,46.46,104.0
2024-03-09 19:00:00,26677.2,46.19,53.0
2024-03-09 20:00:00,24335.3,43.44,63.5
2024-03-09 21:00:00,21482.5,39.35,28.5
2024-03-09 22:00:00,19250.8,36.04,16.5
2024-03-09 23:00:00,17263.9,23.87,5.5
2024-03-10 00:00:00,15307.1,22.08,14.5
2024-03-10 01:00:00,14000.0,27.43,25.0
2024-03-10 02:00:00,14000.0,23.43,29.5
2024-03-10 03:00:00,14000.0,22.01,6.5
2024-03-10 04:00:00,14000.0,24.69,1.0
2024-03-10 05:00:00,15015.6,13.71,0.0
2024-03-10 06:00:00,18830.1,34.35,8.5
2024-03-10 07:00:00,22745.3,47.95,564.0
2024-03-10 08:00:00,24284.5,36.67,1535.5
2024-03-10 09:00:00,23386.8,32.63,2197.5
2024-03-10 10:00:00,22125.7,24.8,2858.5
2024-03-10 11:00:00,20138.4,16.36,3234.0
2024-03-10 12:00:00,18893.3,15.76,3202.5
2024-03-10 13:00:00,18410.4,20.49,3282.0
2024-03-10 14:00:00,19604.7,23.04,3021.5
2024-03-10 15:00:00,21134.4,23.17,2334.0
2024-03-10 16:00:00,24137.1,33.32,1768.5
2024-03-10 17:00:00,26267.4,39.67,1740.0
2024-03-10 18:00:00,26776.1,45.96,1414.5
2024-03-10 19:00:00,25451.9,42.11,1193.0
2024-03-10 20:00:00,24411.5,41.55,675.5
2024-03-10 21:00:00,21648.0,32.22,348.0
2024-03-10 22:00:00,19040.6,38.39,197.0
2024-03-10 23:00:00,17542.1,29.84,120.5
2024-03-11 00:00:00,17037.1,70.96,146.0
2024-03-11 01:00:00,16152.4,45.2,78.0
2024-03-11 02:00:00,14899.9,51.43,81.5
2024-03-11 03:00:00,14333.9,79.49,21.5
2024-03-11 04:00:00,14575.5,83.07,48.5
2024-03-11 05:00:00,17653.7,76.04,100.0
2024-03-11 06:00:00,21424.8,76.78,103.0
2024-03-11 07:00:00,25460.0,82.93,827.0
2024-03-11 08:00:00,27266.5,57.7,1879.0
2024-03-11 09:00:00,27421.7,70.69,2934.0
2024-03-11 10:00:00,25052.8,67.25,3733.0
2024-03-11 11:00:00,22519.6,60.45,4025.5
2024-03-11 12:00:00,21100.5,44.38,4154.0
2024-03-11 13:00:00,21138.6,61.73,4006.5
2024-03-11 14:00:00,22062.0,51.84,3569.0
2024-03-11 15:00:00,24952.1,82.16,2913.5
2024-03-11 16:00:00,27395.3,86.98,2318.0
2024-03-11 17:00:00,30946.4,86.25,1202.5
2024-03-11 18:00:00,29969.2,101.15,730.0
2024-03-11 19:00:00,29964.8,113.47,1127.5
2024-03-11 20:00:00,27083.6,93.86,1233.0
2024-03-11 21:00:00,24475.9,79.54,633.0
2024-03-11 22:00:00,22093.9,66.8,744.5
2024-03-11 23:00:00,19472.0,63.36,1041.0
2024-03-12 00:00:00,17428.0,29.62,1248.5
2024-03-12 01:00:00,16811.9,18.73,1582.5
2024-03-12 02:00:00,14864.9,26.39,1363.0
2024-03-12 03:00:00,14078.3,21.54,1700.0
2024-03-12 04:00:00,14888.8,17.65,1301.5
2024-03-12 05:00:00,17379.6,30.97,1939.5
2024-03-12 06:00:00,21333.4,35.56,1680.5
2024-03-12 07:00:00,24411.1,33.79,3281.0
2024-03-12 08:00:00,27487.3,37.63,3863.0
2024-03-12 09:00:00,26923.5,22.25,5523.5
2024-03-12 10:00:00,24781.7,16.8,6474.5
2024-03-12 11:00:00,23023.8,19.8,7064.5
2024-03-12 12:00:00,21281.1,12.83,7419.5
2024-03-12 13:00:00,21063.1,17.53,7468.0
2024-03-12 14:00:00,22605.5,16.26,7702.5
2024-03-12 15:00:00,24213.6,18.33,6330.5
2024-03-12 16:00:00,27920.0,29.69,5899.5
2024-03-12 17:00:00,29149.6,39.85,3870.5
2024-03-12 18:00:00,30355.1,46.91,3044.0
2024-03-12 19:00:00,30623.9,50.88,2899.5
2024-03-12 20:00:00,27914.2,49.49,2917.5
2024-03-12 21:00:00,24605.1,39.32,3330.0
2024-03-12 22:00:00,21657.4,34.53,3931.5
2024-03-12 23:00:00,19943.0,26.18,4478.5
2024-03-13 00:00:00,17322.1,18.2,4007.0
2024-03-13 01:00:00,16294.9,14.22,2942.5
2024-03-13 02:00:00,14891.8,21.11,2291.5
2024-03-13 03:00:00,14000.0,14.04,3314.5
2024-03-13 04:00:00,14563.0,19.05,3267.0
2024-03-13 05:00:00,16983.5,19.75,2562.0
2024-03-13 06:00:00,21276.5,38.38,2456.5
2024-03-13 07:00:00,25527.2,42.01,4019.5
2024-03-13 08:00:00,26569.6,28.6,5048.5
2024-03-13 09:00:00,26794.6,28.06,6844.0
2024-03-13 10:00:00,24764.0,12.14,7712.5
2024-03-13 11:00:00,22934.7,12.71,7048.0
2024-03-13 12:00:00,21266.2,9.4,6850.0
2024-03-13 13:00:00,21622.9,11.61,6696.5
2024-03-13 14:00:00,22489.8,17.24,5799.0
2024-03-13 15:00:00,24135.2,23.24,4345.0
2024-03-13 16:00:00,27663.8,38.7,3351.0
2024-03-13 17:00:00,29320.6,39.66,2530.0
2024-03-13 18:00:00,30283.8,56.97,1329.5
2024-03-13 19:00:00,29796.5,48.28,869.0
2024-03-13 20:00:00,27148.2,45.61,1306.5
2024-03-13 21:00:00,24807.5,40.26,975.5
2024-03-13 22:00:00,21633.0,39.33,1151.5
2024-03-13 23:00:00,19843.4,27.5,2281.0
2024-03-14 00:00:00,17070.0,28.72,2500.0
2024-03-14 01:00:00,16088.4,22.37,2342.0
2024-03-14 02:00:00,15102.5,15.17,2200.5
2024-03-14 03:00:00,14052.6,14.34,2988.5
2024-03-14 04:00:00,14929.8,16.25,3294.0
2024-03-14 05:00:00,17883.7,26.04,3143.0
2024-03-14 06:00:00,21033.7,31.5,2559.5
2024-03-14 07:00:00,25116.0,35.39,2957.5
2024-03-14 08:00:00,26550.1,29.61,4714.5
2024-03-14 09:00:00,26460.3,28.74,6307.5
2024-03-14 10:00:00,24744.3,18.54,7036.5
2024-03-14 11:00:00,22450.8,12.19,7012.5
2024-03-14 12:00:00,20976.2,7.56,7128.0
2024-03-14 13:00:00,21031.0,15.86,7335.0
2024-03-14 14:00:00,21832.5,7.41,7309.5
2024-03-14 15:00:00,24839.3,24.97,6574.0
2024-03-14 16:00:00,26912.0,32.01,5475.5
2024-03-14 17:00:00,30802.3,45.31,3239.5
2024-03-14 18:00:00,30230.2,45.02,3549.5
2024-03-14 19:00:00,29580.2,47.41,3229.5
2024-03-14 20:00:00,26720.3,38.98,3272.5
2024-03-14 21:00:00,25014.1,35.15,3314.0
2024-03-14 22:00:00,22173.2,37.16,2655.0
2024-03-14 23:00:00,20044.9,29.15,2046.0
2024-03-15 00:00:00,16829.2,24.5,1368.0
2024-03-15 01:00:00,16217.4,20.75,924.5
2024-03-15 02:00:00,14553.7,25.35,662.5
2024-03-15 03:00:00,14174.3,25.23,793.5
2024-03-15 04:00:00,14678.8,21.44,1094.5
2024-03-15 05:00:00,17256.4,32.37,888.5
2024-03-15 06:00:00,20507.4,31.49,617.5
2024-03-15 07:00:00,24628.3,43.25,1201.0
2024-03-15 08:00:00,27205.2,39.37,2019.5
2024-03-15 09:00:00,27159.2,34.83,3033.0
2024-03-15 10:00:00,25302.5,35.02,4000.0
2024-03-15 11:00:00,22185.7,19.82,4367.5
2024-03-15 12:00:00,21330.0,14.22,4721.5
2024-03-15 13:00:00,21318.8,10.7,4804.5
2024-03-15 14:00:00,21605.3,20.77,4427.0
2024-03-15 15:00:00,24436.2,25.46,3632.5
2024-03-15 16:00:00,27298.8,47.91,2698.5
2024-03-15 17:00:00,29314.9,54.67,2040.0
2024-03-15 18:00:00,29481.6,37.28,1923.0
2024-03-15 19:00:00,29295.6,55.18,2479.5
2024-03-15 20:00:00,27016.1,39.6,2787.0
2024-03-15 21:00:00,24246.1,42.1,2893.0
2024-03-15 22:00:00,21543.1,37.85,1828.0
2024-03-15 23:00:00,19750.4,36.55,1220.5
2024-03-16 00:00:00,14879.1,27.87,1396.5
2024-03-16 01:00:00,14105.6,14.07,1279.0
2024-03-16 02:00:00,14000.0,14.34,1269.5
2024-03-16 03:00:00,14000.0,21.76,1445.5
2024-03-16 04:00:00,14000.0,17.72,1976.5
2024-03-16 05:00:00,14505.7,22.27,1441.5
2024-03-16 06:00:00,18581.7,26.57,1418.0
2024-03-16 07:00:00,21666.7,36.57,1362.0
2024-03-16 08:00:00,23354.0,27.33,2168.0
2024-03-16 09:00:00,23453.6,37.32,3207.0
2024-03-16 10:00:00,20940.8,32.15,3642.5
2024-03-16 11:00:00,19117.3,8.7,3902.0
2024-03-16 12:00:00,18480.7,20.25,4285.5
2024-03-16 13:00:00,18199.5,8.56,3539.0
2024-03-16 14:00:00,19253.8,18.66,4530.0
2024-03-16 15:00:00,21036.4,19.09,3622.5
2024-03-16 16:00:00,23800.1,33.78,3105.5
2024-03-16 17:00:00,25881.8,33.56,2722.5
2024-03-16 18:00:00,26475.1,43.29,2863.5
2024-03-16 19:00:00,25417.6,38.03,3123.0
2024-03-16 20:00:00,22788.5,30.38,3979.0
2024-03-16 21:00:00,21305.8,32.78,2604.0
2024-03-16 22:00:00,19177.4,19.79,2529.5
2024-03-16 23:00:00,17400.3,27.46,1755.0
2024-03-17 00:00:00,14636.8,18.51,1386.5
2024-03-17 01:00:00,14101.6,12.1,1429.5
2024-03-17 02:00:00,14000.0,21.73,1202.5
2024-03-17 03:00:00,14000.0,15.58,1527.5
2024-03-17 04:00:00,14000.0,17.02,1980.0
2024-03-17 05:00:00,14829.9,18.78,2731.0
2024-03-17 06:00:00,18587.0,24.74,2858.0
2024-03-17 07:00:00,21604.9,28.14,3478.5
2024-03-17 08:00:00,22863.5,29.77,4322.5
2024-03-17 09:00:00,23177.6,24.06,4805.5
2024-03-17 10:00:00,21679.0,24.96,5064.5
2024-03-17 11:00:00,19653.1,20.38,4887.5
2024-03-17 12:00:00,18397.0,11.0,4589.5
2024-03-17 13:00:00,18063.3,12.01,3893.0
2024-03-17 14:00:00,19557.5,22.0,3384.0
2024-03-17 15:00:00,20819.3,31.07,3179.5
2024-03-17 16:00:00,23270.7,37.02,2302.5
2024-03-17 17:00:00,25433.9,37.76,1022.5
2024-03-17 18:00:00,26531.7,45.33,555.5
2024-03-17 19:00:00,24851.4,39.72,493.0
2024-03-17 20:00:00,22984.1,46.15,137.5
2024-03-17 21:00:00,20343.0,36.11,184.0
2024-03-17 22:00:00,18771.4,26.63,277.0
2024-03-17 23:00:00,16881.6,23.9,815.5
2024-03-18 00:00:00,16887.2,21.49,954.0
2024-03-18 01:00:00,16145.1,21.32,1382.0
2024-03-18 02:00:00,14497.3,20.39,2113.5
2024-03-18 03:00:00,14000.0,15.78,1439.0
2024-03-18 04:00:00,14277.1,18.99,1612.0
2024-03-18 05:00:00,17211.8,25.14,2052.0
2024-03-18 06:00:00,21198.6,22.97,2629.5
2024-03-18 07:00:00,24462.5,28.61,2659.0
2024-03-18 08:00:00,26560.6,33.7,3907.5
2024-03-18 09:00:00,26790.2,26.76,5796.5
2024-03-18 10:00:00,24756.8,25.25,6313.0
2024-03-18 11:00:00,22004.7,14.06,7085.5
2024-03-18 12:00:00,21204.3,16.78,6870.0
2024-03-18 13:00:00,20427.6,15.87,6394.5
2024-03-18 14:00:00,22374.3,23.09,5834.5
2024-03-18 15:00:00,24538.5,24.7,5139.5
2024-03-18 16:00:00,27001.7,34.26,4513.0
2024-03-18 17:00:00,29188.9,52.45,3494.5
2024-03-18 18:00:00,29892.8,44.78,2666.0
2024-03-18 19:00:00,29408.3,50.8,2746.0
2024-03-18 20:00:00,26698.1,46.39,2818.5
2024-03-18 21:00:00,24114.7,38.01,3156.0
2024-03-18 22:00:00,21766.1,32.6,4222.0
2024-03-18 23:00:00,19495.7,24.57,3987.5
2024-03-19 00:00:00,16765.0,21.37,3745.5
2024-03-19 01:00:00,15641.2,16.82,4268.5
2024-03-19 02:00:00,14350.3,8.27,3786.0
2024-03-19 03:00:00,14000.0,14.0,3089.0
2024-03-19 04:00:00,14444.1,9.29,3172.0
2024-03-19 05:00:00,17436.7,25.49,2754.5
2024-03-19 06:00:00,21417.9,32.88,2398.5
2024-03-19 07:00:00,24025.6,37.45,3124.5
2024-03-19 08:00:00,26816.4,31.63,3490.0
2024-03-19 09:00:00,26838.8,33.02,4206.5
2024-03-19 10:00:00,24351.2,25.98,4491.0
2024-03-19 11:00:00,22425.4,26.48,5726.0
2024-03-19 12:00:00,20288.9,14.52,5056.5
2024-03-19 13:00:00,20770.2,12.19,5781.0
2024-03-19 14:00:00,21479.5,16.22,6009.0
2024-03-19 15:00:00,24148.6,32.59,4934.5
2024-03-19 16:00:00,26156.6,37.93,3659.0
2024-03-19 17:00:00,29247.1,48.88,2355.0
2024-03-19 18:00:00,30333.4,50.6,1960.0
2024-03-19 19:00:00,28661.9,46.33,2351.0
2024-03-19 20:00:00,26290.5,47.48,2853.5
2024-03-19 21:00:00,23165.4,33.15,2730.5
2024-03-19 22:00:00,21318.9,28.54,2923.5
2024-03-19 23:00:00,19416.7,19.24,3089.0
2024-03-20 00:00:00,16465.4,13.44,3139.5
2024-03-20 01:00:00,15974.3,22.99,3489.5
2024-03-20 02:00:00,14430.1,5.63,3888.0
2024-03-20 03:00:00,14000.0,19.82,3974.5
2024-03-20 04:00:00,14115.4,12.65,3769.5
2024-03-20 05:00:00,17183.8,21.87,3699.5
2024-03-20 06:00:00,21079.4,32.5,3917.5
2024-03-20 07:00:00,24485.5,26.64,5629.0
2024-03-20 08:00:00,26673.4,32.42,6436.5
2024-03-20 09:00:00,25723.3,18.81,7726.5
2024-03-20 10:00:00,24438.6,14.53,8615.5
2024-03-20 11:00:00,22356.2,15.66,7766.0
2024-03-20 12:00:00,20693.2,12.82,7258.5
2024-03-20 13:00:00,20744.0,11.7,7784.0
2024-03-20 14:00:00,21490.9,20.24,7139.0
2024-03-20 15:00:00,24169.2,23.24,6044.5
2024-03-20 16:00:00,26903.7,38.65,5767.5
2024-03-20 17:00:00,27636.9,41.38,3135.5
2024-03-20 18:00:00,30293.0,51.59,3125.0
2024-03-20 19:00:00,27572.5,46.74,2971.5
2024-03-20 20:00:00,26399.5,39.46,2788.0
2024-03-20 21:00:00,24216.1,38.29,2593.0
2024-03-20 22:00:00,21222.2,25.08,2563.5
2024-03-20 23:00:00,19084.5,28.37,1983.5
2024-03-21 00:00:00,16518.3,21.34,2689.0
2024-03-21 01:00:00,16049.9,21.66,3001.0
2024-03-21 02:00:00,14056.0,14.95,2877.5
2024-03-21 03:00:00,14000.0,24.92,1894.0
2024-03-21 04:00:00,14168.2,12.35,1081.5
2024-03-21 05:00:00,16546.7,18.94,1369.0
2024-03-21 06:00:00,20629.4,27.57,1738.0
2024-03-21 07:00:00,24067.6,35.97,2053.0
2024-03-21 08:00:00,26670.0,34.71,2800.0
2024-03-21 09:00:00,26366.6,30.52,2943.0
2024-03-21 10:00:00,23706.8,24.99,3653.5
2024-03-21 11:00:00,22087.9,16.54,3920.0
2024-03-21 12:00:00,20492.4,19.66,4108.5
2024-03-21 13:00:00,20929.8,20.66,4112.0
2024-03-21 14:00:00,21224.5,16.63,3697.5
2024-03-21 15:00:00,24470.0,34.96,3057.5
2024-03-21 16:00:00,26568.6,33.5,2261.0
2024-03-21 17:00:00,28290.3,43.91,1452.0
2024-03-21 18:00:00,29347.8,52.89,766.0
2024-03-21 19:00:00,28437.9,49.09,1383.5
2024-03-21 20:00:00,26037.4,37.39,1297.0
2024-03-21 21:00:00,23792.9,42.29,737.0
2024-03-21 22:00:00,20851.7,34.01,750.0
2024-03-21 23:00:00,18804.1,38.67,371.5
2024-03-22 00:00:00,16634.7,28.92,245.0
2024-03-22 01:00:00,15320.6,30.02,158.5
2024-03-22 02:00:00,14255.6,17.78,94.5
2024-03-22 03:00:00,14000.0,14.51,123.5
2024-03-22 04:00:00,14000.0,26.53,208.0
2024-03-22 05:00:00,17287.8,28.92,402.5
2024-03-22 06:00:00,20749.9,42.73,178.5
2024-03-22 07:00:00,24437.3,43.14,1247.5
2024-03-22 08:00:00,25529.1,41.98,2015.5
2024-03-22 09:00:00,25726.2,36.46,2756.0
2024-03-22 10:00:00,24320.2,25.11,3471.0
2024-03-22 11:00:00,21797.9,18.36,3516.5
2024-03-22 12:00:00,20964.1,11.92,3736.5
2024-03-22 13:00:00,20084.5,16.23,3876.5
2024-03-22 14:00:00,21488.2,23.29,3347.0
2024-03-22 15:00:00,23595.0,28.42,3221.0
2024-03-22 16:00:00,26546.2,38.57,2531.5
2024-03-22 17:00:00,28407.3,34.84,2719.5
2024-03-22 18:00:00,29416.4,51.1,1598.5
2024-03-22 19:00:00,28573.1,55.06,1601.5
2024-03-22 20:00:00,26152.8,39.21,2081.5
2024-03-22 21:00:00,23841.1,31.31,2251.0
2024-03-22 22:00:00,21238.0,26.11,1845.5
2024-03-22 23:00:00,19340.3,24.32,2684.5
2024-03-23 00:00:00,14406.0,18.32,1121.5
2024-03-23 01:00:00,14000.0,19.86,1106.0
2024-03-23 02:00:00,14000.0,22.1,1200.5
2024-03-23 03:00:00,14000.0,16.03,621.5
2024-03-23 04:00:00,14000.0,17.63,752.5
2024-03-23 05:00:00,14916.7,15.13,615.0
2024-03-23 06:00:00,17607.2,29.93,538.5
2024-03-23 07:00:00,21345.5,28.92,1595.0
2024-03-23 08:00:00,22085.9,25.81,3065.0
2024-03-23 09:00:00,22590.8,29.01,4150.0
2024-03-23 10:00:00,21506.5,19.84,4192.0
2024-03-23 11:00:00,19327.4,21.06,4467.5
2024-03-23 12:00:00,17971.0,14.28,4449.5
2024-03-23 13:00:00,17577.7,8.94,4301.5
2024-03-23 14:00:00,18712.6,9.77,4013.0
2024-03-23 15:00:00,20552.8,20.09,3358.5
2024-03-23 16:00:00,22680.1,33.37,2487.5
2024-03-23 17:00:00,24750.9,32.41,1372.5
2024-03-23 18:00:00,25674.9,42.46,272.5
2024-03-23 19:00:00,24565.9,39.89,76.5
2024-03-23 20:00:00,22641.6,37.24,231.5
2024-03-23 21:00:00,20094.9,35.68,69.0
2024-03-23 22:00:00,18448.6,31.33,99.0
2024-03-23 23:00:00,16921.5,28.06,86.0
2024-03-24 00:00:00,14494.4,16.45,47.0
2024-03-24 01:00:00,14000.0,24.17,84.5
2024-03-24 02:00:00,14000.0,25.23,157.0
2024-03-24 03:00:00,14000.0,20.18,92.5
2024-03-24 04:00:00,14000.0,17.6,9.5
2024-03-24 05:00:00,14471.0,25.56,110.5
2024-03-24 06:00:00,17757.3,33.87,306.0
2024-03-24 07:00:00,21719.4,32.89,1612.0
2024-03-24 08:00:00,22491.0,26.07,2495.5
2024-03-24 09:00:00,22207.3,19.82,3582.5
2024-03-24 10:00:00,21066.1,20.47,4410.5
2024-03-24 11:00:00,19185.7,7.29,4420.0
2024-03-24 12:00:00,17480.4,4.45,4373.5
2024-03-24 13:00:00,17956.4,11.39,4858.5
2024-03-24 14:00:00,18606.1,20.52,4297.5
2024-03-24 15:00:00,20209.5,24.47,3774.0
2024-03-24 16:00:00,23270.6,32.12,2544.0
2024-03-24 17:00:00,24996.4,28.95,1865.5
2024-03-24 18:00:00,25017.3,32.14,814.0
2024-03-24 19:00:00,25416.9,42.11,1206.5
2024-03-24 20:00:00,23056.8,45.11,1295.5
2024-03-24 21:00:00,20431.9,28.45,1292.5
2024-03-24 22:00:00,18706.8,32.66,1070.0
2024-03-24 23:00:00,16760.1,26.73,840.0
2024-03-25 00:00:00,16532.0,23.14,555.0
2024-03-25 01:00:00,15412.4,21.87,368.5
2024-03-25 02:00:00,14378.0,13.98,543.5
2024-03-25 03:00:00,14000.0,22.47,371.0
2024-03-25 04:00:00,14000.0,17.56,521.0
2024-03-25 05:00:00,16395.8,29.28,338.5
2024-03-25 06:00:00,20535.6,32.72,453.5
2024-03-25 07:00:00,24044.5,34.65,1688.0
2024-03-25 08:00:00,25409.8,23.43,3514.5
2024-03-25 09:00:00,25117.3,28.62,4530.5
2024-03-25 10:00:00,24168.3,25.54,4963.5
2024-03-25 11:00:00,21031.2,20.93,5391.5
2024-03-25 12:00:00,20509.2,11.35,5220.0
2024-03-25 13:00:00,20074.9,14.71,5408.0
2024-03-25 14:00:00,21753.2,19.1,5396.0
2024-03-25 15:00:00,23358.3,15.88,5897.0
2024-03-25 16:00:00,26437.5,28.19,5217.5
2024-03-25 17:00:00,28186.5,35.24,3683.0
2024-03-25 18:00:00,29249.0,43.16,2426.5
2024-03-25 19:00:00,28660.6,47.47,1455.5
2024-03-25 20:00:00,25960.8,41.59,960.5
2024-03-25 21:00:00,23748.3,40.47,632.5
2024-03-25 22:00:00,20608.9,35.59,1103.0
2024-03-25 23:00:00,19229.5,32.24,1254.0
2024-03-26 00:00:00,16703.5,28.35,965.5
2024-03-26 01:00:00,15660.3,22.48,615.5
2024-03-26 02:00:00,14607.0,18.82,803.5
2024-03-26 03:00:00,14000.0,13.89,1115.0
2024-03-26 04:00:00,14000.0,22.49,879.5
2024-03-26 05:00:00,16282.2,27.76,1205.0
2024-03-26 06:00:00,20619.2,37.59,1137.5
2024-03-26 07:00:00,24156.4,35.35,2673.5
2024-03-26 08:00:00,25868.5,30.98,3818.0
2024-03-26 09:00:00,25154.8,24.37,4253.5
2024-03-26 10:00:00,24147.7,19.42,4346.0
2024-03-26 11:00:00,21400.8,9.57,4728.0
2024-03-26 12:00:00,20721.8,20.46,4843.0
2024-03-26 13:00:00,21005.6,17.15,5471.5
2024-03-26 14:00:00,21369.4,27.89,4922.0
2024-03-26 15:00:00,23647.1,25.21,4213.0
2024-03-26 16:00:00,25885.2,34.59,3087.0
2024-03-26 17:00:00,27479.4,43.68,2126.0
2024-03-26 18:00:00,28824.1,52.61,884.5
2024-03-26 19:00:00,27775.5,46.52,463.0
2024-03-26 20:00:00,25476.6,44.34,468.5
2024-03-26 21:00:00,23910.9,44.81,306.0
2024-03-26 22:00:00,20925.7,42.19,205.5
2024-03-26 23:00:00,19180.0,27.45,468.5
2024-03-27 00:00:00,16336.0,26.13,473.5
2024-03-27 01:00:00,15407.1,23.81,441.5
2024-03-27 02:00:00,14348.9,19.89,516.5
2024-03-27 03:00:00,14000.0,25.16,231.0
2024-03-27 04:00:00,14000.0,30.26,340.0
2024-03-27 05:00:00,16416.7,27.73,133.0
2024-03-27 06:00:00,20234.0,29.54,477.5
2024-03-27 07:00:00,23381.0,27.76,1956.5
2024-03-27 08:00:00,24966.2,31.88,3057.5
2024-03-27 09:00:00,25387.3,33.08,4018.0
2024-03-27 10:00:00,23801.4,23.3,4260.5
2024-03-27 11:00:00,21298.4,19.15,4505.0
2024-03-27 12:00:00,20278.9,24.6,4279.5
2024-03-27 13:00:00,20080.9,19.25,4020.0
2024-03-27 14:00:00,20486.1,17.86,3970.0
2024-03-27 15:00:00,23031.3,19.7,3452.0
2024-03-27 16:00:00,26136.4,39.07,2575.0
2024-03-27 17:00:00,28301.1,47.48,1466.0
2024-03-27 18:00:00,28473.7,53.63,452.0
2024-03-27 19:00:00,28196.6,45.47,230.0
2024-03-27 20:00:00,26339.4,46.35,394.5
2024-03-27 21:00:00,23489.7,42.29,704.5
2024-03-27 22:00:00,20730.5,27.75,771.5
2024-03-27 23:00:00,18864.6,31.25,439.5
2024-03-28 00:00:00,16194.5,29.92,309.0
2024-03-28 01:00:00,15495.6,21.3,258.5
2024-03-28 02:00:00,14130.9,25.5,298.5
2024-03-28 03:00:00,14000.0,20.36,551.0
2024-03-28 04:00:00,14000.0,20.62,565.0
2024-03-28 05:00:00,16603.1,30.24,362.5
2024-03-28 06:00:00,20288.7,29.96,473.0
2024-03-28 07:00:00,24073.0,30.14,1664.0
2024-03-28 08:00:00,25965.1,34.29,2571.5
2024-03-28 09:00:00,25082.6,31.02,3533.0
2024-03-28 10:00:00,23047.0,23.65,4328.0
2024-03-28 11:00:00,22134.5,20.96,4591.0
2024-03-28 12:00:00,20288.9,11.9,4942.5
2024-03-28 13:00:00,19473.4,15.77,4757.5
2024-03-28 14:00:00,20863.4,17.71,4089.5
2024-03-28 15:00:00,23531.2,32.13,3586.5
2024-03-28 16:00:00,25769.0,38.34,2633.0
2024-03-28 17:00:00,27814.0,45.95,1533.0
2024-03-28 18:00:00,29469.9,51.56,365.0
2024-03-28 19:00:00,27581.1,48.42,1.5
2024-03-28 20:00:00,25532.2,44.6,33.5
2024-03-28 21:00:00,23202.9,41.85,14.0
2024-03-28 22:00:00,20801.3,39.74,26.5
2024-03-28 23:00:00,19065.7,25.74,68.5
2024-03-29 00:00:00,16508.3,23.79,370.0
2024-03-29 01:00:00,15373.9,28.73,374.5
2024-03-29 02:00:00,14138.3,18.36,444.5
2024-03-29 03:00:00,14000.0,16.33,722.5
2024-03-29 04:00:00,14000.0,23.36,1200.5
2024-03-29 05:00:00,16364.7,26.94,732.0
2024-03-29 06:00:00,20246.9,32.26,1117.5
2024-03-29 07:00:00,23975.7,35.58,2832.0
2024-03-29 08:00:00,25744.0,32.52,3142.5
2024-03-29 09:00:00,25307.8,29.7,3975.5
2024-03-29 10:00:00,23311.7,25.47,3645.5
2024-03-29 11:00:00,21572.0,18.16,4080.0
2024-03-29 12:00:00,20124.6,15.16,4049.0
2024-03-29 13:00:00,19967.9,12.94,3987.5
2024-03-29 14:00:00,21703.1,18.51,3924.5
2024-03-29 15:00:00,22990.0,23.66,3426.0
2024-03-29 16:00:00,25940.9,27.83,2600.0
2024-03-29 17:00:00,28368.5,47.49,1597.5
2024-03-29 18:00:00,28794.2,51.78,450.0
2024-03-29 19:00:00,28892.0,58.82,40.5
2024-03-29 20:00:00,25595.8,39.91,144.0
2024-03-29 21:00:00,23152.2,35.9,220.5
2024-03-29 22:00:00,20353.5,37.97,331.0
2024-03-29 23:00:00,18752.3,25.53,368.5
2024-03-30 00:00:00,14166.5,21.25,144.5
2024-03-30 01:00:00,14000.0,19.62,354.0
2024-03-30 02:00:00,14000.0,26.65,560.0
2024-03-30 03:00:00,14000.0,19.78,662.0
2024-03-30 04:00:00,14000.0,20.28,420.5
2024-03-30 05:00:00,14088.9,20.58,917.5
2024-03-30 06:00:00,18199.7,23.82,925.0
2024-03-30 07:00:00,20661.7,26.61,1709.5
2024-03-30 08:00:00,21887.6,22.47,2899.5
2024-03-30 09:00:00,21689.9,25.95,3594.5
2024-03-30 10:00:00,20161.8,19.62,4445.0
2024-03-30 11:00:00,18938.5,9.19,4937.0
2024-03-30 12:00:00,17352.7,7.96,5068.0
2024-03-30 13:00:00,17287.9,7.32,6070.0
2024-03-30 14:00:00,18188.8,5.62,5112.5
2024-03-30 15:00:00,20302.1,20.12,4917.0
2024-03-30 16:00:00,22056.1,20.53,3999.5
2024-03-30 17:00:00,23807.0,24.24,3688.0
2024-03-30 18:00:00,25001.4,35.42,4033.0
2024-03-30 19:00:00,24408.6,39.16,3160.0
2024-03-30 20:00:00,22420.1,34.39,4032.0
2024-03-30 21:00:00,19725.1,28.75,3145.5
2024-03-30 22:00:00,18034.4,20.56,3071.0
2024-03-30 23:00:00,16155.3,26.36,3490.0
2024-03-31 00:00:00,14000.0,14.6,3365.0
2024-03-31 01:00:00,14000.0,10.42,3374.5
2024-03-31 02:00:00,14000.0,18.56,3286.0
2024-03-31 03:00:00,14000.0,17.43,2468.5
2024-03-31 04:00:00,14000.0,24.91,2392.0
2024-03-31 05:00:00,14368.5,23.59,2419.5
2024-03-31 06:00:00,18157.7,22.18,2538.5
2024-03-31 07:00:00,19936.2,18.2,3572.0
2024-03-31 08:00:00,21796.7,21.14,4520.5
2024-03-31 09:00:00,21631.6,9.08,5785.0
2024-03-31 10:00:00,20111.9,15.56,5231.0
2024-03-31 11:00:00,18303.2,14.6,5363.0
2024-03-31 12:00:00,17302.5,8.76,5063.0
2024-03-31 13:00:00,16874.5,10.89,4795.5
2024-03-31 14:00:00,18226.8,15.15,4963.0
2024-03-31 15:00:00,20019.6,24.84,4328.5
2024-03-31 16:00:00,22414.0,26.81,3819.0
2024-03-31 17:00:00,24287.4,31.48,3683.0
2024-03-31 18:00:00,25045.6,37.31,1909.0
2024-03-31 19:00:00,23962.0,44.63,2106.5
2024-03-31 20:00:00,22929.6,32.33,2544.0
2024-03-31 21:00:00,19960.2,37.86,1826.5
2024-03-31 22:00:00,17287.1,23.69,1534.5
2024-03-31 23:00:00,16029.7,18.5,1739.5
2024-04-01 00:00:00,15677.2,23.15,1698.5
2024-04-01 01:00:00,15154.9,21.53,1583.0
2024-04-01 02:00:00,14000.0,12.55,895.5
2024-04-01 03:00:00,14000.0,21.53,1336.0
2024-04-01 04:00:00,14001.9,10.51,1506.5
2024-04-01 05:00:00,16282.4,31.22,1235.0
2024-04-01 06:00:00,20165.8,24.9,1299.5
2024-04-01 07:00:00,23099.9,36.09,1573.5
2024-04-01 08:00:00,24858.0,38.73,1856.5
2024-04-01 09:00:00,25012.5,38.45,2405.0
2024-04-01 10:00:00,23385.8,22.64,3118.5
2024-04-01 11:00:00,20707.9,23.64,3649.0
2024-04-01 12:00:00,19846.6,14.71,3771.0
2024-04-01 13:00:00,19684.2,18.62,4277.5
2024-04-01 14:00:00,20697.9,13.15,3869.0
2024-04-01 15:00:00,22624.7,30.19,2914.0
2024-04-01 16:00:00,25273.4,42.87,1820.5
2024-04-01 17:00:00,27525.1,43.67,1290.5
2024-04-01 18:00:00,28458.3,50.33,488.0
2024-04-01 19:00:00,27840.7,52.49,273.0
2024-04-01 20:00:00,25856.8,47.19,254.5
2024-04-01 21:00:00,22673.3,32.17,346.0
2024-04-01 22:00:00,20222.8,28.65,327.5
2024-04-01 23:00:00,18756.1,28.02,796.5
2024-04-02 00:00:00,16182.0,24.75,815.5
2024-04-02 01:00:00,14994.0,20.09,669.5
2024-04-02 02:00:00,14000.0,19.74,984.5
2024-04-02 03:00:00,14000.0,22.49,1500.5
2024-04-02 04:00:00,14000.0,16.58,1571.0
2024-04-02 05:00:00,16516.0,19.63,1152.0
2024-04-02 06:00:00,19613.0,32.91,740.0
2024-04-02 07:00:00,23341.3,40.47,1548.0
2024-04-02 08:00:00,25142.8,37.8,2043.0
2024-04-02 09:00:00,24865.2,31.88,2490.5
2024-04-02 10:00:00,23008.7,27.35,2961.0
2024-04-02 11:00:00,20745.7,20.58,3180.5
2024-04-02 12:00:00,19850.9,19.73,4042.0
2024-04-02 13:00:00,19378.0,8.85,3947.0
2024-04-02 14:00:00,20711.2,23.34,3138.0
2024-04-02 15:00:00,22543.8,27.07,3054.5
2024-04-02 16:00:00,24962.3,37.64,3221.0
2024-04-02 17:00:00,27588.0,36.27,2571.5
2024-04-02 18:00:00,28373.7,43.84,999.0
2024-04-02 19:00:00,27722.4,50.98,344.5
2024-04-02 20:00:00,26176.8,51.55,424.5
2024-04-02 21:00:00,22780.1,36.76,1177.0
2024-04-02 22:00:00,20430.9,30.62,1578.0
2024-04-02 23:00:00,18261.6,22.48,2183.0
2024-04-03 00:00:00,15664.7,20.22,2302.5
2024-04-03 01:00:00,15390.8,18.43,875.0
2024-04-03 02:00:00,14000.0,13.49,1113.5
2024-04-03 03:00:00,14000.0,22.07,761.5
2024-04-03 04:00:00,14000.0,16.99,357.5
2024-04-03 05:00:00,16003.0,27.26,548.5
2024-04-03 06:00:00,19526.3,29.42,1092.5
2024-04-03 07:00:00,23139.7,37.28,2098.0
2024-04-03 08:00:00,25503.0,29.09,3354.5
2024-04-03 09:00:00,24505.6,33.35,3597.5
2024-04-03 10:00:00,22661.2,24.46,3951.0
2024-04-03 11:00:00,21435.2,13.68,4249.0
2024-04-03 12:00:00,19892.4,14.24,4035.5
2024-04-03 13:00:00,19346.2,13.72,3820.5
2024-04-03 14:00:00,20115.4,22.28,3195.5
2024-04-03 15:00:00,22473.3,22.39,3016.5
2024-04-03 16:00:00,25262.0,30.65,2171.0
2024-04-03 17:00:00,27863.8,42.84,1441.0
2024-04-03 18:00:00,27761.5,51.95,585.0
2024-04-03 19:00:00,27342.5,49.45,236.0
2024-04-03 20:00:00,25503.3,43.52,393.0
2024-04-03 21:00:00,21790.7,39.47,356.0
2024-04-03 22:00:00,20518.1,28.68,1104.5
2024-04-03 23:00:00,18161.8,35.94,816.0
2024-04-04 00:00:00,15990.4,29.8,1312.0
2024-04-04 01:00:00,15031.1,19.27,1097.0
2024-04-04 02:00:00,14000.0,20.76,472.0
2024-04-04 03:00:00,14000.0,19.84,502.5
2024-04-04 04:00:00,14000.0,18.39,361.5
2024-04-04 05:00:00,15774.7,27.93,471.5
2024-04-04 06:00:00,19758.6,23.27,1399.0
2024-04-04 07:00:00,23088.4,30.2,2744.0
2024-04-04 08:00:00,25123.0,34.11,3916.0
2024-04-04 09:00:00,25002.0,33.28,5621.0
2024-04-04 10:00:00,23265.9,28.14,5485.0
2024-04-04 11:00:00,20986.9,14.55,5184.5
2024-04-04 12:00:00,19125.4,8.67,5903.0
2024-04-04 13:00:00,19319.5,8.97,6631.0
2024-04-04 14:00:00,20652.9,22.55,5629.5
2024-04-04 15:00:00,22268.9,25.46,4298.5
2024-04-04 16:00:00,25423.4,44.22,4029.5
2024-04-04 17:00:00,27650.7,40.79,4231.5
2024-04-04 18:00:00,28144.3,51.85,2479.0
2024-04-04 19:00:00,26017.9,43.13,1441.0
2024-04-04 20:00:00,24667.7,37.49,1317.5
2024-04-04 21:00:00,23147.3,48.94,794.5
2024-04-04 22:00:00,19961.6,25.7,1228.5
2024-04-04 23:00:00,17870.0,27.8,1332.0
2024-04-05 00:00:00,16143.3,24.29,962.5
2024-04-05 01:00:00,14920.8,18.4,1122.0
2024-04-05 02:00:00,14000.0,19.99,1348.0
2024-04-05 03:00:00,14000.0,18.21,1173.0
2024-04-05 04:00:00,14000.0,16.02,780.0
2024-04-05 05:00:00,15987.5,17.88,1044.0
2024-04-05 06:00:00,19846.9,31.15,1486.0
2024-04-05 07:00:00,23854.5,30.37,2481.0
2024-04-05 08:00:00,25209.7,31.88,2744.0
2024-04-05 09:00:00,24030.4,25.95,3110.0
2024-04-05 10:00:00,23120.1,21.4,3827.0
2024-04-05 11:00:00,21332.3,19.4,3943.0
2024-04-05 12:00:00,19947.5,11.88,3879.5
2024-04-05 13:00:00,19253.2,15.49,3595.0
2024-04-05 14:00:00,20802.6,23.47,3375.5
2024-04-05 15:00:00,22865.5,30.33,2789.0
2024-04-05 16:00:00,26055.5,34.48,2396.0
2024-04-05 17:00:00,26867.8,38.31,1755.5
2024-04-05 18:00:00,27769.2,52.19,866.5
2024-04-05 19:00:00,27041.0,48.66,820.0
2024-04-05 20:00:00,24868.4,42.92,1599.5
2024-04-05 21:00:00,22124.0,40.71,1388.5
2024-04-05 22:00:00,19217.9,33.08,1700.5
2024-04-05 23:00:00,18227.3,30.86,1438.5
2024-04-06 00:00:00,14000.0,11.27,1237.5
2024-04-06 01:00:00,14000.0,15.81,1470.0
2024-04-06 02:00:00,14000.0,12.5,1482.5
2024-04-06 03:00:00,14000.0,23.38,1708.5
2024-04-06 04:00:00,14000.0,16.3,1677.5
2024-04-06 05:00:00,14000.0,14.31,1803.5
2024-04-06 06:00:00,17233.0,22.94,2545.5
2024-04-06 07:00:00,20074.1,27.43,3056.0
2024-04-06 08:00:00,21976.2,27.21,4032.5
2024-04-06 09:00:00,21349.2,24.61,3181.0
2024-04-06 10:00:00,20051.6,23.72,3992.5
2024-04-06 11:00:00,18276.0,14.53,3383.0
2024-04-06 12:00:00,16907.5,6.15,3493.0
2024-04-06 13:00:00,16895.0,11.43,3446.5
2024-04-06 14:00:00,18312.5,15.35,3235.5
2024-04-06 15:00:00,19464.8,22.72,3290.0
2024-04-06 16:00:00,21878.6,29.41,3754.0
2024-04-06 17:00:00,23993.9,29.06,3470.0
2024-04-06 18:00:00,24665.2,29.75,1843.0
2024-04-06 19:00:00,23547.0,45.12,2162.5
2024-04-06 20:00:00,20935.3,31.29,2596.0
2024-04-06 21:00:00,19583.5,18.24,2945.0
2024-04-06 22:00:00,16796.6,14.49,2792.5
2024-04-06 23:00:00,16250.8,21.21,2774.0
2024-04-07 00:00:00,14000.0,11.24,3789.5
2024-04-07 01:00:00,14000.0,19.5,3368.5
2024-04-07 02:00:00,14000.0,14.65,2176.5
2024-04-07 03:00:00,14000.0,15.91,2452.0
2024-04-07 04:00:00,14000.0,12.83,2866.0
2024-04-07 05:00:00,14000.0,14.61,2946.5
2024-04-07 06:00:00,16831.3,19.49,3295.0
2024-04-07 07:00:00,19938.5,29.9,3086.0
2024-04-07 08:00:00,22341.4,29.55,2856.5
2024-04-07 09:00:00,21515.0,25.1,3147.0
2024-04-07 10:00:00,20138.8,22.73,3723.5
2024-04-07 11:00:00,18335.2,20.44,3836.5
2024-04-07 12:00:00,17290.8,7.11,3691.0
2024-04-07 13:00:00,16680.5,9.11,3557.0
2024-04-07 14:00:00,17106.3,14.87,3295.5
2024-04-07 15:00:00,19413.6,20.4,2956.5
2024-04-07 16:00:00,21921.6,26.17,2241.5
2024-04-07 17:00:00,23117.4,25.35,1936.5
2024-04-07 18:00:00,24092.9,38.58,774.5
2024-04-07 19:00:00,23208.7,41.59,344.5
2024-04-07 20:00:00,22115.0,43.56,443.5
2024-04-07 21:00:00,19575.6,31.85,653.0
2024-04-07 22:00:00,17477.1,28.25,227.5
2024-04-07 23:00:00,15986.5,21.9,179.0
2024-04-08 00:00:00,15658.1,24.44,212.5
2024-04-08 01:00:00,14789.5,20.23,351.0
2024-04-08 02:00:00,14000.0,23.01,362.5
2024-04-08 03:00:00,14000.0,22.19,537.5
2024-04-08 04:00:00,14000.0,26.33,481.5
2024-04-08 05:00:00,15793.9,25.6,359.5
2024-04-08 06:00:00,19767.1,33.0,703.0
2024-04-08 07:00:00,23337.9,28.8,1605.5
2024-04-08 08:00:00,25139.7,34.95,3205.5
2024-04-08 09:00:00,23965.8,32.72,3175.0
2024-04-08 10:00:00,22581.5,25.25,3541.5
2024-04-08 11:00:00,20880.7,21.57,3310.5
2024-04-08 12:00:00,20103.7,18.92,3428.0
2024-04-08 13:00:00,19579.0,24.0,3985.0
2024-04-08 14:00:00,20548.9,14.14,3481.0
2024-04-08 15:00:00,22161.9,30.82,3387.0
2024-04-08 16:00:00,24469.6,34.39,2848.5
2024-04-08 17:00:00,27178.0,40.26,1761.5
2024-04-08 18:00:00,27202.8,48.38,799.5
2024-04-08 19:00:00,26756.5,49.08,401.0
2024-04-08 20:00:00,24721.1,39.1,315.0
2024-04-08 21:00:00,22694.4,42.76,644.0
2024-04-08 22:00:00,19712.1,32.75,726.0
2024-04-08 23:00:00,17471.8,23.76,786.5
2024-04-09 00:00:00,15724.7,30.65,406.0
2024-04-09 01:00:00,14535.1,24.44,308.0
2024-04-09 02:00:00,14000.0,22.9,70.5
2024-04-09 03:00:00,14000.0,25.54,115.0
2024-04-09 04:00:00,14000.0,21.32,101.0
2024-04-09 05:00:00,15842.7,28.31,290.0
2024-04-09 06:00:00,18895.6,31.56,893.0
2024-04-09 07:00:00,22536.7,29.21,1896.5
2024-04-09 08:00:00,24717.9,31.87,2663.0
2024-04-09 09:00:00,24013.2,25.56,3539.5
2024-04-09 10:00:00,22068.4,27.33,3895.5
2024-04-09 11:00:00,20858.7,11.84,4097.5
2024-04-09 12:00:00,19618.7,16.96,4070.5
2024-04-09 13:00:00,19067.2,20.7,3889.0
2024-04-09 14:00:00,19539.7,11.13,3822.0
2024-04-09 15:00:00,22441.0,25.14,3248.5
2024-04-09 16:00:00,24087.8,36.3,2617.0
2024-04-09 17:00:00,26880.8,39.31,1765.0
2024-04-09 18:00:00,27186.3,46.12,922.0
2024-04-09 19:00:00,26283.9,45.74,260.5
2024-04-09 20:00:00,24505.0,38.68,385.5
2024-04-09 21:00:00,22018.8,35.9,364.0
2024-04-09 22:00:00,19550.6,29.92,209.5
2024-04-09 23:00:00,18225.2,23.42,189.0
2024-04-10 00:00:00,15442.7,29.6,434.5
2024-04-10 01:00:00,14847.9,24.33,349.0
2024-04-10 02:00:00,14000.0,19.72,35.5
2024-04-10 03:00:00,14000.0,19.29,57.0
2024-04-10 04:00:00,14000.0,19.56,32.5
2024-04-10 05:00:00,15211.6,20.79,0.0
2024-04-10 06:00:00,19350.1,27.62,770.0
2024-04-10 07:00:00,22505.4,28.37,1608.0
2024-04-10 08:00:00,23505.7,33.53,2450.0
2024-04-10 09:00:00,23949.5,20.11,3265.5
2024-04-10 10:00:00,22222.9,23.77,3579.0
2024-04-10 11:00:00,21058.6,15.32,3906.5
2024-04-10 12:00:00,18728.7,18.02,3894.5
2024-04-10 13:00:00,18595.9,13.41,3851.5
2024-04-10 14:00:00,20388.5,19.83,3749.0
2024-04-10 15:00:00,22570.9,23.17,3095.0
2024-04-10 16:00:00,24333.1,38.05,2393.5
2024-04-10 17:00:00,26401.5,34.72,1707.5
2024-04-10 18:00:00,27701.1,44.22,721.0
2024-04-10 19:00:00,25716.5,41.42,217.5
2024-04-10 20:00:00,23887.8,41.54,160.0
2024-04-10 21:00:00,21902.2,37.85,252.0
2024-04-10 22:00:00,20122.8,28.53,200.5
2024-04-10 23:00:00,17878.7,24.28,396.0
2024-04-11 00:00:00,15510.7,18.76,548.5
2024-04-11 01:00:00,14824.6,15.11,891.0
2024-04-11 02:00:00,14000.0,17.58,448.0
2024-04-11 03:00:00,14000.0,27.51,565.0
2024-04-11 04:00:00,14000.0,20.68,622.5
2024-04-11 05:00:00,15962.0,21.17,743.5
2024-04-11 06:00:00,18754.2,26.24,1051.0
2024-04-11 07:00:00,22886.6,25.37,2003.0
2024-04-11 08:00:00,23908.8,24.21,2840.5
2024-04-11 09:00:00,24088.1,24.46,3587.0
2024-04-11 10:00:00,22359.5,15.9,4473.0
2024-04-11 11:00:00,20199.1,19.8,4400.0
2024-04-11 12:00:00,18863.8,21.95,4152.5
2024-04-11 13:00:00,19012.7,16.68,4675.0
2024-04-11 14:00:00,20276.2,14.86,3914.5
2024-04-11 15:00:00,21993.2,22.49,3949.0
2024-04-11 16:00:00,24539.7,32.24,3731.5
2024-04-11 17:00:00,26779.7,38.81,3376.5
2024-04-11 18:00:00,26943.9,46.49,3119.5
2024-04-11 19:00:00,26839.2,39.34,1899.5
2024-04-11 20:00:00,24780.7,40.86,1812.5
2024-04-11 21:00:00,22766.4,34.87,2247.5
2024-04-11 22:00:00,19479.9,27.98,1666.0
2024-04-11 23:00:00,17804.3,20.11,1303.5
2024-04-12 00:00:00,15606.2,16.74,905.5
2024-04-12 01:00:00,14699.5,27.15,540.0
2024-04-12 02:00:00,14000.0,23.53,693.0
2024-04-12 03:00:00,14000.0,15.32,612.0
2024-04-12 04:00:00,14000.0,11.68,1011.5
2024-04-12 05:00:00,15285.9,21.2,1439.5
2024-04-12 06:00:00,19001.4,22.83,3160.5
2024-04-12 07:00:00,22483.4,19.04,4440.0
2024-04-12 08:00:00,24548.4,32.64,6296.0
2024-04-12 09:00:00,23742.1,23.04,7581.0
2024-04-12 10:00:00,21737.8,7.23,8001.0
2024-04-12 11:00:00,19828.5,12.47,8319.0
2024-04-12 12:00:00,18712.7,5.94,8149.0
2024-04-12 13:00:00,18490.4,10.97,6520.0
2024-04-12 14:00:00,19855.5,9.42,5489.5
2024-04-12 15:00:00,21560.5,20.73,5210.5
2024-04-12 16:00:00,24163.0,37.41,3986.5
2024-04-12 17:00:00,26143.8,41.58,2809.5
2024-04-12 18:00:00,27058.1,47.63,1104.5
2024-04-12 19:00:00,26968.0,40.42,203.0
2024-04-12 20:00:00,24628.6,46.54,366.5
2024-04-12 21:00:00,21832.4,39.36,197.0
2024-04-12 22:00:00,19380.7,29.01,125.0
2024-04-12 23:00:00,17743.1,27.82,38.5
2024-04-13 00:00:00,14000.0,20.78,121.0
2024-04-13 01:00:00,14000.0,23.35,142.0
2024-04-13 02:00:00,14000.0,14.78,267.0
2024-04-13 03:00:00,14000.0,21.02,283.5
2024-04-13 04:00:00,14000.0,26.71,571.0
2024-04-13 05:00:00,14000.0,22.49,549.0
2024-04-13 06:00:00,16759.9,16.45,1978.0
2024-04-13 07:00:00,19378.3,23.74,2687.0
2024-04-13 08:00:00,21533.9,25.66,3480.0
2024-04-13 09:00:00,20490.9,9.02,4271.5
2024-04-13 10:00:00,19438.6,15.73,4397.5
2024-04-13 11:00:00,17684.4,11.14,4230.5
2024-04-13 12:00:00,16505.6,2.24,4105.5
2024-04-13 13:00:00,16319.5,16.41,4139.5
2024-04-13 14:00:00,17276.3,11.42,4290.0
2024-04-13 15:00:00,19267.6,15.96,3662.5
2024-04-13 16:00:00,21602.4,21.21,2958.5
2024-04-13 17:00:00,22924.1,31.57,2267.0
2024-04-13 18:00:00,23895.8,38.57,1588.0
2024-04-13 19:00:00,22677.1,44.25,451.5
2024-04-13 20:00:00,21378.4,33.68,1297.0
2024-04-13 21:00:00,18701.2,21.23,2083.0
2024-04-13 22:00:00,17190.8,24.42,1593.0
2024-04-13 23:00:00,15991.6,22.1,1483.5
2024-04-14 00:00:00,14000.0,23.56,2250.5
2024-04-14 01:00:00,14000.0,19.03,1710.0
2024-04-14 02:00:00,14000.0,20.17,1349.0
2024-04-14 03:00:00,14000.0,17.18,910.5
2024-04-14 04:00:00,14000.0,22.08,382.0
2024-04-14 05:00:00,14000.0,17.27,286.5
2024-04-14 06:00:00,16757.4,23.69,1077.0
2024-04-14 07:00:00,19527.2,28.6,1802.0
2024-04-14 08:00:00,21264.8,25.26,2619.0
2024-04-14 09:00:00,20972.1,26.58,3255.0
2024-04-14 10:00:00,19742.6,23.15,3705.5
2024-04-14 11:00:00,17721.8,16.08,4144.5
2024-04-14 12:00:00,16691.5,9.96,3968.0
2024-04-14 13:00:00,16210.5,4.66,4048.0
2024-04-14 14:00:00,17028.3,6.49,3932.5
2024-04-14 15:00:00,19438.8,21.1,3263.5
2024-04-14 16:00:00,21153.2,25.46,2851.0
2024-04-14 17:00:00,23113.7,32.52,1822.0
2024-04-14 18:00:00,23561.3,35.45,904.5
2024-04-14 19:00:00,22630.6,39.42,75.0
2024-04-14 20:00:00,21059.0,30.35,40.0
2024-04-14 21:00:00,19251.7,29.5,107.5
2024-04-14 22:00:00,16990.3,26.63,93.5
2024-04-14 23:00:00,15023.9,26.41,38.5
2024-04-15 00:00:00,15204.3,27.83,91.0
2024-04-15 01:00:00,14740.6,14.68,52.5
2024-04-15 02:00:00,14000.0,14.54,90.5
2024-04-15 03:00:00,14000.0,24.31,45.5
2024-04-15 04:00:00,14000.0,21.7,61.0
2024-04-15 05:00:00,15459.5,26.95,72.5
2024-04-15 06:00:00,18882.9,25.1,945.0
2024-04-15 07:00:00,22075.4,27.83,1904.0
2024-04-15 08:00:00,24301.6,27.27,3172.5
2024-04-15 09:00:00,23495.6,15.84,3385.0
2024-04-15 10:00:00,22483.3,18.32,3698.5
2024-04-15 11:00:00,20348.6,12.35,4140.5
2024-04-15 12:00:00,18926.4,9.57,4321.0
2024-04-15 13:00:00,18689.1,8.87,4342.5
2024-04-15 14:00:00,19624.8,12.96,3792.0
2024-04-15 15:00:00,22043.9,22.12,3617.5
2024-04-15 16:00:00,23830.6,31.98,3067.5
2024-04-15 17:00:00,25515.3,24.18,2469.5
2024-04-15 18:00:00,27178.0,38.98,1973.5
2024-04-15 19:00:00,26391.7,42.03,762.0
2024-04-15 20:00:00,24284.1,35.68,419.0
2024-04-15 21:00:00,21712.0,41.31,444.0
2024-04-15 22:00:00,19202.0,26.77,422.5
2024-04-15 23:00:00,17865.5,30.15,521.5
2024-04-16 00:00:00,15185.9,18.92,781.5
2024-04-16 01:00:00,14198.4,24.88,1073.5
2024-04-16 02:00:00,14000.0,16.31,724.0
2024-04-16 03:00:00,14000.0,16.1,681.5
2024-04-16 04:00:00,14000.0,19.48,543.5
2024-04-16 05:00:00,15359.7,28.95,755.5
2024-04-16 06:00:00,18357.5,26.57,1731.5
2024-04-16 07:00:00,22079.8,24.94,2900.5
2024-04-16 08:00:00,23668.6,26.52,4330.5
2024-04-16 09:00:00,22861.2,18.7,5059.5
2024-04-16 10:00:00,22148.1,21.52,6667.0
2024-04-16 11:00:00,19994.0,14.94,6234.5
2024-04-16 12:00:00,18194.8,7.04,6569.5
2024-04-16 13:00:00,18812.4,11.04,5734.0
2024-04-16 14:00:00,20024.5,10.41,5597.5
2024-04-16 15:00:00,22105.3,18.0,5694.5
2024-04-16 16:00:00,24182.8,26.06,5917.0
2024-04-16 17:00:00,26071.3,35.26,5024.0
2024-04-16 18:00:00,27363.2,37.01,3986.0
2024-04-16 19:00:00,26703.2,32.74,3000.0
2024-04-16 20:00:00,24428.3,39.91,3000.0
2024-04-16 21:00:00,21195.4,27.56,3000.0
2024-04-16 22:00:00,19280.4,29.72,3000.0
2024-04-16 23:00:00,17706.6,16.47,3000.0
2024-04-17 00:00:00,14728.6,17.98,3000.0
2024-04-17 01:00:00,14349.7,14.96,3000.0
2024-04-17 02:00:00,14000.0,15.55,1889.5
2024-04-17 03:00:00,14000.0,25.24,1072.5
2024-04-17 04:00:00,14000.0,15.99,1117.0
2024-04-17 05:00:00,15230.1,26.71,1394.0
2024-04-17 06:00:00,18740.8,34.8,1570.0
2024-04-17 07:00:00,22159.0,23.28,2491.0
2024-04-17 08:00:00,23444.0,24.24,3188.0
2024-04-17 09:00:00,23171.2,23.44,3833.5
2024-04-17 10:00:00,22354.0,20.54,4020.5
2024-04-17 11:00:00,20445.8,21.42,4263.5
2024-04-17 12:00:00,18437.9,17.09,4310.0
2024-04-17 13:00:00,18777.7,10.76,4480.5
2024-04-17 14:00:00,19503.8,11.14,4599.5
2024-04-17 15:00:00,21651.0,18.71,4414.0
2024-04-17 16:00:00,24128.8,29.19,3663.5
2024-04-17 17:00:00,26343.1,32.01,2811.5
2024-04-17 18:00:00,26761.6,37.4,1490.0
2024-04-17 19:00:00,26497.5,42.48,930.0
2024-04-17 20:00:00,24041.2,36.92,1737.5
2024-04-17 21:00:00,21619.2,33.82,956.0
2024-04-17 22:00:00,18911.1,22.05,589.0
2024-04-17 23:00:00,18092.4,26.73,697.0
2024-04-18 00:00:00,15189.5,17.93,227.5
2024-04-18 01:00:00,14348.3,21.52,425.5
2024-04-18 02:00:00,14000.0,15.78,146.5
2024-04-18 03:00:00,14000.0,21.4,647.5
2024-04-18 04:00:00,14000.0,17.29,1607.0
2024-04-18 05:00:00,15197.1,25.73,1915.5
2024-04-18 06:00:00,18155.1,23.87,2378.5
2024-04-18 07:00:00,22293.0,25.25,3843.5
2024-04-18 08:00:00,23453.4,24.79,4524.0
2024-04-18 09:00:00,23919.5,24.55,4552.5
2024-04-18 10:00:00,21826.9,17.24,4236.0
2024-04-18 11:00:00,20020.3,15.03,4156.5
2024-04-18 12:00:00,18976.3,11.28,4390.5
2024-04-18 13:00:00,18191.9,9.48,4763.0
2024-04-18 14:00:00,19166.9,10.64,4991.0
2024-04-18 15:00:00,21397.9,17.6,4557.0
2024-04-18 16:00:00,24170.6,28.88,3367.0
2024-04-18 17:00:00,25343.3,37.94,2358.0
2024-04-18 18:00:00,25962.8,45.18,1281.5
2024-04-18 19:00:00,26171.6,43.71,223.5
2024-04-18 20:00:00,23625.5,35.57,42.0
2024-04-18 21:00:00,21213.5,39.6,99.5
2024-04-18 22:00:00,18547.9,39.9,47.0
2024-04-18 23:00:00,17282.0,30.44,22.5
2024-04-19 00:00:00,15025.8,22.0,57.5
2024-04-19 01:00:00,14341.3,22.82,98.0
2024-04-19 02:00:00,14000.0,21.5,251.0
2024-04-19 03:00:00,14000.0,20.94,130.0
2024-04-19 04:00:00,14000.0,17.06,259.0
2024-04-19 05:00:00,14921.6,26.98,135.0
2024-04-19 06:00:00,19052.0,23.99,1080.0
2024-04-19 07:00:00,21939.3,33.77,1904.0
2024-04-19 08:00:00,23363.8,31.25,2752.0
2024-04-19 09:00:00,23282.8,31.13,3604.0
2024-04-19 10:00:00,22216.9,24.07,3996.5
2024-04-19 11:00:00,20322.5,7.23,4026.0
2024-04-19 12:00:00,18350.0,7.03,4052.5
2024-04-19 13:00:00,18360.3,13.23,4032.5
2024-04-19 14:00:00,19410.9,22.23,4004.0
2024-04-19 15:00:00,21065.5,19.5,3446.0
2024-04-19 16:00:00,23766.2,23.55,2859.5
2024-04-19 17:00:00,25766.0,40.92,1948.0
2024-04-19 18:00:00,26984.4,50.33,1284.0
2024-04-19 19:00:00,26223.1,43.13,183.5
2024-04-19 20:00:00,23635.7,39.26,56.5
2024-04-19 21:00:00,21191.9,43.1,115.5
2024-04-19 22:00:00,19198.2,26.82,48.5
2024-04-19 23:00:00,17242.5,23.66,19.5
2024-04-20 00:00:00,14000.0,16.7,59.5
2024-04-20 01:00:00,14000.0,21.95,62.5
2024-04-20 02:00:00,14000.0,19.92,127.0
2024-04-20 03:00:00,14000.0,18.06,376.5
2024-04-20 04:00:00,14000.0,24.65,190.5
2024-04-20 05:00:00,14000.0,23.89,327.0
2024-04-20 06:00:00,16539.3,28.39,1038.5
2024-04-20 07:00:00,18810.9,23.06,2067.5
2024-04-20 08:00:00,20510.1,26.39,2792.5
2024-04-20 09:00:00,20954.6,15.78,3598.5
2024-04-20 10:00:00,18575.2,16.61,4207.0
2024-04-20 11:00:00,16745.9,12.99,4034.5
2024-04-20 12:00:00,16413.9,5.08,4210.0
2024-04-20 13:00:00,15727.4,9.78,4075.0
2024-04-20 14:00:00,16797.5,11.72,3827.5
2024-04-20 15:00:00,18370.9,18.51,3184.0
2024-04-20 16:00:00,20700.8,27.92,2619.0
2024-04-20 17:00:00,22013.8,30.95,1820.5
2024-04-20 18:00:00,22934.8,40.41,1065.0
2024-04-20 19:00:00,22476.5,33.88,172.5
2024-04-20 20:00:00,20277.8,30.93,9.5
2024-04-20 21:00:00,18234.9,29.6,2.0
2024-04-20 22:00:00,16391.0,23.11,29.0
2024-04-20 23:00:00,14755.1,24.02,19.5
2024-04-21 00:00:00,14000.0,19.91,30.0
2024-04-21 01:00:00,14000.0,20.11,15.0
2024-04-21 02:00:00,14000.0,19.89,60.0
2024-04-21 03:00:00,14000.0,22.0,186.5
2024-04-21 04:00:00,14000.0,19.86,720.5
2024-04-21 05:00:00,14000.0,21.36,594.5
2024-04-21 06:00:00,16249.9,18.8,1460.0
2024-04-21 07:00:00,19294.6,15.7,2231.5
2024-04-21 08:00:00,20204.6,24.43,3086.5
2024-04-21 09:00:00,20301.5,16.1,3489.5
2024-04-21 10:00:00,18738.1,14.74,4120.5
2024-04-21 11:00:00,17267.8,10.02,4297.5
2024-04-21 12:00:00,16421.2,17.98,4087.5
2024-04-21 13:00:00,15987.8,-3.12,3998.0
2024-04-21 14:00:00,16296.1,6.59,3928.5
2024-04-21 15:00:00,18591.9,16.69,3638.0
2024-04-21 16:00:00,20922.5,17.11,2755.0
2024-04-21 17:00:00,22176.7,29.88,1943.0
2024-04-21 18:00:00,23255.1,29.25,1035.0
2024-04-21 19:00:00,22014.1,37.51,164.0
2024-04-21 20:00:00,20056.9,34.17,45.0
2024-04-21 21:00:00,18400.0,33.6,3.0
2024-04-21 22:00:00,15984.2,26.62,38.0
2024-04-21 23:00:00,14969.2,19.16,91.5
2024-04-22 00:00:00,15150.4,23.55,231.5
2024-04-22 01:00:00,14000.0,22.61,50.5
2024-04-22 02:00:00,14000.0,17.5,31.5
2024-04-22 03:00:00,14000.0,25.46,3.5
2024-04-22 04:00:00,14000.0,23.74,0.5
2024-04-22 05:00:00,14829.8,15.31,264.0
2024-04-22 06:00:00,18805.9,26.54,1168.0
2024-04-22 07:00:00,21941.0,24.32,2163.5
2024-04-22 08:00:00,23474.9,20.06,2952.5
2024-04-22 09:00:00,23132.9,23.11,3429.5
2024-04-22 10:00:00,21664.4,18.33,3994.5
2024-04-22 11:00:00,19413.9,24.03,4027.5
2024-04-22 12:00:00,18611.2,11.13,4012.0
2024-04-22 13:00:00,17868.4,11.97,4040.0
2024-04-22 14:00:00,19413.5,16.55,4035.5
2024-04-22 15:00:00,21524.8,19.7,3651.0
2024-04-22 16:00:00,23601.0,29.97,2923.5
2024-04-22 17:00:00,25415.4,33.51,2013.0
2024-04-22 18:00:00,26398.7,37.56,1194.0
2024-04-22 19:00:00,24382.1,39.89,180.0
2024-04-22 20:00:00,23600.4,36.11,0.0
2024-04-22 21:00:00,20992.4,38.52,0.0
2024-04-22 22:00:00,18787.1,31.02,15.5
2024-04-22 23:00:00,17387.8,26.25,45.0
2024-04-23 00:00:00,14793.4,25.09,139.0
2024-04-23 01:00:00,14000.0,18.44,153.0
2024-04-23 02:00:00,14000.0,8.54,71.0
2024-04-23 03:00:00,14000.0,18.89,54.5
2024-04-23 04:00:00,14000.0,24.38,30.0
2024-04-23 05:00:00,14894.0,26.44,208.5
2024-04-23 06:00:00,18639.2,21.15,1068.0
2024-04-23 07:00:00,21202.4,24.87,2061.0
2024-04-23 08:00:00,23279.1,31.95,2732.0
2024-04-23 09:00:00,23444.4,19.71,3469.0
2024-04-23 10:00:00,20901.5,17.62,3941.0
2024-04-23 11:00:00,19650.3,16.81,4027.0
2024-04-23 12:00:00,18148.1,18.0,4119.0
2024-04-23 13:00:00,18005.5,10.02,4034.0
2024-04-23 14:00:00,18844.9,8.07,4004.5
2024-04-23 15:00:00,21018.8,17.9,3381.0
2024-04-23 16:00:00,24089.3,39.68,2998.5
2024-04-23 17:00:00,24909.5,36.5,2120.5
2024-04-23 18:00:00,25688.0,45.02,1565.5
2024-04-23 19:00:00,24888.1,41.7,893.5
2024-04-23 20:00:00,24015.9,36.32,1231.0
2024-04-23 21:00:00,20807.2,28.18,1352.5
2024-04-23 22:00:00,18726.5,26.36,1349.5
2024-04-23 23:00:00,17039.9,26.7,1871.0
2024-04-24 00:00:00,14548.1,11.58,2520.0
2024-04-24 01:00:00,14000.0,17.89,3031.0
2024-04-24 02:00:00,14000.0,11.46,2330.0
2024-04-24 03:00:00,14000.0,12.47,3558.0
2024-04-24 04:00:00,14000.0,13.94,3345.0
2024-04-24 05:00:00,14948.6,18.27,3347.5
2024-04-24 06:00:00,18059.4,18.82,3527.0
2024-04-24 07:00:00,20904.3,22.28,5474.5
2024-04-24 08:00:00,23488.8,22.97,5384.0
2024-04-24 09:00:00,23316.0,23.17,5909.0
2024-04-24 10:00:00,21718.7,17.82,5639.0
2024-04-24 11:00:00,19389.8,10.32,6908.5
2024-04-24 12:00:00,18197.8,9.84,5915.5
2024-04-24 13:00:00,18244.4,10.81,4880.5
2024-04-24 14:00:00,19147.8,20.82,3943.0
2024-04-24 15:00:00,20873.2,23.78,3470.0
2024-04-24 16:00:00,22790.9,29.01,2855.0
2024-04-24 17:00:00,25343.6,34.87,1929.5
2024-04-24 18:00:00,26475.0,52.77,1118.5
2024-04-24 19:00:00,24838.9,49.31,310.5
2024-04-24 20:00:00,23549.2,36.86,101.0
2024-04-24 21:00:00,20981.5,38.34,36.5
2024-04-24 22:00:00,18876.8,36.66,18.5
2024-04-24 23:00:00,17305.7,30.23,9.5
2024-04-25 00:00:00,14551.7,22.27,40.5
2024-04-25 01:00:00,14000.0,18.54,54.0
2024-04-25 02:00:00,14000.0,23.02,94.0
2024-04-25 03:00:00,14000.0,17.17,121.5
2024-04-25 04:00:00,14000.0,18.04,764.5
2024-04-25 05:00:00,14598.8,18.41,655.5
2024-04-25 06:00:00,17724.9,25.4,1628.5
2024-04-25 07:00:00,21963.1,33.91,2783.5
2024-04-25 08:00:00,23338.6,26.38,3257.0
2024-04-25 09:00:00,23099.8,23.34,3847.5
2024-04-25 10:00:00,21616.8,25.21,4606.0
2024-04-25 11:00:00,19626.6,9.48,6069.5
2024-04-25 12:00:00,18112.2,-4.12,6392.0
2024-04-25 13:00:00,17933.4,15.61,6286.0
2024-04-25 14:00:00,18846.9,15.01,6048.0
2024-04-25 15:00:00,21749.7,22.61,5515.0
2024-04-25 16:00:00,23469.5,26.17,5115.5
2024-04-25 17:00:00,25035.4,30.89,4357.0
2024-04-25 18:00:00,26142.3,29.21,3560.0
2024-04-25 19:00:00,24821.5,36.56,2839.0
2024-04-25 20:00:00,23767.6,35.14,2667.0
2024-04-25 21:00:00,20597.5,29.07,2602.5
2024-04-25 22:00:00,18740.5,28.15,2601.0
2024-04-25 23:00:00,17294.0,28.99,2617.5
2024-04-26 00:00:00,14737.8,16.81,2688.5
2024-04-26 01:00:00,14000.0,14.78,2659.0
2024-04-26 02:00:00,14000.0,22.0,2641.0
2024-04-26 03:00:00,14000.0,12.21,2707.0
2024-04-26 04:00:00,14000.0,14.86,2968.5
2024-04-26 05:00:00,14601.5,16.5,2676.0
2024-04-26 06:00:00,18561.8,19.31,2938.5
2024-04-26 07:00:00,21290.6,22.95,4142.5
2024-04-26 08:00:00,22701.4,22.98,4853.5
2024-04-26 09:00:00,22579.7,28.24,4144.0
2024-04-26 10:00:00,21583.1,19.73,4364.0
2024-04-26 11:00:00,19586.5,16.12,4054.0
2024-04-26 12:00:00,18267.3,15.83,4343.0
2024-04-26 13:00:00,17845.3,12.5,3695.5
2024-04-26 14:00:00,19064.5,12.63,4330.5
2024-04-26 15:00:00,20648.1,32.79,3749.5
2024-04-26 16:00:00,23103.4,28.81,3156.0
2024-04-26 17:00:00,25487.7,38.59,2051.0
2024-04-26 18:00:00,26209.2,40.66,1475.5
2024-04-26 19:00:00,24745.2,35.56,694.5
2024-04-26 20:00:00,22864.3,36.72,455.0
2024-04-26 21:00:00,20764.5,29.87,424.5
2024-04-26 22:00:00,19015.3,32.23,870.0
2024-04-26 23:00:00,16474.7,26.88,620.0
2024-04-27 00:00:00,14000.0,22.77,433.0
2024-04-27 01:00:00,14000.0,15.02,991.0
2024-04-27 02:00:00,14000.0,11.72,533.5
2024-04-27 03:00:00,14000.0,11.04,314.0
2024-04-27 04:00:00,14000.0,22.22,330.5
2024-04-27 05:00:00,14000.0,18.31,368.0
2024-04-27 06:00:00,15744.9,15.17,1208.5
2024-04-27 07:00:00,18340.1,25.82,1669.0
2024-04-27 08:00:00,19479.3,27.68,2050.0
2024-04-27 09:00:00,19959.5,23.51,2288.5
2024-04-27 10:00:00,18616.0,16.76,2678.5
2024-04-27 11:00:00,17023.2,13.88,2912.5
2024-04-27 12:00:00,15342.3,16.42,2861.0
2024-04-27 13:00:00,15601.0,16.74,2811.0
2024-04-27 14:00:00,16553.7,13.39,2827.5
2024-04-27 15:00:00,17796.2,19.61,2334.5
2024-04-27 16:00:00,20111.1,45.09,1848.0
2024-04-27 17:00:00,21742.4,40.28,1442.5
2024-04-27 18:00:00,23048.3,36.76,868.0
2024-04-27 19:00:00,22402.7,43.68,346.5
2024-04-27 20:00:00,19579.1,34.14,202.5
2024-04-27 21:00:00,18645.3,36.8,199.5
2024-04-27 22:00:00,15849.1,21.84,135.5
2024-04-27 23:00:00,14922.0,26.08,98.5
2024-04-28 00:00:00,14000.0,25.31,108.5
2024-04-28 01:00:00,14000.0,20.32,401.0
2024-04-28 02:00:00,14000.0,17.86,766.0
2024-04-28 03:00:00,14000.0,21.42,378.0
2024-04-28 04:00:00,14000.0,14.34,582.0
2024-04-28 05:00:00,14000.0,17.78,633.5
2024-04-28 06:00:00,15970.5,18.76,1194.0
2024-04-28 07:00:00,18445.6,26.89,2037.0
2024-04-28 08:00:00,19797.6,26.58,2345.5
2024-04-28 09:00:00,19984.0,25.81,2779.5
2024-04-28 10:00:00,18504.4,22.76,3403.0
2024-04-28 11:00:00,16936.6,9.64,3331.5
2024-04-28 12:00:00,15495.1,18.77,3008.5
2024-04-28 13:00:00,15235.2,15.75,2918.0
2024-04-28 14:00:00,16192.0,8.59,2801.5
2024-04-28 15:00:00,17845.8,22.41,2448.5
2024-04-28 16:00:00,20275.4,27.85,2325.0
2024-04-28 17:00:00,22023.1,31.66,2508.5
2024-04-28 18:00:00,22299.2,27.95,2415.5
2024-04-28 19:00:00,22164.9,35.73,1027.0
2024-04-28 20:00:00,20422.0,34.73,1345.0
2024-04-28 21:00:00,17976.4,27.42,1137.5
2024-04-28 22:00:00,15816.9,17.84,820.5
2024-04-28 23:00:00,15001.3,20.72,553.5
2024-04-29 00:00:00,14489.1,22.33,710.5
2024-04-29 01:00:00,14000.0,17.78,1313.0
2024-04-29 02:00:00,14000.0,26.08,1490.0
2024-04-29 03:00:00,14000.0,19.77,2238.5
2024-04-29 04:00:00,14000.0,20.46,1830.0
2024-04-29 05:00:00,14687.3,19.35,1738.0
2024-04-29 06:00:00,17760.6,19.56,2826.0
2024-04-29 07:00:00,22074.3,35.59,3261.5
2024-04-29 08:00:00,22365.2,25.38,3664.0
2024-04-29 09:00:00,22096.8,25.34,3927.5
2024-04-29 10:00:00,21174.8,20.69,4599.0
2024-04-29 11:00:00,19630.5,12.13,4353.5
2024-04-29 12:00:00,17945.8,16.74,4140.0
2024-04-29 13:00:00,17882.2,20.58,3452.5
2024-04-29 14:00:00,18190.0,14.92,3365.0
2024-04-29 15:00:00,20424.9,23.16,2605.5
2024-04-29 16:00:00,22585.2,28.05,1855.5
2024-04-29 17:00:00,24156.8,44.17,1468.0
2024-04-29 18:00:00,25648.4,43.69,1021.0
2024-04-29 19:00:00,24020.3,46.01,673.0
2024-04-29 20:00:00,22468.3,36.46,459.5
2024-04-29 21:00:00,20351.9,35.93,534.5
2024-04-29 22:00:00,18115.7,22.66,378.5
2024-04-29 23:00:00,16887.2,24.53,190.0
2024-04-30 00:00:00,14519.6,30.68,158.0
2024-04-30 01:00:00,14000.0,21.87,590.0
2024-04-30 02:00:00,14000.0,19.54,224.0
2024-04-30 03:00:00,14000.0,13.27,186.5
2024-04-30 04:00:00,14000.0,21.77,185.5
2024-04-30 05:00:00,14566.1,19.23,475.5
2024-04-30 06:00:00,18048.6,28.75,1318.5
2024-04-30 07:00:00,21079.2,23.34,1807.5
2024-04-30 08:00:00,22523.8,34.23,2251.0
2024-04-30 09:00:00,22333.6,25.94,2816.5
2024-04-30 10:00:00,20686.2,18.92,3064.5
2024-04-30 11:00:00,19246.5,19.57,3522.0
2024-04-30 12:00:00,17842.7,23.57,3591.5
2024-04-30 13:00:00,17494.4,17.66,3673.0
2024-04-30 14:00:00,18459.0,18.79,3723.5
2024-04-30 15:00:00,20191.6,17.07,4829.0
2024-04-30 16:00:00,23213.3,34.62,3823.5
2024-04-30 17:00:00,24808.9,36.0,3036.5
2024-04-30 18:00:00,25186.9,30.17,2151.0
2024-04-30 19:00:00,25073.1,45.51,842.5
2024-04-30 20:00:00,22653.6,39.18,663.5
2024-04-30 21:00:00,20016.6,32.71,384.0
2024-04-30 22:00:00,18562.6,35.5,324.5
2024-04-30 23:00:00,16595.9,23.53,98.5
2024-05-01 00:00:00,14316.8,19.71,60.0
2024-05-01 01:00:00,14000.0,20.1,256.0
2024-05-01 02:00:00,14000.0,22.68,202.5
2024-05-01 03:00:00,14000.0,18.36,213.5
2024-05-01 04:00:00,14000.0,16.84,168.0
2024-05-01 05:00:00,14569.6,19.5,668.0
2024-05-01 06:00:00,17721.5,21.68,1375.5
2024-05-01 07:00:00,21558.0,36.01,1937.5
2024-05-01 08:00:00,22582.9,20.4,2404.0
2024-05-01 09:00:00,21620.7,27.84,3072.5
2024-05-01 10:00:00,20985.1,11.91,3617.0
2024-05-01 11:00:00,19617.7,17.45,3647.5
2024-05-01 12:00:00,18229.3,9.64,3936.5
2024-05-01 13:00:00,18094.9,7.01,3955.0
2024-05-01 14:00:00,18297.8,21.07,3526.0
2024-05-01 15:00:00,20776.8,24.76,3453.5
2024-05-01 16:00:00,22554.2,26.45,3651.5
2024-05-01 17:00:00,24780.1,35.57,2260.0
2024-05-01 18:00:00,24946.4,35.89,1299.5
2024-05-01 19:00:00,24451.3,39.5,468.0
2024-05-01 20:00:00,22538.4,35.42,438.5
2024-05-01 21:00:00,20654.5,31.87,573.0
2024-05-01 22:00:00,18440.4,28.58,553.0
2024-05-01 23:00:00,16744.1,31.75,434.5
2024-05-02 00:00:00,14066.8,23.05,423.5
2024-05-02 01:00:00,14000.0,22.04,275.0
2024-05-02 02:00:00,14000.0,16.68,217.0
2024-05-02 03:00:00,14000.0,22.86,156.0
2024-05-02 04:00:00,14000.0,10.61,113.0
2024-05-02 05:00:00,14632.3,17.81,544.0
2024-05-02 06:00:00,17591.0,18.04,1471.0
2024-05-02 07:00:00,20036.6,24.3,2077.5
2024-05-02 08:00:00,21912.2,24.38,3247.5
2024-05-02 09:00:00,22772.4,23.59,3838.0
2024-05-02 10:00:00,20679.2,19.27,4327.5
2024-05-02 11:00:00,18784.9,14.63,4581.0
2024-05-02 12:00:00,18187.0,16.88,5062.5
2024-05-02 13:00:00,17886.3,7.88,4939.0
2024-05-02 14:00:00,18527.5,10.87,4320.5
2024-05-02 15:00:00,20338.9,18.84,4023.0
2024-05-02 16:00:00,22680.9,27.93,3509.5
2024-05-02 17:00:00,24699.4,34.78,2472.5
2024-05-02 18:00:00,25956.5,47.33,2069.0
2024-05-02 19:00:00,24764.5,40.92,2724.5
2024-05-02 20:00:00,22941.5,42.79,1458.0
2024-05-02 21:00:00,20668.8,35.0,1050.5
2024-05-02 22:00:00,17842.9,27.66,982.0
2024-05-02 23:00:00,16808.1,14.28,1089.0
2024-05-03 00:00:00,14247.7,20.37,782.0
2024-05-03 01:00:00,14000.0,17.98,918.5
2024-05-03 02:00:00,14000.0,17.78,1069.5
2024-05-03 03:00:00,14000.0,21.84,1703.5
2024-05-03 04:00:00,14000.0,11.84,1833.5
2024-05-03 05:00:00,14381.7,22.16,1776.5
2024-05-03 06:00:00,17783.6,24.76,2320.5
2024-05-03 07:00:00,21436.7,25.78,4040.0
2024-05-03 08:00:00,22008.4,28.58,3943.0
2024-05-03 09:00:00,22215.1,17.41,3768.0
2024-05-03 10:00:00,20831.3,19.22,5384.0
2024-05-03 11:00:00,18727.9,7.18,5121.5
2024-05-03 12:00:00,17699.3,14.64,4296.0
2024-05-03 13:00:00,17076.1,8.2,3564.5
2024-05-03 14:00:00,18850.8,13.73,3602.0
2024-05-03 15:00:00,20154.1,19.64,3191.5
2024-05-03 16:00:00,23342.1,29.95,2329.5
2024-05-03 17:00:00,24523.5,36.55,1929.0
2024-05-03 18:00:00,25655.2,44.17,1053.5
2024-05-03 19:00:00,24508.8,51.68,414.0
2024-05-03 20:00:00,22610.0,35.87,235.5
2024-05-03 21:00:00,20069.1,33.89,243.0
2024-05-03 22:00:00,18134.7,28.3,531.5
2024-05-03 23:00:00,16644.8,21.82,173.0
2024-05-04 00:00:00,14000.0,12.8,19.0
2024-05-04 01:00:00,14000.0,16.94,68.0
2024-05-04 02:00:00,14000.0,18.71,8.5
2024-05-04 03:00:00,14000.0,19.46,6.5
2024-05-04 04:00:00,14000.0,14.89,87.0
2024-05-04 05:00:00,14000.0,18.14,452.5
2024-05-04 06:00:00,15334.4,19.13,969.0
2024-05-04 07:00:00,18131.6,19.92,1420.5
2024-05-04 08:00:00,19070.5,26.27,2071.5
2024-05-04 09:00:00,19143.7,14.42,2388.5
2024-05-04 10:00:00,18039.7,18.85,2766.0
2024-05-04 11:00:00,16812.9,13.81,2845.5
2024-05-04 12:00:00,15393.5,11.95,2904.5
2024-05-04 13:00:00,15487.5,13.81,2841.5
2024-05-04 14:00:00,16162.8,15.71,2571.0
2024-05-04 15:00:00,18089.3,11.49,2332.5
2024-05-04 16:00:00,19626.4,23.59,1922.0
2024-05-04 17:00:00,22040.1,33.59,1454.0
2024-05-04 18:00:00,21750.9,35.57,928.0
2024-05-04 19:00:00,21026.6,30.87,438.5
2024-05-04 20:00:00,19260.5,27.57,8.5
2024-05-04 21:00:00,18171.7,32.18,27.0
2024-05-04 22:00:00,15891.4,27.06,22.5
2024-05-04 23:00:00,14293.9,17.06,49.5
2024-05-05 00:00:00,14000.0,15.66,11.5
2024-05-05 01:00:00,14000.0,19.27,43.0
2024-05-05 02:00:00,14000.0,17.29,217.0
2024-05-05 03:00:00,14000.0,21.45,34.0
2024-05-05 04:00:00,14000.0,26.58,31.0
2024-05-05 05:00:00,14000.0,13.95,419.0
2024-05-05 06:00:00,14876.9,17.02,1235.5
2024-05-05 07:00:00,18290.5,18.63,1948.0
2024-05-05 08:00:00,19315.8,25.36,2293.0
2024-05-05 09:00:00,19425.0,22.66,3028.0
2024-05-05 10:00:00,18560.4,12.26,3390.0
2024-05-05 11:00:00,16283.4,15.31,3522.0
2024-05-05 12:00:00,15197.1,11.4,3690.0
2024-05-05 13:00:00,15151.4,7.41,3590.0
2024-05-05 14:00:00,16194.5,13.36,3860.0
2024-05-05 15:00:00,17452.6,8.3,3517.0
2024-05-05 16:00:00,19396.2,29.06,2633.5
2024-05-05 17:00:00,21546.1,29.08,1846.5
2024-05-05 18:00:00,21965.0,37.57,1355.5
2024-05-05 19:00:00,20553.4,29.4,813.0
2024-05-05 20:00:00,19194.9,24.19,436.0
2024-05-05 21:00:00,17896.2,30.02,458.5
2024-05-05 22:00:00,15743.0,20.02,649.0
2024-05-05 23:00:00,14156.6,16.31,1048.5
2024-05-06 00:00:00,14139.0,20.6,730.0
2024-05-06 01:00:00,14000.0,23.83,241.5
2024-05-06 02:00:00,14000.0,21.85,227.0
2024-05-06 03:00:00,14000.0,24.67,281.5
2024-05-06 04:00:00,14000.0,18.94,496.0
2024-05-06 05:00:00,14279.3,23.97,1058.0
2024-05-06 06:00:00,17540.1,25.78,1681.0
2024-05-06 07:00:00,20806.7,21.49,2463.5
2024-05-06 08:00:00,21812.9,28.48,3060.0
2024-05-06 09:00:00,22131.5,25.32,3116.0
2024-05-06 10:00:00,20876.4,17.9,3251.0
2024-05-06 11:00:00,18894.4,19.18,3302.0
2024-05-06 12:00:00,17560.6,14.85,3635.5
2024-05-06 13:00:00,17305.2,15.92,3430.5
2024-05-06 14:00:00,18056.4,11.24,3119.5
2024-05-06 15:00:00,20147.4,12.57,2843.5
2024-05-06 16:00:00,22861.1,27.78,2438.5
2024-05-06 17:00:00,24259.4,32.67,2154.5
2024-05-06 18:00:00,24692.0,39.97,1354.0
2024-05-06 19:00:00,24116.5,27.28,1182.0
2024-05-06 20:00:00,22473.5,39.42,865.0
2024-05-06 21:00:00,19942.1,33.98,1293.5
2024-05-06 22:00:00,18061.3,30.54,1179.0
2024-05-06 23:00:00,16537.4,27.9,824.0
2024-05-07 00:00:00,14320.0,15.31,739.5
2024-05-07 01:00:00,14000.0,16.12,474.0
2024-05-07 02:00:00,14000.0,18.59,645.5
2024-05-07 03:00:00,14000.0,19.38,362.5
2024-05-07 04:00:00,14000.0,16.45,172.0
2024-05-07 05:00:00,14161.1,19.44,669.5
2024-05-07 06:00:00,17393.8,24.39,1352.5
2024-05-07 07:00:00,20215.0,27.24,1877.0
2024-05-07 08:00:00,22007.6,27.85,2382.0
2024-05-07 09:00:00,21789.6,26.42,2929.0
2024-05-07 10:00:00,20270.4,18.28,3440.5
2024-05-07 11:00:00,18611.1,17.54,3570.0
2024-05-07 12:00:00,17778.9,14.96,3648.0
2024-05-07 13:00:00,17328.4,7.83,4211.5
2024-05-07 14:00:00,18905.0,23.17,3962.5
2024-05-07 15:00:00,20158.5,26.45,3407.0
2024-05-07 16:00:00,22270.7,29.59,3001.0
2024-05-07 17:00:00,24229.4,37.53,2672.0
2024-05-07 18:00:00,25044.9,38.49,2032.5
2024-05-07 19:00:00,24379.2,37.77,1235.0
2024-05-07 20:00:00,23032.8,43.63,535.0
2024-05-07 21:00:00,19739.2,34.05,142.5
2024-05-07 22:00:00,18105.8,32.34,183.5
2024-05-07 23:00:00,16409.2,32.47,89.5
2024-05-08 00:00:00,14000.0,14.45,88.0
2024-05-08 01:00:00,14000.0,22.88,97.5
2024-05-08 02:00:00,14000.0,16.8,273.0
2024-05-08 03:00:00,14000.0,20.25,105.5
2024-05-08 04:00:00,14000.0,17.42,253.0
2024-05-08 05:00:00,14000.0,23.79,685.5
2024-05-08 06:00:00,17129.6,24.93,1211.0
2024-05-08 07:00:00,20826.1,29.0,1631.0
2024-05-08 08:00:00,21932.6,22.78,2038.0
2024-05-08 09:00:00,21515.3,23.87,2638.5
2024-05-08 10:00:00,20485.0,20.28,3051.5
2024-05-08 11:00:00,18496.9,19.19,2999.5
2024-05-08 12:00:00,17294.1,13.68,2921.0
2024-05-08 13:00:00,17415.4,14.72,2847.0
2024-05-08 14:00:00,17857.1,7.2,2705.0
2024-05-08 15:00:00,19773.9,26.24,2586.0
2024-05-08 16:00:00,22351.8,24.75,2306.5
2024-05-08 17:00:00,24505.7,33.21,1837.5
2024-05-08 18:00:00,25335.3,41.64,1561.0
2024-05-08 19:00:00,23906.7,43.25,725.5
2024-05-08 20:00:00,22582.3,37.49,844.0
2024-05-08 21:00:00,19697.6,33.77,427.0
2024-05-08 22:00:00,18309.5,33.82,188.5
2024-05-08 23:00:00,16031.2,12.67,846.5
2024-05-09 00:00:00,14326.6,24.12,677.5
2024-05-09 01:00:00,14000.0,10.11,940.5
2024-05-09 02:00:00,14000.0,18.51,615.0
2024-05-09 03:00:00,14000.0,21.72,565.5
2024-05-09 04:00:00,14000.0,15.48,747.0
2024-05-09 05:00:00,14000.0,16.15,1409.5
2024-05-09 06:00:00,17611.1,7.95,2151.5
2024-05-09 07:00:00,20765.4,19.42,2846.5
2024-05-09 08:00:00,21997.9,20.72,3650.5
2024-05-09 09:00:00,21828.6,17.08,4340.5
2024-05-09 10:00:00,20585.3,13.98,5653.5
2024-05-09 11:00:00,18624.1,18.62,5230.0
2024-05-09 12:00:00,17028.2,11.26,5194.5
2024-05-09 13:00:00,16963.5,12.83,4653.5
2024-05-09 14:00:00,18183.5,14.89,4281.0
2024-05-09 15:00:00,20350.7,13.5,3774.5
2024-05-09 16:00:00,22772.6,31.4,3397.0
2024-05-09 17:00:00,24364.0,34.09,2734.5
2024-05-09 18:00:00,24906.0,37.3,2887.5
2024-05-09 19:00:00,24346.0,39.4,2708.5
2024-05-09 20:00:00,21980.7,34.64,2558.0
2024-05-09 21:00:00,19826.9,28.08,3247.0
2024-05-09 22:00:00,17548.5,18.36,3224.5
2024-05-09 23:00:00,15955.4,13.77,3410.5
2024-05-10 00:00:00,14075.6,11.84,2462.0
2024-05-10 01:00:00,14000.0,5.97,1391.5
2024-05-10 02:00:00,14000.0,15.92,1456.5
2024-05-10 03:00:00,14000.0,20.19,1520.0
2024-05-10 04:00:00,14000.0,21.9,1871.5
2024-05-10 05:00:00,14168.1,12.09,2348.0
2024-05-10 06:00:00,17345.0,17.87,3098.0
2024-05-10 07:00:00,20508.9,18.33,4484.0
2024-05-10 08:00:00,21717.5,19.38,5978.0
2024-05-10 09:00:00,21870.6,12.96,5337.0
2024-05-10 10:00:00,20497.6,12.21,5550.0
2024-05-10 11:00:00,18346.7,5.64,5781.0
2024-05-10 12:00:00,17327.7,9.59,5718.0
2024-05-10 13:00:00,16962.4,0.0,5275.5
2024-05-10 14:00:00,17923.8,10.68,5398.5
2024-05-10 15:00:00,19591.4,17.37,5505.0
2024-05-10 16:00:00,22589.4,16.12,4943.5
2024-05-10 17:00:00,24395.6,27.14,3814.5
2024-05-10 18:00:00,24925.7,31.2,2852.5
2024-05-10 19:00:00,24715.1,44.17,2331.0
2024-05-10 20:00:00,22074.8,41.75,1061.0
2024-05-10 21:00:00,20715.4,36.92,1130.5
2024-05-10 22:00:00,17655.6,29.08,784.5
2024-05-10 23:00:00,16274.3,27.87,939.0
2024-05-11 00:00:00,14000.0,22.21,788.5
2024-05-11 01:00:00,14000.0,25.67,1150.5
2024-05-11 02:00:00,14000.0,19.81,842.0
2024-05-11 03:00:00,14000.0,8.6,1150.5
2024-05-11 04:00:00,14000.0,15.16,1987.0
2024-05-11 05:00:00,14000.0,17.55,2166.5
2024-05-11 06:00:00,15117.4,13.13,2669.5
2024-05-11 07:00:00,17440.7,20.45,3572.5
2024-05-11 08:00:00,19166.8,12.87,3889.0
2024-05-11 09:00:00,18830.0,18.61,3919.0
2024-05-11 10:00:00,17444.4,4.23,4364.0
2024-05-11 11:00:00,15889.9,8.44,4350.5
2024-05-11 12:00:00,15621.9,2.35,4691.5
2024-05-11 13:00:00,14795.0,-1.08,4444.0
2024-05-11 14:00:00,15330.0,6.01,4158.5
2024-05-11 15:00:00,17106.1,5.11,4150.0
2024-05-11 16:00:00,19216.1,20.61,3599.5
2024-05-11 17:00:00,21000.9,23.54,2625.5
2024-05-11 18:00:00,21628.4,30.56,1756.0
2024-05-11 19:00:00,21035.5,32.2,1049.0
2024-05-11 20:00:00,19018.5,33.18,534.5
2024-05-11 21:00:00,17276.6,24.3,506.0
2024-05-11 22:00:00,15166.6,27.74,388.5
2024-05-11 23:00:00,14000.0,29.7,136.5
2024-05-12 00:00:00,14000.0,16.36,186.5
2024-05-12 01:00:00,14000.0,27.56,254.0
2024-05-12 02:00:00,14000.0,18.82,127.0
2024-05-12 03:00:00,14000.0,18.94,160.5
2024-05-12 04:00:00,14000.0,24.81,68.0
2024-05-12 05:00:00,14000.0,13.81,692.5
2024-05-12 06:00:00,15188.7,18.84,1844.0
2024-05-12 07:00:00,17166.0,19.41,2551.5
2024-05-12 08:00:00,19239.3,18.27,3193.0
2024-05-12 09:00:00,18864.6,14.34,3896.5
2024-05-12 10:00:00,17720.3,9.22,4066.0
2024-05-12 11:00:00,16123.0,10.99,4145.0
2024-05-12 12:00:00,14755.7,3.7,4027.0
2024-05-12 13:00:00,14478.9,9.44,4016.5
2024-05-12 14:00:00,15461.3,11.72,4013.0
2024-05-12 15:00:00,17384.3,5.31,3962.0
2024-05-12 16:00:00,19375.1,12.8,3480.0
2024-05-12 17:00:00,20344.9,21.89,3019.0
2024-05-12 18:00:00,21074.5,24.38,2113.0
2024-05-12 19:00:00,20540.0,27.38,1615.5
2024-05-12 20:00:00,19047.3,26.35,1056.5
2024-05-12 21:00:00,16790.0,31.66,1759.5
2024-05-12 22:00:00,14998.2,25.69,1247.0
2024-05-12 23:00:00,14000.0,16.47,662.5
2024-05-13 00:00:00,14000.0,12.35,452.0
2024-05-13 01:00:00,14000.0,17.65,645.5
2024-05-13 02:00:00,14000.0,14.74,608.5
2024-05-13 03:00:00,14000.0,22.54,875.5
2024-05-13 04:00:00,14000.0,19.43,1058.5
2024-05-13 05:00:00,14000.0,14.55,1554.0
2024-05-13 06:00:00,17473.8,20.37,2426.0
2024-05-13 07:00:00,20083.4,20.16,2412.0
2024-05-13 08:00:00,21583.6,24.91,2945.5
2024-05-13 09:00:00,21942.3,31.19,3388.0
2024-05-13 10:00:00,20030.0,16.39,3585.0
2024-05-13 11:00:00,18680.5,15.77,3810.0
2024-05-13 12:00:00,17278.2,8.78,3907.5
2024-05-13 13:00:00,16890.4,7.9,3812.5
2024-05-13 14:00:00,18042.5,19.37,3248.0
2024-05-13 15:00:00,19854.1,16.3,2847.5
2024-05-13 16:00:00,22317.5,27.63,2465.0
2024-05-13 17:00:00,23612.8,29.95,1855.5
2024-05-13 18:00:00,24532.3,43.66,1309.0
2024-05-13 19:00:00,23779.9,36.34,687.0
2024-05-13 20:00:00,22182.2,32.39,406.5
2024-05-13 21:00:00,19344.6,31.48,219.0
2024-05-13 22:00:00,17834.1,28.45,159.5
2024-05-13 23:00:00,16187.5,30.4,88.5
2024-05-14 00:00:00,14000.0,18.95,69.5
2024-05-14 01:00:00,14000.0,23.01,78.5
2024-05-14 02:00:00,14000.0,17.12,33.0
2024-05-14 03:00:00,14000.0,25.93,14.5
2024-05-14 04:00:00,14000.0,24.95,73.5
2024-05-14 05:00:00,14000.0,20.79,772.5
2024-05-14 06:00:00,16734.7,24.12,1712.0
2024-05-14 07:00:00,19597.7,24.85,2308.0
2024-05-14 08:00:00,21794.8,25.77,3053.0
2024-05-14 09:00:00,21316.4,17.75,3440.0
2024-05-14 10:00:00,19792.4,15.43,3643.0
2024-05-14 11:00:00,18308.9,17.19,3918.0
2024-05-14 12:00:00,17279.2,15.68,3711.5
2024-05-14 13:00:00,16562.6,12.75,4500.5
2024-05-14 14:00:00,17744.6,10.14,4523.5
2024-05-14 15:00:00,20151.7,24.36,4927.5
2024-05-14 16:00:00,21567.6,20.16,4979.0
2024-05-14 17:00:00,24053.7,32.25,3619.0
2024-05-14 18:00:00,24272.7,44.28,3470.0
2024-05-14 19:00:00,23931.5,30.55,3895.0
2024-05-14 20:00:00,22251.0,34.03,3675.0
2024-05-14 21:00:00,19811.1,19.77,3561.0
2024-05-14 22:00:00,17757.3,22.4,2541.5
2024-05-14 23:00:00,15754.5,22.74,2306.0
2024-05-15 00:00:00,14043.1,13.04,2789.5
2024-05-15 01:00:00,14000.0,19.05,1197.5
2024-05-15 02:00:00,14000.0,19.25,1478.5
2024-05-15 03:00:00,14000.0,18.89,1518.5
2024-05-15 04:00:00,14000.0,8.2,1876.0
2024-05-15 05:00:00,14000.0,24.22,2485.5
2024-05-15 06:00:00,16900.1,10.99,4222.0
2024-05-15 07:00:00,19694.6,15.81,4624.0
2024-05-15 08:00:00,21937.3,14.75,5126.5
2024-05-15 09:00:00,21509.9,13.74,5729.0
2024-05-15 10:00:00,20359.3,15.05,5641.5
2024-05-15 11:00:00,18265.1,14.22,5725.5
2024-05-15 12:00:00,16715.6,4.75,5501.5
2024-05-15 13:00:00,17131.2,9.22,5161.0
2024-05-15 14:00:00,17718.3,11.29,5182.0
2024-05-15 15:00:00,19753.8,10.83,5065.5
2024-05-15 16:00:00,21650.5,15.72,3989.0
2024-05-15 17:00:00,24264.8,24.73,4561.0
2024-05-15 18:00:00,24064.8,38.21,3231.0
2024-05-15 19:00:00,23554.1,31.89,2226.0
2024-05-15 20:00:00,21867.6,30.17,2108.5
2024-05-15 21:00:00,19221.0,31.03,1198.0
2024-05-15 22:00:00,17558.4,28.25,1438.0
2024-05-15 23:00:00,16375.3,19.03,1076.0
2024-05-16 00:00:00,14000.0,21.08,1485.5
2024-05-16 01:00:00,14000.0,19.98,1512.0
2024-05-16 02:00:00,14000.0,16.14,1197.5
2024-05-16 03:00:00,14000.0,11.15,983.0
2024-05-16 04:00:00,14000.0,22.61,856.5
2024-05-16 05:00:00,14000.0,19.19,933.0
2024-05-16 06:00:00,17349.2,22.69,1591.0
2024-05-16 07:00:00,19951.2,18.08,2427.0
2024-05-16 08:00:00,21540.1,33.93,3111.5
2024-05-16 09:00:00,21273.2,18.0,3609.5
2024-05-16 10:00:00,19388.2,15.05,3636.0
2024-05-16 11:00:00,17920.2,15.9,4528.5
2024-05-16 12:00:00,17276.6,11.35,4303.0
2024-05-16 13:00:00,16309.5,10.56,3908.5
2024-05-16 14:00:00,17566.7,7.81,3759.0
2024-05-16 15:00:00,19484.2,13.79,3137.5
2024-05-16 16:00:00,22376.2,28.36,2917.0
2024-05-16 17:00:00,23891.4,31.28,2112.0
2024-05-16 18:00:00,24118.7,43.91,1741.0
2024-05-16 19:00:00,24074.4,33.93,993.0
2024-05-16 20:00:00,21533.7,34.4,408.0
2024-05-16 21:00:00,19785.3,32.85,592.0
2024-05-16 22:00:00,17071.1,24.46,605.0
2024-05-16 23:00:00,16203.8,22.04,197.5
2024-05-17 00:00:00,14000.0,21.05,205.5
2024-05-17 01:00:00,14000.0,28.98,329.0
2024-05-17 02:00:00,14000.0,18.02,209.0
2024-05-17 03:00:00,14000.0,13.91,235.0
2024-05-17 04:00:00,14000.0,23.31,94.0
2024-05-17 05:00:00,14000.0,16.88,646.0
2024-05-17 06:00:00,16879.9,17.14,1341.5
2024-05-17 07:00:00,20184.4,28.13,1986.0
2024-05-17 08:00:00,21685.5,27.55,2722.5
2024-05-17 09:00:00,21320.3,19.73,3219.5
2024-05-17 10:00:00,19779.5,10.9,3564.0
2024-05-17 11:00:00,18224.7,17.27,3874.5
2024-05-17 12:00:00,17127.9,8.46,3768.5
2024-05-17 13:00:00,17319.2,13.59,3583.0
2024-05-17 14:00:00,17975.5,13.71,3487.0
2024-05-17 15:00:00,19838.1,22.57,2978.0
2024-05-17 16:00:00,22758.1,29.32,2590.5
2024-05-17 17:00:00,23741.3,38.03,2124.5
2024-05-17 18:00:00,24436.4,40.12,1406.5
2024-05-17 19:00:00,23801.0,30.42,811.0
2024-05-17 20:00:00,21391.5,35.21,63.5
2024-05-17 21:00:00,19311.2,32.82,122.5
2024-05-17 22:00:00,17250.0,26.11,170.5
2024-05-17 23:00:00,16061.0,30.38,127.5
2024-05-18 00:00:00,14000.0,23.03,115.5
2024-05-18 01:00:00,14000.0,12.9,232.5
2024-05-18 02:00:00,14000.0,18.04,849.0
2024-05-18 03:00:00,14000.0,20.75,346.5
2024-05-18 04:00:00,14000.0,17.25,367.0
2024-05-18 05:00:00,14000.0,21.18,751.5
2024-05-18 06:00:00,15029.9,19.36,1590.0
2024-05-18 07:00:00,17556.8,20.72,2496.5
2024-05-18 08:00:00,18245.1,21.82,2808.0
2024-05-18 09:00:00,18432.5,22.87,3264.0
2024-05-18 10:00:00,17322.8,15.92,3837.0
2024-05-18 11:00:00,15964.6,12.34,3867.5
2024-05-18 12:00:00,14943.9,6.43,3903.5
2024-05-18 13:00:00,14641.5,5.18,3508.0
2024-05-18 14:00:00,15518.1,17.9,3559.5
2024-05-18 15:00:00,16984.2,15.33,3205.0
2024-05-18 16:00:00,18685.1,15.67,2622.5
2024-05-18 17:00:00,20365.3,25.21,2105.0
2024-05-18 18:00:00,21059.8,29.01,1331.0
2024-05-18 19:00:00,20428.9,35.21,811.5
2024-05-18 20:00:00,18316.5,28.57,273.5
2024-05-18 21:00:00,16770.8,20.59,76.5
2024-05-18 22:00:00,15097.4,25.9,123.5
2024-05-18 23:00:00,14000.0,18.49,318.0
2024-05-19 00:00:00,14000.0,10.01,812.5
2024-05-19 01:00:00,14000.0,23.09,1008.5
2024-05-19 02:00:00,14000.0,13.95,921.5
2024-05-19 03:00:00,14000.0,16.61,303.0
2024-05-19 04:00:00,14000.0,20.58,551.5
2024-05-19 05:00:00,14000.0,17.92,1236.0
2024-05-19 06:00:00,15115.6,15.27,1499.0
2024-05-19 07:00:00,17516.4,21.76,1972.5
2024-05-19 08:00:00,18239.5,22.46,2587.5
2024-05-19 09:00:00,18410.3,13.53,3028.5
2024-05-19 10:00:00,17304.4,14.06,3317.0
2024-05-19 11:00:00,15784.0,10.36,3487.5
2024-05-19 12:00:00,14825.9,11.59,3772.5
2024-05-19 13:00:00,14344.0,7.08,3632.0
2024-05-19 14:00:00,15360.8,1.57,3410.5
2024-05-19 15:00:00,17033.5,24.66,2914.5
2024-05-19 16:00:00,19063.4,21.39,2544.5
2024-05-19 17:00:00,20149.4,26.72,1968.5
2024-05-19 18:00:00,20894.1,29.65,1309.5
2024-05-19 19:00:00,19563.1,31.45,623.0
2024-05-19 20:00:00,18628.7,32.84,13.5
2024-05-19 21:00:00,16698.1,30.27,0.5
2024-05-19 22:00:00,14818.0,22.39,17.5
2024-05-19 23:00:00,14000.0,11.17,72.5
2024-05-20 00:00:00,14000.0,19.2,144.5
2024-05-20 01:00:00,14000.0,20.12,156.0
2024-05-20 02:00:00,14000.0,18.05,192.5
2024-05-20 03:00:00,14000.0,16.59,88.0
2024-05-20 04:00:00,14000.0,19.31,5.5
2024-05-20 05:00:00,14000.0,21.69,746.5
2024-05-20 06:00:00,16913.0,21.8,1632.0
2024-05-20 07:00:00,19769.0,17.48,2446.0
2024-05-20 08:00:00,21483.7,17.35,2871.5
2024-05-20 09:00:00,21224.8,14.2,3385.5
2024-05-20 10:00:00,19691.4,17.77,3764.0
2024-05-20 11:00:00,17635.6,5.11,3979.5
2024-05-20 12:00:00,16490.9,8.82,3947.0
2024-05-20 13:00:00,16531.9,11.77,3997.0
2024-05-20 14:00:00,17595.1,14.02,3751.5
2024-05-20 15:00:00,19233.1,15.46,3497.0
2024-05-20 16:00:00,21795.3,31.28,2965.5
2024-05-20 17:00:00,23290.3,28.81,2144.0
2024-05-20 18:00:00,23735.6,35.69,1513.5
2024-05-20 19:00:00,23284.0,35.93,736.0
2024-05-20 20:00:00,21635.8,36.49,0.0
2024-05-20 21:00:00,19393.8,36.0,29.5
2024-05-20 22:00:00,17742.2,31.84,9.5
2024-05-20 23:00:00,15632.8,17.06,12.5
2024-05-21 00:00:00,14000.0,16.93,13.0
2024-05-21 01:00:00,14000.0,24.63,56.0
2024-05-21 02:00:00,14000.0,15.72,28.5
2024-05-21 03:00:00,14000.0,16.99,11.5
2024-05-21 04:00:00,14000.0,22.72,0.0
2024-05-21 05:00:00,14000.0,22.03,768.5
2024-05-21 06:00:00,16595.0,22.52,2018.5
2024-05-21 07:00:00,19294.8,13.81,3186.0
2024-05-21 08:00:00,21082.8,19.87,3877.0
2024-05-21 09:00:00,20804.6,15.99,4811.5
2024-05-21 10:00:00,19894.4,10.13,5970.5
2024-05-21 11:00:00,18172.6,0.78,6487.5
2024-05-21 12:00:00,16597.8,11.47,5652.0
2024-05-21 13:00:00,16574.7,4.21,6087.0
2024-05-21 14:00:00,17067.5,3.14,5670.0
2024-05-21 15:00:00,19222.1,17.92,3865.0
2024-05-21 16:00:00,21672.2,22.98,3413.0
2024-05-21 17:00:00,23623.3,33.91,2881.5
2024-05-21 18:00:00,23772.0,31.44,2250.5
2024-05-21 19:00:00,23696.0,34.76,1563.0
2024-05-21 20:00:00,21024.2,34.49,784.5
2024-05-21 21:00:00,18895.1,32.92,730.0
2024-05-21 22:00:00,17399.6,20.82,1659.5
2024-05-21 23:00:00,16149.9,18.41,720.5
2024-05-22 00:00:00,14000.0,21.7,830.5
2024-05-22 01:00:00,14000.0,20.96,723.0
2024-05-22 02:00:00,14000.0,20.08,683.5
2024-05-22 03:00:00,14000.0,19.56,996.5
2024-05-22 04:00:00,14000.0,19.21,1059.0
2024-05-22 05:00:00,14000.0,22.6,1329.5
2024-05-22 06:00:00,16549.8,20.63,1740.0
2024-05-22 07:00:00,19783.1,23.1,2304.5
2024-05-22 08:00:00,21326.6,20.24,2842.0
2024-05-22 09:00:00,21388.2,21.11,3362.5
2024-05-22 10:00:00,19718.1,20.67,3490.5
2024-05-22 11:00:00,18301.1,17.05,3788.5
2024-05-22 12:00:00,16790.4,4.74,3757.0
2024-05-22 13:00:00,16573.8,14.3,3724.5
2024-05-22 14:00:00,17797.4,13.1,3655.5
2024-05-22 15:00:00,19038.9,28.01,3151.5
2024-05-22 16:00:00,22402.7,33.03,2523.0
2024-05-22 17:00:00,23413.6,31.34,2039.5
2024-05-22 18:00:00,24112.4,31.38,1431.0
2024-05-22 19:00:00,23459.2,33.69,719.5
2024-05-22 20:00:00,22069.7,35.92,31.0
2024-05-22 21:00:00,19441.0,40.18,32.5
2024-05-22 22:00:00,16764.4,25.48,140.0
2024-05-22 23:00:00,16050.8,26.25,109.5
2024-05-23 00:00:00,14000.0,20.09,268.0
2024-05-23 01:00:00,14000.0,19.24,565.0
2024-05-23 02:00:00,14000.0,18.23,597.0
2024-05-23 03:00:00,14000.0,26.09,614.0
2024-05-23 04:00:00,14000.0,23.63,593.5
2024-05-23 05:00:00,14000.0,10.29,1647.5
2024-05-23 06:00:00,16721.0,11.85,2507.5
2024-05-23 07:00:00,20290.3,27.53,2993.5
2024-05-23 08:00:00,21875.5,29.54,3469.5
2024-05-23 09:00:00,21058.5,18.67,3419.5
2024-05-23 10:00:00,19654.0,16.38,3582.0
2024-05-23 11:00:00,17830.7,17.92,3872.0
2024-05-23 12:00:00,17030.0,13.82,4172.5
2024-05-23 13:00:00,16484.9,10.59,3829.0
2024-05-23 14:00:00,17369.4,16.13,3566.0
2024-05-23 15:00:00,19563.7,17.91,3581.0
2024-05-23 16:00:00,21275.5,21.53,3516.0
2024-05-23 17:00:00,23219.0,35.42,2606.5
2024-05-23 18:00:00,23356.1,31.45,1802.0
2024-05-23 19:00:00,23470.9,35.9,895.5
2024-05-23 20:00:00,22042.5,45.09,114.0
2024-05-23 21:00:00,19378.4,28.77,106.5
2024-05-23 22:00:00,17516.7,35.45,114.0
2024-05-23 23:00:00,15486.8,24.87,141.5
2024-05-24 00:00:00,14000.0,21.19,67.5
2024-05-24 01:00:00,14000.0,23.24,123.0
2024-05-24 02:00:00,14000.0,24.39,211.5
2024-05-24 03:00:00,14000.0,26.88,72.0
2024-05-24 04:00:00,14000.0,20.32,22.0
2024-05-24 05:00:00,14000.0,20.58,615.0
2024-05-24 06:00:00,16426.9,19.36,1233.0
2024-05-24 07:00:00,19271.9,22.81,1703.0
2024-05-24 08:00:00,21355.6,28.01,2112.0
2024-05-24 09:00:00,21649.8,29.64,2462.0
2024-05-24 10:00:00,19994.5,17.39,2874.0
2024-05-24 11:00:00,17384.7,8.59,2980.0
2024-05-24 12:00:00,17073.3,10.37,2977.5
2024-05-24 13:00:00,16764.2,12.2,2933.5
2024-05-24 14:00:00,17038.9,21.07,2732.0
2024-05-24 15:00:00,19152.8,17.74,2477.0
2024-05-24 16:00:00,21755.5,30.25,2146.5
2024-05-24 17:00:00,23374.9,38.59,1631.5
2024-05-24 18:00:00,23404.6,32.57,1205.5
2024-05-24 19:00:00,23389.2,44.12,618.0
2024-05-24 20:00:00,20688.7,37.75,7.5
2024-05-24 21:00:00,19066.9,27.85,10.5
2024-05-24 22:00:00,17396.9,26.78,0.5
2024-05-24 23:00:00,15657.3,21.45,0.0
2024-05-25 00:00:00,14000.0,20.21,0.0
2024-05-25 01:00:00,14000.0,22.95,4.0
2024-05-25 02:00:00,14000.0,18.42,65.0
2024-05-25 03:00:00,14000.0,22.63,99.5
2024-05-25 04:00:00,14000.0,21.99,22.0
2024-05-25 05:00:00,14000.0,14.08,628.0
2024-05-25 06:00:00,14709.4,18.76,1367.0
2024-05-25 07:00:00,17154.6,24.58,1853.5
2024-05-25 08:00:00,18430.7,19.61,2308.0
2024-05-25 09:00:00,18167.8,21.3,2795.5
2024-05-25 10:00:00,16702.9,9.52,3009.5
2024-05-25 11:00:00,15313.2,16.83,3130.5
2024-05-25 12:00:00,14452.9,10.37,3294.0
2024-05-25 13:00:00,14405.6,11.08,3219.5
2024-05-25 14:00:00,15472.2,7.73,3357.0
2024-05-25 15:00:00,16694.7,17.4,3171.5
2024-05-25 16:00:00,18863.3,22.4,2644.0
2024-05-25 17:00:00,20454.6,30.23,1835.5
2024-05-25 18:00:00,20655.8,35.8,1140.5
2024-05-25 19:00:00,20302.5,29.69,646.5
2024-05-25 20:00:00,18489.9,36.13,32.5
2024-05-25 21:00:00,16939.5,30.65,19.5
2024-05-25 22:00:00,14992.8,18.43,26.5
2024-05-25 23:00:00,14000.0,28.21,27.5
2024-05-26 00:00:00,14000.0,19.08,19.5
2024-05-26 01:00:00,14000.0,21.97,116.5
2024-05-26 02:00:00,14000.0,22.21,90.5
2024-05-26 03:00:00,14000.0,17.11,114.5
2024-05-26 04:00:00,14000.0,24.37,299.0
2024-05-26 05:00:00,14000.0,15.05,1401.5
2024-05-26 06:00:00,14632.2,10.46,1934.5
2024-05-26 07:00:00,16696.6,13.58,2757.5
2024-05-26 08:00:00,18197.6,10.16,3256.0
2024-05-26 09:00:00,18490.7,12.98,2878.5
2024-05-26 10:00:00,17069.8,18.51,3161.5
2024-05-26 11:00:00,15434.6,3.87,3250.5
2024-05-26 12:00:00,14582.9,9.32,3362.5
2024-05-26 13:00:00,14312.6,4.79,3377.0
2024-05-26 14:00:00,15118.1,14.76,3070.0
2024-05-26 15:00:00,16836.7,15.45,2683.0
2024-05-26 16:00:00,18344.8,15.71,2213.0
2024-05-26 17:00:00,20101.5,29.03,1732.0
2024-05-26 18:00:00,20590.3,27.92,1295.0
2024-05-26 19:00:00,19606.0,33.17,635.0
2024-05-26 20:00:00,18265.7,31.68,6.0
2024-05-26 21:00:00,16967.5,23.18,0.0
2024-05-26 22:00:00,14907.6,22.74,0.0
2024-05-26 23:00:00,14000.0,18.98,0.0
2024-05-27 00:00:00,14000.0,20.29,0.0
2024-05-27 01:00:00,14000.0,20.8,0.0
2024-05-27 02:00:00,14000.0,14.64,20.0
2024-05-27 03:00:00,14000.0,22.44,87.0
2024-05-27 04:00:00,14000.0,19.78,78.0
2024-05-27 05:00:00,14000.0,12.98,752.5
2024-05-27 06:00:00,16777.0,16.91,1306.0
2024-05-27 07:00:00,19172.3,15.96,2298.0
2024-05-27 08:00:00,21371.5,34.41,2681.0
2024-05-27 09:00:00,20771.8,23.47,3015.5
2024-05-27 10:00:00,19731.4,20.01,4067.0
2024-05-27 11:00:00,17571.5,20.48,3587.0
2024-05-27 12:00:00,16663.2,22.04,4247.0
2024-05-27 13:00:00,16521.9,9.82,3349.5
2024-05-27 14:00:00,17301.0,12.36,3467.5
2024-05-27 15:00:00,19243.6,15.89,2880.0
2024-05-27 16:00:00,21193.3,25.5,2414.0
2024-05-27 17:00:00,22823.3,24.32,1867.5
2024-05-27 18:00:00,24305.1,43.01,1319.0
2024-05-27 19:00:00,23403.7,40.26,744.5
2024-05-27 20:00:00,21006.3,34.95,110.5
2024-05-27 21:00:00,19180.9,26.11,2.5
2024-05-27 22:00:00,16815.3,33.2,63.0
2024-05-27 23:00:00,15284.8,22.08,67.0
2024-05-28 00:00:00,14000.0,28.43,116.5
2024-05-28 01:00:00,14000.0,19.96,78.5
2024-05-28 02:00:00,14000.0,21.46,109.5
2024-05-28 03:00:00,14000.0,15.88,124.0
2024-05-28 04:00:00,14000.0,25.84,262.0
2024-05-28 05:00:00,14000.0,9.74,1376.0
2024-05-28 06:00:00,16774.0,22.84,2092.0
2024-05-28 07:00:00,19286.7,27.56,2857.5
2024-05-28 08:00:00,21263.3,16.08,3712.0
2024-05-28 09:00:00,20874.2,24.09,4179.0
2024-05-28 10:00:00,19077.6,21.73,4136.0
2024-05-28 11:00:00,17711.2,14.13,4189.0
2024-05-28 12:00:00,16932.6,11.95,4425.0
2024-05-28 13:00:00,16817.8,12.38,3989.0
2024-05-28 14:00:00,17495.8,12.89,3787.0
2024-05-28 15:00:00,18752.0,12.88,3423.0
2024-05-28 16:00:00,21396.1,23.95,3295.5
2024-05-28 17:00:00,23299.5,29.84,2453.0
2024-05-28 18:00:00,23948.4,41.91,2419.0
2024-05-28 19:00:00,23270.1,36.32,1212.0
2024-05-28 20:00:00,21325.8,35.35,589.0
2024-05-28 21:00:00,18963.6,31.34,609.0
2024-05-28 22:00:00,16818.9,28.49,343.5
2024-05-28 23:00:00,15090.8,19.19,595.5
2024-05-29 00:00:00,14000.0,24.29,524.5
2024-05-29 01:00:00,14000.0,20.04,488.0
2024-05-29 02:00:00,14000.0,24.0,233.0
2024-05-29 03:00:00,14000.0,17.55,29.0
2024-05-29 04:00:00,14000.0,20.61,59.0
2024-05-29 05:00:00,14000.0,23.92,878.0
2024-05-29 06:00:00,16619.6,28.42,1578.0
2024-05-29 07:00:00,19476.7,25.32,2379.5
2024-05-29 08:00:00,21097.5,18.64,2958.0
2024-05-29 09:00:00,21436.7,14.87,3288.5
2024-05-29 10:00:00,19112.0,18.47,3744.5
2024-05-29 11:00:00,17779.6,20.14,3984.0
2024-05-29 12:00:00,16361.3,7.12,4006.0
2024-05-29 13:00:00,16242.3,7.7,4006.0
2024-05-29 14:00:00,17266.6,13.39,3644.5
2024-05-29 15:00:00,19444.8,28.18,3503.0
2024-05-29 16:00:00,21775.5,25.65,3085.0
2024-05-29 17:00:00,23120.1,30.64,2672.0
2024-05-29 18:00:00,23515.6,32.24,1978.5
2024-05-29 19:00:00,23817.7,37.9,1245.0
2024-05-29 20:00:00,21037.5,39.88,467.5
2024-05-29 21:00:00,18788.8,27.96,387.0
2024-05-29 22:00:00,16493.1,29.46,584.0
2024-05-29 23:00:00,15830.7,28.0,703.5
2024-05-30 00:00:00,14000.0,16.33,849.0
2024-05-30 01:00:00,14000.0,22.32,1175.5
2024-05-30 02:00:00,14000.0,28.02,977.0
2024-05-30 03:00:00,14000.0,14.31,952.0
2024-05-30 04:00:00,14000.0,19.72,463.5
2024-05-30 05:00:00,14000.0,18.74,921.0
2024-05-30 06:00:00,16162.7,20.11,1804.5
2024-05-30 07:00:00,19890.8,19.14,2619.0
2024-05-30 08:00:00,21212.5,18.01,3062.5
2024-05-30 09:00:00,20755.7,18.08,3297.0
2024-05-30 10:00:00,19565.1,16.0,4018.5
2024-05-30 11:00:00,17492.7,9.63,3939.0
2024-05-30 12:00:00,16388.7,12.55,4043.0
2024-05-30 13:00:00,16235.7,13.32,4129.5
2024-05-30 14:00:00,16771.2,6.36,4107.5
2024-05-30 15:00:00,19273.7,18.2,3741.0
2024-05-30 16:00:00,21545.7,24.19,3214.5
2024-05-30 17:00:00,22686.2,39.99,2428.5
2024-05-30 18:00:00,23733.1,33.03,1623.0
2024-05-30 19:00:00,22829.6,37.45,1090.5
2024-05-30 20:00:00,21242.0,44.48,197.0
2024-05-30 21:00:00,18741.4,22.96,27.0
2024-05-30 22:00:00,16691.8,33.16,59.0
2024-05-30 23:00:00,15724.4,22.45,1.0
2024-05-31 00:00:00,14000.0,15.32,1.5
2024-05-31 01:00:00,14000.0,22.74,0.0
2024-05-31 02:00:00,14000.0,22.26,11.0
2024-05-31 03:00:00,14000.0,23.91,55.5
2024-05-31 04:00:00,14000.0,24.15,133.0
2024-05-31 05:00:00,14000.0,16.42,1078.0
2024-05-31 06:00:00,16726.3,26.15,1936.0
2024-05-31 07:00:00,19778.2,27.79,2664.0
2024-05-31 08:00:00,20726.7,22.21,3465.5
2024-05-31 09:00:00,20695.1,20.02,3863.5
2024-05-31 10:00:00,19297.0,19.93,4004.5
2024-05-31 11:00:00,17325.7,10.92,4047.5
2024-05-31 12:00:00,16440.7,3.68,4064.5
2024-05-31 13:00:00,16650.5,8.42,4265.0
2024-05-31 14:00:00,17284.4,8.45,4421.0
2024-05-31 15:00:00,18613.9,14.29,4104.0
2024-05-31 16:00:00,20640.4,15.19,3765.0
2024-05-31 17:00:00,23462.5,24.62,2935.0
2024-05-31 18:00:00,23540.2,37.38,2217.0
2024-05-31 19:00:00,22662.1,35.14,1186.0
2024-05-31 20:00:00,21017.5,34.34,257.0
2024-05-31 21:00:00,18470.8,28.76,153.5
2024-05-31 22:00:00,17249.5,27.4,127.0
2024-05-31 23:00:00,15364.3,25.06,6.5
2024-06-01 00:00:00,14000.0,14.35,98.5
2024-06-01 01:00:00,14000.0,19.51,155.5
2024-06-01 02:00:00,14000.0,21.93,194.0
2024-06-01 03:00:00,14000.0,20.52,179.0
2024-06-01 04:00:00,14000.0,13.61,198.0
2024-06-01 05:00:00,14000.0,17.32,1065.5
2024-06-01 06:00:00,14507.4,14.09,2102.0
2024-06-01 07:00:00,16967.5,14.21,2493.0
2024-06-01 08:00:00,18119.4,12.44,3241.5
2024-06-01 09:00:00,18529.2,15.47,3805.5
2024-06-01 10:00:00,16577.4,9.52,4161.0
2024-06-01 11:00:00,15348.6,8.58,4057.0
2024-06-01 12:00:00,14341.6,13.47,4005.0
2024-06-01 13:00:00,14265.3,6.7,4094.0
2024-06-01 14:00:00,14864.9,2.68,4150.5
2024-06-01 15:00:00,16580.6,15.41,3984.5
2024-06-01 16:00:00,18311.8,14.98,3685.0
2024-06-01 17:00:00,19412.9,20.14,2988.0
2024-06-01 18:00:00,20479.5,22.42,2392.5
2024-06-01 19:00:00,19551.0,30.78,1288.0
2024-06-01 20:00:00,17855.9,27.15,500.0
2024-06-01 21:00:00,16442.5,29.56,390.5
2024-06-01 22:00:00,14778.5,24.54,539.0
2024-06-01 23:00:00,14000.0,17.5,253.5
2024-06-02 00:00:00,14000.0,17.38,95.0
2024-06-02 01:00:00,14000.0,22.52,43.5
2024-06-02 02:00:00,14000.0,26.74,31.5
2024-06-02 03:00:00,14000.0,25.99,23.0
2024-06-02 04:00:00,14000.0,27.65,79.5
2024-06-02 05:00:00,14000.0,18.9,773.5
2024-06-02 06:00:00,14204.4,19.35,1506.5
2024-06-02 07:00:00,16875.2,23.43,2052.5
2024-06-02 08:00:00,17984.2,26.81,2649.5
2024-06-02 09:00:00,18137.2,17.32,3382.0
2024-06-02 10:00:00,16816.2,10.89,3452.0
2024-06-02 11:00:00,15222.4,13.0,3715.5
2024-06-02 12:00:00,14092.1,-1.09,4073.0
2024-06-02 13:00:00,14216.1,9.74,3952.0
2024-06-02 14:00:00,14667.9,13.09,3751.5
2024-06-02 15:00:00,16584.5,16.5,3696.5
2024-06-02 16:00:00,19054.0,15.31,3362.5
2024-06-02 17:00:00,20258.2,24.23,3173.5
2024-06-02 18:00:00,20667.3,31.98,2319.5
2024-06-02 19:00:00,19825.0,30.14,1988.5
2024-06-02 20:00:00,17774.0,24.82,2298.0
2024-06-02 21:00:00,16060.1,23.35,1723.5
2024-06-02 22:00:00,14931.8,32.52,1958.0
2024-06-02 23:00:00,14000.0,13.63,1877.0
2024-06-03 00:00:00,14000.0,14.56,880.0
2024-06-03 01:00:00,14000.0,14.58,1522.5
2024-06-03 02:00:00,14000.0,28.8,894.0
2024-06-03 03:00:00,14000.0,20.54,2012.0
2024-06-03 04:00:00,14000.0,17.26,916.0
2024-06-03 05:00:00,14000.0,25.48,1685.0
2024-06-03 06:00:00,16291.2,12.08,2881.5
2024-06-03 07:00:00,19120.5,17.39,3606.5
2024-06-03 08:00:00,21004.5,15.98,4188.5
2024-06-03 09:00:00,20573.1,17.06,5087.0
2024-06-03 10:00:00,19211.5,14.2,5589.5
2024-06-03 11:00:00,17748.8,11.03,4853.5
2024-06-03 12:00:00,16399.6,13.71,4221.5
2024-06-03 13:00:00,16184.9,6.59,4208.5
2024-06-03 14:00:00,17269.6,10.17,3995.0
2024-06-03 15:00:00,19104.9,18.43,3530.0
2024-06-03 16:00:00,20995.8,31.0,3087.0
2024-06-03 17:00:00,22819.5,30.58,2920.0
2024-06-03 18:00:00,23194.9,30.9,2428.0
2024-06-03 19:00:00,22491.3,38.04,1315.5
2024-06-03 20:00:00,21255.4,34.96,417.0
2024-06-03 21:00:00,18933.2,32.28,406.5
2024-06-03 22:00:00,16930.8,26.37,349.5
2024-06-03 23:00:00,15453.4,19.25,167.5
2024-06-04 00:00:00,14000.0,18.36,284.0
2024-06-04 01:00:00,14000.0,27.65,219.0
2024-06-04 02:00:00,14000.0,22.63,152.0
2024-06-04 03:00:00,14000.0,21.84,220.5
2024-06-04 04:00:00,14000.0,20.77,392.5
2024-06-04 05:00:00,14000.0,16.04,1176.5
2024-06-04 06:00:00,16509.5,19.72,1825.5
2024-06-04 07:00:00,19505.5,21.26,2480.5
2024-06-04 08:00:00,20902.4,24.46,3077.0
2024-06-04 09:00:00,20694.8,16.63,3410.5
2024-06-04 10:00:00,19025.9,18.99,3684.5
2024-06-04 11:00:00,17753.5,12.39,3830.0
2024-06-04 12:00:00,17113.9,6.04,3829.0
2024-06-04 13:00:00,16140.5,7.8,3909.5
2024-06-04 14:00:00,17144.7,11.47,3490.0
2024-06-04 15:00:00,18764.5,21.86,3223.0
2024-06-04 16:00:00,20861.3,22.77,2963.0
2024-06-04 17:00:00,23289.8,27.81,2361.5
2024-06-04 18:00:00,23203.3,25.67,1641.5
2024-06-04 19:00:00,22594.2,32.6,1295.0
2024-06-04 20:00:00,20486.2,39.2,356.5
2024-06-04 21:00:00,18570.0,32.53,293.5
2024-06-04 22:00:00,16363.9,22.73,91.5
2024-06-04 23:00:00,15514.4,23.86,84.5
2024-06-05 00:00:00,14000.0,21.89,26.5
2024-06-05 01:00:00,14000.0,27.99,99.0
2024-06-05 02:00:00,14000.0,21.39,113.0
2024-06-05 03:00:00,14000.0,19.24,64.0
2024-06-05 04:00:00,14000.0,22.49,157.5
2024-06-05 05:00:00,14000.0,20.28,915.0
2024-06-05 06:00:00,16363.7,22.16,1759.5
2024-06-05 07:00:00,19115.9,24.81,2443.5
2024-06-05 08:00:00,20733.6,32.05,2918.0
2024-06-05 09:00:00,20827.5,15.53,3524.5
2024-06-05 10:00:00,19149.4,15.1,3866.5
2024-06-05 11:00:00,17416.6,10.39,4367.0
2024-06-05 12:00:00,16344.7,3.32,4168.0
2024-06-05 13:00:00,15902.8,2.75,4254.5
2024-06-05 14:00:00,17207.6,9.73,4061.5
2024-06-05 15:00:00,18362.4,14.18,3455.0
2024-06-05 16:00:00,20849.8,20.31,3136.5
2024-06-05 17:00:00,22993.9,21.9,2675.5
2024-06-05 18:00:00,23517.9,28.7,1997.0
2024-06-05 19:00:00,22929.7,33.71,1035.0
2024-06-05 20:00:00,20940.0,34.55,149.5
2024-06-05 21:00:00,19089.9,33.2,120.5
2024-06-05 22:00:00,17006.6,26.6,69.0
2024-06-05 23:00:00,15452.9,21.7,33.5
2024-06-06 00:00:00,14000.0,22.96,30.5
2024-06-06 01:00:00,14000.0,22.49,54.0
2024-06-06 02:00:00,14000.0,17.54,38.0
2024-06-06 03:00:00,14000.0,29.68,40.0
2024-06-06 04:00:00,14000.0,11.31,155.0
2024-06-06 05:00:00,14000.0,19.78,1029.0
2024-06-06 06:00:00,16683.1,23.13,1780.0
2024-06-06 07:00:00,19006.2,25.38,2502.0
2024-06-06 08:00:00,20483.2,22.14,3263.0
2024-06-06 09:00:00,20712.0,12.93,3848.0
2024-06-06 10:00:00,19172.7,23.29,3931.0
2024-06-06 11:00:00,17031.7,4.55,4002.0
2024-06-06 12:00:00,16467.1,4.58,4002.5
2024-06-06 13:00:00,15743.8,5.3,4002.0
2024-06-06 14:00:00,16844.1,4.54,4004.0
2024-06-06 15:00:00,19228.8,10.81,3724.0
2024-06-06 16:00:00,21539.8,19.19,3276.0
2024-06-06 17:00:00,22295.1,18.77,2719.0
2024-06-06 18:00:00,23269.5,33.51,1799.0
2024-06-06 19:00:00,22717.3,33.56,993.0
2024-06-06 20:00:00,21496.1,35.6,128.0
2024-06-06 21:00:00,18600.9,32.31,0.0
2024-06-06 22:00:00,16635.1,26.46,0.0
2024-06-06 23:00:00,15689.0,22.26,0.0
2024-06-07 00:00:00,14000.0,23.37,0.0
2024-06-07 01:00:00,14000.0,20.3,0.0
2024-06-07 02:00:00,14000.0,18.04,0.0
2024-06-07 03:00:00,14000.0,20.84,0.0
2024-06-07 04:00:00,14000.0,26.3,107.0
2024-06-07 05:00:00,14000.0,15.77,745.0
2024-06-07 06:00:00,16603.7,23.31,1441.0
2024-06-07 07:00:00,19242.2,19.56,1986.0
2024-06-07 08:00:00,20644.4,24.36,2528.0
2024-06-07 09:00:00,20317.7,22.77,2973.0
2024-06-07 10:00:00,19109.5,14.11,3274.5
2024-06-07 11:00:00,17588.1,12.79,3340.0
2024-06-07 12:00:00,16598.9,7.53,3496.0
2024-06-07 13:00:00,15539.7,6.44,3326.0
2024-06-07 14:00:00,16855.4,13.29,3197.0
2024-06-07 15:00:00,18871.8,24.51,3158.0
2024-06-07 16:00:00,20912.7,26.55,2532.0
2024-06-07 17:00:00,22822.5,31.13,2042.0
2024-06-07 18:00:00,23454.1,40.82,1461.0
2024-06-07 19:00:00,22575.1,30.42,804.0
2024-06-07 20:00:00,20749.4,40.81,113.0
2024-06-07 21:00:00,18650.8,29.63,12.0
2024-06-07 22:00:00,17025.7,28.98,11.5
2024-06-07 23:00:00,15148.4,26.72,5.5
2024-06-08 00:00:00,14000.0,23.49,10.0
2024-06-08 01:00:00,14000.0,19.97,0.0
2024-06-08 02:00:00,14000.0,24.99,0.0
2024-06-08 03:00:00,14000.0,19.77,9.0
2024-06-08 04:00:00,14000.0,19.23,121.0
2024-06-08 05:00:00,14000.0,17.24,921.0
2024-06-08 06:00:00,14238.1,17.17,1581.0
2024-06-08 07:00:00,16684.1,12.18,2451.0
2024-06-08 08:00:00,17940.5,12.96,2979.0
2024-06-08 09:00:00,17791.2,6.79,3505.0
2024-06-08 10:00:00,16877.8,9.68,3794.0
2024-06-08 11:00:00,15270.8,11.08,3999.0
2024-06-08 12:00:00,14267.6,17.81,4104.5
2024-06-08 13:00:00,14000.0,5.3,3984.5
2024-06-08 14:00:00,14619.8,11.74,4359.5
2024-06-08 15:00:00,16889.5,12.11,3850.0
2024-06-08 16:00:00,18154.8,17.28,3125.5
2024-06-08 17:00:00,19487.9,22.23,2405.5
2024-06-08 18:00:00,20739.6,27.97,1796.0
2024-06-08 19:00:00,19794.7,29.24,1041.0
2024-06-08 20:00:00,18335.7,28.37,293.0
2024-06-08 21:00:00,16236.6,33.25,197.0
2024-06-08 22:00:00,14477.8,24.23,291.0
2024-06-08 23:00:00,14000.0,18.26,133.5
2024-06-09 00:00:00,14000.0,23.81,194.5
2024-06-09 01:00:00,14000.0,25.5,102.5
2024-06-09 02:00:00,14000.0,16.29,30.5
2024-06-09 03:00:00,14000.0,25.82,33.0
2024-06-09 04:00:00,14000.0,24.66,151.0
2024-06-09 05:00:00,14000.0,18.58,1030.0
2024-06-09 06:00:00,14219.0,19.94,1978.0
2024-06-09 07:00:00,17409.2,21.09,2689.5
2024-06-09 08:00:00,18247.5,14.12,3326.0
2024-06-09 09:00:00,17626.8,12.46,3935.0
2024-06-09 10:00:00,16797.0,15.77,4005.5
2024-06-09 11:00:00,15035.2,4.17,4013.0
2024-06-09 12:00:00,14000.0,2.33,4004.0
2024-06-09 13:00:00,14000.0,5.17,4018.0
2024-06-09 14:00:00,14842.2,4.78,4041.5
2024-06-09 15:00:00,15889.7,18.65,3988.5
2024-06-09 16:00:00,17873.6,21.2,3274.5
2024-06-09 17:00:00,19702.5,30.81,2751.5
2024-06-09 18:00:00,20161.4,31.22,2002.5
2024-06-09 19:00:00,19810.4,30.14,1118.5
2024-06-09 20:00:00,17831.0,20.32,326.5
2024-06-09 21:00:00,16429.9,28.01,98.0
2024-06-09 22:00:00,14276.2,17.4,44.0
2024-06-09 23:00:00,14000.0,14.98,22.0
2024-06-10 00:00:00,14000.0,26.55,1.0
2024-06-10 01:00:00,14000.0,16.95,5.0
2024-06-10 02:00:00,14000.0,18.52,23.5
2024-06-10 03:00:00,14000.0,19.52,14.0
2024-06-10 04:00:00,14000.0,21.3,251.5
2024-06-10 05:00:00,14000.0,16.84,1037.5
2024-06-10 06:00:00,16357.7,21.5,1900.0
2024-06-10 07:00:00,18909.5,23.53,2515.0
2024-06-10 08:00:00,20536.1,13.88,3480.5
2024-06-10 09:00:00,20120.9,23.88,3940.0
2024-06-10 10:00:00,18754.9,8.67,4292.5
2024-06-10 11:00:00,17567.4,6.54,4302.0
2024-06-10 12:00:00,16039.1,14.01,4789.5
2024-06-10 13:00:00,16210.7,7.15,4507.0
2024-06-10 14:00:00,16690.3,14.31,4037.5
2024-06-10 15:00:00,18859.9,18.97,3590.5
2024-06-10 16:00:00,20734.7,23.59,3268.5
2024-06-10 17:00:00,23102.0,25.76,2907.5
2024-06-10 18:00:00,23411.0,32.15,2036.0
2024-06-10 19:00:00,23037.4,42.88,1089.5
2024-06-10 20:00:00,20622.3,31.62,230.0
2024-06-10 21:00:00,18685.4,31.37,88.0
2024-06-10 22:00:00,16446.9,28.57,75.5
2024-06-10 23:00:00,15180.9,22.23,1.0
2024-06-11 00:00:00,14000.0,18.5,0.0
2024-06-11 01:00:00,14000.0,20.66,1.0
2024-06-11 02:00:00,14000.0,20.55,8.0
2024-06-11 03:00:00,14000.0,15.05,27.0
2024-06-11 04:00:00,14000.0,21.93,153.5
2024-06-11 05:00:00,14000.0,22.95,917.5
2024-06-11 06:00:00,16495.3,4.72,1786.5
2024-06-11 07:00:00,18731.0,21.76,2366.0
2024-06-11 08:00:00,20248.9,8.44,3073.0
2024-06-11 09:00:00,21028.6,26.64,3575.0
2024-06-11 10:00:00,18925.3,12.45,3825.0
2024-06-11 11:00:00,17533.5,12.0,3842.0
2024-06-11 12:00:00,16459.1,4.89,3964.0
2024-06-11 13:00:00,16281.8,17.5,3868.0
2024-06-11 14:00:00,16621.9,18.49,3940.0
2024-06-11 15:00:00,18697.7,11.41,3470.5
2024-06-11 16:00:00,20365.9,16.11,3096.0
2024-06-11 17:00:00,23437.7,34.48,2338.0
2024-06-11 18:00:00,22723.9,36.02,1676.0
2024-06-11 19:00:00,22246.4,33.01,956.0
2024-06-11 20:00:00,20518.2,30.02,142.5
2024-06-11 21:00:00,18237.2,36.55,26.5
2024-06-11 22:00:00,17018.8,26.54,28.5
2024-06-11 23:00:00,15819.2,23.81,13.0
2024-06-12 00:00:00,14000.0,21.88,8.0
2024-06-12 01:00:00,14000.0,15.17,1.0
2024-06-12 02:00:00,14000.0,18.73,2.0
2024-06-12 03:00:00,14000.0,17.14,0.0
2024-06-12 04:00:00,14000.0,12.46,132.0
2024-06-12 05:00:00,14000.0,14.11,829.0
2024-06-12 06:00:00,16385.1,19.22,1572.0
2024-06-12 07:00:00,19292.4,20.12,2044.0
2024-06-12 08:00:00,20759.8,22.85,2749.0
2024-06-12 09:00:00,20368.2,16.82,3049.0
2024-06-12 10:00:00,18779.8,18.98,3400.0
2024-06-12 11:00:00,17612.3,17.74,3485.0
2024-06-12 12:00:00,16294.6,12.19,3806.0
2024-06-12 13:00:00,16325.9,10.12,3812.0
2024-06-12 14:00:00,17200.7,15.43,3654.0
2024-06-12 15:00:00,18350.7,14.17,3120.0
2024-06-12 16:00:00,20410.3,19.17,2802.5
2024-06-12 17:00:00,22337.4,28.82,2214.0
2024-06-12 18:00:00,22897.2,30.98,1545.5
2024-06-12 19:00:00,22842.9,41.83,875.0
2024-06-12 20:00:00,20939.8,43.84,134.0
2024-06-12 21:00:00,18951.3,42.82,2.0
2024-06-12 22:00:00,16768.7,31.06,4.5
2024-06-12 23:00:00,15302.4,25.64,1.5
2024-06-13 00:00:00,14000.0,13.14,0.0
2024-06-13 01:00:00,14000.0,19.6,17.5
2024-06-13 02:00:00,14000.0,18.19,45.5
2024-06-13 03:00:00,14000.0,18.58,6.5
2024-06-13 04:00:00,14000.0,26.55,137.5
2024-06-13 05:00:00,14000.0,24.62,679.0
2024-06-13 06:00:00,16116.5,18.69,1242.0
2024-06-13 07:00:00,19370.0,22.56,1724.0
2024-06-13 08:00:00,21031.2,26.2,2087.5
2024-06-13 09:00:00,20438.1,16.38,2476.5
2024-06-13 10:00:00,19458.9,26.04,2781.5
2024-06-13 11:00:00,16913.3,17.86,2985.5
2024-06-13 12:00:00,16268.7,7.95,2958.0
2024-06-13 13:00:00,16092.4,8.0,2882.0
2024-06-13 14:00:00,16804.4,22.08,2771.5
2024-06-13 15:00:00,19410.1,25.28,2518.5
2024-06-13 16:00:00,20826.5,34.28,2212.0
2024-06-13 17:00:00,22442.5,27.73,2018.5
2024-06-13 18:00:00,23261.7,42.64,1430.0
2024-06-13 19:00:00,21896.0,30.74,887.0
2024-06-13 20:00:00,20580.9,35.11,321.0
2024-06-13 21:00:00,18908.2,24.38,97.5
2024-06-13 22:00:00,16502.9,24.34,172.0
2024-06-13 23:00:00,15056.4,24.29,147.5
2024-06-14 00:00:00,14000.0,19.72,69.5
2024-06-14 01:00:00,14000.0,24.06,97.0
2024-06-14 02:00:00,14000.0,17.91,136.0
2024-06-14 03:00:00,14000.0,21.31,146.0
2024-06-14 04:00:00,14000.0,19.35,262.0
2024-06-14 05:00:00,14000.0,16.09,999.0
2024-06-14 06:00:00,16070.3,22.86,1491.5
2024-06-14 07:00:00,18858.4,19.93,2041.0
2024-06-14 08:00:00,20446.7,23.02,2594.5
2024-06-14 09:00:00,20126.5,18.37,3358.5
2024-06-14 10:00:00,18627.9,23.72,3421.5
2024-06-14 11:00:00,17477.2,13.09,3657.5
2024-06-14 12:00:00,16331.7,10.34,3728.0
2024-06-14 13:00:00,16504.9,9.06,3984.0
2024-06-14 14:00:00,16811.2,12.91,4026.0
2024-06-14 15:00:00,18814.1,15.21,3642.5
2024-06-14 16:00:00,20934.9,22.16,3010.5
2024-06-14 17:00:00,22483.8,26.64,2895.0
2024-06-14 18:00:00,23500.9,33.14,2465.5
2024-06-14 19:00:00,22825.7,39.55,1477.0
2024-06-14 20:00:00,20910.4,32.56,828.0
2024-06-14 21:00:00,18552.9,24.37,534.0
2024-06-14 22:00:00,16562.8,18.1,1170.5
2024-06-14 23:00:00,14926.0,34.61,452.0
2024-06-15 00:00:00,14000.0,16.83,542.5
2024-06-15 01:00:00,14000.0,28.34,503.0
2024-06-15 02:00:00,14000.0,17.81,1235.5
2024-06-15 03:00:00,14000.0,14.09,1567.0
2024-06-15 04:00:00,14000.0,17.77,1404.5
2024-06-15 05:00:00,14000.0,17.83,1969.5
2024-06-15 06:00:00,14247.6,11.57,2612.0
2024-06-15 07:00:00,16402.8,11.98,3226.0
2024-06-15 08:00:00,17865.8,7.25,4185.5
2024-06-15 09:00:00,17594.8,10.78,3870.0
2024-06-15 10:00:00,16738.6,11.49,4185.0
2024-06-15 11:00:00,14995.0,-1.1,4362.5
2024-06-15 12:00:00,14367.8,2.07,4399.0
2024-06-15 13:00:00,14000.0,5.15,4114.5
2024-06-15 14:00:00,14624.0,11.1,3815.5
2024-06-15 15:00:00,15983.1,6.67,3245.0
2024-06-15 16:00:00,18189.9,25.59,3005.5
2024-06-15 17:00:00,19891.4,25.47,2366.0
2024-06-15 18:00:00,20294.8,22.51,1695.0
2024-06-15 19:00:00,20281.2,31.23,915.5
2024-06-15 20:00:00,18483.9,27.04,201.0
2024-06-15 21:00:00,16122.0,19.04,115.5
2024-06-15 22:00:00,14412.4,20.98,290.5
2024-06-15 23:00:00,14000.0,20.54,141.0
2024-06-16 00:00:00,14000.0,22.12,216.5
2024-06-16 01:00:00,14000.0,15.84,748.5
2024-06-16 02:00:00,14000.0,17.34,176.0
2024-06-16 03:00:00,14000.0,24.95,194.0
2024-06-16 04:00:00,14000.0,23.65,317.5
2024-06-16 05:00:00,14000.0,11.75,1330.5
2024-06-16 06:00:00,14219.1,6.79,2384.5
2024-06-16 07:00:00,16627.7,12.83,2433.0
2024-06-16 08:00:00,18348.2,24.27,2743.5
2024-06-16 09:00:00,18031.2,4.68,3120.0
2024-06-16 10:00:00,16503.7,10.4,3198.5
2024-06-16 11:00:00,15145.6,13.91,3144.0
2024-06-16 12:00:00,14190.0,8.64,3184.0
2024-06-16 13:00:00,14067.9,7.06,3163.0
2024-06-16 14:00:00,14462.8,12.7,3086.5
2024-06-16 15:00:00,15907.4,12.49,2766.0
2024-06-16 16:00:00,17874.1,17.07,2316.0
2024-06-16 17:00:00,19337.6,27.69,1836.0
2024-06-16 18:00:00,20010.4,36.3,1309.0
2024-06-16 19:00:00,19802.7,20.78,737.0
2024-06-16 20:00:00,18044.3,26.04,132.0
2024-06-16 21:00:00,16239.3,24.8,5.5
2024-06-16 22:00:00,14211.0,19.46,8.0
2024-06-16 23:00:00,14000.0,21.27,184.5
2024-06-17 00:00:00,14000.0,19.84,698.0
2024-06-17 01:00:00,14000.0,14.35,915.5
2024-06-17 02:00:00,14000.0,21.55,1073.0
2024-06-17 03:00:00,14000.0,19.33,740.5
2024-06-17 04:00:00,14000.0,25.26,535.0
2024-06-17 05:00:00,14000.0,22.4,917.5
2024-06-17 06:00:00,16128.8,19.67,1233.0
2024-06-17 07:00:00,19090.4,26.27,1866.0
2024-06-17 08:00:00,20646.9,16.11,2185.0
2024-06-17 09:00:00,20378.0,14.56,2568.0
2024-06-17 10:00:00,19048.2,23.99,2863.0
2024-06-17 11:00:00,17026.4,14.21,2949.5
2024-06-17 12:00:00,16024.1,16.91,3234.5
2024-06-17 13:00:00,16042.9,17.01,3051.0
2024-06-17 14:00:00,16923.2,8.57,2913.5
2024-06-17 15:00:00,18554.2,21.76,2763.0
2024-06-17 16:00:00,20762.0,22.33,2309.0
2024-06-17 17:00:00,22568.9,30.59,1735.5
2024-06-17 18:00:00,23529.0,30.22,1359.5
2024-06-17 19:00:00,22508.3,40.4,695.0
2024-06-17 20:00:00,20912.8,37.42,136.0
2024-06-17 21:00:00,18455.5,28.17,26.0
2024-06-17 22:00:00,16779.0,23.8,78.0
2024-06-17 23:00:00,15309.9,26.97,202.0
2024-06-18 00:00:00,14000.0,17.61,230.5
2024-06-18 01:00:00,14000.0,18.3,258.5
2024-06-18 02:00:00,14000.0,17.98,163.5
2024-06-18 03:00:00,14000.0,18.03,117.0
2024-06-18 04:00:00,14000.0,23.62,173.5
2024-06-18 05:00:00,14000.0,19.05,844.5
2024-06-18 06:00:00,16136.4,17.55,1480.0
2024-06-18 07:00:00,18957.0,19.23,1989.0
2024-06-18 08:00:00,20671.4,25.45,2379.5
2024-06-18 09:00:00,20548.4,22.94,2605.0
2024-06-18 10:00:00,18818.7,22.63,2829.5
2024-06-18 11:00:00,17381.1,11.59,3193.5
2024-06-18 12:00:00,16233.5,14.33,3186.0
2024-06-18 13:00:00,15542.3,9.76,3283.0
2024-06-18 14:00:00,16906.8,16.1,3009.0
2024-06-18 15:00:00,18666.1,26.41,2768.0
2024-06-18 16:00:00,20764.1,24.84,2265.5
2024-06-18 17:00:00,23023.6,41.35,1965.0
2024-06-18 18:00:00,22792.4,33.16,1466.0
2024-06-18 19:00:00,22259.6,30.14,1267.5
2024-06-18 20:00:00,19970.8,38.71,738.0
2024-06-18 21:00:00,18469.6,37.89,244.0
2024-06-18 22:00:00,16535.0,22.24,263.5
2024-06-18 23:00:00,15105.3,20.22,88.0
2024-06-19 00:00:00,14000.0,24.6,113.0
2024-06-19 01:00:00,14000.0,23.61,90.5
2024-06-19 02:00:00,14000.0,17.52,230.0
2024-06-19 03:00:00,14000.0,16.98,314.0
2024-06-19 04:00:00,14000.0,21.66,300.5
2024-06-19 05:00:00,14000.0,15.59,1576.5
2024-06-19 06:00:00,16094.7,19.91,2384.5
2024-06-19 07:00:00,18643.5,23.12,2777.5
2024-06-19 08:00:00,20477.4,25.85,3349.5
2024-06-19 09:00:00,20651.0,11.78,3826.5
2024-06-19 10:00:00,19703.6,25.98,3566.5
2024-06-19 11:00:00,17415.5,15.27,3582.0
2024-06-19 12:00:00,16068.7,7.65,3816.0
2024-06-19 13:00:00,15789.7,8.14,3950.0
2024-06-19 14:00:00,17102.0,15.31,3720.0
2024-06-19 15:00:00,18213.8,16.86,3534.5
2024-06-19 16:00:00,20984.5,23.41,3729.0
2024-06-19 17:00:00,22819.8,28.83,2921.5
2024-06-19 18:00:00,23366.1,40.0,2267.5
2024-06-19 19:00:00,22462.6,35.16,1691.0
2024-06-19 20:00:00,20959.9,39.13,643.5
2024-06-19 21:00:00,18650.2,36.75,1707.5
2024-06-19 22:00:00,16438.4,27.95,1245.0
2024-06-19 23:00:00,15643.2,22.98,1494.5
2024-06-20 00:00:00,14000.0,9.32,2072.0
2024-06-20 01:00:00,14000.0,15.41,2033.0
2024-06-20 02:00:00,14000.0,24.65,2694.5
2024-06-20 03:00:00,14000.0,17.5,2517.5
2024-06-20 04:00:00,14000.0,11.11,2092.0
2024-06-20 05:00:00,14000.0,12.68,2922.5
2024-06-20 06:00:00,16431.5,11.16,3500.0
2024-06-20 07:00:00,19296.7,16.07,4961.5
2024-06-20 08:00:00,20415.4,17.25,4983.0
2024-06-20 09:00:00,20587.7,17.01,4650.0
2024-06-20 10:00:00,18822.1,13.2,5580.0
2024-06-20 11:00:00,17240.8,0.74,5565.5
2024-06-20 12:00:00,16530.4,11.44,5055.0
2024-06-20 13:00:00,16310.7,14.63,4794.5
2024-06-20 14:00:00,16782.1,2.98,4641.5
2024-06-20 15:00:00,18503.4,20.57,4059.0
2024-06-20 16:00:00,20611.5,25.07,3620.5
2024-06-20 17:00:00,22791.4,30.51,3159.5
2024-06-20 18:00:00,22866.3,33.3,1879.0
2024-06-20 19:00:00,22657.8,36.3,1215.0
2024-06-20 20:00:00,21017.0,37.06,1162.5
2024-06-20 21:00:00,18578.2,30.48,691.5
2024-06-20 22:00:00,16884.8,36.16,1238.0
2024-06-20 23:00:00,15151.5,19.18,941.0
2024-06-21 00:00:00,14000.0,26.76,740.0
2024-06-21 01:00:00,14000.0,18.09,1321.5
2024-06-21 02:00:00,14000.0,18.73,482.5
2024-06-21 03:00:00,14000.0,23.07,1222.5
2024-06-21 04:00:00,14000.0,17.0,1355.0
2024-06-21 05:00:00,14000.0,24.49,1232.0
2024-06-21 06:00:00,16039.2,15.57,1860.0
2024-06-21 07:00:00,18963.5,28.82,2062.0
2024-06-21 08:00:00,21043.9,29.26,2185.5
2024-06-21 09:00:00,20483.9,22.46,2757.0
2024-06-21 10:00:00,18766.7,15.32,2756.5
2024-06-21 11:00:00,17481.1,11.13,3059.0
2024-06-21 12:00:00,16221.6,8.65,3242.0
2024-06-21 13:00:00,16910.2,18.52,3229.5
2024-06-21 14:00:00,17036.0,14.85,3108.5
2024-06-21 15:00:00,18604.3,22.48,2927.0
2024-06-21 16:00:00,21258.5,26.66,2623.5
2024-06-21 17:00:00,21923.3,24.54,2308.0
2024-06-21 18:00:00,23249.7,35.85,1671.0
2024-06-21 19:00:00,23213.8,39.44,1090.5
2024-06-21 20:00:00,20749.9,26.84,533.5
2024-06-21 21:00:00,18121.0,26.7,409.0
2024-06-21 22:00:00,16535.7,23.0,146.5
2024-06-21 23:00:00,15554.6,19.19,100.0
2024-06-22 00:00:00,14000.0,21.48,250.0
2024-06-22 01:00:00,14000.0,21.84,342.5
2024-06-22 02:00:00,14000.0,26.23,329.0
2024-06-22 03:00:00,14000.0,24.25,255.0
2024-06-22 04:00:00,14000.0,19.19,309.0
2024-06-22 05:00:00,14000.0,16.12,1084.5
2024-06-22 06:00:00,14404.4,23.62,1451.0
2024-06-22 07:00:00,16767.3,20.68,2018.0
2024-06-22 08:00:00,17581.1,23.03,2481.5
2024-06-22 09:00:00,17416.6,10.12,2917.5
2024-06-22 10:00:00,16713.6,6.61,3291.5
2024-06-22 11:00:00,14836.4,6.74,3545.5
2024-06-22 12:00:00,14098.5,9.94,4001.5
2024-06-22 13:00:00,14053.6,12.69,3901.5
2024-06-22 14:00:00,14509.1,5.29,3349.5
2024-06-22 15:00:00,16031.5,14.39,3405.5
2024-06-22 16:00:00,18086.9,20.53,2778.5
2024-06-22 17:00:00,19766.7,19.49,2304.0
2024-06-22 18:00:00,20524.0,25.05,1652.0
2024-06-22 19:00:00,19791.5,28.53,1361.5
2024-06-22 20:00:00,18107.3,22.85,728.5
2024-06-22 21:00:00,16007.8,35.4,408.5
2024-06-22 22:00:00,14242.1,16.52,445.0
2024-06-22 23:00:00,14000.0,18.04,687.0
2024-06-23 00:00:00,14000.0,22.07,412.5
2024-06-23 01:00:00,14000.0,20.07,1116.5
2024-06-23 02:00:00,14000.0,21.36,1252.5
2024-06-23 03:00:00,14000.0,15.8,640.5
2024-06-23 04:00:00,14000.0,14.43,456.0
2024-06-23 05:00:00,14000.0,17.07,1338.0
2024-06-23 06:00:00,14000.0,10.5,1713.5
2024-06-23 07:00:00,17246.4,14.84,2496.5
2024-06-23 08:00:00,17936.4,14.46,2777.5
2024-06-23 09:00:00,17877.7,11.58,3385.5
2024-06-23 10:00:00,16684.8,5.88,3494.0
2024-06-23 11:00:00,15062.5,2.94,3784.5
2024-06-23 12:00:00,14000.0,2.77,4078.5
2024-06-23 13:00:00,14438.8,10.6,4046.5
2024-06-23 14:00:00,14987.0,14.85,4466.5
2024-06-23 15:00:00,16486.8,15.16,3946.0
2024-06-23 16:00:00,18273.9,18.78,3072.0
2024-06-23 17:00:00,19328.4,27.7,2198.0
2024-06-23 18:00:00,20594.9,27.34,1783.0
2024-06-23 19:00:00,19370.0,29.74,979.5
2024-06-23 20:00:00,18169.0,32.09,358.5
2024-06-23 21:00:00,15795.1,26.61,398.5
2024-06-23 22:00:00,14035.2,23.74,835.5
2024-06-23 23:00:00,14000.0,22.5,833.5
2024-06-24 00:00:00,14000.0,16.43,898.5
2024-06-24 01:00:00,14000.0,22.94,553.0
2024-06-24 02:00:00,14000.0,17.62,301.0
2024-06-24 03:00:00,14000.0,23.67,382.0
2024-06-24 04:00:00,14000.0,18.5,413.0
2024-06-24 05:00:00,14000.0,11.85,1014.5
2024-06-24 06:00:00,16311.7,13.48,1660.5
2024-06-24 07:00:00,19408.6,31.91,2260.0
2024-06-24 08:00:00,20980.0,20.03,2648.0
2024-06-24 09:00:00,20333.1,24.43,3272.5
2024-06-24 10:00:00,19080.1,20.68,3246.5
2024-06-24 11:00:00,17493.9,16.71,3616.5
2024-06-24 12:00:00,16405.4,5.7,3770.0
2024-06-24 13:00:00,16058.0,7.64,3729.5
2024-06-24 14:00:00,16946.4,7.8,3618.5
2024-06-24 15:00:00,19113.6,22.25,3210.5
2024-06-24 16:00:00,21209.6,31.02,2725.5
2024-06-24 17:00:00,22725.4,29.9,2208.5
2024-06-24 18:00:00,23834.5,44.14,1595.5
2024-06-24 19:00:00,22426.7,36.21,952.0
2024-06-24 20:00:00,21309.2,34.99,266.0
2024-06-24 21:00:00,18771.0,29.93,900.0
2024-06-24 22:00:00,17464.6,28.88,867.0
2024-06-24 23:00:00,14962.1,15.21,948.0
2024-06-25 00:00:00,14000.0,19.65,1352.5
2024-06-25 01:00:00,14000.0,19.46,595.0
2024-06-25 02:00:00,14000.0,18.49,853.0
2024-06-25 03:00:00,14000.0,19.34,708.5
2024-06-25 04:00:00,14000.0,23.43,849.0
2024-06-25 05:00:00,14000.0,16.96,1364.0
2024-06-25 06:00:00,16601.1,15.45,1780.0
2024-06-25 07:00:00,19364.4,24.05,2262.0
2024-06-25 08:00:00,20344.0,22.83,2692.5
2024-06-25 09:00:00,20879.0,22.96,3135.5
2024-06-25 10:00:00,19430.4,18.53,3548.0
2024-06-25 11:00:00,17579.5,17.41,3212.0
2024-06-25 12:00:00,16327.1,4.38,3938.0
2024-06-25 13:00:00,16151.6,4.97,3910.0
2024-06-25 14:00:00,16964.3,13.78,3436.0
2024-06-25 15:00:00,18914.2,16.95,3684.0
2024-06-25 16:00:00,20850.4,20.79,2827.5
2024-06-25 17:00:00,22286.3,20.64,2690.5
2024-06-25 18:00:00,22879.8,33.58,2144.0
2024-06-25 19:00:00,22312.6,31.97,1606.5
2024-06-25 20:00:00,20881.1,35.66,607.0
2024-06-25 21:00:00,18620.0,31.18,483.5
2024-06-25 22:00:00,16708.7,28.82,583.5
2024-06-25 23:00:00,15355.7,19.15,283.0
2024-06-26 00:00:00,14000.0,21.45,7.0
2024-06-26 01:00:00,14000.0,30.13,0.5
2024-06-26 02:00:00,14000.0,22.4,0.0
2024-06-26 03:00:00,14000.0,27.64,0.0
2024-06-26 04:00:00,14000.0,23.72,136.0
2024-06-26 05:00:00,14000.0,13.84,865.0
2024-06-26 06:00:00,16131.4,29.07,1568.0
2024-06-26 07:00:00,19453.9,28.66,2274.0
2024-06-26 08:00:00,20114.0,16.29,2847.0
2024-06-26 09:00:00,20800.7,20.13,3382.0
2024-06-26 10:00:00,19521.1,24.07,3727.0
2024-06-26 11:00:00,17335.2,14.64,3744.5
2024-06-26 12:00:00,16356.9,1.58,3870.0
2024-06-26 13:00:00,16375.7,6.81,3782.0
2024-06-26 14:00:00,16874.1,9.17,3395.0
2024-06-26 15:00:00,18987.8,23.82,3244.0
2024-06-26 16:00:00,20641.5,25.04,2834.0
2024-06-26 17:00:00,22423.4,28.82,2040.0
2024-06-26 18:00:00,22978.5,29.91,1608.0
2024-06-26 19:00:00,22694.8,38.59,883.0
2024-06-26 20:00:00,21184.1,35.37,136.0
2024-06-26 21:00:00,18585.7,31.79,0.0
2024-06-26 22:00:00,16345.7,28.87,0.0
2024-06-26 23:00:00,15001.4,24.23,0.0
2024-06-27 00:00:00,14000.0,15.71,0.0
2024-06-27 01:00:00,14000.0,24.98,5.5
2024-06-27 02:00:00,14000.0,25.75,0.0
2024-06-27 03:00:00,14000.0,30.24,4.5
2024-06-27 04:00:00,14000.0,18.09,171.0
2024-06-27 05:00:00,14000.0,22.48,984.0
2024-06-27 06:00:00,16242.0,23.53,1812.5
2024-06-27 07:00:00,18907.4,24.9,2594.0
2024-06-27 08:00:00,21101.1,23.44,3135.0
2024-06-27 09:00:00,19690.4,13.67,3662.0
2024-06-27 10:00:00,19328.4,14.16,3934.5
2024-06-27 11:00:00,17320.9,6.06,4002.0
2024-06-27 12:00:00,16195.0,2.06,4004.5
2024-06-27 13:00:00,16524.0,12.24,4008.0
2024-06-27 14:00:00,16821.1,6.82,3864.5
2024-06-27 15:00:00,18563.7,6.55,3677.0
2024-06-27 16:00:00,20823.1,22.89,3050.5
2024-06-27 17:00:00,22739.0,32.14,2527.5
2024-06-27 18:00:00,23117.0,35.38,1784.0
2024-06-27 19:00:00,22058.9,29.81,1043.5
2024-06-27 20:00:00,20564.3,31.18,544.0
2024-06-27 21:00:00,19006.7,32.43,582.0
2024-06-27 22:00:00,16692.2,30.15,338.5
2024-06-27 23:00:00,15361.4,25.99,51.0
2024-06-28 00:00:00,14000.0,24.73,162.5
2024-06-28 01:00:00,14000.0,20.38,155.0
2024-06-28 02:00:00,14000.0,22.87,99.5
2024-06-28 03:00:00,14000.0,22.23,40.0
2024-06-28 04:00:00,14000.0,15.76,331.5
2024-06-28 05:00:00,14000.0,9.21,1199.5
2024-06-28 06:00:00,16168.7,13.9,2039.5
2024-06-28 07:00:00,19025.0,16.02,3278.0
2024-06-28 08:00:00,20681.8,26.33,3684.5
2024-06-28 09:00:00,20484.0,16.99,4277.0
2024-06-28 10:00:00,19187.2,10.06,4586.5
2024-06-28 11:00:00,18001.7,10.45,4446.0
2024-06-28 12:00:00,16388.6,8.52,4545.0
2024-06-28 13:00:00,15550.7,2.36,5354.5
2024-06-28 14:00:00,17098.1,5.17,5294.0
2024-06-28 15:00:00,18778.4,11.18,4933.0
2024-06-28 16:00:00,20891.7,20.77,4050.0
2024-06-28 17:00:00,22697.5,26.8,2930.5
2024-06-28 18:00:00,23277.0,30.12,2256.0
2024-06-28 19:00:00,22589.8,31.34,1170.0
2024-06-28 20:00:00,21040.8,36.4,390.5
2024-06-28 21:00:00,18509.2,28.65,271.5
2024-06-28 22:00:00,16447.6,27.87,494.0
2024-06-28 23:00:00,15961.1,31.9,97.5
2024-06-29 00:00:00,14000.0,16.29,192.5
2024-06-29 01:00:00,14000.0,19.42,448.5
2024-06-29 02:00:00,14000.0,13.98,331.0
2024-06-29 03:00:00,14000.0,19.77,287.5
2024-06-29 04:00:00,14000.0,28.4,277.0
2024-06-29 05:00:00,14000.0,19.32,1164.0
2024-06-29 06:00:00,14454.8,9.28,2822.5
2024-06-29 07:00:00,16831.7,15.86,3476.0
2024-06-29 08:00:00,18157.6,8.95,4293.0
2024-06-29 09:00:00,17360.8,5.17,4678.5
2024-06-29 10:00:00,17099.3,12.15,4431.5
2024-06-29 11:00:00,14924.9,3.53,4427.5
2024-06-29 12:00:00,14522.9,3.45,4238.5
2024-06-29 13:00:00,14255.3,3.85,4131.0
2024-06-29 14:00:00,14942.4,4.57,4062.0
2024-06-29 15:00:00,16130.8,13.96,3990.5
2024-06-29 16:00:00,18219.1,9.84,3334.5
2024-06-29 17:00:00,19550.1,17.97,2746.5
2024-06-29 18:00:00,20284.0,25.77,2641.0
2024-06-29 19:00:00,19609.8,23.01,1388.5
2024-06-29 20:00:00,17597.4,24.94,224.0
2024-06-29 21:00:00,16520.8,30.16,69.5
2024-06-29 22:00:00,14509.1,18.86,33.0
2024-06-29 23:00:00,14000.0,24.76,36.5
2024-06-30 00:00:00,14000.0,15.4,166.5
2024-06-30 01:00:00,14000.0,28.84,565.0
2024-06-30 02:00:00,14000.0,23.33,439.5
2024-06-30 03:00:00,14000.0,23.81,258.5
2024-06-30 04:00:00,14000.0,18.57,420.0
2024-06-30 05:00:00,14000.0,16.73,1121.5
2024-06-30 06:00:00,14201.0,24.95,1918.5
2024-06-30 07:00:00,16439.5,11.22,2445.0
2024-06-30 08:00:00,18043.3,13.32,3265.0
2024-06-30 09:00:00,17457.5,10.9,3747.5
2024-06-30 10:00:00,16398.2,9.71,4055.5
2024-06-30 11:00:00,15038.1,8.55,4148.5
2024-06-30 12:00:00,14389.2,6.56,4067.0
2024-06-30 13:00:00,14000.0,-0.85,4056.0
2024-06-30 14:00:00,14727.0,8.9,3929.0
2024-06-30 15:00:00,16833.6,14.14,3755.5
2024-06-30 16:00:00,18289.2,17.92,2930.0
2024-06-30 17:00:00,19806.0,19.42,2711.0
2024-06-30 18:00:00,20179.7,26.86,2139.0
2024-06-30 19:00:00,19524.0,27.42,1055.5
2024-06-30 20:00:00,17571.9,27.75,304.5
2024-06-30 21:00:00,16497.4,26.37,170.5
2024-06-30 22:00:00,14636.8,18.79,135.0
2024-06-30 23:00:00,14000.0,20.77,375.5
2024-07-01 00:00:00,14000.0,25.51,186.0
2024-07-01 01:00:00,14000.0,23.95,146.5
2024-07-01 02:00:00,14000.0,20.52,38.0
2024-07-01 03:00:00,14000.0,20.36,9.5
2024-07-01 04:00:00,14000.0,28.23,138.0
2024-07-01 05:00:00,14000.0,13.92,890.5
2024-07-01 06:00:00,16602.4,22.52,1663.5
2024-07-01 07:00:00,18608.9,26.02,2435.0
2024-07-01 08:00:00,20260.2,17.61,2895.5
2024-07-01 09:00:00,20495.0,20.14,3445.0
2024-07-01 10:00:00,19025.3,20.18,4059.5
2024-07-01 11:00:00,17150.6,7.82,4212.5
2024-07-01 12:00:00,16824.5,10.96,4000.5
2024-07-01 13:00:00,16242.5,3.47,3939.0
2024-07-01 14:00:00,17179.3,9.46,3988.0
2024-07-01 15:00:00,18619.9,22.64,3344.5
2024-07-01 16:00:00,21157.6,18.69,2995.0
2024-07-01 17:00:00,22541.9,22.6,2356.5
2024-07-01 18:00:00,23246.7,33.67,1698.0
2024-07-01 19:00:00,22872.5,38.06,1116.0
2024-07-01 20:00:00,20391.1,31.71,378.5
2024-07-01 21:00:00,19156.3,30.63,151.5
2024-07-01 22:00:00,16772.8,30.16,86.5
2024-07-01 23:00:00,15601.3,29.75,78.0
2024-07-02 00:00:00,14000.0,23.37,102.0
2024-07-02 01:00:00,14000.0,24.78,288.0
2024-07-02 02:00:00,14000.0,20.61,318.0
2024-07-02 03:00:00,14000.0,17.71,507.0
2024-07-02 04:00:00,14000.0,13.8,522.5
2024-07-02 05:00:00,14000.0,11.09,1257.5
2024-07-02 06:00:00,16154.1,18.23,1877.5
2024-07-02 07:00:00,18898.1,25.99,2964.5
2024-07-02 08:00:00,20736.6,17.54,3821.5
2024-07-02 09:00:00,20412.8,31.1,4749.0
2024-07-02 10:00:00,18983.1,12.21,5206.0
2024-07-02 11:00:00,17922.3,9.02,3974.5
2024-07-02 12:00:00,16343.8,7.16,3920.5
2024-07-02 13:00:00,16491.2,9.71,3828.0
2024-07-02 14:00:00,16938.4,18.23,3478.5
2024-07-02 15:00:00,18903.2,18.37,3166.5
2024-07-02 16:00:00,20934.5,18.43,2853.0
2024-07-02 17:00:00,22116.1,36.41,2225.0
2024-07-02 18:00:00,23870.1,33.09,1504.5
2024-07-02 19:00:00,22641.6,32.53,837.0
2024-07-02 20:00:00,21157.0,37.79,173.5
2024-07-02 21:00:00,18515.7,35.02,22.0
2024-07-02 22:00:00,16702.4,31.12,7.0
2024-07-02 23:00:00,15123.3,16.35,35.0
2024-07-03 00:00:00,14000.0,28.22,5.5
2024-07-03 01:00:00,14000.0,16.89,52.0
2024-07-03 02:00:00,14000.0,23.66,194.0
2024-07-03 03:00:00,14000.0,22.98,168.0
2024-07-03 04:00:00,14000.0,22.62,518.0
2024-07-03 05:00:00,14000.0,16.42,991.5
2024-07-03 06:00:00,16071.2,23.6,1678.0
2024-07-03 07:00:00,19083.7,22.83,2157.5
2024-07-03 08:00:00,20461.4,28.58,2828.5
2024-07-03 09:00:00,20803.2,17.75,3062.0
2024-07-03 10:00:00,19250.3,24.18,3795.5
2024-07-03 11:00:00,17169.1,4.34,4045.5
2024-07-03 12:00:00,16335.4,15.13,4582.0
2024-07-03 13:00:00,15837.4,5.15,4549.0
2024-07-03 14:00:00,17079.8,13.16,4048.5
2024-07-03 15:00:00,18386.3,14.69,3343.5
2024-07-03 16:00:00,21141.0,20.46,2906.5
2024-07-03 17:00:00,22847.4,28.16,2391.0
2024-07-03 18:00:00,24064.3,38.11,2154.0
2024-07-03 19:00:00,23001.0,37.07,1393.0
2024-07-03 20:00:00,20812.6,39.58,593.5
2024-07-03 21:00:00,18977.3,33.89,174.5
2024-07-03 22:00:00,16410.5,27.59,254.0
2024-07-03 23:00:00,15117.7,30.51,195.5
2024-07-04 00:00:00,14000.0,22.85,321.5
2024-07-04 01:00:00,14000.0,16.41,469.0
2024-07-04 02:00:00,14000.0,16.07,133.5
2024-07-04 03:00:00,14000.0,28.9,195.0
2024-07-04 04:00:00,14000.0,19.98,450.0
2024-07-04 05:00:00,14000.0,17.8,1005.5
2024-07-04 06:00:00,16545.1,16.78,1904.0
2024-07-04 07:00:00,19313.0,16.2,2412.5
2024-07-04 08:00:00,21235.3,32.32,2992.0
2024-07-04 09:00:00,20604.7,15.57,3453.0
2024-07-04 10:00:00,19001.9,11.67,3869.5
2024-07-04 11:00:00,17490.2,9.88,4363.0
2024-07-04 12:00:00,16070.1,5.33,4714.5
2024-07-04 13:00:00,16318.1,5.19,4849.5
2024-07-04 14:00:00,17264.8,12.58,5106.0
2024-07-04 15:00:00,19575.6,21.67,4239.5
2024-07-04 16:00:00,20803.1,20.84,4212.0
2024-07-04 17:00:00,22653.7,28.26,3695.0
2024-07-04 18:00:00,23219.7,25.24,3996.0
2024-07-04 19:00:00,22810.9,33.59,3341.5
2024-07-04 20:00:00,21089.9,31.77,1581.0
2024-07-04 21:00:00,18754.0,27.14,1341.5
2024-07-04 22:00:00,17054.9,30.5,724.0
2024-07-04 23:00:00,15214.9,16.23,879.5
2024-07-05 00:00:00,14000.0,23.54,1126.5
2024-07-05 01:00:00,14000.0,19.14,1038.0
2024-07-05 02:00:00,14000.0,17.97,757.0
2024-07-05 03:00:00,14000.0,27.74,578.5
2024-07-05 04:00:00,14000.0,23.71,496.5
2024-07-05 05:00:00,14000.0,10.56,1019.5
2024-07-05 06:00:00,16534.5,24.34,1591.0
2024-07-05 07:00:00,19113.8,25.96,2104.0
2024-07-05 08:00:00,21382.0,19.95,2824.5
2024-07-05 09:00:00,20902.6,22.15,3238.5
2024-07-05 10:00:00,19051.5,20.49,3659.5
2024-07-05 11:00:00,17712.1,4.34,4325.0
2024-07-05 12:00:00,16484.7,12.48,4447.0
2024-07-05 13:00:00,16113.6,8.74,3809.5
2024-07-05 14:00:00,17329.5,12.65,3619.5
2024-07-05 15:00:00,19010.3,21.95,3678.0
2024-07-05 16:00:00,21093.1,21.02,3121.0
2024-07-05 17:00:00,22759.0,25.74,2305.5
2024-07-05 18:00:00,23602.7,38.24,1584.0
2024-07-05 19:00:00,22845.2,36.71,1017.0
2024-07-05 20:00:00,21014.5,33.09,545.5
2024-07-05 21:00:00,18611.7,24.32,582.5
2024-07-05 22:00:00,17229.2,25.72,434.5
2024-07-05 23:00:00,15133.8,20.83,275.5
2024-07-06 00:00:00,14000.0,19.65,392.5
2024-07-06 01:00:00,14000.0,14.18,292.0
2024-07-06 02:00:00,14000.0,17.74,387.5
2024-07-06 03:00:00,14000.0,21.75,672.5
2024-07-06 04:00:00,14000.0,19.69,571.5
2024-07-06 05:00:00,14000.0,15.99,1184.0
2024-07-06 06:00:00,14409.5,9.92,2066.5
2024-07-06 07:00:00,16493.7,11.26,2656.5
2024-07-06 08:00:00,18010.8,14.6,3206.5
2024-07-06 09:00:00,17390.0,11.41,3905.5
2024-07-06 10:00:00,16827.8,5.9,4154.5
2024-07-06 11:00:00,15197.3,6.97,4055.0
2024-07-06 12:00:00,14000.0,4.4,4076.0
2024-07-06 13:00:00,14377.3,0.19,4047.5
2024-07-06 14:00:00,14634.0,10.03,4140.0
2024-07-06 15:00:00,16661.4,6.54,4157.0
2024-07-06 16:00:00,18123.4,11.92,3446.0
2024-07-06 17:00:00,20315.5,20.74,2837.5
2024-07-06 18:00:00,20659.0,21.14,2125.5
2024-07-06 19:00:00,19533.4,20.46,1474.0
2024-07-06 20:00:00,18038.9,33.75,187.0
2024-07-06 21:00:00,16519.6,30.41,60.0
2024-07-06 22:00:00,14579.7,18.92,21.0
2024-07-06 23:00:00,14000.0,24.11,0.0
2024-07-07 00:00:00,14000.0,18.72,0.0
2024-07-07 01:00:00,14000.0,17.15,0.0
2024-07-07 02:00:00,14000.0,20.35,4.0
2024-07-07 03:00:00,14000.0,20.25,34.5
2024-07-07 04:00:00,14000.0,25.21,87.5
2024-07-07 05:00:00,14000.0,7.91,812.0
2024-07-07 06:00:00,14297.7,13.91,1622.5
2024-07-07 07:00:00,16424.2,26.67,2121.0
2024-07-07 08:00:00,17878.5,8.01,2771.5
2024-07-07 09:00:00,18081.3,14.37,3020.5
2024-07-07 10:00:00,16756.0,9.9,3742.5
2024-07-07 11:00:00,15350.8,8.37,3847.0
2024-07-07 12:00:00,14548.6,8.24,4001.0
2024-07-07 13:00:00,14000.0,5.17,3885.0
2024-07-07 14:00:00,14894.7,14.15,3606.0
2024-07-07 15:00:00,16534.3,10.57,3369.5
2024-07-07 16:00:00,18147.8,22.12,2903.5
2024-07-07 17:00:00,20293.3,24.12,2276.5
2024-07-07 18:00:00,20736.7,32.1,1549.5
2024-07-07 19:00:00,19947.5,27.56,852.5
2024-07-07 20:00:00,18809.0,27.08,236.5
2024-07-07 21:00:00,16025.2,19.77,174.0
2024-07-07 22:00:00,14656.0,20.88,395.0
2024-07-07 23:00:00,14000.0,17.32,527.0
2024-07-08 00:00:00,14000.0,21.58,586.5
2024-07-08 01:00:00,14000.0,22.87,653.5
2024-07-08 02:00:00,14000.0,24.68,501.5
2024-07-08 03:00:00,14000.0,24.07,372.5
2024-07-08 04:00:00,14000.0,24.7,541.0
2024-07-08 05:00:00,14000.0,19.6,1241.5
2024-07-08 06:00:00,16070.6,13.2,1886.0
2024-07-08 07:00:00,19131.0,22.28,2642.5
2024-07-08 08:00:00,21088.8,18.38,3531.5
2024-07-08 09:00:00,20721.4,18.03,4245.5
2024-07-08 10:00:00,18547.1,12.95,4178.0
2024-07-08 11:00:00,17979.8,0.92,4373.0
2024-07-08 12:00:00,16524.0,4.03,4330.0
2024-07-08 13:00:00,16107.3,5.12,4477.5
2024-07-08 14:00:00,17463.3,-0.83,4260.5
2024-07-08 15:00:00,18786.3,20.21,4053.0
2024-07-08 16:00:00,20895.3,22.03,3444.0
2024-07-08 17:00:00,22991.8,29.24,2837.0
2024-07-08 18:00:00,24178.6,38.22,2377.5
2024-07-08 19:00:00,23419.2,39.98,1062.5
2024-07-08 20:00:00,21197.8,38.9,215.0
2024-07-08 21:00:00,19002.1,36.17,18.0
2024-07-08 22:00:00,17073.1,29.0,57.0
2024-07-08 23:00:00,15149.5,25.17,2.5
2024-07-09 00:00:00,14000.0,23.24,22.0
2024-07-09 01:00:00,14000.0,15.64,103.0
2024-07-09 02:00:00,14000.0,12.32,102.0
2024-07-09 03:00:00,14000.0,12.45,138.0
2024-07-09 04:00:00,14000.0,23.22,463.0
2024-07-09 05:00:00,14000.0,14.55,1213.5
2024-07-09 06:00:00,15792.5,14.88,2503.5
2024-07-09 07:00:00,19494.8,20.32,3634.5
2024-07-09 08:00:00,21145.8,27.1,3862.0
2024-07-09 09:00:00,20885.7,21.41,4118.5
2024-07-09 10:00:00,19328.3,15.52,4162.0
2024-07-09 11:00:00,18113.6,14.04,4065.5
2024-07-09 12:00:00,16592.9,18.61,4017.0
2024-07-09 13:00:00,16440.1,4.52,4111.5
2024-07-09 14:00:00,17503.2,17.34,3946.0
2024-07-09 15:00:00,19112.0,16.5,3586.5
2024-07-09 16:00:00,20861.2,21.67,3148.0
2024-07-09 17:00:00,22066.6,29.51,2661.5
2024-07-09 18:00:00,23417.2,25.64,1787.0
2024-07-09 19:00:00,23159.2,32.15,930.5
2024-07-09 20:00:00,21004.8,37.19,198.0
2024-07-09 21:00:00,19127.6,34.08,6.0
2024-07-09 22:00:00,16936.7,29.92,23.0
2024-07-09 23:00:00,15763.3,27.92,83.5
2024-07-10 00:00:00,14000.0,29.66,81.0
2024-07-10 01:00:00,14000.0,18.55,68.0
2024-07-10 02:00:00,14000.0,22.91,59.5
2024-07-10 03:00:00,14000.0,24.37,83.0
2024-07-10 04:00:00,14000.0,22.5,173.5
2024-07-10 05:00:00,14000.0,16.92,984.5
2024-07-10 06:00:00,16793.6,16.82,1639.5
2024-07-10 07:00:00,19925.8,22.88,2314.0
2024-07-10 08:00:00,21053.6,28.41,3036.5
2024-07-10 09:00:00,20689.4,29.41,3470.5
2024-07-10 10:00:00,19609.8,9.37,3755.5
2024-07-10 11:00:00,17937.6,12.09,4032.0
2024-07-10 12:00:00,16453.3,1.67,3958.5
2024-07-10 13:00:00,16440.5,6.21,3925.0
2024-07-10 14:00:00,17566.9,13.52,3776.5
2024-07-10 15:00:00,19579.4,12.42,3719.0
2024-07-10 16:00:00,21416.4,21.32,3473.5
2024-07-10 17:00:00,22956.8,25.06,3450.5
2024-07-10 18:00:00,23605.2,33.38,2569.5
2024-07-10 19:00:00,23126.8,34.43,1172.0
2024-07-10 20:00:00,21114.3,40.72,200.0
2024-07-10 21:00:00,18985.1,31.23,175.0
2024-07-10 22:00:00,16657.8,23.21,41.0
2024-07-10 23:00:00,15791.0,18.53,11.5
2024-07-11 00:00:00,14000.0,17.62,72.5
2024-07-11 01:00:00,14000.0,20.13,184.5
2024-07-11 02:00:00,14000.0,23.11,175.0
2024-07-11 03:00:00,14000.0,23.15,578.0
2024-07-11 04:00:00,14000.0,23.83,608.0
2024-07-11 05:00:00,14000.0,19.47,1132.0
2024-07-11 06:00:00,16473.5,23.53,1661.0
2024-07-11 07:00:00,19992.7,22.45,2299.5
2024-07-11 08:00:00,20127.3,20.8,2964.5
2024-07-11 09:00:00,20502.8,16.18,3762.0
2024-07-11 10:00:00,20218.3,14.44,3792.5
2024-07-11 11:00:00,17894.2,18.31,3869.0
2024-07-11 12:00:00,16295.8,7.83,4007.5
2024-07-11 13:00:00,16376.9,3.95,4011.0
2024-07-11 14:00:00,17308.1,8.63,3653.0
2024-07-11 15:00:00,19314.0,26.32,3413.0
2024-07-11 16:00:00,21801.9,25.61,2998.0
2024-07-11 17:00:00,23114.5,32.06,2363.0
2024-07-11 18:00:00,23472.9,32.03,1587.0
2024-07-11 19:00:00,23245.3,27.86,812.0
2024-07-11 20:00:00,20965.0,30.5,38.5
2024-07-11 21:00:00,18669.5,28.42,1.5
2024-07-11 22:00:00,16507.6,23.99,7.0
2024-07-11 23:00:00,15151.7,23.72,4.5
2024-07-12 00:00:00,14000.0,24.85,0.5
2024-07-12 01:00:00,14000.0,21.37,35.0
2024-07-12 02:00:00,14000.0,22.9,104.0
2024-07-12 03:00:00,14000.0,25.02,70.0
2024-07-12 04:00:00,14000.0,26.9,214.5
2024-07-12 05:00:00,14000.0,13.31,1133.0
2024-07-12 06:00:00,16522.4,21.11,1735.0
2024-07-12 07:00:00,19364.4,24.95,2204.0
2024-07-12 08:00:00,21530.8,26.72,2667.0
2024-07-12 09:00:00,20660.9,19.48,3228.5
2024-07-12 10:00:00,19714.1,14.25,3444.5
2024-07-12 11:00:00,17763.3,11.2,3931.5
2024-07-12 12:00:00,16589.5,10.14,4002.0
2024-07-12 13:00:00,16210.6,13.75,3785.0
2024-07-12 14:00:00,17305.9,12.07,3530.0
2024-07-12 15:00:00,18886.4,12.33,3246.0
2024-07-12 16:00:00,21308.3,20.31,2763.5
2024-07-12 17:00:00,22939.7,25.32,2218.0
2024-07-12 18:00:00,23370.5,33.75,1578.0
2024-07-12 19:00:00,23357.2,31.68,811.5
2024-07-12 20:00:00,21360.4,33.11,117.5
2024-07-12 21:00:00,18869.3,37.7,256.0
2024-07-12 22:00:00,17022.3,26.36,244.5
2024-07-12 23:00:00,15524.0,24.2,284.0
2024-07-13 00:00:00,14000.0,15.25,251.0
2024-07-13 01:00:00,14000.0,20.14,434.0
2024-07-13 02:00:00,14000.0,13.01,609.0
2024-07-13 03:00:00,14000.0,20.43,669.5
2024-07-13 04:00:00,14000.0,14.92,505.0
2024-07-13 05:00:00,14000.0,21.73,1551.0
2024-07-13 06:00:00,14627.0,21.99,2591.5
2024-07-13 07:00:00,16855.4,12.71,3140.5
2024-07-13 08:00:00,19041.9,11.85,3529.0
2024-07-13 09:00:00,18416.9,13.28,3883.5
2024-07-13 10:00:00,17290.6,4.19,4257.5
2024-07-13 11:00:00,15671.8,3.01,5361.0
2024-07-13 12:00:00,14870.8,0.47,5066.5
2024-07-13 13:00:00,14139.6,5.24,6094.0
2024-07-13 14:00:00,14517.4,-4.8,4963.5
2024-07-13 15:00:00,16541.2,2.89,5205.5
2024-07-13 16:00:00,18680.3,19.04,4607.0
2024-07-13 17:00:00,20111.1,16.97,4680.0
2024-07-13 18:00:00,20748.0,30.26,3996.5
2024-07-13 19:00:00,20457.3,26.71,3112.0
2024-07-13 20:00:00,18605.4,30.41,709.5
2024-07-13 21:00:00,16756.3,26.55,899.5
2024-07-13 22:00:00,14595.8,21.89,1127.0
2024-07-13 23:00:00,14000.0,18.33,1019.5
2024-07-14 00:00:00,14000.0,18.59,988.0
2024-07-14 01:00:00,14000.0,25.14,629.0
2024-07-14 02:00:00,14000.0,16.88,649.5
2024-07-14 03:00:00,14000.0,20.96,528.5
2024-07-14 04:00:00,14000.0,18.92,346.0
2024-07-14 05:00:00,14000.0,20.06,1058.0
2024-07-14 06:00:00,14251.8,20.44,1597.5
2024-07-14 07:00:00,16681.4,15.19,2185.0
2024-07-14 08:00:00,18329.6,13.49,2920.5
2024-07-14 09:00:00,18048.3,11.73,3410.0
2024-07-14 10:00:00,17273.5,15.15,3912.0
2024-07-14 11:00:00,15584.9,7.91,4179.5
2024-07-14 12:00:00,14554.1,4.57,4065.0
2024-07-14 13:00:00,14176.2,4.32,3794.0
2024-07-14 14:00:00,15098.7,4.22,3753.0
2024-07-14 15:00:00,16774.9,15.36,3514.0
2024-07-14 16:00:00,18760.1,19.34,2904.0
2024-07-14 17:00:00,20075.7,31.8,2233.0
2024-07-14 18:00:00,21037.4,29.14,1568.0
2024-07-14 19:00:00,20100.7,31.81,792.0
2024-07-14 20:00:00,18755.3,29.41,4.5
2024-07-14 21:00:00,16467.7,23.86,0.0
2024-07-14 22:00:00,14429.5,21.97,14.0
2024-07-14 23:00:00,14000.0,26.34,31.5
2024-07-15 00:00:00,14000.0,19.37,24.0
2024-07-15 01:00:00,14000.0,19.35,0.0
2024-07-15 02:00:00,14000.0,15.39,0.0
2024-07-15 03:00:00,14000.0,31.8,0.0
2024-07-15 04:00:00,14000.0,18.89,0.0
2024-07-15 05:00:00,14000.0,12.58,642.5
2024-07-15 06:00:00,16843.1,22.39,1313.0
2024-07-15 07:00:00,19489.1,25.75,1895.5
2024-07-15 08:00:00,21524.6,30.39,2312.5
2024-07-15 09:00:00,20695.2,24.37,2701.0
2024-07-15 10:00:00,19397.8,11.32,3190.0
2024-07-15 11:00:00,18309.4,12.92,3257.0
2024-07-15 12:00:00,16913.2,17.09,3386.5
2024-07-15 13:00:00,16422.2,16.1,3251.0
2024-07-15 14:00:00,17496.1,17.4,3004.0
2024-07-15 15:00:00,19260.4,25.22,3293.5
2024-07-15 16:00:00,20496.1,23.24,2579.0
2024-07-15 17:00:00,22839.1,36.29,2049.5
2024-07-15 18:00:00,23824.8,34.29,1465.0
2024-07-15 19:00:00,23023.5,44.28,873.5
2024-07-15 20:00:00,21425.9,34.08,360.0
2024-07-15 21:00:00,19430.2,27.31,278.0
2024-07-15 22:00:00,17000.7,21.69,445.0
2024-07-15 23:00:00,15385.0,29.28,408.0
2024-07-16 00:00:00,14000.0,26.49,573.0
2024-07-16 01:00:00,14000.0,15.73,821.5
2024-07-16 02:00:00,14000.0,17.39,548.0
2024-07-16 03:00:00,14000.0,9.72,763.5
2024-07-16 04:00:00,14000.0,14.73,693.0
2024-07-16 05:00:00,14000.0,15.67,1489.5
2024-07-16 06:00:00,16672.8,17.7,2540.0
2024-07-16 07:00:00,19693.8,13.87,3122.5
2024-07-16 08:00:00,20967.2,17.4,3356.5
2024-07-16 09:00:00,21299.7,31.45,3468.0
2024-07-16 10:00:00,19848.5,23.57,3926.0
2024-07-16 11:00:00,17894.7,14.88,3935.5
2024-07-16 12:00:00,16662.1,11.69,4143.0
2024-07-16 13:00:00,16517.0,10.77,4048.5
2024-07-16 14:00:00,17429.4,13.0,3797.5
2024-07-16 15:00:00,19232.7,19.1,3367.0
2024-07-16 16:00:00,21360.0,18.82,2781.5
2024-07-16 17:00:00,23289.4,31.19,2131.5
2024-07-16 18:00:00,24162.0,28.23,1519.0
2024-07-16 19:00:00,22766.9,34.04,1664.5
2024-07-16 20:00:00,21053.6,35.49,1179.5
2024-07-16 21:00:00,18643.6,26.7,985.5
2024-07-16 22:00:00,17340.7,27.12,1121.5
2024-07-16 23:00:00,15724.0,21.44,1489.5
2024-07-17 00:00:00,14000.0,19.8,1649.5
2024-07-17 01:00:00,14000.0,19.54,1591.5
2024-07-17 02:00:00,14000.0,15.57,1069.0
2024-07-17 03:00:00,14000.0,13.7,811.5
2024-07-17 04:00:00,14000.0,14.73,471.0
2024-07-17 05:00:00,14000.0,13.7,1129.0
2024-07-17 06:00:00,16557.3,24.17,1513.5
2024-07-17 07:00:00,19575.0,27.8,2044.0
2024-07-17 08:00:00,21318.0,24.23,2445.5
2024-07-17 09:00:00,21963.5,24.85,2780.0
2024-07-17 10:00:00,19739.7,14.83,2993.0
2024-07-17 11:00:00,18378.0,10.64,3358.5
2024-07-17 12:00:00,17068.8,14.67,3422.0
2024-07-17 13:00:00,16671.5,11.37,3144.0
2024-07-17 14:00:00,17234.4,12.69,3220.5
2024-07-17 15:00:00,19603.0,23.99,2765.5
2024-07-17 16:00:00,20983.6,27.33,2435.5
2024-07-17 17:00:00,23809.2,32.74,1917.5
2024-07-17 18:00:00,24014.6,41.96,1252.5
2024-07-17 19:00:00,22320.2,33.86,630.0
2024-07-17 20:00:00,21326.7,32.69,24.0
2024-07-17 21:00:00,19374.6,27.21,78.0
2024-07-17 22:00:00,17093.6,32.82,54.0
2024-07-17 23:00:00,15866.9,22.66,2.5
2024-07-18 00:00:00,14000.0,21.4,26.5
2024-07-18 01:00:00,14000.0,29.18,43.0
2024-07-18 02:00:00,14000.0,17.81,120.5
2024-07-18 03:00:00,14000.0,21.67,102.5
2024-07-18 04:00:00,14000.0,21.7,73.0
2024-07-18 05:00:00,14000.0,18.91,645.0
2024-07-18 06:00:00,16628.2,25.4,1246.0
2024-07-18 07:00:00,19873.0,27.08,1919.0
2024-07-18 08:00:00,21329.2,27.23,2415.0
2024-07-18 09:00:00,20614.1,30.19,2859.0
2024-07-18 10:00:00,19304.4,13.31,3019.5
2024-07-18 11:00:00,17988.1,10.83,3191.5
2024-07-18 12:00:00,17301.7,14.14,3215.0
2024-07-18 13:00:00,16760.7,15.63,3132.5
2024-07-18 14:00:00,17078.5,14.41,3020.0
2024-07-18 15:00:00,18436.2,16.03,2715.5
2024-07-18 16:00:00,21749.6,32.64,2356.5
2024-07-18 17:00:00,23268.2,36.78,1703.5
2024-07-18 18:00:00,24406.1,35.36,1221.5
2024-07-18 19:00:00,22987.5,44.54,608.5
2024-07-18 20:00:00,21596.0,35.59,7.0
2024-07-18 21:00:00,19472.6,31.74,8.0
2024-07-18 22:00:00,17076.8,21.4,16.5
2024-07-18 23:00:00,15632.4,25.89,21.0
2024-07-19 00:00:00,14000.0,29.47,6.5
2024-07-19 01:00:00,14000.0,29.18,69.5
2024-07-19 02:00:00,14000.0,19.88,10.0
2024-07-19 03:00:00,14000.0,19.09,18.5
2024-07-19 04:00:00,14000.0,21.37,57.0
2024-07-19 05:00:00,14000.0,24.39,683.5
2024-07-19 06:00:00,17381.6,23.19,1415.0
2024-07-19 07:00:00,19644.9,27.42,2092.5
2024-07-19 08:00:00,21173.6,27.68,2663.0
2024-07-19 09:00:00,21133.7,27.17,3176.0
2024-07-19 10:00:00,19758.5,21.89,3460.0
2024-07-19 11:00:00,17921.0,10.59,3719.5
2024-07-19 12:00:00,16835.9,10.8,3923.5
2024-07-19 13:00:00,16643.9,8.83,3692.5
2024-07-19 14:00:00,17618.0,16.94,3674.5
2024-07-19 15:00:00,18696.8,19.59,3173.5
2024-07-19 16:00:00,22170.0,29.17,2712.5
2024-07-19 17:00:00,23302.9,33.74,2012.0
2024-07-19 18:00:00,24259.0,30.14,1527.5
2024-07-19 19:00:00,22865.2,38.9,867.5
2024-07-19 20:00:00,21379.6,31.41,82.5
2024-07-19 21:00:00,19077.6,27.81,9.0
2024-07-19 22:00:00,17610.9,33.53,88.5
2024-07-19 23:00:00,15629.9,23.06,69.0
2024-07-20 00:00:00,14000.0,15.22,199.5
2024-07-20 01:00:00,14000.0,18.1,329.0
2024-07-20 02:00:00,14000.0,23.12,673.5
2024-07-20 03:00:00,14000.0,17.8,769.5
2024-07-20 04:00:00,14000.0,25.01,508.0
2024-07-20 05:00:00,14000.0,22.2,869.0
2024-07-20 06:00:00,14430.1,21.36,1301.0
2024-07-20 07:00:00,16782.6,22.21,1895.0
2024-07-20 08:00:00,18318.8,15.53,2357.0
2024-07-20 09:00:00,18222.7,18.06,2643.0
2024-07-20 10:00:00,16795.6,15.77,3464.5
2024-07-20 11:00:00,15545.6,5.0,4621.5
2024-07-20 12:00:00,14241.3,8.6,4235.5
2024-07-20 13:00:00,14300.8,12.88,3465.0
2024-07-20 14:00:00,15599.0,7.5,3191.0
2024-07-20 15:00:00,17004.0,8.28,2988.0
2024-07-20 16:00:00,18855.1,20.15,3384.0
2024-07-20 17:00:00,20059.3,35.59,2493.0
2024-07-20 18:00:00,20488.5,28.15,2009.0
2024-07-20 19:00:00,20011.9,23.8,1772.5
2024-07-20 20:00:00,18763.9,31.96,852.0
2024-07-20 21:00:00,17024.4,26.67,1173.5
2024-07-20 22:00:00,15229.3,24.66,829.5
2024-07-20 23:00:00,14000.0,29.06,728.5
2024-07-21 00:00:00,14000.0,14.41,905.5
2024-07-21 01:00:00,14000.0,22.03,1210.5
2024-07-21 02:00:00,14000.0,19.09,1061.5
2024-07-21 03:00:00,14000.0,19.8,1605.5
2024-07-21 04:00:00,14000.0,15.82,1311.0
2024-07-21 05:00:00,14000.0,9.4,2194.5
2024-07-21 06:00:00,14703.8,21.81,2319.5
2024-07-21 07:00:00,17643.9,25.44,3139.5
2024-07-21 08:00:00,18256.6,25.72,3285.0
2024-07-21 09:00:00,18312.8,12.33,3812.0
2024-07-21 10:00:00,17116.7,11.63,4002.0
2024-07-21 11:00:00,15703.4,12.38,4505.5
2024-07-21 12:00:00,14367.8,2.78,4730.0
2024-07-21 13:00:00,14687.2,1.58,4746.0
2024-07-21 14:00:00,15513.2,7.11,5377.5
2024-07-21 15:00:00,17071.3,7.06,4035.0
2024-07-21 16:00:00,18601.1,8.85,3903.0
2024-07-21 17:00:00,20440.8,33.55,3151.0
2024-07-21 18:00:00,20738.2,26.69,2163.5
2024-07-21 19:00:00,20306.6,33.44,1495.5
2024-07-21 20:00:00,19428.9,31.03,299.5
2024-07-21 21:00:00,16869.9,28.29,69.5
2024-07-21 22:00:00,14793.5,23.06,118.5
2024-07-21 23:00:00,14000.0,14.91,98.0
2024-07-22 00:00:00,14000.0,18.66,103.0
2024-07-22 01:00:00,14000.0,24.4,17.0
2024-07-22 02:00:00,14000.0,22.61,88.0
2024-07-22 03:00:00,14000.0,21.06,132.5
2024-07-22 04:00:00,14000.0,12.72,57.5
2024-07-22 05:00:00,14000.0,20.61,678.0
2024-07-22 06:00:00,17135.6,20.13,1350.0
2024-07-22 07:00:00,19637.9,21.62,2054.0
2024-07-22 08:00:00,21334.3,21.77,2623.0
2024-07-22 09:00:00,21393.4,24.59,2882.0
2024-07-22 10:00:00,19692.9,18.25,3335.0
2024-07-22 11:00:00,18079.2,11.86,3741.0
2024-07-22 12:00:00,17073.5,16.54,3865.0
2024-07-22 13:00:00,16685.7,11.82,3501.5
2024-07-22 14:00:00,17758.1,7.92,3468.5
2024-07-22 15:00:00,19987.8,17.84,3064.0
2024-07-22 16:00:00,21660.5,26.51,2743.0
2024-07-22 17:00:00,23938.3,36.17,2051.5
2024-07-22 18:00:00,24425.4,33.33,1318.5
2024-07-22 19:00:00,22998.0,33.19,694.5
2024-07-22 20:00:00,21327.8,38.83,4.0
2024-07-22 21:00:00,19167.6,32.46,55.5
2024-07-22 22:00:00,17132.3,29.38,72.0
2024-07-22 23:00:00,15860.2,22.44,3.0
2024-07-23 00:00:00,14000.0,24.85,19.5
2024-07-23 01:00:00,14000.0,24.63,5.5
2024-07-23 02:00:00,14000.0,24.02,11.0
2024-07-23 03:00:00,14000.0,19.45,4.0
2024-07-23 04:00:00,14000.0,19.39,0.0
2024-07-23 05:00:00,14000.0,17.63,680.0
2024-07-23 06:00:00,17051.5,13.93,1468.5
2024-07-23 07:00:00,20072.2,22.85,2176.0
2024-07-23 08:00:00,22244.3,30.38,2718.0
2024-07-23 09:00:00,21757.5,19.94,3225.5
2024-07-23 10:00:00,20165.0,25.95,3623.0
2024-07-23 11:00:00,17938.0,7.66,3785.0
2024-07-23 12:00:00,16873.0,7.43,3625.5
2024-07-23 13:00:00,16791.7,7.12,3898.0
2024-07-23 14:00:00,17536.2,13.92,3930.0
2024-07-23 15:00:00,19717.4,18.71,2995.0
2024-07-23 16:00:00,21887.6,20.83,2711.0
2024-07-23 17:00:00,23196.3,33.05,2234.0
2024-07-23 18:00:00,24719.0,38.49,1457.0
2024-07-23 19:00:00,23610.8,35.32,667.0
2024-07-23 20:00:00,21176.9,43.44,84.5
2024-07-23 21:00:00,19444.1,35.66,60.0
2024-07-23 22:00:00,17471.8,30.75,109.5
2024-07-23 23:00:00,16153.9,22.88,198.0
2024-07-24 00:00:00,14000.0,15.71,601.0
2024-07-24 01:00:00,14000.0,26.74,293.0
2024-07-24 02:00:00,14000.0,17.41,71.0
2024-07-24 03:00:00,14000.0,23.05,214.0
2024-07-24 04:00:00,14000.0,24.52,323.5
2024-07-24 05:00:00,14067.3,11.82,1044.0
2024-07-24 06:00:00,17395.4,20.62,1750.0
2024-07-24 07:00:00,20166.0,19.27,2775.5
2024-07-24 08:00:00,22103.6,25.95,3457.0
2024-07-24 09:00:00,21754.4,17.6,4233.5
2024-07-24 10:00:00,20186.4,11.63,4880.0
2024-07-24 11:00:00,17998.0,5.53,4551.0
2024-07-24 12:00:00,17490.3,9.64,4543.0
2024-07-24 13:00:00,16994.5,1.12,4840.5
2024-07-24 14:00:00,17685.3,17.78,4198.0
2024-07-24 15:00:00,19424.1,16.37,3634.0
2024-07-24 16:00:00,21911.1,28.76,2923.0
2024-07-24 17:00:00,23049.4,29.83,2337.0
2024-07-24 18:00:00,24601.1,38.07,1582.5
2024-07-24 19:00:00,23297.2,31.82,924.5
2024-07-24 20:00:00,21917.9,39.52,303.0
2024-07-24 21:00:00,19356.5,27.3,92.0
2024-07-24 22:00:00,17374.0,33.84,101.5
2024-07-24 23:00:00,15781.3,22.55,131.5
2024-07-25 00:00:00,14000.0,23.49,313.5
2024-07-25 01:00:00,14000.0,14.34,823.0
2024-07-25 02:00:00,14000.0,22.28,991.5
2024-07-25 03:00:00,14000.0,10.11,1928.5
2024-07-25 04:00:00,14000.0,11.48,1439.5
2024-07-25 05:00:00,14046.4,17.61,3103.0
2024-07-25 06:00:00,17424.2,19.69,4349.5
2024-07-25 07:00:00,19871.1,15.72,5038.5
2024-07-25 08:00:00,21650.3,17.78,5144.0
2024-07-25 09:00:00,20884.6,17.32,4536.0
2024-07-25 10:00:00,20371.7,17.68,4458.0
2024-07-25 11:00:00,18862.2,16.32,4799.5
2024-07-25 12:00:00,17113.0,7.86,4420.5
2024-07-25 13:00:00,16364.5,1.46,4282.5
2024-07-25 14:00:00,17997.9,11.37,4157.0
2024-07-25 15:00:00,19405.7,14.15,3621.0
2024-07-25 16:00:00,21666.8,29.39,3156.5
2024-07-25 17:00:00,23927.0,29.64,2622.0
2024-07-25 18:00:00,24502.9,40.81,1896.5
2024-07-25 19:00:00,23524.0,36.71,1333.0
2024-07-25 20:00:00,21641.2,33.4,552.0
2024-07-25 21:00:00,19597.5,36.79,541.0
2024-07-25 22:00:00,17381.7,24.45,294.5
2024-07-25 23:00:00,15738.3,23.36,726.5
2024-07-26 00:00:00,14000.0,17.79,945.5
2024-07-26 01:00:00,14000.0,16.09,829.5
2024-07-26 02:00:00,14000.0,21.23,622.0
2024-07-26 03:00:00,14000.0,17.27,693.0
2024-07-26 04:00:00,14000.0,16.58,550.0
2024-07-26 05:00:00,14000.0,16.11,1299.5
2024-07-26 06:00:00,17064.9,16.55,2277.5
2024-07-26 07:00:00,19988.0,19.97,3065.0
2024-07-26 08:00:00,21782.1,21.12,4038.5
2024-07-26 09:00:00,21710.5,21.76,4410.5
2024-07-26 10:00:00,20427.6,14.18,4523.5
2024-07-26 11:00:00,18148.7,5.49,4650.5
2024-07-26 12:00:00,17289.3,11.19,4688.0
2024-07-26 13:00:00,16998.5,5.93,4675.0
2024-07-26 14:00:00,17423.9,11.13,4520.0
2024-07-26 15:00:00,20287.7,21.86,4063.0
2024-07-26 16:00:00,21469.8,21.84,3506.5
2024-07-26 17:00:00,23917.6,27.39,2593.0
2024-07-26 18:00:00,24618.5,35.33,1735.0
2024-07-26 19:00:00,23859.5,35.4,757.0
2024-07-26 20:00:00,21750.3,33.84,77.0
2024-07-26 21:00:00,19856.5,31.82,9.5
2024-07-26 22:00:00,17125.7,22.55,2.0
2024-07-26 23:00:00,16031.8,20.83,24.0
2024-07-27 00:00:00,14000.0,23.92,22.5
2024-07-27 01:00:00,14000.0,21.63,41.5
2024-07-27 02:00:00,14000.0,22.35,25.5
2024-07-27 03:00:00,14000.0,24.01,54.5
2024-07-27 04:00:00,14000.0,13.31,54.5
2024-07-27 05:00:00,14000.0,17.08,620.5
2024-07-27 06:00:00,14998.7,23.46,1421.0
2024-07-27 07:00:00,17365.4,25.46,2469.5
2024-07-27 08:00:00,18887.0,15.47,3148.0
2024-07-27 09:00:00,18697.5,12.11,3639.5
2024-07-27 10:00:00,17341.5,2.17,4327.5
2024-07-27 11:00:00,16106.6,4.58,4938.0
2024-07-27 12:00:00,15004.0,7.42,4539.5
2024-07-27 13:00:00,14433.1,7.22,4748.5
2024-07-27 14:00:00,15214.5,1.8,3889.5
2024-07-27 15:00:00,17317.8,12.38,3716.0
2024-07-27 16:00:00,18909.1,16.78,3002.5
2024-07-27 17:00:00,20828.9,21.24,2387.5
2024-07-27 18:00:00,21602.1,26.42,2337.0
2024-07-27 19:00:00,20333.9,32.58,1856.0
2024-07-27 20:00:00,18711.8,28.39,2151.5
2024-07-27 21:00:00,17540.1,26.94,1423.0
2024-07-27 22:00:00,15379.0,27.72,848.0
2024-07-27 23:00:00,14000.0,19.17,642.5
2024-07-28 00:00:00,14000.0,65.34,611.5
2024-07-28 01:00:00,14000.0,42.37,1631.5
2024-07-28 02:00:00,14000.0,50.06,1300.5
2024-07-28 03:00:00,14000.0,40.34,1288.5
2024-07-28 04:00:00,14000.0,58.38,1884.5
2024-07-28 05:00:00,14000.0,71.17,1577.5
2024-07-28 06:00:00,14939.3,44.16,2197.0
2024-07-28 07:00:00,17374.2,51.08,2522.0
2024-07-28 08:00:00,18891.9,53.05,3226.5
2024-07-28 09:00:00,18093.1,53.88,3946.5
2024-07-28 10:00:00,17541.9,59.58,4230.5
2024-07-28 11:00:00,16007.6,54.38,4221.5
2024-07-28 12:00:00,15178.8,53.34,4138.5
2024-07-28 13:00:00,14407.8,43.15,4008.0
2024-07-28 14:00:00,15917.3,35.41,3933.0
2024-07-28 15:00:00,17468.9,36.12,3678.5
2024-07-28 16:00:00,19557.4,43.67,3204.5
2024-07-28 17:00:00,20776.6,62.79,2360.5
2024-07-28 18:00:00,21737.5,82.93,1782.5
2024-07-28 19:00:00,20328.4,59.66,690.0
2024-07-28 20:00:00,19375.2,67.2,89.5
2024-07-28 21:00:00,16959.8,73.34,120.0
2024-07-28 22:00:00,14961.2,73.26,60.0
2024-07-28 23:00:00,14000.0,43.3,26.5
2024-07-29 00:00:00,14000.0,17.03,9.5
2024-07-29 01:00:00,14000.0,25.44,3.0
2024-07-29 02:00:00,14000.0,24.01,12.0
2024-07-29 03:00:00,14000.0,22.13,93.5
2024-07-29 04:00:00,14000.0,15.62,344.5
2024-07-29 05:00:00,14314.1,20.37,1103.5
2024-07-29 06:00:00,17559.6,25.74,1851.0
2024-07-29 07:00:00,20025.6,31.27,2513.0
2024-07-29 08:00:00,21916.0,22.9,4028.5
2024-07-29 09:00:00,22042.7,19.33,4441.5
2024-07-29 10:00:00,20384.8,12.1,4664.5
2024-07-29 11:00:00,18540.5,12.1,4826.5
2024-07-29 12:00:00,17566.8,12.68,4987.0
2024-07-29 13:00:00,16904.3,17.48,4584.0
2024-07-29 14:00:00,18042.2,13.42,4783.5
2024-07-29 15:00:00,19886.3,23.09,4231.5
2024-07-29 16:00:00,22037.8,25.88,3262.0
2024-07-29 17:00:00,23828.2,35.65,2240.5
2024-07-29 18:00:00,24708.6,35.01,1638.5
2024-07-29 19:00:00,23973.9,40.76,695.0
2024-07-29 20:00:00,21750.1,32.23,536.0
2024-07-29 21:00:00,20016.4,37.58,450.0
2024-07-29 22:00:00,17425.0,36.65,376.0
2024-07-29 23:00:00,16130.0,25.39,529.5
2024-07-30 00:00:00,14000.0,18.27,605.5
2024-07-30 01:00:00,14000.0,37.05,283.5
2024-07-30 02:00:00,14000.0,26.01,100.0
2024-07-30 03:00:00,14000.0,27.63,46.5
2024-07-30 04:00:00,14000.0,23.02,23.0
2024-07-30 05:00:00,14323.6,15.66,489.5
2024-07-30 06:00:00,17250.5,21.8,1264.5
2024-07-30 07:00:00,20390.1,26.79,1907.0
2024-07-30 08:00:00,22611.7,28.43,2481.5
2024-07-30 09:00:00,21683.2,20.26,2881.5
2024-07-30 10:00:00,20693.9,20.5,3374.5
2024-07-30 11:00:00,18564.0,10.35,3585.5
2024-07-30 12:00:00,17441.2,7.63,3492.0
2024-07-30 13:00:00,17159.3,9.39,3487.5
2024-07-30 14:00:00,18316.3,14.19,3417.0
2024-07-30 15:00:00,19744.4,19.07,3065.0
2024-07-30 16:00:00,21865.2,26.16,2542.0
2024-07-30 17:00:00,23807.8,41.33,1869.0
2024-07-30 18:00:00,24790.5,37.81,1291.0
2024-07-30 19:00:00,23951.7,32.18,525.0
2024-07-30 20:00:00,22398.0,37.5,1.5
2024-07-30 21:00:00,20224.3,33.18,42.5
2024-07-30 22:00:00,17475.8,18.97,19.5
2024-07-30 23:00:00,16051.3,25.42,16.0
2024-07-31 00:00:00,14000.0,18.8,21.0
2024-07-31 01:00:00,14000.0,20.75,0.0
2024-07-31 02:00:00,14000.0,22.03,0.0
2024-07-31 03:00:00,14000.0,20.47,0.0
2024-07-31 04:00:00,14000.0,20.54,0.0
2024-07-31 05:00:00,14107.6,16.76,524.0
2024-07-31 06:00:00,17559.7,25.19,1284.0
2024-07-31 07:00:00,20387.8,24.01,1980.0
2024-07-31 08:00:00,22401.5,29.43,2699.0
2024-07-31 09:00:00,22595.6,20.05,3269.0
2024-07-31 10:00:00,20087.0,16.49,3526.0
2024-07-31 11:00:00,18322.8,15.07,3868.0
2024-07-31 12:00:00,17155.6,5.29,4002.0
2024-07-31 13:00:00,17606.3,9.7,3755.0
2024-07-31 14:00:00,18423.4,17.46,3440.0
2024-07-31 15:00:00,19967.9,16.55,3136.0
2024-07-31 16:00:00,22270.7,31.89,2623.0
2024-07-31 17:00:00,23814.0,33.13,1946.0
2024-07-31 18:00:00,25158.2,37.04,1408.5
2024-07-31 19:00:00,23965.1,41.85,634.0
2024-07-31 20:00:00,22140.8,37.94,228.5
2024-07-31 21:00:00,20076.5,33.47,226.0
2024-07-31 22:00:00,17737.8,27.64,215.0
2024-07-31 23:00:00,16220.7,23.97,527.5
2024-08-01 00:00:00,14106.9,15.61,597.5
2024-08-01 01:00:00,14000.0,22.2,738.5
2024-08-01 02:00:00,14000.0,16.51,955.0
2024-08-01 03:00:00,14000.0,22.79,1136.5
2024-08-01 04:00:00,14000.0,14.17,1402.0
2024-08-01 05:00:00,14107.9,21.04,1925.0
2024-08-01 06:00:00,17293.5,17.5,2010.5
2024-08-01 07:00:00,20728.4,27.96,2756.0
2024-08-01 08:00:00,22169.0,23.87,3293.5
2024-08-01 09:00:00,21436.6,21.37,4248.0
2024-08-01 10:00:00,20337.3,14.52,4513.5
2024-08-01 11:00:00,18640.9,9.72,4388.0
2024-08-01 12:00:00,17303.4,9.27,4249.5
2024-08-01 13:00:00,17627.1,14.98,3888.5
2024-08-01 14:00:00,18325.4,17.39,3608.0
2024-08-01 15:00:00,20482.2,22.52,3465.0
2024-08-01 16:00:00,22413.7,28.58,2538.5
2024-08-01 17:00:00,24211.4,42.84,1899.5
2024-08-01 18:00:00,24551.7,34.08,1310.5
2024-08-01 19:00:00,24179.3,39.75,531.5
2024-08-01 20:00:00,22298.8,27.53,312.5
2024-08-01 21:00:00,19545.5,33.49,448.5
2024-08-01 22:00:00,17697.1,23.92,570.0
2024-08-01 23:00:00,16247.9,23.83,842.0
2024-08-02 00:00:00,14235.6,17.67,395.5
2024-08-02 01:00:00,14000.0,19.1,604.0
2024-08-02 02:00:00,14000.0,20.49,555.5
2024-08-02 03:00:00,14000.0,17.29,380.5
2024-08-02 04:00:00,14000.0,20.47,899.0
2024-08-02 05:00:00,14000.0,15.32,1358.5
2024-08-02 06:00:00,17405.0,18.83,1776.5
2024-08-02 07:00:00,20923.1,28.66,2402.0
2024-08-02 08:00:00,21620.3,25.8,2914.0
2024-08-02 09:00:00,22008.2,15.7,3581.0
2024-08-02 10:00:00,20987.8,18.63,3725.5
2024-08-02 11:00:00,18507.6,8.65,4257.5
2024-08-02 12:00:00,17490.8,17.04,3958.5
2024-08-02 13:00:00,16958.3,7.09,4012.0
2024-08-02 14:00:00,18695.5,12.82,3606.0
2024-08-02 15:00:00,20105.1,20.3,3154.0
2024-08-02 16:00:00,22409.5,29.29,2650.0
2024-08-02 17:00:00,24748.6,32.3,1965.5
2024-08-02 18:00:00,25225.5,39.42,1381.5
2024-08-02 19:00:00,23930.5,40.64,586.0
2024-08-02 20:00:00,22145.6,31.18,81.0
2024-08-02 21:00:00,20164.3,35.83,50.0
2024-08-02 22:00:00,17728.6,26.56,115.0
2024-08-02 23:00:00,15856.9,19.92,130.5
2024-08-03 00:00:00,14000.0,28.48,14.5
2024-08-03 01:00:00,14000.0,17.43,21.0
2024-08-03 02:00:00,14000.0,24.04,72.5
2024-08-03 03:00:00,14000.0,23.01,4.5
2024-08-03 04:00:00,14000.0,14.21,3.0
2024-08-03 05:00:00,14000.0,15.68,519.0
2024-08-03 06:00:00,14867.0,11.92,1460.0
2024-08-03 07:00:00,17672.5,23.05,2150.0
2024-08-03 08:00:00,19651.5,23.17,2957.0
2024-08-03 09:00:00,19816.1,23.48,3723.0
2024-08-03 10:00:00,18085.7,8.18,3959.0
2024-08-03 11:00:00,16315.5,18.08,4002.0
2024-08-03 12:00:00,15164.9,9.76,4002.0
2024-08-03 13:00:00,14878.2,12.37,3956.0
2024-08-03 14:00:00,16419.0,9.45,3940.0
2024-08-03 15:00:00,17518.0,11.56,3583.0
2024-08-03 16:00:00,20163.3,17.83,2886.0
2024-08-03 17:00:00,21610.6,32.85,2156.0
2024-08-03 18:00:00,21228.9,29.75,1367.0
2024-08-03 19:00:00,20950.7,32.9,529.5
2024-08-03 20:00:00,19320.1,36.99,0.5
2024-08-03 21:00:00,17446.9,31.75,15.5
2024-08-03 22:00:00,15603.8,23.65,9.5
2024-08-03 23:00:00,14934.6,23.61,48.5
2024-08-04 00:00:00,14000.0,22.32,20.5
2024-08-04 01:00:00,14000.0,21.4,32.0
2024-08-04 02:00:00,14000.0,26.04,25.0
2024-08-04 03:00:00,14000.0,23.38,1.0
2024-08-04 04:00:00,14000.0,19.87,13.5
2024-08-04 05:00:00,14000.0,24.17,551.5
2024-08-04 06:00:00,15373.4,14.99,1495.0
2024-08-04 07:00:00,18163.8,18.91,2423.5
2024-08-04 08:00:00,19512.9,17.99,3193.5
2024-08-04 09:00:00,19399.2,13.81,3925.0
2024-08-04 10:00:00,18327.4,11.3,4112.5
2024-08-04 11:00:00,16619.9,13.14,4002.5
2024-08-04 12:00:00,15328.3,6.71,4002.0
2024-08-04 13:00:00,14876.3,12.65,4002.0
2024-08-04 14:00:00,15833.3,5.38,4002.0
2024-08-04 15:00:00,17565.1,9.8,3744.0
2024-08-04 16:00:00,19679.0,14.41,3035.0
2024-08-04 17:00:00,21082.5,19.9,2453.0
2024-08-04 18:00:00,21559.9,27.17,1541.0
2024-08-04 19:00:00,20850.5,29.89,545.0
2024-08-04 20:00:00,19092.6,29.58,0.0
2024-08-04 21:00:00,17461.1,29.2,0.0
2024-08-04 22:00:00,15321.8,20.67,0.0
2024-08-04 23:00:00,14122.2,28.49,0.0
2024-08-05 00:00:00,14197.7,21.28,0.0
2024-08-05 01:00:00,14000.0,24.68,0.0
2024-08-05 02:00:00,14000.0,17.62,0.0
2024-08-05 03:00:00,14000.0,19.66,0.0
2024-08-05 04:00:00,14000.0,22.57,0.0
2024-08-05 05:00:00,14234.3,21.51,461.0
2024-08-05 06:00:00,17841.5,27.1,1366.0
2024-08-05 07:00:00,20562.6,20.13,2157.0
2024-08-05 08:00:00,22127.4,37.03,2813.0
2024-08-05 09:00:00,22577.6,30.73,3480.0
2024-08-05 10:00:00,20969.3,20.15,3804.0
2024-08-05 11:00:00,19069.4,16.03,3960.0
2024-08-05 12:00:00,17901.3,12.64,4075.5
2024-08-05 13:00:00,16942.9,5.69,4082.0
2024-08-05 14:00:00,18797.3,9.38,3704.0
2024-08-05 15:00:00,20440.7,14.25,3589.0
2024-08-05 16:00:00,22949.0,22.07,2886.5
2024-08-05 17:00:00,24628.2,41.0,2207.0
2024-08-05 18:00:00,25233.2,36.7,1404.0
2024-08-05 19:00:00,24377.9,45.24,700.5
2024-08-05 20:00:00,22699.2,38.15,201.5
2024-08-05 21:00:00,20111.1,33.55,45.5
2024-08-05 22:00:00,18301.1,29.18,87.5
2024-08-05 23:00:00,16139.0,23.12,130.5
2024-08-06 00:00:00,14212.0,28.91,100.0
2024-08-06 01:00:00,14000.0,21.83,26.5
2024-08-06 02:00:00,14000.0,27.19,10.0
2024-08-06 03:00:00,14000.0,22.3,6.0
2024-08-06 04:00:00,14000.0,27.13,79.5
2024-08-06 05:00:00,14447.1,20.77,478.0
2024-08-06 06:00:00,17560.1,22.33,1253.0
2024-08-06 07:00:00,20794.5,20.8,1971.5
2024-08-06 08:00:00,22748.9,30.74,2784.5
2024-08-06 09:00:00,22018.2,30.78,3181.0
2024-08-06 10:00:00,21007.5,24.41,3607.5
2024-08-06 11:00:00,19193.9,14.4,3692.5
2024-08-06 12:00:00,17993.7,16.0,3923.0
2024-08-06 13:00:00,17554.2,8.48,3666.5
2024-08-06 14:00:00,19381.5,13.16,3558.5
2024-08-06 15:00:00,20709.6,17.78,3512.0
2024-08-06 16:00:00,22790.0,25.41,2766.0
2024-08-06 17:00:00,24242.6,36.16,2278.5
2024-08-06 18:00:00,25259.5,41.61,1939.0
2024-08-06 19:00:00,25083.8,38.49,1679.0
2024-08-06 20:00:00,23228.8,46.14,620.5
2024-08-06 21:00:00,20720.6,32.15,570.5
2024-08-06 22:00:00,18337.9,33.39,957.0
2024-08-06 23:00:00,16273.6,19.65,2371.5
2024-08-07 00:00:00,14480.5,17.5,2360.5
2024-08-07 01:00:00,14000.0,17.56,1964.0
2024-08-07 02:00:00,14000.0,23.05,887.5
2024-08-07 03:00:00,14000.0,18.48,984.0
2024-08-07 04:00:00,14000.0,11.6,1305.0
2024-08-07 05:00:00,14617.3,20.15,2345.0
2024-08-07 06:00:00,17947.3,20.15,3314.0
2024-08-07 07:00:00,21087.8,28.65,5063.0
2024-08-07 08:00:00,22203.7,15.47,5656.5
2024-08-07 09:00:00,22289.3,17.88,6205.0
2024-08-07 10:00:00,20359.2,6.1,6643.5
2024-08-07 11:00:00,18450.7,7.89,7064.5
2024-08-07 12:00:00,17969.0,7.77,6754.5
2024-08-07 13:00:00,17376.3,12.8,6043.0
2024-08-07 14:00:00,18786.3,13.92,5463.5
2024-08-07 15:00:00,20794.1,16.38,4587.0
2024-08-07 16:00:00,22542.6,26.3,3457.5
2024-08-07 17:00:00,24864.2,38.61,2575.0
2024-08-07 18:00:00,25127.7,30.36,2073.5
2024-08-07 19:00:00,23956.7,41.29,1150.5
2024-08-07 20:00:00,22764.4,36.21,279.0
2024-08-07 21:00:00,20194.0,32.31,268.5
2024-08-07 22:00:00,18063.9,29.7,148.0
2024-08-07 23:00:00,17133.5,21.13,225.5
2024-08-08 00:00:00,14093.1,14.87,186.5
2024-08-08 01:00:00,14000.0,23.68,219.0
2024-08-08 02:00:00,14000.0,19.4,103.5
2024-08-08 03:00:00,14000.0,21.21,14.5
2024-08-08 04:00:00,14000.0,22.34,3.0
2024-08-08 05:00:00,14552.1,15.7,374.5
2024-08-08 06:00:00,17620.4,20.4,1252.0
2024-08-08 07:00:00,20749.5,22.78,2086.0
2024-08-08 08:00:00,22926.0,18.42,2738.0
2024-08-08 09:00:00,22993.6,24.77,3423.5
2024-08-08 10:00:00,21049.9,18.5,3922.0
2024-08-08 11:00:00,18828.6,16.21,3968.0
2024-08-08 12:00:00,17921.2,13.25,4122.5
2024-08-08 13:00:00,18275.3,5.41,4038.0
2024-08-08 14:00:00,18633.8,7.42,3763.0
2024-08-08 15:00:00,20972.0,18.58,3385.5
2024-08-08 16:00:00,22576.1,28.19,2794.0
2024-08-08 17:00:00,24712.2,32.1,2266.5
2024-08-08 18:00:00,25700.4,37.22,1255.5
2024-08-08 19:00:00,24868.2,48.05,405.0
2024-08-08 20:00:00,22535.8,41.72,5.0
2024-08-08 21:00:00,20157.5,37.29,4.0
2024-08-08 22:00:00,18514.8,32.09,120.0
2024-08-08 23:00:00,16994.1,22.84,93.5
2024-08-09 00:00:00,14799.9,25.88,132.0
2024-08-09 01:00:00,14000.0,31.51,227.5
2024-08-09 02:00:00,14000.0,23.03,439.5
2024-08-09 03:00:00,14000.0,20.18,377.5
2024-08-09 04:00:00,14000.0,13.91,494.0
2024-08-09 05:00:00,14673.7,16.54,1079.0
2024-08-09 06:00:00,17669.5,25.45,1751.5
2024-08-09 07:00:00,20734.5,28.46,2449.5
2024-08-09 08:00:00,22854.9,22.57,3235.5
2024-08-09 09:00:00,22414.1,25.41,3766.5
2024-08-09 10:00:00,20961.2,15.49,3835.0
2024-08-09 11:00:00,19457.8,19.44,3974.0
2024-08-09 12:00:00,18094.2,14.92,4024.5
2024-08-09 13:00:00,18045.4,17.49,3757.0
2024-08-09 14:00:00,18126.9,11.36,3782.0
2024-08-09 15:00:00,20669.2,24.48,3179.0
2024-08-09 16:00:00,23145.0,29.7,2602.5
2024-08-09 17:00:00,24242.8,36.07,1946.5
2024-08-09 18:00:00,25298.4,39.46,1409.0
2024-08-09 19:00:00,24491.2,38.07,432.5
2024-08-09 20:00:00,22881.9,41.02,190.5
2024-08-09 21:00:00,20973.8,37.47,226.0
2024-08-09 22:00:00,18861.1,26.79,84.5
2024-08-09 23:00:00,16547.2,28.86,136.0
2024-08-10 00:00:00,14000.0,22.76,389.0
2024-08-10 01:00:00,14000.0,18.37,92.5
2024-08-10 02:00:00,14000.0,22.1,197.0
2024-08-10 03:00:00,14000.0,18.34,228.5
2024-08-10 04:00:00,14000.0,22.86,476.5
2024-08-10 05:00:00,14000.0,15.5,630.0
2024-08-10 06:00:00,15914.3,25.2,1392.0
2024-08-10 07:00:00,18093.1,26.0,2203.0
2024-08-10 08:00:00,20041.6,25.42,2789.5
2024-08-10 09:00:00,19881.4,26.94,3450.5
2024-08-10 10:00:00,18392.0,19.83,3834.0
2024-08-10 11:00:00,17000.6,13.99,4041.0
2024-08-10 12:00:00,15661.7,13.98,3985.5
2024-08-10 13:00:00,15491.2,6.6,3974.0
2024-08-10 14:00:00,16325.8,7.13,3894.0
2024-08-10 15:00:00,17430.9,18.29,3429.0
2024-08-10 16:00:00,19972.1,19.56,3564.5
2024-08-10 17:00:00,21441.8,29.94,2941.0
2024-08-10 18:00:00,21906.6,27.45,2103.0
2024-08-10 19:00:00,22118.5,31.1,1797.0
2024-08-10 20:00:00,20119.5,24.17,1884.0
2024-08-10 21:00:00,17864.8,21.17,1749.5
2024-08-10 22:00:00,15844.7,23.17,1690.0
2024-08-10 23:00:00,14688.6,15.08,877.0
2024-08-11 00:00:00,14000.0,16.1,544.5
2024-08-11 01:00:00,14000.0,15.52,1200.0
2024-08-11 02:00:00,14000.0,15.62,1935.0
2024-08-11 03:00:00,14000.0,17.43,2065.5
2024-08-11 04:00:00,14000.0,24.97,2220.0
2024-08-11 05:00:00,14000.0,16.64,3485.0
2024-08-11 06:00:00,15608.0,14.09,2522.5
2024-08-11 07:00:00,18411.6,17.23,4061.0
2024-08-11 08:00:00,19723.7,13.27,5048.5
2024-08-11 09:00:00,19726.8,14.59,6575.0
2024-08-11 10:00:00,18898.4,13.39,5588.0
2024-08-11 11:00:00,16692.8,3.41,5791.0
2024-08-11 12:00:00,15739.9,4.38,6232.0
2024-08-11 13:00:00,15961.6,4.15,6700.0
2024-08-11 14:00:00,16217.2,2.54,6924.0
2024-08-11 15:00:00,18527.8,11.93,5762.5
2024-08-11 16:00:00,20066.5,19.54,4606.0
2024-08-11 17:00:00,22314.2,34.4,3878.5
2024-08-11 18:00:00,22632.0,35.65,2747.5
2024-08-11 19:00:00,21827.2,28.59,2076.0
2024-08-11 20:00:00,20017.3,31.03,1933.5
2024-08-11 21:00:00,17766.3,33.76,2138.0
2024-08-11 22:00:00,16053.2,24.15,1471.5
2024-08-11 23:00:00,14871.4,29.06,912.0
2024-08-12 00:00:00,14618.4,32.36,644.0
2024-08-12 01:00:00,14000.0,16.63,411.5
2024-08-12 02:00:00,14000.0,20.35,359.0
2024-08-12 03:00:00,14000.0,21.42,137.0
2024-08-12 04:00:00,14000.0,15.73,93.0
2024-08-12 05:00:00,14521.8,26.89,340.0
2024-08-12 06:00:00,17937.5,25.2,1392.0
2024-08-12 07:00:00,21399.9,19.92,2334.5
2024-08-12 08:00:00,23447.3,28.58,3313.5
2024-08-12 09:00:00,23096.6,20.85,3808.5
2024-08-12 10:00:00,20788.5,17.46,4237.5
2024-08-12 11:00:00,19271.1,4.04,4172.0
2024-08-12 12:00:00,17823.2,10.89,4076.0
2024-08-12 13:00:00,17803.7,15.11,4098.0
2024-08-12 14:00:00,19314.7,12.97,4104.0
2024-08-12 15:00:00,20359.9,11.44,3623.5
2024-08-12 16:00:00,22581.2,26.07,2994.0
2024-08-12 17:00:00,24756.0,33.52,2239.5
2024-08-12 18:00:00,25924.8,47.11,1376.5
2024-08-12 19:00:00,25293.7,45.06,539.5
2024-08-12 20:00:00,23262.7,39.59,138.0
2024-08-12 21:00:00,21050.3,30.23,443.5
2024-08-12 22:00:00,18005.8,28.84,374.5
2024-08-12 23:00:00,17226.8,35.71,287.5
2024-08-13 00:00:00,14603.8,23.23,490.5
2024-08-13 01:00:00,14000.0,23.06,526.0
2024-08-13 02:00:00,14000.0,10.61,191.0
2024-08-13 03:00:00,14000.0,24.48,369.0
2024-08-13 04:00:00,14000.0,21.11,324.0
2024-08-13 05:00:00,14975.1,21.11,860.0
2024-08-13 06:00:00,17750.3,23.37,1850.5
2024-08-13 07:00:00,21363.3,27.53,2554.0
2024-08-13 08:00:00,22627.9,25.16,3375.0
2024-08-13 09:00:00,22958.6,23.23,3450.5
2024-08-13 10:00:00,21508.5,14.62,3828.5
2024-08-13 11:00:00,19790.4,14.33,4035.5
2024-08-13 12:00:00,17993.3,17.09,3960.5
2024-08-13 13:00:00,18187.5,9.83,4199.5
2024-08-13 14:00:00,19313.2,18.76,3940.5
2024-08-13 15:00:00,20362.2,14.85,3524.5
2024-08-13 16:00:00,23437.6,23.59,2750.5
2024-08-13 17:00:00,25517.0,35.17,1967.5
2024-08-13 18:00:00,25803.4,44.78,1205.0
2024-08-13 19:00:00,24691.5,36.44,284.0
2024-08-13 20:00:00,23520.0,48.81,15.0
2024-08-13 21:00:00,20384.5,43.74,23.5
2024-08-13 22:00:00,18510.1,33.83,7.0
2024-08-13 23:00:00,16974.1,25.32,32.5
2024-08-14 00:00:00,14882.4,21.07,92.0
2024-08-14 01:00:00,14000.0,18.49,7.5
2024-08-14 02:00:00,14000.0,18.48,11.0
2024-08-14 03:00:00,14000.0,20.47,4.0
2024-08-14 04:00:00,14000.0,13.66,28.0
2024-08-14 05:00:00,15278.8,24.37,292.0
2024-08-14 06:00:00,17834.4,19.59,1181.5
2024-08-14 07:00:00,21530.3,24.76,2031.5
2024-08-14 08:00:00,22707.5,24.72,2727.0
2024-08-14 09:00:00,23215.8,27.54,3512.5
2024-08-14 10:00:00,21035.4,23.48,4181.5
2024-08-14 11:00:00,19287.0,9.99,4473.5
2024-08-14 12:00:00,18042.1,16.59,4455.5
2024-08-14 13:00:00,17980.9,6.18,4632.0
2024-08-14 14:00:00,19085.9,11.72,4148.5
2024-08-14 15:00:00,21102.6,23.37,4294.0
2024-08-14 16:00:00,23304.3,20.67,3253.0
2024-08-14 17:00:00,24740.7,32.61,2290.5
2024-08-14 18:00:00,26279.3,37.96,1400.5
2024-08-14 19:00:00,25217.1,41.73,353.5
2024-08-14 20:00:00,23679.5,38.79,23.5
2024-08-14 21:00:00,20610.2,27.96,5.5
2024-08-14 22:00:00,18177.7,32.7,11.5
2024-08-14 23:00:00,17035.7,29.19,21.5
2024-08-15 00:00:00,15064.1,27.21,87.5
2024-08-15 01:00:00,14000.0,19.59,47.0
2024-08-15 02:00:00,14000.0,20.77,114.0
2024-08-15 03:00:00,14000.0,24.93,103.0
2024-08-15 04:00:00,14000.0,22.06,135.0
2024-08-15 05:00:00,14595.7,25.26,387.0
2024-08-15 06:00:00,18112.8,29.52,986.0
2024-08-15 07:00:00,21689.2,30.7,1662.5
2024-08-15 08:00:00,22521.0,29.3,2449.5
2024-08-15 09:00:00,23386.7,29.05,2777.0
2024-08-15 10:00:00,21612.3,24.27,3140.5
2024-08-15 11:00:00,19817.4,16.78,3473.0
2024-08-15 12:00:00,18420.8,16.44,3717.0
2024-08-15 13:00:00,18022.0,16.15,3382.0
2024-08-15 14:00:00,18757.5,15.19,3333.0
2024-08-15 15:00:00,20981.1,25.07,3197.5
2024-08-15 16:00:00,23047.3,34.47,2960.5
2024-08-15 17:00:00,25519.0,36.37,2697.5
2024-08-15 18:00:00,26403.9,42.19,1660.0
2024-08-15 19:00:00,25888.1,44.74,957.0
2024-08-15 20:00:00,23487.2,31.78,735.0
2024-08-15 21:00:00,21195.6,33.67,623.5
2024-08-15 22:00:00,18608.5,39.27,728.5
2024-08-15 23:00:00,16982.5,26.11,826.0
2024-08-16 00:00:00,14935.4,18.43,555.5
2024-08-16 01:00:00,14000.0,20.47,366.0
2024-08-16 02:00:00,14000.0,18.19,400.5
2024-08-16 03:00:00,14000.0,21.79,152.5
2024-08-16 04:00:00,14000.0,21.73,208.0
2024-08-16 05:00:00,15019.7,21.86,485.5
2024-08-16 06:00:00,18622.3,28.86,1727.0
2024-08-16 07:00:00,21263.5,22.63,2239.0
2024-08-16 08:00:00,23483.1,30.56,2879.5
2024-08-16 09:00:00,22846.4,30.3,3256.0
2024-08-16 10:00:00,21494.1,19.51,3817.5
2024-08-16 11:00:00,20041.0,20.47,3890.5
2024-08-16 12:00:00,18555.6,12.88,3969.5
2024-08-16 13:00:00,18347.0,8.81,3997.0
2024-08-16 14:00:00,19677.7,9.55,3615.5
2024-08-16 15:00:00,20878.1,20.08,3096.0
2024-08-16 16:00:00,23126.4,28.14,2526.5
2024-08-16 17:00:00,25150.0,45.84,1863.0
2024-08-16 18:00:00,26082.1,42.35,1067.0
2024-08-16 19:00:00,24520.4,40.23,233.5
2024-08-16 20:00:00,23368.0,43.19,55.0
2024-08-16 21:00:00,20809.4,33.87,90.5
2024-08-16 22:00:00,18979.5,35.48,342.0
2024-08-16 23:00:00,17257.4,34.23,233.0
2024-08-17 00:00:00,14000.0,21.27,383.5
2024-08-17 01:00:00,14000.0,12.27,788.5
2024-08-17 02:00:00,14000.0,18.76,1055.5
2024-08-17 03:00:00,14000.0,16.8,1869.0
2024-08-17 04:00:00,14000.0,23.12,2455.5
2024-08-17 05:00:00,14000.0,17.16,2750.5
2024-08-17 06:00:00,15784.1,14.76,2966.5
2024-08-17 07:00:00,18635.0,26.17,2995.5
2024-08-17 08:00:00,20322.7,19.01,4172.0
2024-08-17 09:00:00,19823.9,15.66,4596.0
2024-08-17 10:00:00,18618.5,10.86,4483.5
2024-08-17 11:00:00,16819.7,13.26,4631.5
2024-08-17 12:00:00,16049.0,5.4,4213.0
2024-08-17 13:00:00,15931.8,10.16,4202.0
2024-08-17 14:00:00,16804.2,12.1,3861.5
2024-08-17 15:00:00,18427.6,15.88,3455.0
2024-08-17 16:00:00,20022.2,25.79,2774.5
2024-08-17 17:00:00,21993.7,36.15,1958.5
2024-08-17 18:00:00,22721.2,29.58,1163.5
2024-08-17 19:00:00,22059.6,36.92,167.0
2024-08-17 20:00:00,20490.5,33.96,22.0
2024-08-17 21:00:00,18711.1,31.62,58.0
2024-08-17 22:00:00,16578.9,23.48,430.0
2024-08-17 23:00:00,14767.1,17.65,497.0
2024-08-18 00:00:00,14000.0,18.85,1000.0
2024-08-18 01:00:00,14000.0,23.91,839.0
2024-08-18 02:00:00,14000.0,18.94,766.0
2024-08-18 03:00:00,14000.0,21.31,876.0
2024-08-18 04:00:00,14000.0,26.8,489.5
2024-08-18 05:00:00,14000.0,20.07,829.0
2024-08-18 06:00:00,16215.2,24.82,1467.5
2024-08-18 07:00:00,18975.2,26.49,2587.0
2024-08-18 08:00:00,20304.6,26.79,3343.0
2024-08-18 09:00:00,20171.1,27.57,3781.0
2024-08-18 10:00:00,18628.3,12.92,4289.0
2024-08-18 11:00:00,17354.5,13.98,4332.0
2024-08-18 12:00:00,16055.9,8.23,4396.0
2024-08-18 13:00:00,15928.2,9.8,4096.0
2024-08-18 14:00:00,16854.1,12.68,3774.5
2024-08-18 15:00:00,18171.2,20.6,3326.0
2024-08-18 16:00:00,20294.8,20.61,2707.5
2024-08-18 17:00:00,21542.6,30.01,2174.5
2024-08-18 18:00:00,23138.6,30.31,1235.5
2024-08-18 19:00:00,21869.8,33.9,183.0
2024-08-18 20:00:00,20583.0,32.58,107.0
2024-08-18 21:00:00,18488.6,33.04,131.5
2024-08-18 22:00:00,16587.7,27.93,316.0
2024-08-18 23:00:00,14772.1,28.48,201.5
2024-08-19 00:00:00,14978.2,27.07,252.0
2024-08-19 01:00:00,14465.0,21.0,625.5
2024-08-19 02:00:00,14000.0,30.75,1573.5
2024-08-19 03:00:00,14000.0,20.16,967.0
2024-08-19 04:00:00,14000.0,13.77,835.5
2024-08-19 05:00:00,14814.6,16.14,687.0
2024-08-19 06:00:00,18780.0,29.16,1372.0
2024-08-19 07:00:00,21767.9,22.9,1988.5
2024-08-19 08:00:00,23702.3,30.47,2815.0
2024-08-19 09:00:00,23062.3,25.13,3223.0
2024-08-19 10:00:00,21668.5,28.5,3922.5
2024-08-19 11:00:00,19888.3,11.53,3991.0
2024-08-19 12:00:00,18603.4,17.32,4153.5
2024-08-19 13:00:00,18465.5,12.1,4002.5
2024-08-19 14:00:00,19172.1,14.0,3882.5
2024-08-19 15:00:00,20902.8,28.13,3362.0
2024-08-19 16:00:00,24309.7,28.59,3059.5
2024-08-19 17:00:00,26664.4,35.23,2341.0
2024-08-19 18:00:00,26647.2,41.15,1285.0
2024-08-19 19:00:00,25187.0,39.28,554.0
2024-08-19 20:00:00,23423.5,33.95,384.0
2024-08-19 21:00:00,21373.2,32.7,432.0
2024-08-19 22:00:00,19346.5,25.37,232.0
2024-08-19 23:00:00,17039.5,23.7,215.0
2024-08-20 00:00:00,15020.3,19.1,335.5
2024-08-20 01:00:00,14205.2,22.49,182.5
2024-08-20 02:00:00,14000.0,15.32,307.5
2024-08-20 03:00:00,14000.0,22.85,498.5
2024-08-20 04:00:00,14000.0,10.75,754.5
2024-08-20 05:00:00,15237.6,18.44,709.5
2024-08-20 06:00:00,18963.0,25.27,1466.5
2024-08-20 07:00:00,21873.2,26.56,2398.0
2024-08-20 08:00:00,23734.9,28.8,3177.0
2024-08-20 09:00:00,23203.1,17.88,4155.0
2024-08-20 10:00:00,21528.5,25.26,5107.5
2024-08-20 11:00:00,20219.4,20.78,5394.5
2024-08-20 12:00:00,18711.5,0.03,5311.0
2024-08-20 13:00:00,18532.8,13.49,5120.0
2024-08-20 14:00:00,19849.0,10.46,6101.5
2024-08-20 15:00:00,21072.7,13.8,6505.0
2024-08-20 16:00:00,23621.8,20.06,6670.0
2024-08-20 17:00:00,25860.8,26.19,5745.0
2024-08-20 18:00:00,26342.5,34.41,4703.0
2024-08-20 19:00:00,26095.3,45.34,3657.5
2024-08-20 20:00:00,23719.1,41.99,3550.0
2024-08-20 21:00:00,20972.7,27.82,3668.5
2024-08-20 22:00:00,19053.9,20.1,2412.0
2024-08-20 23:00:00,17463.9,23.3,2038.5
2024-08-21 00:00:00,15316.0,18.83,1909.0
2024-08-21 01:00:00,14300.1,24.82,1533.0
2024-08-21 02:00:00,14000.0,12.69,1718.5
2024-08-21 03:00:00,14000.0,8.81,2214.5
2024-08-21 04:00:00,14000.0,11.87,3107.0
2024-08-21 05:00:00,14990.3,20.5,2672.0
2024-08-21 06:00:00,18798.8,18.83,3046.0
2024-08-21 07:00:00,21871.9,23.63,4137.5
2024-08-21 08:00:00,24279.4,32.2,3637.5
2024-08-21 09:00:00,23928.6,18.21,4381.0
2024-08-21 10:00:00,22094.0,18.51,4891.5
2024-08-21 11:00:00,20100.3,16.4,4538.0
2024-08-21 12:00:00,18648.0,15.52,4339.0
2024-08-21 13:00:00,18116.6,9.5,4533.5
2024-08-21 14:00:00,19420.6,20.7,4746.5
2024-08-21 15:00:00,21523.8,17.81,4684.5
2024-08-21 16:00:00,23989.9,30.65,4235.0
2024-08-21 17:00:00,26078.0,39.09,3712.0
2024-08-21 18:00:00,27034.7,29.16,3150.0
2024-08-21 19:00:00,25619.4,45.63,3082.0
2024-08-21 20:00:00,23629.8,34.0,1412.5
2024-08-21 21:00:00,21833.9,32.16,1793.5
2024-08-21 22:00:00,19326.8,34.88,1052.0
2024-08-21 23:00:00,17381.7,23.54,1452.5
2024-08-22 00:00:00,15136.4,21.25,997.0
2024-08-22 01:00:00,14247.4,21.31,2098.0
2024-08-22 02:00:00,14000.0,19.39,1252.5
2024-08-22 03:00:00,14000.0,15.62,699.0
2024-08-22 04:00:00,14000.0,26.11,103.0
2024-08-22 05:00:00,15253.0,25.16,105.5
2024-08-22 06:00:00,18974.5,21.13,951.0
2024-08-22 07:00:00,21505.8,28.47,1903.5
2024-08-22 08:00:00,23594.9,31.74,2571.5
2024-08-22 09:00:00,23978.0,26.82,3219.5
2024-08-22 10:00:00,22100.6,13.29,4541.5
2024-08-22 11:00:00,18740.8,6.86,4546.5
2024-08-22 12:00:00,18931.9,10.37,4423.5
2024-08-22 13:00:00,19068.2,15.4,4220.0
2024-08-22 14:00:00,18971.1,19.57,4016.5
2024-08-22 15:00:00,22063.1,16.03,4292.0
2024-08-22 16:00:00,22999.3,24.17,3591.0
2024-08-22 17:00:00,26358.1,28.42,2732.0
2024-08-22 18:00:00,26762.4,40.54,2505.0
2024-08-22 19:00:00,25069.0,45.4,2606.0
2024-08-22 20:00:00,24124.1,41.9,2361.0
2024-08-22 21:00:00,21819.0,31.12,2600.0
2024-08-22 22:00:00,19282.0,25.52,2600.0
2024-08-22 23:00:00,17703.5,22.3,2498.0
2024-08-23 00:00:00,15123.8,16.93,2600.0
2024-08-23 01:00:00,14000.0,15.93,2600.0
2024-08-23 02:00:00,14000.0,15.31,2119.0
2024-08-23 03:00:00,14000.0,19.73,724.0
2024-08-23 04:00:00,14000.0,14.85,805.0
2024-08-23 05:00:00,14811.7,21.53,1586.0
2024-08-23 06:00:00,18429.8,25.46,2563.0
2024-08-23 07:00:00,21865.8,36.87,3308.5
2024-08-23 08:00:00,23287.0,28.01,3980.5
2024-08-23 09:00:00,23648.2,21.34,5008.0
2024-08-23 10:00:00,22180.7,25.1,5213.5
2024-08-23 11:00:00,19704.9,20.8,4399.5
2024-08-23 12:00:00,19032.1,10.38,4421.5
2024-08-23 13:00:00,18772.4,19.63,4670.0
2024-08-23 14:00:00,19468.7,14.27,5121.0
2024-08-23 15:00:00,21596.5,14.46,4186.0
2024-08-23 16:00:00,23382.7,24.02,3403.0
2024-08-23 17:00:00,25960.0,35.15,2035.0
2024-08-23 18:00:00,26869.5,49.02,1580.5
2024-08-23 19:00:00,26148.7,46.79,395.5
2024-08-23 20:00:00,24190.5,42.52,323.0
2024-08-23 21:00:00,21608.2,35.53,751.5
2024-08-23 22:00:00,19173.1,39.34,579.0
2024-08-23 23:00:00,17691.1,26.1,1028.5
2024-08-24 00:00:00,14000.0,17.26,1129.0
2024-08-24 01:00:00,14000.0,24.83,732.0
2024-08-24 02:00:00,14000.0,20.68,663.0
2024-08-24 03:00:00,14000.0,24.95,1120.0
2024-08-24 04:00:00,14000.0,17.62,960.5
2024-08-24 05:00:00,14000.0,20.51,771.0
2024-08-24 06:00:00,16331.5,27.93,1780.5
2024-08-24 07:00:00,19452.5,19.51,3082.5
2024-08-24 08:00:00,20842.9,23.9,4432.5
2024-08-24 09:00:00,20543.8,8.25,5841.5
2024-08-24 10:00:00,19161.7,13.08,6208.0
2024-08-24 11:00:00,17451.3,3.37,6339.0
2024-08-24 12:00:00,16023.4,8.1,5736.5
2024-08-24 13:00:00,16340.4,1.49,5182.0
2024-08-24 14:00:00,17202.3,12.7,4994.0
2024-08-24 15:00:00,19149.8,14.21,4485.0
2024-08-24 16:00:00,20867.3,21.27,4363.0
2024-08-24 17:00:00,23431.8,31.4,2821.0
2024-08-24 18:00:00,23328.5,32.84,2544.5
2024-08-24 19:00:00,22478.6,30.89,2606.5
2024-08-24 20:00:00,20692.7,26.07,2510.0
2024-08-24 21:00:00,18312.2,27.77,2642.0
2024-08-24 22:00:00,17196.7,17.8,2603.5
2024-08-24 23:00:00,15699.7,21.01,1536.0
2024-08-25 00:00:00,14000.0,47.33,1903.5
2024-08-25 01:00:00,14000.0,45.38,816.0
2024-08-25 02:00:00,14000.0,58.73,1005.5
2024-08-25 03:00:00,14000.0,47.14,1347.0
2024-08-25 04:00:00,14000.0,49.79,1208.0
2024-08-25 05:00:00,14000.0,65.69,1712.5
2024-08-25 06:00:00,16694.5,70.66,2890.5
2024-08-25 07:00:00,20054.8,78.01,4412.5
2024-08-25 08:00:00,20991.1,70.01,4940.0
2024-08-25 09:00:00,20592.8,44.18,5532.0
2024-08-25 10:00:00,19152.1,46.62,5405.5
2024-08-25 11:00:00,17162.9,33.57,4600.0
2024-08-25 12:00:00,16422.4,36.53,5160.5
2024-08-25 13:00:00,16588.7,57.17,5471.0
2024-08-25 14:00:00,17362.3,61.01,5382.5
2024-08-25 15:00:00,18986.3,68.32,4775.5
2024-08-25 16:00:00,20799.7,57.9,3512.5
2024-08-25 17:00:00,22948.3,60.97,2914.5
2024-08-25 18:00:00,23908.9,63.52,1662.0
2024-08-25 19:00:00,23011.7,74.12,377.0
2024-08-25 20:00:00,21138.2,50.42,654.5
2024-08-25 21:00:00,18646.9,59.63,1094.5
2024-08-25 22:00:00,17093.5,43.05,2238.0
2024-08-25 23:00:00,14716.2,48.27,1945.5
2024-08-26 00:00:00,15479.9,14.15,2616.0
2024-08-26 01:00:00,15045.1,16.04,2131.5
2024-08-26 02:00:00,14000.0,21.42,1432.5
2024-08-26 03:00:00,14000.0,14.14,1381.0
2024-08-26 04:00:00,14000.0,17.46,1495.5
2024-08-26 05:00:00,15334.1,24.79,1044.5
2024-08-26 06:00:00,19370.2,28.77,2074.0
2024-08-26 07:00:00,22558.5,29.57,2533.0
2024-08-26 08:00:00,24184.7,27.76,3730.0
2024-08-26 09:00:00,24188.2,30.11,4089.0
2024-08-26 10:00:00,22308.0,25.19,4432.0
2024-08-26 11:00:00,21338.4,18.76,4198.5
2024-08-26 12:00:00,19070.9,16.16,4061.5
2024-08-26 13:00:00,18872.2,11.37,4074.0
2024-08-26 14:00:00,19344.9,19.4,4054.0
2024-08-26 15:00:00,21721.2,23.92,3820.0
2024-08-26 16:00:00,24781.6,29.55,2947.5
2024-08-26 17:00:00,25859.4,35.05,2003.0
2024-08-26 18:00:00,26293.9,50.42,943.0
2024-08-26 19:00:00,26393.3,44.89,38.5
2024-08-26 20:00:00,24828.7,42.74,89.5
2024-08-26 21:00:00,21789.0,31.85,154.0
2024-08-26 22:00:00,19371.1,36.32,158.5
2024-08-26 23:00:00,17319.9,25.84,18.5
2024-08-27 00:00:00,15555.1,24.42,7.0
2024-08-27 01:00:00,14686.2,22.22,13.0
2024-08-27 02:00:00,14000.0,31.02,5.5
2024-08-27 03:00:00,14000.0,28.62,0.0
2024-08-27 04:00:00,14000.0,22.48,0.0
2024-08-27 05:00:00,15763.5,22.11,4.5
2024-08-27 06:00:00,19314.2,28.97,881.0
2024-08-27 07:00:00,22705.8,30.79,1901.0
2024-08-27 08:00:00,24410.9,37.73,2722.0
2024-08-27 09:00:00,24306.3,37.27,3719.0
2024-08-27 10:00:00,21776.9,22.36,3757.0
2024-08-27 11:00:00,19984.4,19.5,4002.0
2024-08-27 12:00:00,18889.5,22.09,4002.0
2024-08-27 13:00:00,18852.2,15.99,4002.0
2024-08-27 14:00:00,20046.2,12.92,4002.0
2024-08-27 15:00:00,22090.5,22.22,3529.0
2024-08-27 16:00:00,24865.2,31.44,2861.0
2024-08-27 17:00:00,26945.2,37.37,1832.0
2024-08-27 18:00:00,26920.2,44.58,951.5
2024-08-27 19:00:00,26576.1,41.08,93.5
2024-08-27 20:00:00,24110.8,34.06,54.5
2024-08-27 21:00:00,21796.7,37.05,159.0
2024-08-27 22:00:00,19637.9,31.73,212.5
2024-08-27 23:00:00,16970.2,34.46,267.0
2024-08-28 00:00:00,16070.5,22.62,487.5
2024-08-28 01:00:00,14721.7,23.21,427.0
2024-08-28 02:00:00,14000.0,18.96,286.0
2024-08-28 03:00:00,14000.0,13.46,78.5
2024-08-28 04:00:00,14000.0,20.95,83.0
2024-08-28 05:00:00,15590.6,25.56,33.0
2024-08-28 06:00:00,19079.5,26.05,836.5
2024-08-28 07:00:00,23130.9,31.14,1946.0
2024-08-28 08:00:00,24276.3,34.69,2782.0
2024-08-28 09:00:00,24139.7,25.5,3642.0
2024-08-28 10:00:00,22879.3,27.76,4007.0
2024-08-28 11:00:00,20703.2,18.7,4028.0
2024-08-28 12:00:00,19158.0,19.05,4004.5
2024-08-28 13:00:00,19277.2,21.5,4009.5
2024-08-28 14:00:00,20768.4,14.02,4092.0
2024-08-28 15:00:00,22172.8,27.82,3523.0
2024-08-28 16:00:00,24592.1,36.93,2856.0
2024-08-28 17:00:00,26658.5,44.41,1871.5
2024-08-28 18:00:00,27919.9,45.03,1169.5
2024-08-28 19:00:00,26343.9,35.11,309.5
2024-08-28 20:00:00,24412.7,52.69,413.0
2024-08-28 21:00:00,21436.2,29.14,610.0
2024-08-28 22:00:00,19270.2,39.34,719.0
2024-08-28 23:00:00,17813.8,23.18,636.5
2024-08-29 00:00:00,15556.1,17.64,835.0
2024-08-29 01:00:00,15042.7,23.4,250.0
2024-08-29 02:00:00,14000.0,20.83,140.5
2024-08-29 03:00:00,14000.0,30.4,82.0
2024-08-29 04:00:00,14000.0,18.22,206.5
2024-08-29 05:00:00,15941.6,29.13,97.5
2024-08-29 06:00:00,19619.9,32.19,835.5
2024-08-29 07:00:00,22667.9,29.01,1712.5
2024-08-29 08:00:00,24246.1,34.6,2611.0
2024-08-29 09:00:00,24586.3,30.66,2954.5
2024-08-29 10:00:00,22223.7,28.2,3708.0
2024-08-29 11:00:00,20723.2,17.67,4145.0
2024-08-29 12:00:00,19903.5,22.67,4122.5
2024-08-29 13:00:00,19092.9,16.54,4347.0
2024-08-29 14:00:00,19849.8,12.54,4106.5
2024-08-29 15:00:00,22288.9,17.28,3646.5
2024-08-29 16:00:00,24469.8,40.07,2859.0
2024-08-29 17:00:00,26134.4,37.04,2998.5
2024-08-29 18:00:00,27776.0,43.85,2269.5
2024-08-29 19:00:00,27132.5,48.15,910.0
2024-08-29 20:00:00,24494.5,41.95,645.5
2024-08-29 21:00:00,21901.9,37.2,623.0
2024-08-29 22:00:00,19409.9,24.63,622.5
2024-08-29 23:00:00,17981.8,32.35,655.0
2024-08-30 00:00:00,15497.4,24.74,264.0
2024-08-30 01:00:00,14487.2,24.45,449.5
2024-08-30 02:00:00,14000.0,17.97,540.0
2024-08-30 03:00:00,14000.0,20.53,412.5
2024-08-30 04:00:00,14000.0,14.81,284.0
2024-08-30 05:00:00,15887.5,28.26,860.5
2024-08-30 06:00:00,19592.2,29.08,1003.5
2024-08-30 07:00:00,22604.7,22.08,1931.0
2024-08-30 08:00:00,24602.3,30.63,3031.0
2024-08-30 09:00:00,24173.6,29.8,3911.0
2024-08-30 10:00:00,22795.8,29.81,4193.0
2024-08-30 11:00:00,20787.4,12.87,4249.5
2024-08-30 12:00:00,19210.6,19.46,4718.5
2024-08-30 13:00:00,18726.6,16.99,4304.0
2024-08-30 14:00:00,20205.1,17.01,3862.0
2024-08-30 15:00:00,22169.8,28.79,3570.0
2024-08-30 16:00:00,24037.0,32.44,2960.5
2024-08-30 17:00:00,26999.6,39.21,1896.5
2024-08-30 18:00:00,27992.5,51.48,1196.0
2024-08-30 19:00:00,27803.8,55.12,551.0
2024-08-30 20:00:00,24559.2,37.28,189.5
2024-08-30 21:00:00,21932.8,39.0,286.0
2024-08-30 22:00:00,19440.9,31.66,247.0
2024-08-30 23:00:00,18148.4,31.38,345.0
2024-08-31 00:00:00,14000.0,50.71,563.0
2024-08-31 01:00:00,14000.0,46.73,450.5
2024-08-31 02:00:00,14000.0,39.52,665.0
2024-08-31 03:00:00,14000.0,67.25,670.0
2024-08-31 04:00:00,14000.0,39.11,757.0
2024-08-31 05:00:00,14000.0,69.53,610.5
2024-08-31 06:00:00,16906.7,54.54,1573.0
2024-08-31 07:00:00,19440.1,75.23,2896.0
2024-08-31 08:00:00,21212.3,61.79,4053.0
2024-08-31 09:00:00,21108.9,66.0,4786.0
2024-08-31 10:00:00,19775.5,30.67,4897.5
2024-08-31 11:00:00,18192.3,55.18,4759.0
2024-08-31 12:00:00,17238.9,54.49,4783.5
2024-08-31 13:00:00,16871.3,54.27,4481.0
2024-08-31 14:00:00,17861.9,55.69,4281.0
2024-08-31 15:00:00,19843.1,52.14,4363.0
2024-08-31 16:00:00,21790.3,62.33,4634.0
2024-08-31 17:00:00,23389.3,65.54,4031.0
2024-08-31 18:00:00,24463.4,85.52,2475.5
2024-08-31 19:00:00,23772.1,96.25,2107.5
2024-08-31 20:00:00,21785.5,71.18,1874.0
2024-08-31 21:00:00,18889.9,55.18,1927.0
2024-08-31 22:00:00,17048.3,61.05,2858.0
2024-08-31 23:00:00,15735.5,69.0,1923.0
2024-09-01 00:00:00,14000.0,19.82,1701.5
2024-09-01 01:00:00,14000.0,17.91,1557.5
2024-09-01 02:00:00,14000.0,17.78,1393.0
2024-09-01 03:00:00,14000.0,21.32,1452.0
2024-09-01 04:00:00,14000.0,14.9,2121.0
2024-09-01 05:00:00,14000.0,31.45,1785.0
2024-09-01 06:00:00,16716.8,19.81,2132.0
2024-09-01 07:00:00,20086.4,19.96,3570.5
2024-09-01 08:00:00,21286.3,32.53,3733.0
2024-09-01 09:00:00,20753.4,18.19,4708.0
2024-09-01 10:00:00,19769.8,9.12,5394.0
2024-09-01 11:00:00,18492.6,9.47,5461.0
2024-09-01 12:00:00,17057.0,15.57,5099.5
2024-09-01 13:00:00,17259.5,10.67,4494.5
2024-09-01 14:00:00,17722.9,7.18,4276.0
2024-09-01 15:00:00,20212.8,22.79,3728.5
2024-09-01 16:00:00,21747.0,29.25,2591.5
2024-09-01 17:00:00,23500.6,36.13,1871.0
2024-09-01 18:00:00,23727.6,31.3,996.5
2024-09-01 19:00:00,23877.3,35.25,1172.5
2024-09-01 20:00:00,21496.0,27.8,1355.0
2024-09-01 21:00:00,19197.9,27.3,1705.5
2024-09-01 22:00:00,17666.2,31.72,1672.5
2024-09-01 23:00:00,16137.4,14.43,1733.0
2024-09-02 00:00:00,16079.8,17.63,1486.0
2024-09-02 01:00:00,14800.9,13.77,1000.0
2024-09-02 02:00:00,14000.0,22.18,1192.0
2024-09-02 03:00:00,14000.0,25.86,1616.5
2024-09-02 04:00:00,14000.0,17.59,2321.5
2024-09-02 05:00:00,16232.1,23.1,2365.5
2024-09-02 06:00:00,19702.2,23.87,3724.0
2024-09-02 07:00:00,23692.4,30.1,3433.5
2024-09-02 08:00:00,25121.3,30.5,5400.0
2024-09-02 09:00:00,24467.9,20.26,5511.5
2024-09-02 10:00:00,23195.5,23.65,5284.5
2024-09-02 11:00:00,21457.8,13.52,6212.5
2024-09-02 12:00:00,20132.6,12.72,5794.0
2024-09-02 13:00:00,19674.5,10.89,5167.5
2024-09-02 14:00:00,20403.7,6.77,4962.0
2024-09-02 15:00:00,22424.0,26.14,4058.0
2024-09-02 16:00:00,25243.1,31.01,3609.0
2024-09-02 17:00:00,27788.5,41.84,2166.0
2024-09-02 18:00:00,28096.1,55.13,1114.5
2024-09-02 19:00:00,27284.9,48.84,486.5
2024-09-02 20:00:00,25011.3,39.68,798.0
2024-09-02 21:00:00,22259.1,31.76,216.0
2024-09-02 22:00:00,19951.6,32.02,233.0
2024-09-02 23:00:00,18339.8,31.49,340.0
2024-09-03 00:00:00,16281.8,19.78,134.0
2024-09-03 01:00:00,14885.8,27.44,149.5
2024-09-03 02:00:00,14000.0,19.3,175.0
2024-09-03 03:00:00,14000.0,20.5,61.5
2024-09-03 04:00:00,14000.0,21.11,68.5
2024-09-03 05:00:00,16250.4,19.82,117.5
2024-09-03 06:00:00,20149.3,29.03,726.5
2024-09-03 07:00:00,23170.5,34.47,1824.5
2024-09-03 08:00:00,25098.3,32.0,2890.5
2024-09-03 09:00:00,24592.9,26.43,3454.0
2024-09-03 10:00:00,23181.8,21.5,4044.5
2024-09-03 11:00:00,21102.6,20.8,4068.5
2024-09-03 12:00:00,19639.7,21.29,4078.5
2024-09-03 13:00:00,19445.4,14.17,4110.5
2024-09-03 14:00:00,20613.8,12.99,4424.0
2024-09-03 15:00:00,22484.8,32.96,3994.0
2024-09-03 16:00:00,25032.5,36.27,2964.0
2024-09-03 17:00:00,27909.9,42.6,1728.0
2024-09-03 18:00:00,29162.2,47.67,700.0
2024-09-03 19:00:00,26713.8,55.13,58.5
2024-09-03 20:00:00,24615.0,39.94,54.5
2024-09-03 21:00:00,22133.5,38.42,26.0
2024-09-03 22:00:00,20046.8,36.84,53.0
2024-09-03 23:00:00,18620.5,31.64,118.0
2024-09-04 00:00:00,16075.7,75.04,62.5
2024-09-04 01:00:00,15036.2,60.57,122.5
2024-09-04 02:00:00,14000.0,42.62,199.5
2024-09-04 03:00:00,14000.0,55.66,77.5
2024-09-04 04:00:00,14000.0,71.73,127.5
2024-09-04 05:00:00,15981.0,70.09,400.0
2024-09-04 06:00:00,19277.2,64.45,1294.0
2024-09-04 07:00:00,22785.8,84.36,2350.5
2024-09-04 08:00:00,24560.3,84.28,3024.5
2024-09-04 09:00:00,25029.0,63.57,3793.5
2024-09-04 10:00:00,23174.0,62.22,4575.0
2024-09-04 11:00:00,21278.5,49.19,4525.0
2024-09-04 12:00:00,19155.2,41.04,4369.0
2024-09-04 13:00:00,19047.2,53.0,4179.5
2024-09-04 14:00:00,20759.0,74.67,3702.0
2024-09-04 15:00:00,21727.2,72.14,3277.0
2024-09-04 16:00:00,25684.8,92.16,2579.5
2024-09-04 17:00:00,26571.5,83.42,1627.0
2024-09-04 18:00:00,28487.6,97.13,559.5
2024-09-04 19:00:00,26946.9,91.77,68.5
2024-09-04 20:00:00,25582.7,63.47,99.5
2024-09-04 21:00:00,23628.0,92.77,12.5
2024-09-04 22:00:00,19468.6,55.85,34.5
2024-09-04 23:00:00,18637.4,68.54,99.0
2024-09-05 00:00:00,15562.4,24.34,61.0
2024-09-05 01:00:00,15152.2,23.36,145.0
2024-09-05 02:00:00,14000.0,21.79,110.5
2024-09-05 03:00:00,14000.0,21.03,313.0
2024-09-05 04:00:00,14000.0,22.96,548.5
2024-09-05 05:00:00,16235.9,33.97,287.0
2024-09-05 06:00:00,19392.5,35.11,1220.0
2024-09-05 07:00:00,23713.5,30.87,2724.5
2024-09-05 08:00:00,24923.7,30.15,3020.5
2024-09-05 09:00:00,24318.9,25.86,3714.5
2024-09-05 10:00:00,23733.2,22.11,4286.5
2024-09-05 11:00:00,21145.8,8.04,5704.5
2024-09-05 12:00:00,20341.2,17.05,4511.5
2024-09-05 13:00:00,19914.7,14.94,4217.0
2024-09-05 14:00:00,20387.4,18.46,3880.5
2024-09-05 15:00:00,22731.2,24.77,3040.0
2024-09-05 16:00:00,25365.5,35.75,2276.5
2024-09-05 17:00:00,28052.7,42.02,1477.5
2024-09-05 18:00:00,28426.3,46.5,683.5
2024-09-05 19:00:00,27489.6,57.98,54.5
2024-09-05 20:00:00,25208.5,39.6,85.0
2024-09-05 21:00:00,22613.6,52.45,61.5
2024-09-05 22:00:00,20630.2,29.23,183.0
2024-09-05 23:00:00,18517.7,27.26,59.0
2024-09-06 00:00:00,15963.3,19.9,146.0
2024-09-06 01:00:00,14986.3,21.58,118.0
2024-09-06 02:00:00,14000.0,6.75,196.5
2024-09-06 03:00:00,14000.0,24.78,350.0
2024-09-06 04:00:00,14000.0,17.39,256.5
2024-09-06 05:00:00,16472.4,26.68,588.5
2024-09-06 06:00:00,19838.5,37.55,1083.0
2024-09-06 07:00:00,23617.3,31.99,1909.0
2024-09-06 08:00:00,24239.1,32.76,3020.0
2024-09-06 09:00:00,25150.7,26.44,3420.5
2024-09-06 10:00:00,23212.5,27.42,3987.0
2024-09-06 11:00:00,21096.0,19.69,4269.0
2024-09-06 12:00:00,19906.1,10.23,4328.0
2024-09-06 13:00:00,19486.4,20.45,4270.0
2024-09-06 14:00:00,20054.7,16.84,3923.0
2024-09-06 15:00:00,23164.8,26.11,3282.5
2024-09-06 16:00:00,25510.6,36.96,2827.0
2024-09-06 17:00:00,27401.8,46.75,1725.0
2024-09-06 18:00:00,27939.9,43.58,790.0
2024-09-06 19:00:00,26916.8,51.76,315.5
2024-09-06 20:00:00,25467.9,44.36,610.0
2024-09-06 21:00:00,23268.6,38.4,678.5
2024-09-06 22:00:00,20374.8,31.21,408.0
2024-09-06 23:00:00,18203.1,30.74,201.0
2024-09-07 00:00:00,14072.5,15.16,213.5
2024-09-07 01:00:00,14000.0,17.24,312.5
2024-09-07 02:00:00,14000.0,13.56,366.0
2024-09-07 03:00:00,14000.0,24.57,161.0
2024-09-07 04:00:00,14000.0,21.72,181.0
2024-09-07 05:00:00,14185.6,22.67,50.5
2024-09-07 06:00:00,17118.8,23.8,521.5
2024-09-07 07:00:00,19976.0,25.94,1662.0
2024-09-07 08:00:00,21925.3,25.35,2715.5
2024-09-07 09:00:00,21914.8,25.0,3282.5
2024-09-07 10:00:00,19822.4,9.56,4035.0
2024-09-07 11:00:00,18755.0,13.94,4111.0
2024-09-07 12:00:00,17537.1,12.95,4085.0
2024-09-07 13:00:00,17158.7,12.11,4186.5
2024-09-07 14:00:00,17856.3,20.08,4108.0
2024-09-07 15:00:00,19662.5,18.63,3745.5
2024-09-07 16:00:00,22541.2,30.84,2840.5
2024-09-07 17:00:00,23500.4,37.73,1842.5
2024-09-07 18:00:00,25156.4,39.02,730.5
2024-09-07 19:00:00,23979.1,44.72,456.5
2024-09-07 20:00:00,22136.9,29.83,281.0
2024-09-07 21:00:00,19333.7,27.83,647.5
2024-09-07 22:00:00,17701.8,30.64,688.0
2024-09-07 23:00:00,16384.4,19.79,912.0
2024-09-08 00:00:00,14000.0,21.86,1957.0
2024-09-08 01:00:00,14000.0,19.22,3129.0
2024-09-08 02:00:00,14000.0,18.11,2445.5
2024-09-08 03:00:00,14000.0,16.27,3043.0
2024-09-08 04:00:00,14000.0,12.84,3624.5
2024-09-08 05:00:00,14000.0,13.96,3930.0
2024-09-08 06:00:00,17538.7,22.15,4762.0
2024-09-08 07:00:00,20988.3,25.32,5715.5
2024-09-08 08:00:00,22549.7,18.51,7390.5
2024-09-08 09:00:00,21993.0,7.07,8419.5
2024-09-08 10:00:00,20309.2,4.99,9184.0
2024-09-08 11:00:00,18453.3,2.51,9602.0
2024-09-08 12:00:00,17326.8,2.42,9602.0
2024-09-08 13:00:00,17353.6,0.92,9602.0
2024-09-08 14:00:00,17942.2,5.78,9602.0
2024-09-08 15:00:00,20260.8,6.22,8726.0
2024-09-08 16:00:00,22998.9,14.74,8099.0
2024-09-08 17:00:00,24116.5,28.25,7160.0
2024-09-08 18:00:00,24356.0,25.58,6056.0
2024-09-08 19:00:00,23645.2,25.58,5600.0
2024-09-08 20:00:00,22514.1,29.02,5021.0
2024-09-08 21:00:00,19901.4,26.07,5206.0
2024-09-08 22:00:00,18044.0,22.11,4167.0
2024-09-08 23:00:00,16167.6,7.32,3641.0
2024-09-09 00:00:00,16448.7,18.6,3509.5
2024-09-09 01:00:00,15254.8,13.47,3557.0
2024-09-09 02:00:00,14000.0,19.21,3440.5
2024-09-09 03:00:00,14000.0,7.44,3576.5
2024-09-09 04:00:00,14000.0,16.01,3717.5
2024-09-09 05:00:00,16785.2,19.41,3769.0
2024-09-09 06:00:00,20103.9,26.77,3618.0
2024-09-09 07:00:00,23872.4,32.36,4649.0
2024-09-09 08:00:00,25264.5,25.33,6169.0
2024-09-09 09:00:00,24831.8,23.39,6418.5
2024-09-09 10:00:00,23458.5,27.7,5561.0
2024-09-09 11:00:00,21853.1,22.47,4971.0
2024-09-09 12:00:00,19927.6,17.93,5063.0
2024-09-09 13:00:00,19602.8,15.29,5930.0
2024-09-09 14:00:00,21005.9,24.1,5148.5
2024-09-09 15:00:00,23289.1,25.17,4732.0
2024-09-09 16:00:00,26349.0,33.72,3976.0
2024-09-09 17:00:00,28001.4,44.44,2601.0
2024-09-09 18:00:00,28959.5,46.8,1313.5
2024-09-09 19:00:00,28146.1,52.18,1186.0
2024-09-09 20:00:00,25235.5,46.88,1160.0
2024-09-09 21:00:00,22652.4,35.54,1265.0
2024-09-09 22:00:00,20216.4,29.91,1910.5
2024-09-09 23:00:00,18430.3,28.66,1684.5
2024-09-10 00:00:00,16503.9,21.86,1025.5
2024-09-10 01:00:00,15417.2,17.46,1232.5
2024-09-10 02:00:00,14072.5,18.7,884.5
2024-09-10 03:00:00,14000.0,18.21,1672.5
2024-09-10 04:00:00,14195.5,21.78,1351.5
2024-09-10 05:00:00,16142.6,24.73,1678.0
2024-09-10 06:00:00,20833.1,30.06,2205.5
2024-09-10 07:00:00,23219.5,32.63,3405.0
2024-09-10 08:00:00,25256.9,28.88,3784.0
2024-09-10 09:00:00,24490.8,20.32,4341.5
2024-09-10 10:00:00,23760.7,21.48,4944.5
2024-09-10 11:00:00,21224.9,17.4,5251.0
2024-09-10 12:00:00,19837.8,9.93,5760.5
2024-09-10 13:00:00,19528.7,4.04,6490.5
2024-09-10 14:00:00,21283.6,10.88,6264.5
2024-09-10 15:00:00,23453.4,16.22,5618.5
2024-09-10 16:00:00,26516.7,26.93,4455.0
2024-09-10 17:00:00,27674.0,38.47,4100.5
2024-09-10 18:00:00,28888.2,50.5,2996.0
2024-09-10 19:00:00,27413.0,44.83,2344.0
2024-09-10 20:00:00,25649.6,47.62,1526.0
2024-09-10 21:00:00,22894.1,26.19,1404.5
2024-09-10 22:00:00,20773.9,33.7,1317.0
2024-09-10 23:00:00,19167.1,30.51,1962.5
2024-09-11 00:00:00,16615.9,20.69,1434.0
2024-09-11 01:00:00,15215.1,17.67,1224.0
2024-09-11 02:00:00,14321.5,17.72,1369.5
2024-09-11 03:00:00,14000.0,21.93,1537.5
2024-09-11 04:00:00,14000.0,14.36,1006.0
2024-09-11 05:00:00,16250.9,19.37,1581.0
2024-09-11 06:00:00,20119.0,23.68,2065.5
2024-09-11 07:00:00,24450.2,35.13,3612.5
2024-09-11 08:00:00,25785.8,29.44,3864.0
2024-09-11 09:00:00,25492.5,28.68,4166.0
2024-09-11 10:00:00,23630.6,24.82,4679.0
2024-09-11 11:00:00,22459.9,18.41,4507.5
2024-09-11 12:00:00,20636.7,9.9,4798.0
2024-09-11 13:00:00,19799.9,16.15,4930.0
2024-09-11 14:00:00,21033.1,20.04,4574.0
2024-09-11 15:00:00,23220.7,31.29,4015.5
2024-09-11 16:00:00,25971.8,34.8,3485.5
2024-09-11 17:00:00,27774.7,43.56,1843.5
2024-09-11 18:00:00,29095.5,51.54,944.0
2024-09-11 19:00:00,28673.2,49.96,711.5
2024-09-11 20:00:00,25369.1,43.63,718.5
2024-09-11 21:00:00,22771.1,36.69,295.0
2024-09-11 22:00:00,20560.0,35.44,406.0
2024-09-11 23:00:00,18828.0,31.13,766.0
2024-09-12 00:00:00,16928.5,22.82,1923.0
2024-09-12 01:00:00,15702.0,16.41,2194.0
2024-09-12 02:00:00,14365.3,14.43,718.5
2024-09-12 03:00:00,14000.0,16.99,1035.0
2024-09-12 04:00:00,14000.0,16.12,1241.0
2024-09-12 05:00:00,16129.9,20.88,1585.0
2024-09-12 06:00:00,20606.7,28.19,2130.5
2024-09-12 07:00:00,24095.8,39.21,3470.0
2024-09-12 08:00:00,26263.8,32.37,3731.0
2024-09-12 09:00:00,25443.5,22.28,4599.5
2024-09-12 10:00:00,23765.0,21.85,5353.5
2024-09-12 11:00:00,21804.3,14.91,5749.0
2024-09-12 12:00:00,20590.6,23.77,4797.5
2024-09-12 13:00:00,19650.7,16.47,4211.5
2024-09-12 14:00:00,21435.5,22.66,4247.0
2024-09-12 15:00:00,23378.5,25.89,3603.5
2024-09-12 16:00:00,25602.2,34.9,2846.5
2024-09-12 17:00:00,27297.4,40.22,1735.0
2024-09-12 18:00:00,28957.6,50.31,783.0
2024-09-12 19:00:00,28782.2,46.73,915.0
2024-09-12 20:00:00,26631.7,44.31,846.5
2024-09-12 21:00:00,23376.6,41.41,480.5
2024-09-12 22:00:00,21402.1,38.26,146.0
2024-09-12 23:00:00,19013.2,32.79,27.0
2024-09-13 00:00:00,16735.2,24.57,1.5
2024-09-13 01:00:00,15424.1,33.59,51.0
2024-09-13 02:00:00,14109.6,20.96,134.0
2024-09-13 03:00:00,14000.0,22.11,147.5
2024-09-13 04:00:00,14000.0,26.61,44.5
2024-09-13 05:00:00,16872.2,23.32,97.5
2024-09-13 06:00:00,20249.7,32.16,501.5
2024-09-13 07:00:00,23723.3,43.48,1403.0
2024-09-13 08:00:00,25408.4,37.01,2393.0
2024-09-13 09:00:00,25544.2,34.05,3597.5
2024-09-13 10:00:00,24540.0,24.04,4203.5
2024-09-13 11:00:00,22518.5,19.32,4306.5
2024-09-13 12:00:00,19889.0,10.95,4326.5
2024-09-13 13:00:00,20064.1,24.04,4423.5
2024-09-13 14:00:00,20953.1,16.43,4220.5
2024-09-13 15:00:00,23824.0,20.95,3840.5
2024-09-13 16:00:00,26228.0,40.42,2950.0
2024-09-13 17:00:00,28017.1,40.83,1998.0
2024-09-13 18:00:00,29160.8,54.23,694.0
2024-09-13 19:00:00,28076.7,53.2,284.0
2024-09-13 20:00:00,26710.9,51.93,247.0
2024-09-13 21:00:00,23533.9,35.31,118.5
2024-09-13 22:00:00,21080.2,37.35,238.0
2024-09-13 23:00:00,18334.9,25.83,52.5
2024-09-14 00:00:00,14395.2,22.02,220.0
2024-09-14 01:00:00,14000.0,24.05,456.0
2024-09-14 02:00:00,14000.0,12.57,777.0
2024-09-14 03:00:00,14000.0,18.03,727.5
2024-09-14 04:00:00,14000.0,16.68,353.0
2024-09-14 05:00:00,14195.7,22.19,140.0
2024-09-14 06:00:00,18315.3,24.4,457.0
2024-09-14 07:00:00,21047.7,32.72,1675.5
2024-09-14 08:00:00,22330.1,28.21,2247.5
2024-09-14 09:00:00,22389.1,25.38,3100.5
2024-09-14 10:00:00,20063.1,19.19,3677.0
2024-09-14 11:00:00,18757.4,1.93,4075.0
2024-09-14 12:00:00,17823.6,7.44,4048.0
2024-09-14 13:00:00,17840.2,18.19,4079.5
2024-09-14 14:00:00,18046.5,7.62,4146.0
2024-09-14 15:00:00,20385.5,14.7,4128.0
2024-09-14 16:00:00,23153.6,28.26,2858.0
2024-09-14 17:00:00,24166.8,39.86,1616.0
2024-09-14 18:00:00,25527.3,37.3,977.0
2024-09-14 19:00:00,24722.1,42.0,383.5
2024-09-14 20:00:00,23362.2,44.97,580.5
2024-09-14 21:00:00,20315.7,33.11,1373.5
2024-09-14 22:00:00,18180.3,22.77,1548.5
2024-09-14 23:00:00,16894.0,28.17,1741.0
2024-09-15 00:00:00,14177.2,16.48,1856.5
2024-09-15 01:00:00,14000.0,18.37,2361.5
2024-09-15 02:00:00,14000.0,12.56,2645.5
2024-09-15 03:00:00,14000.0,21.7,1835.5
2024-09-15 04:00:00,14000.0,17.74,1082.5
2024-09-15 05:00:00,14632.4,21.43,1066.0
2024-09-15 06:00:00,17724.2,18.5,1296.0
2024-09-15 07:00:00,21094.6,36.89,1523.0
2024-09-15 08:00:00,23184.1,36.05,2446.0
2024-09-15 09:00:00,22183.5,20.22,3192.5
2024-09-15 10:00:00,21005.6,27.13,3660.0
2024-09-15 11:00:00,19085.5,8.89,4208.0
2024-09-15 12:00:00,17865.4,6.57,4158.0
2024-09-15 13:00:00,17251.8,9.93,4208.0
2024-09-15 14:00:00,19054.0,15.89,4107.5
2024-09-15 15:00:00,20342.5,25.46,3228.5
2024-09-15 16:00:00,23248.2,30.77,2321.5
2024-09-15 17:00:00,24568.5,33.86,1257.5
2024-09-15 18:00:00,25298.0,48.78,248.5
2024-09-15 19:00:00,25243.7,43.8,229.0
2024-09-15 20:00:00,23204.9,42.81,293.5
2024-09-15 21:00:00,20528.5,38.37,356.5
2024-09-15 22:00:00,18506.2,27.95,273.0
2024-09-15 23:00:00,16671.7,24.74,583.5
2024-09-16 00:00:00,16688.1,28.27,721.0
2024-09-16 01:00:00,15553.0,27.67,502.0
2024-09-16 02:00:00,14579.0,18.26,858.0
2024-09-16 03:00:00,14000.0,19.43,880.0
2024-09-16 04:00:00,14406.4,14.42,965.5
2024-09-16 05:00:00,16664.8,20.27,2400.0
2024-09-16 06:00:00,20689.4,39.07,1143.5
2024-09-16 07:00:00,24566.2,27.7,2758.5
2024-09-16 08:00:00,26174.8,41.5,4270.5
2024-09-16 09:00:00,25803.3,38.3,4684.0
2024-09-16 10:00:00,24173.3,21.16,4587.5
2024-09-16 11:00:00,22381.5,16.58,4803.0
2024-09-16 12:00:00,20428.0,14.46,5767.5
2024-09-16 13:00:00,20366.1,14.03,5215.0
2024-09-16 14:00:00,21532.8,24.83,4473.0
2024-09-16 15:00:00,24055.5,32.4,3718.0
2024-09-16 16:00:00,26378.3,36.27,3150.5
2024-09-16 17:00:00,29390.7,40.53,2624.5
2024-09-16 18:00:00,29396.9,47.42,2379.0
2024-09-16 19:00:00,28504.4,56.95,2680.5
2024-09-16 20:00:00,26313.5,41.61,3168.5
2024-09-16 21:00:00,23146.1,40.13,3131.5
2024-09-16 22:00:00,20783.6,31.11,2939.5
2024-09-16 23:00:00,19166.1,33.09,3106.0
2024-09-17 00:00:00,17039.4,20.43,3406.0
2024-09-17 01:00:00,15761.1,23.04,3442.5
2024-09-17 02:00:00,14333.9,18.43,3733.0
2024-09-17 03:00:00,14000.0,15.67,2942.5
2024-09-17 04:00:00,14475.4,16.23,3160.0
2024-09-17 05:00:00,17124.6,13.94,3780.0
2024-09-17 06:00:00,20496.4,25.42,3795.0
2024-09-17 07:00:00,24201.4,39.18,5596.5
2024-09-17 08:00:00,26980.0,36.4,7273.5
2024-09-17 09:00:00,26112.3,22.03,8506.0
2024-09-17 10:00:00,24179.1,11.91,9152.0
2024-09-17 11:00:00,22408.6,15.71,9439.0
2024-09-17 12:00:00,21024.9,8.12,9602.0
2024-09-17 13:00:00,20307.1,7.66,9542.0
2024-09-17 14:00:00,21682.9,9.24,8998.0
2024-09-17 15:00:00,24169.6,25.58,8109.5
2024-09-17 16:00:00,26057.2,29.7,6376.5
2024-09-17 17:00:00,28729.1,40.6,5667.5
2024-09-17 18:00:00,29084.2,39.95,4127.0
2024-09-17 19:00:00,28292.0,40.3,3784.5
2024-09-17 20:00:00,26258.2,33.92,4052.0
2024-09-17 21:00:00,23872.3,32.36,5594.5
2024-09-17 22:00:00,21090.2,27.14,4564.5
2024-09-17 23:00:00,19205.1,17.15,4599.0
2024-09-18 00:00:00,16830.7,19.63,4336.0
2024-09-18 01:00:00,15556.6,16.3,4270.5
2024-09-18 02:00:00,14587.0,6.18,4120.5
2024-09-18 03:00:00,14000.0,11.94,3073.5
2024-09-18 04:00:00,14183.2,17.18,2699.0
2024-09-18 05:00:00,16820.8,18.85,1983.0
2024-09-18 06:00:00,20957.8,29.33,2638.5
2024-09-18 07:00:00,23730.6,27.57,3918.5
2024-09-18 08:00:00,26577.7,26.18,4651.0
2024-09-18 09:00:00,27332.4,21.19,5944.5
2024-09-18 10:00:00,24324.1,15.45,6489.5
2024-09-18 11:00:00,22214.4,22.46,7300.0
2024-09-18 12:00:00,21022.7,7.04,6996.5
2024-09-18 13:00:00,21068.1,11.27,7158.0
2024-09-18 14:00:00,22011.3,14.13,7075.5
2024-09-18 15:00:00,23155.3,28.45,6284.0
2024-09-18 16:00:00,26844.7,24.36,4749.0
2024-09-18 17:00:00,29945.5,41.76,3508.5
2024-09-18 18:00:00,29968.5,49.62,3068.5
2024-09-18 19:00:00,28325.8,46.53,2092.5
2024-09-18 20:00:00,26695.1,41.15,2414.5
2024-09-18 21:00:00,23335.8,39.62,1735.0
2024-09-18 22:00:00,21666.7,24.87,1751.5
2024-09-18 23:00:00,19188.4,25.64,2538.5
2024-09-19 00:00:00,16900.3,20.62,2080.0
2024-09-19 01:00:00,15684.5,25.67,1370.5
2024-09-19 02:00:00,14429.5,10.2,1466.0
2024-09-19 03:00:00,14000.0,17.35,1425.5
2024-09-19 04:00:00,14276.1,18.49,1244.5
2024-09-19 05:00:00,16794.0,22.17,1488.5
2024-09-19 06:00:00,20560.8,29.11,1620.5
2024-09-19 07:00:00,23878.4,32.99,2728.5
2024-09-19 08:00:00,25968.7,33.73,5649.5
2024-09-19 09:00:00,26260.3,28.26,6683.0
2024-09-19 10:00:00,24821.1,16.14,7519.5
2024-09-19 11:00:00,22150.8,11.78,6787.0
2024-09-19 12:00:00,21361.3,7.01,7533.0
2024-09-19 13:00:00,20416.5,14.16,7374.5
2024-09-19 14:00:00,21698.6,8.0,8408.0
2024-09-19 15:00:00,23630.8,12.7,7700.5
2024-09-19 16:00:00,27117.8,33.0,5199.0
2024-09-19 17:00:00,29853.2,44.11,4196.0
2024-09-19 18:00:00,29016.2,44.02,3521.0
2024-09-19 19:00:00,28784.1,44.04,4063.0
2024-09-19 20:00:00,27189.8,39.68,3972.0
2024-09-19 21:00:00,23364.8,33.71,4342.5
2024-09-19 22:00:00,21535.5,28.92,4323.0
2024-09-19 23:00:00,19899.4,21.88,4212.5
2024-09-20 00:00:00,16965.2,21.23,4165.0
2024-09-20 01:00:00,16080.7,13.24,4080.5
2024-09-20 02:00:00,14989.5,10.19,4005.0
2024-09-20 03:00:00,14083.5,13.86,3835.0
2024-09-20 04:00:00,14294.6,16.37,3268.0
2024-09-20 05:00:00,16864.3,23.47,3419.5
2024-09-20 06:00:00,20709.4,36.03,3273.5
2024-09-20 07:00:00,25022.4,24.08,4626.5
2024-09-20 08:00:00,26018.8,26.8,5546.5
2024-09-20 09:00:00,26215.7,25.81,6588.5
2024-09-20 10:00:00,24591.7,28.72,5993.5
2024-09-20 11:00:00,22253.8,14.24,6318.5
2024-09-20 12:00:00,21036.5,7.23,5947.0
2024-09-20 13:00:00,21513.6,10.16,6122.5
2024-09-20 14:00:00,21818.8,16.29,5386.5
2024-09-20 15:00:00,23953.1,24.88,5353.0
2024-09-20 16:00:00,27230.2,41.8,5148.0
2024-09-20 17:00:00,29156.3,39.11,3989.5
2024-09-20 18:00:00,30562.4,54.96,1475.5
2024-09-20 19:00:00,29115.4,55.72,674.5
2024-09-20 20:00:00,26684.6,44.41,399.5
2024-09-20 21:00:00,23332.0,46.89,350.0
2024-09-20 22:00:00,20913.9,32.85,109.5
2024-09-20 23:00:00,19075.1,26.22,518.5
2024-09-21 00:00:00,14882.1,28.15,560.5
2024-09-21 01:00:00,14000.0,19.89,436.5
2024-09-21 02:00:00,14000.0,15.31,461.5
2024-09-21 03:00:00,14000.0,18.09,501.5
2024-09-21 04:00:00,14000.0,17.0,463.5
2024-09-21 05:00:00,14657.8,18.88,548.5
2024-09-21 06:00:00,18509.2,29.87,633.5
2024-09-21 07:00:00,21276.0,29.28,1412.5
2024-09-21 08:00:00,22856.0,37.56,2601.5
2024-09-21 09:00:00,23390.1,23.75,3739.0
2024-09-21 10:00:00,21556.3,18.08,4301.0
2024-09-21 11:00:00,19512.4,20.82,4164.0
2024-09-21 12:00:00,18469.8,17.34,4308.0
2024-09-21 13:00:00,18093.7,14.95,4081.5
2024-09-21 14:00:00,19198.2,11.86,4353.5
2024-09-21 15:00:00,20797.2,25.61,4018.0
2024-09-21 16:00:00,24150.1,28.67,3279.5
2024-09-21 17:00:00,25149.7,31.58,2812.5
2024-09-21 18:00:00,26735.1,39.0,2957.5
2024-09-21 19:00:00,25291.2,44.55,1663.0
2024-09-21 20:00:00,23673.3,37.17,1433.0
2024-09-21 21:00:00,21165.9,34.62,1069.0
2024-09-21 22:00:00,19040.3,25.54,903.0
2024-09-21 23:00:00,16913.5,28.48,983.0
2024-09-22 00:00:00,15093.0,19.11,503.0
2024-09-22 01:00:00,14367.2,16.95,514.0
2024-09-22 02:00:00,14000.0,18.69,664.5
2024-09-22 03:00:00,14000.0,14.54,456.5
2024-09-22 04:00:00,14000.0,16.78,152.5
2024-09-22 05:00:00,14823.9,18.58,222.5
2024-09-22 06:00:00,18879.3,31.8,183.0
2024-09-22 07:00:00,21290.9,28.24,1207.5
2024-09-22 08:00:00,22956.7,31.16,2251.0
2024-09-22 09:00:00,23624.0,26.79,3122.0
2024-09-22 10:00:00,21724.2,18.32,3841.5
2024-09-22 11:00:00,20279.9,21.69,4026.5
2024-09-22 12:00:00,18238.3,5.21,4068.5
2024-09-22 13:00:00,18193.5,14.71,4022.0
2024-09-22 14:00:00,18970.2,9.17,3996.5
2024-09-22 15:00:00,21179.4,16.76,3688.0
2024-09-22 16:00:00,22884.8,26.95,2591.0
2024-09-22 17:00:00,25727.0,39.34,1301.5
2024-09-22 18:00:00,26350.4,45.52,553.0
2024-09-22 19:00:00,25436.1,44.87,262.5
2024-09-22 20:00:00,23340.3,38.07,171.5
2024-09-22 21:00:00,20731.7,24.53,265.0
2024-09-22 22:00:00,18993.5,27.41,456.0
2024-09-22 23:00:00,16891.6,29.72,371.5
2024-09-23 00:00:00,17268.0,29.6,259.0
2024-09-23 01:00:00,16630.8,28.44,236.0
2024-09-23 02:00:00,15097.6,21.57,289.0
2024-09-23 03:00:00,14000.0,22.57,175.0
2024-09-23 04:00:00,14352.7,19.05,297.5
2024-09-23 05:00:00,17300.5,25.88,189.0
2024-09-23 06:00:00,21213.7,33.25,161.0
2024-09-23 07:00:00,24415.7,42.22,1133.0
2024-09-23 08:00:00,27020.4,28.04,2209.5
2024-09-23 09:00:00,26608.2,34.28,3195.5
2024-09-23 10:00:00,25543.8,28.73,4027.5
2024-09-23 11:00:00,22589.8,21.48,4324.5
2024-09-23 12:00:00,21556.0,17.93,4403.0
2024-09-23 13:00:00,20552.1,21.45,4360.5
2024-09-23 14:00:00,21764.3,19.63,4259.5
2024-09-23 15:00:00,24646.5,28.19,3551.5
2024-09-23 16:00:00,27565.2,41.66,2781.5
2024-09-23 17:00:00,28957.7,39.69,1769.0
2024-09-23 18:00:00,30264.9,49.53,1156.5
2024-09-23 19:00:00,28762.6,53.39,1383.5
2024-09-23 20:00:00,27012.9,46.29,1462.5
2024-09-23 21:00:00,24548.2,34.25,1374.5
2024-09-23 22:00:00,21535.0,46.15,742.0
2024-09-23 23:00:00,19762.4,30.6,800.5
2024-09-24 00:00:00,16908.5,22.01,836.5
2024-09-24 01:00:00,16031.3,17.65,703.0
2024-09-24 02:00:00,15214.2,27.87,589.5
2024-09-24 03:00:00,14000.0,15.21,823.0
2024-09-24 04:00:00,14304.6,18.18,814.0
2024-09-24 05:00:00,17174.1,25.5,1632.0
2024-09-24 06:00:00,20804.1,24.01,1296.5
2024-09-24 07:00:00,24650.9,38.83,2831.0
2024-09-24 08:00:00,27515.0,32.78,4030.5
2024-09-24 09:00:00,26653.8,34.49,5314.5
2024-09-24 10:00:00,25629.8,28.54,5155.5
2024-09-24 11:00:00,22727.5,21.4,6495.5
2024-09-24 12:00:00,21252.0,13.52,7113.5
2024-09-24 13:00:00,21230.2,15.99,7440.0
2024-09-24 14:00:00,21297.7,17.57,5906.0
2024-09-24 15:00:00,24548.2,28.79,3760.0
2024-09-24 16:00:00,27204.9,39.88,2874.5
2024-09-24 17:00:00,30145.9,36.13,2039.0
2024-09-24 18:00:00,30805.6,51.58,1112.0
2024-09-24 19:00:00,28978.9,54.92,1143.5
2024-09-24 20:00:00,27693.6,42.57,818.5
2024-09-24 21:00:00,24238.0,38.43,728.0
2024-09-24 22:00:00,21461.7,28.82,655.5
2024-09-24 23:00:00,19968.9,24.5,714.0
2024-09-25 00:00:00,17211.0,24.67,634.5
2024-09-25 01:00:00,16623.5,24.99,1490.0
2024-09-25 02:00:00,14954.0,16.3,2564.5
2024-09-25 03:00:00,14000.0,10.32,2492.5
2024-09-25 04:00:00,14773.4,14.15,1593.0
2024-09-25 05:00:00,17603.2,22.39,922.5
2024-09-25 06:00:00,21645.0,33.21,1141.0
2024-09-25 07:00:00,25659.0,33.76,2770.5
2024-09-25 08:00:00,27311.4,40.26,4412.5
2024-09-25 09:00:00,26876.9,26.96,5834.0
2024-09-25 10:00:00,25479.9,18.28,7925.5
2024-09-25 11:00:00,22812.9,19.75,6760.0
2024-09-25 12:00:00,21352.5,4.74,6822.5
2024-09-25 13:00:00,21650.7,22.88,5950.5
2024-09-25 14:00:00,22810.9,22.46,6248.0
2024-09-25 15:00:00,24560.3,29.65,5150.0
2024-09-25 16:00:00,27139.4,35.64,2731.0
2024-09-25 17:00:00,30247.0,45.91,1736.5
2024-09-25 18:00:00,30844.2,51.24,1128.5
2024-09-25 19:00:00,29729.1,49.15,1449.5
2024-09-25 20:00:00,27155.6,50.98,1316.0
2024-09-25 21:00:00,24545.1,33.21,736.5
2024-09-25 22:00:00,21830.0,39.25,1652.5
2024-09-25 23:00:00,19784.4,28.99,1463.0
2024-09-26 00:00:00,17360.4,29.5,1376.0
2024-09-26 01:00:00,16373.1,24.83,1230.5
2024-09-26 02:00:00,14848.5,21.83,1646.5
2024-09-26 03:00:00,14181.4,23.03,1035.5
2024-09-26 04:00:00,14912.8,19.31,1391.0
2024-09-26 05:00:00,17635.7,22.3,1031.0
2024-09-26 06:00:00,21383.0,30.04,1182.0
2024-09-26 07:00:00,25502.2,43.67,1740.0
2024-09-26 08:00:00,27195.3,43.47,3599.0
2024-09-26 09:00:00,26409.1,30.62,3531.5
2024-09-26 10:00:00,25360.1,32.8,4329.5
2024-09-26 11:00:00,22978.1,24.57,5072.5
2024-09-26 12:00:00,22253.5,11.98,5379.5
2024-09-26 13:00:00,21646.2,20.82,5686.5
2024-09-26 14:00:00,22589.2,19.31,4723.0
2024-09-26 15:00:00,24745.6,34.99,4296.0
2024-09-26 16:00:00,27493.0,36.57,4697.5
2024-09-26 17:00:00,29258.8,54.5,3418.0
2024-09-26 18:00:00,29792.1,46.19,3707.5
2024-09-26 19:00:00,29308.9,42.77,3688.0
2024-09-26 20:00:00,27367.9,40.91,4947.5
2024-09-26 21:00:00,23739.0,36.48,3915.5
2024-09-26 22:00:00,21738.3,30.35,4440.5
2024-09-26 23:00:00,19982.4,23.02,4277.0
2024-09-27 00:00:00,17333.8,20.96,4925.0
2024-09-27 01:00:00,16205.2,10.12,5057.5
2024-09-27 02:00:00,14910.3,3.77,4598.5
2024-09-27 03:00:00,14405.9,15.5,3772.0
2024-09-27 04:00:00,14829.2,24.02,3881.5
2024-09-27 05:00:00,17299.6,24.06,3101.5
2024-09-27 06:00:00,21528.2,27.07,3122.0
2024-09-27 07:00:00,25297.6,34.16,3767.0
2024-09-27 08:00:00,26948.6,35.15,4686.5
2024-09-27 09:00:00,26694.5,27.77,5312.0
2024-09-27 10:00:00,25580.3,21.07,6735.0
2024-09-27 11:00:00,22866.6,18.34,7359.0
2024-09-27 12:00:00,21145.3,15.22,7425.0
2024-09-27 13:00:00,21246.6,9.67,7601.5
2024-09-27 14:00:00,22472.0,11.33,7378.5
2024-09-27 15:00:00,24011.2,21.72,6983.5
2024-09-27 16:00:00,27508.8,32.02,5835.0
2024-09-27 17:00:00,30202.6,47.78,4057.0
2024-09-27 18:00:00,30909.5,47.3,2876.0
2024-09-27 19:00:00,30802.9,52.91,2239.0
2024-09-27 20:00:00,28003.3,48.47,1723.5
2024-09-27 21:00:00,25137.3,45.33,1111.5
2024-09-27 22:00:00,22921.1,37.21,1012.0
2024-09-27 23:00:00,20359.0,28.59,1345.5
2024-09-28 00:00:00,15221.3,19.79,1170.5
2024-09-28 01:00:00,14500.2,18.73,1172.0
2024-09-28 02:00:00,14000.0,26.13,1499.5
2024-09-28 03:00:00,14000.0,15.85,1360.5
2024-09-28 04:00:00,14000.0,26.05,1348.5
2024-09-28 05:00:00,15324.2,22.46,695.5
2024-09-28 06:00:00,18632.8,27.53,691.0
2024-09-28 07:00:00,21870.4,30.71,1083.5
2024-09-28 08:00:00,23952.2,28.75,2105.0
2024-09-28 09:00:00,23531.7,27.13,3315.5
2024-09-28 10:00:00,21365.9,20.78,3720.0
2024-09-28 11:00:00,19653.9,15.12,4318.5
2024-09-28 12:00:00,18448.4,19.71,5187.0
2024-09-28 13:00:00,18317.7,16.46,5054.5
2024-09-28 14:00:00,19708.7,16.24,4548.5
2024-09-28 15:00:00,21675.8,20.47,4304.5
2024-09-28 16:00:00,24418.2,24.18,4147.5
2024-09-28 17:00:00,26326.6,39.85,3037.0
2024-09-28 18:00:00,27238.3,48.36,2139.5
2024-09-28 19:00:00,26262.7,48.55,1707.5
2024-09-28 20:00:00,24076.2,37.3,1146.0
2024-09-28 21:00:00,21836.1,28.27,1609.5
2024-09-28 22:00:00,19471.9,28.83,1709.0
2024-09-28 23:00:00,17675.8,26.87,1788.5
2024-09-29 00:00:00,15529.4,19.03,1753.5
2024-09-29 01:00:00,14000.0,19.81,1459.0
2024-09-29 02:00:00,14000.0,17.6,1337.0
2024-09-29 03:00:00,14000.0,16.99,2171.0
2024-09-29 04:00:00,14000.0,19.12,1316.5
2024-09-29 05:00:00,15648.5,19.61,2113.0
2024-09-29 06:00:00,18473.8,22.09,1336.5
2024-09-29 07:00:00,22647.1,38.32,1956.0
2024-09-29 08:00:00,23470.5,28.25,2794.5
2024-09-29 09:00:00,23260.3,14.92,4499.0
2024-09-29 10:00:00,22003.7,15.56,6322.5
2024-09-29 11:00:00,20068.7,13.42,6083.0
2024-09-29 12:00:00,18398.6,11.59,6295.5
2024-09-29 13:00:00,18812.1,9.42,6281.5
2024-09-29 14:00:00,19857.8,10.78,7043.5
2024-09-29 15:00:00,22025.5,19.06,6091.0
2024-09-29 16:00:00,23963.9,22.48,5646.0
2024-09-29 17:00:00,26110.9,35.37,3620.5
2024-09-29 18:00:00,26891.6,45.92,2679.0
2024-09-29 19:00:00,26780.3,41.36,1967.0
2024-09-29 20:00:00,23063.2,35.52,2333.5
2024-09-29 21:00:00,21249.8,28.36,2797.5
2024-09-29 22:00:00,19277.8,21.77,3554.0
2024-09-29 23:00:00,17352.7,18.51,4072.0
2024-09-30 00:00:00,17510.5,18.6,4220.0
2024-09-30 01:00:00,16513.9,16.53,4269.5
2024-09-30 02:00:00,15000.2,14.58,4523.0
2024-09-30 03:00:00,14208.8,5.46,3703.0
2024-09-30 04:00:00,14982.5,16.14,2366.5
2024-09-30 05:00:00,17573.0,27.01,1730.0
2024-09-30 06:00:00,21636.0,38.5,2001.5
2024-09-30 07:00:00,25519.2,33.02,2650.5
2024-09-30 08:00:00,27555.3,31.22,4620.0
2024-09-30 09:00:00,26586.3,30.22,5908.0
2024-09-30 10:00:00,25648.0,27.91,6851.5
2024-09-30 11:00:00,23103.7,12.21,7633.0
2024-09-30 12:00:00,22142.8,4.82,7955.0
2024-09-30 13:00:00,21681.5,11.3,8707.5
2024-09-30 14:00:00,23073.6,13.27,7499.5
2024-09-30 15:00:00,24632.5,28.99,7203.0
2024-09-30 16:00:00,27669.2,30.86,6900.5
2024-09-30 17:00:00,29576.1,34.56,6025.0
2024-09-30 18:00:00,30706.4,42.13,4752.5
2024-09-30 19:00:00,30695.1,47.59,4210.0
2024-09-30 20:00:00,28405.5,42.15,3550.0
2024-09-30 21:00:00,24441.2,37.2,2814.5
2024-09-30 22:00:00,22083.0,43.01,3329.5
2024-09-30 23:00:00,20325.1,21.81,3728.0
2024-10-01 00:00:00,17796.1,23.11,4181.0
2024-10-01 01:00:00,16165.7,23.97,3282.0
2024-10-01 02:00:00,14837.9,19.79,3684.0
2024-10-01 03:00:00,14350.1,12.17,2425.5
2024-10-01 04:00:00,14459.9,18.63,1681.5
2024-10-01 05:00:00,17579.5,19.59,1250.5
2024-10-01 06:00:00,21914.7,37.62,1460.0
2024-10-01 07:00:00,25833.8,35.97,3027.5
2024-10-01 08:00:00,27597.5,40.05,3327.0
2024-10-01 09:00:00,27245.7,41.26,3386.0
2024-10-01 10:00:00,25886.0,31.56,3634.0
2024-10-01 11:00:00,23443.6,25.59,3874.5
2024-10-01 12:00:00,21597.1,17.67,4474.0
2024-10-01 13:00:00,21579.6,23.0,4785.5
2024-10-01 14:00:00,22887.0,20.7,4378.0
2024-10-01 15:00:00,25747.6,35.12,3189.0
2024-10-01 16:00:00,28252.4,43.78,2673.5
2024-10-01 17:00:00,30795.9,54.81,1477.0
2024-10-01 18:00:00,30859.7,55.44,1002.0
2024-10-01 19:00:00,29998.6,48.16,993.5
2024-10-01 20:00:00,27785.8,46.97,1344.0
2024-10-01 21:00:00,24904.1,35.02,832.0
2024-10-01 22:00:00,21977.4,35.31,599.5
2024-10-01 23:00:00,20808.5,36.64,584.5
2024-10-02 00:00:00,17937.9,32.08,593.0
2024-10-02 01:00:00,16586.1,21.99,786.5
2024-10-02 02:00:00,15404.0,30.17,1083.0
2024-10-02 03:00:00,14343.6,14.01,539.0
2024-10-02 04:00:00,15109.3,23.77,675.5
2024-10-02 05:00:00,17402.5,28.15,1081.0
2024-10-02 06:00:00,21890.7,38.46,693.5
2024-10-02 07:00:00,25741.9,43.18,1301.5
2024-10-02 08:00:00,28013.5,40.95,2761.5
2024-10-02 09:00:00,27233.5,41.83,3726.0
2024-10-02 10:00:00,24690.4,21.29,4650.5
2024-10-02 11:00:00,23046.0,19.74,4862.0
2024-10-02 12:00:00,21865.7,18.35,4960.5
2024-10-02 13:00:00,21664.2,15.98,5386.5
2024-10-02 14:00:00,23413.3,18.12,5025.5
2024-10-02 15:00:00,25409.4,31.62,4553.5
2024-10-02 16:00:00,28055.9,39.84,3716.0
2024-10-02 17:00:00,30336.9,56.4,2174.5
2024-10-02 18:00:00,31772.5,57.88,1833.5
2024-10-02 19:00:00,30074.4,54.21,2432.5
2024-10-02 20:00:00,27923.8,49.76,2323.0
2024-10-02 21:00:00,24636.7,35.01,1947.0
2024-10-02 22:00:00,22870.2,34.53,1775.5
2024-10-02 23:00:00,20613.4,32.0,785.0
2024-10-03 00:00:00,17576.8,31.69,761.0
2024-10-03 01:00:00,16692.2,26.14,639.0
2024-10-03 02:00:00,15427.6,22.89,652.5
2024-10-03 03:00:00,14291.9,18.0,1711.5
2024-10-03 04:00:00,14880.0,23.47,1968.0
2024-10-03 05:00:00,17647.9,19.21,2641.5
2024-10-03 06:00:00,22127.4,33.42,2422.5
2024-10-03 07:00:00,25715.7,45.54,2592.5
2024-10-03 08:00:00,27661.5,41.44,3311.0
2024-10-03 09:00:00,27036.0,34.34,3347.0
2024-10-03 10:00:00,25772.1,31.72,3781.5
2024-10-03 11:00:00,23444.2,18.5,3964.5
2024-10-03 12:00:00,21856.4,17.44,4178.5
2024-10-03 13:00:00,21784.0,19.0,4128.0
2024-10-03 14:00:00,23173.6,20.41,3831.5
2024-10-03 15:00:00,25543.4,35.9,3224.5
2024-10-03 16:00:00,28352.9,38.62,2011.5
2024-10-03 17:00:00,30347.9,57.61,862.5
2024-10-03 18:00:00,31097.5,58.12,639.5
2024-10-03 19:00:00,29972.4,51.21,425.0
2024-10-03 20:00:00,27830.8,47.45,361.5
2024-10-03 21:00:00,25141.0,44.18,229.5
2024-10-03 22:00:00,22206.9,41.83,229.5
2024-10-03 23:00:00,20594.1,33.88,470.0
2024-10-04 00:00:00,17568.9,32.07,442.0
2024-10-04 01:00:00,16360.9,24.65,745.5
2024-10-04 02:00:00,15552.5,26.53,347.0
2024-10-04 03:00:00,14293.2,27.6,191.0
2024-10-04 04:00:00,14863.4,23.05,463.0
2024-10-04 05:00:00,17591.2,23.51,438.0
2024-10-04 06:00:00,22232.1,35.61,1037.5
2024-10-04 07:00:00,26479.4,51.83,1256.5
2024-10-04 08:00:00,27778.9,40.67,1795.0
2024-10-04 09:00:00,27595.2,29.95,2809.0
2024-10-04 10:00:00,26246.8,27.14,3654.5
2024-10-04 11:00:00,22949.2,22.11,3913.5
2024-10-04 12:00:00,22688.9,23.67,4144.5
2024-10-04 13:00:00,22593.7,27.09,3912.5
2024-10-04 14:00:00,22062.6,18.67,3772.5
2024-10-04 15:00:00,25328.1,39.17,2736.0
2024-10-04 16:00:00,27913.1,45.69,1881.0
2024-10-04 17:00:00,30442.3,57.7,683.5
2024-10-04 18:00:00,31275.7,61.29,200.5
2024-10-04 19:00:00,30927.0,54.9,168.0
2024-10-04 20:00:00,28130.6,57.51,491.0
2024-10-04 21:00:00,24876.3,48.69,460.0
2024-10-04 22:00:00,22491.8,38.64,429.5
2024-10-04 23:00:00,20795.3,40.89,289.0
2024-10-05 00:00:00,15286.7,34.56,248.5
2024-10-05 01:00:00,14286.3,25.46,313.0
2024-10-05 02:00:00,14000.0,13.06,117.0
2024-10-05 03:00:00,14000.0,13.79,379.5
2024-10-05 04:00:00,14000.0,21.37,599.0
2024-10-05 05:00:00,15520.1,19.01,856.5
2024-10-05 06:00:00,19444.8,26.02,1798.5
2024-10-05 07:00:00,23251.6,37.38,1583.5
2024-10-05 08:00:00,24610.6,32.68,2586.0
2024-10-05 09:00:00,23618.3,30.23,4100.0
2024-10-05 10:00:00,22082.7,22.91,5356.5
2024-10-05 11:00:00,20470.6,8.26,6305.0
2024-10-05 12:00:00,19162.3,11.77,5948.0
2024-10-05 13:00:00,18535.3,9.31,4939.0
2024-10-05 14:00:00,20322.3,17.37,5519.0
2024-10-05 15:00:00,21783.0,21.16,4484.0
2024-10-05 16:00:00,25185.5,38.13,3180.0
2024-10-05 17:00:00,27410.7,43.22,2349.5
2024-10-05 18:00:00,27373.8,51.79,2059.5
2024-10-05 19:00:00,26850.1,45.14,2082.0
2024-10-05 20:00:00,24144.9,32.32,1890.0
2024-10-05 21:00:00,22223.8,35.51,2637.5
2024-10-05 22:00:00,19539.0,27.23,2164.5
2024-10-05 23:00:00,17721.4,13.49,3442.0
2024-10-06 00:00:00,15548.4,17.77,2627.5
2024-10-06 01:00:00,14595.4,18.34,3159.5
2024-10-06 02:00:00,14000.0,21.63,1445.0
2024-10-06 03:00:00,14000.0,20.9,1572.5
2024-10-06 04:00:00,14000.0,17.98,1590.5
2024-10-06 05:00:00,16074.4,20.83,1604.5
2024-10-06 06:00:00,18967.5,24.9,1488.5
2024-10-06 07:00:00,23277.5,37.97,2532.5
2024-10-06 08:00:00,24108.5,34.07,3521.5
2024-10-06 09:00:00,24250.9,23.05,5125.5
2024-10-06 10:00:00,22461.6,24.44,5755.5
2024-10-06 11:00:00,20557.7,14.07,7483.0
2024-10-06 12:00:00,19537.5,10.78,8053.5
2024-10-06 13:00:00,19521.3,7.96,7496.0
2024-10-06 14:00:00,20503.9,18.83,7429.5
2024-10-06 15:00:00,22084.5,15.55,6181.5
2024-10-06 16:00:00,24786.2,19.52,5475.5
2024-10-06 17:00:00,26459.1,41.51,4214.0
2024-10-06 18:00:00,27159.9,46.89,2955.0
2024-10-06 19:00:00,26305.4,43.87,3313.5
2024-10-06 20:00:00,24521.6,38.83,4712.0
2024-10-06 21:00:00,22175.8,37.87,2658.0
2024-10-06 22:00:00,19187.0,31.64,2737.0
2024-10-06 23:00:00,18064.1,27.11,2145.5
2024-10-07 00:00:00,18420.0,27.79,2178.0
2024-10-07 01:00:00,17236.8,24.92,1872.0
2024-10-07 02:00:00,15385.5,25.26,1727.5
2024-10-07 03:00:00,14239.0,15.57,1652.0
2024-10-07 04:00:00,15312.1,19.9,1778.0
2024-10-07 05:00:00,17440.6,21.32,1389.0
2024-10-07 06:00:00,22690.8,40.21,1056.5
2024-10-07 07:00:00,26127.2,48.86,1908.0
2024-10-07 08:00:00,29010.9,39.42,3014.5
2024-10-07 09:00:00,27245.0,27.49,4044.5
2024-10-07 10:00:00,26456.7,29.62,4350.0
2024-10-07 11:00:00,23796.5,23.65,4976.5
2024-10-07 12:00:00,22154.8,19.6,4324.5
2024-10-07 13:00:00,21566.4,13.44,4625.5
2024-10-07 14:00:00,23440.2,27.76,4426.0
2024-10-07 15:00:00,25886.0,33.16,3938.5
2024-10-07 16:00:00,29271.0,51.59,2743.5
2024-10-07 17:00:00,31345.0,58.75,1059.0
2024-10-07 18:00:00,31513.7,52.63,964.0
2024-10-07 19:00:00,30404.5,56.05,873.5
2024-10-07 20:00:00,27883.7,51.04,965.5
2024-10-07 21:00:00,26043.4,52.45,527.5
2024-10-07 22:00:00,22516.1,36.1,371.5
2024-10-07 23:00:00,21311.1,30.5,485.0
2024-10-08 00:00:00,18213.2,28.77,777.0
2024-10-08 01:00:00,17092.6,24.41,1270.5
2024-10-08 02:00:00,15502.2,18.96,2222.5
2024-10-08 03:00:00,14737.2,18.57,2757.0
2024-10-08 04:00:00,15254.7,5.9,3026.0
2024-10-08 05:00:00,18028.9,20.44,2228.5
2024-10-08 06:00:00,22627.9,36.17,1844.0
2024-10-08 07:00:00,26242.4,42.67,1568.5
2024-10-08 08:00:00,27990.8,49.23,3084.0
2024-10-08 09:00:00,28315.9,38.18,3487.0
2024-10-08 10:00:00,26159.8,25.27,3861.0
2024-10-08 11:00:00,24087.8,22.07,4178.5
2024-10-08 12:00:00,22188.0,24.36,4409.5
2024-10-08 13:00:00,21692.1,18.51,4316.5
2024-10-08 14:00:00,23917.3,18.07,3807.0
2024-10-08 15:00:00,26308.7,37.08,3346.5
2024-10-08 16:00:00,28982.5,49.45,2300.5
2024-10-08 17:00:00,30801.5,53.13,1089.5
2024-10-08 18:00:00,31760.0,53.77,1248.5
2024-10-08 19:00:00,31615.1,58.9,1460.5
2024-10-08 20:00:00,28412.0,40.8,1190.5
2024-10-08 21:00:00,25323.3,46.65,815.0
2024-10-08 22:00:00,23500.4,39.9,774.5
2024-10-08 23:00:00,20903.2,37.89,819.0
2024-10-09 00:00:00,18612.0,24.77,743.0
2024-10-09 01:00:00,16707.1,25.97,416.5
2024-10-09 02:00:00,15747.1,27.62,734.0
2024-10-09 03:00:00,15095.9,24.57,684.0
2024-10-09 04:00:00,15315.8,11.46,1062.0
2024-10-09 05:00:00,18117.6,32.59,495.5
2024-10-09 06:00:00,22075.0,42.07,363.5
2024-10-09 07:00:00,26815.1,47.54,941.0
2024-10-09 08:00:00,28096.0,42.99,2563.0
2024-10-09 09:00:00,28116.7,44.17,2925.5
2024-10-09 10:00:00,25785.5,31.63,4222.0
2024-10-09 11:00:00,24552.3,19.27,4380.0
2024-10-09 12:00:00,22802.7,19.28,4524.0
2024-10-09 13:00:00,22155.8,29.12,4146.5
2024-10-09 14:00:00,22983.2,24.92,3747.0
2024-10-09 15:00:00,26392.0,36.96,3113.0
2024-10-09 16:00:00,28541.0,37.95,1980.0
2024-10-09 17:00:00,30569.5,55.84,970.5
2024-10-09 18:00:00,31163.8,57.74,1064.5
2024-10-09 19:00:00,30774.8,63.97,1074.0
2024-10-09 20:00:00,28033.3,52.16,998.0
2024-10-09 21:00:00,25411.3,47.89,733.5
2024-10-09 22:00:00,23190.6,29.66,1617.0
2024-10-09 23:00:00,20869.6,28.01,2605.5
2024-10-10 00:00:00,18287.8,37.01,1089.5
2024-10-10 01:00:00,16935.5,30.06,622.0
2024-10-10 02:00:00,15692.4,25.61,655.5
2024-10-10 03:00:00,15112.6,29.9,724.5
2024-10-10 04:00:00,15279.2,20.09,227.5
2024-10-10 05:00:00,18354.8,31.89,133.5
2024-10-10 06:00:00,22013.2,39.67,298.0
2024-10-10 07:00:00,27077.2,44.21,1704.5
2024-10-10 08:00:00,28313.8,35.15,3476.5
2024-10-10 09:00:00,28694.6,42.48,5154.0
2024-10-10 10:00:00,26309.8,29.2,5347.0
2024-10-10 11:00:00,24291.8,26.03,5063.5
2024-10-10 12:00:00,22714.6,16.89,5375.5
2024-10-10 13:00:00,22088.4,14.17,6279.5
2024-10-10 14:00:00,23849.5,23.45,4842.5
2024-10-10 15:00:00,25588.0,31.91,3631.5
2024-10-10 16:00:00,29129.0,49.91,2403.5
2024-10-10 17:00:00,31004.6,54.94,1548.5
2024-10-10 18:00:00,32283.7,52.43,1530.5
2024-10-10 19:00:00,30962.2,47.77,1405.0
2024-10-10 20:00:00,28774.6,54.24,1014.0
2024-10-10 21:00:00,25320.5,48.27,614.5
2024-10-10 22:00:00,23095.5,37.65,747.0
2024-10-10 23:00:00,21070.9,32.43,564.5
2024-10-11 00:00:00,18102.2,28.44,858.5
2024-10-11 01:00:00,17162.9,25.15,1494.5
2024-10-11 02:00:00,15759.9,20.41,2792.0
2024-10-11 03:00:00,14601.0,20.77,3043.0
2024-10-11 04:00:00,15379.8,24.7,1788.5
2024-10-11 05:00:00,18032.9,27.97,2640.5
2024-10-11 06:00:00,23411.9,33.44,1648.0
2024-10-11 07:00:00,26981.9,47.59,1334.5
2024-10-11 08:00:00,28728.2,44.23,3038.0
2024-10-11 09:00:00,28839.9,33.76,3770.5
2024-10-11 10:00:00,25659.4,28.65,4096.5
2024-10-11 11:00:00,23223.0,24.59,4582.0
2024-10-11 12:00:00,22426.4,14.37,4627.5
2024-10-11 13:00:00,21850.5,17.72,4254.5
2024-10-11 14:00:00,23458.2,26.86,3556.5
2024-10-11 15:00:00,26047.2,33.95,2584.5
2024-10-11 16:00:00,29285.8,51.79,1462.0
2024-10-11 17:00:00,30754.7,58.81,202.5
2024-10-11 18:00:00,32413.2,54.57,3.0
2024-10-11 19:00:00,31286.8,54.04,19.5
2024-10-11 20:00:00,28997.2,57.06,302.0
2024-10-11 21:00:00,25618.1,47.67,247.5
2024-10-11 22:00:00,23564.1,28.8,273.0
2024-10-11 23:00:00,21092.8,41.43,407.5
2024-10-12 00:00:00,16352.7,25.79,291.5
2024-10-12 01:00:00,14814.6,22.44,244.5
2024-10-12 02:00:00,14000.0,16.94,353.0
2024-10-12 03:00:00,14000.0,25.95,360.5
2024-10-12 04:00:00,14000.0,22.49,522.5
2024-10-12 05:00:00,16131.9,24.17,544.0
2024-10-12 06:00:00,19651.0,20.83,441.5
2024-10-12 07:00:00,22256.1,35.68,315.5
2024-10-12 08:00:00,23824.6,32.41,1167.5
2024-10-12 09:00:00,25209.0,33.69,2190.0
2024-10-12 10:00:00,23506.9,25.46,2781.0
2024-10-12 11:00:00,21674.6,26.73,3234.5
2024-10-12 12:00:00,19686.8,25.0,3395.5
2024-10-12 13:00:00,19096.4,18.0,3134.0
2024-10-12 14:00:00,20418.1,17.83,2770.0
2024-10-12 15:00:00,22668.2,29.15,2035.5
2024-10-12 16:00:00,24831.9,37.28,1162.5
2024-10-12 17:00:00,27984.5,56.62,214.5
2024-10-12 18:00:00,29066.6,53.03,89.5
2024-10-12 19:00:00,27497.3,55.68,73.5
2024-10-12 20:00:00,25173.6,38.83,43.5
2024-10-12 21:00:00,22097.6,38.38,19.5
2024-10-12 22:00:00,20616.3,30.69,114.0
2024-10-12 23:00:00,18459.7,29.72,248.5
2024-10-13 00:00:00,15910.4,27.17,168.0
2024-10-13 01:00:00,15148.8,16.22,603.5
2024-10-13 02:00:00,14000.0,16.23,1371.0
2024-10-13 03:00:00,14000.0,19.52,513.5
2024-10-13 04:00:00,14000.0,21.07,526.0
2024-10-13 05:00:00,16292.8,18.88,391.0
2024-10-13 06:00:00,19771.6,34.52,345.0
2024-10-13 07:00:00,23660.0,42.54,372.5
2024-10-13 08:00:00,24976.1,43.68,1251.5
2024-10-13 09:00:00,24765.2,28.45,2172.5
2024-10-13 10:00:00,22733.7,26.57,2846.0
2024-10-13 11:00:00,21386.2,23.77,3163.5
2024-10-13 12:00:00,19495.3,17.99,4001.5
2024-10-13 13:00:00,19393.6,18.63,3628.0
2024-10-13 14:00:00,20613.4,19.81,3393.5
2024-10-13 15:00:00,22778.0,31.5,2232.5
2024-10-13 16:00:00,24646.0,50.01,1601.0
2024-10-13 17:00:00,27301.6,47.97,1670.0
2024-10-13 18:00:00,28548.3,41.5,1880.0
2024-10-13 19:00:00,27233.2,52.49,1467.5
2024-10-13 20:00:00,25173.0,49.22,1238.0
2024-10-13 21:00:00,22662.4,40.61,1172.0
2024-10-13 22:00:00,20175.1,36.56,1547.0
2024-10-13 23:00:00,18211.6,37.52,1210.5
2024-10-14 00:00:00,18415.5,29.19,1278.0
2024-10-14 01:00:00,17600.8,30.67,1304.0
2024-10-14 02:00:00,15629.1,27.61,1717.0
2024-10-14 03:00:00,14795.3,16.71,1493.0
2024-10-14 04:00:00,15235.3,24.85,2609.0
2024-10-14 05:00:00,18746.1,25.71,3093.5
2024-10-14 06:00:00,22801.9,40.02,1869.0
2024-10-14 07:00:00,26473.3,48.58,1295.0
2024-10-14 08:00:00,28926.0,43.24,1989.0
2024-10-14 09:00:00,28097.5,46.31,2790.5
2024-10-14 10:00:00,26284.8,31.09,3686.0
2024-10-14 11:00:00,23847.7,27.73,4082.0
2024-10-14 12:00:00,22414.0,25.62,4547.5
2024-10-14 13:00:00,22985.0,26.07,4478.5
2024-10-14 14:00:00,23506.7,25.19,3750.0
2024-10-14 15:00:00,26400.1,30.87,3176.0
2024-10-14 16:00:00,28798.8,40.55,2822.5
2024-10-14 17:00:00,31949.6,58.4,1703.5
2024-10-14 18:00:00,32029.1,59.46,978.0
2024-10-14 19:00:00,31599.3,54.16,1602.5
2024-10-14 20:00:00,29147.2,48.68,1697.0
2024-10-14 21:00:00,26977.8,41.41,2829.0
2024-10-14 22:00:00,23527.5,31.88,2355.5
2024-10-14 23:00:00,21139.0,35.27,2367.0
2024-10-15 00:00:00,18673.0,20.5,2889.5
2024-10-15 01:00:00,17954.4,26.01,2006.5
2024-10-15 02:00:00,15539.7,26.02,1886.0
2024-10-15 03:00:00,14736.8,19.91,1373.5
2024-10-15 04:00:00,15550.9,26.49,2292.5
2024-10-15 05:00:00,18426.8,23.17,1446.5
2024-10-15 06:00:00,22790.6,32.3,942.0
2024-10-15 07:00:00,26372.8,35.29,1099.0
2024-10-15 08:00:00,29586.5,50.13,2012.0
2024-10-15 09:00:00,28091.0,30.79,3020.5
2024-10-15 10:00:00,26701.7,37.83,4381.0
2024-10-15 11:00:00,24841.6,33.19,4515.0
2024-10-15 12:00:00,22839.3,22.58,4429.5
2024-10-15 13:00:00,22264.8,15.27,5215.5
2024-10-15 14:00:00,23360.0,13.81,5484.0
2024-10-15 15:00:00,26207.9,35.35,3644.0
2024-10-15 16:00:00,28923.6,43.82,2785.0
2024-10-15 17:00:00,31786.0,56.34,1564.0
2024-10-15 18:00:00,31945.5,57.24,1952.0
2024-10-15 19:00:00,32065.8,50.77,1892.0
2024-10-15 20:00:00,29265.8,48.99,1692.0
2024-10-15 21:00:00,26223.5,44.36,1593.5
2024-10-15 22:00:00,23885.3,46.9,2300.5
2024-10-15 23:00:00,21254.9,37.55,1132.0
2024-10-16 00:00:00,18338.4,28.19,1404.5
2024-10-16 01:00:00,17306.8,23.01,515.5
2024-10-16 02:00:00,15932.2,29.63,573.0
2024-10-16 03:00:00,14951.1,29.49,483.0
2024-10-16 04:00:00,15459.5,16.38,836.5
2024-10-16 05:00:00,18035.7,20.72,667.5
2024-10-16 06:00:00,22782.4,38.86,590.0
2024-10-16 07:00:00,27127.8,47.08,510.5
2024-10-16 08:00:00,29125.2,52.28,1808.0
2024-10-16 09:00:00,29310.3,36.41,3033.0
2024-10-16 10:00:00,27652.9,28.43,4397.5
2024-10-16 11:00:00,24812.9,18.96,4533.5
2024-10-16 12:00:00,23395.6,17.66,4789.5
2024-10-16 13:00:00,22927.2,22.27,4581.5
2024-10-16 14:00:00,24529.4,20.11,4175.0
2024-10-16 15:00:00,27112.3,49.15,3498.0
2024-10-16 16:00:00,29764.9,35.45,2485.5
2024-10-16 17:00:00,32123.1,55.1,978.5
2024-10-16 18:00:00,32631.5,58.39,1480.0
2024-10-16 19:00:00,31757.6,60.91,1504.0
2024-10-16 20:00:00,29156.9,46.95,956.5
2024-10-16 21:00:00,26474.3,38.62,581.5
2024-10-16 22:00:00,23198.7,35.3,521.5
2024-10-16 23:00:00,21399.9,43.13,716.5
2024-10-17 00:00:00,17939.8,20.45,308.0
2024-10-17 01:00:00,17955.8,33.43,317.0
2024-10-17 02:00:00,15974.1,25.97,367.5
2024-10-17 03:00:00,15119.9,24.6,394.5
2024-10-17 04:00:00,16045.7,29.25,705.0
2024-10-17 05:00:00,18741.0,27.34,419.5
2024-10-17 06:00:00,23545.1,43.61,923.5
2024-10-17 07:00:00,26560.5,45.82,1246.0
2024-10-17 08:00:00,30203.0,40.83,2762.0
2024-10-17 09:00:00,29351.0,36.69,4846.0
2024-10-17 10:00:00,27031.5,29.23,5253.0
2024-10-17 11:00:00,25134.4,13.24,5736.0
2024-10-17 12:00:00,22587.2,14.8,5383.0
2024-10-17 13:00:00,22637.3,22.01,4935.0
2024-10-17 14:00:00,24508.7,25.35,4887.0
2024-10-17 15:00:00,25719.4,36.55,3579.0
2024-10-17 16:00:00,29683.2,51.35,2491.0
2024-10-17 17:00:00,32137.9,53.41,1109.5
2024-10-17 18:00:00,33802.0,54.96,2346.0
2024-10-17 19:00:00,31117.5,46.52,2005.5
2024-10-17 20:00:00,30104.6,53.71,1737.5
2024-10-17 21:00:00,26089.1,41.75,1304.5
2024-10-17 22:00:00,23366.0,44.69,608.0
2024-10-17 23:00:00,21132.4,38.73,953.5
2024-10-18 00:00:00,18348.5,30.89,814.5
2024-10-18 01:00:00,17662.5,25.31,918.0
2024-10-18 02:00:00,15807.2,27.41,1129.0
2024-10-18 03:00:00,15229.8,22.36,765.5
2024-10-18 04:00:00,15593.1,23.46,1094.5
2024-10-18 05:00:00,18372.7,18.81,1737.0
2024-10-18 06:00:00,22932.3,38.06,1758.5
2024-10-18 07:00:00,27283.3,47.45,964.5
2024-10-18 08:00:00,29120.8,44.93,2108.0
2024-10-18 09:00:00,28982.1,37.04,3419.5
2024-10-18 10:00:00,27310.5,23.68,5022.0
2024-10-18 11:00:00,25083.3,20.62,6953.5
2024-10-18 12:00:00,22952.3,8.25,6496.0
2024-10-18 13:00:00,22447.1,15.9,6214.0
2024-10-18 14:00:00,24088.8,18.59,6239.5
2024-10-18 15:00:00,26727.6,36.73,5092.5
2024-10-18 16:00:00,28877.7,47.11,4899.0
2024-10-18 17:00:00,31552.3,44.16,3664.5
2024-10-18 18:00:00,32576.0,56.21,3561.5
2024-10-18 19:00:00,31870.8,47.95,3890.0
2024-10-18 20:00:00,29147.0,43.1,3856.0
2024-10-18 21:00:00,26669.1,37.25,4127.0
2024-10-18 22:00:00,23026.6,37.99,3719.0
2024-10-18 23:00:00,21080.3,29.23,3113.0
2024-10-19 00:00:00,16194.8,20.53,3447.5
2024-10-19 01:00:00,15279.1,10.8,2978.0
2024-10-19 02:00:00,14000.0,9.76,3242.0
2024-10-19 03:00:00,14000.0,12.73,3010.0
2024-10-19 04:00:00,14000.0,15.04,3022.0
2024-10-19 05:00:00,16232.6,23.1,2761.0
2024-10-19 06:00:00,20216.2,26.44,2637.5
2024-10-19 07:00:00,23452.5,41.58,2640.0
2024-10-19 08:00:00,26082.4,34.53,3908.0
2024-10-19 09:00:00,25461.6,25.1,5328.5
2024-10-19 10:00:00,23299.0,22.76,6308.5
2024-10-19 11:00:00,21568.3,17.19,6602.0
2024-10-19 12:00:00,20159.0,3.7,6602.0
2024-10-19 13:00:00,20261.4,18.13,6602.0
2024-10-19 14:00:00,20806.7,12.6,6085.0
2024-10-19 15:00:00,23425.3,23.32,5210.0
2024-10-19 16:00:00,25779.0,31.25,3898.0
2024-10-19 17:00:00,28529.4,44.62,2600.0
2024-10-19 18:00:00,29291.9,40.81,2600.0
2024-10-19 19:00:00,27979.5,46.49,2607.0
2024-10-19 20:00:00,25625.9,37.65,2600.0
2024-10-19 21:00:00,23202.0,33.91,2602.0
2024-10-19 22:00:00,20532.8,33.73,2608.0
2024-10-19 23:00:00,19315.8,28.84,2656.0
2024-10-20 00:00:00,16343.4,20.7,2636.5
2024-10-20 01:00:00,15271.0,27.89,2082.0
2024-10-20 02:00:00,14000.0,14.11,1098.5
2024-10-20 03:00:00,14000.0,20.16,690.0
2024-10-20 04:00:00,14000.0,24.42,1068.5
2024-10-20 05:00:00,16175.5,30.17,1016.0
2024-10-20 06:00:00,20562.8,26.58,1102.0
2024-10-20 07:00:00,23296.4,35.76,957.0
2024-10-20 08:00:00,25640.6,43.3,2267.5
2024-10-20 09:00:00,25788.2,31.78,3550.0
2024-10-20 10:00:00,22890.3,24.04,4608.0
2024-10-20 11:00:00,22255.1,17.51,5285.0
2024-10-20 12:00:00,20052.0,12.87,6028.5
2024-10-20 13:00:00,19999.6,1.39,4724.5
2024-10-20 14:00:00,21238.0,17.75,4731.5
2024-10-20 15:00:00,23479.9,28.57,3670.0
2024-10-20 16:00:00,25944.8,37.92,2083.5
2024-10-20 17:00:00,28405.8,49.63,1177.0
2024-10-20 18:00:00,29044.4,46.26,545.5
2024-10-20 19:00:00,28718.2,51.51,920.0
2024-10-20 20:00:00,26004.9,50.1,1637.5
2024-10-20 21:00:00,23775.3,43.95,1621.0
2024-10-20 22:00:00,20928.1,33.58,2533.5
2024-10-20 23:00:00,18384.5,27.48,2015.0
2024-10-21 00:00:00,19554.9,27.0,1461.0
2024-10-21 01:00:00,17559.0,24.74,978.0
2024-10-21 02:00:00,16581.4,28.69,837.0
2024-10-21 03:00:00,15201.9,19.16,1976.0
2024-10-21 04:00:00,16141.9,30.92,1836.0
2024-10-21 05:00:00,18683.8,17.6,3000.5
2024-10-21 06:00:00,23538.7,37.88,1270.5
2024-10-21 07:00:00,27282.3,44.73,1048.0
2024-10-21 08:00:00,30199.9,52.89,1419.5
2024-10-21 09:00:00,29415.8,46.0,2754.0
2024-10-21 10:00:00,27650.1,28.36,3863.5
2024-10-21 11:00:00,24092.6,18.48,4414.5
2024-10-21 12:00:00,23233.7,18.97,4462.5
2024-10-21 13:00:00,23147.7,24.2,4527.5
2024-10-21 14:00:00,24355.6,28.08,4046.0
2024-10-21 15:00:00,27161.1,30.22,2821.5
2024-10-21 16:00:00,29622.3,49.03,1738.5
2024-10-21 17:00:00,32286.0,59.19,606.5
2024-10-21 18:00:00,33811.2,62.3,218.0
2024-10-21 19:00:00,31150.8,59.65,112.5
2024-10-21 20:00:00,30007.3,55.87,48.0
2024-10-21 21:00:00,26489.4,47.69,133.0
2024-10-21 22:00:00,23477.7,45.69,242.0
2024-10-21 23:00:00,21892.9,43.73,316.0
2024-10-22 00:00:00,19219.2,30.0,303.5
2024-10-22 01:00:00,18039.1,29.23,184.5
2024-10-22 02:00:00,16231.1,28.69,103.0
2024-10-22 03:00:00,15439.5,23.41,103.5
2024-10-22 04:00:00,16142.0,28.45,177.0
2024-10-22 05:00:00,18908.0,31.86,186.0
2024-10-22 06:00:00,23143.4,43.39,224.0
2024-10-22 07:00:00,27203.0,51.64,147.0
2024-10-22 08:00:00,29957.4,48.56,1491.0
2024-10-22 09:00:00,29288.6,44.55,3124.0
2024-10-22 10:00:00,26916.2,35.11,3822.0
2024-10-22 11:00:00,24341.1,34.63,4296.0
2024-10-22 12:00:00,23621.3,15.24,4500.5
2024-10-22 13:00:00,22882.7,24.96,4136.0
2024-10-22 14:00:00,24464.3,31.57,3690.5
2024-10-22 15:00:00,27351.0,47.09,2703.0
2024-10-22 16:00:00,29284.5,45.79,1339.5
2024-10-22 17:00:00,32332.9,59.76,286.5
2024-10-22 18:00:00,33232.3,59.03,391.0
2024-10-22 19:00:00,32529.8,67.22,265.0
2024-10-22 20:00:00,30383.9,52.19,182.0
2024-10-22 21:00:00,26166.5,44.77,58.5
2024-10-22 22:00:00,24075.6,36.26,87.0
2024-10-22 23:00:00,22183.3,26.65,91.0
2024-10-23 00:00:00,18872.1,30.98,325.0
2024-10-23 01:00:00,17775.7,28.64,123.5
2024-10-23 02:00:00,16412.3,24.93,270.0
2024-10-23 03:00:00,15361.3,25.63,567.5
2024-10-23 04:00:00,16119.0,27.97,527.5
2024-10-23 05:00:00,19146.1,28.49,394.0
2024-10-23 06:00:00,23107.1,40.19,287.0
2024-10-23 07:00:00,27951.4,49.57,303.5
2024-10-23 08:00:00,30188.4,49.06,1699.5
2024-10-23 09:00:00,29471.9,47.88,3075.5
2024-10-23 10:00:00,26807.9,32.91,4330.5
2024-10-23 11:00:00,24999.6,29.64,4765.0
2024-10-23 12:00:00,23464.2,21.73,4510.5
2024-10-23 13:00:00,22739.8,15.95,4677.0
2024-10-23 14:00:00,24280.5,30.44,4350.5
2024-10-23 15:00:00,26358.2,36.7,4017.0
2024-10-23 16:00:00,30228.2,44.22,3168.5
2024-10-23 17:00:00,32526.9,53.89,2694.0
2024-10-23 18:00:00,32586.9,56.66,2889.0
2024-10-23 19:00:00,32607.9,56.45,2641.0
2024-10-23 20:00:00,29888.3,48.64,2662.0
2024-10-23 21:00:00,26981.7,38.72,2543.5
2024-10-23 22:00:00,23798.3,44.55,2597.5
2024-10-23 23:00:00,21643.6,31.87,2642.5
2024-10-24 00:00:00,18758.3,30.65,2654.0
2024-10-24 01:00:00,17717.7,13.21,2720.0
2024-10-24 02:00:00,16360.0,15.69,2609.5
2024-10-24 03:00:00,15358.8,23.37,2628.0
2024-10-24 04:00:00,15978.1,19.99,2278.0
2024-10-24 05:00:00,18918.1,30.67,2610.5
2024-10-24 06:00:00,23393.9,33.08,2652.0
2024-10-24 07:00:00,28657.8,46.95,2225.0
2024-10-24 08:00:00,29407.7,40.29,3781.5
2024-10-24 09:00:00,29224.9,40.89,5380.0
2024-10-24 10:00:00,28857.5,31.17,6055.0
2024-10-24 11:00:00,25270.9,25.97,6634.0
2024-10-24 12:00:00,22975.5,23.22,6801.0
2024-10-24 13:00:00,23494.7,18.21,6522.5
2024-10-24 14:00:00,24146.2,22.37,5970.0
2024-10-24 15:00:00,27370.6,31.54,5082.5
2024-10-24 16:00:00,29943.6,51.74,4409.5
2024-10-24 17:00:00,32321.7,52.68,3211.5
2024-10-24 18:00:00,34313.4,56.23,3256.5
2024-10-24 19:00:00,32803.5,49.37,3260.5
2024-10-24 20:00:00,30434.7,47.32,2982.0
2024-10-24 21:00:00,27023.9,43.7,1523.5
2024-10-24 22:00:00,23845.5,41.07,2672.5
2024-10-24 23:00:00,22169.3,31.68,2676.5
2024-10-25 00:00:00,19374.9,25.34,2780.0
2024-10-25 01:00:00,17947.1,26.7,2952.5
2024-10-25 02:00:00,16843.4,21.45,2874.5
2024-10-25 03:00:00,15562.9,12.56,3598.5
2024-10-25 04:00:00,16118.9,25.34,3349.0
2024-10-25 05:00:00,19163.3,24.12,2766.5
2024-10-25 06:00:00,23630.8,36.11,3196.0
2024-10-25 07:00:00,27174.8,43.92,3347.5
2024-10-25 08:00:00,29792.9,34.74,3858.5
2024-10-25 09:00:00,29650.5,35.42,5507.5
2024-10-25 10:00:00,27402.1,25.21,6521.0
2024-10-25 11:00:00,25308.8,16.13,7058.5
2024-10-25 12:00:00,23532.9,15.22,7850.5
2024-10-25 13:00:00,23535.0,17.43,7274.0
2024-10-25 14:00:00,24791.6,23.56,6735.0
2024-10-25 15:00:00,27144.3,30.61,6259.0
2024-10-25 16:00:00,29503.3,42.05,4389.0
2024-10-25 17:00:00,33501.9,61.51,3601.0
2024-10-25 18:00:00,33525.0,53.93,3331.5
2024-10-25 19:00:00,32576.7,45.96,3521.5
2024-10-25 20:00:00,29924.6,43.49,3778.0
2024-10-25 21:00:00,26725.1,46.09,3215.5
2024-10-25 22:00:00,24628.8,34.66,3910.5
2024-10-25 23:00:00,22486.1,29.72,2767.0
2024-10-26 00:00:00,16711.2,23.53,3138.0
2024-10-26 01:00:00,15599.4,23.74,3601.0
2024-10-26 02:00:00,14439.5,14.03,3577.5
2024-10-26 03:00:00,14000.0,17.11,3346.0
2024-10-26 04:00:00,14000.0,21.06,3118.0
2024-10-26 05:00:00,16738.7,30.34,2653.5
2024-10-26 06:00:00,20435.9,34.11,1522.5
2024-10-26 07:00:00,24250.8,38.97,1794.0
2024-10-26 08:00:00,26104.7,37.3,3237.0
2024-10-26 09:00:00,26013.2,22.05,4578.0
2024-10-26 10:00:00,23831.0,16.94,5309.0
2024-10-26 11:00:00,22200.8,18.6,6168.0
2024-10-26 12:00:00,20243.4,21.73,6960.0
2024-10-26 13:00:00,20120.9,6.45,7736.0
2024-10-26 14:00:00,21244.1,11.9,7324.5
2024-10-26 15:00:00,23240.3,26.84,4915.5
2024-10-26 16:00:00,26676.4,45.44,3196.5
2024-10-26 17:00:00,28047.2,43.85,1714.0
2024-10-26 18:00:00,29000.6,46.96,1954.5
2024-10-26 19:00:00,28988.6,49.34,1753.5
2024-10-26 20:00:00,26015.0,42.87,2117.5
2024-10-26 21:00:00,23419.4,37.4,2245.0
2024-10-26 22:00:00,20679.8,33.93,1535.5
2024-10-26 23:00:00,19456.3,32.29,1498.0
2024-10-27 00:00:00,16856.1,23.85,2432.5
2024-10-27 01:00:00,15839.8,17.75,3652.0
2024-10-27 02:00:00,14460.4,9.07,3656.5
2024-10-27 03:00:00,14000.0,10.22,2800.5
2024-10-27 04:00:00,14000.0,10.84,3623.0
2024-10-27 05:00:00,16494.4,25.22,3028.0
2024-10-27 06:00:00,21025.8,36.29,2863.5
2024-10-27 07:00:00,24501.5,32.43,2657.5
2024-10-27 08:00:00,25822.8,42.14,2810.5
2024-10-27 09:00:00,25864.0,23.28,5205.5
2024-10-27 10:00:00,24009.7,24.39,5898.0
2024-10-27 11:00:00,21652.5,10.27,7814.5
2024-10-27 12:00:00,20631.8,1.18,7705.0
2024-10-27 13:00:00,20222.3,7.13,6719.0
2024-10-27 14:00:00,21164.1,12.04,6380.5
2024-10-27 15:00:00,23157.4,27.26,4740.0
2024-10-27 16:00:00,25727.9,36.06,3652.0
2024-10-27 17:00:00,28377.6,46.92,2092.0
2024-10-27 18:00:00,29348.3,49.5,1510.0
2024-10-27 19:00:00,28153.9,51.25,2027.5
2024-10-27 20:00:00,26566.1,40.07,1776.5
2024-10-27 21:00:00,23525.0,39.77,1937.0
2024-10-27 22:00:00,21236.6,42.71,1981.0
2024-10-27 23:00:00,19214.4,30.08,2263.5
2024-10-28 00:00:00,18955.4,29.38,2267.5
2024-10-28 01:00:00,18085.0,21.54,2796.0
2024-10-28 02:00:00,16218.2,27.79,3351.0
2024-10-28 03:00:00,15615.0,16.25,2566.0
2024-10-28 04:00:00,15968.7,20.89,2133.5
2024-10-28 05:00:00,19509.0,18.96,2394.0
2024-10-28 06:00:00,23650.2,32.32,3222.0
2024-10-28 07:00:00,28361.0,45.23,4605.0
2024-10-28 08:00:00,29565.4,40.24,5470.0
2024-10-28 09:00:00,29485.9,38.51,6968.0
2024-10-28 10:00:00,27953.5,25.57,8869.0
2024-10-28 11:00:00,25828.2,19.11,9594.0
2024-10-28 12:00:00,24306.4,18.01,9602.0
2024-10-28 13:00:00,23465.6,5.42,9597.0
2024-10-28 14:00:00,25425.8,22.1,9056.0
2024-10-28 15:00:00,27174.3,26.02,7839.0
2024-10-28 16:00:00,30862.3,39.3,6475.0
2024-10-28 17:00:00,32421.7,43.92,5600.0
2024-10-28 18:00:00,34078.6,53.82,5600.0
2024-10-28 19:00:00,31722.3,47.82,5460.5
2024-10-28 20:00:00,29809.6,49.56,4140.5
2024-10-28 21:00:00,27327.6,32.95,4792.0
2024-10-28 22:00:00,23786.1,35.25,5347.5
2024-10-28 23:00:00,22346.4,30.54,5061.5
2024-10-29 00:00:00,19492.8,19.67,4593.0
2024-10-29 01:00:00,17964.5,23.61,4962.5
2024-10-29 02:00:00,16333.0,19.78,3924.5
2024-10-29 03:00:00,15419.1,11.26,3728.5
2024-10-29 04:00:00,16002.8,18.47,3771.0
2024-10-29 05:00:00,19264.1,13.59,3956.5
2024-10-29 06:00:00,23868.5,36.49,4068.5
2024-10-29 07:00:00,27859.4,38.65,4333.0
2024-10-29 08:00:00,30906.4,37.28,5317.5
2024-10-29 09:00:00,29543.1,28.46,5529.5
2024-10-29 10:00:00,28447.9,33.34,6501.5
2024-10-29 11:00:00,25050.4,25.2,5508.0
2024-10-29 12:00:00,23800.5,21.91,5415.0
2024-10-29 13:00:00,23928.7,24.32,5318.5
2024-10-29 14:00:00,25228.4,29.21,4655.5
2024-10-29 15:00:00,27190.7,40.47,3762.0
2024-10-29 16:00:00,30693.5,47.04,3709.0
2024-10-29 17:00:00,33179.4,53.77,2816.5
2024-10-29 18:00:00,33677.3,55.83,2368.0
2024-10-29 19:00:00,33266.3,56.66,2907.0
2024-10-29 20:00:00,31247.0,53.88,2703.0
2024-10-29 21:00:00,27400.0,41.17,2798.5
2024-10-29 22:00:00,24532.9,35.67,2774.5
2024-10-29 23:00:00,22485.8,34.59,2735.5
2024-10-30 00:00:00,18857.4,27.62,2544.0
2024-10-30 01:00:00,18271.7,20.62,2772.0
2024-10-30 02:00:00,16362.4,14.7,3007.0
2024-10-30 03:00:00,15431.1,17.96,3173.5
2024-10-30 04:00:00,16807.0,23.42,2798.5
2024-10-30 05:00:00,19268.8,27.59,2866.0
2024-10-30 06:00:00,23627.1,29.83,2821.0
2024-10-30 07:00:00,28543.8,48.13,2484.0
2024-10-30 08:00:00,29795.8,49.7,3235.0
2024-10-30 09:00:00,29740.0,38.38,4737.0
2024-10-30 10:00:00,28460.2,30.3,5760.5
2024-10-30 11:00:00,25528.7,29.02,6427.5
2024-10-30 12:00:00,23276.4,24.75,5848.0
2024-10-30 13:00:00,23763.2,15.02,6995.5
2024-10-30 14:00:00,24722.3,25.08,6278.5
2024-10-30 15:00:00,28066.0,29.57,5956.5
2024-10-30 16:00:00,30239.6,47.54,3845.5
2024-10-30 17:00:00,33575.8,54.5,2847.0
2024-10-30 18:00:00,34944.9,55.38,2784.0
2024-10-30 19:00:00,32623.4,48.21,3004.0
2024-10-30 20:00:00,30386.3,55.41,2680.5
2024-10-30 21:00:00,27435.4,40.79,3267.0
2024-10-30 22:00:00,24074.2,48.71,3407.5
2024-10-30 23:00:00,22408.2,37.83,3432.0
2024-10-31 00:00:00,19262.7,30.16,3692.5
2024-10-31 01:00:00,18124.7,16.33,2453.5
2024-10-31 02:00:00,16669.4,17.57,4244.0
2024-10-31 03:00:00,15624.3,5.44,5034.5
2024-10-31 04:00:00,16359.7,17.72,5061.5
2024-10-31 05:00:00,19216.2,21.37,5117.5
2024-10-31 06:00:00,23752.3,36.71,5434.5
2024-10-31 07:00:00,28078.5,38.42,3873.0
2024-10-31 08:00:00,30280.3,47.14,4174.5
2024-10-31 09:00:00,29817.8,37.34,6129.5
2024-10-31 10:00:00,28142.3,29.4,7190.0
2024-10-31 11:00:00,24879.5,22.59,7788.5
2024-10-31 12:00:00,23632.2,18.58,7716.5
2024-10-31 13:00:00,23530.3,20.51,7662.0
2024-10-31 14:00:00,24611.9,25.34,6490.0
2024-10-31 15:00:00,28172.7,37.76,5102.5
2024-10-31 16:00:00,30601.6,44.55,3298.5
2024-10-31 17:00:00,33224.6,56.2,2036.5
2024-10-31 18:00:00,33875.5,55.48,1565.5
2024-10-31 19:00:00,33119.5,57.82,1180.5
2024-10-31 20:00:00,29993.5,54.35,1196.0
2024-10-31 21:00:00,27274.5,41.04,1063.0
2024-10-31 22:00:00,24104.8,43.44,1195.5
2024-10-31 23:00:00,22280.1,33.98,1765.5
2024-11-01 00:00:00,18631.1,27.37,1508.0
2024-11-01 01:00:00,17927.4,27.28,1089.5
2024-11-01 02:00:00,17064.5,27.08,711.0
2024-11-01 03:00:00,15840.6,13.95,498.5
2024-11-01 04:00:00,16683.2,26.11,241.0
2024-11-01 05:00:00,19842.3,30.3,206.5
2024-11-01 06:00:00,24252.7,41.35,229.0
2024-11-01 07:00:00,28005.7,53.34,321.0
2024-11-01 08:00:00,29902.1,47.9,1431.5
2024-11-01 09:00:00,30606.3,41.84,2980.5
2024-11-01 10:00:00,28101.9,35.81,4208.0
2024-11-01 11:00:00,26597.4,23.21,4993.0
2024-11-01 12:00:00,23821.2,27.66,4979.0
2024-11-01 13:00:00,24388.2,30.83,5402.5
2024-11-01 14:00:00,24934.2,21.4,4596.0
2024-11-01 15:00:00,28120.3,42.06,3173.5
2024-11-01 16:00:00,31448.2,58.59,1916.5
2024-11-01 17:00:00,32708.0,57.55,549.0
2024-11-01 18:00:00,33957.4,58.54,1094.5
2024-11-01 19:00:00,32693.7,55.16,1412.5
2024-11-01 20:00:00,30060.1,56.92,1619.5
2024-11-01 21:00:00,27685.3,53.04,1276.0
2024-11-01 22:00:00,24435.9,38.21,1910.5
2024-11-01 23:00:00,22445.5,41.96,1695.0
2024-11-02 00:00:00,17037.7,18.77,1880.0
2024-11-02 01:00:00,15460.3,20.69,2817.0
2024-11-02 02:00:00,14843.0,14.28,2504.5
2024-11-02 03:00:00,14000.0,15.57,3106.5
2024-11-02 04:00:00,14380.8,14.08,3161.5
2024-11-02 05:00:00,17109.2,18.71,2297.0
2024-11-02 06:00:00,21369.6,35.66,1247.0
2024-11-02 07:00:00,24551.7,35.8,1266.0
2024-11-02 08:00:00,25645.6,42.38,2353.0
2024-11-02 09:00:00,26262.5,38.38,3581.0
2024-11-02 10:00:00,24557.3,25.1,5767.0
2024-11-02 11:00:00,22011.9,14.82,6664.0
2024-11-02 12:00:00,20934.8,16.01,6795.5
2024-11-02 13:00:00,20545.5,16.08,6685.0
2024-11-02 14:00:00,21357.0,13.57,6712.0
2024-11-02 15:00:00,24283.7,27.8,5460.0
2024-11-02 16:00:00,26518.7,37.62,3292.0
2024-11-02 17:00:00,28792.1,47.92,3082.0
2024-11-02 18:00:00,29623.8,44.19,3297.0
2024-11-02 19:00:00,29497.2,47.45,3506.5
2024-11-02 20:00:00,26691.3,39.97,3640.0
2024-11-02 21:00:00,23933.1,37.86,3874.0
2024-11-02 22:00:00,21232.0,26.95,3500.5
2024-11-02 23:00:00,19694.9,26.57,3775.5
2024-11-03 00:00:00,17279.3,15.11,5426.0
2024-11-03 01:00:00,16095.7,11.53,3736.0
2024-11-03 02:00:00,14746.6,14.22,3656.0
2024-11-03 03:00:00,14000.0,17.85,2949.5
2024-11-03 04:00:00,14004.4,16.85,3493.0
2024-11-03 05:00:00,16768.0,15.58,4302.0
2024-11-03 06:00:00,20923.8,31.7,3983.5
2024-11-03 07:00:00,24379.9,39.94,4096.0
2024-11-03 08:00:00,26127.7,32.36,4497.5
2024-11-03 09:00:00,25563.1,31.51,5195.0
2024-11-03 10:00:00,24045.5,27.82,6346.0
2024-11-03 11:00:00,22325.1,23.67,6598.0
2024-11-03 12:00:00,20915.9,16.64,6163.5
2024-11-03 13:00:00,20459.6,22.25,5001.0
2024-11-03 14:00:00,21873.2,27.72,4714.5
2024-11-03 15:00:00,23941.3,33.17,3684.0
2024-11-03 16:00:00,27246.4,43.58,1591.5
2024-11-03 17:00:00,28966.5,52.54,882.5
2024-11-03 18:00:00,30213.3,50.73,903.0
2024-11-03 19:00:00,29117.1,49.22,635.5
2024-11-03 20:00:00,26207.6,38.83,831.5
2024-11-03 21:00:00,23928.4,43.37,1223.0
2024-11-03 22:00:00,21026.5,38.45,1027.0
2024-11-03 23:00:00,19573.3,23.58,758.5
2024-11-04 00:00:00,19294.1,28.88,783.5
2024-11-04 01:00:00,18470.3,26.8,681.5
2024-11-04 02:00:00,16477.4,27.56,571.5
2024-11-04 03:00:00,15759.9,22.51,1212.5
2024-11-04 04:00:00,16616.7,26.91,1286.0
2024-11-04 05:00:00,19841.8,26.78,3333.0
2024-11-04 06:00:00,23903.1,35.17,3882.5
2024-11-04 07:00:00,28404.3,45.6,2971.0
2024-11-04 08:00:00,30674.2,52.62,3666.0
2024-11-04 09:00:00,31004.9,40.09,4661.0
2024-11-04 10:00:00,27645.1,29.11,5968.5
2024-11-04 11:00:00,25466.8,20.84,7066.0
2024-11-04 12:00:00,25136.6,23.89,7547.5
2024-11-04 13:00:00,23757.2,13.64,7266.0
2024-11-04 14:00:00,24455.9,16.36,6462.0
2024-11-04 15:00:00,27520.3,36.25,6245.5
2024-11-04 16:00:00,29602.0,37.53,4668.5
2024-11-04 17:00:00,33573.7,48.5,4872.5
2024-11-04 18:00:00,34866.8,47.78,5574.0
2024-11-04 19:00:00,32986.0,46.49,5600.0
2024-11-04 20:00:00,30624.0,57.15,5454.5
2024-11-04 21:00:00,27987.4,40.19,4363.0
2024-11-04 22:00:00,24033.7,31.84,5016.0
2024-11-04 23:00:00,22138.9,22.66,5506.5
2024-11-05 00:00:00,19489.5,21.49,5208.5
2024-11-05 01:00:00,18198.9,25.52,4185.5
2024-11-05 02:00:00,16779.8,19.96,3669.0
2024-11-05 03:00:00,15492.7,25.29,3649.5
2024-11-05 04:00:00,16565.6,16.26,3468.0
2024-11-05 05:00:00,19575.7,17.26,3253.0
2024-11-05 06:00:00,24434.6,38.09,3292.0
2024-11-05 07:00:00,28546.6,49.05,2217.0
2024-11-05 08:00:00,30753.9,52.12,1745.5
2024-11-05 09:00:00,29711.4,40.0,2398.5
2024-11-05 10:00:00,28546.7,36.96,3302.0
2024-11-05 11:00:00,25749.7,30.94,4144.0
2024-11-05 12:00:00,24116.1,27.3,4221.5
2024-11-05 13:00:00,24284.8,28.7,4780.5
2024-11-05 14:00:00,24954.6,26.96,3757.0
2024-11-05 15:00:00,28389.7,33.97,2907.5
2024-11-05 16:00:00,31625.3,51.33,2509.5
2024-11-05 17:00:00,33907.1,63.62,1047.0
2024-11-05 18:00:00,34018.4,54.85,1445.0
2024-11-05 19:00:00,32419.7,62.88,1841.5
2024-11-05 20:00:00,31411.8,54.26,1078.5
2024-11-05 21:00:00,27713.7,52.6,1124.5
2024-11-05 22:00:00,24461.0,49.15,789.5
2024-11-05 23:00:00,23036.2,31.5,961.5
2024-11-06 00:00:00,19346.4,32.59,996.0
2024-11-06 01:00:00,18330.0,36.04,980.0
2024-11-06 02:00:00,17024.4,22.16,1758.5
2024-11-06 03:00:00,15562.7,28.2,2227.0
2024-11-06 04:00:00,16522.0,26.09,2278.5
2024-11-06 05:00:00,19984.3,26.66,2820.0
2024-11-06 06:00:00,24365.6,37.92,2427.5
2024-11-06 07:00:00,29057.9,40.27,2918.5
2024-11-06 08:00:00,31249.3,46.06,3577.5
2024-11-06 09:00:00,30441.1,45.06,4537.5
2024-11-06 10:00:00,27404.7,29.78,5650.5
2024-11-06 11:00:00,25505.3,24.98,6387.0
2024-11-06 12:00:00,24507.5,26.04,6446.0
2024-11-06 13:00:00,23404.7,24.53,6366.5
2024-11-06 14:00:00,25158.8,27.87,5672.0
2024-11-06 15:00:00,28029.0,34.93,4303.5
2024-11-06 16:00:00,31707.1,52.54,2649.5
2024-11-06 17:00:00,33313.0,57.38,2652.5
2024-11-06 18:00:00,34268.8,56.57,2243.0
2024-11-06 19:00:00,33566.9,58.44,2680.0
2024-11-06 20:00:00,31143.2,49.94,1936.0
2024-11-06 21:00:00,27664.6,46.08,1876.5
2024-11-06 22:00:00,25182.6,37.99,2095.5
2024-11-06 23:00:00,22416.0,31.18,2817.0
2024-11-07 00:00:00,19677.7,30.54,3159.5
2024-11-07 01:00:00,18610.9,26.58,3964.0
2024-11-07 02:00:00,16826.5,17.96,4126.5
2024-11-07 03:00:00,16061.3,22.73,3953.5
2024-11-07 04:00:00,16622.1,21.78,3927.0
2024-11-07 05:00:00,19938.9,29.26,3388.0
2024-11-07 06:00:00,24412.3,34.58,3993.5
2024-11-07 07:00:00,28747.5,46.41,4176.0
2024-11-07 08:00:00,30501.5,42.23,5189.0
2024-11-07 09:00:00,30215.1,39.9,5918.5
2024-11-07 10:00:00,28984.6,37.61,6594.0
2024-11-07 11:00:00,26239.5,26.59,7801.0
2024-11-07 12:00:00,23910.1,14.63,7900.5
2024-11-07 13:00:00,24079.0,22.98,7631.0
2024-11-07 14:00:00,24435.4,17.13,6726.0
2024-11-07 15:00:00,27707.4,34.06,5587.5
2024-11-07 16:00:00,31538.8,56.9,2407.0
2024-11-07 17:00:00,33612.6,54.21,2398.0
2024-11-07 18:00:00,34739.3,59.92,3053.5
2024-11-07 19:00:00,32143.0,54.7,3222.5
2024-11-07 20:00:00,30864.7,55.15,3382.0
2024-11-07 21:00:00,27930.0,40.52,3855.0
2024-11-07 22:00:00,25019.6,41.1,3334.0
2024-11-07 23:00:00,23065.4,30.77,3216.5
2024-11-08 00:00:00,19621.9,25.0,3202.0
2024-11-08 01:00:00,18480.7,24.23,3151.5
2024-11-08 02:00:00,16625.1,20.67,2741.0
2024-11-08 03:00:00,15846.4,22.68,3192.0
2024-11-08 04:00:00,16305.8,30.07,3047.0
2024-11-08 05:00:00,19200.3,26.23,2912.0
2024-11-08 06:00:00,23996.0,36.25,3003.0
2024-11-08 07:00:00,29295.1,54.32,3048.0
2024-11-08 08:00:00,30733.7,58.78,3350.0
2024-11-08 09:00:00,30669.3,42.63,4562.0
2024-11-08 10:00:00,28302.6,35.6,5496.0
2024-11-08 11:00:00,25347.4,19.24,6212.5
2024-11-08 12:00:00,24676.0,19.8,6343.5
2024-11-08 13:00:00,23280.8,13.41,6297.5
2024-11-08 14:00:00,25180.1,27.0,5358.5
2024-11-08 15:00:00,27984.4,44.71,4551.0
2024-11-08 16:00:00,31264.4,46.04,3387.0
2024-11-08 17:00:00,33379.6,53.16,3000.0
2024-11-08 18:00:00,33793.5,58.68,3000.0
2024-11-08 19:00:00,33332.3,49.11,3000.0
2024-11-08 20:00:00,30763.9,51.71,3000.0
2024-11-08 21:00:00,27525.1,33.02,3000.0
2024-11-08 22:00:00,25261.3,37.63,3014.0
2024-11-08 23:00:00,22370.7,26.07,3033.5
2024-11-09 00:00:00,17238.1,18.84,3003.0
2024-11-09 01:00:00,16190.1,22.79,1302.0
2024-11-09 02:00:00,15002.4,16.75,3000.5
2024-11-09 03:00:00,14000.0,14.3,3001.0
2024-11-09 04:00:00,14661.6,25.95,3000.5
2024-11-09 05:00:00,17171.6,24.83,3000.5
2024-11-09 06:00:00,21404.6,23.63,3000.0
2024-11-09 07:00:00,24411.4,31.15,3000.5
2024-11-09 08:00:00,25838.4,43.97,3376.0
2024-11-09 09:00:00,26800.7,34.14,4795.0
2024-11-09 10:00:00,25026.8,30.76,5942.5
2024-11-09 11:00:00,22869.9,24.86,5379.0
2024-11-09 12:00:00,21047.7,15.22,5370.0
2024-11-09 13:00:00,21448.8,19.69,4756.0
2024-11-09 14:00:00,21983.7,21.21,3826.0
2024-11-09 15:00:00,24571.2,37.35,3071.0
2024-11-09 16:00:00,27404.9,46.04,1519.5
2024-11-09 17:00:00,30179.7,57.97,1232.0
2024-11-09 18:00:00,30152.6,48.79,1774.5
2024-11-09 19:00:00,29124.6,47.8,2030.5
2024-11-09 20:00:00,26515.3,40.23,2471.0
2024-11-09 21:00:00,24843.4,43.83,3193.0
2024-11-09 22:00:00,21844.3,31.24,3098.0
2024-11-09 23:00:00,19999.5,28.91,2217.0
2024-11-10 00:00:00,17999.4,25.39,1723.0
2024-11-10 01:00:00,16263.4,26.12,2371.0
2024-11-10 02:00:00,14529.9,28.62,3061.5
2024-11-10 03:00:00,14000.0,25.09,3267.0
2024-11-10 04:00:00,14306.8,18.0,3356.0
2024-11-10 05:00:00,17148.6,15.48,4065.5
2024-11-10 06:00:00,21180.6,24.68,4447.0
2024-11-10 07:00:00,24804.8,35.89,4504.5
2024-11-10 08:00:00,26394.3,25.61,5214.0
2024-11-10 09:00:00,27341.8,26.35,7407.5
2024-11-10 10:00:00,25028.1,23.47,8138.0
2024-11-10 11:00:00,22677.1,5.58,8624.5
2024-11-10 12:00:00,21499.4,11.48,8899.5
2024-11-10 13:00:00,21171.1,5.43,9287.5
2024-11-10 14:00:00,22273.1,10.92,8248.5
2024-11-10 15:00:00,24718.0,27.96,6472.5
2024-11-10 16:00:00,27272.4,42.09,6065.0
2024-11-10 17:00:00,29777.2,44.45,4658.0
2024-11-10 18:00:00,30701.1,51.89,4927.0
2024-11-10 19:00:00,29544.4,47.36,3847.5
2024-11-10 20:00:00,27090.0,35.03,4331.5
2024-11-10 21:00:00,24885.8,40.05,4206.5
2024-11-10 22:00:00,21595.2,33.6,4407.5
2024-11-10 23:00:00,20021.7,25.26,4975.5
2024-11-11 00:00:00,19927.1,16.73,5596.0
2024-11-11 01:00:00,18469.3,15.41,4365.5
2024-11-11 02:00:00,16860.7,18.28,5290.0
2024-11-11 03:00:00,15907.3,15.62,5600.0
2024-11-11 04:00:00,16598.2,20.15,4606.5
2024-11-11 05:00:00,19433.6,11.87,5600.0
2024-11-11 06:00:00,24302.1,27.64,5600.0
2024-11-11 07:00:00,28936.7,40.73,4584.0
2024-11-11 08:00:00,31636.8,50.46,5486.5
2024-11-11 09:00:00,31010.7,36.56,7593.0
2024-11-11 10:00:00,27577.4,29.35,8310.5
2024-11-11 11:00:00,26458.0,14.32,9542.0
2024-11-11 12:00:00,24277.8,6.96,9074.0
2024-11-11 13:00:00,24376.3,20.53,8094.5
2024-11-11 14:00:00,25540.9,21.14,7388.5
2024-11-11 15:00:00,28096.8,33.88,5971.5
2024-11-11 16:00:00,31298.7,41.96,4562.5
2024-11-11 17:00:00,33941.8,55.75,3862.0
2024-11-11 18:00:00,35668.7,58.15,4593.0
2024-11-11 19:00:00,33933.5,56.13,3438.5
2024-11-11 20:00:00,31812.9,54.1,3582.0
2024-11-11 21:00:00,28412.9,48.11,3271.5
2024-11-11 22:00:00,25301.5,44.44,2857.5
2024-11-11 23:00:00,22310.1,32.31,3261.0
2024-11-12 00:00:00,20174.8,36.1,2565.0
2024-11-12 01:00:00,18547.5,19.19,3044.0
2024-11-12 02:00:00,17284.2,26.47,2748.5
2024-11-12 03:00:00,15789.3,19.56,2759.0
2024-11-12 04:00:00,16456.2,20.49,2684.0
2024-11-12 05:00:00,20496.7,26.89,3000.5
2024-11-12 06:00:00,24236.4,39.95,2505.5
2024-11-12 07:00:00,29373.8,55.43,2891.0
2024-11-12 08:00:00,31162.6,54.56,3605.0
2024-11-12 09:00:00,30620.3,43.85,5447.0
2024-11-12 10:00:00,28732.5,28.74,7237.0
2024-11-12 11:00:00,25744.2,26.94,8008.0
2024-11-12 12:00:00,24525.0,20.56,7431.5
2024-11-12 13:00:00,23864.6,14.31,6773.0
2024-11-12 14:00:00,25443.9,21.79,6005.0
2024-11-12 15:00:00,28624.6,44.17,4823.5
2024-11-12 16:00:00,31527.1,55.35,3197.0
2024-11-12 17:00:00,33262.6,61.34,2784.5
2024-11-12 18:00:00,35478.7,61.51,2703.5
2024-11-12 19:00:00,34005.6,52.95,3280.5
2024-11-12 20:00:00,31108.6,42.55,3512.0
2024-11-12 21:00:00,28386.5,41.13,3330.5
2024-11-12 22:00:00,25036.4,32.36,2883.5
2024-11-12 23:00:00,22567.2,42.62,3121.5
2024-11-13 00:00:00,20430.8,26.29,2991.5
2024-11-13 01:00:00,18706.2,22.38,3131.5
2024-11-13 02:00:00,17111.9,20.56,2388.0
2024-11-13 03:00:00,15955.7,13.76,2106.0
2024-11-13 04:00:00,17082.7,15.47,2263.5
2024-11-13 05:00:00,19787.1,36.89,1648.0
2024-11-13 06:00:00,24064.8,44.49,2652.0
2024-11-13 07:00:00,28637.2,51.42,2732.0
2024-11-13 08:00:00,31786.2,54.81,2506.0
2024-11-13 09:00:00,31257.9,39.69,3978.0
2024-11-13 10:00:00,28695.8,36.96,6134.0
2024-11-13 11:00:00,26848.0,24.76,6893.5
2024-11-13 12:00:00,24852.1,25.07,5810.5
2024-11-13 13:00:00,24207.1,23.54,5526.5
2024-11-13 14:00:00,25580.2,29.92,5324.5
2024-11-13 15:00:00,28425.7,42.38,4035.5
2024-11-13 16:00:00,31073.9,53.33,1215.0
2024-11-13 17:00:00,34085.3,64.39,1717.0
2024-11-13 18:00:00,35259.8,61.35,1664.0
2024-11-13 19:00:00,33211.1,61.0,2395.0
2024-11-13 20:00:00,31333.6,57.41,2278.0
2024-11-13 21:00:00,27997.2,39.86,1839.0
2024-11-13 22:00:00,25534.4,41.44,2080.0
2024-11-13 23:00:00,22375.5,25.72,2020.0
2024-11-14 00:00:00,19802.4,22.47,2232.0
2024-11-14 01:00:00,18609.9,27.36,1912.5
2024-11-14 02:00:00,17411.5,20.96,3359.5
2024-11-14 03:00:00,16072.3,19.28,2576.5
2024-11-14 04:00:00,17269.5,23.96,3383.5
2024-11-14 05:00:00,20179.2,26.15,3180.0
2024-11-14 06:00:00,24529.2,28.87,4654.0
2024-11-14 07:00:00,29089.1,36.12,5019.5
2024-11-14 08:00:00,31057.4,40.98,4060.5
2024-11-14 09:00:00,31328.0,36.35,6292.0
2024-11-14 10:00:00,28282.3,23.54,7939.0
2024-11-14 11:00:00,26028.8,27.38,7647.0
2024-11-14 12:00:00,24789.8,18.23,8273.0
2024-11-14 13:00:00,24796.7,13.66,8107.5
2024-11-14 14:00:00,24842.6,22.81,8218.5
2024-11-14 15:00:00,28922.2,35.65,7565.0
2024-11-14 16:00:00,31458.1,43.17,5904.0
2024-11-14 17:00:00,33180.8,55.94,5307.0
2024-11-14 18:00:00,33578.6,58.33,4086.0
2024-11-14 19:00:00,33352.8,52.12,4123.5
2024-11-14 20:00:00,31471.3,47.62,4909.0
2024-11-14 21:00:00,28148.9,40.38,4432.0
2024-11-14 22:00:00,25432.1,39.35,3994.5
2024-11-14 23:00:00,22864.4,22.67,3681.0
2024-11-15 00:00:00,19620.4,31.07,2931.0
2024-11-15 01:00:00,18662.6,17.86,3506.0
2024-11-15 02:00:00,17203.7,18.12,3490.5
2024-11-15 03:00:00,16167.3,26.87,3785.0
2024-11-15 04:00:00,16647.1,16.83,4205.0
2024-11-15 05:00:00,20287.1,28.62,3608.0
2024-11-15 06:00:00,24494.7,38.09,3457.5
2024-11-15 07:00:00,28658.0,46.98,3272.0
2024-11-15 08:00:00,31024.6,45.52,4463.5
2024-11-15 09:00:00,31484.2,43.48,5945.5
2024-11-15 10:00:00,28853.0,30.34,7127.0
2024-11-15 11:00:00,26126.5,15.08,7425.5
2024-11-15 12:00:00,25008.2,16.22,6872.5
2024-11-15 13:00:00,25176.5,23.48,5833.5
2024-11-15 14:00:00,25818.1,31.69,4723.0
2024-11-15 15:00:00,28914.0,45.0,2871.0
2024-11-15 16:00:00,32071.6,56.16,1683.5
2024-11-15 17:00:00,33896.0,60.71,1254.0
2024-11-15 18:00:00,35238.8,61.16,2119.5
2024-11-15 19:00:00,33539.1,61.62,1112.5
2024-11-15 20:00:00,31440.0,51.93,1028.0
2024-11-15 21:00:00,27962.0,48.36,1266.0
2024-11-15 22:00:00,25085.4,47.01,737.0
2024-11-15 23:00:00,22835.9,36.4,1960.0
2024-11-16 00:00:00,17313.5,20.33,1897.5
2024-11-16 01:00:00,16496.8,17.18,2549.5
2024-11-16 02:00:00,14958.8,23.56,2547.0
2024-11-16 03:00:00,14000.0,14.58,3009.5
2024-11-16 04:00:00,14517.7,10.17,3006.5
2024-11-16 05:00:00,17047.0,17.3,3005.5
2024-11-16 06:00:00,21627.2,23.95,3075.5
2024-11-16 07:00:00,25497.0,32.19,3088.0
2024-11-16 08:00:00,27365.0,43.28,3337.5
2024-11-16 09:00:00,26684.6,32.09,4785.5
2024-11-16 10:00:00,25289.3,22.44,5593.0
2024-11-16 11:00:00,22847.1,23.68,6694.5
2024-11-16 12:00:00,21129.3,12.23,7193.5
2024-11-16 13:00:00,21495.0,15.95,6836.0
2024-11-16 14:00:00,22705.5,24.26,6118.5
2024-11-16 15:00:00,25093.2,24.13,5161.5
2024-11-16 16:00:00,27271.9,34.96,4050.0
2024-11-16 17:00:00,30339.0,48.56,3447.0
2024-11-16 18:00:00,30471.5,35.11,3277.0
2024-11-16 19:00:00,30095.3,56.38,3504.0
2024-11-16 20:00:00,27274.2,43.74,3396.5
2024-11-16 21:00:00,24517.7,34.65,3971.5
2024-11-16 22:00:00,21196.4,32.95,2640.0
2024-11-16 23:00:00,20037.0,29.44,3514.5
2024-11-17 00:00:00,17441.6,22.69,3481.5
2024-11-17 01:00:00,16292.9,23.18,3080.0
2024-11-17 02:00:00,15406.4,22.62,3151.5
2024-11-17 03:00:00,14000.0,21.87,3254.0
2024-11-17 04:00:00,14582.5,12.44,3172.5
2024-11-17 05:00:00,17236.9,15.71,3446.5
2024-11-17 06:00:00,21402.2,24.57,3385.5
2024-11-17 07:00:00,25740.9,39.27,3641.0
2024-11-17 08:00:00,27911.6,34.57,3759.0
2024-11-17 09:00:00,26764.8,26.36,5731.0
2024-11-17 10:00:00,24964.8,24.62,7217.0
2024-11-17 11:00:00,22648.2,11.84,8048.5
2024-11-17 12:00:00,21954.6,10.46,8485.5
2024-11-17 13:00:00,21652.4,17.0,8893.5
2024-11-17 14:00:00,22432.4,19.79,7842.5
2024-11-17 15:00:00,24263.9,24.09,7436.0
2024-11-17 16:00:00,27029.2,31.7,5796.0
2024-11-17 17:00:00,29938.4,42.26,5600.0
2024-11-17 18:00:00,31004.1,41.62,5600.0
2024-11-17 19:00:00,28928.3,40.63,5202.5
2024-11-17 20:00:00,27398.6,33.81,5600.0
2024-11-17 21:00:00,25240.1,33.49,5600.0
2024-11-17 22:00:00,21960.5,27.65,4302.0
2024-11-17 23:00:00,20612.7,22.08,4372.5
2024-11-18 00:00:00,20248.5,17.59,5482.5
2024-11-18 01:00:00,18567.3,25.9,5600.0
2024-11-18 02:00:00,17206.4,13.22,5600.0
2024-11-18 03:00:00,16162.1,18.44,5600.0
2024-11-18 04:00:00,16690.2,15.01,5407.5
2024-11-18 05:00:00,19825.4,22.1,5600.0
2024-11-18 06:00:00,25412.4,33.89,5600.0
2024-11-18 07:00:00,28756.4,40.97,4759.0
2024-11-18 08:00:00,31946.5,48.42,4806.5
2024-11-18 09:00:00,30938.1,43.04,5910.5
2024-11-18 10:00:00,29046.2,26.08,7293.0
2024-11-18 11:00:00,26759.3,21.92,8194.5
2024-11-18 12:00:00,24568.2,15.17,9369.0
2024-11-18 13:00:00,24725.2,20.25,8727.0
2024-11-18 14:00:00,25073.8,21.22,7302.0
2024-11-18 15:00:00,28721.0,37.49,4848.5
2024-11-18 16:00:00,30565.9,50.49,4011.0
2024-11-18 17:00:00,34263.5,50.57,3037.0
2024-11-18 18:00:00,35857.3,64.82,3328.5
2024-11-18 19:00:00,34691.5,54.71,3031.0
2024-11-18 20:00:00,31079.7,52.73,4177.0
2024-11-18 21:00:00,27872.7,46.77,4208.5
2024-11-18 22:00:00,25104.1,35.23,3719.5
2024-11-18 23:00:00,23277.8,37.65,3447.0
2024-11-19 00:00:00,19473.0,26.82,2073.5
2024-11-19 01:00:00,18900.6,24.28,1991.0
2024-11-19 02:00:00,17390.7,24.92,2403.0
2024-11-19 03:00:00,16150.3,25.08,2067.0
2024-11-19 04:00:00,17092.7,18.11,2649.5
2024-11-19 05:00:00,20217.7,18.33,4116.5
2024-11-19 06:00:00,24688.1,36.84,3662.5
2024-11-19 07:00:00,28381.7,50.51,3732.0
2024-11-19 08:00:00,31551.0,48.79,4271.0
2024-11-19 09:00:00,30745.6,47.15,5508.5
2024-11-19 10:00:00,28851.2,37.04,6794.0
2024-11-19 11:00:00,26768.9,28.79,7772.5
2024-11-19 12:00:00,25358.1,22.28,6844.0
2024-11-19 13:00:00,24541.4,14.59,8824.0
2024-11-19 14:00:00,26124.3,25.07,7988.0
2024-11-19 15:00:00,27959.0,27.73,7023.0
2024-11-19 16:00:00,31908.8,51.94,4870.0
2024-11-19 17:00:00,34404.2,53.07,4479.5
2024-11-19 18:00:00,36113.8,56.2,5187.5
2024-11-19 19:00:00,34146.3,52.87,4733.0
2024-11-19 20:00:00,31632.4,47.93,3398.0
2024-11-19 21:00:00,28866.9,41.91,3968.0
2024-11-19 22:00:00,25371.4,38.54,3920.0
2024-11-19 23:00:00,22863.2,29.61,2630.0
2024-11-20 00:00:00,20886.1,23.16,3805.0
2024-11-20 01:00:00,18627.1,19.61,3703.5
2024-11-20 02:00:00,17319.7,21.22,3486.5
2024-11-20 03:00:00,16328.6,14.3,2436.0
2024-11-20 04:00:00,17053.4,17.26,3541.0
2024-11-20 05:00:00,20123.7,18.92,2611.0
2024-11-20 06:00:00,24859.5,31.81,2633.5
2024-11-20 07:00:00,29172.5,47.12,2039.0
2024-11-20 08:00:00,31008.6,53.26,2319.5
2024-11-20 09:00:00,32247.2,48.87,3884.5
2024-11-20 10:00:00,29052.3,36.56,5114.5
2024-11-20 11:00:00,26857.2,25.36,6252.5
2024-11-20 12:00:00,24743.7,27.63,6407.5
2024-11-20 13:00:00,24462.4,20.94,6217.5
2024-11-20 14:00:00,25771.6,22.6,5545.5
2024-11-20 15:00:00,27956.8,46.09,3409.5
2024-11-20 16:00:00,31763.9,52.74,932.0
2024-11-20 17:00:00,34277.7,59.71,1429.0
2024-11-20 18:00:00,36138.7,67.96,1885.5
2024-11-20 19:00:00,33859.5,56.27,1912.0
2024-11-20 20:00:00,31521.1,59.11,1760.0
2024-11-20 21:00:00,28075.9,47.82,1711.0
2024-11-20 22:00:00,25996.2,44.51,1987.0
2024-11-20 23:00:00,22982.0,38.31,1374.0
2024-11-21 00:00:00,20316.1,32.07,702.5
2024-11-21 01:00:00,19237.6,36.54,1125.5
2024-11-21 02:00:00,17324.3,29.65,892.0
2024-11-21 03:00:00,15932.4,15.77,1099.5
2024-11-21 04:00:00,16662.4,22.61,1153.5
2024-11-21 05:00:00,20471.9,35.12,1484.5
2024-11-21 06:00:00,24493.7,29.18,2024.0
2024-11-21 07:00:00,29491.7,46.63,1804.0
2024-11-21 08:00:00,31637.6,59.09,1722.5
2024-11-21 09:00:00,31463.1,48.68,3309.5
2024-11-21 10:00:00,29398.4,34.65,4873.5
2024-11-21 11:00:00,26285.1,31.89,4813.5
2024-11-21 12:00:00,24541.1,33.19,4879.5
2024-11-21 13:00:00,24894.0,21.94,4699.0
2024-11-21 14:00:00,25742.2,25.57,4212.5
2024-11-21 15:00:00,27482.4,48.65,2168.5
2024-11-21 16:00:00,32198.4,62.03,780.5
2024-11-21 17:00:00,34002.7,60.66,727.5
2024-11-21 18:00:00,35816.7,65.69,840.0
2024-11-21 19:00:00,35251.2,66.13,1644.0
2024-11-21 20:00:00,31851.8,58.76,1756.5
2024-11-21 21:00:00,28927.5,51.2,2568.0
2024-11-21 22:00:00,25542.3,38.95,1549.5
2024-11-21 23:00:00,23875.7,38.59,1160.0
2024-11-22 00:00:00,19853.7,39.2,1271.0
2024-11-22 01:00:00,18986.6,31.94,1272.0
2024-11-22 02:00:00,17562.9,33.96,923.0
2024-11-22 03:00:00,16245.2,25.42,722.5
2024-11-22 04:00:00,17329.4,24.53,822.5
2024-11-22 05:00:00,20109.2,27.68,1221.0
2024-11-22 06:00:00,25777.8,40.77,1725.0
2024-11-22 07:00:00,30296.2,58.56,1050.0
2024-11-22 08:00:00,31762.8,56.58,1166.5
2024-11-22 09:00:00,31590.9,41.66,3106.0
2024-11-22 10:00:00,29756.5,33.2,4602.5
2024-11-22 11:00:00,26221.5,37.82,4818.0
2024-11-22 12:00:00,24450.6,19.2,5433.0
2024-11-22 13:00:00,25130.2,25.73,5214.5
2024-11-22 14:00:00,26131.9,32.73,4909.0
2024-11-22 15:00:00,28608.6,40.35,2999.5
2024-11-22 16:00:00,31939.3,46.64,1105.0
2024-11-22 17:00:00,33351.4,54.29,1231.0
2024-11-22 18:00:00,35516.9,60.62,941.5
2024-11-22 19:00:00,34188.9,56.2,762.5
2024-11-22 20:00:00,32328.8,64.38,713.5
2024-11-22 21:00:00,28968.9,53.48,1293.5
2024-11-22 22:00:00,25741.0,46.67,2186.0
2024-11-22 23:00:00,23492.5,33.39,1987.5
2024-11-23 00:00:00,17182.0,24.1,1422.5
2024-11-23 01:00:00,16689.9,28.56,1329.5
2024-11-23 02:00:00,15291.0,10.66,2869.5
2024-11-23 03:00:00,14458.6,23.52,3133.5
2024-11-23 04:00:00,15312.6,23.63,2555.5
2024-11-23 05:00:00,17185.9,20.27,4557.0
2024-11-23 06:00:00,21654.8,23.38,5467.5
2024-11-23 07:00:00,25295.2,29.4,4831.0
2024-11-23 08:00:00,27626.7,43.81,4269.5
2024-11-23 09:00:00,27301.5,40.91,5246.5
2024-11-23 10:00:00,25379.4,27.78,5791.0
2024-11-23 11:00:00,23617.1,22.4,6227.5
2024-11-23 12:00:00,21370.2,17.26,6298.0
2024-11-23 13:00:00,21153.1,11.42,7879.5
2024-11-23 14:00:00,22324.8,19.44,6804.5
2024-11-23 15:00:00,24873.9,37.08,4677.0
2024-11-23 16:00:00,27308.5,46.08,2675.5
2024-11-23 17:00:00,30112.6,50.31,2626.0
2024-11-23 18:00:00,30954.3,48.05,2668.0
2024-11-23 19:00:00,29770.5,52.48,2631.0
2024-11-23 20:00:00,28146.7,45.8,2700.0
2024-11-23 21:00:00,24844.6,39.05,2647.5
2024-11-23 22:00:00,22587.8,36.06,2729.0
2024-11-23 23:00:00,20286.7,28.96,2740.5
2024-11-24 00:00:00,17593.9,43.16,2960.5
2024-11-24 01:00:00,16425.6,63.51,3087.0
2024-11-24 02:00:00,15166.6,48.8,3213.0
2024-11-24 03:00:00,14364.3,66.69,3279.0
2024-11-24 04:00:00,14769.2,50.8,2951.0
2024-11-24 05:00:00,17794.5,72.15,3306.5
2024-11-24 06:00:00,21545.0,54.37,3018.5
2024-11-24 07:00:00,25905.9,90.39,3084.0
2024-11-24 08:00:00,27352.2,77.75,3028.5
2024-11-24 09:00:00,27681.7,85.38,5222.5
2024-11-24 10:00:00,25526.3,66.07,7809.5
2024-11-24 11:00:00,23821.0,34.95,9439.0
2024-11-24 12:00:00,21381.6,44.1,8831.5
2024-11-24 13:00:00,21041.0,54.94,8893.5
2024-11-24 14:00:00,22493.7,63.9,7230.0
2024-11-24 15:00:00,24522.4,54.35,6850.0
2024-11-24 16:00:00,27280.6,66.26,5600.0
2024-11-24 17:00:00,30456.2,95.88,5600.0
2024-11-24 18:00:00,31070.9,83.62,5600.0
2024-11-24 19:00:00,29949.2,77.65,5600.0
2024-11-24 20:00:00,27658.2,82.16,5413.5
2024-11-24 21:00:00,24677.0,52.47,4850.5
2024-11-24 22:00:00,22814.3,63.44,4472.0
2024-11-24 23:00:00,20148.6,57.47,4936.5
2024-11-25 00:00:00,19854.5,23.35,4805.5
2024-11-25 01:00:00,19293.0,18.25,5395.5
2024-11-25 02:00:00,17400.7,19.76,4649.5
2024-11-25 03:00:00,16857.5,14.26,3903.0
2024-11-25 04:00:00,16968.5,19.65,4551.5
2024-11-25 05:00:00,20579.6,25.37,4656.5
2024-11-25 06:00:00,25509.7,30.72,2593.5
2024-11-25 07:00:00,29249.0,49.04,2473.0
2024-11-25 08:00:00,31402.2,57.8,3463.0
2024-11-25 09:00:00,31806.9,43.34,5377.5
2024-11-25 10:00:00,29604.6,33.84,6627.0
2024-11-25 11:00:00,26237.0,20.22,7019.5
2024-11-25 12:00:00,24617.8,29.01,7358.0
2024-11-25 13:00:00,23822.3,26.82,7432.5
2024-11-25 14:00:00,26362.9,34.06,6385.5
2024-11-25 15:00:00,28708.3,46.83,4926.5
2024-11-25 16:00:00,31984.4,48.68,3230.5
2024-11-25 17:00:00,33847.3,53.76,1901.0
2024-11-25 18:00:00,35172.8,73.88,1857.5
2024-11-25 19:00:00,34469.6,59.45,2029.5
2024-11-25 20:00:00,31694.9,51.64,1636.0
2024-11-25 21:00:00,28708.2,51.51,1297.5
2024-11-25 22:00:00,25847.0,39.05,1208.0
2024-11-25 23:00:00,24246.1,41.6,1156.5
2024-11-26 00:00:00,20275.2,27.39,1772.0
2024-11-26 01:00:00,19408.2,31.09,2606.0
2024-11-26 02:00:00,17261.2,18.62,2841.0
2024-11-26 03:00:00,15966.0,11.87,4132.0
2024-11-26 04:00:00,17034.1,17.48,3020.0
2024-11-26 05:00:00,19859.2,27.44,3655.0
2024-11-26 06:00:00,25138.8,33.97,3919.0
2024-11-26 07:00:00,29170.5,49.97,3324.5
2024-11-26 08:00:00,30863.3,49.16,3580.5
2024-11-26 09:00:00,32316.2,50.06,4417.5
2024-11-26 10:00:00,29150.7,29.56,6555.0
2024-11-26 11:00:00,26178.1,20.66,8474.5
2024-11-26 12:00:00,25410.4,17.29,9218.0
2024-11-26 13:00:00,24524.1,16.87,7619.0
2024-11-26 14:00:00,26589.7,25.76,6813.5
2024-11-26 15:00:00,28539.7,38.61,5596.0
2024-11-26 16:00:00,31841.5,40.6,5308.5
2024-11-26 17:00:00,34951.1,51.76,5596.0
2024-11-26 18:00:00,36124.7,55.58,5600.0
2024-11-26 19:00:00,35162.1,48.63,5600.0
2024-11-26 20:00:00,32014.2,38.82,5584.0
2024-11-26 21:00:00,28920.5,43.44,4266.5
2024-11-26 22:00:00,25941.4,33.32,4264.5
2024-11-26 23:00:00,23547.5,28.57,2702.0
2024-11-27 00:00:00,20261.8,23.32,3672.0
2024-11-27 01:00:00,18697.1,24.33,3798.5
2024-11-27 02:00:00,17656.8,23.43,3473.5
2024-11-27 03:00:00,16407.2,20.15,2515.0
2024-11-27 04:00:00,17038.5,25.89,3161.5
2024-11-27 05:00:00,20761.3,32.46,2834.0
2024-11-27 06:00:00,24624.1,31.02,3602.5
2024-11-27 07:00:00,30279.7,45.03,3826.0
2024-11-27 08:00:00,31822.3,41.36,4050.5
2024-11-27 09:00:00,31683.5,49.8,5170.5
2024-11-27 10:00:00,29248.2,31.18,6660.5
2024-11-27 11:00:00,26197.2,31.08,7732.5
2024-11-27 12:00:00,25049.7,17.5,7854.0
2024-11-27 13:00:00,24949.1,21.64,6403.5
2024-11-27 14:00:00,26458.5,33.93,4585.5
2024-11-27 15:00:00,28805.5,48.71,3735.0
2024-11-27 16:00:00,31083.0,62.0,1612.5
2024-11-27 17:00:00,34007.4,60.49,1392.5
2024-11-27 18:00:00,36951.9,64.37,2312.5
2024-11-27 19:00:00,34232.2,57.09,2037.5
2024-11-27 20:00:00,32782.4,64.63,1917.5
2024-11-27 21:00:00,28324.5,52.36,919.0
2024-11-27 22:00:00,25614.5,40.83,1113.0
2024-11-27 23:00:00,23725.1,42.79,1415.5
2024-11-28 00:00:00,20078.2,32.52,2112.0
2024-11-28 01:00:00,19590.1,26.68,1692.0
2024-11-28 02:00:00,17539.2,23.39,1536.0
2024-11-28 03:00:00,16528.9,18.45,1583.0
2024-11-28 04:00:00,17095.4,28.97,1780.5
2024-11-28 05:00:00,20595.5,27.21,2731.0
2024-11-28 06:00:00,25788.1,35.1,2826.0
2024-11-28 07:00:00,29526.2,54.61,2648.0
2024-11-28 08:00:00,32695.9,56.48,2618.5
2024-11-28 09:00:00,31279.4,36.32,3999.0
2024-11-28 10:00:00,29793.4,39.5,5129.0
2024-11-28 11:00:00,27096.9,21.4,4802.0
2024-11-28 12:00:00,24727.9,20.98,4891.5
2024-11-28 13:00:00,24932.3,24.52,5938.5
2024-11-28 14:00:00,26225.4,29.68,5523.5
2024-11-28 15:00:00,28553.9,37.46,3387.0
2024-11-28 16:00:00,32349.2,51.37,1392.0
2024-11-28 17:00:00,34928.4,69.1,1784.0
2024-11-28 18:00:00,35850.0,71.18,1109.5
2024-11-28 19:00:00,34806.1,62.03,848.0
2024-11-28 20:00:00,32088.3,57.9,567.0
2024-11-28 21:00:00,28600.9,47.14,841.0
2024-11-28 22:00:00,25767.8,43.49,618.0
2024-11-28 23:00:00,23304.0,38.77,989.0
2024-11-29 00:00:00,21161.3,37.12,1151.5
2024-11-29 01:00:00,18748.9,21.48,1286.0
2024-11-29 02:00:00,17384.4,26.63,1650.0
2024-11-29 03:00:00,16308.5,29.92,1295.5
2024-11-29 04:00:00,17708.8,24.85,1297.5
2024-11-29 05:00:00,20011.7,27.42,1083.0
2024-11-29 06:00:00,25379.9,45.16,2190.0
2024-11-29 07:00:00,29726.7,47.07,1224.5
2024-11-29 08:00:00,32063.1,51.58,978.5
2024-11-29 09:00:00,32189.2,42.01,2782.0
2024-11-29 10:00:00,30025.5,40.9,4200.5
2024-11-29 11:00:00,26746.4,23.41,4792.0
2024-11-29 12:00:00,25231.1,17.94,5014.5
2024-11-29 13:00:00,24183.8,22.93,5266.5
2024-11-29 14:00:00,26289.9,26.0,4398.0
2024-11-29 15:00:00,28610.5,42.9,3680.5
2024-11-29 16:00:00,32121.1,57.01,2098.5
2024-11-29 17:00:00,34007.5,59.78,1792.5
2024-11-29 18:00:00,36146.0,61.39,1445.0
2024-11-29 19:00:00,33992.0,61.47,2433.5
2024-11-29 20:00:00,32238.0,48.71,2282.0
2024-11-29 21:00:00,28260.9,49.26,3195.0
2024-11-29 22:00:00,25413.6,33.76,4961.0
2024-11-29 23:00:00,23964.7,34.1,3630.5
2024-11-30 00:00:00,17879.2,22.16,4160.5
2024-11-30 01:00:00,16968.5,23.83,4307.5
2024-11-30 02:00:00,15631.3,14.16,5600.0
2024-11-30 03:00:00,14145.7,7.85,5600.0
2024-11-30 04:00:00,15300.9,14.65,5600.0
2024-11-30 05:00:00,17389.4,21.35,5600.0
2024-11-30 06:00:00,22208.7,31.02,5600.0
2024-11-30 07:00:00,25601.9,34.74,5600.0
2024-11-30 08:00:00,27396.8,38.62,5600.0
2024-11-30 09:00:00,27776.7,33.67,7060.0
2024-11-30 10:00:00,26044.7,25.38,8553.0
2024-11-30 11:00:00,23773.9,12.69,9245.0
2024-11-30 12:00:00,21980.5,9.47,9573.0
2024-11-30 13:00:00,21710.3,10.91,8933.5
2024-11-30 14:00:00,23042.4,11.02,8084.5
2024-11-30 15:00:00,25331.9,25.58,6408.5
2024-11-30 16:00:00,28280.4,44.04,5470.5
2024-11-30 17:00:00,30478.1,52.54,5557.5
2024-11-30 18:00:00,31684.9,47.77,5250.5
2024-11-30 19:00:00,29635.1,42.6,5279.5
2024-11-30 20:00:00,27958.4,39.37,4281.0
2024-11-30 21:00:00,24553.1,28.83,2166.5
2024-11-30 22:00:00,22511.4,41.13,2213.5
2024-11-30 23:00:00,21020.7,27.05,2742.5
2024-12-01 00:00:00,17614.1,18.03,1880.0
2024-12-01 01:00:00,16729.1,24.84,1680.0
2024-12-01 02:00:00,15462.4,21.87,1223.5
2024-12-01 03:00:00,14000.0,28.61,831.0
2024-12-01 04:00:00,14861.8,24.21,495.5
2024-12-01 05:00:00,17894.9,35.04,570.5
2024-12-01 06:00:00,21029.0,37.53,780.5
2024-12-01 07:00:00,25439.7,40.5,1152.0
2024-12-01 08:00:00,28270.9,60.01,917.5
2024-12-01 09:00:00,27964.4,50.0,2055.0
2024-12-01 10:00:00,25850.1,33.37,4010.0
2024-12-01 11:00:00,23785.5,28.65,4384.5
2024-12-01 12:00:00,22002.1,20.87,4750.5
2024-12-01 13:00:00,21869.2,19.34,5288.5
2024-12-01 14:00:00,22775.7,25.84,4533.5
2024-12-01 15:00:00,25285.5,41.86,4136.5
2024-12-01 16:00:00,27813.6,51.58,1926.0
2024-12-01 17:00:00,30991.2,52.7,2086.5
2024-12-01 18:00:00,32034.8,53.6,3168.0
2024-12-01 19:00:00,31035.5,45.95,2223.5
2024-12-01 20:00:00,27869.3,46.29,2313.5
2024-12-01 21:00:00,24739.0,43.55,1451.0
2024-12-01 22:00:00,22870.1,37.14,2215.0
2024-12-01 23:00:00,20703.0,31.81,2170.5
2024-12-02 00:00:00,20510.5,28.41,1853.5
2024-12-02 01:00:00,19027.4,31.34,2119.5
2024-12-02 02:00:00,17702.0,29.67,1818.0
2024-12-02 03:00:00,16213.1,21.84,2183.0
2024-12-02 04:00:00,17397.1,25.41,1671.0
2024-12-02 05:00:00,20899.4,31.0,2286.5
2024-12-02 06:00:00,25911.5,42.5,2503.0
2024-12-02 07:00:00,30018.9,52.73,2168.0
2024-12-02 08:00:00,31333.7,46.06,2285.5
2024-12-02 09:00:00,31789.6,43.62,4790.5
2024-12-02 10:00:00,30523.3,32.41,5878.0
2024-12-02 11:00:00,26655.7,24.34,6247.0
2024-12-02 12:00:00,25209.3,25.63,7349.5
2024-12-02 13:00:00,25481.5,18.47,6968.0
2024-12-02 14:00:00,26571.6,23.35,5515.5
2024-12-02 15:00:00,30120.6,37.28,4324.0
2024-12-02 16:00:00,31950.5,54.38,2782.5
2024-12-02 17:00:00,34472.4,61.86,2637.0
2024-12-02 18:00:00,36694.9,62.05,3380.5
2024-12-02 19:00:00,34354.4,47.91,3554.0
2024-12-02 20:00:00,32165.6,49.02,3591.5
2024-12-02 21:00:00,28846.6,52.36,3376.0
2024-12-02 22:00:00,26218.4,40.05,3526.5
2024-12-02 23:00:00,23843.5,27.97,2539.0
2024-12-03 00:00:00,20567.8,25.95,2745.5
2024-12-03 01:00:00,19110.7,17.51,2793.5
2024-12-03 02:00:00,17925.9,21.05,3117.0
2024-12-03 03:00:00,17491.9,21.63,3609.0
2024-12-03 04:00:00,17427.1,21.9,2861.5
2024-12-03 05:00:00,20524.4,28.5,2357.5
2024-12-03 06:00:00,24821.9,47.62,2504.0
2024-12-03 07:00:00,29444.9,48.01,3212.5
2024-12-03 08:00:00,31922.3,50.9,3165.5
2024-12-03 09:00:00,31469.1,51.25,3575.5
2024-12-03 10:00:00,29592.8,41.48,5141.5
2024-12-03 11:00:00,27752.1,34.14,5365.0
2024-12-03 12:00:00,25726.1,35.17,7135.5
2024-12-03 13:00:00,24914.7,21.62,6039.0
2024-12-03 14:00:00,25873.2,35.47,5332.0
2024-12-03 15:00:00,29648.6,47.61,4296.5
2024-12-03 16:00:00,32310.0,50.26,1660.5
2024-12-03 17:00:00,34115.4,62.91,1446.0
2024-12-03 18:00:00,36450.1,61.8,1289.5
2024-12-03 19:00:00,35551.1,63.59,1619.0
2024-12-03 20:00:00,31114.0,58.91,1737.5
2024-12-03 21:00:00,28542.8,48.42,1959.0
2024-12-03 22:00:00,25796.9,33.69,1566.5
2024-12-03 23:00:00,23906.9,40.54,2377.5
2024-12-04 00:00:00,20286.3,22.46,2642.0
2024-12-04 01:00:00,19002.3,23.14,3228.5
2024-12-04 02:00:00,17811.6,28.45,2927.5
2024-12-04 03:00:00,16393.3,13.82,3664.5
2024-12-04 04:00:00,17402.8,22.4,3923.0
2024-12-04 05:00:00,20168.6,23.71,3615.0
2024-12-04 06:00:00,24821.6,26.94,3664.0
2024-12-04 07:00:00,30090.6,43.45,4126.5
2024-12-04 08:00:00,32172.6,48.16,4093.0
2024-12-04 09:00:00,32188.8,40.75,4904.0
2024-12-04 10:00:00,29387.5,34.24,6349.0
2024-12-04 11:00:00,26730.6,26.32,6335.5
2024-12-04 12:00:00,25790.3,21.62,6630.0
2024-12-04 13:00:00,24423.6,19.96,6175.5
2024-12-04 14:00:00,26867.5,36.36,4113.5
2024-12-04 15:00:00,29665.6,40.62,2317.5
2024-12-04 16:00:00,32777.8,64.41,726.5
2024-12-04 17:00:00,34689.5,59.07,1477.0
2024-12-04 18:00:00,35652.1,61.18,1987.5
2024-12-04 19:00:00,34930.7,57.97,1638.5
2024-12-04 20:00:00,31687.6,46.54,3337.0
2024-12-04 21:00:00,28506.7,49.28,3273.0
2024-12-04 22:00:00,26111.0,36.53,3230.5
2024-12-04 23:00:00,23896.3,37.45,3293.0
2024-12-05 00:00:00,20138.0,28.55,3552.0
2024-12-05 01:00:00,19452.5,25.14,3165.0
2024-12-05 02:00:00,17753.1,27.53,3087.5
2024-12-05 03:00:00,16896.1,21.29,3148.0
2024-12-05 04:00:00,17423.1,13.43,2819.0
2024-12-05 05:00:00,20852.2,29.82,1548.5
2024-12-05 06:00:00,25536.4,54.34,1438.5
2024-12-05 07:00:00,30214.0,53.34,1099.0
2024-12-05 08:00:00,31456.5,53.93,1802.0
2024-12-05 09:00:00,31715.8,50.02,4605.0
2024-12-05 10:00:00,29629.6,41.16,5985.5
2024-12-05 11:00:00,26975.0,22.02,6736.0
2024-12-05 12:00:00,25462.2,21.44,7099.0
2024-12-05 13:00:00,25251.8,21.49,7034.0
2024-12-05 14:00:00,26547.9,22.19,6095.0
2024-12-05 15:00:00,29034.4,38.86,4711.0
2024-12-05 16:00:00,32027.8,54.28,2814.0
2024-12-05 17:00:00,35655.3,61.96,1939.5
2024-12-05 18:00:00,36311.4,74.44,1136.0
2024-12-05 19:00:00,34532.2,66.3,725.5
2024-12-05 20:00:00,32246.2,59.52,784.5
2024-12-05 21:00:00,28189.2,49.08,1069.0
2024-12-05 22:00:00,25894.5,47.09,1199.5
2024-12-05 23:00:00,23613.4,38.11,1183.5
2024-12-06 00:00:00,20298.3,25.95,979.0
2024-12-06 01:00:00,19729.0,23.85,2069.5
2024-12-06 02:00:00,17339.5,22.86,3157.5
2024-12-06 03:00:00,16708.9,25.73,3243.0
2024-12-06 04:00:00,17855.0,20.66,3324.5
2024-12-06 05:00:00,20872.9,33.39,3005.5
2024-12-06 06:00:00,25361.0,39.56,3636.5
2024-12-06 07:00:00,29290.7,50.28,3913.5
2024-12-06 08:00:00,31442.9,45.13,3877.0
2024-12-06 09:00:00,31600.2,40.6,4841.0
2024-12-06 10:00:00,29362.4,43.35,6092.0
2024-12-06 11:00:00,26800.9,17.98,7374.0
2024-12-06 12:00:00,25188.0,21.54,8126.0
2024-12-06 13:00:00,24993.3,25.48,8670.0
2024-12-06 14:00:00,26603.7,28.09,7762.0
2024-12-06 15:00:00,28591.6,43.94,5541.5
2024-12-06 16:00:00,32076.6,56.33,4166.5
2024-12-06 17:00:00,35019.0,61.55,3583.0
2024-12-06 18:00:00,36041.7,62.38,3278.5
2024-12-06 19:00:00,36059.8,53.98,4260.5
2024-12-06 20:00:00,32476.0,45.77,3954.0
2024-12-06 21:00:00,28265.7,43.98,3074.0
2024-12-06 22:00:00,26061.7,32.37,3084.5
2024-12-06 23:00:00,23894.8,40.06,2223.0
2024-12-07 00:00:00,17791.4,32.57,3360.5
2024-12-07 01:00:00,16471.5,20.68,2905.5
2024-12-07 02:00:00,15766.9,21.15,2638.5
2024-12-07 03:00:00,14162.9,9.08,3591.5
2024-12-07 04:00:00,15199.7,15.23,3872.0
2024-12-07 05:00:00,17936.1,18.28,5555.5
2024-12-07 06:00:00,22288.2,26.01,5600.0
2024-12-07 07:00:00,26605.2,40.23,4457.5
2024-12-07 08:00:00,28179.7,37.4,5213.5
2024-12-07 09:00:00,27449.3,33.14,6452.0
2024-12-07 10:00:00,26256.8,23.81,8689.0
2024-12-07 11:00:00,23363.5,17.68,9564.0
2024-12-07 12:00:00,22089.9,11.2,8741.5
2024-12-07 13:00:00,21369.3,8.36,7981.0
2024-12-07 14:00:00,22636.8,19.22,6044.0
2024-12-07 15:00:00,25381.6,33.76,4725.0
2024-12-07 16:00:00,28369.7,38.52,4356.0
2024-12-07 17:00:00,29779.5,40.03,5436.5
2024-12-07 18:00:00,31704.0,50.36,4164.0
2024-12-07 19:00:00,30175.6,39.42,3477.5
2024-12-07 20:00:00,28715.5,44.39,3491.5
2024-12-07 21:00:00,25084.6,33.7,4311.5
2024-12-07 22:00:00,22167.2,33.76,3446.0
2024-12-07 23:00:00,20656.8,23.73,3759.5
2024-12-08 00:00:00,17590.6,18.96,3850.5
2024-12-08 01:00:00,17106.6,15.96,5600.0
2024-12-08 02:00:00,15371.3,9.49,5600.0
2024-12-08 03:00:00,14369.8,8.45,4517.0
2024-12-08 04:00:00,15193.3,12.96,3859.5
2024-12-08 05:00:00,17623.6,10.83,4366.0
2024-12-08 06:00:00,21675.2,23.33,4720.0
2024-12-08 07:00:00,26115.9,40.59,4149.0
2024-12-08 08:00:00,27500.1,33.12,4794.0
2024-12-08 09:00:00,27241.1,27.87,6334.0
2024-12-08 10:00:00,26168.4,22.17,8086.0
2024-12-08 11:00:00,23787.1,17.23,8846.0
2024-12-08 12:00:00,21634.6,4.08,8904.5
2024-12-08 13:00:00,21602.7,5.15,9583.5
2024-12-08 14:00:00,22695.3,24.19,6756.0
2024-12-08 15:00:00,26053.7,32.91,5282.0
2024-12-08 16:00:00,28614.7,45.91,4234.0
2024-12-08 17:00:00,30385.4,41.23,4759.5
2024-12-08 18:00:00,31760.6,45.46,4958.5
2024-12-08 19:00:00,29947.9,48.0,5269.5
2024-12-08 20:00:00,27907.4,40.26,5580.0
2024-12-08 21:00:00,25272.8,35.68,5600.0
2024-12-08 22:00:00,22714.0,30.77,5600.0
2024-12-08 23:00:00,20615.7,27.03,5600.0
2024-12-09 00:00:00,20588.5,21.76,5600.0
2024-12-09 01:00:00,19328.9,16.17,5600.0
2024-12-09 02:00:00,17634.4,14.25,5600.0
2024-12-09 03:00:00,16490.3,13.03,5600.0
2024-12-09 04:00:00,17208.8,6.82,5600.0
2024-12-09 05:00:00,20650.1,25.84,5453.5
2024-12-09 06:00:00,25576.1,38.18,5299.5
2024-12-09 07:00:00,29940.9,43.49,5600.0
2024-12-09 08:00:00,31588.8,45.86,4566.0
2024-12-09 09:00:00,31377.3,45.46,4681.0
2024-12-09 10:00:00,29900.2,26.22,7305.0
2024-12-09 11:00:00,27742.1,21.67,6303.5
2024-12-09 12:00:00,25416.1,27.67,7444.0
2024-12-09 13:00:00,24922.6,15.32,6141.0
2024-12-09 14:00:00,26548.8,33.7,5591.5
2024-12-09 15:00:00,28688.0,46.31,4175.0
2024-12-09 16:00:00,33105.0,54.92,3038.0
2024-12-09 17:00:00,35265.6,59.78,2785.0
2024-12-09 18:00:00,35850.1,61.21,3173.0
2024-12-09 19:00:00,35069.2,50.1,3029.5
2024-12-09 20:00:00,32166.1,50.96,2760.0
2024-12-09 21:00:00,29590.7,55.62,2070.0
2024-12-09 22:00:00,25867.8,41.47,2481.0
2024-12-09 23:00:00,23799.5,34.21,3313.5
2024-12-10 00:00:00,20699.1,30.3,2537.5
2024-12-10 01:00:00,19101.3,21.33,3664.0
2024-12-10 02:00:00,17738.1,16.18,3685.0
2024-12-10 03:00:00,16640.5,24.18,3120.0
2024-12-10 04:00:00,16924.3,18.91,2167.5
2024-12-10 05:00:00,20666.9,42.01,1240.5
2024-12-10 06:00:00,25414.7,42.32,779.5
2024-12-10 07:00:00,29925.3,55.29,443.5
2024-12-10 08:00:00,32190.7,64.8,802.0
2024-12-10 09:00:00,31994.5,53.93,2225.5
2024-12-10 10:00:00,30333.8,38.42,3055.5
2024-12-10 11:00:00,26676.1,28.68,4602.5
2024-12-10 12:00:00,25240.6,18.65,5364.0
2024-12-10 13:00:00,25340.9,25.88,5360.5
2024-12-10 14:00:00,26664.0,25.56,5990.0
2024-12-10 15:00:00,29401.6,38.0,5755.0
2024-12-10 16:00:00,33825.5,59.12,4542.5
2024-12-10 17:00:00,35509.0,63.36,4850.5
2024-12-10 18:00:00,36846.6,52.06,4637.0
2024-12-10 19:00:00,35012.8,48.76,4343.0
2024-12-10 20:00:00,31955.6,49.91,4438.0
2024-12-10 21:00:00,28897.4,43.82,3720.0
2024-12-10 22:00:00,26236.8,34.47,3205.0
2024-12-10 23:00:00,23901.0,34.2,3233.0
2024-12-11 00:00:00,20655.9,27.94,3371.0
2024-12-11 01:00:00,19262.5,21.84,4255.5
2024-12-11 02:00:00,17595.4,23.95,4734.5
2024-12-11 03:00:00,16535.0,21.66,4422.0
2024-12-11 04:00:00,17524.5,17.77,4847.5
2024-12-11 05:00:00,20857.8,31.31,4527.5
2024-12-11 06:00:00,25059.6,37.16,5221.5
2024-12-11 07:00:00,30222.2,46.96,4131.0
2024-12-11 08:00:00,31873.8,37.57,4852.5
2024-12-11 09:00:00,32109.2,38.72,5695.0
2024-12-11 10:00:00,29665.0,36.1,5293.5
2024-12-11 11:00:00,27806.8,35.96,4639.5
2024-12-11 12:00:00,25223.1,20.05,5478.0
2024-12-11 13:00:00,25168.5,33.4,4362.5
2024-12-11 14:00:00,26725.9,42.06,3263.5
2024-12-11 15:00:00,28830.6,45.69,2870.0
2024-12-11 16:00:00,32462.9,58.07,1877.5
2024-12-11 17:00:00,35059.9,64.91,1677.5
2024-12-11 18:00:00,35968.9,62.46,3080.5
2024-12-11 19:00:00,34958.6,58.38,3356.0
2024-12-11 20:00:00,32994.6,52.76,3642.5
2024-12-11 21:00:00,28786.5,47.84,3911.0
2024-12-11 22:00:00,26191.9,42.63,3727.0
2024-12-11 23:00:00,23878.9,26.6,4473.5
2024-12-12 00:00:00,20109.5,25.51,3945.5
2024-12-12 01:00:00,19482.8,26.67,3829.5
2024-12-12 02:00:00,17326.3,13.6,3925.0
2024-12-12 03:00:00,16742.5,21.75,3717.0
2024-12-12 04:00:00,17211.0,19.04,3841.5
2024-12-12 05:00:00,20608.8,35.48,3714.0
2024-12-12 06:00:00,24959.6,38.68,4084.5
2024-12-12 07:00:00,29947.2,46.12,4268.5
2024-12-12 08:00:00,32648.4,51.59,5066.5
2024-12-12 09:00:00,31511.5,43.53,5991.5
2024-12-12 10:00:00,29491.4,28.19,6707.5
2024-12-12 11:00:00,27364.8,27.27,7166.5
2024-12-12 12:00:00,25575.0,15.27,7611.5
2024-12-12 13:00:00,24194.4,20.19,6986.5
2024-12-12 14:00:00,27296.4,29.24,7543.0
2024-12-12 15:00:00,29456.8,34.05,5703.5
2024-12-12 16:00:00,32851.2,53.44,3331.5
2024-12-12 17:00:00,35138.8,67.85,1889.0
2024-12-12 18:00:00,35253.4,59.25,2035.0
2024-12-12 19:00:00,35560.9,58.64,1819.0
2024-12-12 20:00:00,32190.9,61.6,1156.5
2024-12-12 21:00:00,29295.9,51.55,1282.5
2024-12-12 22:00:00,25896.3,43.38,1270.5
2024-12-12 23:00:00,23861.1,42.8,647.0
2024-12-13 00:00:00,20308.1,32.52,1246.0
2024-12-13 01:00:00,19589.6,25.97,1780.0
2024-12-13 02:00:00,17392.1,19.65,1830.0
2024-12-13 03:00:00,17150.8,31.59,1793.0
2024-12-13 04:00:00,17931.3,28.73,1292.0
2024-12-13 05:00:00,21118.2,38.71,1918.0
2024-12-13 06:00:00,25949.6,42.75,1208.5
2024-12-13 07:00:00,29864.7,57.97,843.5
2024-12-13 08:00:00,32775.4,55.34,952.0
2024-12-13 09:00:00,31862.5,44.59,2224.5
2024-12-13 10:00:00,29078.9,41.72,3468.0
2024-12-13 11:00:00,27801.9,36.41,4595.5
2024-12-13 12:00:00,25831.1,30.01,5563.5
2024-12-13 13:00:00,25108.1,26.25,5650.5
2024-12-13 14:00:00,26017.5,28.04,4545.5
2024-12-13 15:00:00,28978.1,41.29,4828.5
2024-12-13 16:00:00,31634.1,53.15,3171.0
2024-12-13 17:00:00,35726.1,59.69,3263.5
2024-12-13 18:00:00,35402.7,53.87,4950.5
2024-12-13 19:00:00,35368.2,52.15,4380.5
2024-12-13 20:00:00,32066.3,50.62,4478.5
2024-12-13 21:00:00,28446.7,42.51,4789.0
2024-12-13 22:00:00,26083.4,31.05,4467.0
2024-12-13 23:00:00,23665.3,39.87,4676.5
2024-12-14 00:00:00,18105.8,13.88,4736.0
2024-12-14 01:00:00,16509.7,13.8,4696.5
2024-12-14 02:00:00,15235.1,15.7,4361.0
2024-12-14 03:00:00,14000.0,11.44,5422.5
2024-12-14 04:00:00,14603.2,7.27,5600.0
2024-12-14 05:00:00,18422.7,14.78,5600.0
2024-12-14 06:00:00,22851.3,27.6,5600.0
2024-12-14 07:00:00,26059.0,34.65,5600.0
2024-12-14 08:00:00,27686.0,44.19,5600.0
2024-12-14 09:00:00,27644.2,28.71,6693.0
2024-12-14 10:00:00,26249.2,25.69,7821.0
2024-12-14 11:00:00,23478.6,16.56,8242.0
2024-12-14 12:00:00,22184.1,13.35,8980.0
2024-12-14 13:00:00,21856.4,11.32,8660.0
2024-12-14 14:00:00,22868.8,23.05,7750.0
2024-12-14 15:00:00,25241.1,32.74,5857.0
2024-12-14 16:00:00,28427.3,48.71,3945.5
2024-12-14 17:00:00,30206.9,44.45,5385.0
2024-12-14 18:00:00,31782.4,46.73,5600.0
2024-12-14 19:00:00,30430.6,42.28,5600.0
2024-12-14 20:00:00,28317.4,33.26,5600.0
2024-12-14 21:00:00,25822.4,35.85,5600.0
2024-12-14 22:00:00,22561.2,29.29,5600.0
2024-12-14 23:00:00,20984.0,26.45,5600.0
2024-12-15 00:00:00,17404.5,17.64,4311.0
2024-12-15 01:00:00,16714.9,12.91,4334.5
2024-12-15 02:00:00,15420.2,11.7,4318.0
2024-12-15 03:00:00,14859.3,12.19,5600.0
2024-12-15 04:00:00,14657.5,15.47,5600.0
2024-12-15 05:00:00,17917.1,11.03,5600.0
2024-12-15 06:00:00,22648.3,35.38,5131.0
2024-12-15 07:00:00,25722.5,25.2,5600.0
2024-12-15 08:00:00,27949.5,46.79,5442.0
2024-12-15 09:00:00,27913.3,28.55,6803.5
2024-12-15 10:00:00,25987.6,28.66,8350.0
2024-12-15 11:00:00,24222.6,14.06,8784.0
2024-12-15 12:00:00,22259.3,17.85,8306.0
2024-12-15 13:00:00,22301.3,3.96,7877.5
2024-12-15 14:00:00,22946.5,22.21,6514.0
2024-12-15 15:00:00,25165.3,36.01,4680.0
2024-12-15 16:00:00,28213.6,44.72,3640.0
2024-12-15 17:00:00,30130.3,49.55,3831.5
2024-12-15 18:00:00,31804.9,54.98,3834.5
2024-12-15 19:00:00,30477.2,48.38,3945.5
2024-12-15 20:00:00,27985.3,41.28,3549.0
2024-12-15 21:00:00,25492.5,30.84,4319.0
2024-12-15 22:00:00,22235.5,33.13,4464.5
2024-12-15 23:00:00,20942.6,30.86,4581.0
2024-12-16 00:00:00,20414.0,27.77,4724.0
2024-12-16 01:00:00,19689.1,25.08,5433.5
2024-12-16 02:00:00,17615.9,18.22,5600.0
2024-12-16 03:00:00,16761.1,14.09,5310.5
2024-12-16 04:00:00,17408.0,21.92,5412.5
2024-12-16 05:00:00,20858.1,21.95,5600.0
2024-12-16 06:00:00,25522.6,34.29,5600.0
2024-12-16 07:00:00,29177.2,43.78,5600.0
2024-12-16 08:00:00,32722.4,54.73,5600.0
2024-12-16 09:00:00,31889.2,28.66,7012.0
2024-12-16 10:00:00,30146.6,35.28,7851.0
2024-12-16 11:00:00,27489.9,20.04,8860.5
2024-12-16 12:00:00,25124.2,18.93,8909.5
2024-12-16 13:00:00,24792.8,9.87,8116.0
2024-12-16 14:00:00,26784.1,23.66,6683.0
2024-12-16 15:00:00,29122.8,43.99,5073.0
2024-12-16 16:00:00,33002.7,59.09,3389.0
2024-12-16 17:00:00,35157.5,58.78,2959.0
2024-12-16 18:00:00,36858.1,71.29,2491.5
2024-12-16 19:00:00,35465.5,62.26,1984.0
2024-12-16 20:00:00,32640.8,55.08,3241.5
2024-12-16 21:00:00,28926.3,43.82,2574.0
2024-12-16 22:00:00,26099.6,41.54,1574.5
2024-12-16 23:00:00,24227.1,39.24,2542.0
2024-12-17 00:00:00,20547.5,19.17,2948.5
2024-12-17 01:00:00,19509.4,30.01,1594.5
2024-12-17 02:00:00,17734.9,27.89,1509.0
2024-12-17 03:00:00,16637.0,22.23,2236.5
2024-12-17 04:00:00,17812.3,30.11,2531.5
2024-12-17 05:00:00,21002.5,26.97,3375.0
2024-12-17 06:00:00,25514.2,35.43,4345.5
2024-12-17 07:00:00,30024.0,43.39,4736.0
2024-12-17 08:00:00,31899.4,48.21,4513.5
2024-12-17 09:00:00,31852.5,42.39,6037.5
2024-12-17 10:00:00,29936.0,30.34,7380.5
2024-12-17 11:00:00,27558.9,27.74,8432.0
2024-12-17 12:00:00,25708.1,25.81,8002.0
2024-12-17 13:00:00,24722.7,23.13,7831.0
2024-12-17 14:00:00,26915.6,31.13,6579.0
2024-12-17 15:00:00,29220.7,35.98,4831.5
2024-12-17 16:00:00,32067.9,54.43,2168.0
2024-12-17 17:00:00,35963.1,71.45,2287.0
2024-12-17 18:00:00,37102.4,62.96,2866.5
2024-12-17 19:00:00,35385.8,62.02,2812.5
2024-12-17 20:00:00,32850.2,48.05,3153.5
2024-12-17 21:00:00,29428.2,48.97,3365.0
2024-12-17 22:00:00,26556.9,40.25,2214.5
2024-12-17 23:00:00,24064.3,35.91,2609.5
2024-12-18 00:00:00,20156.2,17.58,2446.5
2024-12-18 01:00:00,19940.2,25.72,3765.0
2024-12-18 02:00:00,18007.3,25.56,3810.0
2024-12-18 03:00:00,16480.3,23.09,3539.0
2024-12-18 04:00:00,17096.6,18.61,3628.0
2024-12-18 05:00:00,20788.5,31.56,3477.5
2024-12-18 06:00:00,25379.4,42.62,3187.0
2024-12-18 07:00:00,30078.2,45.4,3100.0
2024-12-18 08:00:00,32600.8,58.12,3040.5
2024-12-18 09:00:00,31666.4,44.88,4295.0
2024-12-18 10:00:00,29301.1,28.94,5833.5
2024-12-18 11:00:00,27371.3,23.09,6793.5
2024-12-18 12:00:00,25220.9,22.47,6753.5
2024-12-18 13:00:00,25198.0,15.32,6822.5
2024-12-18 14:00:00,25994.3,18.01,6061.0
2024-12-18 15:00:00,29151.3,42.73,4237.0
2024-12-18 16:00:00,32901.4,56.88,2695.0
2024-12-18 17:00:00,35579.5,59.8,2737.0
2024-12-18 18:00:00,35879.0,61.58,2912.0
2024-12-18 19:00:00,34631.3,61.61,2780.0
2024-12-18 20:00:00,32514.8,47.24,2770.0
2024-12-18 21:00:00,29340.3,36.17,2915.0
2024-12-18 22:00:00,26172.4,43.82,3099.0
2024-12-18 23:00:00,23623.3,36.82,3002.5
2024-12-19 00:00:00,20658.1,70.95,2754.0
2024-12-19 01:00:00,19793.3,47.29,2629.0
2024-12-19 02:00:00,17778.9,68.03,2687.0
2024-12-19 03:00:00,16200.7,77.96,2096.5
2024-12-19 04:00:00,17418.1,78.49,1588.0
2024-12-19 05:00:00,21265.3,53.69,2016.0
2024-12-19 06:00:00,24994.2,89.07,2258.5
2024-12-19 07:00:00,29944.1,102.64,1653.5
2024-12-19 08:00:00,32132.6,110.13,1677.5
2024-12-19 09:00:00,31984.5,69.35,4223.5
2024-12-19 10:00:00,29887.5,81.41,6428.0
2024-12-19 11:00:00,27679.8,63.37,6794.5
2024-12-19 12:00:00,25457.3,68.32,6825.5
2024-12-19 13:00:00,25625.2,40.48,7100.5
2024-12-19 14:00:00,26482.7,65.07,7484.5
2024-12-19 15:00:00,29109.0,67.42,6962.0
2024-12-19 16:00:00,32226.3,96.37,5122.0
2024-12-19 17:00:00,34298.8,103.58,5065.0
2024-12-19 18:00:00,36459.4,112.88,4694.5
2024-12-19 19:00:00,36335.9,100.82,5495.0
2024-12-19 20:00:00,32731.3,72.67,5003.5
2024-12-19 21:00:00,29395.9,84.12,4925.0
2024-12-19 22:00:00,25853.7,85.2,5600.0
2024-12-19 23:00:00,23719.5,60.6,4990.5
2024-12-20 00:00:00,20869.4,26.2,5183.0
2024-12-20 01:00:00,19939.7,28.47,5591.5
2024-12-20 02:00:00,18119.4,22.85,3916.5
2024-12-20 03:00:00,16807.7,22.32,3325.5
2024-12-20 04:00:00,17373.9,17.33,3419.0
2024-12-20 05:00:00,20697.0,23.62,3329.0
2024-12-20 06:00:00,25197.6,40.53,3408.0
2024-12-20 07:00:00,29279.7,44.55,3279.5
2024-12-20 08:00:00,31696.2,43.92,3439.0
2024-12-20 09:00:00,31961.5,48.49,4613.5
2024-12-20 10:00:00,29669.2,39.03,6332.5
2024-12-20 11:00:00,26613.8,17.7,8324.5
2024-12-20 12:00:00,25409.9,12.46,7986.5
2024-12-20 13:00:00,25022.6,25.04,8201.5
2024-12-20 14:00:00,26062.0,33.01,6225.0
2024-12-20 15:00:00,29099.3,45.32,4412.5
2024-12-20 16:00:00,32395.4,48.93,3615.5
2024-12-20 17:00:00,34932.7,56.82,3468.0
2024-12-20 18:00:00,36812.8,63.19,3706.0
2024-12-20 19:00:00,34242.7,59.71,3773.0
2024-12-20 20:00:00,31538.6,49.37,3951.5
2024-12-20 21:00:00,29096.7,55.85,3988.5
2024-12-20 22:00:00,26051.7,40.33,4241.0
2024-12-20 23:00:00,23950.3,33.71,4345.0
2024-12-21 00:00:00,17746.0,21.11,3578.5
2024-12-21 01:00:00,16606.9,20.9,3308.0
2024-12-21 02:00:00,15416.8,18.26,3685.5
2024-12-21 03:00:00,14351.3,8.14,4420.0
2024-12-21 04:00:00,15457.5,11.59,3730.5
2024-12-21 05:00:00,17861.1,17.08,4434.5
2024-12-21 06:00:00,22153.0,28.34,4210.0
2024-12-21 07:00:00,27003.6,42.0,3526.5
2024-12-21 08:00:00,27965.5,39.63,4394.5
2024-12-21 09:00:00,28015.2,36.43,5691.0
2024-12-21 10:00:00,26174.9,21.97,6696.5
2024-12-21 11:00:00,23933.6,22.68,8498.5
2024-12-21 12:00:00,22213.2,7.58,8407.0
2024-12-21 13:00:00,21936.0,16.2,7829.5
2024-12-21 14:00:00,23112.8,15.64,7570.5
2024-12-21 15:00:00,25235.7,30.43,6619.0
2024-12-21 16:00:00,28456.2,48.49,4676.0
2024-12-21 17:00:00,31606.0,51.74,4795.5
2024-12-21 18:00:00,32159.0,45.97,4682.0
2024-12-21 19:00:00,30803.7,45.91,5600.0
2024-12-21 20:00:00,28641.6,41.05,4561.0
2024-12-21 21:00:00,24980.8,30.13,4190.0
2024-12-21 22:00:00,22542.0,33.19,4913.0
2024-12-21 23:00:00,21003.9,35.6,4904.0
2024-12-22 00:00:00,18287.2,26.05,4661.5
2024-12-22 01:00:00,16641.8,13.83,3813.5
2024-12-22 02:00:00,15304.5,23.25,4574.5
2024-12-22 03:00:00,14917.6,10.35,4940.5
2024-12-22 04:00:00,15125.8,10.28,5600.0
2024-12-22 05:00:00,18436.8,19.08,4052.0
2024-12-22 06:00:00,22236.4,30.52,4213.5
2024-12-22 07:00:00,26129.4,32.84,2577.5
2024-12-22 08:00:00,27915.1,41.59,2353.0
2024-12-22 09:00:00,28172.3,46.38,3410.5
2024-12-22 10:00:00,26448.0,44.01,4534.0
2024-12-22 11:00:00,23303.1,14.69,4876.0
2024-12-22 12:00:00,21997.2,24.27,5234.0
2024-12-22 13:00:00,22169.6,17.48,4443.0
2024-12-22 14:00:00,23030.0,23.25,4816.0
2024-12-22 15:00:00,25263.8,31.06,2965.0
2024-12-22 16:00:00,28742.9,52.92,1738.0
2024-12-22 17:00:00,31176.0,56.32,1693.0
2024-12-22 18:00:00,31368.1,56.05,1108.0
2024-12-22 19:00:00,30757.4,57.2,1264.0
2024-12-22 20:00:00,27762.2,50.75,1037.0
2024-12-22 21:00:00,24967.4,36.33,1593.5
2024-12-22 22:00:00,22669.5,38.02,1420.5
2024-12-22 23:00:00,20716.4,29.57,1558.5
2024-12-23 00:00:00,20259.1,27.47,1851.5
2024-12-23 01:00:00,19140.8,30.31,1916.5
2024-12-23 02:00:00,17433.5,28.62,2661.5
2024-12-23 03:00:00,16713.6,22.93,1835.0
2024-12-23 04:00:00,16845.3,31.64,1277.0
2024-12-23 05:00:00,20310.7,29.34,1877.5
2024-12-23 06:00:00,24763.3,32.6,2049.0
2024-12-23 07:00:00,30105.6,45.43,1968.5
2024-12-23 08:00:00,31356.4,48.01,1530.5
2024-12-23 09:00:00,31939.7,52.97,2405.0
2024-12-23 10:00:00,30520.1,51.28,3494.5
2024-12-23 11:00:00,27885.3,37.78,4858.0
2024-12-23 12:00:00,24725.3,27.76,5304.0
2024-12-23 13:00:00,25244.9,34.05,4821.0
2024-12-23 14:00:00,26124.4,36.67,3610.5
2024-12-23 15:00:00,28726.3,49.56,2238.5
2024-12-23 16:00:00,32483.4,57.74,1396.5
2024-12-23 17:00:00,35893.7,59.71,1895.5
2024-12-23 18:00:00,36619.7,59.91,1806.0
2024-12-23 19:00:00,34856.4,61.19,1130.5
2024-12-23 20:00:00,32837.2,51.61,981.0
2024-12-23 21:00:00,28104.5,47.97,756.5
2024-12-23 22:00:00,25709.8,43.37,603.5
2024-12-23 23:00:00,23502.2,44.3,369.5
2024-12-24 00:00:00,20576.3,34.14,216.5
2024-12-24 01:00:00,19285.0,37.3,262.0
2024-12-24 02:00:00,17674.7,26.35,410.0
2024-12-24 03:00:00,16552.7,21.77,368.5
2024-12-24 04:00:00,17359.2,35.42,293.5
2024-12-24 05:00:00,20785.7,39.48,515.5
2024-12-24 06:00:00,25526.0,45.51,335.5
2024-12-24 07:00:00,29782.7,51.27,384.5
2024-12-24 08:00:00,32414.2,68.82,419.0
2024-12-24 09:00:00,32312.2,53.32,1964.5
2024-12-24 10:00:00,29531.9,45.18,3364.5
2024-12-24 11:00:00,27171.6,39.88,3881.0
2024-12-24 12:00:00,25850.4,31.92,3975.0
2024-12-24 13:00:00,24710.7,23.23,3783.0
2024-12-24 14:00:00,27229.0,37.56,2566.0
2024-12-24 15:00:00,28655.2,44.85,1243.5
2024-12-24 16:00:00,32362.3,59.57,161.5
2024-12-24 17:00:00,34733.6,65.94,201.5
2024-12-24 18:00:00,37475.2,69.07,13.5
2024-12-24 19:00:00,34959.8,63.8,61.0
2024-12-24 20:00:00,32241.6,60.25,65.0
2024-12-24 21:00:00,28914.6,46.3,57.0
2024-12-24 22:00:00,26034.4,44.84,223.0
2024-12-24 23:00:00,23673.2,42.51,194.5
2024-12-25 00:00:00,20505.1,35.61,111.5
2024-12-25 01:00:00,18314.4,27.02,137.0
2024-12-25 02:00:00,17722.2,26.42,329.0
2024-12-25 03:00:00,16595.7,19.77,361.5
2024-12-25 04:00:00,17618.5,23.62,1008.0
2024-12-25 05:00:00,21017.2,27.19,519.5
2024-12-25 06:00:00,25389.7,43.69,290.5
2024-12-25 07:00:00,30267.5,56.73,357.0
2024-12-25 08:00:00,31678.3,54.95,236.5
2024-12-25 09:00:00,32274.5,44.15,1445.5
2024-12-25 10:00:00,29515.8,45.11,2946.5
2024-12-25 11:00:00,26704.6,31.77,4023.5
2024-12-25 12:00:00,25329.3,24.02,4082.5
2024-12-25 13:00:00,25646.5,25.15,4032.5
2024-12-25 14:00:00,26575.5,37.92,3402.5
2024-12-25 15:00:00,29890.2,49.43,1942.5
2024-12-25 16:00:00,32155.9,61.76,342.0
2024-12-25 17:00:00,35779.0,60.06,340.5
2024-12-25 18:00:00,35918.8,68.98,349.5
2024-12-25 19:00:00,35334.3,60.4,659.5
2024-12-25 20:00:00,32581.6,52.23,1067.0
2024-12-25 21:00:00,29356.1,49.15,2077.0
2024-12-25 22:00:00,26087.2,44.2,2196.5
2024-12-25 23:00:00,23519.7,36.73,2284.5
2024-12-26 00:00:00,20810.1,27.6,4016.5
2024-12-26 01:00:00,19833.5,20.7,3832.0
2024-12-26 02:00:00,17545.8,11.96,4091.5
2024-12-26 03:00:00,16128.9,21.96,2760.0
2024-12-26 04:00:00,17472.0,21.42,3940.0
2024-12-26 05:00:00,20502.9,22.54,4971.0
2024-12-26 06:00:00,25402.5,31.68,5600.0
2024-12-26 07:00:00,30140.3,44.91,5130.0
2024-12-26 08:00:00,31978.8,46.33,5265.0
2024-12-26 09:00:00,31767.5,47.14,5625.5
2024-12-26 10:00:00,29716.3,35.83,7735.0
2024-12-26 11:00:00,27777.4,23.45,8710.5
2024-12-26 12:00:00,25402.6,16.51,9262.0
2024-12-26 13:00:00,24644.7,18.17,8995.0
2024-12-26 14:00:00,26019.0,11.88,8076.0
2024-12-26 15:00:00,29284.8,37.22,6322.5
2024-12-26 16:00:00,31959.0,41.63,5106.0
2024-12-26 17:00:00,34387.8,54.85,5299.5
2024-12-26 18:00:00,36606.6,60.97,5571.5
2024-12-26 19:00:00,35564.4,44.23,5600.0
2024-12-26 20:00:00,32285.4,50.87,5600.0
2024-12-26 21:00:00,29185.5,41.09,5600.0
2024-12-26 22:00:00,26053.7,37.49,5384.5
2024-12-26 23:00:00,23989.9,34.8,5600.0
2024-12-27 00:00:00,20716.9,24.67,5600.0
2024-12-27 01:00:00,18568.3,19.82,5600.0
2024-12-27 02:00:00,17629.9,12.38,5600.0
2024-12-27 03:00:00,16707.6,11.66,5600.0
2024-12-27 04:00:00,17228.4,26.11,4991.0
2024-12-27 05:00:00,20608.2,29.96,4521.5
2024-12-27 06:00:00,25728.8,36.99,5230.0
2024-12-27 07:00:00,29915.2,39.06,5589.5
2024-12-27 08:00:00,32914.3,50.85,5600.0
2024-12-27 09:00:00,32422.2,41.35,6664.5
2024-12-27 10:00:00,29696.1,40.54,8194.0
2024-12-27 11:00:00,27086.6,28.1,8973.0
2024-12-27 12:00:00,24295.7,12.1,9124.5
2024-12-27 13:00:00,24977.0,16.4,8035.5
2024-12-27 14:00:00,25946.0,23.23,7816.0
2024-12-27 15:00:00,29308.9,43.16,6180.5
2024-12-27 16:00:00,32571.2,54.52,5000.5
2024-12-27 17:00:00,35566.2,48.38,4358.5
2024-12-27 18:00:00,37005.7,64.89,3134.5
2024-12-27 19:00:00,35174.9,63.91,3257.0
2024-12-27 20:00:00,33561.6,55.44,2928.0
2024-12-27 21:00:00,29147.1,49.29,2969.5
2024-12-27 22:00:00,25459.5,45.3,3874.5
2024-12-27 23:00:00,23565.1,38.91,4017.5
2024-12-28 00:00:00,17753.7,23.97,3508.5
2024-12-28 01:00:00,16953.1,21.0,3825.0
2024-12-28 02:00:00,15167.9,17.96,2735.0
2024-12-28 03:00:00,14352.6,16.08,4008.0
2024-12-28 04:00:00,15038.3,14.74,3819.0
2024-12-28 05:00:00,17790.8,26.23,3601.5
2024-12-28 06:00:00,22394.0,27.22,3570.0
2024-12-28 07:00:00,26232.7,37.7,3243.5
2024-12-28 08:00:00,28479.0,43.18,3307.5
2024-12-28 09:00:00,27588.1,44.09,3892.0
2024-12-28 10:00:00,26336.5,32.27,6048.5
2024-12-28 11:00:00,23141.4,17.96,7698.5
2024-12-28 12:00:00,21611.7,14.79,7739.5
2024-12-28 13:00:00,21429.6,5.2,7586.0
2024-12-28 14:00:00,23033.4,20.61,7927.5
2024-12-28 15:00:00,25861.0,25.05,6566.0
2024-12-28 16:00:00,28004.0,37.97,4750.5
2024-12-28 17:00:00,30390.1,59.2,4600.0
2024-12-28 18:00:00,31417.8,51.69,3948.5
2024-12-28 19:00:00,30863.2,48.85,4034.5
2024-12-28 20:00:00,28017.8,42.9,3288.5
2024-12-28 21:00:00,25056.2,42.58,3419.5
2024-12-28 22:00:00,22127.7,26.25,3591.5
2024-12-28 23:00:00,20489.3,26.83,2730.0
2024-12-29 00:00:00,18159.6,30.34,2159.0
2024-12-29 01:00:00,16818.2,23.82,1618.0
2024-12-29 02:00:00,15208.0,22.4,1466.0
2024-12-29 03:00:00,14676.8,18.6,751.0
2024-12-29 04:00:00,14934.8,24.13,755.0
2024-12-29 05:00:00,18283.4,25.9,1021.5
2024-12-29 06:00:00,22579.0,29.86,1275.5
2024-12-29 07:00:00,25991.4,48.23,1142.0
2024-12-29 08:00:00,27346.2,42.31,1528.0
2024-12-29 09:00:00,28663.4,36.09,3433.0
2024-12-29 10:00:00,26006.9,25.78,4637.0
2024-12-29 11:00:00,23498.0,21.28,5227.5
2024-12-29 12:00:00,22376.5,16.31,4862.0
2024-12-29 13:00:00,22045.7,25.34,5485.0
2024-12-29 14:00:00,23471.1,29.01,4655.0
2024-12-29 15:00:00,25137.6,35.88,2726.0
2024-12-29 16:00:00,28379.8,45.33,1077.5
2024-12-29 17:00:00,30049.2,57.17,886.5
2024-12-29 18:00:00,31818.7,56.22,1818.5
2024-12-29 19:00:00,30574.2,50.12,1454.0
2024-12-29 20:00:00,28324.5,51.46,450.0
2024-12-29 21:00:00,25190.0,44.36,646.0
2024-12-29 22:00:00,22487.0,34.83,536.0
2024-12-29 23:00:00,20387.0,27.93,448.0
2024-12-30 00:00:00,20742.3,39.84,335.0
2024-12-30 01:00:00,19725.2,36.25,72.0
2024-12-30 02:00:00,17519.2,27.1,499.5
2024-12-30 03:00:00,16691.0,27.66,737.5
2024-12-30 04:00:00,17420.9,30.88,665.5
2024-12-30 05:00:00,20568.0,32.12,614.5
2024-12-30 06:00:00,24821.7,41.45,600.0
2024-12-30 07:00:00,29250.8,59.58,540.5
2024-12-30 08:00:00,31760.6,53.88,964.5
2024-12-30 09:00:00,30813.2,57.37,1749.0
2024-12-30 10:00:00,30331.0,55.46,3447.5
2024-12-30 11:00:00,27275.4,31.44,4636.0
2024-12-30 12:00:00,25330.8,19.17,4571.0
2024-12-30 13:00:00,24238.3,24.96,4036.0
2024-12-30 14:00:00,25719.7,32.17,3307.0
2024-12-30 15:00:00,29166.4,45.77,1708.0
2024-12-30 16:00:00,33406.2,66.33,617.5
2024-12-30 17:00:00,34776.8,60.81,1040.5
2024-12-30 18:00:00,36659.9,68.03,1357.5
2024-12-30 19:00:00,34882.2,65.2,822.5
2024-12-30 20:00:00,32428.9,58.73,1515.0
2024-12-30 21:00:00,29529.9,46.38,1752.0
2024-12-30 22:00:00,25795.7,46.73,1593.5
2024-12-30 23:00:00,23483.6,34.0,1469.0
2024-12-31 00:00:00,20922.5,33.27,2059.0
2024-12-31 01:00:00,19295.4,29.15,2617.5
2024-12-31 02:00:00,17944.8,20.75,2254.5
2024-12-31 03:00:00,16373.3,18.5,1597.5
2024-12-31 04:00:00,17663.0,23.65,1883.0
2024-12-31 05:00:00,20637.3,37.44,1228.5
2024-12-31 06:00:00,25553.4,46.26,567.5
2024-12-31 07:00:00,29873.8,57.07,981.0
2024-12-31 08:00:00,31873.8,61.38,1083.5
2024-12-31 09:00:00,31814.2,52.17,2883.0
2024-12-31 10:00:00,29488.3,37.78,4042.5
2024-12-31 11:00:00,27499.3,16.22,5084.0
2024-12-31 12:00:00,25249.4,27.7,5232.0
2024-12-31 13:00:00,24484.0,32.58,5468.0
2024-12-31 14:00:00,25761.1,25.86,4632.0
2024-12-31 15:00:00,28394.5,40.23,3600.5
2024-12-31 16:00:00,32727.7,66.15,974.5
2024-12-31 17:00:00,34516.8,64.38,1109.5
2024-12-31 18:00:00,36331.5,67.65,1251.5
2024-12-31 19:00:00,35185.4,60.62,1678.0
2024-12-31 20:00:00,32350.7,55.42,2719.0
2024-12-31 21:00:00,29174.2,45.58,4056.5
2024-12-31 22:00:00,25975.8,39.89,3994.0
2024-12-31 23:00:00,22750.7,26.98,3800.0
2025-01-01 00:00:00,20383.9,40.07,2319.5
2025-01-01 01:00:00,19402.0,28.73,1946.5
2025-01-01 02:00:00,18087.3,21.37,2094.5
2025-01-01 03:00:00,16959.1,20.58,1939.5
2025-01-01 04:00:00,16941.6,19.33,1713.5
2025-01-01 05:00:00,20441.8,30.46,1619.0
2025-01-01 06:00:00,24787.4,38.88,1822.0
2025-01-01 07:00:00,30489.7,57.1,1458.0
2025-01-01 08:00:00,32600.0,50.98,1960.0
2025-01-01 09:00:00,31977.1,43.57,2986.5
2025-01-01 10:00:00,29754.5,26.98,5799.5
2025-01-01 11:00:00,27666.1,30.39,5756.0
2025-01-01 12:00:00,25782.6,26.1,6520.0
2025-01-01 13:00:00,25477.2,6.75,7347.5
2025-01-01 14:00:00,26603.6,28.96,6550.0
2025-01-01 15:00:00,28992.0,36.66,4644.5
2025-01-01 16:00:00,32795.0,59.96,2508.5
2025-01-01 17:00:00,35547.6,71.49,1540.5
2025-01-01 18:00:00,36059.5,54.82,2716.5
2025-01-01 19:00:00,34922.8,55.59,3482.5
2025-01-01 20:00:00,32927.2,56.51,4266.5
2025-01-01 21:00:00,29702.3,50.12,4098.5
2025-01-01 22:00:00,25618.8,37.73,3542.5
2025-01-01 23:00:00,23617.1,36.47,4291.5
2025-01-02 00:00:00,20577.2,32.84,2076.5
2025-01-02 01:00:00,19406.6,31.39,2617.5
2025-01-02 02:00:00,17502.7,28.8,2080.5
2025-01-02 03:00:00,16996.4,24.19,1419.0
2025-01-02 04:00:00,17392.9,29.82,1056.5
2025-01-02 05:00:00,20699.3,33.11,899.5
2025-01-02 06:00:00,26035.7,47.91,1161.5
2025-01-02 07:00:00,29589.2,49.4,773.0
2025-01-02 08:00:00,32047.7,60.21,457.5
2025-01-02 09:00:00,31190.6,50.98,2269.0
2025-01-02 10:00:00,29583.7,43.27,3632.0
2025-01-02 11:00:00,26481.3,28.94,4377.5
2025-01-02 12:00:00,25589.1,22.56,4772.0
2025-01-02 13:00:00,25182.8,23.99,5414.0
2025-01-02 14:00:00,26294.8,23.88,4744.5
2025-01-02 15:00:00,29081.0,40.26,3389.0
2025-01-02 16:00:00,32769.9,50.46,1789.0
2025-01-02 17:00:00,34496.0,59.93,2302.5
2025-01-02 18:00:00,36248.9,69.13,1717.5
2025-01-02 19:00:00,35452.0,67.02,1616.5
2025-01-02 20:00:00,31489.8,48.33,1276.0
2025-01-02 21:00:00,29256.7,51.03,1648.0
2025-01-02 22:00:00,25242.3,52.66,1375.0
2025-01-02 23:00:00,23652.8,36.94,1135.5
2025-01-03 00:00:00,20097.5,33.83,1120.5
2025-01-03 01:00:00,19665.1,37.28,530.5
2025-01-03 02:00:00,17322.0,21.34,363.0
2025-01-03 03:00:00,16108.4,26.78,286.0
2025-01-03 04:00:00,17305.3,31.26,523.5
2025-01-03 05:00:00,20393.2,32.09,644.5
2025-01-03 06:00:00,24775.7,34.76,1483.5
2025-01-03 07:00:00,30002.8,57.89,1151.5
2025-01-03 08:00:00,31108.8,48.48,668.5
2025-01-03 09:00:00,31271.1,39.9,2349.5
2025-01-03 10:00:00,29382.9,33.18,3773.0
2025-01-03 11:00:00,27392.1,26.49,5939.0
2025-01-03 12:00:00,25778.0,18.79,5545.5
2025-01-03 13:00:00,25420.4,21.52,4877.5
2025-01-03 14:00:00,26324.6,29.11,3913.0
2025-01-03 15:00:00,28043.9,48.41,2257.5
2025-01-03 16:00:00,32565.9,60.93,659.5
2025-01-03 17:00:00,35841.7,66.83,668.5
2025-01-03 18:00:00,36780.1,73.77,1156.0
2025-01-03 19:00:00,35301.6,69.97,1603.0
2025-01-03 20:00:00,31754.2,52.3,1141.5
2025-01-03 21:00:00,28709.9,44.14,1856.5
2025-01-03 22:00:00,26624.0,39.55,2688.5
2025-01-03 23:00:00,23174.1,35.18,3129.0
2025-01-04 00:00:00,17475.2,27.35,3465.5
2025-01-04 01:00:00,16972.5,15.78,3480.0
2025-01-04 02:00:00,15225.2,14.72,4245.5
2025-01-04 03:00:00,14104.2,11.79,4407.5
2025-01-04 04:00:00,15357.9,21.63,4189.5
2025-01-04 05:00:00,17962.2,25.69,3734.5
2025-01-04 06:00:00,21909.1,26.2,3493.0
2025-01-04 07:00:00,25433.0,40.7,3915.0
2025-01-04 08:00:00,28732.2,42.0,4328.0
2025-01-04 09:00:00,27603.6,35.77,5657.0
2025-01-04 10:00:00,26305.3,20.4,6827.0
2025-01-04 11:00:00,23844.7,6.76,8414.0
2025-01-04 12:00:00,21810.3,9.79,8343.5
2025-01-04 13:00:00,21571.5,6.44,8298.5
2025-01-04 14:00:00,23434.7,19.1,6791.5
2025-01-04 15:00:00,25855.2,29.35,5107.0
2025-01-04 16:00:00,27352.6,40.85,4187.0
2025-01-04 17:00:00,30736.7,48.62,4272.0
2025-01-04 18:00:00,31335.4,51.21,4620.0
2025-01-04 19:00:00,30004.2,48.28,4668.0
2025-01-04 20:00:00,28216.3,48.54,3965.0
2025-01-04 21:00:00,24647.0,35.29,4235.0
2025-01-04 22:00:00,22334.8,26.25,3500.5
2025-01-04 23:00:00,20336.5,31.93,3355.5
2025-01-05 00:00:00,17633.2,24.66,2645.5
2025-01-05 01:00:00,16704.0,23.43,3330.0
2025-01-05 02:00:00,15078.2,20.46,3202.0
2025-01-05 03:00:00,14685.2,15.09,3136.5
2025-01-05 04:00:00,15112.2,16.09,3058.5
2025-01-05 05:00:00,18303.6,32.58,3076.5
2025-01-05 06:00:00,21963.9,26.18,3028.0
2025-01-05 07:00:00,25643.2,37.42,3076.5
2025-01-05 08:00:00,28587.4,49.05,3183.0
2025-01-05 09:00:00,27351.3,34.92,4866.5
2025-01-05 10:00:00,25674.8,23.03,6304.0
2025-01-05 11:00:00,23763.5,21.36,7077.0
2025-01-05 12:00:00,21555.9,18.87,7163.5
2025-01-05 13:00:00,21952.3,15.1,6986.5
2025-01-05 14:00:00,23118.4,16.12,5284.5
2025-01-05 15:00:00,25760.2,34.93,3780.0
2025-01-05 16:00:00,28496.9,49.15,2121.5
2025-01-05 17:00:00,31053.7,46.53,3010.0
2025-01-05 18:00:00,31314.2,58.24,2877.5
2025-01-05 19:00:00,30057.0,53.54,1867.0
2025-01-05 20:00:00,28971.1,45.74,1392.5
2025-01-05 21:00:00,24559.5,43.42,1226.5
2025-01-05 22:00:00,21992.5,38.06,1175.0
2025-01-05 23:00:00,20740.1,28.31,2197.0
2025-01-06 00:00:00,20900.3,27.36,1492.0
2025-01-06 01:00:00,19258.0,26.94,2038.0
2025-01-06 02:00:00,17847.2,21.45,2537.5
2025-01-06 03:00:00,15982.5,21.66,2400.0
2025-01-06 04:00:00,17098.3,23.97,1309.0
2025-01-06 05:00:00,19893.6,32.18,1772.0
2025-01-06 06:00:00,25580.1,41.25,2607.0
2025-01-06 07:00:00,29004.0,52.35,1818.0
2025-01-06 08:00:00,31373.0,56.25,1992.5
2025-01-06 09:00:00,31929.3,53.3,3124.5
2025-01-06 10:00:00,30035.0,32.21,5893.0
2025-01-06 11:00:00,26934.0,30.11,6766.0
2025-01-06 12:00:00,25438.8,31.25,6345.5
2025-01-06 13:00:00,25145.1,27.08,6748.5
2025-01-06 14:00:00,26233.8,22.8,5229.0
2025-01-06 15:00:00,28553.7,49.06,3033.0
2025-01-06 16:00:00,32568.3,61.3,1150.0
2025-01-06 17:00:00,35301.7,67.62,1377.0
2025-01-06 18:00:00,36504.0,61.3,1866.0
2025-01-06 19:00:00,35133.7,55.03,2162.5
2025-01-06 20:00:00,31684.5,58.39,3080.5
2025-01-06 21:00:00,29164.1,46.72,2135.0
2025-01-06 22:00:00,25807.9,37.54,2420.5
2025-01-06 23:00:00,23446.7,30.58,1879.5
2025-01-07 00:00:00,20293.7,21.61,2662.0
2025-01-07 01:00:00,18986.7,26.03,2784.0
2025-01-07 02:00:00,17801.3,26.27,3334.0
2025-01-07 03:00:00,16110.1,20.07,3353.0
2025-01-07 04:00:00,16954.6,19.84,3411.5
2025-01-07 05:00:00,20348.8,32.89,3607.0
2025-01-07 06:00:00,25871.7,44.89,3697.0
2025-01-07 07:00:00,30134.3,42.77,4083.5
2025-01-07 08:00:00,31169.4,49.9,3985.0
2025-01-07 09:00:00,32296.8,46.85,5046.5
2025-01-07 10:00:00,30134.1,36.18,5884.0
2025-01-07 11:00:00,26497.9,28.15,6788.0
2025-01-07 12:00:00,24246.2,25.42,7426.5
2025-01-07 13:00:00,24893.4,16.16,6007.5
2025-01-07 14:00:00,26736.8,31.45,5745.0
2025-01-07 15:00:00,29695.2,44.35,3728.0
2025-01-07 16:00:00,31842.8,51.36,3088.0
2025-01-07 17:00:00,35865.4,62.77,3703.0
2025-01-07 18:00:00,34784.3,56.12,3718.5
2025-01-07 19:00:00,34744.2,56.13,2751.0
2025-01-07 20:00:00,32017.7,56.13,3072.0
2025-01-07 21:00:00,29336.4,42.45,2779.5
2025-01-07 22:00:00,26286.2,39.47,2281.5
2025-01-07 23:00:00,23933.2,35.88,1353.0
2025-01-08 00:00:00,19950.9,39.13,905.5
2025-01-08 01:00:00,19414.2,29.39,1905.5
2025-01-08 02:00:00,17683.6,19.07,2025.0
2025-01-08 03:00:00,16031.6,23.31,1631.5
2025-01-08 04:00:00,16660.9,15.61,3162.0
2025-01-08 05:00:00,20747.4,33.26,1670.0
2025-01-08 06:00:00,25166.9,33.25,2847.0
2025-01-08 07:00:00,29064.3,41.63,2368.0
2025-01-08 08:00:00,31824.5,59.19,1258.5
2025-01-08 09:00:00,31796.3,48.57,2306.5
2025-01-08 10:00:00,29470.1,45.77,3816.0
2025-01-08 11:00:00,26318.8,19.63,5361.0
2025-01-08 12:00:00,25886.2,29.36,5613.0
2025-01-08 13:00:00,25270.6,26.12,4766.5
2025-01-08 14:00:00,26135.8,33.75,5264.5
2025-01-08 15:00:00,28845.9,40.52,3604.0
2025-01-08 16:00:00,32405.9,58.37,2023.0
2025-01-08 17:00:00,34320.6,58.28,2205.5
2025-01-08 18:00:00,36125.2,63.37,2336.5
2025-01-08 19:00:00,34205.6,65.98,1599.0
2025-01-08 20:00:00,32153.3,54.08,2707.0
2025-01-08 21:00:00,28304.3,42.38,3062.0
2025-01-08 22:00:00,25326.4,34.88,2996.0
2025-01-08 23:00:00,24153.9,40.11,2222.5
2025-01-09 00:00:00,20360.2,36.4,1465.0
2025-01-09 01:00:00,19205.7,31.96,1516.5
2025-01-09 02:00:00,17002.3,28.99,2875.5
2025-01-09 03:00:00,16279.5,21.97,2600.0
2025-01-09 04:00:00,17294.8,18.97,3331.0
2025-01-09 05:00:00,20467.3,33.84,3273.5
2025-01-09 06:00:00,24394.2,30.72,3265.0
2025-01-09 07:00:00,29696.6,44.3,3178.5
2025-01-09 08:00:00,32066.1,53.1,3126.5
2025-01-09 09:00:00,32198.8,42.8,4582.0
2025-01-09 10:00:00,29186.2,37.96,5874.5
2025-01-09 11:00:00,26012.6,23.91,6708.5
2025-01-09 12:00:00,24771.9,26.1,6887.0
2025-01-09 13:00:00,24460.3,26.44,5747.0
2025-01-09 14:00:00,26530.4,41.81,4010.5
2025-01-09 15:00:00,27764.3,30.37,4632.5
2025-01-09 16:00:00,31981.8,54.17,3322.0
2025-01-09 17:00:00,35621.5,60.66,3192.5
2025-01-09 18:00:00,35917.4,61.3,3160.0
2025-01-09 19:00:00,35334.5,57.87,3134.0
2025-01-09 20:00:00,31361.8,55.56,1748.5
2025-01-09 21:00:00,28087.5,41.66,496.0
2025-01-09 22:00:00,26286.2,37.67,532.0
2025-01-09 23:00:00,23583.0,36.72,626.0
2025-01-10 00:00:00,20351.3,25.41,420.5
2025-01-10 01:00:00,18804.3,32.86,112.5
2025-01-10 02:00:00,17538.4,24.31,151.0
2025-01-10 03:00:00,16126.5,25.37,76.0
2025-01-10 04:00:00,17462.6,29.61,110.0
2025-01-10 05:00:00,21219.6,35.72,49.0
2025-01-10 06:00:00,25363.8,47.84,57.5
2025-01-10 07:00:00,29290.4,51.31,57.5
2025-01-10 08:00:00,30645.0,55.84,68.5
2025-01-10 09:00:00,30758.5,49.38,1166.0
2025-01-10 10:00:00,30130.2,49.13,2317.5
2025-01-10 11:00:00,26473.2,29.48,2851.0
2025-01-10 12:00:00,24980.5,32.96,2981.5
2025-01-10 13:00:00,25086.4,38.64,2824.5
2025-01-10 14:00:00,26794.3,40.58,2199.5
2025-01-10 15:00:00,28825.4,44.67,1326.0
2025-01-10 16:00:00,31967.7,59.68,356.0
2025-01-10 17:00:00,34874.7,61.84,255.0
2025-01-10 18:00:00,35536.3,70.86,106.5
2025-01-10 19:00:00,34527.6,65.88,202.0
2025-01-10 20:00:00,32316.7,59.1,638.0
2025-01-10 21:00:00,28827.4,56.96,661.5
2025-01-10 22:00:00,26525.0,46.35,734.5
2025-01-10 23:00:00,23676.2,33.9,751.5
2025-01-11 00:00:00,17962.8,28.95,437.5
2025-01-11 01:00:00,16352.6,23.71,641.5
2025-01-11 02:00:00,15337.8,23.73,117.5
2025-01-11 03:00:00,14104.4,23.38,100.5
2025-01-11 04:00:00,14998.0,26.03,135.5
2025-01-11 05:00:00,17897.9,24.77,69.5
2025-01-11 06:00:00,21898.6,37.94,2.5
2025-01-11 07:00:00,26626.0,46.96,2.5
2025-01-11 08:00:00,28275.5,52.06,45.5
2025-01-11 09:00:00,27906.2,45.88,1536.0
2025-01-11 10:00:00,25879.7,34.46,2668.5
2025-01-11 11:00:00,23983.9,19.56,4448.5
2025-01-11 12:00:00,21358.9,17.82,4716.5
2025-01-11 13:00:00,22031.5,26.35,4346.5
2025-01-11 14:00:00,22439.1,20.34,3780.0
2025-01-11 15:00:00,24911.8,40.4,3090.0
2025-01-11 16:00:00,28184.9,41.52,1168.5
2025-01-11 17:00:00,30833.6,56.08,663.5
2025-01-11 18:00:00,30635.1,51.8,870.5
2025-01-11 19:00:00,30032.3,53.48,652.5
2025-01-11 20:00:00,27951.6,51.71,913.0
2025-01-11 21:00:00,24911.7,46.13,949.5
2025-01-11 22:00:00,22622.1,40.88,1841.0
2025-01-11 23:00:00,21493.5,25.78,2241.0
2025-01-12 00:00:00,17747.6,22.0,1637.0
2025-01-12 01:00:00,16416.7,22.31,770.0
2025-01-12 02:00:00,14904.0,17.61,1130.0
2025-01-12 03:00:00,14172.4,21.57,872.5
2025-01-12 04:00:00,14681.6,23.44,1227.5
2025-01-12 05:00:00,17817.7,19.08,1134.5
2025-01-12 06:00:00,22004.1,31.68,849.0
2025-01-12 07:00:00,25488.9,43.14,727.5
2025-01-12 08:00:00,28472.5,50.11,703.0
2025-01-12 09:00:00,27086.8,48.86,1771.5
2025-01-12 10:00:00,25509.8,29.01,2739.0
2025-01-12 11:00:00,23561.5,24.23,3722.5
2025-01-12 12:00:00,22095.0,26.89,4135.0
2025-01-12 13:00:00,21975.1,20.92,3802.0
2025-01-12 14:00:00,22896.7,30.15,3592.0
2025-01-12 15:00:00,25489.8,35.68,2332.5
2025-01-12 16:00:00,27637.5,46.13,1241.5
2025-01-12 17:00:00,30653.6,56.55,957.0
2025-01-12 18:00:00,31559.6,52.48,2117.0
2025-01-12 19:00:00,30914.6,48.44,2455.0
2025-01-12 20:00:00,27179.5,45.54,2987.5
2025-01-12 21:00:00,24612.0,31.69,3806.0
2025-01-12 22:00:00,22584.6,33.94,4025.0
2025-01-12 23:00:00,19603.6,20.67,5149.0
2025-01-13 00:00:00,20396.0,20.6,4848.0
2025-01-13 01:00:00,19359.2,27.08,4244.0
2025-01-13 02:00:00,17298.0,19.13,3396.5
2025-01-13 03:00:00,16244.0,16.16,4247.0
2025-01-13 04:00:00,16819.9,10.55,3921.0
2025-01-13 05:00:00,20153.1,19.58,4571.5
2025-01-13 06:00:00,24904.9,39.01,4730.0
2025-01-13 07:00:00,29163.7,43.15,5083.0
2025-01-13 08:00:00,31389.7,53.22,4430.5
2025-01-13 09:00:00,31314.3,43.85,5026.5
2025-01-13 10:00:00,29212.9,36.14,5875.5
2025-01-13 11:00:00,27544.6,36.42,6622.5
2025-01-13 12:00:00,24881.8,23.2,7525.0
2025-01-13 13:00:00,24880.5,29.05,7322.5
2025-01-13 14:00:00,25891.1,24.47,7155.0
2025-01-13 15:00:00,28553.0,36.98,5268.0
2025-01-13 16:00:00,31227.8,45.45,4145.5
2025-01-13 17:00:00,33893.7,57.85,3555.0
2025-01-13 18:00:00,35097.7,56.32,2580.5
2025-01-13 19:00:00,34797.6,64.54,3544.5
2025-01-13 20:00:00,32519.2,45.1,3888.5
2025-01-13 21:00:00,27876.3,46.55,1807.5
2025-01-13 22:00:00,25399.6,41.11,769.5
2025-01-13 23:00:00,22956.2,38.02,1477.5
2025-01-14 00:00:00,20140.0,28.77,1030.5
2025-01-14 01:00:00,19338.5,31.88,713.0
2025-01-14 02:00:00,17309.3,28.6,611.0
2025-01-14 03:00:00,16316.5,26.45,934.0
2025-01-14 04:00:00,17445.7,33.07,1344.5
2025-01-14 05:00:00,20424.9,30.11,2105.5
2025-01-14 06:00:00,24771.9,34.87,3731.0
2025-01-14 07:00:00,29497.2,47.12,2799.0
2025-01-14 08:00:00,31306.0,44.56,3296.5
2025-01-14 09:00:00,31599.2,51.46,3894.0
2025-01-14 10:00:00,29525.7,33.37,5639.5
2025-01-14 11:00:00,26207.8,31.82,6383.5
2025-01-14 12:00:00,25062.8,20.87,6176.5
2025-01-14 13:00:00,24676.8,19.84,4996.5
2025-01-14 14:00:00,26296.2,24.27,3785.0
2025-01-14 15:00:00,29129.0,48.02,2862.5
2025-01-14 16:00:00,32234.5,62.41,1216.0
2025-01-14 17:00:00,34508.9,63.85,990.0
2025-01-14 18:00:00,36198.0,62.44,540.5
2025-01-14 19:00:00,34202.8,57.7,513.0
2025-01-14 20:00:00,31327.8,54.52,587.5
2025-01-14 21:00:00,27235.5,50.28,1252.5
2025-01-14 22:00:00,25550.3,42.16,1057.5
2025-01-14 23:00:00,23117.7,31.5,1307.0
2025-01-15 00:00:00,20313.2,26.1,2242.0
2025-01-15 01:00:00,18443.6,26.94,2145.5
2025-01-15 02:00:00,17233.6,25.57,3616.0
2025-01-15 03:00:00,16421.0,21.01,3827.5
2025-01-15 04:00:00,16786.5,15.81,3706.5
2025-01-15 05:00:00,20382.4,25.73,4212.5
2025-01-15 06:00:00,24814.5,40.89,3521.0
2025-01-15 07:00:00,29372.7,47.41,2841.5
2025-01-15 08:00:00,31939.2,44.99,3411.0
2025-01-15 09:00:00,31806.7,43.28,4548.0
2025-01-15 10:00:00,29300.1,22.73,5498.5
2025-01-15 11:00:00,26393.9,28.02,6354.0
2025-01-15 12:00:00,24791.7,27.92,6518.0
2025-01-15 13:00:00,24922.8,29.98,6360.0
2025-01-15 14:00:00,25648.7,28.51,5508.0
2025-01-15 15:00:00,28654.5,35.98,4417.5
2025-01-15 16:00:00,31776.9,50.63,3362.0
2025-01-15 17:00:00,34565.9,57.5,3636.5
2025-01-15 18:00:00,35110.1,59.56,5392.0
2025-01-15 19:00:00,33648.3,52.37,5600.0
2025-01-15 20:00:00,32166.8,40.68,5600.0
2025-01-15 21:00:00,28980.9,44.42,5600.0
2025-01-15 22:00:00,24855.9,24.41,5574.5
2025-01-15 23:00:00,23503.7,30.35,5600.0
2025-01-16 00:00:00,20492.0,30.28,5600.0
2025-01-16 01:00:00,19148.5,13.56,5600.0
2025-01-16 02:00:00,17269.4,15.94,5600.0
2025-01-16 03:00:00,16052.6,13.62,5600.0
2025-01-16 04:00:00,17046.6,16.01,5600.0
2025-01-16 05:00:00,20304.7,26.29,5600.0
2025-01-16 06:00:00,25024.3,29.9,5600.0
2025-01-16 07:00:00,29266.6,44.49,5600.0
2025-01-16 08:00:00,31098.7,44.14,5655.0
2025-01-16 09:00:00,31513.0,40.26,7113.0
2025-01-16 10:00:00,29424.7,25.59,7672.5
2025-01-16 11:00:00,26763.0,29.45,7628.5
2025-01-16 12:00:00,24969.6,19.49,8111.0
2025-01-16 13:00:00,25273.1,23.01,8026.5
2025-01-16 14:00:00,25767.5,29.85,7063.0
2025-01-16 15:00:00,29242.3,35.16,6471.5
2025-01-16 16:00:00,31565.6,47.74,4449.0
2025-01-16 17:00:00,35145.9,49.74,4072.0
2025-01-16 18:00:00,36258.3,62.72,2927.0
2025-01-16 19:00:00,34409.1,63.86,2926.5
2025-01-16 20:00:00,32666.7,53.13,3441.0
2025-01-16 21:00:00,28728.3,40.02,4198.5
2025-01-16 22:00:00,25170.9,40.37,3905.5
2025-01-16 23:00:00,23210.5,27.23,3560.0
2025-01-17 00:00:00,20477.1,24.28,3883.0
2025-01-17 01:00:00,19213.6,21.81,3672.5
2025-01-17 02:00:00,17077.3,24.93,3175.5
2025-01-17 03:00:00,16225.4,21.5,2631.5
2025-01-17 04:00:00,17053.0,21.75,1707.0
2025-01-17 05:00:00,20046.3,28.49,1648.0
2025-01-17 06:00:00,25834.5,41.38,2660.5
2025-01-17 07:00:00,29405.8,48.87,2727.5
2025-01-17 08:00:00,31536.7,52.44,2956.5
2025-01-17 09:00:00,31827.4,41.27,5256.5
2025-01-17 10:00:00,29015.9,36.52,6745.0
2025-01-17 11:00:00,27046.4,32.0,7015.0
2025-01-17 12:00:00,24269.1,25.47,6781.5
2025-01-17 13:00:00,24448.8,25.7,6542.5
2025-01-17 14:00:00,26381.9,39.48,5254.0
2025-01-17 15:00:00,29323.8,39.56,3376.5
2025-01-17 16:00:00,31500.8,51.31,1889.0
2025-01-17 17:00:00,34059.8,52.89,2281.5
2025-01-17 18:00:00,35850.4,59.06,3447.0
2025-01-17 19:00:00,34188.2,51.06,3587.5
2025-01-17 20:00:00,31698.0,57.1,3347.5
2025-01-17 21:00:00,28860.5,46.96,3134.0
2025-01-17 22:00:00,25261.6,34.8,4228.5
2025-01-17 23:00:00,22620.4,26.5,4020.5
2025-01-18 00:00:00,17149.7,14.51,3883.0
2025-01-18 01:00:00,16465.2,17.56,3258.0
2025-01-18 02:00:00,14652.8,23.35,2978.0
2025-01-18 03:00:00,14061.4,21.54,2297.5
2025-01-18 04:00:00,14460.3,18.53,3351.0
2025-01-18 05:00:00,17979.2,12.68,3788.5
2025-01-18 06:00:00,22379.5,30.87,3682.5
2025-01-18 07:00:00,25051.3,35.85,3684.5
2025-01-18 08:00:00,27526.6,34.67,5684.0
2025-01-18 09:00:00,26771.6,29.24,7184.5
2025-01-18 10:00:00,25227.1,16.08,8437.0
2025-01-18 11:00:00,23771.3,13.09,8353.0
2025-01-18 12:00:00,21471.9,4.31,9495.5
2025-01-18 13:00:00,21292.1,6.95,8520.0
2025-01-18 14:00:00,22243.6,1.15,7731.0
2025-01-18 15:00:00,25315.0,29.44,5702.0
2025-01-18 16:00:00,26330.4,39.41,4869.0
2025-01-18 17:00:00,29788.4,41.71,4516.5
2025-01-18 18:00:00,30858.8,52.26,4406.0
2025-01-18 19:00:00,29681.8,40.2,4993.0
2025-01-18 20:00:00,28005.2,34.33,5411.0
2025-01-18 21:00:00,25191.7,38.26,5269.0
2025-01-18 22:00:00,21656.4,23.56,5573.0
2025-01-18 23:00:00,20882.8,25.76,5276.0
2025-01-19 00:00:00,17091.0,10.75,5240.5
2025-01-19 01:00:00,16754.8,15.68,5165.0
2025-01-19 02:00:00,15084.5,14.81,3578.5
2025-01-19 03:00:00,14000.0,13.45,3028.5
2025-01-19 04:00:00,14655.1,15.97,2518.5
2025-01-19 05:00:00,17511.5,24.47,2422.0
2025-01-19 06:00:00,21709.4,34.13,1880.5
2025-01-19 07:00:00,25064.9,44.03,1321.5
2025-01-19 08:00:00,27282.3,37.54,1457.0
2025-01-19 09:00:00,26807.1,42.15,3852.5
2025-01-19 10:00:00,24844.0,25.37,4750.5
2025-01-19 11:00:00,22825.8,16.34,5811.5
2025-01-19 12:00:00,21217.2,15.41,6373.0
2025-01-19 13:00:00,21216.0,8.08,8810.0
2025-01-19 14:00:00,22673.6,14.39,8664.0
2025-01-19 15:00:00,24893.4,22.76,7459.0
2025-01-19 16:00:00,28461.1,42.62,5315.0
2025-01-19 17:00:00,28948.2,36.43,4574.0
2025-01-19 18:00:00,31049.0,48.08,4821.0
2025-01-19 19:00:00,29935.3,43.85,4224.5
2025-01-19 20:00:00,27941.8,32.91,4823.5
2025-01-19 21:00:00,24972.5,39.33,4645.5
2025-01-19 22:00:00,22035.9,28.34,3978.5
2025-01-19 23:00:00,20267.8,30.37,4024.0
2025-01-20 00:00:00,19817.4,27.58,4326.5
2025-01-20 01:00:00,19036.5,22.71,2935.5
2025-01-20 02:00:00,16785.0,27.37,2271.5
2025-01-20 03:00:00,16372.1,20.62,2277.0
2025-01-20 04:00:00,16915.9,19.84,2318.0
2025-01-20 05:00:00,19959.0,23.64,2906.5
2025-01-20 06:00:00,24749.0,33.81,3236.5
2025-01-20 07:00:00,29096.8,51.48,1512.0
2025-01-20 08:00:00,32030.2,53.05,1291.0
2025-01-20 09:00:00,32632.6,51.61,3115.5
2025-01-20 10:00:00,29571.1,35.71,4392.0
2025-01-20 11:00:00,26294.6,30.36,5616.0
2025-01-20 12:00:00,25009.8,22.46,5351.0
2025-01-20 13:00:00,24748.9,22.7,5392.5
2025-01-20 14:00:00,25493.3,28.24,4501.0
2025-01-20 15:00:00,27976.2,41.06,3052.0
2025-01-20 16:00:00,31691.8,55.89,1143.5
2025-01-20 17:00:00,34775.8,59.03,943.5
2025-01-20 18:00:00,34526.6,70.81,805.5
2025-01-20 19:00:00,33978.3,65.14,457.0
2025-01-20 20:00:00,31949.9,61.59,664.5
2025-01-20 21:00:00,28371.0,54.96,746.0
2025-01-20 22:00:00,25889.2,44.21,602.0
2025-01-20 23:00:00,22707.7,40.26,1377.5
2025-01-21 00:00:00,20713.8,36.37,2283.5
2025-01-21 01:00:00,18397.1,29.76,3268.5
2025-01-21 02:00:00,16718.4,21.11,4729.5
2025-01-21 03:00:00,16142.4,14.89,4803.5
2025-01-21 04:00:00,16606.3,22.7,4685.0
2025-01-21 05:00:00,20060.9,20.43,3968.5
2025-01-21 06:00:00,24767.1,31.11,4861.5
2025-01-21 07:00:00,29032.7,36.43,3260.5
2025-01-21 08:00:00,30970.4,51.96,1686.0
2025-01-21 09:00:00,31273.1,43.89,3742.0
2025-01-21 10:00:00,28853.6,32.94,5027.0
2025-01-21 11:00:00,26913.9,24.4,6691.5
2025-01-21 12:00:00,24667.8,16.18,6577.0
2025-01-21 13:00:00,24107.0,23.16,6221.5
2025-01-21 14:00:00,25155.9,23.38,6258.0
2025-01-21 15:00:00,28394.7,37.3,4201.0
2025-01-21 16:00:00,31066.4,44.46,3176.0
2025-01-21 17:00:00,33608.0,51.93,3026.0
2025-01-21 18:00:00,35602.9,55.1,3679.0
2025-01-21 19:00:00,33378.4,57.8,2993.5
2025-01-21 20:00:00,32295.2,64.3,3390.5
2025-01-21 21:00:00,28374.1,46.09,3097.0
2025-01-21 22:00:00,25292.0,41.06,3493.0
2025-01-21 23:00:00,22800.9,34.99,4041.0
2025-01-22 00:00:00,20202.8,23.09,2142.5
2025-01-22 01:00:00,18798.6,30.38,2823.0
2025-01-22 02:00:00,17036.6,23.86,2370.0
2025-01-22 03:00:00,16177.5,26.71,1788.0
2025-01-22 04:00:00,16439.3,16.21,2859.0
2025-01-22 05:00:00,19546.8,26.04,3885.0
2025-01-22 06:00:00,24336.3,37.93,3850.0
2025-01-22 07:00:00,29220.9,43.75,4401.5
2025-01-22 08:00:00,31311.7,43.22,4360.5
2025-01-22 09:00:00,31506.5,36.18,5146.5
2025-01-22 10:00:00,28542.8,35.16,6294.5
2025-01-22 11:00:00,26658.3,27.39,6869.0
2025-01-22 12:00:00,24650.3,19.29,5971.5
2025-01-22 13:00:00,24073.7,26.32,5477.0
2025-01-22 14:00:00,25914.1,28.82,4110.5
2025-01-22 15:00:00,28391.5,38.2,2511.5
2025-01-22 16:00:00,31317.0,54.6,2084.0
2025-01-22 17:00:00,34265.7,54.09,1213.0
2025-01-22 18:00:00,35194.7,63.75,1433.5
2025-01-22 19:00:00,34155.5,53.55,1452.0
2025-01-22 20:00:00,31376.0,48.3,2221.5
2025-01-22 21:00:00,27704.8,43.48,2409.5
2025-01-22 22:00:00,25293.8,45.7,1116.5
2025-01-22 23:00:00,22842.5,27.81,1686.5
2025-01-23 00:00:00,19633.6,33.41,1365.0
2025-01-23 01:00:00,18698.7,33.66,1222.0
2025-01-23 02:00:00,17372.8,26.41,1465.5
2025-01-23 03:00:00,16145.7,21.85,1570.5
2025-01-23 04:00:00,16701.2,23.76,1519.0
2025-01-23 05:00:00,19831.7,24.81,1326.5
2025-01-23 06:00:00,24944.4,41.82,1108.5
2025-01-23 07:00:00,27974.3,50.31,817.0
2025-01-23 08:00:00,31632.2,71.18,995.5
2025-01-23 09:00:00,30093.6,50.98,2874.0
2025-01-23 10:00:00,28278.0,32.14,5723.0
2025-01-23 11:00:00,26180.5,22.33,5984.0
2025-01-23 12:00:00,25451.5,22.3,7514.0
2025-01-23 13:00:00,24989.7,20.59,7209.0
2025-01-23 14:00:00,25992.6,29.39,5972.5
2025-01-23 15:00:00,28521.5,32.43,5574.5
2025-01-23 16:00:00,30678.2,39.04,4672.0
2025-01-23 17:00:00,34264.4,56.5,4315.5
2025-01-23 18:00:00,34911.3,52.74,5003.0
2025-01-23 19:00:00,33755.7,54.26,4065.0
2025-01-23 20:00:00,31589.1,42.68,5281.5
2025-01-23 21:00:00,28009.0,44.4,5237.5
2025-01-23 22:00:00,25550.0,28.48,5600.0
2025-01-23 23:00:00,22410.1,30.81,5600.0
2025-01-24 00:00:00,19925.2,21.79,5600.0
2025-01-24 01:00:00,18485.6,18.68,5294.0
2025-01-24 02:00:00,17047.2,18.88,4569.5
2025-01-24 03:00:00,16145.2,17.49,3566.5
2025-01-24 04:00:00,16523.4,16.63,4159.5
2025-01-24 05:00:00,20016.3,25.74,3872.5
2025-01-24 06:00:00,24585.6,33.6,3765.0
2025-01-24 07:00:00,28678.1,46.48,3340.0
2025-01-24 08:00:00,30981.7,55.01,3217.0
2025-01-24 09:00:00,30836.5,51.47,5502.5
2025-01-24 10:00:00,28507.1,34.84,6579.5
2025-01-24 11:00:00,26339.3,24.29,7960.0
2025-01-24 12:00:00,24502.0,7.96,8414.0
2025-01-24 13:00:00,24109.2,13.43,9232.0
2025-01-24 14:00:00,26285.9,23.4,6452.0
2025-01-24 15:00:00,28495.0,27.76,6429.0
2025-01-24 16:00:00,31322.0,52.11,4408.0
2025-01-24 17:00:00,34197.0,47.82,4297.0
2025-01-24 18:00:00,34596.6,50.56,5065.0
2025-01-24 19:00:00,33889.2,46.95,4224.5
2025-01-24 20:00:00,31308.1,48.85,3953.0
2025-01-24 21:00:00,27630.9,46.57,3917.0
2025-01-24 22:00:00,25321.9,34.03,2858.5
2025-01-24 23:00:00,22864.0,31.53,2973.5
2025-01-25 00:00:00,17191.2,25.74,2727.0
2025-01-25 01:00:00,16128.4,27.34,1818.0
2025-01-25 02:00:00,15556.2,21.84,1381.5
2025-01-25 03:00:00,14000.0,13.85,1113.5
2025-01-25 04:00:00,14140.4,18.44,911.0
2025-01-25 05:00:00,16923.1,22.81,1400.5
2025-01-25 06:00:00,21662.0,32.3,1258.0
2025-01-25 07:00:00,25657.2,36.66,1746.5
2025-01-25 08:00:00,26818.3,45.85,2201.0
2025-01-25 09:00:00,27355.2,35.95,3397.0
2025-01-25 10:00:00,25322.3,19.69,4595.0
2025-01-25 11:00:00,22805.3,22.46,5088.5
2025-01-25 12:00:00,21283.0,23.67,5161.5
2025-01-25 13:00:00,21187.3,18.99,4506.5
2025-01-25 14:00:00,22588.1,19.28,3674.0
2025-01-25 15:00:00,24738.1,43.13,2337.0
2025-01-25 16:00:00,27079.0,46.7,554.0
2025-01-25 17:00:00,29554.0,56.99,146.0
2025-01-25 18:00:00,31420.1,56.06,131.0
2025-01-25 19:00:00,29734.7,51.51,88.5
2025-01-25 20:00:00,27675.0,52.55,300.0
2025-01-25 21:00:00,24649.7,38.67,487.0
2025-01-25 22:00:00,21951.9,34.59,797.5
2025-01-25 23:00:00,20039.2,30.5,1463.0
2025-01-26 00:00:00,17482.7,31.54,1190.0
2025-01-26 01:00:00,16411.3,18.81,827.0
2025-01-26 02:00:00,14925.6,26.62,561.0
2025-01-26 03:00:00,14000.0,23.4,590.5
2025-01-26 04:00:00,14649.8,24.43,377.0
2025-01-26 05:00:00,17288.8,30.83,195.5
2025-01-26 06:00:00,21278.6,31.54,187.5
2025-01-26 07:00:00,26114.0,39.95,470.5
2025-01-26 08:00:00,26419.6,37.11,881.0
2025-01-26 09:00:00,27174.5,37.04,2728.0
2025-01-26 10:00:00,24672.6,29.21,3842.0
2025-01-26 11:00:00,22871.7,17.57,4327.5
2025-01-26 12:00:00,22147.5,21.7,4755.0
2025-01-26 13:00:00,20785.3,15.22,4998.5
2025-01-26 14:00:00,22010.7,22.35,3920.5
2025-01-26 15:00:00,24538.4,34.87,3099.0
2025-01-26 16:00:00,26957.8,44.9,1313.5
2025-01-26 17:00:00,29967.4,46.04,1839.0
2025-01-26 18:00:00,30211.1,59.69,1073.0
2025-01-26 19:00:00,29856.8,55.36,749.5
2025-01-26 20:00:00,26723.2,41.09,1091.5
2025-01-26 21:00:00,23743.7,38.0,1387.0
2025-01-26 22:00:00,21745.8,33.07,2508.5
2025-01-26 23:00:00,19498.7,21.55,3016.0
2025-01-27 00:00:00,20240.2,32.25,2611.0
2025-01-27 01:00:00,18198.6,20.04,2584.5
2025-01-27 02:00:00,16789.5,28.05,3003.5
2025-01-27 03:00:00,16079.5,23.35,3001.5
2025-01-27 04:00:00,16562.4,17.88,2857.5
2025-01-27 05:00:00,19401.3,23.27,2361.0
2025-01-27 06:00:00,25274.3,40.15,2611.0
2025-01-27 07:00:00,28367.6,39.36,3000.0
2025-01-27 08:00:00,30933.0,48.61,3113.0
2025-01-27 09:00:00,30635.9,40.52,5133.0
2025-01-27 10:00:00,28980.7,32.55,6532.0
2025-01-27 11:00:00,26368.2,27.54,7002.5
2025-01-27 12:00:00,24161.3,22.33,7011.0
2025-01-27 13:00:00,24075.7,22.53,7064.5
2025-01-27 14:00:00,25440.6,26.92,5875.0
2025-01-27 15:00:00,28473.8,39.12,4075.0
2025-01-27 16:00:00,30774.7,47.09,2723.5
2025-01-27 17:00:00,34955.3,53.04,1925.5
2025-01-27 18:00:00,34540.0,59.06,2872.0
2025-01-27 19:00:00,33914.1,50.03,3833.0
2025-01-27 20:00:00,30735.8,48.95,3832.5
2025-01-27 21:00:00,27452.1,32.81,3487.5
2025-01-27 22:00:00,24704.1,30.85,3756.0
2025-01-27 23:00:00,22574.1,28.7,3561.0
2025-01-28 00:00:00,19627.3,39.3,3414.0
2025-01-28 01:00:00,18315.9,20.12,3416.5
2025-01-28 02:00:00,17198.5,18.01,3922.5
2025-01-28 03:00:00,15761.2,17.11,3906.0
2025-01-28 04:00:00,16452.5,21.81,3820.0
2025-01-28 05:00:00,19697.1,22.47,3720.0
2025-01-28 06:00:00,24839.4,29.12,3235.5
2025-01-28 07:00:00,28835.5,38.46,3579.0
2025-01-28 08:00:00,30916.2,46.92,3535.5
2025-01-28 09:00:00,30011.7,45.9,5060.0
2025-01-28 10:00:00,28127.4,25.18,6661.5
2025-01-28 11:00:00,25633.2,23.92,7583.0
2025-01-28 12:00:00,24894.5,16.93,7611.0
2025-01-28 13:00:00,24337.8,17.8,7261.5
2025-01-28 14:00:00,25147.3,17.59,6619.0
2025-01-28 15:00:00,27863.4,36.9,4898.0
2025-01-28 16:00:00,30874.1,51.18,3282.5
2025-01-28 17:00:00,33410.5,49.52,2635.0
2025-01-28 18:00:00,35108.9,56.11,2896.0
2025-01-28 19:00:00,33704.8,56.17,2889.0
2025-01-28 20:00:00,32192.2,56.11,2690.0
2025-01-28 21:00:00,28465.5,55.4,3014.5
2025-01-28 22:00:00,25473.2,36.96,2727.0
2025-01-28 23:00:00,23092.1,23.12,2893.0
2025-01-29 00:00:00,19584.7,23.48,3410.0
2025-01-29 01:00:00,18717.2,26.12,3155.5
2025-01-29 02:00:00,16897.3,23.27,2953.0
2025-01-29 03:00:00,16305.1,20.73,2202.0
2025-01-29 04:00:00,16742.9,17.36,2500.5
2025-01-29 05:00:00,19851.2,29.47,2736.0
2025-01-29 06:00:00,24471.4,37.62,2930.0
2025-01-29 07:00:00,29432.9,50.64,1980.5
2025-01-29 08:00:00,30234.7,44.9,3083.0
2025-01-29 09:00:00,31452.3,49.53,3750.0
2025-01-29 10:00:00,28479.7,35.43,5076.5
2025-01-29 11:00:00,25530.8,23.25,6373.5
2025-01-29 12:00:00,24091.1,24.6,6460.0
2025-01-29 13:00:00,23499.6,17.65,6489.5
2025-01-29 14:00:00,25673.8,30.77,5725.5
2025-01-29 15:00:00,27607.1,34.11,4480.0
2025-01-29 16:00:00,31276.2,45.02,3252.5
2025-01-29 17:00:00,34366.2,58.16,2822.0
2025-01-29 18:00:00,34446.1,50.27,2581.5
2025-01-29 19:00:00,33645.8,58.34,2740.0
2025-01-29 20:00:00,30544.8,56.85,1723.0
2025-01-29 21:00:00,27721.9,55.62,2255.0
2025-01-29 22:00:00,25894.0,45.77,2332.5
2025-01-29 23:00:00,23081.4,44.0,1925.5
2025-01-30 00:00:00,19590.4,71.89,1086.0
2025-01-30 01:00:00,18342.2,56.86,843.0
2025-01-30 02:00:00,16939.8,45.91,1799.0
2025-01-30 03:00:00,15913.6,67.63,1392.5
2025-01-30 04:00:00,16502.8,59.19,1567.5
2025-01-30 05:00:00,19888.9,74.2,1187.0
2025-01-30 06:00:00,24025.2,77.93,1192.0
2025-01-30 07:00:00,28212.7,80.86,1602.0
2025-01-30 08:00:00,31005.8,74.83,2745.5
2025-01-30 09:00:00,30008.9,79.75,4102.5
2025-01-30 10:00:00,28811.4,65.91,5320.5
2025-01-30 11:00:00,26020.8,52.62,5630.5
2025-01-30 12:00:00,23648.4,71.85,5617.0
2025-01-30 13:00:00,24085.4,59.21,5437.5
2025-01-30 14:00:00,24730.1,69.78,5588.0
2025-01-30 15:00:00,28276.3,75.69,4869.5
2025-01-30 16:00:00,31015.9,76.66,3287.5
2025-01-30 17:00:00,34657.0,114.12,3272.5
2025-01-30 18:00:00,35282.2,96.96,3136.5
2025-01-30 19:00:00,33174.7,93.25,4182.0
2025-01-30 20:00:00,30146.4,87.86,3767.5
2025-01-30 21:00:00,27510.8,88.78,4126.0
2025-01-30 22:00:00,24423.5,91.98,3869.5
2025-01-30 23:00:00,23391.0,61.83,5525.0
2025-01-31 00:00:00,19623.4,23.65,4489.0
2025-01-31 01:00:00,18731.2,24.58,3623.0
2025-01-31 02:00:00,16842.1,12.38,3349.5
2025-01-31 03:00:00,15805.9,14.27,3948.0
2025-01-31 04:00:00,16563.6,25.12,3739.0
2025-01-31 05:00:00,20016.7,31.06,3501.5
2025-01-31 06:00:00,24435.4,34.92,3491.5
2025-01-31 07:00:00,28110.0,38.67,3666.5
2025-01-31 08:00:00,31517.5,50.96,4246.0
2025-01-31 09:00:00,30345.2,33.25,5059.5
2025-01-31 10:00:00,28244.5,33.86,6294.5
2025-01-31 11:00:00,24868.5,23.2,6633.5
2025-01-31 12:00:00,24494.0,18.91,7197.0
2025-01-31 13:00:00,24030.9,26.56,6130.0
2025-01-31 14:00:00,25355.1,31.11,5641.5
2025-01-31 15:00:00,27756.7,39.23,5081.0
2025-01-31 16:00:00,30797.5,53.73,4004.5
2025-01-31 17:00:00,33462.1,51.86,3847.5
2025-01-31 18:00:00,34890.7,55.97,3357.0
2025-01-31 19:00:00,33961.5,56.27,3490.0
2025-01-31 20:00:00,30914.8,56.73,3698.5
2025-01-31 21:00:00,28161.8,35.85,3990.0
2025-01-31 22:00:00,24796.7,34.69,3408.5
2025-01-31 23:00:00,22547.0,28.64,3864.0
2025-02-01 00:00:00,17088.4,21.83,3875.0
2025-02-01 01:00:00,15709.0,12.2,3799.5
2025-02-01 02:00:00,14734.7,16.04,3422.5
2025-02-01 03:00:00,14000.0,21.19,3525.5
2025-02-01 04:00:00,14164.1,9.67,3277.5
2025-02-01 05:00:00,16575.2,16.14,3356.5
2025-02-01 06:00:00,21058.3,29.8,3311.0
2025-02-01 07:00:00,25394.2,42.23,3307.0
2025-02-01 08:00:00,26663.4,40.26,3531.5
2025-02-01 09:00:00,26714.3,38.16,4760.0
2025-02-01 10:00:00,25558.9,31.58,5700.5
2025-02-01 11:00:00,22681.9,14.94,5801.0
2025-02-01 12:00:00,20821.0,15.96,5330.0
2025-02-01 13:00:00,20633.6,9.56,4681.5
2025-02-01 14:00:00,21978.1,27.81,3076.5
2025-02-01 15:00:00,24011.9,42.93,2027.0
2025-02-01 16:00:00,26742.2,42.93,769.5
2025-02-01 17:00:00,29642.1,52.1,393.0
2025-02-01 18:00:00,30542.6,51.45,824.5
2025-02-01 19:00:00,28480.7,56.08,948.5
2025-02-01 20:00:00,26600.0,48.96,761.5
2025-02-01 21:00:00,23936.4,39.82,573.5
2025-02-01 22:00:00,21745.2,30.29,768.5
2025-02-01 23:00:00,20060.4,29.37,1704.5
2025-02-02 00:00:00,17688.7,20.59,1950.5
2025-02-02 01:00:00,15888.5,21.2,1773.0
2025-02-02 02:00:00,14559.3,20.05,1490.5
2025-02-02 03:00:00,14000.0,15.06,1296.5
2025-02-02 04:00:00,14206.9,18.21,948.0
2025-02-02 05:00:00,17018.6,29.89,941.5
2025-02-02 06:00:00,20935.5,31.46,883.0
2025-02-02 07:00:00,23767.4,46.46,1000.0
2025-02-02 08:00:00,26700.0,47.17,941.5
2025-02-02 09:00:00,26327.7,41.0,1925.0
2025-02-02 10:00:00,25102.4,35.56,2712.0
2025-02-02 11:00:00,22496.8,15.51,3499.5
2025-02-02 12:00:00,20620.3,22.91,4180.5
2025-02-02 13:00:00,20702.7,24.9,3975.0
2025-02-02 14:00:00,21241.0,26.12,3415.5
2025-02-02 15:00:00,23748.7,27.03,2601.5
2025-02-02 16:00:00,27164.4,47.78,1009.0
2025-02-02 17:00:00,29037.1,47.83,385.5
2025-02-02 18:00:00,30427.9,57.12,847.0
2025-02-02 19:00:00,28277.3,52.01,928.5
2025-02-02 20:00:00,26772.7,44.91,849.0
2025-02-02 21:00:00,23878.9,41.92,614.0
2025-02-02 22:00:00,21811.8,37.25,877.5
2025-02-02 23:00:00,19876.8,37.35,842.5
2025-02-03 00:00:00,19683.3,34.12,604.0
2025-02-03 01:00:00,18773.5,26.61,360.0
2025-02-03 02:00:00,16708.8,19.27,211.0
2025-02-03 03:00:00,16058.2,31.33,94.0
2025-02-03 04:00:00,16203.3,20.37,71.0
2025-02-03 05:00:00,19241.4,27.44,59.5
2025-02-03 06:00:00,24432.2,41.24,74.0
2025-02-03 07:00:00,27732.0,47.91,233.5
2025-02-03 08:00:00,30826.0,47.5,732.5
2025-02-03 09:00:00,30321.7,48.61,1780.0
2025-02-03 10:00:00,28703.3,36.66,2427.5
2025-02-03 11:00:00,25774.5,35.25,2897.5
2025-02-03 12:00:00,24121.4,30.51,3264.0
2025-02-03 13:00:00,24016.5,33.33,3181.0
2025-02-03 14:00:00,24898.3,35.15,2673.0
2025-02-03 15:00:00,27445.2,44.97,1878.0
2025-02-03 16:00:00,31077.8,48.27,793.5
2025-02-03 17:00:00,33409.4,58.14,269.5
2025-02-03 18:00:00,34208.5,62.56,303.0
2025-02-03 19:00:00,33373.1,64.12,749.0
2025-02-03 20:00:00,31552.4,56.69,652.5
2025-02-03 21:00:00,27398.0,46.38,958.5
2025-02-03 22:00:00,24485.9,44.86,484.5
2025-02-03 23:00:00,21989.2,29.49,303.5
2025-02-04 00:00:00,19437.9,27.34,565.5
2025-02-04 01:00:00,18487.1,30.87,333.0
2025-02-04 02:00:00,16972.8,26.67,530.5
2025-02-04 03:00:00,15731.9,26.13,424.5
2025-02-04 04:00:00,16658.4,25.22,1370.5
2025-02-04 05:00:00,19727.1,33.93,555.5
2025-02-04 06:00:00,24505.8,39.07,927.0
2025-02-04 07:00:00,28724.5,55.59,1111.5
2025-02-04 08:00:00,31210.6,48.37,1692.0
2025-02-04 09:00:00,30128.5,44.7,3020.0
2025-02-04 10:00:00,27622.5,36.99,3695.5
2025-02-04 11:00:00,25993.9,31.13,5381.5
2025-02-04 12:00:00,24326.8,21.83,4825.5
2025-02-04 13:00:00,24339.1,22.82,6147.0
2025-02-04 14:00:00,25572.1,35.45,4429.0
2025-02-04 15:00:00,28482.3,41.19,3301.5
2025-02-04 16:00:00,31072.9,51.82,2379.5
2025-02-04 17:00:00,33461.0,57.03,1726.5
2025-02-04 18:00:00,33625.5,59.46,1508.0
2025-02-04 19:00:00,33491.1,58.97,1540.0
2025-02-04 20:00:00,30489.0,55.37,1135.5
2025-02-04 21:00:00,27604.6,41.84,1406.5
2025-02-04 22:00:00,24623.4,41.13,953.0
2025-02-04 23:00:00,22674.2,37.66,1209.5
2025-02-05 00:00:00,19375.9,32.48,1699.5
2025-02-05 01:00:00,18519.5,30.74,1409.0
2025-02-05 02:00:00,16039.8,27.98,1699.0
2025-02-05 03:00:00,15713.9,22.65,1164.0
2025-02-05 04:00:00,16679.6,18.85,1289.5
2025-02-05 05:00:00,20013.0,31.17,1210.0
2025-02-05 06:00:00,24310.4,34.27,940.0
2025-02-05 07:00:00,28953.3,44.02,928.0
2025-02-05 08:00:00,30497.4,48.18,1964.0
2025-02-05 09:00:00,30135.3,45.12,3750.5
2025-02-05 10:00:00,28340.2,35.18,3469.0
2025-02-05 11:00:00,25675.5,37.03,4087.0
2025-02-05 12:00:00,23706.9,25.82,5163.5
2025-02-05 13:00:00,23539.5,29.49,5367.0
2025-02-05 14:00:00,24613.0,35.98,4855.5
2025-02-05 15:00:00,27828.1,42.76,4152.5
2025-02-05 16:00:00,30719.0,44.63,4198.5
2025-02-05 17:00:00,33087.9,50.2,3270.5
2025-02-05 18:00:00,33966.5,53.01,3020.0
2025-02-05 19:00:00,33510.1,54.71,3925.0
2025-02-05 20:00:00,31030.2,47.58,3677.5
2025-02-05 21:00:00,26986.7,34.66,4600.0
2025-02-05 22:00:00,24071.0,34.77,4886.5
2025-02-05 23:00:00,22783.2,30.84,5305.0
2025-02-06 00:00:00,18958.2,17.89,4783.0
2025-02-06 01:00:00,18369.0,19.73,4048.0
2025-02-06 02:00:00,17087.3,14.61,3372.0
2025-02-06 03:00:00,16011.1,18.84,3394.0
2025-02-06 04:00:00,16525.5,17.82,3316.5
2025-02-06 05:00:00,19626.5,29.91,3531.0
2025-02-06 06:00:00,24798.8,37.06,3301.5
2025-02-06 07:00:00,27185.1,38.97,3275.5
2025-02-06 08:00:00,30135.7,45.67,3892.5
2025-02-06 09:00:00,30444.0,40.16,4932.0
2025-02-06 10:00:00,27907.2,28.21,5967.0
2025-02-06 11:00:00,26091.3,25.44,6303.0
2025-02-06 12:00:00,23916.5,14.31,6736.0
2025-02-06 13:00:00,23712.5,19.98,6903.0
2025-02-06 14:00:00,24867.4,24.73,6710.0
2025-02-06 15:00:00,27326.9,37.38,5857.5
2025-02-06 16:00:00,30388.3,43.72,5320.5
2025-02-06 17:00:00,33322.5,46.5,5328.0
2025-02-06 18:00:00,33778.1,40.76,4362.0
2025-02-06 19:00:00,33652.4,48.77,4360.0
2025-02-06 20:00:00,30897.0,49.04,4328.5
2025-02-06 21:00:00,27837.7,47.47,3817.5
2025-02-06 22:00:00,24071.3,34.38,4035.5
2025-02-06 23:00:00,21836.3,26.96,3499.0
2025-02-07 00:00:00,19308.8,25.8,3650.0
2025-02-07 01:00:00,18965.0,13.61,3803.0
2025-02-07 02:00:00,16957.8,18.99,4148.0
2025-02-07 03:00:00,15463.4,17.76,4363.5
2025-02-07 04:00:00,16408.3,12.68,4955.5
2025-02-07 05:00:00,19583.8,28.74,4026.5
2025-02-07 06:00:00,23438.4,38.45,4126.0
2025-02-07 07:00:00,28679.8,48.61,2839.5
2025-02-07 08:00:00,30196.6,50.49,2322.5
2025-02-07 09:00:00,29946.8,28.59,3481.0
2025-02-07 10:00:00,27990.3,35.69,4646.5
2025-02-07 11:00:00,25990.7,30.62,5497.0
2025-02-07 12:00:00,23601.5,18.64,6491.0
2025-02-07 13:00:00,23003.2,24.07,5366.5
2025-02-07 14:00:00,25029.6,29.07,4698.0
2025-02-07 15:00:00,26632.9,33.92,4655.5
2025-02-07 16:00:00,30426.6,48.16,3854.5
2025-02-07 17:00:00,33695.5,54.5,3555.0
2025-02-07 18:00:00,34387.4,55.33,2701.5
2025-02-07 19:00:00,33614.1,56.56,2364.5
2025-02-07 20:00:00,30806.2,50.57,2207.0
2025-02-07 21:00:00,28306.6,48.97,1941.0
2025-02-07 22:00:00,24210.3,34.31,2273.5
2025-02-07 23:00:00,22486.0,38.53,2651.0
2025-02-08 00:00:00,16647.6,21.88,3063.0
2025-02-08 01:00:00,15998.9,23.75,3275.5
2025-02-08 02:00:00,14428.8,14.74,3096.5
2025-02-08 03:00:00,14000.0,5.52,4912.5
2025-02-08 04:00:00,14036.8,8.04,3934.0
2025-02-08 05:00:00,17166.7,17.32,3811.5
2025-02-08 06:00:00,20951.5,24.81,3208.5
2025-02-08 07:00:00,24376.2,31.22,2566.0
2025-02-08 08:00:00,26485.2,38.19,3939.5
2025-02-08 09:00:00,26126.1,32.9,4916.5
2025-02-08 10:00:00,24411.7,22.67,6033.5
2025-02-08 11:00:00,22106.0,21.24,6661.5
2025-02-08 12:00:00,20498.7,13.17,5979.0
2025-02-08 13:00:00,20384.4,12.05,6026.5
2025-02-08 14:00:00,21070.9,15.97,5438.0
2025-02-08 15:00:00,24144.8,30.75,4810.0
2025-02-08 16:00:00,26033.4,31.33,3614.0
2025-02-08 17:00:00,28636.6,40.19,2019.5
2025-02-08 18:00:00,29873.0,51.26,2076.5
2025-02-08 19:00:00,29083.8,49.66,2050.0
2025-02-08 20:00:00,25782.9,43.04,2661.5
2025-02-08 21:00:00,23675.4,35.86,2736.5
2025-02-08 22:00:00,21343.6,37.93,2993.0
2025-02-08 23:00:00,19413.3,31.15,2416.5
2025-02-09 00:00:00,17052.2,10.31,3732.5
2025-02-09 01:00:00,15538.5,13.44,2584.0
2025-02-09 02:00:00,14000.0,7.22,3017.5
2025-02-09 03:00:00,14000.0,13.54,3898.5
2025-02-09 04:00:00,14000.0,11.72,4990.5
2025-02-09 05:00:00,16326.9,25.55,3768.0
2025-02-09 06:00:00,20664.8,26.59,2716.5
2025-02-09 07:00:00,24775.2,32.59,3651.0
2025-02-09 08:00:00,25708.1,36.25,4144.0
2025-02-09 09:00:00,26867.6,26.74,5606.0
2025-02-09 10:00:00,23916.0,19.25,6631.0
2025-02-09 11:00:00,22147.3,17.72,7363.0
2025-02-09 12:00:00,20286.2,13.56,7188.5
2025-02-09 13:00:00,20448.1,14.71,7379.0
2025-02-09 14:00:00,21518.5,8.45,7024.5
2025-02-09 15:00:00,23251.8,26.25,5431.0
2025-02-09 16:00:00,27578.9,38.69,4298.0
2025-02-09 17:00:00,28444.4,54.86,3249.5
2025-02-09 18:00:00,29291.3,50.75,2753.0
2025-02-09 19:00:00,29065.7,47.07,2858.0
2025-02-09 20:00:00,27139.7,46.55,3221.5
2025-02-09 21:00:00,24047.4,39.36,2659.5
2025-02-09 22:00:00,20762.6,34.73,1939.0
2025-02-09 23:00:00,19410.9,31.27,1734.0
2025-02-10 00:00:00,18622.4,24.43,2429.5
2025-02-10 01:00:00,18280.5,26.31,1176.0
2025-02-10 02:00:00,16110.1,24.13,2217.5
2025-02-10 03:00:00,15288.2,19.17,1112.5
2025-02-10 04:00:00,16179.8,23.96,1323.5
2025-02-10 05:00:00,19353.5,31.32,1653.0
2025-02-10 06:00:00,23654.8,35.62,1757.0
2025-02-10 07:00:00,28524.3,48.61,2481.5
2025-02-10 08:00:00,30368.4,46.11,3600.0
2025-02-10 09:00:00,30047.5,34.94,6207.0
2025-02-10 10:00:00,27255.6,26.42,8418.5
2025-02-10 11:00:00,26004.2,14.91,8214.0
2025-02-10 12:00:00,23405.1,10.46,7722.5
2025-02-10 13:00:00,24038.8,17.86,7452.0
2025-02-10 14:00:00,25469.5,18.67,6514.5
2025-02-10 15:00:00,27476.0,41.6,3791.0
2025-02-10 16:00:00,30801.8,50.14,1460.5
2025-02-10 17:00:00,31335.1,50.39,762.5
2025-02-10 18:00:00,33733.2,60.54,796.0
2025-02-10 19:00:00,33388.1,68.47,558.0
2025-02-10 20:00:00,30710.2,51.38,686.5
2025-02-10 21:00:00,26615.2,43.49,878.0
2025-02-10 22:00:00,24133.4,42.79,1077.0
2025-02-10 23:00:00,21338.7,40.74,957.5
2025-02-11 00:00:00,19231.3,25.87,1125.5
2025-02-11 01:00:00,17481.0,21.87,1756.5
2025-02-11 02:00:00,16751.2,16.87,1826.0
2025-02-11 03:00:00,15707.8,18.84,2905.5
2025-02-11 04:00:00,16023.2,21.24,2607.5
2025-02-11 05:00:00,19324.6,30.45,2851.5
2025-02-11 06:00:00,23608.2,37.46,2829.0
2025-02-11 07:00:00,27916.6,45.31,2752.5
2025-02-11 08:00:00,29448.0,45.39,3630.5
2025-02-11 09:00:00,29958.7,39.91,6021.0
2025-02-11 10:00:00,27013.0,26.85,4753.0
2025-02-11 11:00:00,24597.0,24.4,5722.0
2025-02-11 12:00:00,23585.0,14.46,5571.5
2025-02-11 13:00:00,23292.7,26.78,5201.0
2025-02-11 14:00:00,24755.4,33.12,5376.5
2025-02-11 15:00:00,26929.8,32.63,4266.5
2025-02-11 16:00:00,31108.4,49.94,3233.0
2025-02-11 17:00:00,32847.1,59.14,2506.0
2025-02-11 18:00:00,33861.2,65.39,2041.0
2025-02-11 19:00:00,32855.8,58.15,1105.0
2025-02-11 20:00:00,30665.1,51.39,991.0
2025-02-11 21:00:00,27273.7,50.14,539.5
2025-02-11 22:00:00,24336.8,47.24,687.0
2025-02-11 23:00:00,22368.6,35.93,1617.0
2025-02-12 00:00:00,18540.2,34.79,881.0
2025-02-12 01:00:00,17460.3,28.63,2053.0
2025-02-12 02:00:00,16409.2,27.59,948.0
2025-02-12 03:00:00,15347.2,21.94,1040.5
2025-02-12 04:00:00,16235.0,20.37,2249.5
2025-02-12 05:00:00,19129.3,35.61,1808.5
2025-02-12 06:00:00,23828.4,35.65,1308.0
2025-02-12 07:00:00,27223.1,46.88,2131.0
2025-02-12 08:00:00,29878.9,49.37,2498.5
2025-02-12 09:00:00,29006.9,41.62,3785.0
2025-02-12 10:00:00,27781.2,27.53,5298.5
2025-02-12 11:00:00,24513.1,22.76,5817.5
2025-02-12 12:00:00,23688.3,16.9,6511.5
2025-02-12 13:00:00,22790.9,21.85,6376.5
2025-02-12 14:00:00,24447.5,26.97,5027.0
2025-02-12 15:00:00,27486.3,44.16,3345.5
2025-02-12 16:00:00,30274.9,55.87,1717.5
2025-02-12 17:00:00,31874.1,52.62,2220.5
2025-02-12 18:00:00,33313.9,62.96,2405.0
2025-02-12 19:00:00,31935.7,51.98,2150.0
2025-02-12 20:00:00,29364.1,54.21,2414.5
2025-02-12 21:00:00,27015.5,40.99,1346.5
2025-02-12 22:00:00,24314.7,46.59,1299.5
2025-02-12 23:00:00,22211.2,33.59,1004.0
2025-02-13 00:00:00,19182.1,28.25,1251.0
2025-02-13 01:00:00,17889.4,24.45,2098.5
2025-02-13 02:00:00,16316.2,19.01,2269.5
2025-02-13 03:00:00,15104.0,23.64,2766.5
2025-02-13 04:00:00,15945.5,12.68,2692.0
2025-02-13 05:00:00,18693.7,27.63,2757.5
2025-02-13 06:00:00,23259.6,37.56,2775.5
2025-02-13 07:00:00,27703.2,40.2,2660.0
2025-02-13 08:00:00,29750.1,43.86,3346.0
2025-02-13 09:00:00,30879.4,40.13,4195.5
2025-02-13 10:00:00,26990.0,32.84,4244.0
2025-02-13 11:00:00,25108.3,31.59,4880.0
2025-02-13 12:00:00,22999.5,20.28,5421.5
2025-02-13 13:00:00,23106.1,23.51,5666.5
2025-02-13 14:00:00,24394.7,25.89,5345.5
2025-02-13 15:00:00,27391.6,42.61,5458.5
2025-02-13 16:00:00,29887.3,44.01,4587.5
2025-02-13 17:00:00,32498.7,46.43,4864.0
2025-02-13 18:00:00,33345.6,51.28,5600.0
2025-02-13 19:00:00,31898.2,51.56,4931.0
2025-02-13 20:00:00,29754.5,45.21,3338.0
2025-02-13 21:00:00,26740.8,46.12,3548.0
2025-02-13 22:00:00,24073.4,29.09,3175.5
2025-02-13 23:00:00,22190.1,30.69,2916.5
2025-02-14 00:00:00,18891.3,25.77,2853.5
2025-02-14 01:00:00,17775.9,27.95,2614.0
2025-02-14 02:00:00,15916.7,25.47,2802.5
2025-02-14 03:00:00,15432.9,24.24,2856.0
2025-02-14 04:00:00,15840.2,20.19,2741.0
2025-02-14 05:00:00,19232.4,34.09,1457.5
2025-02-14 06:00:00,23957.4,42.54,1220.0
2025-02-14 07:00:00,27512.5,47.53,1330.0
2025-02-14 08:00:00,29264.6,44.05,2770.5
2025-02-14 09:00:00,29433.7,44.03,3482.5
2025-02-14 10:00:00,27614.0,42.36,3825.5
2025-02-14 11:00:00,24967.6,29.67,4359.5
2025-02-14 12:00:00,23238.5,24.98,3793.5
2025-02-14 13:00:00,23373.3,31.08,4154.0
2025-02-14 14:00:00,24637.5,30.01,3336.5
2025-02-14 15:00:00,26834.3,41.11,2928.5
2025-02-14 16:00:00,29263.0,50.34,1525.0
2025-02-14 17:00:00,32725.2,63.34,562.0
2025-02-14 18:00:00,33084.7,63.14,822.5
2025-02-14 19:00:00,32597.9,62.02,587.0
2025-02-14 20:00:00,30033.8,52.25,697.0
2025-02-14 21:00:00,26061.0,42.89,797.5
2025-02-14 22:00:00,24009.8,42.6,564.5
2025-02-14 23:00:00,22114.5,38.73,340.0
2025-02-15 00:00:00,16604.7,37.11,78.0
2025-02-15 01:00:00,15507.7,26.05,11.0
2025-02-15 02:00:00,14000.0,21.79,1.0
2025-02-15 03:00:00,14000.0,19.02,9.5
2025-02-15 04:00:00,14000.0,17.13,2.0
2025-02-15 05:00:00,16202.8,19.53,85.0
2025-02-15 06:00:00,20141.4,29.32,234.5
2025-02-15 07:00:00,24019.6,39.69,739.0
2025-02-15 08:00:00,26047.9,45.76,1639.0
2025-02-15 09:00:00,25355.3,39.72,1841.0
2025-02-15 10:00:00,24127.6,28.3,2548.0
2025-02-15 11:00:00,21178.9,20.91,3378.0
2025-02-15 12:00:00,20015.2,19.86,3502.5
2025-02-15 13:00:00,19485.4,19.24,3046.0
2025-02-15 14:00:00,20930.9,21.86,2673.0
2025-02-15 15:00:00,23931.6,24.58,1851.5
2025-02-15 16:00:00,26837.3,39.8,1177.0
2025-02-15 17:00:00,28297.6,46.04,553.0
2025-02-15 18:00:00,28759.5,55.33,888.5
2025-02-15 19:00:00,28096.7,53.61,1558.5
2025-02-15 20:00:00,26182.1,35.57,1687.5
2025-02-15 21:00:00,22723.6,40.9,951.0
2025-02-15 22:00:00,20626.3,38.96,706.5
2025-02-15 23:00:00,19448.8,28.24,657.5
2025-02-16 00:00:00,16143.7,18.12,456.5
2025-02-16 01:00:00,15263.2,29.7,596.5
2025-02-16 02:00:00,14137.4,20.35,262.0
2025-02-16 03:00:00,14000.0,25.18,753.0
2025-02-16 04:00:00,14000.0,20.63,536.5
2025-02-16 05:00:00,16472.9,31.83,453.5
2025-02-16 06:00:00,20509.9,36.07,452.0
2025-02-16 07:00:00,24571.1,40.87,583.0
2025-02-16 08:00:00,25663.3,39.67,1269.5
2025-02-16 09:00:00,25454.2,34.33,2507.5
2025-02-16 10:00:00,24309.6,28.98,3849.5
2025-02-16 11:00:00,21523.9,21.85,4424.0
2025-02-16 12:00:00,19872.8,16.78,5856.0
2025-02-16 13:00:00,20126.4,14.77,5697.0
2025-02-16 14:00:00,21497.9,28.82,5188.0
2025-02-16 15:00:00,23462.4,34.71,4644.5
2025-02-16 16:00:00,25922.3,37.83,3854.5
2025-02-16 17:00:00,27507.7,50.85,3190.5
2025-02-16 18:00:00,28930.1,52.5,3050.5
2025-02-16 19:00:00,28630.6,44.44,3077.5
2025-02-16 20:00:00,25444.1,43.3,1984.5
2025-02-16 21:00:00,23118.1,37.66,1278.5
2025-02-16 22:00:00,20625.5,39.37,977.0
2025-02-16 23:00:00,18786.4,24.95,1390.5
2025-02-17 00:00:00,18867.5,23.67,976.5
2025-02-17 01:00:00,17810.0,27.83,735.5
2025-02-17 02:00:00,16305.3,20.23,1179.0
2025-02-17 03:00:00,14956.9,15.69,2047.5
2025-02-17 04:00:00,15480.0,18.4,2573.0
2025-02-17 05:00:00,18932.5,23.42,3111.0
2025-02-17 06:00:00,23117.8,32.55,3249.0
2025-02-17 07:00:00,28111.1,42.07,3871.5
2025-02-17 08:00:00,30302.3,46.64,3999.5
2025-02-17 09:00:00,30063.5,39.93,4316.0
2025-02-17 10:00:00,26853.7,32.21,4366.0
2025-02-17 11:00:00,25086.4,31.85,5046.5
2025-02-17 12:00:00,23542.0,29.58,5123.5
2025-02-17 13:00:00,23242.6,34.45,3741.5
2025-02-17 14:00:00,24119.1,30.42,3559.5
2025-02-17 15:00:00,27259.3,44.79,2596.0
2025-02-17 16:00:00,29753.7,47.08,2114.5
2025-02-17 17:00:00,32289.5,60.06,831.0
2025-02-17 18:00:00,32421.1,58.69,889.5
2025-02-17 19:00:00,32530.0,66.19,709.0
2025-02-17 20:00:00,29596.1,50.83,361.0
2025-02-17 21:00:00,26779.3,43.77,506.0
2025-02-17 22:00:00,23861.5,41.05,613.5
2025-02-17 23:00:00,21818.4,28.76,470.5
2025-02-18 00:00:00,18730.1,29.87,852.5
2025-02-18 01:00:00,17849.1,16.42,1332.0
2025-02-18 02:00:00,16104.8,18.19,1894.5
2025-02-18 03:00:00,14804.8,19.65,1633.0
2025-02-18 04:00:00,15960.7,15.25,1598.0
2025-02-18 05:00:00,18575.3,26.34,2737.5
2025-02-18 06:00:00,22765.5,24.63,2867.0
2025-02-18 07:00:00,26858.9,42.27,2779.5
2025-02-18 08:00:00,29508.5,48.5,3138.5
2025-02-18 09:00:00,29064.8,46.48,3559.5
2025-02-18 10:00:00,26289.8,40.36,3761.5
2025-02-18 11:00:00,24658.9,24.11,4504.5
2025-02-18 12:00:00,23577.2,22.62,4797.0
2025-02-18 13:00:00,22759.2,19.86,4933.5
2025-02-18 14:00:00,24117.4,33.83,3313.0
2025-02-18 15:00:00,27085.5,40.97,2417.0
2025-02-18 16:00:00,30021.0,49.27,1784.0
2025-02-18 17:00:00,32626.3,59.04,575.0
2025-02-18 18:00:00,31714.0,59.78,574.0
2025-02-18 19:00:00,32960.0,55.53,998.0
2025-02-18 20:00:00,29908.6,54.3,1826.5
2025-02-18 21:00:00,27495.6,47.12,1909.5
2025-02-18 22:00:00,23430.3,42.71,1373.5
2025-02-18 23:00:00,21122.2,33.11,827.5
2025-02-19 00:00:00,18689.7,28.85,1243.5
2025-02-19 01:00:00,17516.3,31.4,949.0
2025-02-19 02:00:00,16263.3,18.72,1235.0
2025-02-19 03:00:00,15333.9,26.37,1399.0
2025-02-19 04:00:00,15758.4,19.69,2053.5
2025-02-19 05:00:00,18680.4,32.05,1174.0
2025-02-19 06:00:00,23340.0,42.14,1091.0
2025-02-19 07:00:00,27092.2,44.47,1753.5
2025-02-19 08:00:00,29147.6,43.78,3553.5
2025-02-19 09:00:00,29472.7,35.37,4163.0
2025-02-19 10:00:00,27590.3,26.5,4855.5
2025-02-19 11:00:00,25130.7,24.33,6667.0
2025-02-19 12:00:00,23044.3,24.19,6503.0
2025-02-19 13:00:00,22113.5,17.65,6143.5
2025-02-19 14:00:00,24052.6,17.08,5243.5
2025-02-19 15:00:00,26287.4,30.45,5086.5
2025-02-19 16:00:00,29522.1,40.97,4231.0
2025-02-19 17:00:00,31716.7,50.69,3060.5
2025-02-19 18:00:00,32982.4,51.29,2706.0
2025-02-19 19:00:00,31530.7,48.31,3264.5
2025-02-19 20:00:00,28971.1,39.69,3270.5
2025-02-19 21:00:00,26923.4,50.24,3303.0
2025-02-19 22:00:00,23294.9,40.67,3467.5
2025-02-19 23:00:00,21632.3,25.67,3681.0
2025-02-20 00:00:00,18898.7,25.02,3274.5
2025-02-20 01:00:00,17777.0,19.85,3320.5
2025-02-20 02:00:00,16248.8,18.73,3206.0
2025-02-20 03:00:00,15113.9,20.31,2430.0
2025-02-20 04:00:00,15902.8,21.39,2288.5
2025-02-20 05:00:00,19077.1,31.06,2441.0
2025-02-20 06:00:00,23236.5,34.47,1993.5
2025-02-20 07:00:00,26368.4,43.61,1820.0
2025-02-20 08:00:00,28978.0,34.28,2821.0
2025-02-20 09:00:00,29236.9,39.45,4954.5
2025-02-20 10:00:00,26743.9,20.57,6080.5
2025-02-20 11:00:00,25254.0,17.41,7240.5
2025-02-20 12:00:00,23011.8,27.19,5357.5
2025-02-20 13:00:00,22807.8,25.12,6294.5
2025-02-20 14:00:00,24439.8,20.75,5726.5
2025-02-20 15:00:00,26437.7,38.59,5672.0
2025-02-20 16:00:00,29569.3,43.4,5527.5
2025-02-20 17:00:00,32374.4,50.24,5600.0
2025-02-20 18:00:00,32167.8,43.01,5554.5
2025-02-20 19:00:00,31797.8,55.16,5364.0
2025-02-20 20:00:00,29816.7,45.92,5600.0
2025-02-20 21:00:00,26385.5,33.69,4944.5
2025-02-20 22:00:00,24086.9,24.13,4147.0
2025-02-20 23:00:00,21057.8,23.75,3609.0
2025-02-21 00:00:00,18104.8,23.0,3659.0
2025-02-21 01:00:00,17685.4,20.58,3648.0
2025-02-21 02:00:00,16216.8,23.89,4024.0
2025-02-21 03:00:00,14956.7,11.96,3314.0
2025-02-21 04:00:00,15778.6,19.74,3184.5
2025-02-21 05:00:00,18844.0,29.53,3069.0
2025-02-21 06:00:00,22738.6,27.85,3032.5
2025-02-21 07:00:00,26747.1,44.38,3026.5
2025-02-21 08:00:00,29204.3,42.49,4023.5
2025-02-21 09:00:00,29238.4,36.02,4923.0
2025-02-21 10:00:00,26445.5,21.53,4730.5
2025-02-21 11:00:00,24507.4,26.41,5191.5
2025-02-21 12:00:00,22879.9,18.12,5176.0
2025-02-21 13:00:00,22852.2,17.52,6208.5
2025-02-21 14:00:00,23958.6,30.85,5117.5
2025-02-21 15:00:00,26213.9,33.24,4195.5
2025-02-21 16:00:00,29952.9,45.0,4050.0
2025-02-21 17:00:00,31589.5,62.75,1803.5
2025-02-21 18:00:00,32651.2,56.45,2298.0
2025-02-21 19:00:00,31078.0,51.37,1212.0
2025-02-21 20:00:00,29047.1,55.82,1193.5
2025-02-21 21:00:00,26483.4,45.24,1270.5
2025-02-21 22:00:00,23609.9,37.83,757.0
2025-02-21 23:00:00,21695.8,30.69,1477.5
2025-02-22 00:00:00,16244.6,21.42,1661.0
2025-02-22 01:00:00,15639.0,25.97,1361.0
2025-02-22 02:00:00,14000.0,15.81,1542.5
2025-02-22 03:00:00,14000.0,17.13,2370.0
2025-02-22 04:00:00,14000.0,15.69,1038.5
2025-02-22 05:00:00,15992.9,28.78,1325.5
2025-02-22 06:00:00,19674.0,24.9,1251.0
2025-02-22 07:00:00,23480.4,33.9,1549.0
2025-02-22 08:00:00,25732.7,34.85,2773.0
2025-02-22 09:00:00,25598.2,29.14,2841.0
2025-02-22 10:00:00,23522.2,29.33,3731.0
2025-02-22 11:00:00,22004.3,24.18,4388.5
2025-02-22 12:00:00,19811.2,15.09,6299.0
2025-02-22 13:00:00,19214.8,13.58,6517.0
2025-02-22 14:00:00,21111.3,10.9,5964.0
2025-02-22 15:00:00,22291.9,23.19,5612.0
2025-02-22 16:00:00,25213.0,38.21,4855.0
2025-02-22 17:00:00,27837.8,41.2,3712.5
2025-02-22 18:00:00,28400.6,47.82,3973.0
2025-02-22 19:00:00,27535.3,42.16,3332.5
2025-02-22 20:00:00,25015.3,38.61,2570.0
2025-02-22 21:00:00,22790.0,27.89,3281.0
2025-02-22 22:00:00,20686.7,27.97,2604.0
2025-02-22 23:00:00,18655.5,33.65,1391.0
2025-02-23 00:00:00,15861.6,19.79,1353.5
2025-02-23 01:00:00,14834.4,27.88,1539.0
2025-02-23 02:00:00,14000.0,19.11,761.5
2025-02-23 03:00:00,14000.0,24.33,1303.5
2025-02-23 04:00:00,14000.0,17.74,1764.0
2025-02-23 05:00:00,15920.0,11.72,1902.0
2025-02-23 06:00:00,19244.0,25.74,1724.0
2025-02-23 07:00:00,23522.2,34.43,1816.0
2025-02-23 08:00:00,24840.9,30.87,3764.0
2025-02-23 09:00:00,25200.8,25.59,4494.0
2025-02-23 10:00:00,23009.4,18.71,5387.5
2025-02-23 11:00:00,20938.6,19.81,5395.5
2025-02-23 12:00:00,19901.7,24.36,6038.5
2025-02-23 13:00:00,20330.7,14.84,6331.5
2025-02-23 14:00:00,20951.5,16.25,5731.5
2025-02-23 15:00:00,22899.9,13.15,5703.0
2025-02-23 16:00:00,25559.7,40.65,5154.0
2025-02-23 17:00:00,26813.5,43.65,4294.0
2025-02-23 18:00:00,27878.9,40.58,3831.0
2025-02-23 19:00:00,26492.1,41.1,3730.5
2025-02-23 20:00:00,26046.3,40.55,1983.5
2025-02-23 21:00:00,23243.8,33.23,1258.0
2025-02-23 22:00:00,20436.5,31.28,940.0
2025-02-23 23:00:00,18630.0,31.57,1502.5
2025-02-24 00:00:00,17975.5,29.33,928.5
2025-02-24 01:00:00,17264.8,21.35,2856.0
2025-02-24 02:00:00,16287.2,23.95,2375.5
2025-02-24 03:00:00,14890.7,15.6,3007.0
2025-02-24 04:00:00,15407.7,23.26,3007.5
2025-02-24 05:00:00,17976.4,19.0,3020.5
2025-02-24 06:00:00,23278.9,32.64,3208.0
2025-02-24 07:00:00,26755.5,43.5,3712.5
2025-02-24 08:00:00,28091.7,40.81,4892.5
2025-02-24 09:00:00,28184.2,31.6,5566.0
2025-02-24 10:00:00,26156.3,23.58,6248.0
2025-02-24 11:00:00,24304.8,23.12,6558.5
2025-02-24 12:00:00,22822.4,22.71,6904.5
2025-02-24 13:00:00,22330.0,19.9,6837.0
2025-02-24 14:00:00,24016.8,19.68,5113.5
2025-02-24 15:00:00,26216.8,27.71,5520.5
2025-02-24 16:00:00,29594.5,38.89,3778.0
2025-02-24 17:00:00,31383.4,59.35,2039.5
2025-02-24 18:00:00,33975.7,60.35,1305.5
2025-02-24 19:00:00,31276.4,54.18,1053.0
2025-02-24 20:00:00,28695.7,47.98,2587.5
2025-02-24 21:00:00,25636.0,45.92,905.5
2025-02-24 22:00:00,23205.9,37.59,710.0
2025-02-24 23:00:00,20754.1,35.4,653.5
2025-02-25 00:00:00,18426.7,29.99,539.5
2025-02-25 01:00:00,16773.5,31.82,1094.0
2025-02-25 02:00:00,15848.9,23.05,1135.0
2025-02-25 03:00:00,14514.1,21.72,1170.5
2025-02-25 04:00:00,15401.6,20.06,779.5
2025-02-25 05:00:00,18571.8,25.88,1206.0
2025-02-25 06:00:00,23520.2,41.2,1013.0
2025-02-25 07:00:00,26267.2,39.12,1821.0
2025-02-25 08:00:00,28695.9,44.29,2759.0
2025-02-25 09:00:00,28180.7,35.21,4195.5
2025-02-25 10:00:00,26236.1,30.73,5041.0
2025-02-25 11:00:00,24015.6,13.65,5493.0
2025-02-25 12:00:00,22960.0,26.0,5272.5
2025-02-25 13:00:00,22264.4,7.67,7122.5
2025-02-25 14:00:00,24463.4,27.28,7085.0
2025-02-25 15:00:00,26265.9,28.89,6024.5
2025-02-25 16:00:00,28598.2,39.59,5303.0
2025-02-25 17:00:00,31279.7,49.06,3839.5
2025-02-25 18:00:00,31999.1,51.5,3826.5
2025-02-25 19:00:00,31821.1,47.91,3290.5
2025-02-25 20:00:00,28285.0,47.37,3164.0
2025-02-25 21:00:00,25432.4,42.38,2334.0
2025-02-25 22:00:00,23000.0,36.4,2709.0
2025-02-25 23:00:00,21453.7,37.33,2861.5
2025-02-26 00:00:00,18625.2,20.26,2364.5
2025-02-26 01:00:00,17568.2,24.77,2128.0
2025-02-26 02:00:00,15885.3,12.57,3113.5
2025-02-26 03:00:00,14748.7,20.46,3534.0
2025-02-26 04:00:00,15624.7,21.09,3237.0
2025-02-26 05:00:00,18031.1,22.1,3224.0
2025-02-26 06:00:00,22034.8,35.35,3171.0
2025-02-26 07:00:00,26787.9,41.51,3990.0
2025-02-26 08:00:00,28236.3,31.29,5014.5
2025-02-26 09:00:00,28371.1,36.43,5746.5
2025-02-26 10:00:00,26545.5,23.36,6300.0
2025-02-26 11:00:00,24288.4,19.99,7004.0
2025-02-26 12:00:00,22925.2,20.49,6857.5
2025-02-26 13:00:00,22636.0,14.93,7437.5
2025-02-26 14:00:00,23658.3,21.04,6040.5
2025-02-26 15:00:00,25847.0,33.34,6284.0
2025-02-26 16:00:00,28992.1,39.71,5064.5
2025-02-26 17:00:00,31071.7,47.22,4053.5
2025-02-26 18:00:00,32190.0,46.46,3090.5
2025-02-26 19:00:00,32574.1,53.12,3518.5
2025-02-26 20:00:00,28984.1,49.0,3238.5
2025-02-26 21:00:00,26046.3,45.42,3596.5
2025-02-26 22:00:00,22887.0,25.32,3893.5
2025-02-26 23:00:00,21492.2,32.57,3072.5
2025-02-27 00:00:00,18435.7,28.13,2610.0
2025-02-27 01:00:00,17353.7,21.89,2273.5
2025-02-27 02:00:00,15759.8,26.12,2830.5
2025-02-27 03:00:00,14947.6,13.56,3003.5
2025-02-27 04:00:00,15684.4,26.28,3025.5
2025-02-27 05:00:00,18364.4,25.8,2545.5
2025-02-27 06:00:00,22549.8,37.27,2535.0
2025-02-27 07:00:00,26883.6,39.94,2981.5
2025-02-27 08:00:00,28188.6,32.01,4332.5
2025-02-27 09:00:00,28002.3,32.46,5471.0
2025-02-27 10:00:00,26391.2,28.76,6300.5
2025-02-27 11:00:00,23490.1,15.9,6641.0
2025-02-27 12:00:00,22813.9,15.55,6653.5
2025-02-27 13:00:00,21962.8,15.24,6681.0
2025-02-27 14:00:00,23346.8,13.65,6179.0
2025-02-27 15:00:00,25852.5,28.18,5219.5
2025-02-27 16:00:00,28868.8,42.68,3497.0
2025-02-27 17:00:00,31089.7,48.71,2745.5
2025-02-27 18:00:00,32148.3,60.3,2107.5
2025-02-27 19:00:00,31214.0,53.85,2216.0
2025-02-27 20:00:00,28618.5,40.77,1130.0
2025-02-27 21:00:00,25488.9,41.09,1090.5
2025-02-27 22:00:00,23431.1,34.83,1649.5
2025-02-27 23:00:00,20433.9,25.74,2655.0
2025-02-28 00:00:00,18112.3,32.46,1917.5
2025-02-28 01:00:00,16979.9,24.99,2519.0
2025-02-28 02:00:00,15756.2,19.01,2130.5
2025-02-28 03:00:00,14351.2,14.21,2834.0
2025-02-28 04:00:00,15225.6,16.32,3010.0
2025-02-28 05:00:00,18199.1,21.23,3111.0
2025-02-28 06:00:00,22876.3,30.72,3041.5
2025-02-28 07:00:00,26572.8,42.83,3047.5
2025-02-28 08:00:00,27977.3,29.13,4421.5
2025-02-28 09:00:00,28008.5,34.82,5555.5
2025-02-28 10:00:00,26676.0,18.11,6943.0
2025-02-28 11:00:00,23608.4,20.24,6800.0
2025-02-28 12:00:00,22434.1,20.04,6831.5
2025-02-28 13:00:00,22208.9,11.25,6575.5
2025-02-28 14:00:00,23300.7,15.38,6719.5
2025-02-28 15:00:00,26896.2,34.46,5486.5
2025-02-28 16:00:00,28579.6,38.8,3969.5
2025-02-28 17:00:00,31359.0,46.85,3342.5
2025-02-28 18:00:00,31707.1,49.7,2781.0
2025-02-28 19:00:00,31386.5,62.26,2763.0
2025-02-28 20:00:00,29092.8,46.84,1984.0
2025-02-28 21:00:00,25477.1,43.43,2002.0
2025-02-28 22:00:00,22962.9,38.14,2291.5
2025-02-28 23:00:00,20748.6,36.92,2485.5
2025-03-01 00:00:00,15484.0,28.12,2150.0
2025-03-01 01:00:00,15058.8,12.06,1744.0
2025-03-01 02:00:00,14000.0,23.28,2008.0
2025-03-01 03:00:00,14000.0,16.95,2401.5
2025-03-01 04:00:00,14000.0,13.02,1935.0
2025-03-01 05:00:00,15615.2,25.19,1768.5
2025-03-01 06:00:00,19451.3,26.31,1307.5
2025-03-01 07:00:00,23492.3,41.19,2292.0
2025-03-01 08:00:00,24646.0,28.67,4673.0
2025-03-01 09:00:00,24406.0,30.61,5283.0
2025-03-01 10:00:00,22407.7,20.17,6499.0
2025-03-01 11:00:00,20335.9,6.55,6642.0
2025-03-01 12:00:00,19427.7,3.39,6800.0
2025-03-01 13:00:00,19365.6,11.26,6161.5
2025-03-01 14:00:00,20415.6,13.13,5445.5
2025-03-01 15:00:00,22254.3,26.72,3933.5
2025-03-01 16:00:00,24944.3,33.7,2774.5
2025-03-01 17:00:00,26265.8,40.03,1284.5
2025-03-01 18:00:00,28006.0,50.17,996.5
2025-03-01 19:00:00,27067.9,37.75,1136.0
2025-03-01 20:00:00,25639.3,37.68,1231.5
2025-03-01 21:00:00,22291.1,32.81,785.5
2025-03-01 22:00:00,19646.5,21.11,991.5
2025-03-01 23:00:00,18222.8,30.37,675.0
2025-03-02 00:00:00,15624.8,20.16,505.5
2025-03-02 01:00:00,14875.2,23.83,191.0
2025-03-02 02:00:00,14000.0,23.99,257.0
2025-03-02 03:00:00,14000.0,25.75,464.5
2025-03-02 04:00:00,14000.0,24.24,245.5
2025-03-02 05:00:00,15814.9,17.51,463.5
2025-03-02 06:00:00,19862.2,29.35,269.0
2025-03-02 07:00:00,22878.8,30.58,584.5
2025-03-02 08:00:00,24916.6,32.57,1930.0
2025-03-02 09:00:00,24755.0,37.05,3106.0
2025-03-02 10:00:00,22843.4,23.32,4363.5
2025-03-02 11:00:00,20523.9,20.55,4534.5
2025-03-02 12:00:00,19468.4,8.12,4738.0
2025-03-02 13:00:00,19544.2,10.69,5874.0
2025-03-02 14:00:00,20415.8,17.93,5067.0
2025-03-02 15:00:00,22592.3,17.53,5282.0
2025-03-02 16:00:00,24681.3,28.66,4955.0
2025-03-02 17:00:00,26838.6,44.92,3093.0
2025-03-02 18:00:00,27672.1,49.65,2219.5
2025-03-02 19:00:00,26892.0,48.81,894.5
2025-03-02 20:00:00,25254.0,42.58,1088.5
2025-03-02 21:00:00,21432.3,34.02,1642.0
2025-03-02 22:00:00,19871.1,25.6,1638.5
2025-03-02 23:00:00,18154.4,33.12,2329.5
2025-03-03 00:00:00,17617.6,18.71,2322.5
2025-03-03 01:00:00,17100.7,28.41,2351.5
2025-03-03 02:00:00,15333.7,11.58,2157.5
2025-03-03 03:00:00,14447.6,17.43,1792.5
2025-03-03 04:00:00,15609.2,19.89,3083.0
2025-03-03 05:00:00,18319.2,21.03,3036.0
2025-03-03 06:00:00,22483.0,29.85,1451.5
2025-03-03 07:00:00,26327.6,39.47,1654.0
2025-03-03 08:00:00,28130.0,39.35,3435.0
2025-03-03 09:00:00,28771.9,38.51,4390.5
2025-03-03 10:00:00,26377.9,29.53,4759.5
2025-03-03 11:00:00,23534.7,23.15,4898.0
2025-03-03 12:00:00,21770.2,20.71,4884.0
2025-03-03 13:00:00,22178.0,22.48,4926.0
2025-03-03 14:00:00,23183.8,18.86,5761.0
2025-03-03 15:00:00,25045.2,29.66,5091.5
2025-03-03 16:00:00,28654.7,34.85,4323.5
2025-03-03 17:00:00,30714.6,41.61,3481.5
2025-03-03 18:00:00,32009.6,52.57,2232.5
2025-03-03 19:00:00,31034.6,65.12,2425.0
2025-03-03 20:00:00,28172.6,48.02,1469.0
2025-03-03 21:00:00,25689.7,42.98,3096.0
2025-03-03 22:00:00,22583.3,35.12,4423.5
2025-03-03 23:00:00,20686.7,23.63,5003.0
2025-03-04 00:00:00,17783.6,25.6,4753.5
2025-03-04 01:00:00,17159.0,21.63,4038.5
2025-03-04 02:00:00,15384.6,20.04,4217.5
2025-03-04 03:00:00,14774.2,15.35,4049.0
2025-03-04 04:00:00,15541.5,17.24,4028.5
2025-03-04 05:00:00,17785.4,29.36,2845.0
2025-03-04 06:00:00,21242.1,29.53,2394.5
2025-03-04 07:00:00,26498.2,43.5,2173.0
2025-03-04 08:00:00,27959.9,38.9,3995.5
2025-03-04 09:00:00,27477.8,32.69,5544.5
2025-03-04 10:00:00,25746.6,29.69,5536.0
2025-03-04 11:00:00,23574.1,22.85,5379.0
2025-03-04 12:00:00,22593.1,17.62,6079.0
2025-03-04 13:00:00,21969.1,22.99,6407.0
2025-03-04 14:00:00,23569.9,24.48,5334.5
2025-03-04 15:00:00,25696.1,30.09,3642.5
2025-03-04 16:00:00,28243.6,41.43,3038.0
2025-03-04 17:00:00,30554.6,50.25,2400.5
2025-03-04 18:00:00,31915.8,54.0,1324.0
2025-03-04 19:00:00,31104.0,54.47,498.0
2025-03-04 20:00:00,28759.4,50.19,854.0
2025-03-04 21:00:00,25262.4,45.17,978.0
2025-03-04 22:00:00,22735.7,33.98,510.5
2025-03-04 23:00:00,20933.1,36.91,713.0
2025-03-05 00:00:00,17762.6,26.58,911.5
2025-03-05 01:00:00,16528.9,20.03,1034.5
2025-03-05 02:00:00,15210.6,24.88,613.5
2025-03-05 03:00:00,14374.5,22.33,578.0
2025-03-05 04:00:00,15234.7,26.16,140.5
2025-03-05 05:00:00,18261.7,34.57,234.0
2025-03-05 06:00:00,21689.2,44.35,451.0
2025-03-05 07:00:00,25767.3,44.04,719.5
2025-03-05 08:00:00,27857.7,42.23,1867.0
2025-03-05 09:00:00,28075.2,40.59,2381.5
2025-03-05 10:00:00,25682.2,31.38,3067.0
2025-03-05 11:00:00,23488.3,24.08,3562.0
2025-03-05 12:00:00,21618.4,21.05,4082.5
2025-03-05 13:00:00,22000.1,16.57,3666.0
2025-03-05 14:00:00,22989.9,30.85,3041.0
2025-03-05 15:00:00,25170.5,35.82,2480.5
2025-03-05 16:00:00,28168.2,51.24,1584.0
2025-03-05 17:00:00,31147.4,51.11,894.0
2025-03-05 18:00:00,31065.7,62.06,618.0
2025-03-05 19:00:00,30234.3,58.03,726.0
2025-03-05 20:00:00,28769.4,46.88,779.0
2025-03-05 21:00:00,25304.0,39.2,684.0
2025-03-05 22:00:00,22825.7,39.04,1139.0
2025-03-05 23:00:00,20805.1,37.21,482.5
2025-03-06 00:00:00,17794.5,31.12,783.0
2025-03-06 01:00:00,16669.7,22.98,701.0
2025-03-06 02:00:00,15535.2,33.35,686.5
2025-03-06 03:00:00,14627.7,16.51,754.5
2025-03-06 04:00:00,15277.4,26.18,1380.5
2025-03-06 05:00:00,17543.9,19.61,963.5
2025-03-06 06:00:00,22495.1,34.35,803.0
2025-03-06 07:00:00,25771.6,47.15,857.0
2025-03-06 08:00:00,27595.5,50.06,1940.0
2025-03-06 09:00:00,27578.6,43.65,2793.0
2025-03-06 10:00:00,26119.7,32.29,3497.5
2025-03-06 11:00:00,23750.2,22.42,3535.5
2025-03-06 12:00:00,21925.8,27.38,3871.5
2025-03-06 13:00:00,22039.9,20.75,4435.0
2025-03-06 14:00:00,23014.5,31.66,3832.5
2025-03-06 15:00:00,25114.6,37.64,3279.0
2025-03-06 16:00:00,27881.5,43.74,2726.0
2025-03-06 17:00:00,30711.9,49.34,1335.5
2025-03-06 18:00:00,31393.5,53.82,505.0
2025-03-06 19:00:00,29885.8,56.19,575.0
2025-03-06 20:00:00,28499.3,51.56,511.5
2025-03-06 21:00:00,25006.8,51.96,295.5
2025-03-06 22:00:00,23058.7,42.18,463.0
2025-03-06 23:00:00,20175.5,34.91,876.5
2025-03-07 00:00:00,17694.1,33.77,987.5
2025-03-07 01:00:00,16523.7,21.12,1472.5
2025-03-07 02:00:00,15066.8,23.77,1075.0
2025-03-07 03:00:00,14222.5,16.57,906.5
2025-03-07 04:00:00,15378.5,26.17,1000.5
2025-03-07 05:00:00,17837.8,34.75,744.0
2025-03-07 06:00:00,21725.6,36.82,868.5
2025-03-07 07:00:00,25112.5,33.45,1545.5
2025-03-07 08:00:00,27096.5,45.38,2173.5
2025-03-07 09:00:00,27331.1,43.51,3276.0
2025-03-07 10:00:00,25464.1,26.7,4242.5
2025-03-07 11:00:00,23398.5,21.42,4298.5
2025-03-07 12:00:00,21186.1,23.89,4137.5
2025-03-07 13:00:00,21661.0,18.3,3727.0
2025-03-07 14:00:00,23239.3,22.21,3302.0
2025-03-07 15:00:00,25858.9,31.9,2517.0
2025-03-07 16:00:00,27285.0,40.07,1957.0
2025-03-07 17:00:00,30052.4,55.45,881.5
2025-03-07 18:00:00,30921.9,57.17,319.5
2025-03-07 19:00:00,30475.9,59.56,327.0
2025-03-07 20:00:00,27530.8,52.23,109.0
2025-03-07 21:00:00,25734.1,51.7,121.5
2025-03-07 22:00:00,22457.3,43.59,104.5
2025-03-07 23:00:00,20499.7,30.54,47.5
2025-03-08 00:00:00,15749.1,23.63,110.0
2025-03-08 01:00:00,14473.8,27.6,195.5
2025-03-08 02:00:00,14000.0,22.7,307.0
2025-03-08 03:00:00,14000.0,17.22,1056.5
2025-03-08 04:00:00,14000.0,16.03,1922.5
2025-03-08 05:00:00,15290.1,23.53,2127.0
2025-03-08 06:00:00,19686.8,26.43,2670.5
2025-03-08 07:00:00,22598.0,35.71,3546.0
2025-03-08 08:00:00,24213.4,29.3,4388.0
2025-03-08 09:00:00,23537.2,32.68,4621.0
2025-03-08 10:00:00,22592.8,25.25,5752.5
2025-03-08 11:00:00,19939.3,12.7,5171.0
2025-03-08 12:00:00,18568.5,15.57,4971.5
2025-03-08 13:00:00,18647.4,8.33,4319.5
2025-03-08 14:00:00,20423.3,19.97,3816.0
2025-03-08 15:00:00,22508.8,27.61,2934.0
2025-03-08 16:00:00,24181.9,27.67,2126.0
2025-03-08 17:00:00,26104.4,35.79,1162.0
2025-03-08 18:00:00,26487.7,50.77,923.0
2025-03-08 19:00:00,26394.5,44.77,1210.0
2025-03-08 20:00:00,24371.9,42.92,450.0
2025-03-08 21:00:00,22019.0,36.11,440.0
2025-03-08 22:00:00,19722.5,37.38,646.5
2025-03-08 23:00:00,17752.5,21.57,676.5
2025-03-09 00:00:00,15455.3,26.52,709.5
2025-03-09 01:00:00,14274.7,27.85,1162.5
2025-03-09 02:00:00,14000.0,15.58,1167.5
2025-03-09 03:00:00,14000.0,15.42,916.0
2025-03-09 04:00:00,14000.0,20.34,1280.0
2025-03-09 05:00:00,15464.3,24.59,1247.0
2025-03-09 06:00:00,19013.9,24.3,1070.5
2025-03-09 07:00:00,22572.4,31.83,2159.0
2025-03-09 08:00:00,23463.0,34.15,4324.5
2025-03-09 09:00:00,23422.7,30.9,5544.0
2025-03-09 10:00:00,22119.6,16.59,6157.0
2025-03-09 11:00:00,19843.0,13.85,5350.5
2025-03-09 12:00:00,18832.8,13.97,4628.0
2025-03-09 13:00:00,18633.4,0.55,4614.5
2025-03-09 14:00:00,20160.1,12.99,4633.0
2025-03-09 15:00:00,21855.2,21.78,4432.5
2025-03-09 16:00:00,24635.5,40.86,3965.5
2025-03-09 17:00:00,26397.1,43.66,1901.5
2025-03-09 18:00:00,26842.8,51.07,1634.0
2025-03-09 19:00:00,26323.4,42.38,1953.5
2025-03-09 20:00:00,24492.2,40.24,2419.0
2025-03-09 21:00:00,22072.7,29.31,2387.0
2025-03-09 22:00:00,19349.7,21.29,2442.0
2025-03-09 23:00:00,17304.0,18.37,2479.0
2025-03-10 00:00:00,17102.8,20.79,2496.0
2025-03-10 01:00:00,16442.1,21.57,2152.0
2025-03-10 02:00:00,14598.8,13.99,2831.5
2025-03-10 03:00:00,14557.8,7.77,2312.0
2025-03-10 04:00:00,14955.5,22.43,1756.5
2025-03-10 05:00:00,17444.0,21.02,1805.0
2025-03-10 06:00:00,21392.9,33.26,1644.0
2025-03-10 07:00:00,25942.6,36.16,2529.5
2025-03-10 08:00:00,27061.8,43.62,2324.0
2025-03-10 09:00:00,26846.1,27.79,3139.0
2025-03-10 10:00:00,25145.3,31.47,4061.5
2025-03-10 11:00:00,23269.7,20.94,4112.0
2025-03-10 12:00:00,21904.6,17.84,4342.0
2025-03-10 13:00:00,21846.2,19.79,4139.0
2025-03-10 14:00:00,23000.3,22.76,4085.0
2025-03-10 15:00:00,24978.6,36.77,3171.0
2025-03-10 16:00:00,28212.4,44.79,2199.0
2025-03-10 17:00:00,29794.6,54.63,1618.0
2025-03-10 18:00:00,30146.7,55.17,796.0
2025-03-10 19:00:00,29786.1,52.1,625.0
2025-03-10 20:00:00,27412.8,48.02,227.0
2025-03-10 21:00:00,24600.8,35.98,189.0
2025-03-10 22:00:00,21886.6,45.13,112.5
2025-03-10 23:00:00,20180.7,33.13,58.0
2025-03-11 00:00:00,17655.1,20.95,33.5
2025-03-11 01:00:00,16887.6,22.5,27.0
2025-03-11 02:00:00,14685.1,15.63,8.0
2025-03-11 03:00:00,14000.0,17.77,2.0
2025-03-11 04:00:00,14594.5,24.39,1.5
2025-03-11 05:00:00,17750.5,20.01,0.0
2025-03-11 06:00:00,21610.6,42.28,23.0
2025-03-11 07:00:00,25180.8,38.63,710.0
2025-03-11 08:00:00,27718.0,41.76,1590.5
2025-03-11 09:00:00,27554.7,37.52,2636.5
2025-03-11 10:00:00,25339.5,25.89,3363.5
2025-03-11 11:00:00,22863.6,25.77,4039.5
2025-03-11 12:00:00,21712.6,13.64,4221.5
2025-03-11 13:00:00,21310.7,26.1,3958.5
2025-03-11 14:00:00,22482.8,17.11,4513.5
2025-03-11 15:00:00,24697.8,28.15,4313.5
2025-03-11 16:00:00,28071.9,36.91,3258.5
2025-03-11 17:00:00,30102.3,53.7,1898.0
2025-03-11 18:00:00,31362.2,48.21,2035.5
2025-03-11 19:00:00,30582.4,59.72,855.5
2025-03-11 20:00:00,27839.6,57.11,847.5
2025-03-11 21:00:00,24559.4,34.15,1425.5
2025-03-11 22:00:00,22472.0,29.32,634.5
2025-03-11 23:00:00,20390.0,31.2,893.5
2025-03-12 00:00:00,18110.1,27.48,1228.0
2025-03-12 01:00:00,16481.0,23.59,712.0
2025-03-12 02:00:00,15178.2,21.56,265.5
2025-03-12 03:00:00,14135.9,23.47,254.5
2025-03-12 04:00:00,14694.8,22.98,385.0
2025-03-12 05:00:00,17417.9,19.95,642.0
2025-03-12 06:00:00,21694.5,32.25,805.5
2025-03-12 07:00:00,25564.0,46.18,1531.5
2025-03-12 08:00:00,27797.6,42.39,2215.0
2025-03-12 09:00:00,27192.7,37.43,2854.0
2025-03-12 10:00:00,25080.1,25.21,3317.0
2025-03-12 11:00:00,22950.6,27.53,3532.5
2025-03-12 12:00:00,21119.5,20.64,3558.5
2025-03-12 13:00:00,21839.6,23.19,3439.5
2025-03-12 14:00:00,22300.7,29.6,3012.0
2025-03-12 15:00:00,25159.4,29.91,2377.0
2025-03-12 16:00:00,27702.5,48.09,1504.5
2025-03-12 17:00:00,30018.2,53.07,665.5
2025-03-12 18:00:00,30717.1,60.7,104.5
2025-03-12 19:00:00,29520.5,52.03,153.0
2025-03-12 20:00:00,27149.5,53.68,130.5
2025-03-12 21:00:00,25297.7,32.48,164.0
2025-03-12 22:00:00,22084.8,31.59,265.0
2025-03-12 23:00:00,20516.2,29.78,466.5
2025-03-13 00:00:00,17727.1,24.74,410.5
2025-03-13 01:00:00,16244.6,29.6,328.0
2025-03-13 02:00:00,15061.7,14.48,253.5
2025-03-13 03:00:00,14033.1,23.82,453.5
2025-03-13 04:00:00,14408.8,21.45,136.5
2025-03-13 05:00:00,17374.0,23.07,109.5
2025-03-13 06:00:00,21710.6,44.4,56.0
2025-03-13 07:00:00,25084.6,35.0,813.5
2025-03-13 08:00:00,27092.9,43.97,1913.0
2025-03-13 09:00:00,26899.1,41.09,2911.0
2025-03-13 10:00:00,25961.0,22.23,3754.0
2025-03-13 11:00:00,22347.9,16.49,4257.5
2025-03-13 12:00:00,21630.6,23.26,4851.0
2025-03-13 13:00:00,21150.8,18.57,4394.0
2025-03-13 14:00:00,22186.5,23.05,4486.5
2025-03-13 15:00:00,24606.7,30.04,3379.5
2025-03-13 16:00:00,27763.3,42.41,3082.0
2025-03-13 17:00:00,30097.4,43.21,2184.5
2025-03-13 18:00:00,30745.4,56.8,1178.5
2025-03-13 19:00:00,30253.2,50.71,1771.0
2025-03-13 20:00:00,27972.4,46.83,1247.5
2025-03-13 21:00:00,24870.0,36.06,977.5
2025-03-13 22:00:00,21787.3,26.86,1888.5
2025-03-13 23:00:00,20251.7,30.72,1340.0
2025-03-14 00:00:00,17432.7,32.51,406.5
2025-03-14 01:00:00,16086.5,24.76,694.0
2025-03-14 02:00:00,14561.1,16.13,933.5
2025-03-14 03:00:00,14000.0,19.29,464.0
2025-03-14 04:00:00,14625.3,19.26,901.0
2025-03-14 05:00:00,17436.6,22.75,957.0
2025-03-14 06:00:00,21062.5,35.7,899.5
2025-03-14 07:00:00,25576.9,36.03,1483.0
2025-03-14 08:00:00,27188.3,34.37,3047.5
2025-03-14 09:00:00,27414.9,29.06,3966.5
2025-03-14 10:00:00,25211.7,23.1,4345.5
2025-03-14 11:00:00,22530.2,27.83,4038.5
2025-03-14 12:00:00,21537.9,15.74,4257.0
2025-03-14 13:00:00,21366.7,16.79,4060.0
2025-03-14 14:00:00,22136.8,24.21,3971.0
2025-03-14 15:00:00,24087.1,32.02,3472.5
2025-03-14 16:00:00,27429.2,36.25,2669.5
2025-03-14 17:00:00,29220.0,53.55,1215.5
2025-03-14 18:00:00,31061.8,52.18,265.0
2025-03-14 19:00:00,29475.8,55.38,481.0
2025-03-14 20:00:00,28057.5,49.48,369.5
2025-03-14 21:00:00,23699.6,42.52,340.0
2025-03-14 22:00:00,21931.5,39.07,559.0
2025-03-14 23:00:00,20458.9,32.83,717.0
2025-03-15 00:00:00,14798.2,23.3,775.0
2025-03-15 01:00:00,14083.0,23.77,356.0
2025-03-15 02:00:00,14000.0,13.67,276.0
2025-03-15 03:00:00,14000.0,16.47,432.0
2025-03-15 04:00:00,14000.0,23.67,584.0
2025-03-15 05:00:00,14754.6,12.38,1046.0
2025-03-15 06:00:00,18555.8,24.15,822.5
2025-03-15 07:00:00,21996.8,37.99,1963.0
2025-03-15 08:00:00,23437.6,29.08,2731.0
2025-03-15 09:00:00,22942.7,26.4,3362.5
2025-03-15 10:00:00,22068.8,21.79,4306.5
2025-03-15 11:00:00,20064.3,17.35,4367.5
2025-03-15 12:00:00,18252.3,9.59,4327.5
2025-03-15 13:00:00,17980.7,9.34,4505.5
2025-03-15 14:00:00,19071.1,22.95,4316.5
2025-03-15 15:00:00,21515.2,16.09,3821.5
2025-03-15 16:00:00,23838.4,26.89,3326.5
2025-03-15 17:00:00,26019.0,35.04,1996.0
2025-03-15 18:00:00,26350.0,43.7,1191.0
2025-03-15 19:00:00,25350.4,37.8,1545.0
2025-03-15 20:00:00,24034.0,43.1,2092.0
2025-03-15 21:00:00,21043.1,37.98,2177.5
2025-03-15 22:00:00,19025.2,24.3,3424.5
2025-03-15 23:00:00,16958.1,16.15,3271.0
2025-03-16 00:00:00,14815.6,24.51,2831.5
2025-03-16 01:00:00,14277.7,13.09,2564.5
2025-03-16 02:00:00,14000.0,14.53,3562.0
2025-03-16 03:00:00,14000.0,17.3,2535.5
2025-03-16 04:00:00,14000.0,11.91,2402.0
2025-03-16 05:00:00,14865.8,17.29,1829.0
2025-03-16 06:00:00,18470.6,34.97,1560.5
2025-03-16 07:00:00,22315.9,31.84,2832.5
2025-03-16 08:00:00,23016.0,28.13,4704.5
2025-03-16 09:00:00,23439.9,28.73,4345.5
2025-03-16 10:00:00,21996.2,23.28,4126.0
2025-03-16 11:00:00,19559.8,20.82,3778.0
2025-03-16 12:00:00,18370.1,14.42,4282.0
2025-03-16 13:00:00,18307.9,11.96,4204.5
2025-03-16 14:00:00,18847.8,27.97,4120.5
2025-03-16 15:00:00,21116.9,20.31,3387.0
2025-03-16 16:00:00,24105.6,31.73,2216.0
2025-03-16 17:00:00,25820.4,47.36,1186.0
2025-03-16 18:00:00,26319.9,49.63,323.0
2025-03-16 19:00:00,25655.7,42.94,452.5
2025-03-16 20:00:00,23825.8,38.72,481.5
2025-03-16 21:00:00,21386.0,34.73,916.0
2025-03-16 22:00:00,18744.5,30.44,951.0
2025-03-16 23:00:00,17696.0,27.18,835.5
2025-03-17 00:00:00,17450.5,24.61,776.0
2025-03-17 01:00:00,16270.1,27.64,545.5
2025-03-17 02:00:00,14561.5,21.14,710.5
2025-03-17 03:00:00,14000.0,22.97,913.5
2025-03-17 04:00:00,14378.3,21.31,622.0
2025-03-17 05:00:00,17183.5,20.74,378.5
2025-03-17 06:00:00,20643.9,36.0,583.5
2025-03-17 07:00:00,25089.3,43.72,1339.5
2025-03-17 08:00:00,27345.8,40.72,2882.0
2025-03-17 09:00:00,26804.9,26.87,4070.0
2025-03-17 10:00:00,24544.8,28.52,4042.0
2025-03-17 11:00:00,22374.5,19.56,4183.5
2025-03-17 12:00:00,21250.5,17.8,4739.5
2025-03-17 13:00:00,20873.1,19.74,4532.5
2025-03-17 14:00:00,22221.1,21.45,4281.0
2025-03-17 15:00:00,24568.4,31.14,4132.0
2025-03-17 16:00:00,27530.1,40.66,3303.5
2025-03-17 17:00:00,28840.5,48.24,1756.0
2025-03-17 18:00:00,30312.2,52.93,533.5
2025-03-17 19:00:00,29170.4,56.24,529.5
2025-03-17 20:00:00,27008.8,52.98,870.5
2025-03-17 21:00:00,24524.0,42.09,608.0
2025-03-17 22:00:00,21962.2,35.52,246.0
2025-03-17 23:00:00,20224.4,32.32,191.0
2025-03-18 00:00:00,17157.7,30.82,240.0
2025-03-18 01:00:00,16020.0,25.76,128.5
2025-03-18 02:00:00,14637.3,21.28,203.0
2025-03-18 03:00:00,14000.0,18.07,96.0
2025-03-18 04:00:00,14684.6,24.31,73.0
2025-03-18 05:00:00,17021.4,30.01,137.0
2025-03-18 06:00:00,21287.9,36.13,116.5
2025-03-18 07:00:00,25064.5,40.86,1251.0
2025-03-18 08:00:00,26228.6,40.36,2031.0
2025-03-18 09:00:00,26109.5,36.75,3312.0
2025-03-18 10:00:00,25277.2,25.33,3778.0
2025-03-18 11:00:00,22658.3,17.95,4546.5
2025-03-18 12:00:00,20893.1,15.27,4613.0
2025-03-18 13:00:00,20803.8,17.57,4548.0
2025-03-18 14:00:00,22350.6,18.66,4611.0
2025-03-18 15:00:00,24597.9,27.76,3674.5
2025-03-18 16:00:00,26392.2,39.11,3102.5
2025-03-18 17:00:00,29946.1,40.54,2806.5
2025-03-18 18:00:00,30535.6,48.56,2006.5
2025-03-18 19:00:00,29154.4,45.73,2188.5
2025-03-18 20:00:00,26466.4,48.39,2099.5
2025-03-18 21:00:00,24501.3,39.25,2143.0
2025-03-18 22:00:00,21719.8,35.28,1548.0
2025-03-18 23:00:00,19303.6,27.14,880.0
2025-03-19 00:00:00,16926.0,23.58,888.0
2025-03-19 01:00:00,16736.2,14.78,724.0
2025-03-19 02:00:00,14641.7,22.0,446.5
2025-03-19 03:00:00,14000.0,17.41,528.5
2025-03-19 04:00:00,14124.6,12.22,1230.5
2025-03-19 05:00:00,17493.0,24.65,2519.0
2025-03-19 06:00:00,21316.2,26.65,2916.5
2025-03-19 07:00:00,25240.9,34.29,4048.0
2025-03-19 08:00:00,26727.1,34.33,4738.5
2025-03-19 09:00:00,26873.4,43.5,4387.0
2025-03-19 10:00:00,24298.4,20.93,5385.5
2025-03-19 11:00:00,22530.5,20.07,5123.5
2025-03-19 12:00:00,21088.2,17.38,4483.5
2025-03-19 13:00:00,21196.0,14.81,4382.0
2025-03-19 14:00:00,22014.8,20.3,4600.0
2025-03-19 15:00:00,23940.5,30.1,3890.0
2025-03-19 16:00:00,26910.6,39.45,2940.5
2025-03-19 17:00:00,28388.0,48.13,1814.5
2025-03-19 18:00:00,28942.9,47.24,1008.0
2025-03-19 19:00:00,29475.0,52.74,659.0
2025-03-19 20:00:00,26696.5,39.91,656.0
2025-03-19 21:00:00,23935.6,34.46,222.0
2025-03-19 22:00:00,21752.9,44.37,172.5
2025-03-19 23:00:00,20073.4,33.77,368.5
2025-03-20 00:00:00,17057.0,29.37,481.0
2025-03-20 01:00:00,16387.1,28.06,440.0
2025-03-20 02:00:00,14693.1,22.28,175.5
2025-03-20 03:00:00,14000.0,26.7,100.0
2025-03-20 04:00:00,14339.2,21.32,58.0
2025-03-20 05:00:00,16648.7,17.39,204.0
2025-03-20 06:00:00,21270.3,36.47,402.5
2025-03-20 07:00:00,23722.9,39.26,1788.5
2025-03-20 08:00:00,26294.7,28.66,3410.5
2025-03-20 09:00:00,26287.3,26.69,5630.5
2025-03-20 10:00:00,24228.7,23.08,7383.0
2025-03-20 11:00:00,22239.6,19.07,6700.5
2025-03-20 12:00:00,21496.1,14.42,6132.5
2025-03-20 13:00:00,21030.0,11.64,5713.5
2025-03-20 14:00:00,21603.2,16.44,5566.5
2025-03-20 15:00:00,23907.0,26.52,4515.0
2025-03-20 16:00:00,26270.8,37.61,3502.0
2025-03-20 17:00:00,29317.7,44.32,2814.5
2025-03-20 18:00:00,29762.3,56.3,2206.5
2025-03-20 19:00:00,28147.2,47.99,1904.5
2025-03-20 20:00:00,26787.0,41.69,2372.5
2025-03-20 21:00:00,24097.2,33.17,3338.0
2025-03-20 22:00:00,21713.6,27.93,2845.0
2025-03-20 23:00:00,19566.0,33.91,1605.0
2025-03-21 00:00:00,16763.3,21.27,2379.0
2025-03-21 01:00:00,16339.2,7.04,3417.5
2025-03-21 02:00:00,14529.6,14.66,2910.5
2025-03-21 03:00:00,14000.0,22.8,1746.5
2025-03-21 04:00:00,14118.6,14.77,2303.0
2025-03-21 05:00:00,17087.1,18.03,1944.5
2025-03-21 06:00:00,20434.4,26.61,2952.5
2025-03-21 07:00:00,24363.4,36.07,3239.0
2025-03-21 08:00:00,25948.9,30.87,4185.5
2025-03-21 09:00:00,25941.6,24.5,4902.5
2025-03-21 10:00:00,24884.9,24.82,5982.0
2025-03-21 11:00:00,22102.0,22.27,5548.0
2025-03-21 12:00:00,21064.6,20.93,5766.0
2025-03-21 13:00:00,21078.5,14.94,6120.0
2025-03-21 14:00:00,21736.5,13.84,6590.0
2025-03-21 15:00:00,24343.3,27.38,4983.5
2025-03-21 16:00:00,26895.4,40.98,3427.5
2025-03-21 17:00:00,28952.0,50.18,1996.5
2025-03-21 18:00:00,30096.6,52.77,954.0
2025-03-21 19:00:00,29690.7,47.62,1247.5
2025-03-21 20:00:00,26391.1,47.53,381.5
2025-03-21 21:00:00,23506.2,40.01,566.0
2025-03-21 22:00:00,20998.1,35.53,1125.0
2025-03-21 23:00:00,19804.8,26.41,1184.5
2025-03-22 00:00:00,14858.1,17.39,1401.0
2025-03-22 01:00:00,14000.0,21.77,1532.5
2025-03-22 02:00:00,14000.0,19.5,1231.5
2025-03-22 03:00:00,14000.0,13.82,1206.0
2025-03-22 04:00:00,14000.0,24.38,1151.0
2025-03-22 05:00:00,14643.1,19.98,683.5
2025-03-22 06:00:00,18154.9,29.88,789.5
2025-03-22 07:00:00,21096.4,28.12,1628.5
2025-03-22 08:00:00,23253.7,28.7,3825.0
2025-03-22 09:00:00,22806.5,30.23,3880.5
2025-03-22 10:00:00,21357.1,23.94,4732.5
2025-03-22 11:00:00,19379.7,20.2,4624.5
2025-03-22 12:00:00,18204.3,9.7,4394.0
2025-03-22 13:00:00,17985.2,13.98,4387.0
2025-03-22 14:00:00,18584.6,6.85,4252.0
2025-03-22 15:00:00,20905.0,20.0,4666.0
2025-03-22 16:00:00,23400.8,37.85,2900.0
2025-03-22 17:00:00,25483.2,32.32,2536.0
2025-03-22 18:00:00,25955.6,40.41,1147.5
2025-03-22 19:00:00,24679.5,41.5,777.5
2025-03-22 20:00:00,22813.0,36.8,952.5
2025-03-22 21:00:00,20535.5,37.43,512.0
2025-03-22 22:00:00,18533.9,32.08,927.5
2025-03-22 23:00:00,16881.7,15.38,1646.0
2025-03-23 00:00:00,14309.8,11.04,3120.0
2025-03-23 01:00:00,14000.0,14.23,3072.5
2025-03-23 02:00:00,14000.0,12.2,3207.5
2025-03-23 03:00:00,14000.0,15.36,3574.0
2025-03-23 04:00:00,14000.0,15.62,3545.0
2025-03-23 05:00:00,15110.4,6.23,3815.0
2025-03-23 06:00:00,18523.3,23.39,2846.0
2025-03-23 07:00:00,20871.7,21.57,3988.0
2025-03-23 08:00:00,22869.6,27.5,4103.0
2025-03-23 09:00:00,22106.9,25.39,4454.5
2025-03-23 10:00:00,20675.4,17.7,4470.5
2025-03-23 11:00:00,18914.2,8.45,4539.5
2025-03-23 12:00:00,17932.8,16.22,4733.0
2025-03-23 13:00:00,17745.8,5.86,5666.5
2025-03-23 14:00:00,18846.6,10.57,5518.5
2025-03-23 15:00:00,20915.7,10.88,5211.5
2025-03-23 16:00:00,22922.0,30.77,3495.5
2025-03-23 17:00:00,24967.6,38.02,2004.5
2025-03-23 18:00:00,25275.1,42.81,1978.0
2025-03-23 19:00:00,24443.8,37.9,972.0
2025-03-23 20:00:00,22489.1,39.95,957.5
2025-03-23 21:00:00,20792.4,37.35,2029.5
2025-03-23 22:00:00,18317.9,17.58,1559.5
2025-03-23 23:00:00,16375.6,24.63,1726.5
2025-03-24 00:00:00,16650.5,18.9,913.5
2025-03-24 01:00:00,15392.6,22.82,1617.0
2025-03-24 02:00:00,14721.0,24.36,1454.5
2025-03-24 03:00:00,14000.0,13.24,1814.5
2025-03-24 04:00:00,14216.1,16.93,724.0
2025-03-24 05:00:00,16993.2,26.3,933.5
2025-03-24 06:00:00,20357.6,30.88,1674.5
2025-03-24 07:00:00,24282.6,27.63,3258.5
2025-03-24 08:00:00,26344.9,31.1,4137.5
2025-03-24 09:00:00,25926.9,24.44,5415.0
2025-03-24 10:00:00,24280.4,21.17,5928.5
2025-03-24 11:00:00,21613.9,23.03,5963.5
2025-03-24 12:00:00,20774.8,12.52,6936.0
2025-03-24 13:00:00,20226.9,7.1,6573.0
2025-03-24 14:00:00,21611.4,16.88,6169.0
2025-03-24 15:00:00,24040.8,25.26,4487.0
2025-03-24 16:00:00,26644.7,39.71,4388.5
2025-03-24 17:00:00,28723.0,40.37,3520.0
2025-03-24 18:00:00,29707.3,49.85,1414.0
2025-03-24 19:00:00,28860.4,55.0,1085.5
2025-03-24 20:00:00,26934.3,42.51,1187.5
2025-03-24 21:00:00,23566.6,33.75,1304.5
2025-03-24 22:00:00,21133.6,32.45,2416.5
2025-03-24 23:00:00,19562.0,30.35,1637.5
2025-03-25 00:00:00,16480.5,19.38,785.5
2025-03-25 01:00:00,15313.5,13.9,903.5
2025-03-25 02:00:00,14414.3,22.13,711.0
2025-03-25 03:00:00,14000.0,21.03,804.0
2025-03-25 04:00:00,14000.0,22.1,747.0
2025-03-25 05:00:00,16781.3,29.49,945.5
2025-03-25 06:00:00,21016.2,34.83,656.5
2025-03-25 07:00:00,23571.6,35.2,1467.0
2025-03-25 08:00:00,26427.3,41.19,2183.5
2025-03-25 09:00:00,24802.0,32.23,2840.5
2025-03-25 10:00:00,23912.8,21.08,3398.5
2025-03-25 11:00:00,22576.0,24.3,3721.0
2025-03-25 12:00:00,20423.8,19.1,4531.5
2025-03-25 13:00:00,20325.1,12.75,4448.5
2025-03-25 14:00:00,21661.6,28.66,3958.0
2025-03-25 15:00:00,23014.7,25.6,3274.0
2025-03-25 16:00:00,26307.7,41.14,2877.5
2025-03-25 17:00:00,28491.8,39.69,2575.0
2025-03-25 18:00:00,30130.3,53.37,2400.0
2025-03-25 19:00:00,27928.8,51.38,2402.0
2025-03-25 20:00:00,26092.5,39.48,1880.0
2025-03-25 21:00:00,23161.5,36.41,2595.0
2025-03-25 22:00:00,20675.3,29.41,2385.0
2025-03-25 23:00:00,19543.5,23.64,2426.0
2025-03-26 00:00:00,16545.6,20.19,3347.5
2025-03-26 01:00:00,15436.9,13.72,4444.5
2025-03-26 02:00:00,14142.9,10.26,4923.5
2025-03-26 03:00:00,14000.0,6.93,4552.0
2025-03-26 04:00:00,14000.0,15.63,4459.5
2025-03-26 05:00:00,16277.7,14.3,4821.0
2025-03-26 06:00:00,20416.1,23.04,4854.0
2025-03-26 07:00:00,23940.0,22.86,5984.0
2025-03-26 08:00:00,25633.7,30.23,7503.0
2025-03-26 09:00:00,25744.1,19.25,7309.0
2025-03-26 10:00:00,24051.4,12.65,7480.5
2025-03-26 11:00:00,21702.6,12.76,8163.5
2025-03-26 12:00:00,20402.0,6.08,8728.0
2025-03-26 13:00:00,20874.6,13.23,8174.5
2025-03-26 14:00:00,22013.1,21.8,7433.0
2025-03-26 15:00:00,23160.4,25.56,6794.0
2025-03-26 16:00:00,25819.5,36.8,4361.0
2025-03-26 17:00:00,27904.7,37.96,3016.5
2025-03-26 18:00:00,29662.1,55.75,1214.0
2025-03-26 19:00:00,28177.8,46.99,1083.0
2025-03-26 20:00:00,26236.2,40.11,1044.5
2025-03-26 21:00:00,24099.5,43.21,801.0
2025-03-26 22:00:00,20917.4,31.59,1200.0
2025-03-26 23:00:00,19347.7,27.6,2081.0
2025-03-27 00:00:00,16604.1,25.06,2212.5
2025-03-27 01:00:00,15370.0,23.38,1986.0
2025-03-27 02:00:00,14424.5,15.05,2838.5
2025-03-27 03:00:00,14000.0,16.14,2776.5
2025-03-27 04:00:00,14190.7,19.6,2892.0
2025-03-27 05:00:00,16383.1,18.81,2171.0
2025-03-27 06:00:00,20270.6,23.18,1976.5
2025-03-27 07:00:00,23585.8,30.55,2790.0
2025-03-27 08:00:00,25470.8,31.88,3224.5
2025-03-27 09:00:00,25422.0,29.46,3879.5
2025-03-27 10:00:00,23002.4,31.14,4779.0
2025-03-27 11:00:00,21725.0,16.2,4498.0
2025-03-27 12:00:00,20212.5,13.85,5123.5
2025-03-27 13:00:00,20381.0,11.1,5176.0
2025-03-27 14:00:00,21387.4,19.75,4500.5
2025-03-27 15:00:00,23193.3,27.29,4035.5
2025-03-27 16:00:00,25898.7,37.74,3009.5
2025-03-27 17:00:00,28147.0,45.13,1937.5
2025-03-27 18:00:00,29735.4,52.74,728.5
2025-03-27 19:00:00,27890.1,38.83,742.5
2025-03-27 20:00:00,25760.6,47.23,893.0
2025-03-27 21:00:00,22914.1,43.49,1147.5
2025-03-27 22:00:00,20377.1,30.56,448.5
2025-03-27 23:00:00,19159.2,27.57,488.0
2025-03-28 00:00:00,16462.0,20.96,482.5
2025-03-28 01:00:00,15744.4,26.76,430.0
2025-03-28 02:00:00,14365.2,16.5,438.5
2025-03-28 03:00:00,14000.0,20.02,405.5
2025-03-28 04:00:00,14000.0,13.5,787.0
2025-03-28 05:00:00,16400.8,25.81,1133.0
2025-03-28 06:00:00,19941.7,28.22,1527.0
2025-03-28 07:00:00,24134.6,34.66,2821.0
2025-03-28 08:00:00,25775.2,31.38,2963.5
2025-03-28 09:00:00,25736.3,27.59,3867.5
2025-03-28 10:00:00,23374.9,21.17,4285.5
2025-03-28 11:00:00,21831.9,15.47,4573.5
2025-03-28 12:00:00,20351.8,10.97,5146.5
2025-03-28 13:00:00,20106.6,9.53,4815.0
2025-03-28 14:00:00,20953.8,20.11,4553.5
2025-03-28 15:00:00,23768.5,27.87,3813.5
2025-03-28 16:00:00,26776.6,33.45,3582.5
2025-03-28 17:00:00,27669.1,45.57,2277.0
2025-03-28 18:00:00,29288.2,55.52,1684.5
2025-03-28 19:00:00,26915.4,40.53,2387.5
2025-03-28 20:00:00,26201.8,40.38,3582.5
2025-03-28 21:00:00,22567.7,34.34,2825.5
2025-03-28 22:00:00,20596.7,26.99,2650.5
2025-03-28 23:00:00,18623.8,18.23,3529.0
2025-03-29 00:00:00,14177.5,23.78,3942.5
2025-03-29 01:00:00,14000.0,15.36,3564.5
2025-03-29 02:00:00,14000.0,15.0,3106.5
2025-03-29 03:00:00,14000.0,16.3,3079.0
2025-03-29 04:00:00,14000.0,25.17,3054.0
2025-03-29 05:00:00,14607.8,15.38,3040.5
2025-03-29 06:00:00,17740.4,21.89,3289.0
2025-03-29 07:00:00,20334.3,22.91,4313.5
2025-03-29 08:00:00,22140.7,29.22,4055.5
2025-03-29 09:00:00,22604.0,22.63,5463.0
2025-03-29 10:00:00,20830.8,8.34,6175.5
2025-03-29 11:00:00,18562.0,2.33,5786.0
2025-03-29 12:00:00,17513.2,12.91,5296.5
2025-03-29 13:00:00,17327.7,10.61,4682.0
2025-03-29 14:00:00,18199.5,11.64,4474.5
2025-03-29 15:00:00,19718.7,14.69,4170.5
2025-03-29 16:00:00,22284.6,34.46,3205.0
2025-03-29 17:00:00,24893.6,36.53,2757.0
2025-03-29 18:00:00,24967.6,41.7,2026.5
2025-03-29 19:00:00,24340.8,43.38,1507.5
2025-03-29 20:00:00,22529.6,38.16,1407.0
2025-03-29 21:00:00,20792.2,30.95,1356.0
2025-03-29 22:00:00,17994.1,26.17,1322.5
2025-03-29 23:00:00,16734.7,26.74,1484.0
2025-03-30 00:00:00,14041.4,22.68,1208.0
2025-03-30 01:00:00,14000.0,21.96,1846.5
2025-03-30 02:00:00,14000.0,14.06,1898.5
2025-03-30 03:00:00,14000.0,15.86,3003.0
2025-03-30 04:00:00,14000.0,11.66,3025.5
2025-03-30 05:00:00,14403.7,16.39,2550.5
2025-03-30 06:00:00,17347.4,21.97,2202.0
2025-03-30 07:00:00,20620.0,28.24,1917.0
2025-03-30 08:00:00,22448.4,32.37,2789.5
2025-03-30 09:00:00,21731.1,17.48,4724.0
2025-03-30 10:00:00,20867.7,25.1,5209.0
2025-03-30 11:00:00,18769.1,17.86,4886.5
2025-03-30 12:00:00,17472.4,1.92,5186.0
2025-03-30 13:00:00,16800.1,8.68,5461.0
2025-03-30 14:00:00,18174.3,5.66,5563.5
2025-03-30 15:00:00,20272.1,20.96,4052.5
2025-03-30 16:00:00,23013.7,22.86,3028.0
2025-03-30 17:00:00,24498.2,41.97,1644.0
2025-03-30 18:00:00,25436.8,47.33,1119.0
2025-03-30 19:00:00,23844.0,37.77,1086.5
2025-03-30 20:00:00,22352.8,36.83,1329.0
2025-03-30 21:00:00,20412.0,27.11,1115.0
2025-03-30 22:00:00,17683.6,25.92,392.0
2025-03-30 23:00:00,16638.4,24.41,847.0
2025-03-31 00:00:00,16401.2,17.45,1104.0
2025-03-31 01:00:00,15331.9,27.67,1569.0
2025-03-31 02:00:00,14000.0,19.75,1016.0
2025-03-31 03:00:00,14000.0,24.8,827.5
2025-03-31 04:00:00,14062.5,17.72,1407.5
2025-03-31 05:00:00,16429.4,21.14,1108.5
2025-03-31 06:00:00,20206.5,29.16,2179.5
2025-03-31 07:00:00,23463.3,35.58,2828.0
2025-03-31 08:00:00,25447.1,28.96,3687.0
2025-03-31 09:00:00,25255.5,28.19,4874.5
2025-03-31 10:00:00,23647.9,18.19,5566.0
2025-03-31 11:00:00,21703.3,7.94,5409.5
2025-03-31 12:00:00,19819.9,12.45,4925.5
2025-03-31 13:00:00,19397.0,13.42,5115.5
2025-03-31 14:00:00,20953.0,15.96,5191.0
2025-03-31 15:00:00,22477.5,20.06,4741.0
2025-03-31 16:00:00,25553.3,31.55,4114.5
2025-03-31 17:00:00,27600.7,37.2,3073.5
2025-03-31 18:00:00,28852.1,52.05,732.5
2025-03-31 19:00:00,28632.1,49.94,95.0
2025-03-31 20:00:00,24894.4,47.41,87.0
2025-03-31 21:00:00,23734.1,35.51,182.0
2025-03-31 22:00:00,20448.9,34.94,111.5
2025-03-31 23:00:00,18876.8,33.31,125.0
2025-04-01 00:00:00,15817.0,30.07,119.5
2025-04-01 01:00:00,15437.3,21.15,424.0
2025-04-01 02:00:00,14000.0,25.8,177.0
2025-04-01 03:00:00,14000.0,22.65,207.5
2025-04-01 04:00:00,14000.0,28.28,106.5
2025-04-01 05:00:00,16230.2,19.51,117.0
2025-04-01 06:00:00,20280.1,33.1,603.5
2025-04-01 07:00:00,23434.8,33.55,1776.0
2025-04-01 08:00:00,25780.5,34.36,3070.0
2025-04-01 09:00:00,25522.3,33.49,3718.5
2025-04-01 10:00:00,23190.8,27.37,4742.5
2025-04-01 11:00:00,21895.4,18.55,5467.5
2025-04-01 12:00:00,19991.3,6.86,5238.0
2025-04-01 13:00:00,19771.3,11.0,5605.5
2025-04-01 14:00:00,20876.6,28.96,5395.0
2025-04-01 15:00:00,23017.1,19.77,4379.5
2025-04-01 16:00:00,24569.5,30.67,3701.5
2025-04-01 17:00:00,27628.4,41.38,3852.0
2025-04-01 18:00:00,27946.3,48.75,2337.0
2025-04-01 19:00:00,28373.3,43.09,2756.5
2025-04-01 20:00:00,26150.8,47.13,2701.5
2025-04-01 21:00:00,23154.5,40.55,2397.0
2025-04-01 22:00:00,20368.2,32.45,1897.5
2025-04-01 23:00:00,18423.3,25.33,634.5
2025-04-02 00:00:00,15938.6,21.86,512.5
2025-04-02 01:00:00,15592.5,20.66,532.0
2025-04-02 02:00:00,14000.0,19.37,387.5
2025-04-02 03:00:00,14000.0,25.11,892.0
2025-04-02 04:00:00,14000.0,20.11,1107.5
2025-04-02 05:00:00,16512.9,26.69,1141.0
2025-04-02 06:00:00,20445.0,31.47,1389.0
2025-04-02 07:00:00,23792.0,41.41,1824.0
2025-04-02 08:00:00,25691.1,29.05,2417.0
2025-04-02 09:00:00,25018.5,14.61,3273.0
2025-04-02 10:00:00,22598.8,22.52,3839.5
2025-04-02 11:00:00,21309.9,19.58,3875.5
2025-04-02 12:00:00,20085.9,16.0,4098.5
2025-04-02 13:00:00,19640.2,12.27,4172.5
2025-04-02 14:00:00,20708.6,14.52,3531.5
2025-04-02 15:00:00,22573.0,25.16,3096.5
2025-04-02 16:00:00,25096.8,32.58,2419.0
2025-04-02 17:00:00,28359.2,46.29,1402.5
2025-04-02 18:00:00,29218.6,53.94,495.5
2025-04-02 19:00:00,27589.3,54.41,93.5
2025-04-02 20:00:00,25551.7,48.73,64.0
2025-04-02 21:00:00,22438.8,38.68,46.5
2025-04-02 22:00:00,20558.4,36.67,84.5
2025-04-02 23:00:00,19125.6,26.93,34.0
2025-04-03 00:00:00,15667.3,20.89,120.5
2025-04-03 01:00:00,15197.4,30.11,355.0
2025-04-03 02:00:00,14000.0,24.65,433.0
2025-04-03 03:00:00,14000.0,14.48,263.0
2025-04-03 04:00:00,14000.0,17.86,187.5
2025-04-03 05:00:00,16578.2,33.97,193.0
2025-04-03 06:00:00,19801.7,27.95,621.0
2025-04-03 07:00:00,23572.1,27.15,1754.5
2025-04-03 08:00:00,25170.3,31.66,3171.5
2025-04-03 09:00:00,24665.8,27.41,4044.0
2025-04-03 10:00:00,23329.4,28.03,5088.5
2025-04-03 11:00:00,21432.3,21.82,5379.0
2025-04-03 12:00:00,19887.8,10.34,6411.0
2025-04-03 13:00:00,19344.8,8.19,7948.0
2025-04-03 14:00:00,20540.7,16.27,6367.5
2025-04-03 15:00:00,22659.5,24.8,5817.0
2025-04-03 16:00:00,25060.3,28.18,4971.5
2025-04-03 17:00:00,27620.7,39.46,4360.5
2025-04-03 18:00:00,28487.1,51.93,2358.0
2025-04-03 19:00:00,27887.4,47.38,1221.5
2025-04-03 20:00:00,25019.7,41.44,1754.5
2025-04-03 21:00:00,22489.2,40.6,563.0
2025-04-03 22:00:00,20756.3,31.88,622.0
2025-04-03 23:00:00,18515.8,26.13,495.5
2025-04-04 00:00:00,15980.2,26.17,498.5
2025-04-04 01:00:00,14994.4,25.03,428.0
2025-04-04 02:00:00,14000.0,20.88,84.5
2025-04-04 03:00:00,14000.0,18.05,322.5
2025-04-04 04:00:00,14000.0,19.19,119.5
2025-04-04 05:00:00,16031.0,25.44,627.0
2025-04-04 06:00:00,19535.3,24.45,1199.5
2025-04-04 07:00:00,23917.4,38.29,2481.5
2025-04-04 08:00:00,25362.8,40.64,2945.5
2025-04-04 09:00:00,24635.5,24.05,3343.5
2025-04-04 10:00:00,23639.3,28.13,3918.0
2025-04-04 11:00:00,20966.6,22.38,4164.5
2025-04-04 12:00:00,20164.4,19.59,4531.5
2025-04-04 13:00:00,19961.0,9.41,4431.5
2025-04-04 14:00:00,20319.6,15.76,4453.5
2025-04-04 15:00:00,22925.5,21.81,4470.5
2025-04-04 16:00:00,25579.4,31.48,3840.0
2025-04-04 17:00:00,28459.1,39.02,2071.0
2025-04-04 18:00:00,27886.0,54.05,1277.0
2025-04-04 19:00:00,27965.5,52.05,241.5
2025-04-04 20:00:00,25254.2,39.85,434.0
2025-04-04 21:00:00,22177.1,35.88,181.0
2025-04-04 22:00:00,20168.4,39.89,166.5
2025-04-04 23:00:00,18490.4,30.19,105.5
2025-04-05 00:00:00,14000.0,26.47,142.5
2025-04-05 01:00:00,14000.0,23.73,242.0
2025-04-05 02:00:00,14000.0,15.03,319.5
2025-04-05 03:00:00,14000.0,15.02,1060.0
2025-04-05 04:00:00,14000.0,13.8,1274.0
2025-04-05 05:00:00,14000.0,20.17,1518.5
2025-04-05 06:00:00,17153.2,30.23,2169.5
2025-04-05 07:00:00,20211.5,27.11,2163.0
2025-04-05 08:00:00,22062.8,27.41,2511.0
2025-04-05 09:00:00,21584.9,25.14,3338.0
2025-04-05 10:00:00,19636.2,17.06,3650.0
2025-04-05 11:00:00,18163.0,10.7,4283.5
2025-04-05 12:00:00,17155.6,10.28,4452.0
2025-04-05 13:00:00,17209.0,13.16,4327.0
2025-04-05 14:00:00,18204.1,9.69,4625.5
2025-04-05 15:00:00,20220.4,15.65,3617.0
2025-04-05 16:00:00,21953.8,29.96,3133.0
2025-04-05 17:00:00,24004.5,24.89,2244.0
2025-04-05 18:00:00,23905.8,33.1,1070.0
2025-04-05 19:00:00,23879.0,40.73,693.5
2025-04-05 20:00:00,21527.5,38.01,1394.0
2025-04-05 21:00:00,19565.7,30.93,1434.0
2025-04-05 22:00:00,18305.9,24.96,1462.5
2025-04-05 23:00:00,16096.8,25.67,1676.5
2025-04-06 00:00:00,14000.0,15.74,1122.5
2025-04-06 01:00:00,14000.0,20.47,1771.5
2025-04-06 02:00:00,14000.0,17.14,1123.5
2025-04-06 03:00:00,14000.0,13.62,1321.5
2025-04-06 04:00:00,14000.0,20.85,1686.5
2025-04-06 05:00:00,14055.1,23.62,2155.5
2025-04-06 06:00:00,17176.6,18.92,2946.5
2025-04-06 07:00:00,19949.9,28.11,3094.5
2025-04-06 08:00:00,21516.8,16.09,3344.5
2025-04-06 09:00:00,21909.5,15.32,4554.0
2025-04-06 10:00:00,20072.5,11.62,4497.5
2025-04-06 11:00:00,17402.9,9.96,4395.0
2025-04-06 12:00:00,17665.9,11.77,4816.5
2025-04-06 13:00:00,16904.4,2.51,5035.5
2025-04-06 14:00:00,17879.0,6.9,4969.5
2025-04-06 15:00:00,19939.7,20.12,4656.5
2025-04-06 16:00:00,21978.5,21.53,3512.0
2025-04-06 17:00:00,23905.8,37.38,3301.0
2025-04-06 18:00:00,24189.7,34.58,1737.5
2025-04-06 19:00:00,23198.2,42.38,1459.0
2025-04-06 20:00:00,21887.4,38.32,1386.0
2025-04-06 21:00:00,19927.2,32.07,942.0
2025-04-06 22:00:00,17272.9,26.02,1442.5
2025-04-06 23:00:00,15787.5,21.58,1887.0
2025-04-07 00:00:00,16077.6,24.74,2681.5
2025-04-07 01:00:00,14758.2,10.3,1612.0
2025-04-07 02:00:00,14000.0,15.83,1909.0
2025-04-07 03:00:00,14000.0,16.23,2773.5
2025-04-07 04:00:00,14000.0,19.76,3126.0
2025-04-07 05:00:00,15465.6,15.59,3022.0
2025-04-07 06:00:00,19407.3,14.53,3767.5
2025-04-07 07:00:00,23056.8,15.16,5265.0
2025-04-07 08:00:00,24834.6,30.27,4254.0
2025-04-07 09:00:00,24944.6,21.38,4921.0
2025-04-07 10:00:00,23508.7,19.79,5743.5
2025-04-07 11:00:00,21366.1,12.42,5014.0
2025-04-07 12:00:00,19786.1,10.11,6062.0
2025-04-07 13:00:00,19259.2,19.34,5700.5
2025-04-07 14:00:00,20176.0,20.69,5059.5
2025-04-07 15:00:00,22470.5,23.84,3728.0
2025-04-07 16:00:00,25210.0,31.63,3282.0
2025-04-07 17:00:00,27402.2,35.63,3034.0
2025-04-07 18:00:00,28134.5,46.43,2601.5
2025-04-07 19:00:00,27011.6,42.22,2314.5
2025-04-07 20:00:00,25250.3,47.32,1533.0
2025-04-07 21:00:00,22759.2,34.78,2551.0
2025-04-07 22:00:00,20234.9,28.63,3037.0
2025-04-07 23:00:00,18267.3,16.08,3387.5
2025-04-08 00:00:00,15530.8,15.85,2962.0
2025-04-08 01:00:00,14612.4,24.57,2766.0
2025-04-08 02:00:00,14000.0,12.09,1282.0
2025-04-08 03:00:00,14000.0,17.53,1266.5
2025-04-08 04:00:00,14000.0,17.48,1338.0
2025-04-08 05:00:00,15443.5,22.85,1188.0
2025-04-08 06:00:00,19342.7,28.66,1890.0
2025-04-08 07:00:00,22972.2,26.12,3781.0
2025-04-08 08:00:00,24323.5,28.64,5873.5
2025-04-08 09:00:00,24583.1,18.88,7126.0
2025-04-08 10:00:00,22684.1,20.47,6320.0
2025-04-08 11:00:00,20585.6,6.88,5990.0
2025-04-08 12:00:00,19458.5,9.7,5145.0
2025-04-08 13:00:00,19340.9,7.04,4921.0
2025-04-08 14:00:00,20029.5,17.9,4357.0
2025-04-08 15:00:00,22296.4,25.4,3515.5
2025-04-08 16:00:00,25068.7,31.45,2793.5
2025-04-08 17:00:00,26655.8,41.37,1937.5
2025-04-08 18:00:00,27076.0,39.84,1118.5
2025-04-08 19:00:00,26335.0,49.87,1131.0
2025-04-08 20:00:00,24703.6,44.26,1491.0
2025-04-08 21:00:00,21810.5,31.49,1008.0
2025-04-08 22:00:00,19790.4,27.15,539.5
2025-04-08 23:00:00,18660.2,26.94,920.0
2025-04-09 00:00:00,15342.9,22.16,1322.0
2025-04-09 01:00:00,14683.3,20.83,1074.0
2025-04-09 02:00:00,14000.0,14.32,1136.5
2025-04-09 03:00:00,14000.0,18.29,515.5
2025-04-09 04:00:00,14000.0,21.07,703.5
2025-04-09 05:00:00,15680.5,22.11,422.5
2025-04-09 06:00:00,19540.0,29.74,987.5
2025-04-09 07:00:00,23380.5,37.49,1992.5
2025-04-09 08:00:00,24365.7,30.09,2560.0
2025-04-09 09:00:00,24053.6,31.87,3619.5
2025-04-09 10:00:00,22231.9,22.06,4100.5
2025-04-09 11:00:00,20763.4,16.74,4528.0
2025-04-09 12:00:00,18959.7,8.16,4494.5
2025-04-09 13:00:00,19020.5,17.22,4379.0
2025-04-09 14:00:00,19934.1,26.46,3838.5
2025-04-09 15:00:00,22650.8,20.91,3674.5
2025-04-09 16:00:00,24609.1,28.78,2808.0
2025-04-09 17:00:00,27020.1,47.75,1981.0
2025-04-09 18:00:00,26994.0,46.96,1381.5
2025-04-09 19:00:00,26905.5,43.56,972.0
2025-04-09 20:00:00,24316.8,48.37,826.0
2025-04-09 21:00:00,22023.3,33.65,1267.5
2025-04-09 22:00:00,20474.9,32.61,1190.0
2025-04-09 23:00:00,18389.0,29.69,1116.0
2025-04-10 00:00:00,15576.6,25.73,1034.5
2025-04-10 01:00:00,15393.9,24.31,888.0
2025-04-10 02:00:00,14000.0,27.43,1254.5
2025-04-10 03:00:00,14000.0,25.64,724.5
2025-04-10 04:00:00,14000.0,26.36,776.5
2025-04-10 05:00:00,15599.8,21.17,385.0
2025-04-10 06:00:00,18949.3,28.35,1497.5
2025-04-10 07:00:00,22800.5,37.08,2834.5
2025-04-10 08:00:00,24487.4,28.55,3494.5
2025-04-10 09:00:00,24124.6,23.7,4595.0
2025-04-10 10:00:00,22984.6,23.58,5721.0
2025-04-10 11:00:00,20475.9,15.21,5975.5
2025-04-10 12:00:00,19388.2,11.59,5704.0
2025-04-10 13:00:00,19314.9,13.82,5269.0
2025-04-10 14:00:00,19683.9,5.72,5287.0
2025-04-10 15:00:00,21956.6,21.02,4030.5
2025-04-10 16:00:00,24722.8,27.93,3193.5
2025-04-10 17:00:00,27009.8,47.38,2076.5
2025-04-10 18:00:00,28140.5,45.73,1377.0
2025-04-10 19:00:00,26662.6,47.53,386.5
2025-04-10 20:00:00,24551.4,47.14,499.0
2025-04-10 21:00:00,21790.6,43.08,569.0
2025-04-10 22:00:00,19839.1,33.92,412.5
2025-04-10 23:00:00,17985.1,25.76,206.5
2025-04-11 00:00:00,15482.9,21.58,301.5
2025-04-11 01:00:00,14612.1,23.56,171.5
2025-04-11 02:00:00,14000.0,22.13,299.5
2025-04-11 03:00:00,14000.0,17.44,265.0
2025-04-11 04:00:00,14000.0,11.59,550.0
2025-04-11 05:00:00,15698.0,17.38,369.5
2025-04-11 06:00:00,18391.7,21.93,964.0
2025-04-11 07:00:00,22420.8,30.13,2030.5
2025-04-11 08:00:00,23952.0,29.75,2636.0
2025-04-11 09:00:00,24579.3,22.16,3327.5
2025-04-11 10:00:00,22378.4,21.7,3736.5
2025-04-11 11:00:00,20399.3,24.94,3867.0
2025-04-11 12:00:00,19205.6,16.25,3996.5
2025-04-11 13:00:00,18837.1,22.67,3933.5
2025-04-11 14:00:00,19933.5,17.95,3636.0
2025-04-11 15:00:00,22152.9,24.07,3274.5
2025-04-11 16:00:00,24452.3,34.02,2470.0
2025-04-11 17:00:00,26482.6,48.04,1742.5
2025-04-11 18:00:00,27031.5,51.66,962.0
2025-04-11 19:00:00,26185.5,49.46,339.0
2025-04-11 20:00:00,24596.2,44.94,241.5
2025-04-11 21:00:00,22096.0,33.8,477.5
2025-04-11 22:00:00,19244.3,25.73,501.5
2025-04-11 23:00:00,18201.5,26.66,800.5
2025-04-12 00:00:00,14000.0,27.01,393.0
2025-04-12 01:00:00,14000.0,27.88,486.0
2025-04-12 02:00:00,14000.0,13.35,617.0
2025-04-12 03:00:00,14000.0,26.13,445.5
2025-04-12 04:00:00,14000.0,27.74,636.5
2025-04-12 05:00:00,14000.0,24.91,825.5
2025-04-12 06:00:00,16435.5,18.8,1828.0
2025-04-12 07:00:00,19157.8,25.23,2958.5
2025-04-12 08:00:00,21679.6,16.99,3791.0
2025-04-12 09:00:00,21479.7,14.23,4317.5
2025-04-12 10:00:00,19253.1,22.12,5557.0
2025-04-12 11:00:00,17635.0,7.21,5100.0
2025-04-12 12:00:00,16576.1,3.3,4538.0
2025-04-12 13:00:00,16775.2,7.2,4444.5
2025-04-12 14:00:00,17045.1,17.5,4514.0
2025-04-12 15:00:00,18605.8,19.15,4155.5
2025-04-12 16:00:00,22020.5,22.43,3308.0
2025-04-12 17:00:00,23208.7,31.53,2315.5
2025-04-12 18:00:00,23950.0,38.94,1696.0
2025-04-12 19:00:00,23022.8,41.33,899.5
2025-04-12 20:00:00,21446.3,34.98,2014.5
2025-04-12 21:00:00,18629.3,23.68,1671.0
2025-04-12 22:00:00,16828.6,25.16,603.0
2025-04-12 23:00:00,15621.5,18.56,788.5
2025-04-13 00:00:00,14000.0,23.52,931.5
2025-04-13 01:00:00,14000.0,19.2,886.5
2025-04-13 02:00:00,14000.0,21.62,596.5
2025-04-13 03:00:00,14000.0,17.26,673.5
2025-04-13 04:00:00,14000.0,22.12,968.0
2025-04-13 05:00:00,14000.0,22.42,895.0
2025-04-13 06:00:00,16179.1,14.59,1729.5
2025-04-13 07:00:00,19576.7,28.1,2096.5
2025-04-13 08:00:00,20948.0,18.53,3081.5
2025-04-13 09:00:00,20414.7,17.37,3440.5
2025-04-13 10:00:00,19467.6,19.89,3881.5
2025-04-13 11:00:00,17682.9,8.42,4218.0
2025-04-13 12:00:00,16478.8,9.35,4110.0
2025-04-13 13:00:00,15879.0,7.05,4184.0
2025-04-13 14:00:00,17491.8,4.81,4189.5
2025-04-13 15:00:00,18745.0,21.54,3672.5
2025-04-13 16:00:00,21265.9,31.1,2694.5
2025-04-13 17:00:00,22733.3,33.37,2001.5
2025-04-13 18:00:00,23559.0,36.02,1103.0
2025-04-13 19:00:00,23403.4,41.43,101.5
2025-04-13 20:00:00,21385.4,42.37,122.0
2025-04-13 21:00:00,19311.5,29.47,477.0
2025-04-13 22:00:00,17062.8,24.75,658.5
2025-04-13 23:00:00,15629.8,22.14,884.5
2025-04-14 00:00:00,14958.9,13.55,382.5
2025-04-14 01:00:00,14397.0,24.18,524.5
2025-04-14 02:00:00,14000.0,20.95,656.0
2025-04-14 03:00:00,14000.0,23.48,727.0
2025-04-14 04:00:00,14000.0,17.62,916.0
2025-04-14 05:00:00,15480.5,16.34,1056.0
2025-04-14 06:00:00,19111.0,28.37,1312.0
2025-04-14 07:00:00,22756.2,27.16,2137.0
2025-04-14 08:00:00,24046.8,33.47,3197.0
2025-04-14 09:00:00,24164.7,33.08,3198.5
2025-04-14 10:00:00,21701.1,31.54,3928.5
2025-04-14 11:00:00,19845.5,23.63,4097.0
2025-04-14 12:00:00,18349.8,14.5,4226.5
2025-04-14 13:00:00,19011.8,16.15,3467.0
2025-04-14 14:00:00,20026.3,23.42,3506.0
2025-04-14 15:00:00,22162.7,27.24,3047.5
2025-04-14 16:00:00,24080.4,31.55,2132.5
2025-04-14 17:00:00,26127.6,31.74,1553.0
2025-04-14 18:00:00,27085.3,55.54,755.0
2025-04-14 19:00:00,26913.4,52.98,78.5
2025-04-14 20:00:00,24911.0,46.98,85.0
2025-04-14 21:00:00,22003.0,37.74,413.0
2025-04-14 22:00:00,19538.0,39.91,591.0
2025-04-14 23:00:00,18147.6,32.62,650.5
2025-04-15 00:00:00,15252.6,17.32,476.0
2025-04-15 01:00:00,14326.6,19.08,988.5
2025-04-15 02:00:00,14000.0,21.11,1717.5
2025-04-15 03:00:00,14000.0,22.45,1981.0
2025-04-15 04:00:00,14000.0,16.16,1977.0
2025-04-15 05:00:00,15103.4,25.47,2288.0
2025-04-15 06:00:00,19266.1,20.43,2176.0
2025-04-15 07:00:00,22464.8,29.05,2474.0
2025-04-15 08:00:00,24518.6,28.89,3641.0
2025-04-15 09:00:00,23196.8,29.61,3833.5
2025-04-15 10:00:00,22819.1,26.71,4717.0
2025-04-15 11:00:00,19782.9,20.96,4406.5
2025-04-15 12:00:00,18588.3,6.26,4758.5
2025-04-15 13:00:00,18544.7,13.59,4231.5
2025-04-15 14:00:00,20138.3,11.0,3975.5
2025-04-15 15:00:00,21859.4,23.55,3380.5
2025-04-15 16:00:00,24146.8,37.71,3010.5
2025-04-15 17:00:00,25938.5,45.5,2549.0
2025-04-15 18:00:00,26473.9,44.37,1598.0
2025-04-15 19:00:00,26689.0,47.82,754.5
2025-04-15 20:00:00,24491.7,41.0,877.0
2025-04-15 21:00:00,22101.2,36.09,1125.5
2025-04-15 22:00:00,19483.1,36.39,1321.0
2025-04-15 23:00:00,17021.4,22.63,769.0
2025-04-16 00:00:00,14968.8,20.97,697.5
2025-04-16 01:00:00,14456.9,21.15,667.5
2025-04-16 02:00:00,14000.0,17.34,568.5
2025-04-16 03:00:00,14000.0,20.99,1254.5
2025-04-16 04:00:00,14000.0,25.18,1344.0
2025-04-16 05:00:00,15520.4,25.75,752.0
2025-04-16 06:00:00,19032.1,23.74,1550.5
2025-04-16 07:00:00,22365.9,26.31,2537.0
2025-04-16 08:00:00,23686.0,22.09,4010.0
2025-04-16 09:00:00,23750.8,25.99,3942.0
2025-04-16 10:00:00,21659.0,15.39,4796.5
2025-04-16 11:00:00,20145.1,16.26,4706.0
2025-04-16 12:00:00,18142.1,8.0,4750.0
2025-04-16 13:00:00,18209.8,5.14,4765.0
2025-04-16 14:00:00,19581.3,7.31,4218.0
2025-04-16 15:00:00,22476.8,25.53,4009.0
2025-04-16 16:00:00,23491.8,23.12,2962.0
2025-04-16 17:00:00,25663.7,38.52,2383.5
2025-04-16 18:00:00,27017.4,41.25,1241.5
2025-04-16 19:00:00,26838.0,48.68,368.5
2025-04-16 20:00:00,24183.6,40.72,887.5
2025-04-16 21:00:00,21807.3,37.81,289.0
2025-04-16 22:00:00,19197.1,36.08,116.5
2025-04-16 23:00:00,17521.7,25.65,82.0
2025-04-17 00:00:00,15215.0,29.75,211.5
2025-04-17 01:00:00,14161.6,24.69,123.0
2025-04-17 02:00:00,14000.0,19.94,19.0
2025-04-17 03:00:00,14000.0,20.26,77.5
2025-04-17 04:00:00,14000.0,21.63,118.5
2025-04-17 05:00:00,15254.4,22.12,54.0
2025-04-17 06:00:00,18771.1,19.55,1047.5
2025-04-17 07:00:00,21570.6,24.45,2010.0
2025-04-17 08:00:00,23473.4,24.53,2939.0
2025-04-17 09:00:00,24023.6,25.1,3908.5
2025-04-17 10:00:00,21950.7,14.8,4269.0
2025-04-17 11:00:00,20192.6,19.69,4276.5
2025-04-17 12:00:00,18538.5,13.42,4207.5
2025-04-17 13:00:00,18570.3,10.89,4357.5
2025-04-17 14:00:00,19199.0,9.94,4830.0
2025-04-17 15:00:00,21654.4,19.35,4584.0
2025-04-17 16:00:00,24187.0,33.15,3330.5
2025-04-17 17:00:00,26178.6,29.72,2282.5
2025-04-17 18:00:00,26465.1,35.98,1391.0
2025-04-17 19:00:00,25912.3,41.71,173.0
2025-04-17 20:00:00,24213.4,37.12,98.5
2025-04-17 21:00:00,21430.8,29.64,601.5
2025-04-17 22:00:00,19139.5,31.62,285.0
2025-04-17 23:00:00,18092.9,28.44,657.5
2025-04-18 00:00:00,14923.5,20.51,582.5
2025-04-18 01:00:00,14480.3,21.93,623.0
2025-04-18 02:00:00,14000.0,19.27,850.0
2025-04-18 03:00:00,14000.0,16.11,996.0
2025-04-18 04:00:00,14000.0,17.82,835.0
2025-04-18 05:00:00,15072.2,23.13,652.5
2025-04-18 06:00:00,18418.8,19.8,1658.0
2025-04-18 07:00:00,21381.8,28.27,2590.0
2025-04-18 08:00:00,23515.5,14.82,3162.0
2025-04-18 09:00:00,23696.6,25.32,3972.5
2025-04-18 10:00:00,21582.7,20.17,4418.0
2025-04-18 11:00:00,20062.6,11.95,4244.0
2025-04-18 12:00:00,18301.7,17.1,4093.0
2025-04-18 13:00:00,18444.0,17.92,4006.0
2025-04-18 14:00:00,19193.2,16.2,3860.0
2025-04-18 15:00:00,21516.0,28.53,3511.0
2025-04-18 16:00:00,23783.3,26.42,2764.0
2025-04-18 17:00:00,25492.5,40.46,1992.0
2025-04-18 18:00:00,26464.3,49.15,990.0
2025-04-18 19:00:00,25585.0,40.82,31.5
2025-04-18 20:00:00,23458.5,41.59,0.0
2025-04-18 21:00:00,21766.5,31.5,0.0
2025-04-18 22:00:00,19047.0,35.51,0.0
2025-04-18 23:00:00,16946.0,34.58,1.5
2025-04-19 00:00:00,14000.0,19.08,12.0
2025-04-19 01:00:00,14000.0,21.2,28.5
2025-04-19 02:00:00,14000.0,19.13,60.0
2025-04-19 03:00:00,14000.0,31.71,75.5
2025-04-19 04:00:00,14000.0,17.49,44.0
2025-04-19 05:00:00,14000.0,17.31,75.5
2025-04-19 06:00:00,16514.6,25.19,875.0
2025-04-19 07:00:00,19226.4,24.49,1712.5
2025-04-19 08:00:00,20148.1,34.07,2454.0
2025-04-19 09:00:00,20090.5,28.94,3091.5
2025-04-19 10:00:00,19348.2,19.16,3668.5
2025-04-19 11:00:00,17154.7,15.09,3925.0
2025-04-19 12:00:00,16459.9,12.13,4139.5
2025-04-19 13:00:00,15939.4,14.44,3530.5
2025-04-19 14:00:00,16963.2,13.94,3628.0
2025-04-19 15:00:00,18283.0,12.84,3074.0
2025-04-19 16:00:00,20581.2,21.08,2448.0
2025-04-19 17:00:00,22202.4,34.79,1887.5
2025-04-19 18:00:00,23245.7,34.59,1015.5
2025-04-19 19:00:00,22522.8,44.55,134.5
2025-04-19 20:00:00,20885.8,38.8,52.5
2025-04-19 21:00:00,18428.4,25.53,87.0
2025-04-19 22:00:00,16367.4,21.5,22.0
2025-04-19 23:00:00,15231.6,18.36,65.5
2025-04-20 00:00:00,14000.0,24.6,44.0
2025-04-20 01:00:00,14000.0,26.21,37.5
2025-04-20 02:00:00,14000.0,19.61,72.5
2025-04-20 03:00:00,14000.0,21.26,58.5
2025-04-20 04:00:00,14000.0,22.62,57.5
2025-04-20 05:00:00,14000.0,24.68,107.0
2025-04-20 06:00:00,15798.7,19.75,912.5
2025-04-20 07:00:00,18723.9,25.54,1730.0
2025-04-20 08:00:00,20821.4,24.51,2480.0
2025-04-20 09:00:00,20328.8,13.94,3227.0
2025-04-20 10:00:00,18466.3,20.98,3533.0
2025-04-20 11:00:00,17391.5,13.63,3686.0
2025-04-20 12:00:00,16027.0,7.8,3876.0
2025-04-20 13:00:00,15774.0,5.08,3832.0
2025-04-20 14:00:00,16575.1,9.59,3238.0
2025-04-20 15:00:00,18881.2,11.84,3122.5
2025-04-20 16:00:00,20083.8,18.62,2462.0
2025-04-20 17:00:00,22133.0,26.72,1777.0
2025-04-20 18:00:00,23123.2,34.19,918.0
2025-04-20 19:00:00,22938.7,45.4,75.5
2025-04-20 20:00:00,20836.8,38.25,5.0
2025-04-20 21:00:00,18261.6,26.46,13.0
2025-04-20 22:00:00,16917.0,20.82,5.5
2025-04-20 23:00:00,14826.2,19.28,0.5
2025-04-21 00:00:00,15031.8,29.64,0.0
2025-04-21 01:00:00,14195.1,24.5,46.0
2025-04-21 02:00:00,14000.0,20.56,40.0
2025-04-21 03:00:00,14000.0,21.21,55.0
2025-04-21 04:00:00,14000.0,26.09,58.5
2025-04-21 05:00:00,15177.3,23.14,188.0
2025-04-21 06:00:00,18042.2,35.3,934.5
2025-04-21 07:00:00,21899.1,30.29,1838.5
2025-04-21 08:00:00,23327.2,25.96,2552.5
2025-04-21 09:00:00,23652.3,19.24,3189.0
2025-04-21 10:00:00,21680.6,23.58,3646.0
2025-04-21 11:00:00,20183.4,15.53,4256.0
2025-04-21 12:00:00,18650.3,9.37,4247.0
2025-04-21 13:00:00,18269.5,15.58,4272.5
2025-04-21 14:00:00,19541.7,16.02,4715.0
2025-04-21 15:00:00,21557.0,18.97,4290.5
2025-04-21 16:00:00,23866.4,30.95,3242.5
2025-04-21 17:00:00,24786.6,34.04,2549.0
2025-04-21 18:00:00,26043.6,44.11,2024.0
2025-04-21 19:00:00,26194.7,45.83,624.0
2025-04-21 20:00:00,23219.9,37.93,586.0
2025-04-21 21:00:00,21462.4,40.73,749.0
2025-04-21 22:00:00,19139.6,26.03,798.0
2025-04-21 23:00:00,17142.6,20.84,591.5
2025-04-22 00:00:00,14471.1,59.91,345.5
2025-04-22 01:00:00,14000.0,39.48,317.5
2025-04-22 02:00:00,14000.0,67.79,525.0
2025-04-22 03:00:00,14000.0,53.94,312.5
2025-04-22 04:00:00,14000.0,60.15,311.5
2025-04-22 05:00:00,14741.9,41.77,775.0
2025-04-22 06:00:00,18823.3,79.03,1559.5
2025-04-22 07:00:00,21631.0,69.06,2874.5
2025-04-22 08:00:00,23167.0,41.2,3875.5
2025-04-22 09:00:00,23657.6,63.8,4133.5
2025-04-22 10:00:00,21803.6,46.71,5247.5
2025-04-22 11:00:00,19467.6,52.86,5210.5
2025-04-22 12:00:00,18103.3,47.0,5324.5
2025-04-22 13:00:00,18554.5,63.65,5355.0
2025-04-22 14:00:00,19247.8,46.79,6542.5
2025-04-22 15:00:00,20732.3,45.01,6448.5
2025-04-22 16:00:00,22980.6,47.81,5525.5
2025-04-22 17:00:00,25147.4,83.73,4699.5
2025-04-22 18:00:00,25847.0,70.31,4006.0
2025-04-22 19:00:00,24783.5,59.14,3383.0
2025-04-22 20:00:00,23190.5,65.62,2228.0
2025-04-22 21:00:00,20813.8,50.98,2102.5
2025-04-22 22:00:00,18738.8,57.66,1099.5
2025-04-22 23:00:00,17706.5,69.54,524.0
2025-04-23 00:00:00,14804.0,18.63,488.0
2025-04-23 01:00:00,14000.0,20.76,673.0
2025-04-23 02:00:00,14000.0,21.14,1028.5
2025-04-23 03:00:00,14000.0,22.46,779.5
2025-04-23 04:00:00,14000.0,23.51,525.0
2025-04-23 05:00:00,14974.3,24.09,688.0
2025-04-23 06:00:00,18453.2,23.53,1293.0
2025-04-23 07:00:00,22529.0,27.39,2444.5
2025-04-23 08:00:00,23620.3,35.1,3347.5
2025-04-23 09:00:00,22707.9,21.27,4951.0
2025-04-23 10:00:00,21657.0,18.01,5287.0
2025-04-23 11:00:00,19434.7,13.76,5192.0
2025-04-23 12:00:00,18497.9,6.17,4882.0
2025-04-23 13:00:00,17796.7,11.86,4383.0
2025-04-23 14:00:00,18854.6,9.04,4175.0
2025-04-23 15:00:00,21257.6,26.13,3312.5
2025-04-23 16:00:00,23878.6,29.31,2771.0
2025-04-23 17:00:00,25674.9,35.16,2218.0
2025-04-23 18:00:00,26577.4,33.05,2234.0
2025-04-23 19:00:00,25618.4,42.91,1875.0
2025-04-23 20:00:00,23554.7,47.89,1728.0
2025-04-23 21:00:00,20869.3,30.0,1633.0
2025-04-23 22:00:00,19030.6,29.42,1114.0
2025-04-23 23:00:00,17469.9,33.05,1080.0
2025-04-24 00:00:00,14796.0,30.57,1169.5
2025-04-24 01:00:00,14000.0,12.43,1852.0
2025-04-24 02:00:00,14000.0,23.78,1289.5
2025-04-24 03:00:00,14000.0,8.48,603.0
2025-04-24 04:00:00,14000.0,7.35,395.5
2025-04-24 05:00:00,14965.8,13.49,983.5
2025-04-24 06:00:00,18326.2,22.79,2029.5
2025-04-24 07:00:00,21288.3,20.35,2278.0
2025-04-24 08:00:00,23349.6,36.15,2700.5
2025-04-24 09:00:00,22986.0,28.12,3156.0
2025-04-24 10:00:00,22052.9,26.45,3703.0
2025-04-24 11:00:00,19829.2,17.22,3695.0
2025-04-24 12:00:00,18145.3,12.61,3717.5
2025-04-24 13:00:00,18304.2,15.2,3740.5
2025-04-24 14:00:00,19192.4,27.43,3110.5
2025-04-24 15:00:00,21486.3,26.18,2725.5
2025-04-24 16:00:00,23257.5,32.5,2061.5
2025-04-24 17:00:00,25462.9,34.37,1566.5
2025-04-24 18:00:00,26107.9,38.79,870.5
2025-04-24 19:00:00,25406.1,41.85,149.0
2025-04-24 20:00:00,23098.5,43.07,11.5
2025-04-24 21:00:00,21133.5,37.67,39.5
2025-04-24 22:00:00,18851.1,23.26,12.5
2025-04-24 23:00:00,17474.0,30.57,2.5
2025-04-25 00:00:00,14754.9,26.01,0.0
2025-04-25 01:00:00,14000.0,23.88,0.0
2025-04-25 02:00:00,14000.0,23.78,5.0
2025-04-25 03:00:00,14000.0,23.9,0.5
2025-04-25 04:00:00,14000.0,22.94,0.0
2025-04-25 05:00:00,15045.3,17.29,159.0
2025-04-25 06:00:00,18632.4,31.6,816.5
2025-04-25 07:00:00,21597.9,38.09,1479.5
2025-04-25 08:00:00,22966.2,37.0,1947.5
2025-04-25 09:00:00,22954.8,30.22,2551.0
2025-04-25 10:00:00,21505.1,24.69,2791.0
2025-04-25 11:00:00,19363.4,16.78,3012.5
2025-04-25 12:00:00,18608.2,9.16,3254.0
2025-04-25 13:00:00,18198.5,20.3,3249.0
2025-04-25 14:00:00,18781.2,12.42,3038.0
2025-04-25 15:00:00,21590.2,24.58,2679.0
2025-04-25 16:00:00,23392.3,30.31,2185.0
2025-04-25 17:00:00,24885.2,43.17,1489.0
2025-04-25 18:00:00,25728.9,44.75,1071.0
2025-04-25 19:00:00,25857.7,42.69,308.0
2025-04-25 20:00:00,23964.3,41.7,70.0
2025-04-25 21:00:00,21193.8,35.46,82.0
2025-04-25 22:00:00,19036.2,34.44,73.0
2025-04-25 23:00:00,17394.0,23.79,233.5
2025-04-26 00:00:00,14000.0,21.52,533.0
2025-04-26 01:00:00,14000.0,20.13,198.5
2025-04-26 02:00:00,14000.0,31.53,75.0
2025-04-26 03:00:00,14000.0,17.92,78.0
2025-04-26 04:00:00,14000.0,26.38,79.0
2025-04-26 05:00:00,14000.0,18.19,380.0
2025-04-26 06:00:00,16200.7,19.67,1465.5
2025-04-26 07:00:00,18560.8,26.61,2362.0
2025-04-26 08:00:00,19961.9,23.27,2980.0
2025-04-26 09:00:00,20009.4,17.09,3808.5
2025-04-26 10:00:00,18356.9,11.44,4016.0
2025-04-26 11:00:00,16594.3,15.08,4009.5
2025-04-26 12:00:00,16087.9,6.67,4010.0
2025-04-26 13:00:00,15534.7,5.47,4022.5
2025-04-26 14:00:00,16507.2,6.23,4005.0
2025-04-26 15:00:00,18036.2,20.63,3829.0
2025-04-26 16:00:00,20637.4,17.05,2959.0
2025-04-26 17:00:00,22214.1,30.5,2128.0
2025-04-26 18:00:00,22504.6,35.2,1244.5
2025-04-26 19:00:00,21539.1,30.95,285.5
2025-04-26 20:00:00,20116.3,33.1,5.5
2025-04-26 21:00:00,18254.1,28.76,8.5
2025-04-26 22:00:00,16228.4,23.54,1.0
2025-04-26 23:00:00,14833.2,23.6,0.0
2025-04-27 00:00:00,14000.0,22.71,3.0
2025-04-27 01:00:00,14000.0,19.99,97.5
2025-04-27 02:00:00,14000.0,29.59,118.5
2025-04-27 03:00:00,14000.0,18.37,126.5
2025-04-27 04:00:00,14000.0,22.06,207.5
2025-04-27 05:00:00,14000.0,20.25,480.0
2025-04-27 06:00:00,15730.9,22.08,1265.5
2025-04-27 07:00:00,18609.7,22.78,2104.0
2025-04-27 08:00:00,20155.6,18.09,2904.5
2025-04-27 09:00:00,19675.6,20.21,3629.0
2025-04-27 10:00:00,18474.6,13.73,3960.0
2025-04-27 11:00:00,16868.2,13.81,4064.0
2025-04-27 12:00:00,15544.0,10.42,4023.5
2025-04-27 13:00:00,15688.1,9.74,4064.0
2025-04-27 14:00:00,16037.9,12.12,4069.5
2025-04-27 15:00:00,18615.8,13.19,3600.5
2025-04-27 16:00:00,20418.6,22.18,3027.5
2025-04-27 17:00:00,22065.9,33.43,2250.0
2025-04-27 18:00:00,21920.5,33.65,1254.5
2025-04-27 19:00:00,21590.4,32.41,477.5
2025-04-27 20:00:00,20570.4,30.66,92.5
2025-04-27 21:00:00,19158.8,35.29,94.5
2025-04-27 22:00:00,16414.7,24.03,61.0
2025-04-27 23:00:00,14986.5,22.86,192.0
2025-04-28 00:00:00,14717.2,28.38,214.0
2025-04-28 01:00:00,14000.0,17.47,195.5
2025-04-28 02:00:00,14000.0,25.02,646.5
2025-04-28 03:00:00,14000.0,15.11,996.5
2025-04-28 04:00:00,14000.0,25.02,673.0
2025-04-28 05:00:00,14369.6,19.87,1083.0
2025-04-28 06:00:00,18360.5,16.8,1693.0
2025-04-28 07:00:00,21232.8,21.35,2441.0
2025-04-28 08:00:00,22926.9,22.79,3173.5
2025-04-28 09:00:00,22671.5,24.1,3675.0
2025-04-28 10:00:00,20801.5,22.79,4009.5
2025-04-28 11:00:00,19128.1,16.18,4010.0
2025-04-28 12:00:00,17884.0,8.24,4045.5
2025-04-28 13:00:00,17475.8,17.11,4025.5
2025-04-28 14:00:00,18693.8,13.82,3926.0
2025-04-28 15:00:00,20439.8,13.87,3927.5
2025-04-28 16:00:00,23313.3,27.62,2968.0
2025-04-28 17:00:00,25283.1,34.41,2483.0
2025-04-28 18:00:00,25279.7,34.87,1647.0
2025-04-28 19:00:00,24916.4,46.68,420.5
2025-04-28 20:00:00,23723.5,39.91,186.0
2025-04-28 21:00:00,20354.7,30.96,142.5
2025-04-28 22:00:00,18589.1,33.27,155.5
2025-04-28 23:00:00,16929.8,29.07,72.0
2025-04-29 00:00:00,14790.5,26.32,24.5
2025-04-29 01:00:00,14000.0,24.51,46.5
2025-04-29 02:00:00,14000.0,18.03,282.0
2025-04-29 03:00:00,14000.0,20.34,275.5
2025-04-29 04:00:00,14000.0,11.37,277.5
2025-04-29 05:00:00,14578.9,20.53,871.0
2025-04-29 06:00:00,17676.5,22.81,2007.0
2025-04-29 07:00:00,21572.8,24.97,2941.0
2025-04-29 08:00:00,23178.3,22.79,3382.5
2025-04-29 09:00:00,22244.6,26.76,3985.5
2025-04-29 10:00:00,20990.8,12.49,4478.0
2025-04-29 11:00:00,19190.9,19.33,4799.5
2025-04-29 12:00:00,17677.7,4.3,4396.5
2025-04-29 13:00:00,17292.5,8.91,4326.0
2025-04-29 14:00:00,18582.5,3.35,4271.0
2025-04-29 15:00:00,20594.5,14.97,4093.5
2025-04-29 16:00:00,22535.5,24.72,4107.5
2025-04-29 17:00:00,25014.9,34.69,3050.5
2025-04-29 18:00:00,26139.2,38.1,2310.0
2025-04-29 19:00:00,25256.6,40.02,975.5
2025-04-29 20:00:00,22957.7,49.58,259.0
2025-04-29 21:00:00,20019.1,33.47,104.0
2025-04-29 22:00:00,18604.9,42.53,211.5
2025-04-29 23:00:00,16881.8,33.7,93.0
2025-04-30 00:00:00,14594.6,19.42,199.5
2025-04-30 01:00:00,14046.1,18.79,318.5
2025-04-30 02:00:00,14000.0,27.56,303.0
2025-04-30 03:00:00,14000.0,14.2,645.5
2025-04-30 04:00:00,14000.0,25.73,741.5
2025-04-30 05:00:00,14655.3,19.03,1184.5
2025-04-30 06:00:00,17979.0,11.37,2480.5
2025-04-30 07:00:00,20720.9,19.71,3187.5
2025-04-30 08:00:00,22251.4,23.59,3947.0
2025-04-30 09:00:00,22401.7,20.52,4357.5
2025-04-30 10:00:00,20621.2,13.55,4846.5
2025-04-30 11:00:00,19340.2,7.69,4546.5
2025-04-30 12:00:00,17817.8,10.71,4613.5
2025-04-30 13:00:00,17563.2,17.57,4227.5
2025-04-30 14:00:00,18494.5,20.58,3878.5
2025-04-30 15:00:00,20716.0,26.28,3552.0
2025-04-30 16:00:00,22969.5,27.53,2838.5
2025-04-30 17:00:00,24938.9,39.71,2497.0
2025-04-30 18:00:00,25672.7,33.81,1375.5
2025-04-30 19:00:00,24829.6,44.27,786.5
2025-04-30 20:00:00,22567.7,45.28,384.0
2025-04-30 21:00:00,20292.4,36.36,653.5
2025-04-30 22:00:00,18235.9,23.0,232.5
2025-04-30 23:00:00,17307.4,24.44,67.5
2025-05-01 00:00:00,14161.0,18.78,105.5
2025-05-01 01:00:00,14000.0,16.82,21.5
2025-05-01 02:00:00,14000.0,19.97,23.0
2025-05-01 03:00:00,14000.0,20.91,32.5
2025-05-01 04:00:00,14000.0,20.34,43.0
2025-05-01 05:00:00,14433.0,16.73,424.0
2025-05-01 06:00:00,17848.1,28.66,1297.0
2025-05-01 07:00:00,21291.5,26.61,2149.0
2025-05-01 08:00:00,23274.3,22.82,2751.0
2025-05-01 09:00:00,22919.4,23.91,3278.0
2025-05-01 10:00:00,20900.2,16.78,3814.0
2025-05-01 11:00:00,19111.3,6.59,4132.5
2025-05-01 12:00:00,17880.5,10.94,3876.0
2025-05-01 13:00:00,17709.1,17.22,3954.0
2025-05-01 14:00:00,18407.2,12.23,4046.5
2025-05-01 15:00:00,20853.9,19.9,3482.5
2025-05-01 16:00:00,22948.3,30.01,2888.5
2025-05-01 17:00:00,24763.0,32.73,2058.5
2025-05-01 18:00:00,25030.6,34.57,1266.5
2025-05-01 19:00:00,24795.8,45.27,420.5
2025-05-01 20:00:00,22196.8,38.51,6.0
2025-05-01 21:00:00,20269.6,27.35,5.5
2025-05-01 22:00:00,18128.1,31.69,43.0
2025-05-01 23:00:00,16802.7,28.34,132.0
2025-05-02 00:00:00,14811.4,15.62,63.0
2025-05-02 01:00:00,14000.0,11.06,139.5
2025-05-02 02:00:00,14000.0,18.07,247.5
2025-05-02 03:00:00,14000.0,31.45,299.0
2025-05-02 04:00:00,14000.0,30.36,484.0
2025-05-02 05:00:00,14854.3,27.6,569.5
2025-05-02 06:00:00,17655.4,21.27,1141.0
2025-05-02 07:00:00,20713.7,24.58,1762.5
2025-05-02 08:00:00,22809.8,24.45,2291.5
2025-05-02 09:00:00,22369.4,22.15,2651.0
2025-05-02 10:00:00,20942.2,25.71,2925.0
2025-05-02 11:00:00,18990.6,24.5,3335.0
2025-05-02 12:00:00,17649.1,13.88,3210.0
2025-05-02 13:00:00,18039.4,14.22,3037.0
2025-05-02 14:00:00,18275.4,13.13,3038.0
2025-05-02 15:00:00,20707.4,22.65,2711.0
2025-05-02 16:00:00,22980.4,26.94,2217.0
2025-05-02 17:00:00,24112.0,29.41,1663.5
2025-05-02 18:00:00,25115.0,41.34,951.5
2025-05-02 19:00:00,24444.5,38.56,322.0
2025-05-02 20:00:00,22962.2,37.95,29.0
2025-05-02 21:00:00,20267.6,34.62,0.5
2025-05-02 22:00:00,18198.2,21.5,11.5
2025-05-02 23:00:00,16310.3,19.78,19.5
2025-05-03 00:00:00,14000.0,21.9,24.0
2025-05-03 01:00:00,14000.0,16.41,47.0
2025-05-03 02:00:00,14000.0,21.58,10.5
2025-05-03 03:00:00,14000.0,18.27,23.5
2025-05-03 04:00:00,14000.0,22.56,5.0
2025-05-03 05:00:00,14000.0,12.81,439.0
2025-05-03 06:00:00,15034.5,14.26,1343.0
2025-05-03 07:00:00,18254.8,27.97,2105.5
2025-05-03 08:00:00,19226.8,21.05,3019.5
2025-05-03 09:00:00,19280.5,21.02,3553.0
2025-05-03 10:00:00,17926.6,12.48,3960.0
2025-05-03 11:00:00,16284.6,3.2,4153.0
2025-05-03 12:00:00,15450.4,2.56,4558.0
2025-05-03 13:00:00,14683.0,1.57,4498.5
2025-05-03 14:00:00,16036.8,5.21,4418.5
2025-05-03 15:00:00,17749.0,17.62,4539.0
2025-05-03 16:00:00,19368.4,17.28,3840.5
2025-05-03 17:00:00,21901.6,22.45,2504.5
2025-05-03 18:00:00,21856.2,27.78,2019.5
2025-05-03 19:00:00,21333.2,35.64,900.0
2025-05-03 20:00:00,19568.7,25.84,423.0
2025-05-03 21:00:00,17650.3,32.26,653.5
2025-05-03 22:00:00,16110.5,30.9,494.5
2025-05-03 23:00:00,14995.7,19.27,318.5
2025-05-04 00:00:00,14000.0,22.36,594.0
2025-05-04 01:00:00,14000.0,24.51,408.0
2025-05-04 02:00:00,14000.0,17.01,44.5
2025-05-04 03:00:00,14000.0,19.36,126.0
2025-05-04 04:00:00,14000.0,20.11,61.0
2025-05-04 05:00:00,14000.0,20.67,539.0
2025-05-04 06:00:00,15462.4,24.4,1409.0
2025-05-04 07:00:00,18214.9,19.12,2274.5
2025-05-04 08:00:00,18985.6,12.17,3029.0
2025-05-04 09:00:00,19419.9,8.72,3783.0
2025-05-04 10:00:00,17623.1,8.03,4058.5
2025-05-04 11:00:00,16073.6,6.68,4100.0
2025-05-04 12:00:00,15436.4,11.31,4216.0
2025-05-04 13:00:00,14967.1,-2.6,4503.5
2025-05-04 14:00:00,16058.9,6.31,4460.0
2025-05-04 15:00:00,17752.0,16.9,4553.5
2025-05-04 16:00:00,19761.3,20.36,3658.5
2025-05-04 17:00:00,21056.3,20.89,2400.5
2025-05-04 18:00:00,22277.4,33.13,1440.5
2025-05-04 19:00:00,21311.2,34.22,509.0
2025-05-04 20:00:00,19810.0,38.64,28.5
2025-05-04 21:00:00,17298.3,31.09,64.5
2025-05-04 22:00:00,15706.9,25.88,40.5
2025-05-04 23:00:00,14649.5,24.8,55.0
2025-05-05 00:00:00,14472.5,22.22,66.0
2025-05-05 01:00:00,14000.0,17.77,92.0
2025-05-05 02:00:00,14000.0,24.01,94.5
2025-05-05 03:00:00,14000.0,18.13,104.5
2025-05-05 04:00:00,14000.0,22.29,189.0
2025-05-05 05:00:00,14010.7,21.53,742.0
2025-05-05 06:00:00,17641.0,17.33,1539.5
2025-05-05 07:00:00,20957.4,25.57,2139.0
2025-05-05 08:00:00,22100.0,32.36,2830.0
2025-05-05 09:00:00,22122.8,28.96,3385.5
2025-05-05 10:00:00,20601.6,20.03,3818.0
2025-05-05 11:00:00,19174.9,15.25,3640.0
2025-05-05 12:00:00,17473.2,9.97,3938.0
2025-05-05 13:00:00,17289.3,8.25,3862.0
2025-05-05 14:00:00,18167.6,12.89,3798.0
2025-05-05 15:00:00,19950.5,24.3,3356.0
2025-05-05 16:00:00,22758.3,24.73,2769.5
2025-05-05 17:00:00,24407.0,28.73,2049.5
2025-05-05 18:00:00,25205.1,43.11,1317.5
2025-05-05 19:00:00,24917.1,40.3,584.0
2025-05-05 20:00:00,22998.3,35.82,31.0
2025-05-05 21:00:00,19683.0,33.18,9.5
2025-05-05 22:00:00,18219.5,28.33,119.0
2025-05-05 23:00:00,16568.4,26.44,142.0
2025-05-06 00:00:00,14121.2,22.69,352.0
2025-05-06 01:00:00,14000.0,21.63,464.0
2025-05-06 02:00:00,14000.0,21.76,586.5
2025-05-06 03:00:00,14000.0,19.71,922.0
2025-05-06 04:00:00,14000.0,12.46,535.5
2025-05-06 05:00:00,14080.5,17.27,1486.0
2025-05-06 06:00:00,17466.8,14.46,2543.0
2025-05-06 07:00:00,20165.7,18.97,3424.5
2025-05-06 08:00:00,22187.5,20.05,3904.5
2025-05-06 09:00:00,21922.7,21.53,5022.5
2025-05-06 10:00:00,20194.9,5.09,6029.0
2025-05-06 11:00:00,19035.5,6.72,7076.5
2025-05-06 12:00:00,17915.7,4.73,7109.5
2025-05-06 13:00:00,17377.3,7.0,7236.0
2025-05-06 14:00:00,18258.6,6.9,6969.5
2025-05-06 15:00:00,20364.5,15.07,6547.0
2025-05-06 16:00:00,22500.9,20.02,6213.5
2025-05-06 17:00:00,23983.3,35.66,4176.5
2025-05-06 18:00:00,24858.7,31.44,3583.0
2025-05-06 19:00:00,24263.7,45.49,2733.5
2025-05-06 20:00:00,22559.9,32.18,2144.5
2025-05-06 21:00:00,20120.2,32.19,2377.0
2025-05-06 22:00:00,18043.7,30.74,2482.5
2025-05-06 23:00:00,16083.7,22.57,992.5
2025-05-07 00:00:00,14316.7,20.39,493.0
2025-05-07 01:00:00,14000.0,13.96,698.0
2025-05-07 02:00:00,14000.0,33.96,644.5
2025-05-07 03:00:00,14000.0,19.2,482.0
2025-05-07 04:00:00,14000.0,25.53,747.5
2025-05-07 05:00:00,14824.6,16.71,992.5
2025-05-07 06:00:00,17617.6,16.78,1548.0
2025-05-07 07:00:00,20608.8,22.08,2628.0
2025-05-07 08:00:00,21893.8,25.31,3253.5
2025-05-07 09:00:00,22518.2,24.67,3414.5
2025-05-07 10:00:00,20182.9,14.79,3966.0
2025-05-07 11:00:00,18877.6,12.35,4031.5
2025-05-07 12:00:00,17399.6,11.83,3922.0
2025-05-07 13:00:00,17280.9,7.47,4044.5
2025-05-07 14:00:00,17894.8,10.79,3990.5
2025-05-07 15:00:00,20575.6,15.92,3478.0
2025-05-07 16:00:00,22343.6,29.33,3103.0
2025-05-07 17:00:00,23859.8,26.64,2406.5
2025-05-07 18:00:00,25496.3,38.47,1350.0
2025-05-07 19:00:00,24112.2,41.91,823.5
2025-05-07 20:00:00,22518.4,41.13,292.5
2025-05-07 21:00:00,20307.6,29.18,286.0
2025-05-07 22:00:00,18058.2,32.54,283.5
2025-05-07 23:00:00,15868.1,25.22,958.5
2025-05-08 00:00:00,14279.0,23.09,780.0
2025-05-08 01:00:00,14000.0,18.76,1009.0
2025-05-08 02:00:00,14000.0,22.07,560.0
2025-05-08 03:00:00,14000.0,21.46,1157.5
2025-05-08 04:00:00,14000.0,29.45,1119.5
2025-05-08 05:00:00,14218.1,10.76,1261.0
2025-05-08 06:00:00,17153.9,20.88,2774.0
2025-05-08 07:00:00,20478.0,25.08,3881.5
2025-05-08 08:00:00,22206.3,23.99,4556.5
2025-05-08 09:00:00,22299.3,26.47,4217.0
2025-05-08 10:00:00,20225.0,20.96,4347.5
2025-05-08 11:00:00,19106.9,13.31,5294.0
2025-05-08 12:00:00,17718.2,10.03,4837.5
2025-05-08 13:00:00,17165.4,0.23,4795.5
2025-05-08 14:00:00,17925.9,20.37,4734.0
2025-05-08 15:00:00,19671.6,7.9,3885.0
2025-05-08 16:00:00,22459.2,28.52,3368.5
2025-05-08 17:00:00,23960.0,33.36,2722.0
2025-05-08 18:00:00,25397.8,33.53,1662.5
2025-05-08 19:00:00,23974.2,49.3,763.5
2025-05-08 20:00:00,22035.2,41.85,223.0
2025-05-08 21:00:00,20062.8,34.81,406.5
2025-05-08 22:00:00,17691.6,22.8,552.0
2025-05-08 23:00:00,16360.3,31.93,558.0
2025-05-09 00:00:00,14297.1,28.28,370.0
2025-05-09 01:00:00,14000.0,21.66,337.0
2025-05-09 02:00:00,14000.0,28.15,612.5
2025-05-09 03:00:00,14000.0,21.58,488.5
2025-05-09 04:00:00,14000.0,22.87,222.5
2025-05-09 05:00:00,14217.3,19.04,745.5
2025-05-09 06:00:00,17501.1,25.98,1494.5
2025-05-09 07:00:00,20778.4,28.67,2264.5
2025-05-09 08:00:00,22287.9,25.03,2685.0
2025-05-09 09:00:00,21813.0,18.08,3469.0
2025-05-09 10:00:00,20730.8,18.87,3636.0
2025-05-09 11:00:00,18561.2,16.62,3998.0
2025-05-09 12:00:00,17481.7,10.5,4040.5
2025-05-09 13:00:00,17143.9,7.3,3855.0
2025-05-09 14:00:00,18299.7,12.99,3935.0
2025-05-09 15:00:00,19932.9,14.88,3216.0
2025-05-09 16:00:00,22851.3,26.1,2663.0
2025-05-09 17:00:00,24885.4,26.74,2422.5
2025-05-09 18:00:00,25199.4,38.47,1818.5
2025-05-09 19:00:00,24705.9,43.66,1126.5
2025-05-09 20:00:00,21755.1,37.14,362.0
2025-05-09 21:00:00,19507.1,32.8,910.0
2025-05-09 22:00:00,17735.3,28.92,502.5
2025-05-09 23:00:00,16318.7,26.89,687.5
2025-05-10 00:00:00,14000.0,23.35,295.0
2025-05-10 01:00:00,14000.0,23.66,187.5
2025-05-10 02:00:00,14000.0,25.97,148.5
2025-05-10 03:00:00,14000.0,14.36,138.5
2025-05-10 04:00:00,14000.0,23.47,585.5
2025-05-10 05:00:00,14000.0,17.8,653.0
2025-05-10 06:00:00,15195.6,15.47,1487.0
2025-05-10 07:00:00,17560.2,10.93,2274.0
2025-05-10 08:00:00,19179.3,13.27,2826.5
2025-05-10 09:00:00,19577.5,15.05,3645.5
2025-05-10 10:00:00,17614.3,9.24,3717.0
2025-05-10 11:00:00,16060.7,12.2,4047.5
2025-05-10 12:00:00,15358.6,9.63,4053.5
2025-05-10 13:00:00,15203.5,12.84,3956.5
2025-05-10 14:00:00,15563.5,6.44,4003.5
2025-05-10 15:00:00,17319.9,14.84,3705.0
2025-05-10 16:00:00,19197.7,13.34,2823.5
2025-05-10 17:00:00,20973.6,36.47,2190.5
2025-05-10 18:00:00,21932.4,39.33,1428.0
2025-05-10 19:00:00,20693.1,29.36,617.5
2025-05-10 20:00:00,19632.1,39.82,64.5
2025-05-10 21:00:00,17315.5,23.46,35.0
2025-05-10 22:00:00,15997.7,22.49,131.0
2025-05-10 23:00:00,14213.8,21.65,115.0
2025-05-11 00:00:00,14000.0,17.4,150.0
2025-05-11 01:00:00,14000.0,23.8,67.5
2025-05-11 02:00:00,14000.0,25.94,114.0
2025-05-11 03:00:00,14000.0,15.34,47.5
2025-05-11 04:00:00,14000.0,21.87,14.0
2025-05-11 05:00:00,14000.0,14.42,693.5
2025-05-11 06:00:00,14739.2,18.04,1432.0
2025-05-11 07:00:00,17713.5,20.69,2402.5
2025-05-11 08:00:00,18510.0,14.94,3161.0
2025-05-11 09:00:00,18823.8,15.79,3500.5
2025-05-11 10:00:00,17720.4,12.6,3921.0
2025-05-11 11:00:00,16147.0,5.21,4129.5
2025-05-11 12:00:00,14970.5,-0.92,3958.5
2025-05-11 13:00:00,14877.5,8.7,4106.5
2025-05-11 14:00:00,15532.9,10.93,3878.0
2025-05-11 15:00:00,17339.9,16.42,3471.5
2025-05-11 16:00:00,19303.4,15.39,2993.5
2025-05-11 17:00:00,20608.1,25.05,2113.5
2025-05-11 18:00:00,21598.3,24.32,1430.0
2025-05-11 19:00:00,20966.2,42.26,578.0
2025-05-11 20:00:00,19211.7,26.76,0.0
2025-05-11 21:00:00,17864.5,34.77,0.0
2025-05-11 22:00:00,15380.4,21.04,0.5
2025-05-11 23:00:00,14045.6,22.77,0.5
2025-05-12 00:00:00,14000.0,20.32,1.5
2025-05-12 01:00:00,14000.0,19.71,35.0
2025-05-12 02:00:00,14000.0,22.97,64.5
2025-05-12 03:00:00,14000.0,18.96,59.0
2025-05-12 04:00:00,14000.0,14.57,24.5
2025-05-12 05:00:00,14000.0,18.36,548.0
2025-05-12 06:00:00,17050.4,26.6,1376.5
2025-05-12 07:00:00,19790.1,24.84,2020.5
2025-05-12 08:00:00,21741.4,21.81,2751.0
2025-05-12 09:00:00,21971.4,35.96,3164.0
2025-05-12 10:00:00,20295.4,19.35,3509.0
2025-05-12 11:00:00,18912.0,11.85,3713.0
2025-05-12 12:00:00,17458.8,20.87,3921.5
2025-05-12 13:00:00,17207.4,4.98,3640.0
2025-05-12 14:00:00,18523.1,11.47,3600.5
2025-05-12 15:00:00,19841.3,24.85,3001.0
2025-05-12 16:00:00,22125.5,21.9,3153.0
2025-05-12 17:00:00,23938.5,35.11,2658.0
2025-05-12 18:00:00,25226.0,42.19,1662.0
2025-05-12 19:00:00,23936.7,47.79,931.0
2025-05-12 20:00:00,21859.2,41.05,629.5
2025-05-12 21:00:00,19931.4,30.72,578.5
2025-05-12 22:00:00,17448.7,24.75,380.5
2025-05-12 23:00:00,16294.9,21.53,123.0
2025-05-13 00:00:00,14012.1,16.32,198.0
2025-05-13 01:00:00,14000.0,22.27,372.0
2025-05-13 02:00:00,14000.0,13.33,290.5
2025-05-13 03:00:00,14000.0,21.68,191.0
2025-05-13 04:00:00,14000.0,12.71,278.5
2025-05-13 05:00:00,14000.0,20.13,610.5
2025-05-13 06:00:00,17998.1,22.32,1225.0
2025-05-13 07:00:00,20313.8,29.62,1761.5
2025-05-13 08:00:00,21636.2,16.54,2177.5
2025-05-13 09:00:00,21178.9,29.39,2537.5
2025-05-13 10:00:00,20573.5,23.28,2769.0
2025-05-13 11:00:00,18330.4,15.2,3056.0
2025-05-13 12:00:00,17011.2,16.31,3110.0
2025-05-13 13:00:00,17110.8,16.46,3074.5
2025-05-13 14:00:00,18138.5,12.29,2791.0
2025-05-13 15:00:00,20002.5,23.39,2612.0
2025-05-13 16:00:00,22048.6,29.9,3080.5
2025-05-13 17:00:00,23931.9,27.36,2092.5
2025-05-13 18:00:00,24670.9,38.82,1631.5
2025-05-13 19:00:00,23988.5,44.75,777.5
2025-05-13 20:00:00,22151.7,38.27,458.5
2025-05-13 21:00:00,20024.8,31.68,189.0
2025-05-13 22:00:00,17629.9,23.12,74.5
2025-05-13 23:00:00,15922.3,20.49,158.0
2025-05-14 00:00:00,14000.0,19.51,89.0
2025-05-14 01:00:00,14000.0,24.51,71.0
2025-05-14 02:00:00,14000.0,23.88,5.5
2025-05-14 03:00:00,14000.0,19.67,23.0
2025-05-14 04:00:00,14000.0,17.91,10.0
2025-05-14 05:00:00,14249.6,16.96,556.0
2025-05-14 06:00:00,16882.7,26.88,1263.5
2025-05-14 07:00:00,20240.7,19.26,2212.5
2025-05-14 08:00:00,21640.4,26.29,2802.0
2025-05-14 09:00:00,21481.6,21.51,3292.5
2025-05-14 10:00:00,20214.6,20.57,4155.0
2025-05-14 11:00:00,18019.7,13.23,3679.5
2025-05-14 12:00:00,16882.6,6.0,3817.0
2025-05-14 13:00:00,16901.0,18.84,3530.5
2025-05-14 14:00:00,17874.5,16.47,3140.0
2025-05-14 15:00:00,19425.4,20.5,2910.0
2025-05-14 16:00:00,22241.3,21.92,2436.0
2025-05-14 17:00:00,23659.5,32.11,1817.5
2025-05-14 18:00:00,24362.0,34.59,1199.0
2025-05-14 19:00:00,23902.8,39.22,543.0
2025-05-14 20:00:00,21907.9,29.89,8.5
2025-05-14 21:00:00,19893.5,34.1,0.0
2025-05-14 22:00:00,17320.2,31.65,0.0
2025-05-14 23:00:00,15738.1,22.51,7.5
2025-05-15 00:00:00,14000.0,22.31,8.0
2025-05-15 01:00:00,14000.0,16.7,59.5
2025-05-15 02:00:00,14000.0,28.12,62.5
2025-05-15 03:00:00,14000.0,16.81,41.0
2025-05-15 04:00:00,14000.0,19.7,333.0
2025-05-15 05:00:00,14000.0,14.79,789.0
2025-05-15 06:00:00,16788.5,17.25,1348.5
2025-05-15 07:00:00,20447.1,32.58,2013.5
2025-05-15 08:00:00,21506.0,31.38,2742.0
2025-05-15 09:00:00,21878.3,21.88,3169.5
2025-05-15 10:00:00,20076.3,32.89,3530.5
2025-05-15 11:00:00,18407.1,18.97,3707.0
2025-05-15 12:00:00,17066.8,14.9,3925.5
2025-05-15 13:00:00,16257.2,9.47,3827.5
2025-05-15 14:00:00,17560.3,18.46,3491.0
2025-05-15 15:00:00,19668.2,19.28,3296.0
2025-05-15 16:00:00,22041.1,22.49,2632.5
2025-05-15 17:00:00,23106.5,31.3,2061.5
2025-05-15 18:00:00,24430.9,35.65,1300.0
2025-05-15 19:00:00,23337.6,32.94,645.0
2025-05-15 20:00:00,21967.7,42.3,7.0
2025-05-15 21:00:00,19587.6,33.8,0.0
2025-05-15 22:00:00,17713.8,28.81,19.0
2025-05-15 23:00:00,16287.9,33.27,114.5
2025-05-16 00:00:00,14000.0,67.05,397.0
2025-05-16 01:00:00,14000.0,53.74,257.5
2025-05-16 02:00:00,14000.0,47.12,428.5
2025-05-16 03:00:00,14000.0,55.68,126.0
2025-05-16 04:00:00,14000.0,70.8,228.0
2025-05-16 05:00:00,14000.0,54.47,764.5
2025-05-16 06:00:00,17348.2,43.79,1613.5
2025-05-16 07:00:00,20328.6,68.54,2245.5
2025-05-16 08:00:00,21812.2,61.56,2815.0
2025-05-16 09:00:00,21667.4,41.84,3591.0
2025-05-16 10:00:00,19388.8,35.95,3707.5
2025-05-16 11:00:00,18713.1,55.42,3868.0
2025-05-16 12:00:00,17023.3,45.48,4005.5
2025-05-16 13:00:00,17202.1,50.29,4024.5
2025-05-16 14:00:00,17273.9,54.46,3727.0
2025-05-16 15:00:00,19728.6,51.29,3925.5
2025-05-16 16:00:00,21678.0,44.75,3248.0
2025-05-16 17:00:00,23883.9,49.63,3035.0
2025-05-16 18:00:00,24501.4,75.61,1821.0
2025-05-16 19:00:00,23804.0,68.67,1259.0
2025-05-16 20:00:00,21485.6,70.48,417.0
2025-05-16 21:00:00,19524.4,76.23,53.0
2025-05-16 22:00:00,17424.5,60.66,10.5
2025-05-16 23:00:00,16107.5,64.6,19.5
2025-05-17 00:00:00,14000.0,72.31,0.5
2025-05-17 01:00:00,14000.0,55.8,0.5
2025-05-17 02:00:00,14000.0,50.36,77.0
2025-05-17 03:00:00,14000.0,40.82,127.0
2025-05-17 04:00:00,14000.0,70.93,256.5
2025-05-17 05:00:00,14000.0,70.91,942.0
2025-05-17 06:00:00,14190.2,57.95,1898.5
2025-05-17 07:00:00,17459.5,75.57,2664.0
2025-05-17 08:00:00,19052.6,53.5,3495.5
2025-05-17 09:00:00,18562.1,31.28,3579.5
2025-05-17 10:00:00,17247.2,68.41,3338.0
2025-05-17 11:00:00,15796.4,50.17,3665.5
2025-05-17 12:00:00,14939.7,49.81,3461.5
2025-05-17 13:00:00,14400.6,58.8,3442.5
2025-05-17 14:00:00,15736.4,47.98,3271.0
2025-05-17 15:00:00,17039.2,53.53,2998.5
2025-05-17 16:00:00,18705.0,63.26,2481.0
2025-05-17 17:00:00,20895.1,78.92,1939.0
2025-05-17 18:00:00,20669.7,66.72,1494.0
2025-05-17 19:00:00,20371.6,53.38,1059.0
2025-05-17 20:00:00,18782.3,81.76,86.5
2025-05-17 21:00:00,17501.8,74.27,88.0
2025-05-17 22:00:00,15005.1,58.33,221.0
2025-05-17 23:00:00,14000.0,64.91,247.0
2025-05-18 00:00:00,14000.0,16.72,204.0
2025-05-18 01:00:00,14000.0,21.12,92.5
2025-05-18 02:00:00,14000.0,20.68,33.5
2025-05-18 03:00:00,14000.0,15.99,10.0
2025-05-18 04:00:00,14000.0,18.93,109.5
2025-05-18 05:00:00,14000.0,19.18,622.5
2025-05-18 06:00:00,14617.0,19.6,1559.5
2025-05-18 07:00:00,17822.3,20.66,2180.5
2025-05-18 08:00:00,18638.5,22.84,2861.0
2025-05-18 09:00:00,18382.3,18.1,3196.5
2025-05-18 10:00:00,17214.5,13.52,3725.0
2025-05-18 11:00:00,15522.4,11.77,3577.5
2025-05-18 12:00:00,14676.2,3.1,3441.0
2025-05-18 13:00:00,14564.6,16.31,3247.5
2025-05-18 14:00:00,15590.4,11.37,3214.0
2025-05-18 15:00:00,16911.1,14.15,3158.0
2025-05-18 16:00:00,18563.1,20.89,2599.5
2025-05-18 17:00:00,20003.2,30.18,2122.5
2025-05-18 18:00:00,21172.6,32.51,1366.5
2025-05-18 19:00:00,20512.8,35.05,671.0
2025-05-18 20:00:00,18739.4,31.59,67.0
2025-05-18 21:00:00,16794.8,22.55,86.5
2025-05-18 22:00:00,15210.4,12.53,244.5
2025-05-18 23:00:00,14127.3,24.12,493.0
2025-05-19 00:00:00,14000.0,23.47,1033.0
2025-05-19 01:00:00,14000.0,15.4,461.5
2025-05-19 02:00:00,14000.0,13.62,1069.0
2025-05-19 03:00:00,14000.0,14.89,756.5
2025-05-19 04:00:00,14000.0,17.4,624.0
2025-05-19 05:00:00,14000.0,11.93,1810.0
2025-05-19 06:00:00,16652.4,18.49,2415.5
2025-05-19 07:00:00,19999.0,23.51,2738.0
2025-05-19 08:00:00,21499.3,22.07,3816.0
2025-05-19 09:00:00,21464.0,18.12,3961.5
2025-05-19 10:00:00,19508.3,10.8,4263.0
2025-05-19 11:00:00,18140.9,5.36,4292.5
2025-05-19 12:00:00,17296.7,7.65,4163.5
2025-05-19 13:00:00,17280.2,12.81,4122.5
2025-05-19 14:00:00,18021.2,5.15,4079.0
2025-05-19 15:00:00,19159.0,14.79,3857.5
2025-05-19 16:00:00,21843.2,19.49,3110.5
2025-05-19 17:00:00,23330.1,24.75,2426.0
2025-05-19 18:00:00,24302.9,39.07,1922.0
2025-05-19 19:00:00,23221.6,40.74,1508.0
2025-05-19 20:00:00,21109.4,36.55,737.0
2025-05-19 21:00:00,19292.2,26.08,530.5
2025-05-19 22:00:00,17526.7,31.48,242.0
2025-05-19 23:00:00,15935.5,27.78,231.0
2025-05-20 00:00:00,14000.0,29.22,120.0
2025-05-20 01:00:00,14000.0,18.76,39.0
2025-05-20 02:00:00,14000.0,22.4,129.0
2025-05-20 03:00:00,14000.0,16.69,314.5
2025-05-20 04:00:00,14000.0,12.39,347.0
2025-05-20 05:00:00,14000.0,9.6,928.0
2025-05-20 06:00:00,17388.5,20.02,2095.0
2025-05-20 07:00:00,19942.7,19.33,2631.5
2025-05-20 08:00:00,21450.7,23.68,3599.0
2025-05-20 09:00:00,21268.0,21.27,4338.5
2025-05-20 10:00:00,19749.0,13.92,4829.0
2025-05-20 11:00:00,17976.1,3.94,4676.5
2025-05-20 12:00:00,16957.4,4.32,4606.0
2025-05-20 13:00:00,16590.6,9.58,4178.5
2025-05-20 14:00:00,17600.4,12.23,4147.5
2025-05-20 15:00:00,19225.4,16.17,4011.0
2025-05-20 16:00:00,21678.9,26.68,3272.5
2025-05-20 17:00:00,23649.0,28.99,2623.5
2025-05-20 18:00:00,24064.5,35.69,1702.0
2025-05-20 19:00:00,22730.8,38.14,861.5
2025-05-20 20:00:00,21805.2,41.32,131.0
2025-05-20 21:00:00,19380.3,32.29,41.5
2025-05-20 22:00:00,17039.1,27.27,22.5
2025-05-20 23:00:00,16012.2,26.62,18.5
2025-05-21 00:00:00,14000.0,21.28,26.5
2025-05-21 01:00:00,14000.0,19.27,345.0
2025-05-21 02:00:00,14000.0,17.67,380.5
2025-05-21 03:00:00,14000.0,13.21,337.5
2025-05-21 04:00:00,14000.0,22.46,439.5
2025-05-21 05:00:00,14000.0,18.72,1177.0
2025-05-21 06:00:00,16764.2,19.71,2053.5
2025-05-21 07:00:00,19633.7,22.13,3081.0
2025-05-21 08:00:00,21345.7,21.27,3433.5
2025-05-21 09:00:00,21031.0,26.72,4068.5
2025-05-21 10:00:00,19216.6,17.85,4170.0
2025-05-21 11:00:00,18396.0,20.4,4252.5
2025-05-21 12:00:00,16802.8,5.91,4354.0
2025-05-21 13:00:00,16494.8,8.0,4259.5
2025-05-21 14:00:00,17299.4,9.48,4356.5
2025-05-21 15:00:00,19634.6,21.14,4279.0
2025-05-21 16:00:00,21172.2,13.66,3181.0
2025-05-21 17:00:00,23435.2,32.26,2567.5
2025-05-21 18:00:00,23873.4,35.14,1742.0
2025-05-21 19:00:00,23197.3,41.37,861.5
2025-05-21 20:00:00,21205.8,33.7,231.5
2025-05-21 21:00:00,19120.2,23.99,415.5
2025-05-21 22:00:00,17258.2,35.48,338.5
2025-05-21 23:00:00,15847.0,24.36,415.5
2025-05-22 00:00:00,14000.0,23.96,690.0
2025-05-22 01:00:00,14000.0,17.98,1015.5
2025-05-22 02:00:00,14000.0,24.77,671.0
2025-05-22 03:00:00,14000.0,23.43,583.0
2025-05-22 04:00:00,14000.0,25.83,335.5
2025-05-22 05:00:00,14000.0,15.63,1156.5
2025-05-22 06:00:00,16600.3,24.7,1859.0
2025-05-22 07:00:00,19885.4,24.53,2655.0
2025-05-22 08:00:00,21162.9,14.43,3322.0
2025-05-22 09:00:00,20750.8,24.48,3909.5
2025-05-22 10:00:00,20113.5,18.72,4169.5
2025-05-22 11:00:00,18258.7,11.02,4230.0
2025-05-22 12:00:00,16338.2,8.01,4077.5
2025-05-22 13:00:00,16271.7,4.29,4033.5
2025-05-22 14:00:00,17713.2,11.67,4268.0
2025-05-22 15:00:00,19282.9,18.44,3865.0
2025-05-22 16:00:00,22028.1,23.87,3507.0
2025-05-22 17:00:00,23550.3,30.95,2652.5
2025-05-22 18:00:00,24136.9,32.54,1909.5
2025-05-22 19:00:00,22970.4,32.52,953.5
2025-05-22 20:00:00,21671.9,37.24,201.5
2025-05-22 21:00:00,18887.0,32.41,171.0
2025-05-22 22:00:00,17553.4,26.3,408.5
2025-05-22 23:00:00,15854.8,26.78,247.0
2025-05-23 00:00:00,14000.0,24.68,175.0
2025-05-23 01:00:00,14000.0,25.21,144.0
2025-05-23 02:00:00,14000.0,18.94,204.5
2025-05-23 03:00:00,14000.0,14.12,149.0
2025-05-23 04:00:00,14000.0,22.56,319.0
2025-05-23 05:00:00,14000.0,15.51,1309.0
2025-05-23 06:00:00,16850.5,19.38,2049.5
2025-05-23 07:00:00,19316.8,18.46,3001.5
2025-05-23 08:00:00,21289.7,27.48,3997.0
2025-05-23 09:00:00,21103.2,15.69,4839.0
2025-05-23 10:00:00,20208.8,24.14,4372.5
2025-05-23 11:00:00,17486.2,13.21,4566.5
2025-05-23 12:00:00,16717.7,12.22,4812.0
2025-05-23 13:00:00,16923.4,8.74,4311.5
2025-05-23 14:00:00,17454.2,7.09,4224.0
2025-05-23 15:00:00,19272.8,18.56,3871.5
2025-05-23 16:00:00,21226.5,23.53,3326.0
2025-05-23 17:00:00,22956.8,27.66,2380.5
2025-05-23 18:00:00,23318.8,36.48,1720.0
2025-05-23 19:00:00,23056.2,39.18,855.0
2025-05-23 20:00:00,21146.8,29.14,20.5
2025-05-23 21:00:00,19246.6,34.97,28.5
2025-05-23 22:00:00,16975.0,31.51,95.0
2025-05-23 23:00:00,15606.8,18.22,77.5
2025-05-24 00:00:00,14000.0,29.29,153.0
2025-05-24 01:00:00,14000.0,26.75,257.0
2025-05-24 02:00:00,14000.0,13.72,220.0
2025-05-24 03:00:00,14000.0,19.59,147.5
2025-05-24 04:00:00,14000.0,17.24,194.0
2025-05-24 05:00:00,14000.0,12.94,832.5
2025-05-24 06:00:00,14637.7,17.02,1610.5
2025-05-24 07:00:00,17000.2,18.06,2358.0
2025-05-24 08:00:00,18448.0,14.1,2929.0
2025-05-24 09:00:00,17745.0,11.13,3364.0
2025-05-24 10:00:00,17046.9,11.37,3786.5
2025-05-24 11:00:00,15506.4,8.62,4058.0
2025-05-24 12:00:00,14370.3,1.1,4087.5
2025-05-24 13:00:00,14250.4,4.29,4157.0
2025-05-24 14:00:00,15113.9,8.58,4080.5
2025-05-24 15:00:00,17023.9,16.76,3395.0
2025-05-24 16:00:00,18966.1,20.91,2784.5
2025-05-24 17:00:00,19930.6,24.26,2360.5
2025-05-24 18:00:00,20651.8,27.42,1604.0
2025-05-24 19:00:00,20056.9,28.94,821.0
2025-05-24 20:00:00,18860.7,32.1,123.5
2025-05-24 21:00:00,16715.2,27.39,55.0
2025-05-24 22:00:00,14933.3,24.96,63.0
2025-05-24 23:00:00,14000.0,18.18,5.5
2025-05-25 00:00:00,14000.0,24.06,17.5
2025-05-25 01:00:00,14000.0,14.79,108.0
2025-05-25 02:00:00,14000.0,24.15,54.5
2025-05-25 03:00:00,14000.0,20.42,41.5
2025-05-25 04:00:00,14000.0,16.45,97.0
2025-05-25 05:00:00,14000.0,12.39,1173.5
2025-05-25 06:00:00,14486.0,17.23,1800.0
2025-05-25 07:00:00,17365.1,17.6,2742.0
2025-05-25 08:00:00,18270.4,17.06,3423.5
2025-05-25 09:00:00,18059.9,13.78,3559.5
2025-05-25 10:00:00,17215.5,9.0,4038.0
2025-05-25 11:00:00,15363.3,7.06,4151.0
2025-05-25 12:00:00,14723.2,4.12,4498.0
2025-05-25 13:00:00,14458.7,-0.19,4909.0
2025-05-25 14:00:00,14976.8,-4.11,5585.0
2025-05-25 15:00:00,16721.1,6.76,4574.0
2025-05-25 16:00:00,18468.0,15.82,4120.5
2025-05-25 17:00:00,20275.2,25.31,3500.0
2025-05-25 18:00:00,21358.0,18.72,2910.0
2025-05-25 19:00:00,20051.8,26.0,1958.5
2025-05-25 20:00:00,18744.3,30.28,935.0
2025-05-25 21:00:00,16649.9,26.6,412.5
2025-05-25 22:00:00,14886.6,22.5,463.0
2025-05-25 23:00:00,14000.0,16.64,1210.5
2025-05-26 00:00:00,14000.0,16.41,815.5
2025-05-26 01:00:00,14000.0,19.8,1653.0
2025-05-26 02:00:00,14000.0,19.96,1136.5
2025-05-26 03:00:00,14000.0,19.26,861.5
2025-05-26 04:00:00,14000.0,28.71,516.0
2025-05-26 05:00:00,14000.0,22.74,1053.5
2025-05-26 06:00:00,16666.2,22.73,1565.5
2025-05-26 07:00:00,20034.5,25.57,3816.5
2025-05-26 08:00:00,20573.7,21.48,5045.5
2025-05-26 09:00:00,21357.3,19.53,4418.0
2025-05-26 10:00:00,19296.2,8.48,5531.0
2025-05-26 11:00:00,17914.0,14.65,5272.0
2025-05-26 12:00:00,16536.0,6.69,5600.5
2025-05-26 13:00:00,16270.0,10.37,5314.5
2025-05-26 14:00:00,17751.0,16.68,4213.0
2025-05-26 15:00:00,19735.9,11.77,4113.5
2025-05-26 16:00:00,21289.5,24.78,4166.5
2025-05-26 17:00:00,23252.9,34.91,4124.0
2025-05-26 18:00:00,23845.4,30.88,3526.5
2025-05-26 19:00:00,23730.3,37.48,2019.5
2025-05-26 20:00:00,20654.6,38.02,824.0
2025-05-26 21:00:00,19200.1,24.42,834.0
2025-05-26 22:00:00,16884.1,17.26,784.5
2025-05-26 23:00:00,15069.2,20.59,1146.5
2025-05-27 00:00:00,14000.0,11.07,1787.5
2025-05-27 01:00:00,14000.0,25.1,934.0
2025-05-27 02:00:00,14000.0,22.95,987.0
2025-05-27 03:00:00,14000.0,26.03,397.5
2025-05-27 04:00:00,14000.0,20.32,417.5
2025-05-27 05:00:00,14000.0,22.55,988.0
2025-05-27 06:00:00,16720.9,21.4,1559.0
2025-05-27 07:00:00,19096.6,25.35,1980.0
2025-05-27 08:00:00,20888.1,34.74,2377.0
2025-05-27 09:00:00,21200.7,19.77,2685.5
2025-05-27 10:00:00,19533.8,27.22,3006.5
2025-05-27 11:00:00,17920.6,8.1,3123.0
2025-05-27 12:00:00,16683.7,11.79,3472.0
2025-05-27 13:00:00,17007.6,15.98,3237.0
2025-05-27 14:00:00,17261.6,13.28,2995.5
2025-05-27 15:00:00,19625.2,21.43,3040.5
2025-05-27 16:00:00,21361.3,27.94,2467.0
2025-05-27 17:00:00,23678.1,35.98,1988.0
2025-05-27 18:00:00,23341.5,34.19,1439.0
2025-05-27 19:00:00,23148.6,33.82,1139.5
2025-05-27 20:00:00,21163.3,36.09,540.0
2025-05-27 21:00:00,19094.6,29.9,407.0
2025-05-27 22:00:00,17349.2,27.32,589.0
2025-05-27 23:00:00,15679.3,22.05,751.5
2025-05-28 00:00:00,14000.0,20.3,924.5
2025-05-28 01:00:00,14000.0,17.17,806.0
2025-05-28 02:00:00,14000.0,18.16,587.0
2025-05-28 03:00:00,14000.0,15.44,621.0
2025-05-28 04:00:00,14000.0,21.49,251.0
2025-05-28 05:00:00,14000.0,14.04,937.0
2025-05-28 06:00:00,16419.7,21.36,1584.0
2025-05-28 07:00:00,19916.0,29.0,2205.0
2025-05-28 08:00:00,20960.4,30.65,2901.0
2025-05-28 09:00:00,21323.3,23.74,2944.0
2025-05-28 10:00:00,19483.0,30.15,3485.5
2025-05-28 11:00:00,17961.8,16.22,3977.0
2025-05-28 12:00:00,16758.1,12.75,3486.5
2025-05-28 13:00:00,16231.9,18.85,3616.0
2025-05-28 14:00:00,17436.6,8.87,4119.0
2025-05-28 15:00:00,19680.8,18.79,3780.0
2025-05-28 16:00:00,21358.7,22.97,3326.0
2025-05-28 17:00:00,23359.3,24.55,3097.0
2025-05-28 18:00:00,23980.4,39.11,2082.5
2025-05-28 19:00:00,23147.2,37.52,1334.0
2025-05-28 20:00:00,21308.2,37.81,810.5
2025-05-28 21:00:00,19174.9,33.77,589.5
2025-05-28 22:00:00,17199.4,20.5,248.0
2025-05-28 23:00:00,15245.7,28.81,107.5
2025-05-29 00:00:00,14000.0,17.88,177.5
2025-05-29 01:00:00,14000.0,24.91,285.0
2025-05-29 02:00:00,14000.0,15.53,296.0
2025-05-29 03:00:00,14000.0,22.36,276.0
2025-05-29 04:00:00,14000.0,17.84,414.0
2025-05-29 05:00:00,14000.0,19.01,911.5
2025-05-29 06:00:00,16827.5,20.6,1519.0
2025-05-29 07:00:00,19112.7,25.0,2085.5
2025-05-29 08:00:00,20428.5,23.63,2399.5
2025-05-29 09:00:00,21122.7,22.1,2859.5
2025-05-29 10:00:00,19490.2,25.19,3053.5
2025-05-29 11:00:00,17882.4,21.03,3197.5
2025-05-29 12:00:00,16478.8,19.31,3615.0
2025-05-29 13:00:00,16064.6,12.08,3287.0
2025-05-29 14:00:00,17001.7,14.07,3135.5
2025-05-29 15:00:00,19014.9,20.1,3063.0
2025-05-29 16:00:00,20834.4,23.28,2291.5
2025-05-29 17:00:00,23111.8,27.7,1864.5
2025-05-29 18:00:00,23526.2,33.65,1342.5
2025-05-29 19:00:00,23063.1,34.46,751.5
2025-05-29 20:00:00,21259.6,38.98,70.0
2025-05-29 21:00:00,19094.4,35.52,21.5
2025-05-29 22:00:00,17101.0,19.85,12.5
2025-05-29 23:00:00,15452.9,21.29,4.5
2025-05-30 00:00:00,14000.0,23.21,9.5
2025-05-30 01:00:00,14000.0,22.2,0.0
2025-05-30 02:00:00,14000.0,20.72,0.0
2025-05-30 03:00:00,14000.0,20.6,0.0
2025-05-30 04:00:00,14000.0,22.8,58.0
2025-05-30 05:00:00,14000.0,19.52,861.5
2025-05-30 06:00:00,16279.6,13.7,1658.5
2025-05-30 07:00:00,19402.4,15.09,2352.0
2025-05-30 08:00:00,20656.3,22.68,2851.5
2025-05-30 09:00:00,21034.8,24.33,3442.0
2025-05-30 10:00:00,19000.9,13.07,3937.0
2025-05-30 11:00:00,17478.6,20.71,3975.5
2025-05-30 12:00:00,16692.7,12.94,4077.5
2025-05-30 13:00:00,16222.1,6.37,4200.5
2025-05-30 14:00:00,17038.8,2.94,4302.0
2025-05-30 15:00:00,19318.8,20.12,3772.5
2025-05-30 16:00:00,21504.2,21.08,3012.5
2025-05-30 17:00:00,23214.5,28.87,2237.5
2025-05-30 18:00:00,23950.3,31.64,1833.0
2025-05-30 19:00:00,22879.5,30.54,1097.0
2025-05-30 20:00:00,21108.3,33.77,184.0
2025-05-30 21:00:00,18766.9,28.78,239.5
2025-05-30 22:00:00,16986.9,23.98,133.0
2025-05-30 23:00:00,15383.2,21.34,199.0
2025-05-31 00:00:00,14000.0,28.13,413.0
2025-05-31 01:00:00,14000.0,23.26,594.5
2025-05-31 02:00:00,14000.0,19.96,424.0
2025-05-31 03:00:00,14000.0,13.16,519.5
2025-05-31 04:00:00,14000.0,22.05,718.0
2025-05-31 05:00:00,14000.0,23.6,1687.5
2025-05-31 06:00:00,14020.4,19.95,2368.0
2025-05-31 07:00:00,17113.6,15.99,2885.5
2025-05-31 08:00:00,18028.5,17.81,3203.5
2025-05-31 09:00:00,17993.8,10.11,3448.5
2025-05-31 10:00:00,16411.0,11.77,3627.5
2025-05-31 11:00:00,15187.8,9.39,3985.0
2025-05-31 12:00:00,14059.0,5.86,4085.5
2025-05-31 13:00:00,14131.3,8.85,4076.5
2025-05-31 14:00:00,14919.2,8.98,4006.0
2025-05-31 15:00:00,16576.5,4.7,3544.0
2025-05-31 16:00:00,18758.1,17.24,2868.5
2025-05-31 17:00:00,20149.4,28.52,2297.0
2025-05-31 18:00:00,20040.7,19.73,1749.0
2025-05-31 19:00:00,20123.1,30.81,866.5
2025-05-31 20:00:00,18420.8,28.59,87.5
2025-05-31 21:00:00,16435.8,21.24,36.0
2025-05-31 22:00:00,14711.9,26.61,113.5
2025-05-31 23:00:00,14000.0,17.83,130.5
2025-06-01 00:00:00,14000.0,81.35,604.0
2025-06-01 01:00:00,14000.0,54.46,895.5
2025-06-01 02:00:00,14000.0,68.18,1152.5
2025-06-01 03:00:00,14000.0,53.0,1225.0
2025-06-01 04:00:00,14000.0,42.08,450.0
2025-06-01 05:00:00,14000.0,54.85,1060.0
2025-06-01 06:00:00,14150.8,39.24,1821.5
2025-06-01 07:00:00,16468.3,69.13,2890.5
2025-06-01 08:00:00,18116.5,54.83,3281.0
2025-06-01 09:00:00,18431.1,33.37,3446.0
2025-06-01 10:00:00,16821.9,49.23,3853.5
2025-06-01 11:00:00,15412.1,43.49,4350.0
2025-06-01 12:00:00,14000.0,34.11,4323.0
2025-06-01 13:00:00,14294.6,46.21,4440.0
2025-06-01 14:00:00,15005.1,59.05,4046.0
2025-06-01 15:00:00,16362.9,36.39,3782.5
2025-06-01 16:00:00,18435.9,39.06,3364.5
2025-06-01 17:00:00,19965.9,49.42,2958.5
2025-06-01 18:00:00,20181.8,55.92,1953.5
2025-06-01 19:00:00,20008.5,74.61,994.0
2025-06-01 20:00:00,18690.4,68.34,429.0
2025-06-01 21:00:00,16377.6,46.36,396.0
2025-06-01 22:00:00,14502.2,69.82,513.0
2025-06-01 23:00:00,14000.0,45.09,582.0
2025-06-02 00:00:00,14000.0,22.32,712.5
2025-06-02 01:00:00,14000.0,14.86,470.0
2025-06-02 02:00:00,14000.0,22.37,543.0
2025-06-02 03:00:00,14000.0,20.77,495.0
2025-06-02 04:00:00,14000.0,21.31,544.0
2025-06-02 05:00:00,14000.0,16.67,923.5
2025-06-02 06:00:00,16380.2,19.22,1777.0
2025-06-02 07:00:00,19844.9,31.51,2172.5
2025-06-02 08:00:00,20458.1,21.1,3045.5
2025-06-02 09:00:00,20853.9,18.83,3405.0
2025-06-02 10:00:00,19819.0,14.96,3648.5
2025-06-02 11:00:00,17822.3,8.03,4027.5
2025-06-02 12:00:00,16151.8,11.04,4043.0
2025-06-02 13:00:00,15985.2,14.34,3729.0
2025-06-02 14:00:00,17003.0,10.38,3382.5
2025-06-02 15:00:00,19013.5,20.47,3131.5
2025-06-02 16:00:00,21173.0,28.87,2736.5
2025-06-02 17:00:00,22420.1,30.67,2136.5
2025-06-02 18:00:00,23228.2,34.18,1530.0
2025-06-02 19:00:00,22571.5,33.0,864.0
2025-06-02 20:00:00,21015.0,38.36,112.0
2025-06-02 21:00:00,19422.2,31.78,7.5
2025-06-02 22:00:00,16627.3,29.32,62.5
2025-06-02 23:00:00,15205.8,21.29,237.0
2025-06-03 00:00:00,14000.0,22.62,68.0
2025-06-03 01:00:00,14000.0,25.84,67.0
2025-06-03 02:00:00,14000.0,23.28,74.5
2025-06-03 03:00:00,14000.0,18.68,23.5
2025-06-03 04:00:00,14000.0,16.21,176.5
2025-06-03 05:00:00,14000.0,17.39,1020.0
2025-06-03 06:00:00,16570.1,24.25,2017.0
2025-06-03 07:00:00,20153.7,25.48,2910.5
2025-06-03 08:00:00,21042.2,30.75,3143.5
2025-06-03 09:00:00,20644.4,29.95,3854.5
2025-06-03 10:00:00,19097.0,13.97,4052.0
2025-06-03 11:00:00,17260.4,12.82,4232.0
2025-06-03 12:00:00,16638.2,8.64,4326.5
2025-06-03 13:00:00,16440.8,5.69,4454.0
2025-06-03 14:00:00,17052.0,12.31,3984.5
2025-06-03 15:00:00,19285.9,16.07,4059.5
2025-06-03 16:00:00,21077.7,20.36,3679.5
2025-06-03 17:00:00,23088.3,26.48,3039.5
2025-06-03 18:00:00,23606.7,33.68,2119.0
2025-06-03 19:00:00,22756.0,32.97,1432.0
2025-06-03 20:00:00,20740.4,33.19,753.0
2025-06-03 21:00:00,18792.3,25.71,533.0
2025-06-03 22:00:00,17051.7,23.79,293.5
2025-06-03 23:00:00,15292.2,21.7,75.5
2025-06-04 00:00:00,14000.0,21.93,148.0
2025-06-04 01:00:00,14000.0,21.49,119.5
2025-06-04 02:00:00,14000.0,18.67,118.5
2025-06-04 03:00:00,14000.0,19.15,72.5
2025-06-04 04:00:00,14000.0,21.38,319.5
2025-06-04 05:00:00,14000.0,14.73,1129.5
2025-06-04 06:00:00,16704.5,14.82,1929.5
2025-06-04 07:00:00,18981.8,22.93,2810.5
2025-06-04 08:00:00,20506.4,13.39,3811.5
2025-06-04 09:00:00,20623.5,12.99,4247.5
2025-06-04 10:00:00,19879.5,19.65,4573.0
2025-06-04 11:00:00,17413.9,3.89,5056.0
2025-06-04 12:00:00,16556.7,14.53,4434.5
2025-06-04 13:00:00,16316.1,2.53,4603.0
2025-06-04 14:00:00,16997.0,5.0,4495.5
2025-06-04 15:00:00,18961.0,9.92,4083.0
2025-06-04 16:00:00,20900.9,14.94,3771.5
2025-06-04 17:00:00,22669.6,33.77,2738.0
2025-06-04 18:00:00,22885.3,36.03,2298.0
2025-06-04 19:00:00,22777.1,28.57,1523.5
2025-06-04 20:00:00,21296.4,42.35,363.0
2025-06-04 21:00:00,18823.9,26.07,152.5
2025-06-04 22:00:00,17091.1,40.12,105.0
2025-06-04 23:00:00,15522.6,23.53,216.5
2025-06-05 00:00:00,14000.0,18.63,124.5
2025-06-05 01:00:00,14000.0,23.14,172.5
2025-06-05 02:00:00,14000.0,17.5,102.0
2025-06-05 03:00:00,14000.0,15.34,62.0
2025-06-05 04:00:00,14000.0,18.59,361.5
2025-06-05 05:00:00,14000.0,16.88,1276.0
2025-06-05 06:00:00,16876.5,9.95,2163.0
2025-06-05 07:00:00,19475.3,18.16,2591.0
2025-06-05 08:00:00,20544.3,29.77,3146.0
2025-06-05 09:00:00,20173.2,18.47,3671.5
2025-06-05 10:00:00,19178.6,5.12,4032.0
2025-06-05 11:00:00,17782.6,11.3,4246.5
2025-06-05 12:00:00,16359.1,9.79,4226.0
2025-06-05 13:00:00,16363.7,7.9,4375.5
2025-06-05 14:00:00,17080.0,13.48,4077.0
2025-06-05 15:00:00,19094.1,14.27,3823.5
2025-06-05 16:00:00,20511.6,26.41,2946.5
2025-06-05 17:00:00,23310.2,30.92,2276.0
2025-06-05 18:00:00,23048.8,33.47,1696.5
2025-06-05 19:00:00,23027.0,37.92,887.5
2025-06-05 20:00:00,20900.2,38.35,110.0
2025-06-05 21:00:00,18750.8,32.42,215.5
2025-06-05 22:00:00,16733.6,23.69,155.0
2025-06-05 23:00:00,15427.7,30.94,89.0
2025-06-06 00:00:00,14000.0,18.04,32.5
2025-06-06 01:00:00,14000.0,17.4,168.5
2025-06-06 02:00:00,14000.0,13.04,89.5
2025-06-06 03:00:00,14000.0,20.02,146.0
2025-06-06 04:00:00,14000.0,18.59,226.5
2025-06-06 05:00:00,14000.0,17.4,1076.5
2025-06-06 06:00:00,16698.8,16.39,1714.0
2025-06-06 07:00:00,19422.9,30.54,2105.5
2025-06-06 08:00:00,20617.9,20.77,2779.5
2025-06-06 09:00:00,20649.4,18.32,3359.0
2025-06-06 10:00:00,19360.0,16.17,3709.5
2025-06-06 11:00:00,17538.9,13.25,3932.5
2025-06-06 12:00:00,16495.1,13.69,4205.0
2025-06-06 13:00:00,16422.5,11.62,3937.5
2025-06-06 14:00:00,17099.7,13.89,3683.0
2025-06-06 15:00:00,18034.9,16.18,3233.5
2025-06-06 16:00:00,21518.0,21.54,2778.5
2025-06-06 17:00:00,22633.5,26.59,2366.5
2025-06-06 18:00:00,23122.4,23.93,1738.0
2025-06-06 19:00:00,22345.2,33.11,1170.5
2025-06-06 20:00:00,20854.7,37.33,435.5
2025-06-06 21:00:00,18602.3,29.62,170.5
2025-06-06 22:00:00,16588.5,27.97,327.0
2025-06-06 23:00:00,15193.1,31.13,359.0
2025-06-07 00:00:00,14000.0,21.23,295.0
2025-06-07 01:00:00,14000.0,23.42,184.5
2025-06-07 02:00:00,14000.0,21.56,157.0
2025-06-07 03:00:00,14000.0,17.8,79.0
2025-06-07 04:00:00,14000.0,19.68,289.0
2025-06-07 05:00:00,14000.0,13.35,843.0
2025-06-07 06:00:00,14372.0,19.63,1464.5
2025-06-07 07:00:00,16605.0,22.53,1898.0
2025-06-07 08:00:00,17950.7,17.49,2835.0
2025-06-07 09:00:00,18125.4,24.02,3169.5
2025-06-07 10:00:00,16971.2,11.61,3450.5
2025-06-07 11:00:00,15264.3,12.05,3580.0
2025-06-07 12:00:00,14000.0,5.09,3472.5
2025-06-07 13:00:00,14026.1,8.33,3417.0
2025-06-07 14:00:00,14543.8,2.4,3261.5
2025-06-07 15:00:00,16415.1,11.52,2930.0
2025-06-07 16:00:00,18310.2,20.1,2417.0
2025-06-07 17:00:00,19676.8,28.37,1938.0
2025-06-07 18:00:00,20418.7,28.93,1397.0
2025-06-07 19:00:00,19874.9,36.0,791.0
2025-06-07 20:00:00,18285.2,28.46,95.0
2025-06-07 21:00:00,16009.5,21.73,0.0
2025-06-07 22:00:00,14521.4,30.35,0.0
2025-06-07 23:00:00,14000.0,15.03,0.0
2025-06-08 00:00:00,14000.0,18.31,0.0
2025-06-08 01:00:00,14000.0,21.37,0.0
2025-06-08 02:00:00,14000.0,20.17,0.0
2025-06-08 03:00:00,14000.0,21.93,1.0
2025-06-08 04:00:00,14000.0,21.41,92.0
2025-06-08 05:00:00,14000.0,27.5,710.0
2025-06-08 06:00:00,14522.9,15.8,1294.0
2025-06-08 07:00:00,17100.2,21.28,1850.0
2025-06-08 08:00:00,18171.1,20.25,2301.0
2025-06-08 09:00:00,18510.0,8.66,2728.0
2025-06-08 10:00:00,16526.5,8.82,2919.0
2025-06-08 11:00:00,15718.2,1.95,3129.0
2025-06-08 12:00:00,14395.2,2.87,3332.0
2025-06-08 13:00:00,14356.7,7.74,3084.0
2025-06-08 14:00:00,14778.2,13.1,3051.0
2025-06-08 15:00:00,16586.8,20.98,2582.0
2025-06-08 16:00:00,18611.1,30.7,2461.0
2025-06-08 17:00:00,19414.3,24.61,1909.0
2025-06-08 18:00:00,20273.7,28.89,1292.0
2025-06-08 19:00:00,19096.9,22.68,728.0
2025-06-08 20:00:00,18147.1,25.35,95.0
2025-06-08 21:00:00,16086.8,29.04,0.0
2025-06-08 22:00:00,14513.9,30.45,0.0
2025-06-08 23:00:00,14000.0,27.12,0.0
2025-06-09 00:00:00,14000.0,18.68,0.0
2025-06-09 01:00:00,14000.0,16.4,0.0
2025-06-09 02:00:00,14000.0,13.63,0.0
2025-06-09 03:00:00,14000.0,20.92,0.0
2025-06-09 04:00:00,14000.0,29.01,103.0
2025-06-09 05:00:00,14000.0,15.69,774.0
2025-06-09 06:00:00,16449.1,17.47,1422.0
2025-06-09 07:00:00,18849.3,21.98,1907.0
2025-06-09 08:00:00,20402.9,22.97,2400.0
2025-06-09 09:00:00,20581.5,22.71,2885.5
2025-06-09 10:00:00,19182.9,7.2,3259.0
2025-06-09 11:00:00,17306.1,8.14,3612.0
2025-06-09 12:00:00,16147.1,8.58,3530.5
2025-06-09 13:00:00,16139.2,11.72,3441.0
2025-06-09 14:00:00,17278.4,11.51,3231.0
2025-06-09 15:00:00,18786.9,18.76,3050.0
2025-06-09 16:00:00,21432.7,23.05,2537.0
2025-06-09 17:00:00,22426.7,32.98,2160.5
2025-06-09 18:00:00,23405.3,36.23,1389.5
2025-06-09 19:00:00,22536.4,36.46,797.0
2025-06-09 20:00:00,21078.6,39.06,106.0
2025-06-09 21:00:00,18482.2,33.12,0.0
2025-06-09 22:00:00,17204.5,25.61,0.0
2025-06-09 23:00:00,14913.7,19.8,1.5
2025-06-10 00:00:00,14000.0,26.94,1.5
2025-06-10 01:00:00,14000.0,29.39,40.5
2025-06-10 02:00:00,14000.0,25.62,294.5
2025-06-10 03:00:00,14000.0,25.11,487.5
2025-06-10 04:00:00,14000.0,14.37,1150.5
2025-06-10 05:00:00,14000.0,13.82,2474.5
2025-06-10 06:00:00,16514.0,14.89,3479.0
2025-06-10 07:00:00,19759.2,17.94,4571.0
2025-06-10 08:00:00,20429.5,17.89,3832.5
2025-06-10 09:00:00,21161.9,23.39,3928.0
2025-06-10 10:00:00,19247.9,17.86,4145.0
2025-06-10 11:00:00,17362.8,7.74,4453.0
2025-06-10 12:00:00,16108.5,6.3,4023.5
2025-06-10 13:00:00,16092.4,11.72,3493.5
2025-06-10 14:00:00,16536.9,12.92,3241.0
2025-06-10 15:00:00,18674.7,15.42,3126.5
2025-06-10 16:00:00,20822.3,23.8,2586.0
2025-06-10 17:00:00,22278.1,24.31,2213.5
2025-06-10 18:00:00,23578.4,37.42,1741.0
2025-06-10 19:00:00,22562.3,33.74,1058.5
2025-06-10 20:00:00,20676.6,32.57,367.5
2025-06-10 21:00:00,18593.6,32.57,222.5
2025-06-10 22:00:00,16795.1,31.4,123.0
2025-06-10 23:00:00,15304.9,23.77,177.5
2025-06-11 00:00:00,14000.0,18.69,36.0
2025-06-11 01:00:00,14000.0,23.04,18.5
2025-06-11 02:00:00,14000.0,21.57,35.0
2025-06-11 03:00:00,14000.0,22.71,1.0
2025-06-11 04:00:00,14000.0,24.19,155.0
2025-06-11 05:00:00,14000.0,16.75,1028.0
2025-06-11 06:00:00,16493.8,24.46,1529.0
2025-06-11 07:00:00,19138.9,20.44,2186.0
2025-06-11 08:00:00,20898.2,20.85,2896.5
2025-06-11 09:00:00,20192.2,23.81,3447.0
2025-06-11 10:00:00,18849.5,18.77,3486.0
2025-06-11 11:00:00,17396.4,11.56,3860.5
2025-06-11 12:00:00,16680.5,10.9,3710.0
2025-06-11 13:00:00,16172.9,8.1,3920.0
2025-06-11 14:00:00,16952.4,11.51,3589.0
2025-06-11 15:00:00,19211.4,13.06,3276.5
2025-06-11 16:00:00,20797.9,20.92,2698.5
2025-06-11 17:00:00,23383.0,31.03,2156.5
2025-06-11 18:00:00,23119.2,27.0,1628.0
2025-06-11 19:00:00,22274.9,26.08,869.5
2025-06-11 20:00:00,20806.7,28.37,130.0
2025-06-11 21:00:00,18599.9,36.0,2.5
2025-06-11 22:00:00,16490.3,34.68,0.0
2025-06-11 23:00:00,15871.9,26.49,0.0
2025-06-12 00:00:00,14000.0,20.65,2.0
2025-06-12 01:00:00,14000.0,26.2,5.0
2025-06-12 02:00:00,14000.0,16.78,2.5
2025-06-12 03:00:00,14000.0,22.59,42.5
2025-06-12 04:00:00,14000.0,22.06,170.0
2025-06-12 05:00:00,14000.0,16.61,921.0
2025-06-12 06:00:00,16061.4,11.34,1521.5
2025-06-12 07:00:00,19119.9,27.39,2167.5
2025-06-12 08:00:00,21092.1,22.47,2617.5
2025-06-12 09:00:00,20363.5,18.18,3163.5
2025-06-12 10:00:00,19227.0,10.64,3647.0
2025-06-12 11:00:00,17456.7,14.45,3887.0
2025-06-12 12:00:00,16619.1,12.77,3665.0
2025-06-12 13:00:00,15738.4,11.4,3658.0
2025-06-12 14:00:00,17198.1,10.65,3553.5
2025-06-12 15:00:00,18706.8,16.16,3171.5
2025-06-12 16:00:00,21162.1,22.25,2566.0
2025-06-12 17:00:00,22330.3,30.64,2142.5
2025-06-12 18:00:00,23289.4,34.1,1581.0
2025-06-12 19:00:00,22566.9,33.98,1038.0
2025-06-12 20:00:00,20530.1,28.52,515.0
2025-06-12 21:00:00,18297.7,26.94,1010.5
2025-06-12 22:00:00,16535.2,17.45,1445.0
2025-06-12 23:00:00,15294.3,19.16,1090.0
2025-06-13 00:00:00,14000.0,15.18,1304.5
2025-06-13 01:00:00,14000.0,18.13,1071.0
2025-06-13 02:00:00,14000.0,21.03,702.5
2025-06-13 03:00:00,14000.0,19.33,653.0
2025-06-13 04:00:00,14000.0,16.62,936.0
2025-06-13 05:00:00,14000.0,15.84,1271.5
2025-06-13 06:00:00,16309.6,19.39,2025.0
2025-06-13 07:00:00,19248.8,25.19,2149.5
2025-06-13 08:00:00,20403.0,29.32,2639.5
2025-06-13 09:00:00,20963.9,33.14,3000.0
2025-06-13 10:00:00,19687.6,25.1,3345.0
2025-06-13 11:00:00,17481.3,14.04,3388.5
2025-06-13 12:00:00,16924.6,8.16,3650.0
2025-06-13 13:00:00,15946.8,7.77,3903.0
2025-06-13 14:00:00,16680.3,13.55,3330.0
2025-06-13 15:00:00,18551.0,16.77,2884.5
2025-06-13 16:00:00,20790.3,23.88,2489.5
2025-06-13 17:00:00,23377.0,35.42,1943.5
2025-06-13 18:00:00,23167.7,33.42,1561.5
2025-06-13 19:00:00,22295.8,36.14,1043.5
2025-06-13 20:00:00,20549.3,32.97,465.0
2025-06-13 21:00:00,18962.7,21.19,1047.0
2025-06-13 22:00:00,16918.9,17.13,929.5
2025-06-13 23:00:00,15143.5,23.8,756.0
2025-06-14 00:00:00,14000.0,19.1,912.0
2025-06-14 01:00:00,14000.0,20.75,589.5
2025-06-14 02:00:00,14000.0,21.09,698.5
2025-06-14 03:00:00,14000.0,21.82,233.0
2025-06-14 04:00:00,14000.0,19.31,748.0
2025-06-14 05:00:00,14000.0,21.12,1801.0
2025-06-14 06:00:00,14617.0,14.62,2735.5
2025-06-14 07:00:00,16667.0,16.52,3168.5
2025-06-14 08:00:00,17959.1,13.78,3680.0
2025-06-14 09:00:00,17639.3,9.6,3670.0
2025-06-14 10:00:00,16532.7,20.67,3586.0
2025-06-14 11:00:00,14824.6,10.69,3749.0
2025-06-14 12:00:00,14000.0,5.78,3906.0
2025-06-14 13:00:00,14000.0,3.97,3901.0
2025-06-14 14:00:00,15021.4,11.19,3523.5
2025-06-14 15:00:00,15921.9,8.94,3449.5
2025-06-14 16:00:00,18667.6,21.72,3011.0
2025-06-14 17:00:00,19429.9,29.69,2235.0
2025-06-14 18:00:00,20757.0,27.9,1862.0
2025-06-14 19:00:00,19532.0,34.96,1244.0
2025-06-14 20:00:00,17686.4,25.81,919.5
2025-06-14 21:00:00,16523.2,16.9,1106.0
2025-06-14 22:00:00,14799.1,24.16,1127.0
2025-06-14 23:00:00,14000.0,19.06,910.0
2025-06-15 00:00:00,14000.0,22.19,1281.0
2025-06-15 01:00:00,14000.0,14.02,1274.5
2025-06-15 02:00:00,14000.0,17.53,872.0
2025-06-15 03:00:00,14000.0,25.37,797.5
2025-06-15 04:00:00,14000.0,20.05,1090.0
2025-06-15 05:00:00,14000.0,22.67,1456.5
2025-06-15 06:00:00,14069.3,11.37,2041.0
2025-06-15 07:00:00,16843.8,25.53,3256.5
2025-06-15 08:00:00,17898.8,25.06,3848.5
2025-06-15 09:00:00,17698.7,15.66,4551.5
2025-06-15 10:00:00,16363.8,9.47,4848.5
2025-06-15 11:00:00,15016.6,6.81,4995.5
2025-06-15 12:00:00,14458.0,8.63,4853.5
2025-06-15 13:00:00,14000.0,4.23,4888.0
2025-06-15 14:00:00,14933.6,5.07,4468.0
2025-06-15 15:00:00,16307.4,5.55,4538.0
2025-06-15 16:00:00,18194.9,6.72,4058.0
2025-06-15 17:00:00,19420.0,19.63,3318.5
2025-06-15 18:00:00,20113.3,16.72,2707.0
2025-06-15 19:00:00,19628.4,27.17,1656.5
2025-06-15 20:00:00,17961.7,34.43,735.5
2025-06-15 21:00:00,16283.7,24.35,739.5
2025-06-15 22:00:00,14586.7,17.09,753.5
2025-06-15 23:00:00,14000.0,16.79,1170.0
2025-06-16 00:00:00,14000.0,16.14,873.5
2025-06-16 01:00:00,14000.0,26.04,1194.5
2025-06-16 02:00:00,14000.0,17.23,674.0
2025-06-16 03:00:00,14000.0,12.92,461.5
2025-06-16 04:00:00,14000.0,30.64,563.5
2025-06-16 05:00:00,14000.0,16.82,1015.0
2025-06-16 06:00:00,16183.6,15.55,1702.5
2025-06-16 07:00:00,19358.3,23.97,2073.0
2025-06-16 08:00:00,20446.0,23.05,2615.5
2025-06-16 09:00:00,20436.4,24.48,3028.0
2025-06-16 10:00:00,19261.0,17.54,3484.5
2025-06-16 11:00:00,17703.6,6.18,3334.0
2025-06-16 12:00:00,16486.3,11.75,3315.0
2025-06-16 13:00:00,16105.9,14.6,3594.5
2025-06-16 14:00:00,17607.0,12.1,3658.5
2025-06-16 15:00:00,18620.9,20.93,3262.5
2025-06-16 16:00:00,20326.6,28.34,2483.5
2025-06-16 17:00:00,22081.9,34.77,2046.0
2025-06-16 18:00:00,23745.7,31.12,1535.5
2025-06-16 19:00:00,22528.3,32.05,804.5
2025-06-16 20:00:00,20849.5,35.24,173.5
2025-06-16 21:00:00,18465.4,22.92,112.0
2025-06-16 22:00:00,16532.4,21.67,243.0
2025-06-16 23:00:00,15052.7,24.67,92.0
2025-06-17 00:00:00,14000.0,12.52,61.5
2025-06-17 01:00:00,14000.0,13.67,90.5
2025-06-17 02:00:00,14000.0,23.09,213.5
2025-06-17 03:00:00,14000.0,14.47,57.5
2025-06-17 04:00:00,14000.0,32.09,157.5
2025-06-17 05:00:00,14000.0,13.49,960.5
2025-06-17 06:00:00,15924.1,14.45,1609.0
2025-06-17 07:00:00,20014.0,19.8,2009.5
2025-06-17 08:00:00,21080.5,25.74,2515.5
2025-06-17 09:00:00,20839.8,22.26,3199.0
2025-06-17 10:00:00,18868.7,18.42,3782.0
2025-06-17 11:00:00,17409.8,13.34,3344.5
2025-06-17 12:00:00,16063.8,15.11,3423.5
2025-06-17 13:00:00,15766.2,10.08,3297.0
2025-06-17 14:00:00,16819.4,11.83,3226.0
2025-06-17 15:00:00,19089.8,21.07,2780.0
2025-06-17 16:00:00,21084.7,17.52,2413.0
2025-06-17 17:00:00,22225.3,25.69,1895.0
2025-06-17 18:00:00,23115.0,42.04,1370.5
2025-06-17 19:00:00,22800.5,28.86,828.0
2025-06-17 20:00:00,20615.1,37.75,413.5
2025-06-17 21:00:00,18633.2,19.07,912.0
2025-06-17 22:00:00,16740.4,18.99,615.5
2025-06-17 23:00:00,15316.9,19.75,482.5
2025-06-18 00:00:00,14000.0,20.16,1385.5
2025-06-18 01:00:00,14000.0,18.72,917.5
2025-06-18 02:00:00,14000.0,20.88,970.5
2025-06-18 03:00:00,14000.0,17.53,704.5
2025-06-18 04:00:00,14000.0,19.04,607.5
2025-06-18 05:00:00,14000.0,17.41,1175.5
2025-06-18 06:00:00,16497.8,24.27,1682.5
2025-06-18 07:00:00,18744.0,30.24,2099.0
2025-06-18 08:00:00,20702.8,20.74,2529.0
2025-06-18 09:00:00,20664.7,23.13,2750.0
2025-06-18 10:00:00,18532.1,16.78,2907.0
2025-06-18 11:00:00,17332.6,16.53,3037.0
2025-06-18 12:00:00,16660.4,19.35,3143.0
2025-06-18 13:00:00,16212.1,13.96,2878.5
2025-06-18 14:00:00,16489.3,12.29,2713.5
2025-06-18 15:00:00,18897.9,25.2,2442.5
2025-06-18 16:00:00,20583.8,25.27,2011.0
2025-06-18 17:00:00,22782.0,32.13,1630.5
2025-06-18 18:00:00,22978.9,37.33,1271.5
2025-06-18 19:00:00,22523.9,30.64,760.0
2025-06-18 20:00:00,20620.7,28.71,221.5
2025-06-18 21:00:00,18607.5,26.59,103.5
2025-06-18 22:00:00,16494.6,25.11,138.0
2025-06-18 23:00:00,15173.0,28.08,45.0
2025-06-19 00:00:00,14000.0,18.34,99.0
2025-06-19 01:00:00,14000.0,19.16,15.5
2025-06-19 02:00:00,14000.0,22.09,14.5
2025-06-19 03:00:00,14000.0,17.42,16.0
2025-06-19 04:00:00,14000.0,18.74,203.5
2025-06-19 05:00:00,14000.0,18.11,806.5
2025-06-19 06:00:00,16335.3,23.38,1312.5
2025-06-19 07:00:00,19356.9,29.03,1821.0
2025-06-19 08:00:00,20716.8,25.72,2152.5
2025-06-19 09:00:00,20778.1,24.11,2397.5
2025-06-19 10:00:00,18970.4,19.36,2716.5
2025-06-19 11:00:00,17670.6,17.95,2839.5
2025-06-19 12:00:00,16286.4,20.43,2738.0
2025-06-19 13:00:00,16198.9,22.8,2899.5
2025-06-19 14:00:00,17065.4,23.85,2761.0
2025-06-19 15:00:00,19058.5,25.55,2581.0
2025-06-19 16:00:00,21039.4,22.96,2136.0
2025-06-19 17:00:00,22395.0,32.15,1919.0
2025-06-19 18:00:00,22992.4,32.35,1809.5
2025-06-19 19:00:00,22521.6,35.2,980.5
2025-06-19 20:00:00,20548.2,41.52,332.0
2025-06-19 21:00:00,18310.2,35.58,216.5
2025-06-19 22:00:00,16102.7,28.77,288.0
2025-06-19 23:00:00,14868.0,33.56,307.0
2025-06-20 00:00:00,14000.0,24.62,120.0
2025-06-20 01:00:00,14000.0,27.29,170.0
2025-06-20 02:00:00,14000.0,23.03,334.0
2025-06-20 03:00:00,14000.0,20.72,719.0
2025-06-20 04:00:00,14000.0,27.5,1043.5
2025-06-20 05:00:00,14000.0,13.15,1632.0
2025-06-20 06:00:00,16295.8,13.35,1633.5
2025-06-20 07:00:00,19679.3,21.86,1798.0
2025-06-20 08:00:00,21095.5,24.88,2306.0
2025-06-20 09:00:00,20503.8,28.11,2597.5
2025-06-20 10:00:00,18724.7,24.44,2917.5
2025-06-20 11:00:00,17149.6,11.77,3147.0
2025-06-20 12:00:00,16047.5,9.63,3325.0
2025-06-20 13:00:00,16383.6,11.69,3083.5
2025-06-20 14:00:00,17376.7,15.68,3460.5
2025-06-20 15:00:00,18764.0,18.62,3478.0
2025-06-20 16:00:00,20718.1,26.42,2861.0
2025-06-20 17:00:00,23067.0,27.3,2668.5
2025-06-20 18:00:00,22873.4,27.54,2575.5
2025-06-20 19:00:00,22554.4,30.22,1919.0
2025-06-20 20:00:00,20928.1,34.1,852.5
2025-06-20 21:00:00,18361.8,23.52,912.5
2025-06-20 22:00:00,16473.9,21.75,505.0
2025-06-20 23:00:00,15057.8,24.59,565.5
2025-06-21 00:00:00,14000.0,27.07,239.5
2025-06-21 01:00:00,14000.0,21.58,692.5
2025-06-21 02:00:00,14000.0,16.2,303.5
2025-06-21 03:00:00,14000.0,23.01,616.0
2025-06-21 04:00:00,14000.0,16.0,1289.0
2025-06-21 05:00:00,14000.0,22.48,1438.0
2025-06-21 06:00:00,14059.6,14.36,2802.0
2025-06-21 07:00:00,16624.5,13.6,2464.0
2025-06-21 08:00:00,18045.5,19.1,2834.5
2025-06-21 09:00:00,17657.5,9.49,3378.5
2025-06-21 10:00:00,16529.2,12.3,3814.5
2025-06-21 11:00:00,15095.6,6.72,3992.0
2025-06-21 12:00:00,14075.0,13.46,4285.5
2025-06-21 13:00:00,14000.0,6.0,4011.5
2025-06-21 14:00:00,14925.5,7.85,3927.0
2025-06-21 15:00:00,15844.7,1.13,3631.5
2025-06-21 16:00:00,18534.9,22.47,2705.5
2025-06-21 17:00:00,19652.8,29.18,2132.0
2025-06-21 18:00:00,20381.4,32.73,1866.0
2025-06-21 19:00:00,19820.6,27.62,1746.0
2025-06-21 20:00:00,17890.1,24.81,888.5
2025-06-21 21:00:00,15962.5,28.79,929.0
2025-06-21 22:00:00,14246.5,19.7,883.0
2025-06-21 23:00:00,14000.0,19.43,868.0
2025-06-22 00:00:00,14000.0,18.0,957.5
2025-06-22 01:00:00,14000.0,10.81,549.5
2025-06-22 02:00:00,14000.0,15.66,1091.0
2025-06-22 03:00:00,14000.0,19.08,1300.0
2025-06-22 04:00:00,14000.0,21.66,934.0
2025-06-22 05:00:00,14000.0,16.52,1489.5
2025-06-22 06:00:00,14141.6,16.43,2042.0
2025-06-22 07:00:00,16443.3,10.21,2303.5
2025-06-22 08:00:00,17759.4,13.52,2898.5
2025-06-22 09:00:00,16960.3,24.11,3140.0
2025-06-22 10:00:00,16326.4,15.18,3364.5
2025-06-22 11:00:00,15379.3,15.74,3365.0
2025-06-22 12:00:00,14020.2,5.07,3585.0
2025-06-22 13:00:00,14000.0,10.71,3540.5
2025-06-22 14:00:00,14242.0,12.01,3317.5
2025-06-22 15:00:00,15880.5,20.97,3399.0
2025-06-22 16:00:00,18432.4,20.95,2858.0
2025-06-22 17:00:00,19796.5,19.22,2623.0
2025-06-22 18:00:00,19805.5,23.39,1884.5
2025-06-22 19:00:00,19423.9,29.2,1506.0
2025-06-22 20:00:00,18076.1,17.38,636.5
2025-06-22 21:00:00,15895.7,25.24,892.5
2025-06-22 22:00:00,14036.9,23.1,351.0
2025-06-22 23:00:00,14000.0,27.32,146.0
2025-06-23 00:00:00,14000.0,13.42,168.0
2025-06-23 01:00:00,14000.0,16.39,164.5
2025-06-23 02:00:00,14000.0,21.67,104.5
2025-06-23 03:00:00,14000.0,20.96,124.5
2025-06-23 04:00:00,14000.0,20.85,167.0
2025-06-23 05:00:00,14000.0,22.03,815.5
2025-06-23 06:00:00,16278.2,21.32,1462.0
2025-06-23 07:00:00,19081.0,30.42,1875.0
2025-06-23 08:00:00,20415.7,29.29,2430.0
2025-06-23 09:00:00,19501.3,17.86,2843.0
2025-06-23 10:00:00,19390.8,19.73,3290.5
2025-06-23 11:00:00,17490.8,16.52,3366.5
2025-06-23 12:00:00,15898.2,18.86,3322.0
2025-06-23 13:00:00,16194.3,12.23,3381.0
2025-06-23 14:00:00,16852.7,16.03,3190.0
2025-06-23 15:00:00,18596.9,17.74,2597.0
2025-06-23 16:00:00,20578.9,27.2,2350.0
2025-06-23 17:00:00,22731.6,26.73,1940.5
2025-06-23 18:00:00,22942.5,31.41,1381.5
2025-06-23 19:00:00,22172.7,40.49,784.0
2025-06-23 20:00:00,21142.9,39.47,137.5
2025-06-23 21:00:00,18558.1,36.67,21.0
2025-06-23 22:00:00,16600.7,36.36,15.5
2025-06-23 23:00:00,15383.4,28.3,0.0
2025-06-24 00:00:00,14000.0,22.47,2.0
2025-06-24 01:00:00,14000.0,19.1,0.0
2025-06-24 02:00:00,14000.0,19.18,0.0
2025-06-24 03:00:00,14000.0,21.51,0.0
2025-06-24 04:00:00,14000.0,20.68,118.0
2025-06-24 05:00:00,14000.0,21.76,755.0
2025-06-24 06:00:00,16513.0,17.25,1310.0
2025-06-24 07:00:00,19303.9,22.37,1781.0
2025-06-24 08:00:00,20753.7,27.22,2251.0
2025-06-24 09:00:00,19938.8,15.81,2701.0
2025-06-24 10:00:00,19034.1,24.56,3088.0
2025-06-24 11:00:00,17101.8,17.34,3233.0
2025-06-24 12:00:00,16255.5,12.62,3273.0
2025-06-24 13:00:00,15525.9,7.08,3017.5
2025-06-24 14:00:00,16578.9,12.54,3115.0
2025-06-24 15:00:00,19053.4,23.1,2712.0
2025-06-24 16:00:00,20939.7,23.6,2216.5
2025-06-24 17:00:00,22436.3,24.22,1826.0
2025-06-24 18:00:00,22910.6,36.37,1329.5
2025-06-24 19:00:00,22182.8,36.58,793.5
2025-06-24 20:00:00,20857.9,33.04,224.0
2025-06-24 21:00:00,18517.1,40.57,84.0
2025-06-24 22:00:00,17028.0,24.25,36.0
2025-06-24 23:00:00,15187.1,29.57,86.5
2025-06-25 00:00:00,14000.0,24.21,10.0
2025-06-25 01:00:00,14000.0,22.85,48.5
2025-06-25 02:00:00,14000.0,31.18,2.5
2025-06-25 03:00:00,14000.0,26.29,1.5
2025-06-25 04:00:00,14000.0,18.16,108.5
2025-06-25 05:00:00,14000.0,16.16,656.0
2025-06-25 06:00:00,16389.5,17.98,1205.0
2025-06-25 07:00:00,19588.8,27.15,1685.5
2025-06-25 08:00:00,20677.5,23.72,2037.0
2025-06-25 09:00:00,20789.2,16.4,2430.5
2025-06-25 10:00:00,19248.2,18.88,2740.5
2025-06-25 11:00:00,17698.6,21.36,2766.0
2025-06-25 12:00:00,16121.4,18.33,3208.0
2025-06-25 13:00:00,16040.1,15.4,3653.0
2025-06-25 14:00:00,16925.4,13.7,3609.0
2025-06-25 15:00:00,18879.5,23.79,3331.0
2025-06-25 16:00:00,21079.3,32.94,3336.0
2025-06-25 17:00:00,22606.2,32.63,2668.5
2025-06-25 18:00:00,23540.9,32.69,3062.5
2025-06-25 19:00:00,22366.8,37.78,3351.5
2025-06-25 20:00:00,21079.0,26.38,3366.0
2025-06-25 21:00:00,18903.2,31.22,1810.0
2025-06-25 22:00:00,16816.9,12.31,1024.5
2025-06-25 23:00:00,15265.3,20.3,1083.0
2025-06-26 00:00:00,14000.0,9.83,1088.0
2025-06-26 01:00:00,14000.0,22.18,1205.5
2025-06-26 02:00:00,14000.0,16.26,909.0
2025-06-26 03:00:00,14000.0,22.81,702.5
2025-06-26 04:00:00,14000.0,17.69,514.5
2025-06-26 05:00:00,14000.0,14.65,1259.5
2025-06-26 06:00:00,16010.9,15.83,1639.5
2025-06-26 07:00:00,19038.9,24.37,2390.0
2025-06-26 08:00:00,20653.9,24.52,2884.5
2025-06-26 09:00:00,20223.2,15.7,3483.0
2025-06-26 10:00:00,19102.2,15.81,3702.5
2025-06-26 11:00:00,17440.2,8.62,4003.5
2025-06-26 12:00:00,16077.0,7.6,3753.5
2025-06-26 13:00:00,16234.2,7.37,3848.5
2025-06-26 14:00:00,16789.7,8.61,3738.5
2025-06-26 15:00:00,19377.1,20.4,3500.5
2025-06-26 16:00:00,20806.5,25.91,2918.0
2025-06-26 17:00:00,22177.0,22.01,2306.0
2025-06-26 18:00:00,22902.2,31.83,1737.5
2025-06-26 19:00:00,22955.6,47.19,953.0
2025-06-26 20:00:00,20684.0,40.23,216.5
2025-06-26 21:00:00,18246.5,39.37,116.0
2025-06-26 22:00:00,16868.2,23.19,99.0
2025-06-26 23:00:00,15146.2,21.91,234.0
2025-06-27 00:00:00,14000.0,17.6,188.5
2025-06-27 01:00:00,14000.0,21.28,186.0
2025-06-27 02:00:00,14000.0,22.64,15.5
2025-06-27 03:00:00,14000.0,23.68,21.5
2025-06-27 04:00:00,14000.0,19.03,173.5
2025-06-27 05:00:00,14000.0,15.43,817.5
2025-06-27 06:00:00,16262.3,16.38,1494.5
2025-06-27 07:00:00,19822.0,24.77,1924.0
2025-06-27 08:00:00,21209.2,28.71,2445.0
2025-06-27 09:00:00,20853.3,27.09,2730.5
2025-06-27 10:00:00,18861.0,24.24,2935.0
2025-06-27 11:00:00,17254.7,14.88,3442.5
2025-06-27 12:00:00,16083.2,14.38,3404.0
2025-06-27 13:00:00,15916.1,5.62,3220.0
2025-06-27 14:00:00,17373.6,19.29,3168.5
2025-06-27 15:00:00,18675.2,23.79,2945.5
2025-06-27 16:00:00,20816.6,32.35,2583.0
2025-06-27 17:00:00,22847.6,40.05,2293.0
2025-06-27 18:00:00,22677.0,28.64,1549.0
2025-06-27 19:00:00,22596.6,39.7,1025.0
2025-06-27 20:00:00,20479.9,32.85,279.0
2025-06-27 21:00:00,18554.8,29.07,44.0
2025-06-27 22:00:00,16516.9,25.17,91.0
2025-06-27 23:00:00,15103.1,21.82,39.0
2025-06-28 00:00:00,14000.0,20.91,36.5
2025-06-28 01:00:00,14000.0,19.76,32.0
2025-06-28 02:00:00,14000.0,23.42,89.0
2025-06-28 03:00:00,14000.0,24.49,28.5
2025-06-28 04:00:00,14000.0,26.21,92.5
2025-06-28 05:00:00,14000.0,21.15,628.0
2025-06-28 06:00:00,14167.2,16.52,1163.0
2025-06-28 07:00:00,16568.3,23.23,1534.0
2025-06-28 08:00:00,17763.8,25.63,1862.0
2025-06-28 09:00:00,17744.4,22.17,2240.0
2025-06-28 10:00:00,17083.1,19.32,2517.0
2025-06-28 11:00:00,15160.3,23.73,2698.0
2025-06-28 12:00:00,14000.0,6.92,2786.0
2025-06-28 13:00:00,14213.2,14.39,2627.0
2025-06-28 14:00:00,14688.1,13.05,2439.0
2025-06-28 15:00:00,16386.3,9.79,2252.0
2025-06-28 16:00:00,17986.7,14.26,1950.0
2025-06-28 17:00:00,20038.6,19.59,1556.0
2025-06-28 18:00:00,20066.6,29.78,1081.0
2025-06-28 19:00:00,20067.4,24.99,602.5
2025-06-28 20:00:00,17841.1,28.9,96.0
2025-06-28 21:00:00,16152.7,26.81,6.0
2025-06-28 22:00:00,14810.5,21.32,0.0
2025-06-28 23:00:00,14000.0,20.57,5.0
2025-06-29 00:00:00,14000.0,25.49,11.5
2025-06-29 01:00:00,14000.0,17.88,33.5
2025-06-29 02:00:00,14000.0,21.83,39.5
2025-06-29 03:00:00,14000.0,12.16,34.5
2025-06-29 04:00:00,14000.0,22.21,128.5
2025-06-29 05:00:00,14000.0,23.91,821.0
2025-06-29 06:00:00,14051.2,19.51,1394.0
2025-06-29 07:00:00,16904.5,19.22,1785.5
2025-06-29 08:00:00,17555.9,18.16,2232.0
2025-06-29 09:00:00,17980.6,25.8,2697.0
2025-06-29 10:00:00,16759.5,18.3,2749.5
2025-06-29 11:00:00,15643.9,12.48,3050.0
2025-06-29 12:00:00,14409.0,11.77,3321.5
2025-06-29 13:00:00,14106.1,5.69,3430.0
2025-06-29 14:00:00,15104.7,9.19,3844.0
2025-06-29 15:00:00,16459.9,12.51,2739.0
2025-06-29 16:00:00,18038.6,24.31,2377.5
2025-06-29 17:00:00,19336.5,20.92,2026.5
2025-06-29 18:00:00,20086.7,26.98,1229.5
2025-06-29 19:00:00,19656.8,32.43,634.0
2025-06-29 20:00:00,18186.3,19.14,99.0
2025-06-29 21:00:00,15715.1,21.81,0.0
2025-06-29 22:00:00,14468.0,18.64,0.5
2025-06-29 23:00:00,14000.0,22.24,0.0
2025-06-30 00:00:00,14000.0,22.18,0.0
2025-06-30 01:00:00,14000.0,29.75,9.5
2025-06-30 02:00:00,14000.0,17.43,46.5
2025-06-30 03:00:00,14000.0,14.94,53.5
2025-06-30 04:00:00,14000.0,25.71,263.5
2025-06-30 05:00:00,14000.0,15.4,841.5
2025-06-30 06:00:00,16145.0,20.59,1470.0
2025-06-30 07:00:00,19460.6,22.53,2124.0
2025-06-30 08:00:00,21128.1,29.04,2459.0
2025-06-30 09:00:00,20024.7,23.68,2832.0
2025-06-30 10:00:00,19286.2,17.91,3145.5
2025-06-30 11:00:00,17806.0,15.33,3585.5
2025-06-30 12:00:00,16568.2,11.32,3186.5
2025-06-30 13:00:00,15630.7,10.77,3643.0
2025-06-30 14:00:00,16809.7,11.43,3499.0
2025-06-30 15:00:00,18421.3,23.88,3332.5
2025-06-30 16:00:00,21058.0,23.83,2948.5
2025-06-30 17:00:00,22771.6,29.27,2374.0
2025-06-30 18:00:00,22361.7,24.62,1927.5
2025-06-30 19:00:00,22522.8,31.34,880.0
2025-06-30 20:00:00,21115.5,38.35,128.5
2025-06-30 21:00:00,18716.6,30.45,79.5
2025-06-30 22:00:00,16734.1,25.61,64.5
2025-06-30 23:00:00,15196.5,26.96,20.5
2025-07-01 00:00:00,14000.0,26.87,11.0
2025-07-01 01:00:00,14000.0,17.72,56.0
2025-07-01 02:00:00,14000.0,20.21,96.0
2025-07-01 03:00:00,14000.0,12.59,11.0
2025-07-01 04:00:00,14000.0,24.89,131.0
2025-07-01 05:00:00,14000.0,29.81,855.0
2025-07-01 06:00:00,16640.9,19.54,1367.5
2025-07-01 07:00:00,19118.9,21.39,2191.0
2025-07-01 08:00:00,20263.1,22.48,2865.5
2025-07-01 09:00:00,20663.6,23.01,3267.0
2025-07-01 10:00:00,19179.7,18.51,3664.0
2025-07-01 11:00:00,17612.4,15.59,3487.5
2025-07-01 12:00:00,16022.8,4.33,3616.5
2025-07-01 13:00:00,16585.6,10.94,3708.0
2025-07-01 14:00:00,17223.7,15.77,3738.5
2025-07-01 15:00:00,18716.6,11.72,3819.0
2025-07-01 16:00:00,20618.1,17.41,3122.0
2025-07-01 17:00:00,23016.3,28.11,2613.5
2025-07-01 18:00:00,22938.9,33.96,1787.5
2025-07-01 19:00:00,23412.0,39.8,1070.5
2025-07-01 20:00:00,20690.4,37.75,348.0
2025-07-01 21:00:00,19173.3,28.07,266.5
2025-07-01 22:00:00,16665.3,18.89,98.5
2025-07-01 23:00:00,15655.7,30.62,408.5
2025-07-02 00:00:00,14000.0,26.09,242.0
2025-07-02 01:00:00,14000.0,19.2,154.0
2025-07-02 02:00:00,14000.0,23.53,512.5
2025-07-02 03:00:00,14000.0,21.41,560.5
2025-07-02 04:00:00,14000.0,19.4,480.5
2025-07-02 05:00:00,14000.0,24.65,1196.0
2025-07-02 06:00:00,16408.0,16.91,1747.0
2025-07-02 07:00:00,19605.1,17.85,2242.0
2025-07-02 08:00:00,20511.6,24.24,2678.0
2025-07-02 09:00:00,20712.1,19.35,3183.0
2025-07-02 10:00:00,19098.1,17.67,3513.5
2025-07-02 11:00:00,17552.3,11.45,3843.0
2025-07-02 12:00:00,16368.4,7.99,3562.5
2025-07-02 13:00:00,15975.5,8.13,4018.5
2025-07-02 14:00:00,16991.1,5.59,3811.0
2025-07-02 15:00:00,18856.1,11.46,3272.5
2025-07-02 16:00:00,20898.6,22.44,3112.0
2025-07-02 17:00:00,23206.1,32.4,2504.0
2025-07-02 18:00:00,23699.6,27.46,1895.0
2025-07-02 19:00:00,22763.4,37.56,1132.0
2025-07-02 20:00:00,20662.5,32.3,385.0
2025-07-02 21:00:00,18476.9,31.66,370.5
2025-07-02 22:00:00,17222.2,28.1,504.5
2025-07-02 23:00:00,15075.3,27.34,200.0
2025-07-03 00:00:00,14000.0,20.39,187.5
2025-07-03 01:00:00,14000.0,13.9,290.5
2025-07-03 02:00:00,14000.0,28.8,548.0
2025-07-03 03:00:00,14000.0,21.41,194.0
2025-07-03 04:00:00,14000.0,21.23,282.0
2025-07-03 05:00:00,14000.0,17.28,910.5
2025-07-03 06:00:00,16229.0,25.63,1604.0
2025-07-03 07:00:00,19647.7,18.7,2327.5
2025-07-03 08:00:00,20748.9,18.08,2869.5
2025-07-03 09:00:00,20394.9,18.39,3214.0
2025-07-03 10:00:00,19211.1,20.02,3256.5
2025-07-03 11:00:00,17691.3,11.25,3595.5
2025-07-03 12:00:00,16279.5,7.2,3858.5
2025-07-03 13:00:00,16401.9,6.24,3721.0
2025-07-03 14:00:00,16749.4,16.2,3474.5
2025-07-03 15:00:00,19165.0,20.06,3434.0
2025-07-03 16:00:00,20949.1,28.31,2638.5
2025-07-03 17:00:00,22677.7,28.74,1997.0
2025-07-03 18:00:00,23126.5,33.87,1538.0
2025-07-03 19:00:00,22269.7,38.51,817.0
2025-07-03 20:00:00,20399.7,31.0,103.0
2025-07-03 21:00:00,18512.7,35.04,23.5
2025-07-03 22:00:00,16891.4,29.28,0.5
2025-07-03 23:00:00,15101.6,29.13,2.0
2025-07-04 00:00:00,14000.0,25.34,1.5
2025-07-04 01:00:00,14000.0,14.52,1.0
2025-07-04 02:00:00,14000.0,18.99,0.0
2025-07-04 03:00:00,14000.0,11.58,0.0
2025-07-04 04:00:00,14000.0,12.81,89.0
2025-07-04 05:00:00,14000.0,14.03,732.0
2025-07-04 06:00:00,16729.1,27.04,1295.0
2025-07-04 07:00:00,19865.1,25.46,1857.0
2025-07-04 08:00:00,20267.9,25.82,2409.0
2025-07-04 09:00:00,20314.5,19.45,2974.0
2025-07-04 10:00:00,19402.3,18.31,2966.0
2025-07-04 11:00:00,17415.4,16.92,3283.0
2025-07-04 12:00:00,16593.3,11.64,3287.0
2025-07-04 13:00:00,16250.8,11.58,3095.0
2025-07-04 14:00:00,17498.4,16.99,3164.0
2025-07-04 15:00:00,19149.4,15.63,2741.0
2025-07-04 16:00:00,21308.4,27.22,2337.0
2025-07-04 17:00:00,22578.3,32.23,1852.0
2025-07-04 18:00:00,23360.5,27.88,1300.0
2025-07-04 19:00:00,22608.2,31.7,708.0
2025-07-04 20:00:00,20472.3,31.81,103.0
2025-07-04 21:00:00,19161.1,30.13,15.5
2025-07-04 22:00:00,16949.3,29.62,3.0
2025-07-04 23:00:00,15259.8,19.99,81.0
2025-07-05 00:00:00,14000.0,17.03,195.0
2025-07-05 01:00:00,14000.0,23.88,78.5
2025-07-05 02:00:00,14000.0,25.32,30.0
2025-07-05 03:00:00,14000.0,25.47,28.0
2025-07-05 04:00:00,14000.0,16.3,83.0
2025-07-05 05:00:00,14000.0,14.51,682.5
2025-07-05 06:00:00,14347.5,9.25,1291.0
2025-07-05 07:00:00,16894.6,8.78,1761.0
2025-07-05 08:00:00,18324.9,14.92,2339.0
2025-07-05 09:00:00,18080.4,15.0,2769.0
2025-07-05 10:00:00,16862.4,15.03,3000.5
2025-07-05 11:00:00,15091.9,12.85,3254.0
2025-07-05 12:00:00,14331.7,8.28,3036.0
2025-07-05 13:00:00,14000.0,14.09,3040.5
2025-07-05 14:00:00,15237.5,7.26,2950.5
2025-07-05 15:00:00,16077.0,20.14,2576.0
2025-07-05 16:00:00,18174.2,16.04,2418.0
2025-07-05 17:00:00,19396.7,26.55,1960.5
2025-07-05 18:00:00,20153.9,29.45,1384.5
2025-07-05 19:00:00,19786.6,35.24,785.0
2025-07-05 20:00:00,18099.0,35.14,418.0
2025-07-05 21:00:00,16609.3,21.53,513.5
2025-07-05 22:00:00,14649.5,11.91,549.5
2025-07-05 23:00:00,14000.0,19.17,634.5
2025-07-06 00:00:00,14000.0,21.15,896.5
2025-07-06 01:00:00,14000.0,18.37,1417.0
2025-07-06 02:00:00,14000.0,32.38,586.0
2025-07-06 03:00:00,14000.0,22.83,405.0
2025-07-06 04:00:00,14000.0,22.75,359.5
2025-07-06 05:00:00,14000.0,12.7,792.5
2025-07-06 06:00:00,14396.9,14.25,1330.0
2025-07-06 07:00:00,16553.3,20.73,1843.5
2025-07-06 08:00:00,18320.6,21.41,2436.0
2025-07-06 09:00:00,17706.7,17.59,2833.0
2025-07-06 10:00:00,17072.7,19.32,3296.5
2025-07-06 11:00:00,15413.4,7.77,3209.0
2025-07-06 12:00:00,14043.9,9.19,3284.0
2025-07-06 13:00:00,14016.2,4.51,3313.5
2025-07-06 14:00:00,14784.9,21.64,3165.0
2025-07-06 15:00:00,16482.3,10.78,3027.5
2025-07-06 16:00:00,18235.9,28.75,2442.5
2025-07-06 17:00:00,19472.4,23.6,2013.0
2025-07-06 18:00:00,19975.7,24.97,1631.0
2025-07-06 19:00:00,19970.3,30.5,808.5
2025-07-06 20:00:00,18344.8,25.25,156.5
2025-07-06 21:00:00,16375.2,22.4,70.0
2025-07-06 22:00:00,14677.3,29.05,314.0
2025-07-06 23:00:00,14000.0,22.36,462.0
2025-07-07 00:00:00,14000.0,24.75,262.5
2025-07-07 01:00:00,14000.0,18.65,383.5
2025-07-07 02:00:00,14000.0,23.84,237.0
2025-07-07 03:00:00,14000.0,22.0,5.5
2025-07-07 04:00:00,14000.0,18.12,79.5
2025-07-07 05:00:00,14000.0,32.06,614.0
2025-07-07 06:00:00,16746.9,16.28,1149.0
2025-07-07 07:00:00,19585.3,25.93,1739.0
2025-07-07 08:00:00,20681.6,28.63,2089.5
2025-07-07 09:00:00,20211.8,24.94,2483.0
2025-07-07 10:00:00,18938.8,17.5,2881.0
2025-07-07 11:00:00,17717.5,13.52,3107.0
2025-07-07 12:00:00,16420.9,14.8,3057.5
2025-07-07 13:00:00,16429.6,10.39,3009.0
2025-07-07 14:00:00,17179.5,21.07,2714.0
2025-07-07 15:00:00,19199.3,22.45,2490.0
2025-07-07 16:00:00,21169.6,25.66,2312.0
2025-07-07 17:00:00,23086.9,33.33,1774.5
2025-07-07 18:00:00,22746.0,36.34,1347.0
2025-07-07 19:00:00,22374.8,41.81,648.5
2025-07-07 20:00:00,20908.7,37.25,108.5
2025-07-07 21:00:00,19121.9,32.77,129.5
2025-07-07 22:00:00,17299.0,31.08,528.5
2025-07-07 23:00:00,15358.4,17.01,614.5
2025-07-08 00:00:00,14000.0,17.89,598.5
2025-07-08 01:00:00,14000.0,19.47,626.0
2025-07-08 02:00:00,14000.0,15.94,863.5
2025-07-08 03:00:00,14000.0,23.0,703.0
2025-07-08 04:00:00,14000.0,20.3,534.0
2025-07-08 05:00:00,14000.0,13.23,936.5
2025-07-08 06:00:00,17026.9,16.92,1366.5
2025-07-08 07:00:00,19601.6,25.57,1852.5
2025-07-08 08:00:00,20558.8,27.93,2303.0
2025-07-08 09:00:00,20756.3,24.6,2602.5
2025-07-08 10:00:00,19523.0,31.9,2806.0
2025-07-08 11:00:00,17565.2,14.95,3023.0
2025-07-08 12:00:00,16672.9,11.7,2978.5
2025-07-08 13:00:00,16482.9,19.22,2944.0
2025-07-08 14:00:00,17334.9,17.85,2727.0
2025-07-08 15:00:00,18946.6,26.57,2474.5
2025-07-08 16:00:00,20710.7,32.59,2032.5
2025-07-08 17:00:00,22809.0,31.14,1658.5
2025-07-08 18:00:00,23576.9,34.08,1129.0
2025-07-08 19:00:00,22186.3,39.1,584.0
2025-07-08 20:00:00,21106.4,32.66,64.5
2025-07-08 21:00:00,18816.1,29.55,0.5
2025-07-08 22:00:00,16520.3,18.58,1.5
2025-07-08 23:00:00,15340.9,23.57,12.0
2025-07-09 00:00:00,14000.0,27.38,112.0
2025-07-09 01:00:00,14000.0,21.37,84.5
2025-07-09 02:00:00,14000.0,14.08,188.5
2025-07-09 03:00:00,14000.0,29.86,113.0
2025-07-09 04:00:00,14000.0,18.11,203.0
2025-07-09 05:00:00,14000.0,17.92,886.5
2025-07-09 06:00:00,16696.7,21.55,1694.0
2025-07-09 07:00:00,19220.9,26.63,2182.5
2025-07-09 08:00:00,20806.4,26.38,2625.0
2025-07-09 09:00:00,20387.6,20.3,3213.5
2025-07-09 10:00:00,19349.3,17.78,3443.5
2025-07-09 11:00:00,17932.8,10.76,3682.5
2025-07-09 12:00:00,16720.9,6.46,3783.0
2025-07-09 13:00:00,16695.6,9.32,3752.5
2025-07-09 14:00:00,17652.5,20.22,3493.5
2025-07-09 15:00:00,18396.8,12.31,3151.0
2025-07-09 16:00:00,20735.3,18.52,2607.0
2025-07-09 17:00:00,22248.7,29.92,2180.0
2025-07-09 18:00:00,23772.7,39.48,1552.5
2025-07-09 19:00:00,22624.7,33.28,783.5
2025-07-09 20:00:00,20929.3,31.52,92.5
2025-07-09 21:00:00,18809.9,33.03,3.5
2025-07-09 22:00:00,16969.6,28.34,0.0
2025-07-09 23:00:00,15096.6,30.08,0.0
2025-07-10 00:00:00,14000.0,26.46,0.0
2025-07-10 01:00:00,14000.0,16.09,0.0
2025-07-10 02:00:00,14000.0,17.06,0.0
2025-07-10 03:00:00,14000.0,9.68,0.0
2025-07-10 04:00:00,14000.0,21.98,55.0
2025-07-10 05:00:00,14000.0,15.07,710.5
2025-07-10 06:00:00,16792.2,29.85,1312.5
2025-07-10 07:00:00,19228.0,21.73,1962.5
2025-07-10 08:00:00,20583.6,23.03,2480.0
2025-07-10 09:00:00,20213.1,18.66,2932.0
2025-07-10 10:00:00,18940.3,17.76,3363.0
2025-07-10 11:00:00,17423.3,19.7,3351.5
2025-07-10 12:00:00,16456.5,1.75,3720.5
2025-07-10 13:00:00,16036.8,14.96,3554.5
2025-07-10 14:00:00,17281.2,5.72,3396.5
2025-07-10 15:00:00,18938.4,16.99,3414.0
2025-07-10 16:00:00,21850.9,22.16,2715.0
2025-07-10 17:00:00,22318.8,25.85,2040.0
2025-07-10 18:00:00,23643.1,29.43,1573.5
2025-07-10 19:00:00,22957.6,37.64,1207.0
2025-07-10 20:00:00,20790.3,31.75,910.0
2025-07-10 21:00:00,18927.5,32.33,786.5
2025-07-10 22:00:00,17094.1,30.12,256.0
2025-07-10 23:00:00,15486.9,22.95,192.0
2025-07-11 00:00:00,14000.0,23.8,164.0
2025-07-11 01:00:00,14000.0,21.1,287.0
2025-07-11 02:00:00,14000.0,19.19,89.0
2025-07-11 03:00:00,14000.0,25.11,64.0
2025-07-11 04:00:00,14000.0,26.89,300.5
2025-07-11 05:00:00,14000.0,23.29,1020.5
2025-07-11 06:00:00,16889.3,13.55,2017.0
2025-07-11 07:00:00,18914.4,24.33,1898.0
2025-07-11 08:00:00,21228.4,32.83,2215.5
2025-07-11 09:00:00,21112.4,20.19,2676.5
2025-07-11 10:00:00,19198.0,19.47,2962.5
2025-07-11 11:00:00,18405.2,14.93,2922.0
2025-07-11 12:00:00,16591.3,14.63,3139.5
2025-07-11 13:00:00,15821.4,24.81,2971.5
2025-07-11 14:00:00,17360.0,16.49,2948.0
2025-07-11 15:00:00,18834.0,20.2,2647.5
2025-07-11 16:00:00,21550.6,37.41,2319.0
2025-07-11 17:00:00,23130.2,33.34,2113.5
2025-07-11 18:00:00,23412.4,32.97,1457.0
2025-07-11 19:00:00,23452.0,30.37,1265.5
2025-07-11 20:00:00,21449.1,40.45,513.0
2025-07-11 21:00:00,18696.1,25.67,283.5
2025-07-11 22:00:00,16887.8,26.48,69.5
2025-07-11 23:00:00,15609.8,26.15,206.5
2025-07-12 00:00:00,14000.0,23.65,194.5
2025-07-12 01:00:00,14000.0,13.95,261.0
2025-07-12 02:00:00,14000.0,16.08,369.5
2025-07-12 03:00:00,14000.0,21.79,251.5
2025-07-12 04:00:00,14000.0,14.23,208.0
2025-07-12 05:00:00,14000.0,21.18,761.5
2025-07-12 06:00:00,14020.2,10.03,1397.5
2025-07-12 07:00:00,16718.6,17.94,1883.5
2025-07-12 08:00:00,17796.1,17.32,2500.5
2025-07-12 09:00:00,17662.1,18.56,3710.5
2025-07-12 10:00:00,17005.7,10.72,3859.0
2025-07-12 11:00:00,15379.7,12.44,3697.0
2025-07-12 12:00:00,14360.6,9.47,4852.5
2025-07-12 13:00:00,14000.0,5.17,4342.0
2025-07-12 14:00:00,14894.8,9.25,4006.5
2025-07-12 15:00:00,16686.2,10.49,3586.5
2025-07-12 16:00:00,18443.9,13.96,3431.5
2025-07-12 17:00:00,20239.8,18.37,3174.5
2025-07-12 18:00:00,20886.1,25.51,3868.0
2025-07-12 19:00:00,19911.8,22.78,3389.5
2025-07-12 20:00:00,17920.5,24.74,3135.5
2025-07-12 21:00:00,16310.9,20.28,2247.5
2025-07-12 22:00:00,14729.4,17.57,1540.5
2025-07-12 23:00:00,14000.0,15.77,2282.5
2025-07-13 00:00:00,14000.0,9.91,1204.5
2025-07-13 01:00:00,14000.0,22.66,1226.5
2025-07-13 02:00:00,14000.0,15.25,2199.0
2025-07-13 03:00:00,14000.0,13.26,3082.0
2025-07-13 04:00:00,14000.0,21.5,3109.0
2025-07-13 05:00:00,14000.0,11.03,3692.0
2025-07-13 06:00:00,14747.0,13.77,4402.5
2025-07-13 07:00:00,17224.5,6.91,4506.0
2025-07-13 08:00:00,18535.7,15.88,3807.0
2025-07-13 09:00:00,18512.0,22.29,3891.0
2025-07-13 10:00:00,16819.1,16.08,4399.0
2025-07-13 11:00:00,15388.4,11.71,4333.0
2025-07-13 12:00:00,14812.5,4.92,4202.0
2025-07-13 13:00:00,14417.7,5.17,5575.0
2025-07-13 14:00:00,14567.8,5.68,4573.0
2025-07-13 15:00:00,16735.4,14.06,4350.0
2025-07-13 16:00:00,18329.7,21.19,4134.5
2025-07-13 17:00:00,20298.4,23.11,4163.0
2025-07-13 18:00:00,20750.9,31.91,2712.5
2025-07-13 19:00:00,19500.1,31.24,2447.5
2025-07-13 20:00:00,18539.8,21.29,2200.0
2025-07-13 21:00:00,16579.6,12.19,3088.0
2025-07-13 22:00:00,14857.7,21.41,2908.5
2025-07-13 23:00:00,14000.0,15.53,2956.5
2025-07-14 00:00:00,14000.0,20.79,3111.5
2025-07-14 01:00:00,14000.0,16.4,3074.5
2025-07-14 02:00:00,14000.0,21.05,3353.0
2025-07-14 03:00:00,14000.0,19.41,2478.5
2025-07-14 04:00:00,14000.0,19.3,1769.0
2025-07-14 05:00:00,14000.0,13.53,2186.0
2025-07-14 06:00:00,16722.5,15.88,2836.5
2025-07-14 07:00:00,19705.0,14.83,3112.5
2025-07-14 08:00:00,21170.8,26.08,3445.5
2025-07-14 09:00:00,20897.1,18.21,3534.0
2025-07-14 10:00:00,20126.0,16.86,4207.0
2025-07-14 11:00:00,17601.2,10.23,4921.5
2025-07-14 12:00:00,16918.8,6.53,4965.5
2025-07-14 13:00:00,16415.5,9.36,4915.5
2025-07-14 14:00:00,16967.8,-2.47,5850.5
2025-07-14 15:00:00,19086.9,14.03,5465.5
2025-07-14 16:00:00,21118.6,23.35,4779.5
2025-07-14 17:00:00,23263.6,19.56,4368.0
2025-07-14 18:00:00,23782.7,27.24,3994.5
2025-07-14 19:00:00,22703.8,38.98,2381.0
2025-07-14 20:00:00,21732.9,32.86,2058.5
2025-07-14 21:00:00,19343.3,27.2,1127.0
2025-07-14 22:00:00,17421.4,28.65,1495.5
2025-07-14 23:00:00,15627.5,16.89,1470.5
2025-07-15 00:00:00,14000.0,13.32,1720.5
2025-07-15 01:00:00,14000.0,13.41,1868.0
2025-07-15 02:00:00,14000.0,24.94,1122.5
2025-07-15 03:00:00,14000.0,15.0,931.0
2025-07-15 04:00:00,14000.0,19.74,627.0
2025-07-15 05:00:00,14000.0,20.81,1831.5
2025-07-15 06:00:00,16734.8,15.02,2147.0
2025-07-15 07:00:00,19485.8,15.34,2469.5
2025-07-15 08:00:00,21053.4,33.4,2864.5
2025-07-15 09:00:00,21045.6,23.23,3182.0
2025-07-15 10:00:00,19903.0,14.55,4046.5
2025-07-15 11:00:00,17608.2,11.3,4035.5
2025-07-15 12:00:00,16578.4,12.95,4069.0
2025-07-15 13:00:00,16289.0,3.09,3996.5
2025-07-15 14:00:00,17169.9,10.85,3582.0
2025-07-15 15:00:00,19006.6,21.53,3249.0
2025-07-15 16:00:00,21271.2,31.51,2762.5
2025-07-15 17:00:00,23311.1,37.71,2294.0
2025-07-15 18:00:00,23910.1,36.34,1484.5
2025-07-15 19:00:00,22735.2,42.27,1089.5
2025-07-15 20:00:00,21718.0,29.69,275.0
2025-07-15 21:00:00,19338.7,32.32,434.5
2025-07-15 22:00:00,16818.8,15.07,447.0
2025-07-15 23:00:00,15888.5,31.35,69.0
2025-07-16 00:00:00,14000.0,22.96,155.0
2025-07-16 01:00:00,14000.0,28.59,195.5
2025-07-16 02:00:00,14000.0,18.71,40.0
2025-07-16 03:00:00,14000.0,14.76,403.0
2025-07-16 04:00:00,14000.0,24.54,122.0
2025-07-16 05:00:00,14000.0,17.13,858.5
2025-07-16 06:00:00,16651.3,24.54,1659.0
2025-07-16 07:00:00,19057.2,25.29,2418.0
2025-07-16 08:00:00,21339.7,22.2,3054.5
2025-07-16 09:00:00,20855.4,20.39,3514.0
2025-07-16 10:00:00,19797.4,16.3,3717.5
2025-07-16 11:00:00,17999.9,12.44,3985.5
2025-07-16 12:00:00,16608.6,7.23,3990.0
2025-07-16 13:00:00,16764.2,12.15,4007.5
2025-07-16 14:00:00,17474.5,5.29,3701.0
2025-07-16 15:00:00,19262.9,9.38,3551.5
2025-07-16 16:00:00,21332.2,22.8,2803.0
2025-07-16 17:00:00,23738.7,28.77,2449.0
2025-07-16 18:00:00,23587.9,32.07,1683.5
2025-07-16 19:00:00,23035.3,41.9,884.5
2025-07-16 20:00:00,20950.6,36.17,170.5
2025-07-16 21:00:00,19314.7,35.45,173.5
2025-07-16 22:00:00,16933.9,28.9,396.5
2025-07-16 23:00:00,15522.8,29.76,558.0
2025-07-17 00:00:00,14000.0,16.8,902.0
2025-07-17 01:00:00,14000.0,23.25,263.5
2025-07-17 02:00:00,14000.0,19.57,432.0
2025-07-17 03:00:00,14000.0,15.95,372.0
2025-07-17 04:00:00,14000.0,15.32,455.0
2025-07-17 05:00:00,14000.0,16.94,974.0
2025-07-17 06:00:00,16985.3,25.23,1786.0
2025-07-17 07:00:00,20155.3,22.14,2570.0
2025-07-17 08:00:00,21163.5,22.07,3236.5
2025-07-17 09:00:00,21425.7,20.42,3446.0
2025-07-17 10:00:00,19602.2,11.97,4258.5
2025-07-17 11:00:00,18337.1,11.96,4196.5
2025-07-17 12:00:00,16615.5,13.93,4449.5
2025-07-17 13:00:00,15957.9,9.67,4279.5
2025-07-17 14:00:00,17435.9,12.52,3229.5
2025-07-17 15:00:00,19748.6,18.72,3252.0
2025-07-17 16:00:00,21592.3,26.4,3187.5
2025-07-17 17:00:00,23022.2,27.61,2777.0
2025-07-17 18:00:00,24009.9,36.11,3281.5
2025-07-17 19:00:00,23532.8,37.65,3560.5
2025-07-17 20:00:00,21363.2,25.57,3063.0
2025-07-17 21:00:00,19900.0,26.04,3083.0
2025-07-17 22:00:00,16985.4,22.82,3107.0
2025-07-17 23:00:00,15900.8,23.99,3271.0
2025-07-18 00:00:00,14000.0,3.67,3225.0
2025-07-18 01:00:00,14000.0,11.76,3312.5
2025-07-18 02:00:00,14000.0,4.26,3065.0
2025-07-18 03:00:00,14000.0,16.97,3623.0
2025-07-18 04:00:00,14000.0,15.01,3042.5
2025-07-18 05:00:00,14000.0,18.76,2714.0
2025-07-18 06:00:00,16393.7,16.64,2920.0
2025-07-18 07:00:00,19931.0,22.43,3305.5
2025-07-18 08:00:00,21352.5,24.4,4465.0
2025-07-18 09:00:00,21040.6,24.57,3140.5
2025-07-18 10:00:00,19757.4,18.68,3127.5
2025-07-18 11:00:00,17835.4,17.89,4232.0
2025-07-18 12:00:00,16616.7,15.57,4489.5
2025-07-18 13:00:00,16519.8,13.3,3953.5
2025-07-18 14:00:00,17372.1,20.75,3548.0
2025-07-18 15:00:00,19927.4,27.73,3286.5
2025-07-18 16:00:00,21759.6,25.19,2727.5
2025-07-18 17:00:00,22913.1,31.57,2374.0
2025-07-18 18:00:00,24674.1,38.19,2227.5
2025-07-18 19:00:00,23093.3,30.14,1122.0
2025-07-18 20:00:00,21445.6,36.75,334.0
2025-07-18 21:00:00,19444.7,30.24,960.5
2025-07-18 22:00:00,16647.7,21.15,1267.5
2025-07-18 23:00:00,15642.7,21.88,1895.5
2025-07-19 00:00:00,14000.0,14.58,1345.5
2025-07-19 01:00:00,14000.0,11.32,1678.0
2025-07-19 02:00:00,14000.0,7.91,1632.0
2025-07-19 03:00:00,14000.0,11.04,1474.0
2025-07-19 04:00:00,14000.0,12.03,2016.5
2025-07-19 05:00:00,14000.0,16.11,1914.5
2025-07-19 06:00:00,14719.6,16.22,2463.0
2025-07-19 07:00:00,17219.3,12.58,4311.5
2025-07-19 08:00:00,18578.7,17.47,5001.0
2025-07-19 09:00:00,18868.7,15.59,5290.0
2025-07-19 10:00:00,17178.2,6.22,5248.5
2025-07-19 11:00:00,15526.1,4.54,4201.0
2025-07-19 12:00:00,14199.4,9.26,4777.0
2025-07-19 13:00:00,14145.3,1.72,4888.5
2025-07-19 14:00:00,15146.2,13.1,5294.0
2025-07-19 15:00:00,16797.2,5.22,4999.5
2025-07-19 16:00:00,18560.4,15.56,4276.0
2025-07-19 17:00:00,20379.4,15.07,4368.0
2025-07-19 18:00:00,20697.9,16.08,3841.0
2025-07-19 19:00:00,19988.8,23.12,3098.0
2025-07-19 20:00:00,18862.1,31.51,1426.0
2025-07-19 21:00:00,17072.4,19.81,2483.0
2025-07-19 22:00:00,14708.8,20.01,2470.0
2025-07-19 23:00:00,14000.0,13.19,2078.5
2025-07-20 00:00:00,14000.0,22.92,1912.5
2025-07-20 01:00:00,14000.0,13.58,2000.5
2025-07-20 02:00:00,14000.0,23.44,1904.0
2025-07-20 03:00:00,14000.0,16.01,2600.0
2025-07-20 04:00:00,14000.0,11.43,2601.5
2025-07-20 05:00:00,14000.0,12.17,2030.5
2025-07-20 06:00:00,14694.4,14.83,3295.5
2025-07-20 07:00:00,17257.1,12.64,3250.5
2025-07-20 08:00:00,18360.6,20.35,3292.5
2025-07-20 09:00:00,18952.8,14.71,3875.5
2025-07-20 10:00:00,17104.2,9.73,3390.0
2025-07-20 11:00:00,15709.0,6.16,3921.0
2025-07-20 12:00:00,14562.8,-1.13,4812.5
2025-07-20 13:00:00,14584.5,8.24,3854.5
2025-07-20 14:00:00,15570.7,12.19,3155.0
2025-07-20 15:00:00,17283.3,13.03,3047.5
2025-07-20 16:00:00,18544.1,17.21,2493.0
2025-07-20 17:00:00,20653.9,21.59,1739.5
2025-07-20 18:00:00,21095.6,28.26,1209.0
2025-07-20 19:00:00,20609.6,34.21,674.0
2025-07-20 20:00:00,18706.7,27.85,96.5
2025-07-20 21:00:00,16719.6,27.74,50.5
2025-07-20 22:00:00,15201.4,26.0,38.5
2025-07-20 23:00:00,14000.0,16.08,2.0
2025-07-21 00:00:00,14000.0,30.29,6.5
2025-07-21 01:00:00,14000.0,24.9,17.5
2025-07-21 02:00:00,14000.0,19.15,213.5
2025-07-21 03:00:00,14000.0,13.35,177.0
2025-07-21 04:00:00,14000.0,16.29,239.5
2025-07-21 05:00:00,14000.0,27.15,507.5
2025-07-21 06:00:00,16640.8,24.19,996.0
2025-07-21 07:00:00,20113.5,24.93,1540.0
2025-07-21 08:00:00,20984.7,25.66,1877.5
2025-07-21 09:00:00,21044.3,31.41,2366.5
2025-07-21 10:00:00,19647.3,24.1,2430.0
2025-07-21 11:00:00,18394.0,16.87,2740.0
2025-07-21 12:00:00,16725.4,7.56,2860.5
2025-07-21 13:00:00,16805.9,14.09,2840.5
2025-07-21 14:00:00,17664.4,18.64,3117.5
2025-07-21 15:00:00,19690.5,24.81,2507.5
2025-07-21 16:00:00,21887.4,23.32,2701.5
2025-07-21 17:00:00,23397.0,32.76,2273.0
2025-07-21 18:00:00,23492.1,37.81,1557.0
2025-07-21 19:00:00,23320.8,43.98,777.0
2025-07-21 20:00:00,21575.3,34.11,691.5
2025-07-21 21:00:00,19399.6,38.56,714.0
2025-07-21 22:00:00,17080.0,27.46,1106.5
2025-07-21 23:00:00,16075.6,21.87,598.0
2025-07-22 00:00:00,14000.0,13.03,1870.5
2025-07-22 01:00:00,14000.0,6.88,2454.0
2025-07-22 02:00:00,14000.0,13.9,1474.5
2025-07-22 03:00:00,14000.0,22.22,2528.0
2025-07-22 04:00:00,14000.0,15.84,1665.0
2025-07-22 05:00:00,14000.0,9.33,1805.5
2025-07-22 06:00:00,16695.7,17.23,1662.0
2025-07-22 07:00:00,19712.5,25.53,2028.5
2025-07-22 08:00:00,21237.1,25.02,2283.5
2025-07-22 09:00:00,21313.2,26.44,2700.0
2025-07-22 10:00:00,19779.9,18.48,3192.5
2025-07-22 11:00:00,17977.6,12.87,3440.5
2025-07-22 12:00:00,16827.3,12.22,3472.0
2025-07-22 13:00:00,16533.2,6.18,4073.0
2025-07-22 14:00:00,17607.2,15.41,3604.5
2025-07-22 15:00:00,19798.8,15.64,3558.5
2025-07-22 16:00:00,21171.7,23.8,3143.0
2025-07-22 17:00:00,23586.6,33.04,2634.0
2025-07-22 18:00:00,24663.2,35.15,2058.0
2025-07-22 19:00:00,23393.5,35.63,1871.0
2025-07-22 20:00:00,21461.6,37.44,1105.0
2025-07-22 21:00:00,19631.3,28.59,660.0
2025-07-22 22:00:00,17056.8,34.05,297.5
2025-07-22 23:00:00,15837.5,19.09,309.5
2025-07-23 00:00:00,14000.0,25.87,228.5
2025-07-23 01:00:00,14000.0,22.5,236.5
2025-07-23 02:00:00,14000.0,22.19,458.0
2025-07-23 03:00:00,14000.0,25.09,166.5
2025-07-23 04:00:00,14000.0,20.63,310.0
2025-07-23 05:00:00,14000.0,18.4,1106.0
2025-07-23 06:00:00,17475.1,22.23,1804.5
2025-07-23 07:00:00,19995.1,28.88,2058.0
2025-07-23 08:00:00,21837.8,30.99,2650.0
2025-07-23 09:00:00,21434.0,24.7,2824.0
2025-07-23 10:00:00,19766.1,18.25,3143.0
2025-07-23 11:00:00,17630.8,10.0,3350.0
2025-07-23 12:00:00,17375.0,14.32,3408.0
2025-07-23 13:00:00,16509.5,8.88,3578.0
2025-07-23 14:00:00,18065.2,8.03,3297.5
2025-07-23 15:00:00,19678.6,20.73,2790.5
2025-07-23 16:00:00,21398.5,26.41,2529.0
2025-07-23 17:00:00,23632.3,36.82,1866.5
2025-07-23 18:00:00,24997.2,38.98,1252.0
2025-07-23 19:00:00,24057.2,35.37,672.5
2025-07-23 20:00:00,21519.5,40.93,194.5
2025-07-23 21:00:00,19203.0,23.28,82.5
2025-07-23 22:00:00,17380.9,21.77,55.0
2025-07-23 23:00:00,15842.3,23.91,39.5
2025-07-24 00:00:00,14001.9,19.47,204.0
2025-07-24 01:00:00,14000.0,19.02,542.5
2025-07-24 02:00:00,14000.0,16.49,559.5
2025-07-24 03:00:00,14000.0,23.67,692.0
2025-07-24 04:00:00,14000.0,19.49,372.5
2025-07-24 05:00:00,14000.0,12.52,724.0
2025-07-24 06:00:00,17108.6,23.28,1491.5
2025-07-24 07:00:00,20377.2,22.32,2264.5
2025-07-24 08:00:00,21879.3,23.57,2332.5
2025-07-24 09:00:00,21119.8,24.0,2687.5
2025-07-24 10:00:00,19912.7,26.13,3260.0
2025-07-24 11:00:00,18078.2,6.77,3189.0
2025-07-24 12:00:00,16574.9,5.4,3278.5
2025-07-24 13:00:00,16788.0,9.03,3207.5
2025-07-24 14:00:00,18233.5,24.01,2970.5
2025-07-24 15:00:00,19067.9,14.98,2815.0
2025-07-24 16:00:00,21763.2,31.02,2551.5
2025-07-24 17:00:00,23561.4,36.65,1893.5
2025-07-24 18:00:00,24387.9,41.88,1405.0
2025-07-24 19:00:00,23234.2,33.45,837.5
2025-07-24 20:00:00,21276.0,35.56,477.5
2025-07-24 21:00:00,19056.7,32.39,984.0
2025-07-24 22:00:00,17745.8,28.38,965.5
2025-07-24 23:00:00,15686.9,34.52,878.0
2025-07-25 00:00:00,14000.0,26.55,1136.5
2025-07-25 01:00:00,14000.0,23.58,1084.5
2025-07-25 02:00:00,14000.0,22.61,645.0
2025-07-25 03:00:00,14000.0,23.69,289.0
2025-07-25 04:00:00,14000.0,25.22,194.0
2025-07-25 05:00:00,14045.2,25.49,774.5
2025-07-25 06:00:00,16747.5,16.56,1800.0
2025-07-25 07:00:00,19854.0,27.67,2878.0
2025-07-25 08:00:00,21716.6,25.03,3418.5
2025-07-25 09:00:00,22034.7,27.16,3800.0
2025-07-25 10:00:00,19753.3,14.93,4862.0
2025-07-25 11:00:00,18112.3,10.14,4359.5
2025-07-25 12:00:00,17154.9,9.45,3852.0
2025-07-25 13:00:00,17015.6,10.99,3954.0
2025-07-25 14:00:00,17969.7,16.23,3565.5
2025-07-25 15:00:00,19371.7,16.45,3273.0
2025-07-25 16:00:00,21652.9,19.3,2716.5
2025-07-25 17:00:00,23718.4,35.25,2135.0
2025-07-25 18:00:00,24806.5,37.65,1338.5
2025-07-25 19:00:00,23550.7,29.34,874.0
2025-07-25 20:00:00,21789.4,30.74,80.0
2025-07-25 21:00:00,19209.0,32.93,232.5
2025-07-25 22:00:00,17930.7,32.01,136.0
2025-07-25 23:00:00,15999.5,29.96,102.5
2025-07-26 00:00:00,14000.0,18.54,280.0
2025-07-26 01:00:00,14000.0,17.55,502.0
2025-07-26 02:00:00,14000.0,22.79,395.5
2025-07-26 03:00:00,14000.0,17.01,329.0
2025-07-26 04:00:00,14000.0,17.59,118.0
2025-07-26 05:00:00,14000.0,18.96,794.5
2025-07-26 06:00:00,14923.9,18.08,1541.5
2025-07-26 07:00:00,17560.0,21.65,2178.0
2025-07-26 08:00:00,18504.3,19.85,2599.5
2025-07-26 09:00:00,18427.1,12.69,3114.0
2025-07-26 10:00:00,17707.4,13.21,3269.5
2025-07-26 11:00:00,16332.5,10.78,3581.5
2025-07-26 12:00:00,14731.9,11.19,3859.0
2025-07-26 13:00:00,14854.0,9.39,3777.5
2025-07-26 14:00:00,15560.7,8.84,3783.0
2025-07-26 15:00:00,17084.1,17.4,3006.5
2025-07-26 16:00:00,19568.4,26.47,2773.0
2025-07-26 17:00:00,20482.5,20.54,2043.0
2025-07-26 18:00:00,21631.6,31.72,1312.5
2025-07-26 19:00:00,20734.8,25.8,657.0
2025-07-26 20:00:00,19008.3,31.83,32.5
2025-07-26 21:00:00,17367.9,26.2,87.5
2025-07-26 22:00:00,15281.7,29.07,302.5
2025-07-26 23:00:00,14000.0,25.98,104.5
2025-07-27 00:00:00,14000.0,29.9,20.5
2025-07-27 01:00:00,14000.0,20.03,80.0
2025-07-27 02:00:00,14000.0,22.11,155.5
2025-07-27 03:00:00,14000.0,20.7,222.0
2025-07-27 04:00:00,14000.0,26.41,245.5
2025-07-27 05:00:00,14000.0,18.93,640.0
2025-07-27 06:00:00,14938.7,14.84,1058.0
2025-07-27 07:00:00,17713.4,14.55,1748.0
2025-07-27 08:00:00,18982.3,27.9,2175.0
2025-07-27 09:00:00,18920.8,22.56,2459.0
2025-07-27 10:00:00,17406.4,17.99,2591.0
2025-07-27 11:00:00,16318.6,20.99,2699.5
2025-07-27 12:00:00,15084.7,11.49,2947.5
2025-07-27 13:00:00,14865.4,4.13,3006.5
2025-07-27 14:00:00,15673.4,6.98,2996.0
2025-07-27 15:00:00,17459.0,20.27,2513.0
2025-07-27 16:00:00,19383.3,26.66,2132.0
2025-07-27 17:00:00,20643.2,37.78,1590.5
2025-07-27 18:00:00,21609.8,33.16,1042.5
2025-07-27 19:00:00,20726.2,41.65,431.5
2025-07-27 20:00:00,19612.4,28.62,5.5
2025-07-27 21:00:00,17344.4,25.49,10.5
2025-07-27 22:00:00,15113.3,19.18,80.0
2025-07-27 23:00:00,14449.6,23.32,80.5
2025-07-28 00:00:00,14000.0,26.65,25.0
2025-07-28 01:00:00,14000.0,20.92,0.5
2025-07-28 02:00:00,14000.0,17.69,0.0
2025-07-28 03:00:00,14000.0,24.31,0.0
2025-07-28 04:00:00,14000.0,21.14,0.0
2025-07-28 05:00:00,14000.0,22.05,533.0
2025-07-28 06:00:00,17158.2,22.66,1199.0
2025-07-28 07:00:00,20014.5,25.77,1851.0
2025-07-28 08:00:00,21693.5,35.7,2420.0
2025-07-28 09:00:00,21481.9,20.24,2893.0
2025-07-28 10:00:00,19916.3,21.39,3287.5
2025-07-28 11:00:00,18469.6,19.04,3428.0
2025-07-28 12:00:00,17286.4,17.53,3519.5
2025-07-28 13:00:00,16741.3,8.86,3175.0
2025-07-28 14:00:00,17486.1,16.85,3134.5
2025-07-28 15:00:00,19871.8,19.67,2803.5
2025-07-28 16:00:00,22179.2,28.17,2364.0
2025-07-28 17:00:00,24094.3,32.56,2017.5
2025-07-28 18:00:00,24745.5,36.25,1384.0
2025-07-28 19:00:00,24388.6,46.96,822.0
2025-07-28 20:00:00,22301.7,42.78,261.5
2025-07-28 21:00:00,20457.6,28.74,282.5
2025-07-28 22:00:00,18402.2,29.32,178.5
2025-07-28 23:00:00,15667.4,24.36,97.0
2025-07-29 00:00:00,14000.0,26.79,244.0
2025-07-29 01:00:00,14000.0,15.94,372.0
2025-07-29 02:00:00,14000.0,18.51,72.5
2025-07-29 03:00:00,14000.0,18.02,184.5
2025-07-29 04:00:00,14000.0,12.84,208.5
2025-07-29 05:00:00,14000.0,11.04,599.0
2025-07-29 06:00:00,17095.5,24.34,1092.5
2025-07-29 07:00:00,20122.6,23.4,1915.5
2025-07-29 08:00:00,21788.9,28.54,2412.5
2025-07-29 09:00:00,21922.7,19.53,2729.0
2025-07-29 10:00:00,20052.2,16.21,3061.5
2025-07-29 11:00:00,18366.7,13.78,3522.5
2025-07-29 12:00:00,17381.1,9.25,2965.5
2025-07-29 13:00:00,16992.1,12.36,3197.0
2025-07-29 14:00:00,18283.6,15.88,2999.0
2025-07-29 15:00:00,19561.4,19.34,2746.0
2025-07-29 16:00:00,21689.2,22.39,2145.0
2025-07-29 17:00:00,24009.3,39.94,1690.5
2025-07-29 18:00:00,24760.6,33.96,1127.0
2025-07-29 19:00:00,23583.3,38.68,474.0
2025-07-29 20:00:00,22478.8,38.46,4.5
2025-07-29 21:00:00,20291.6,34.71,5.5
2025-07-29 22:00:00,17467.5,22.84,2.5
2025-07-29 23:00:00,16496.8,27.61,72.5
2025-07-30 00:00:00,14000.0,18.37,29.5
2025-07-30 01:00:00,14000.0,23.24,174.0
2025-07-30 02:00:00,14000.0,24.48,327.0
2025-07-30 03:00:00,14000.0,21.35,110.0
2025-07-30 04:00:00,14000.0,18.72,122.5
2025-07-30 05:00:00,14011.0,25.95,544.5
2025-07-30 06:00:00,17114.2,24.61,1167.0
2025-07-30 07:00:00,20280.5,24.36,1581.0
2025-07-30 08:00:00,22518.6,25.01,2165.0
2025-07-30 09:00:00,21675.5,27.03,2747.5
2025-07-30 10:00:00,20898.6,21.21,3070.5
2025-07-30 11:00:00,18392.3,11.87,3276.5
2025-07-30 12:00:00,17669.7,14.83,3391.5
2025-07-30 13:00:00,16674.8,6.7,3505.0
2025-07-30 14:00:00,17956.3,16.13,3228.0
2025-07-30 15:00:00,19731.7,22.4,2893.0
2025-07-30 16:00:00,22638.8,26.25,2257.5
2025-07-30 17:00:00,24035.0,35.31,2062.0
2025-07-30 18:00:00,23908.6,33.25,1406.0
2025-07-30 19:00:00,23490.7,38.99,520.5
2025-07-30 20:00:00,21762.0,30.76,167.5
2025-07-30 21:00:00,20055.6,34.21,100.5
2025-07-30 22:00:00,17897.5,33.76,111.0
2025-07-30 23:00:00,16110.0,19.37,49.0
2025-07-31 00:00:00,14000.0,24.3,54.0
2025-07-31 01:00:00,14000.0,18.81,74.0
2025-07-31 02:00:00,14000.0,24.95,68.0
2025-07-31 03:00:00,14000.0,28.3,157.5
2025-07-31 04:00:00,14000.0,21.0,344.5
2025-07-31 05:00:00,14008.2,21.23,620.0
2025-07-31 06:00:00,17478.8,25.3,1122.0
2025-07-31 07:00:00,20436.3,30.87,1830.5
2025-07-31 08:00:00,22144.7,26.83,2431.0
2025-07-31 09:00:00,21338.1,26.88,2886.5
2025-07-31 10:00:00,20503.6,17.61,3286.0
2025-07-31 11:00:00,18838.9,20.16,3675.0
2025-07-31 12:00:00,17416.7,8.65,3529.0
2025-07-31 13:00:00,17295.9,11.11,3465.0
2025-07-31 14:00:00,18056.4,12.79,3281.0
2025-07-31 15:00:00,20216.3,22.97,2970.5
2025-07-31 16:00:00,22214.5,30.64,2555.0
2025-07-31 17:00:00,23624.2,35.41,1946.0
2025-07-31 18:00:00,25058.0,36.73,1446.5
2025-07-31 19:00:00,23442.2,44.66,763.5
2025-07-31 20:00:00,22255.9,42.99,302.0
2025-07-31 21:00:00,19721.7,33.75,369.0
2025-07-31 22:00:00,17616.2,25.66,362.0
2025-07-31 23:00:00,16271.9,19.18,618.5
2025-08-01 00:00:00,14000.0,23.01,626.0
2025-08-01 01:00:00,14000.0,18.44,781.5
2025-08-01 02:00:00,14000.0,23.99,674.0
2025-08-01 03:00:00,14000.0,21.85,1839.0
2025-08-01 04:00:00,14000.0,16.26,1559.5
2025-08-01 05:00:00,14151.2,16.12,2178.0
2025-08-01 06:00:00,17591.5,20.54,2663.5
2025-08-01 07:00:00,20900.3,29.9,3716.5
2025-08-01 08:00:00,22508.8,23.74,3966.0
2025-08-01 09:00:00,22028.2,25.51,4238.0
2025-08-01 10:00:00,20284.0,18.23,4260.5
2025-08-01 11:00:00,18209.0,19.09,4595.5
2025-08-01 12:00:00,17438.4,6.1,5457.5
2025-08-01 13:00:00,17474.4,5.14,5277.5
2025-08-01 14:00:00,18236.2,5.18,4731.5
2025-08-01 15:00:00,18974.8,14.73,5178.5
2025-08-01 16:00:00,22549.0,23.14,5377.5
2025-08-01 17:00:00,24446.1,31.47,3230.0
2025-08-01 18:00:00,24714.6,40.55,2139.0
2025-08-01 19:00:00,24459.7,46.38,1066.0
2025-08-01 20:00:00,22436.9,35.1,358.5
2025-08-01 21:00:00,19690.2,31.87,244.0
2025-08-01 22:00:00,18127.2,21.75,576.5
2025-08-01 23:00:00,15968.6,24.27,720.0
2025-08-02 00:00:00,14000.0,16.29,1157.5
2025-08-02 01:00:00,14000.0,16.85,1305.5
2025-08-02 02:00:00,14000.0,19.05,808.5
2025-08-02 03:00:00,14000.0,21.49,914.0
2025-08-02 04:00:00,14000.0,19.22,486.5
2025-08-02 05:00:00,14000.0,27.79,481.0
2025-08-02 06:00:00,15371.8,19.54,972.0
2025-08-02 07:00:00,17404.2,15.83,1540.0
2025-08-02 08:00:00,18852.1,20.27,1843.0
2025-08-02 09:00:00,19104.0,23.88,2432.5
2025-08-02 10:00:00,17771.8,19.97,2806.5
2025-08-02 11:00:00,16116.5,12.78,2975.5
2025-08-02 12:00:00,15603.6,10.74,3228.5
2025-08-02 13:00:00,15026.0,10.99,3078.0
2025-08-02 14:00:00,15957.9,15.61,3026.0
2025-08-02 15:00:00,17718.6,17.93,2683.5
2025-08-02 16:00:00,19439.2,17.86,2308.5
2025-08-02 17:00:00,21855.9,27.87,1655.5
2025-08-02 18:00:00,21358.7,29.18,1297.0
2025-08-02 19:00:00,20841.0,28.37,626.0
2025-08-02 20:00:00,19121.9,26.35,205.0
2025-08-02 21:00:00,17767.5,29.89,254.5
2025-08-02 22:00:00,15708.9,23.82,325.5
2025-08-02 23:00:00,14088.6,24.03,66.0
2025-08-03 00:00:00,14000.0,28.13,135.5
2025-08-03 01:00:00,14000.0,23.93,175.5
2025-08-03 02:00:00,14000.0,23.49,203.5
2025-08-03 03:00:00,14000.0,14.74,69.5
2025-08-03 04:00:00,14000.0,23.14,180.0
2025-08-03 05:00:00,14000.0,18.15,921.5
2025-08-03 06:00:00,15322.0,24.06,1207.5
2025-08-03 07:00:00,17745.5,15.46,2257.0
2025-08-03 08:00:00,19254.8,25.73,2588.5
2025-08-03 09:00:00,18775.3,17.14,2961.5
2025-08-03 10:00:00,17967.5,11.06,3876.5
2025-08-03 11:00:00,16473.5,19.33,4278.5
2025-08-03 12:00:00,15442.5,6.26,5385.5
2025-08-03 13:00:00,15198.5,5.1,5273.0
2025-08-03 14:00:00,15847.0,5.67,5145.0
2025-08-03 15:00:00,17921.0,13.97,3954.0
2025-08-03 16:00:00,19743.4,19.74,3451.0
2025-08-03 17:00:00,21542.1,25.69,3151.0
2025-08-03 18:00:00,22203.7,30.73,2293.0
2025-08-03 19:00:00,21056.8,30.56,1614.0
2025-08-03 20:00:00,19568.7,24.78,1679.0
2025-08-03 21:00:00,17616.0,24.99,1801.5
2025-08-03 22:00:00,15301.2,22.12,1358.0
2025-08-03 23:00:00,14007.2,22.56,866.5
2025-08-04 00:00:00,14000.0,22.82,1357.0
2025-08-04 01:00:00,14000.0,18.09,793.0
2025-08-04 02:00:00,14000.0,21.35,566.0
2025-08-04 03:00:00,14000.0,23.43,382.0
2025-08-04 04:00:00,14000.0,18.24,253.5
2025-08-04 05:00:00,14217.3,20.55,537.0
2025-08-04 06:00:00,17898.9,25.45,1365.0
2025-08-04 07:00:00,21277.5,21.66,1740.5
2025-08-04 08:00:00,22401.1,28.67,2527.0
2025-08-04 09:00:00,21809.0,26.49,2804.5
2025-08-04 10:00:00,20763.5,19.96,3032.0
2025-08-04 11:00:00,18782.0,21.39,3427.0
2025-08-04 12:00:00,17481.4,22.18,3401.0
2025-08-04 13:00:00,17126.1,13.64,3995.0
2025-08-04 14:00:00,18179.3,11.43,3424.0
2025-08-04 15:00:00,20138.9,21.93,2678.0
2025-08-04 16:00:00,22734.3,26.7,2139.5
2025-08-04 17:00:00,24517.7,44.65,1672.5
2025-08-04 18:00:00,25741.4,39.24,1019.0
2025-08-04 19:00:00,24570.3,42.37,436.5
2025-08-04 20:00:00,22574.9,43.68,68.0
2025-08-04 21:00:00,19985.7,30.25,8.0
2025-08-04 22:00:00,17672.3,25.88,7.5
2025-08-04 23:00:00,16287.5,31.16,4.5
2025-08-05 00:00:00,14087.1,26.31,50.5
2025-08-05 01:00:00,14000.0,17.15,23.0
2025-08-05 02:00:00,14000.0,16.95,25.5
2025-08-05 03:00:00,14000.0,23.51,67.5
2025-08-05 04:00:00,14000.0,23.5,58.5
2025-08-05 05:00:00,14201.9,17.81,357.0
2025-08-05 06:00:00,17747.9,26.35,938.5
2025-08-05 07:00:00,20111.9,23.32,1474.5
2025-08-05 08:00:00,22413.4,32.24,2152.5
2025-08-05 09:00:00,22532.5,30.42,2296.0
2025-08-05 10:00:00,20591.4,16.56,2777.5
2025-08-05 11:00:00,18337.9,15.65,3330.0
2025-08-05 12:00:00,17490.6,12.26,4163.5
2025-08-05 13:00:00,17739.1,17.92,3721.5
2025-08-05 14:00:00,18435.7,12.3,3951.0
2025-08-05 15:00:00,19825.5,24.28,4155.5
2025-08-05 16:00:00,23334.5,29.11,3709.5
2025-08-05 17:00:00,23948.9,35.76,3595.0
2025-08-05 18:00:00,25042.7,33.06,1737.0
2025-08-05 19:00:00,24021.3,39.09,1737.5
2025-08-05 20:00:00,22153.2,35.11,1906.5
2025-08-05 21:00:00,20004.6,30.16,2183.5
2025-08-05 22:00:00,18180.1,27.68,1824.0
2025-08-05 23:00:00,16798.7,26.61,808.0
2025-08-06 00:00:00,14199.4,11.36,488.0
2025-08-06 01:00:00,14000.0,26.31,932.0
2025-08-06 02:00:00,14000.0,16.06,1229.0
2025-08-06 03:00:00,14000.0,14.85,1925.5
2025-08-06 04:00:00,14000.0,17.87,1793.5
2025-08-06 05:00:00,14387.5,19.0,2089.5
2025-08-06 06:00:00,17669.0,15.04,2894.5
2025-08-06 07:00:00,20815.8,17.23,3945.0
2025-08-06 08:00:00,22329.3,29.57,5133.0
2025-08-06 09:00:00,22535.6,18.98,6054.5
2025-08-06 10:00:00,21386.6,16.45,7115.0
2025-08-06 11:00:00,18949.8,5.25,7197.0
2025-08-06 12:00:00,17654.4,12.15,7877.5
2025-08-06 13:00:00,17527.7,9.64,7431.0
2025-08-06 14:00:00,18241.4,8.6,5839.5
2025-08-06 15:00:00,20554.4,26.16,4621.0
2025-08-06 16:00:00,22755.9,32.27,2683.0
2025-08-06 17:00:00,24331.5,37.33,2500.0
2025-08-06 18:00:00,25555.8,42.75,2031.0
2025-08-06 19:00:00,24486.0,39.42,790.0
2025-08-06 20:00:00,22246.4,45.81,227.5
2025-08-06 21:00:00,20312.2,41.5,250.0
2025-08-06 22:00:00,18130.1,36.85,358.5
2025-08-06 23:00:00,16770.6,17.03,231.0
2025-08-07 00:00:00,14507.1,22.31,148.0
2025-08-07 01:00:00,14000.0,22.59,158.5
2025-08-07 02:00:00,14000.0,19.71,176.5
2025-08-07 03:00:00,14000.0,21.37,41.0
2025-08-07 04:00:00,14000.0,21.16,58.5
2025-08-07 05:00:00,14479.0,25.77,651.5
2025-08-07 06:00:00,17836.5,28.76,1392.5
2025-08-07 07:00:00,20824.2,28.73,1956.0
2025-08-07 08:00:00,22798.7,30.5,2566.5
2025-08-07 09:00:00,22026.3,24.18,3230.0
2025-08-07 10:00:00,21534.1,29.35,3712.5
2025-08-07 11:00:00,19177.1,17.05,3826.5
2025-08-07 12:00:00,17413.8,19.16,3810.0
2025-08-07 13:00:00,17566.0,15.4,4000.0
2025-08-07 14:00:00,18697.1,17.1,3836.0
2025-08-07 15:00:00,20280.3,14.26,3209.0
2025-08-07 16:00:00,22170.9,32.12,2647.5
2025-08-07 17:00:00,24182.5,26.81,1993.5
2025-08-07 18:00:00,25502.1,39.53,1202.0
2025-08-07 19:00:00,23912.0,34.48,538.5
2025-08-07 20:00:00,22155.6,41.71,456.5
2025-08-07 21:00:00,20434.3,32.61,295.5
2025-08-07 22:00:00,18063.9,32.14,275.5
2025-08-07 23:00:00,16412.9,15.69,950.5
2025-08-08 00:00:00,14268.7,24.48,610.0
2025-08-08 01:00:00,14000.0,24.43,247.5
2025-08-08 02:00:00,14000.0,16.24,419.0
2025-08-08 03:00:00,14000.0,18.26,419.0
2025-08-08 04:00:00,14000.0,25.09,939.5
2025-08-08 05:00:00,14496.9,19.77,1508.0
2025-08-08 06:00:00,17745.9,25.47,2476.5
2025-08-08 07:00:00,20699.9,19.1,2581.5
2025-08-08 08:00:00,21864.1,25.52,3380.0
2025-08-08 09:00:00,22447.5,29.94,3843.5
2025-08-08 10:00:00,20854.8,17.08,4208.5
2025-08-08 11:00:00,18874.7,11.96,4795.0
2025-08-08 12:00:00,17495.0,10.5,5256.5
2025-08-08 13:00:00,17578.2,6.74,5630.5
2025-08-08 14:00:00,18677.2,19.64,5156.5
2025-08-08 15:00:00,20484.0,20.35,5623.0
2025-08-08 16:00:00,23313.1,26.56,4574.5
2025-08-08 17:00:00,24906.5,44.23,2499.0
2025-08-08 18:00:00,25338.6,38.47,1928.0
2025-08-08 19:00:00,24911.8,43.55,1061.5
2025-08-08 20:00:00,22738.9,34.3,800.0
2025-08-08 21:00:00,20351.4,32.4,1073.0
2025-08-08 22:00:00,18537.5,32.01,915.0
2025-08-08 23:00:00,16416.3,27.8,728.5
2025-08-09 00:00:00,14000.0,15.46,1059.0
2025-08-09 01:00:00,14000.0,13.82,1046.0
2025-08-09 02:00:00,14000.0,20.9,432.5
2025-08-09 03:00:00,14000.0,22.37,361.5
2025-08-09 04:00:00,14000.0,10.44,1311.5
2025-08-09 05:00:00,14000.0,25.38,2100.5
2025-08-09 06:00:00,16034.4,20.34,2129.0
2025-08-09 07:00:00,18346.3,11.73,3036.0
2025-08-09 08:00:00,19499.6,20.58,4274.0
2025-08-09 09:00:00,19588.9,8.62,5537.5
2025-08-09 10:00:00,17923.9,6.26,5830.5
2025-08-09 11:00:00,16521.9,8.43,6173.0
2025-08-09 12:00:00,15293.7,-3.81,6981.5
2025-08-09 13:00:00,15015.7,-0.56,5992.0
2025-08-09 14:00:00,15675.4,11.99,4661.5
2025-08-09 15:00:00,17426.3,12.28,4686.0
2025-08-09 16:00:00,20166.0,20.41,3392.5
2025-08-09 17:00:00,21194.8,26.46,2646.0
2025-08-09 18:00:00,22331.2,39.25,2127.5
2025-08-09 19:00:00,21815.7,38.23,1165.0
2025-08-09 20:00:00,19839.1,26.93,459.0
2025-08-09 21:00:00,17673.0,34.76,334.5
2025-08-09 22:00:00,15904.3,23.1,261.5
2025-08-09 23:00:00,14434.5,21.46,253.5
2025-08-10 00:00:00,14000.0,17.05,143.0
2025-08-10 01:00:00,14000.0,18.99,233.5
2025-08-10 02:00:00,14000.0,21.48,364.0
2025-08-10 03:00:00,14000.0,21.35,179.5
2025-08-10 04:00:00,14000.0,28.07,292.5
2025-08-10 05:00:00,14000.0,14.15,886.0
2025-08-10 06:00:00,15710.8,19.0,1561.5
2025-08-10 07:00:00,17848.4,13.22,1913.5
2025-08-10 08:00:00,19221.9,20.49,2268.0
2025-08-10 09:00:00,19935.6,26.94,2689.0
2025-08-10 10:00:00,18090.5,22.46,3305.0
2025-08-10 11:00:00,16288.5,18.19,3592.0
2025-08-10 12:00:00,15307.1,7.17,3970.0
2025-08-10 13:00:00,15482.6,7.74,3861.5
2025-08-10 14:00:00,16040.6,7.54,3612.5
2025-08-10 15:00:00,17979.1,17.17,2986.5
2025-08-10 16:00:00,19635.9,27.0,2937.5
2025-08-10 17:00:00,21020.8,31.15,2375.5
2025-08-10 18:00:00,22702.8,32.29,1496.5
2025-08-10 19:00:00,21708.3,32.52,1463.5
2025-08-10 20:00:00,19801.2,30.37,955.5
2025-08-10 21:00:00,17672.9,25.32,714.0
2025-08-10 22:00:00,16275.9,26.55,289.0
2025-08-10 23:00:00,14703.4,24.27,816.0
2025-08-11 00:00:00,14770.6,30.56,1011.5
2025-08-11 01:00:00,14000.0,20.46,473.0
2025-08-11 02:00:00,14000.0,23.61,337.0
2025-08-11 03:00:00,14000.0,16.93,108.5
2025-08-11 04:00:00,14000.0,21.71,64.5
2025-08-11 05:00:00,14546.9,20.5,343.0
2025-08-11 06:00:00,17837.2,27.47,1113.0
2025-08-11 07:00:00,21259.2,30.72,1850.5
2025-08-11 08:00:00,22313.4,30.12,2730.0
2025-08-11 09:00:00,22743.8,26.16,3025.5
2025-08-11 10:00:00,21138.9,19.63,3497.5
2025-08-11 11:00:00,19156.2,10.43,3811.0
2025-08-11 12:00:00,18072.4,14.21,3785.5
2025-08-11 13:00:00,17655.5,12.55,3695.5
2025-08-11 14:00:00,18542.9,21.31,3598.5
2025-08-11 15:00:00,20829.5,19.87,3693.5
2025-08-11 16:00:00,23186.6,26.71,2956.5
2025-08-11 17:00:00,24705.9,36.99,2424.0
2025-08-11 18:00:00,25408.1,33.6,1695.5
2025-08-11 19:00:00,24819.9,42.68,930.5
2025-08-11 20:00:00,22762.2,35.52,792.5
2025-08-11 21:00:00,21013.4,28.17,1361.5
2025-08-11 22:00:00,18455.1,24.48,3253.0
2025-08-11 23:00:00,16812.5,14.14,1491.5
2025-08-12 00:00:00,14366.9,21.25,1589.0
2025-08-12 01:00:00,14000.0,18.16,1715.0
2025-08-12 02:00:00,14000.0,16.44,1161.5
2025-08-12 03:00:00,14000.0,23.94,684.5
2025-08-12 04:00:00,14000.0,22.21,632.5
2025-08-12 05:00:00,14702.8,15.29,747.0
2025-08-12 06:00:00,17378.5,25.92,1264.5
2025-08-12 07:00:00,21155.1,30.3,1924.0
2025-08-12 08:00:00,22885.8,26.75,2682.5
2025-08-12 09:00:00,22512.5,25.33,3038.5
2025-08-12 10:00:00,21163.9,27.43,3762.5
2025-08-12 11:00:00,18757.4,16.21,4160.0
2025-08-12 12:00:00,17248.1,6.07,4214.5
2025-08-12 13:00:00,17553.0,11.86,4391.5
2025-08-12 14:00:00,18875.1,8.99,4114.0
2025-08-12 15:00:00,19729.0,21.76,3442.5
2025-08-12 16:00:00,22771.3,26.36,2716.5
2025-08-12 17:00:00,24260.4,31.86,2412.0
2025-08-12 18:00:00,25630.6,36.05,1680.5
2025-08-12 19:00:00,25707.2,41.66,1078.0
2025-08-12 20:00:00,22956.1,38.85,1125.5
2025-08-12 21:00:00,20580.8,30.65,892.0
2025-08-12 22:00:00,18663.0,27.34,334.5
2025-08-12 23:00:00,16871.9,26.89,423.0
2025-08-13 00:00:00,14574.1,20.57,357.0
2025-08-13 01:00:00,14000.0,19.87,250.5
2025-08-13 02:00:00,14000.0,17.91,296.0
2025-08-13 03:00:00,14000.0,16.67,358.0
2025-08-13 04:00:00,14000.0,19.74,538.5
2025-08-13 05:00:00,14592.4,21.91,1472.5
2025-08-13 06:00:00,18368.5,24.55,1479.5
2025-08-13 07:00:00,21171.5,25.03,2645.5
2025-08-13 08:00:00,23345.4,18.81,4749.5
2025-08-13 09:00:00,22349.6,16.6,6065.0
2025-08-13 10:00:00,21642.0,14.62,5669.0
2025-08-13 11:00:00,19484.7,12.66,5435.0
2025-08-13 12:00:00,17812.9,9.88,5007.5
2025-08-13 13:00:00,18011.9,21.13,4454.5
2025-08-13 14:00:00,18676.8,9.88,5187.5
2025-08-13 15:00:00,20814.3,21.63,4486.5
2025-08-13 16:00:00,22974.2,30.27,3391.5
2025-08-13 17:00:00,25017.6,37.13,2557.5
2025-08-13 18:00:00,26178.1,40.38,1794.0
2025-08-13 19:00:00,25255.3,53.41,743.5
2025-08-13 20:00:00,22720.9,34.8,642.0
2025-08-13 21:00:00,20354.1,35.54,593.0
2025-08-13 22:00:00,18570.1,32.28,841.0
2025-08-13 23:00:00,17012.2,19.01,864.0
2025-08-14 00:00:00,14524.1,15.06,722.5
2025-08-14 01:00:00,14139.5,25.96,439.0
2025-08-14 02:00:00,14000.0,20.98,801.5
2025-08-14 03:00:00,14000.0,14.53,973.0
2025-08-14 04:00:00,14000.0,23.83,1272.0
2025-08-14 05:00:00,14669.6,19.52,945.0
2025-08-14 06:00:00,18092.2,28.32,1417.5
2025-08-14 07:00:00,21755.8,34.49,2678.0
2025-08-14 08:00:00,23342.1,27.72,3031.5
2025-08-14 09:00:00,22797.8,16.48,3634.0
2025-08-14 10:00:00,21476.8,16.7,4057.0
2025-08-14 11:00:00,19655.2,6.78,4219.0
2025-08-14 12:00:00,18154.7,6.33,5131.0
2025-08-14 13:00:00,18046.4,16.63,4810.5
2025-08-14 14:00:00,19095.6,11.45,4269.0
2025-08-14 15:00:00,21029.5,15.44,3939.5
2025-08-14 16:00:00,22952.9,33.59,3259.0
2025-08-14 17:00:00,24899.6,33.63,2525.5
2025-08-14 18:00:00,25791.8,40.59,1842.0
2025-08-14 19:00:00,24881.6,37.86,560.5
2025-08-14 20:00:00,22679.5,44.02,353.0
2025-08-14 21:00:00,20968.5,34.4,841.0
2025-08-14 22:00:00,18656.2,30.47,1895.5
2025-08-14 23:00:00,16643.1,17.99,1347.0
2025-08-15 00:00:00,14671.2,26.09,1013.5
2025-08-15 01:00:00,14000.0,21.41,620.0
2025-08-15 02:00:00,14000.0,16.74,737.0
2025-08-15 03:00:00,14000.0,15.43,1975.5
2025-08-15 04:00:00,14000.0,17.2,919.0
2025-08-15 05:00:00,14887.1,21.17,1220.5
2025-08-15 06:00:00,17827.1,20.97,2924.0
2025-08-15 07:00:00,21354.1,31.55,3467.5
2025-08-15 08:00:00,22970.8,16.17,4339.0
2025-08-15 09:00:00,22824.1,22.91,5426.5
2025-08-15 10:00:00,21416.6,10.28,5083.5
2025-08-15 11:00:00,19951.3,24.13,5290.0
2025-08-15 12:00:00,17766.2,15.12,5344.5
2025-08-15 13:00:00,18238.2,10.59,4898.5
2025-08-15 14:00:00,18278.0,13.83,4390.5
2025-08-15 15:00:00,21388.6,19.92,4206.0
2025-08-15 16:00:00,22592.2,22.67,3472.5
2025-08-15 17:00:00,26166.9,33.34,2699.0
2025-08-15 18:00:00,25843.6,39.52,1858.5
2025-08-15 19:00:00,25725.6,32.01,1054.5
2025-08-15 20:00:00,23652.5,46.21,449.5
2025-08-15 21:00:00,20695.0,42.22,182.0
2025-08-15 22:00:00,18524.9,29.17,292.0
2025-08-15 23:00:00,16830.4,33.13,113.5
2025-08-16 00:00:00,14000.0,18.94,133.0
2025-08-16 01:00:00,14000.0,18.88,55.5
2025-08-16 02:00:00,14000.0,22.15,31.0
2025-08-16 03:00:00,14000.0,23.53,14.0
2025-08-16 04:00:00,14000.0,17.72,43.0
2025-08-16 05:00:00,14000.0,21.66,279.0
2025-08-16 06:00:00,15957.1,21.09,1286.0
2025-08-16 07:00:00,18529.3,11.27,2334.5
2025-08-16 08:00:00,20005.8,19.24,3182.0
2025-08-16 09:00:00,20424.4,17.86,3778.0
2025-08-16 10:00:00,18571.2,10.19,4284.0
2025-08-16 11:00:00,16919.9,6.33,4481.0
2025-08-16 12:00:00,15851.3,8.99,4328.5
2025-08-16 13:00:00,15824.3,-0.05,4444.5
2025-08-16 14:00:00,16326.3,13.09,4123.5
2025-08-16 15:00:00,18409.2,14.16,3740.0
2025-08-16 16:00:00,20426.9,26.47,3145.0
2025-08-16 17:00:00,21449.5,25.14,2129.0
2025-08-16 18:00:00,23307.6,39.26,1397.0
2025-08-16 19:00:00,22517.4,39.84,560.5
2025-08-16 20:00:00,20076.5,25.54,528.0
2025-08-16 21:00:00,17881.7,28.43,159.0
2025-08-16 22:00:00,16317.5,36.3,287.0
2025-08-16 23:00:00,14563.2,25.62,247.5
2025-08-17 00:00:00,14000.0,15.98,373.5
2025-08-17 01:00:00,14000.0,18.97,216.0
2025-08-17 02:00:00,14000.0,24.32,265.5
2025-08-17 03:00:00,14000.0,22.05,367.0
2025-08-17 04:00:00,14000.0,14.22,387.5
2025-08-17 05:00:00,14000.0,12.4,544.0
2025-08-17 06:00:00,15911.2,22.35,1561.5
2025-08-17 07:00:00,18853.5,19.9,2697.0
2025-08-17 08:00:00,20558.4,26.16,3185.0
2025-08-17 09:00:00,19869.3,19.03,3822.0
2025-08-17 10:00:00,18341.4,9.13,4164.5
2025-08-17 11:00:00,16699.2,8.93,4174.5
2025-08-17 12:00:00,16089.8,5.92,4224.0
2025-08-17 13:00:00,15865.6,8.86,4032.0
2025-08-17 14:00:00,16908.2,6.3,3980.5
2025-08-17 15:00:00,18282.3,7.15,3879.0
2025-08-17 16:00:00,19983.7,19.84,3170.0
2025-08-17 17:00:00,21339.4,23.91,2139.5
2025-08-17 18:00:00,23758.3,40.51,1253.5
2025-08-17 19:00:00,22288.6,36.55,372.0
2025-08-17 20:00:00,20435.4,35.36,309.0
2025-08-17 21:00:00,18329.6,28.53,179.5
2025-08-17 22:00:00,15969.9,25.75,218.0
2025-08-17 23:00:00,14756.9,24.62,437.0
2025-08-18 00:00:00,15272.9,24.05,490.5
2025-08-18 01:00:00,14147.0,13.98,406.0
2025-08-18 02:00:00,14000.0,17.69,878.0
2025-08-18 03:00:00,14000.0,27.86,1008.5
2025-08-18 04:00:00,14000.0,21.22,831.5
2025-08-18 05:00:00,14861.2,18.8,1010.5
2025-08-18 06:00:00,19011.4,23.41,1812.0
2025-08-18 07:00:00,21599.6,32.45,2895.5
2025-08-18 08:00:00,22917.1,27.84,3519.0
2025-08-18 09:00:00,23093.5,18.59,3836.0
2025-08-18 10:00:00,21652.2,28.12,4066.0
2025-08-18 11:00:00,19316.7,16.1,4023.0
2025-08-18 12:00:00,18510.9,14.34,4008.5
2025-08-18 13:00:00,18526.2,19.5,4007.0
2025-08-18 14:00:00,19239.2,16.29,3826.0
2025-08-18 15:00:00,20924.1,21.17,3777.0
2025-08-18 16:00:00,23371.7,21.1,3123.0
2025-08-18 17:00:00,24882.5,33.67,2381.5
2025-08-18 18:00:00,26224.1,36.33,1266.5
2025-08-18 19:00:00,25629.1,42.79,220.5
2025-08-18 20:00:00,23209.4,41.75,20.0
2025-08-18 21:00:00,21669.5,28.08,7.5
2025-08-18 22:00:00,19050.7,33.34,15.0
2025-08-18 23:00:00,16765.5,30.73,0.5
2025-08-19 00:00:00,14540.9,14.58,126.0
2025-08-19 01:00:00,14000.0,17.75,377.5
2025-08-19 02:00:00,14000.0,14.46,275.0
2025-08-19 03:00:00,14000.0,23.24,163.0
2025-08-19 04:00:00,14000.0,18.65,302.0
2025-08-19 05:00:00,14988.6,27.26,293.0
2025-08-19 06:00:00,18453.5,20.01,1244.0
2025-08-19 07:00:00,21333.0,27.58,2298.5
2025-08-19 08:00:00,23541.4,24.04,3223.5
2025-08-19 09:00:00,23129.9,23.91,3916.0
2025-08-19 10:00:00,21569.1,18.13,4087.5
2025-08-19 11:00:00,20246.6,19.67,4093.0
2025-08-19 12:00:00,18432.1,13.93,4183.5
2025-08-19 13:00:00,18627.3,18.01,4152.0
2025-08-19 14:00:00,18810.3,13.74,4061.0
2025-08-19 15:00:00,22111.6,17.94,4066.0
2025-08-19 16:00:00,23512.1,28.73,3946.0
2025-08-19 17:00:00,25882.2,35.13,2882.0
2025-08-19 18:00:00,26715.4,39.68,2184.0
2025-08-19 19:00:00,25412.3,44.57,902.0
2025-08-19 20:00:00,23901.7,36.78,1058.5
2025-08-19 21:00:00,21409.7,41.03,1622.5
2025-08-19 22:00:00,18693.5,32.78,1378.5
2025-08-19 23:00:00,17109.8,27.93,729.5
2025-08-20 00:00:00,15003.1,21.11,1653.5
2025-08-20 01:00:00,14087.0,17.88,1848.0
2025-08-20 02:00:00,14000.0,16.68,1209.0
2025-08-20 03:00:00,14000.0,18.07,2596.5
2025-08-20 04:00:00,14000.0,14.83,2279.0
2025-08-20 05:00:00,15178.1,26.96,1699.0
2025-08-20 06:00:00,18009.3,29.94,1634.0
2025-08-20 07:00:00,21618.3,28.27,2508.5
2025-08-20 08:00:00,23606.1,30.8,3645.5
2025-08-20 09:00:00,23672.9,18.8,3902.5
2025-08-20 10:00:00,21789.9,20.28,4292.0
2025-08-20 11:00:00,20273.4,9.29,4151.0
2025-08-20 12:00:00,18776.2,12.69,4748.5
2025-08-20 13:00:00,18195.5,7.28,4926.5
2025-08-20 14:00:00,19299.5,16.8,4918.5
2025-08-20 15:00:00,21463.3,19.17,4730.0
2025-08-20 16:00:00,23571.7,24.66,4140.0
2025-08-20 17:00:00,26295.0,34.52,3075.5
2025-08-20 18:00:00,26029.4,29.38,2586.0
2025-08-20 19:00:00,25819.2,47.23,1160.5
2025-08-20 20:00:00,23959.8,47.0,528.5
2025-08-20 21:00:00,21111.5,38.03,754.0
2025-08-20 22:00:00,18811.7,27.41,955.0
2025-08-20 23:00:00,17335.4,21.83,1393.0
2025-08-21 00:00:00,15231.6,16.21,353.5
2025-08-21 01:00:00,14057.4,19.46,209.0
2025-08-21 02:00:00,14000.0,11.01,329.5
2025-08-21 03:00:00,14000.0,11.53,426.0
2025-08-21 04:00:00,14000.0,24.69,366.5
2025-08-21 05:00:00,15325.2,29.33,670.5
2025-08-21 06:00:00,18860.8,22.88,1733.5
2025-08-21 07:00:00,22616.4,31.17,2757.5
2025-08-21 08:00:00,23986.1,26.84,3389.5
2025-08-21 09:00:00,23115.6,28.1,4443.0
2025-08-21 10:00:00,21958.9,20.25,4888.0
2025-08-21 11:00:00,19746.3,16.55,4904.0
2025-08-21 12:00:00,18476.7,3.41,5027.0
2025-08-21 13:00:00,18007.7,8.69,5508.5
2025-08-21 14:00:00,19328.3,11.6,4930.5
2025-08-21 15:00:00,21586.5,24.28,5029.0
2025-08-21 16:00:00,23795.5,23.31,4840.0
2025-08-21 17:00:00,25374.2,31.46,3971.0
2025-08-21 18:00:00,25960.5,28.42,3738.0
2025-08-21 19:00:00,26609.3,42.39,2850.0
2025-08-21 20:00:00,23902.0,36.58,2878.5
2025-08-21 21:00:00,21026.5,29.04,2811.5
2025-08-21 22:00:00,19167.0,31.57,2874.5
2025-08-21 23:00:00,17991.4,24.13,2731.0
2025-08-22 00:00:00,15244.8,15.76,2671.5
2025-08-22 01:00:00,14000.0,12.43,2671.0
2025-08-22 02:00:00,14000.0,21.08,1648.5
2025-08-22 03:00:00,14000.0,8.61,2848.0
2025-08-22 04:00:00,14000.0,14.49,1966.5
2025-08-22 05:00:00,14895.5,17.89,2270.5
2025-08-22 06:00:00,18510.0,19.71,3339.0
2025-08-22 07:00:00,22075.5,25.91,3509.0
2025-08-22 08:00:00,22943.6,28.98,4484.5
2025-08-22 09:00:00,23424.6,21.85,4785.5
2025-08-22 10:00:00,22262.9,15.41,4741.0
2025-08-22 11:00:00,19734.0,21.37,4441.5
2025-08-22 12:00:00,18283.2,11.17,4218.0
2025-08-22 13:00:00,18427.3,14.11,4361.5
2025-08-22 14:00:00,19384.9,20.9,4194.0
2025-08-22 15:00:00,21299.2,17.06,4087.0
2025-08-22 16:00:00,23481.5,33.04,4169.5
2025-08-22 17:00:00,26097.2,43.23,2929.5
2025-08-22 18:00:00,26904.3,39.88,1464.5
2025-08-22 19:00:00,25474.4,42.25,352.0
2025-08-22 20:00:00,23542.4,44.33,93.0
2025-08-22 21:00:00,21412.6,42.15,432.0
2025-08-22 22:00:00,18829.3,34.5,248.0
2025-08-22 23:00:00,17531.0,27.42,582.5
2025-08-23 00:00:00,14000.0,23.1,262.0
2025-08-23 01:00:00,14000.0,23.67,346.5
2025-08-23 02:00:00,14000.0,21.98,355.0
2025-08-23 03:00:00,14000.0,19.24,125.5
2025-08-23 04:00:00,14000.0,24.49,162.0
2025-08-23 05:00:00,14000.0,18.95,636.0
2025-08-23 06:00:00,16461.9,13.42,1483.5
2025-08-23 07:00:00,19394.6,17.92,2252.5
2025-08-23 08:00:00,20689.0,28.98,2786.0
2025-08-23 09:00:00,20464.7,15.33,3520.0
2025-08-23 10:00:00,19703.8,15.84,4241.0
2025-08-23 11:00:00,17767.9,16.89,4169.5
2025-08-23 12:00:00,16509.8,9.51,4150.5
2025-08-23 13:00:00,16157.1,16.39,4773.0
2025-08-23 14:00:00,16757.6,8.36,4673.0
2025-08-23 15:00:00,19084.5,11.0,4821.0
2025-08-23 16:00:00,20922.6,17.2,3180.5
2025-08-23 17:00:00,22417.6,21.83,2549.0
2025-08-23 18:00:00,23201.4,42.03,1430.5
2025-08-23 19:00:00,22279.3,32.86,592.0
2025-08-23 20:00:00,21179.1,28.55,555.0
2025-08-23 21:00:00,18851.6,29.0,522.0
2025-08-23 22:00:00,16729.7,23.96,347.0
2025-08-23 23:00:00,15258.3,20.22,496.0
2025-08-24 00:00:00,14000.0,24.71,1018.0
2025-08-24 01:00:00,14000.0,20.32,967.5
2025-08-24 02:00:00,14000.0,23.53,738.0
2025-08-24 03:00:00,14000.0,28.09,1405.5
2025-08-24 04:00:00,14000.0,14.11,1886.5
2025-08-24 05:00:00,14000.0,16.51,2797.5
2025-08-24 06:00:00,16606.5,9.87,4157.5
2025-08-24 07:00:00,19230.6,25.09,4430.5
2025-08-24 08:00:00,21194.3,16.18,6104.5
2025-08-24 09:00:00,20318.8,-2.67,7678.5
2025-08-24 10:00:00,19145.0,-0.67,8608.5
2025-08-24 11:00:00,17505.7,9.27,7879.0
2025-08-24 12:00:00,16635.3,-5.28,7308.5
2025-08-24 13:00:00,16211.7,0.54,7565.0
2025-08-24 14:00:00,17112.4,3.18,8397.0
2025-08-24 15:00:00,18370.1,7.19,8160.5
2025-08-24 16:00:00,20673.0,24.08,7382.5
2025-08-24 17:00:00,23071.5,25.23,4839.5
2025-08-24 18:00:00,22646.2,24.81,3936.0
2025-08-24 19:00:00,23149.0,29.47,3552.5
2025-08-24 20:00:00,21083.6,34.13,3354.5
2025-08-24 21:00:00,18520.5,13.52,3363.5
2025-08-24 22:00:00,16538.0,20.95,3220.0
2025-08-24 23:00:00,15761.3,28.59,1623.5
2025-08-25 00:00:00,15598.6,22.19,1401.0
2025-08-25 01:00:00,14351.3,25.5,1035.5
2025-08-25 02:00:00,14000.0,9.02,1613.0
2025-08-25 03:00:00,14000.0,22.9,1836.5
2025-08-25 04:00:00,14000.0,17.39,2320.5
2025-08-25 05:00:00,15169.6,12.81,4182.5
2025-08-25 06:00:00,18907.2,18.6,4246.0
2025-08-25 07:00:00,22834.2,34.52,4171.0
2025-08-25 08:00:00,23912.8,23.44,4433.5
2025-08-25 09:00:00,23348.8,21.39,4334.0
2025-08-25 10:00:00,21680.2,25.25,5124.5
2025-08-25 11:00:00,20251.5,16.2,5171.0
2025-08-25 12:00:00,18668.4,13.81,4894.5
2025-08-25 13:00:00,18743.9,7.97,4699.5
2025-08-25 14:00:00,19225.6,9.74,4572.5
2025-08-25 15:00:00,21959.3,29.78,4081.0
2025-08-25 16:00:00,23793.7,29.68,3738.0
2025-08-25 17:00:00,26206.8,37.5,2602.0
2025-08-25 18:00:00,26831.1,41.95,1414.5
2025-08-25 19:00:00,26856.0,47.32,189.0
2025-08-25 20:00:00,24206.7,38.57,443.0
2025-08-25 21:00:00,22241.3,39.03,615.5
2025-08-25 22:00:00,19484.6,28.97,530.5
2025-08-25 23:00:00,18060.0,27.11,484.0
2025-08-26 00:00:00,15285.1,23.73,1087.0
2025-08-26 01:00:00,14506.4,24.37,1900.0
2025-08-26 02:00:00,14000.0,22.13,2095.0
2025-08-26 03:00:00,14000.0,14.4,2006.5
2025-08-26 04:00:00,14000.0,17.1,1595.5
2025-08-26 05:00:00,15307.0,13.21,1784.5
2025-08-26 06:00:00,18956.1,28.5,1892.5
2025-08-26 07:00:00,22695.6,31.62,3396.5
2025-08-26 08:00:00,24523.3,27.78,4525.0
2025-08-26 09:00:00,23600.0,28.84,4964.5
2025-08-26 10:00:00,21969.9,16.39,4969.5
2025-08-26 11:00:00,20014.5,12.08,6256.5
2025-08-26 12:00:00,19191.4,6.12,5709.5
2025-08-26 13:00:00,18484.3,9.59,5453.5
2025-08-26 14:00:00,20021.6,14.54,4392.5
2025-08-26 15:00:00,21995.3,25.15,3810.0
2025-08-26 16:00:00,24071.4,27.6,3532.0
2025-08-26 17:00:00,26904.6,44.27,2380.5
2025-08-26 18:00:00,26476.5,33.74,2225.5
2025-08-26 19:00:00,26934.6,47.86,1415.0
2025-08-26 20:00:00,24352.1,29.28,1028.0
2025-08-26 21:00:00,21017.9,33.19,1129.0
2025-08-26 22:00:00,19858.5,36.06,1193.5
2025-08-26 23:00:00,18007.9,27.97,613.0
2025-08-27 00:00:00,15292.6,28.53,284.0
2025-08-27 01:00:00,14276.9,16.64,499.0
2025-08-27 02:00:00,14000.0,20.62,680.0
2025-08-27 03:00:00,14000.0,16.46,659.0
2025-08-27 04:00:00,14000.0,25.55,930.5
2025-08-27 05:00:00,15148.6,17.42,1297.0
2025-08-27 06:00:00,19150.3,21.32,2305.5
2025-08-27 07:00:00,21849.4,34.51,2224.0
2025-08-27 08:00:00,23774.3,24.38,2886.5
2025-08-27 09:00:00,24259.1,24.33,3505.0
2025-08-27 10:00:00,22457.7,23.76,4181.5
2025-08-27 11:00:00,20248.9,15.67,4988.5
2025-08-27 12:00:00,19032.9,9.35,4929.0
2025-08-27 13:00:00,18692.2,11.93,4536.5
2025-08-27 14:00:00,19835.8,22.31,4635.0
2025-08-27 15:00:00,21649.5,16.31,4312.0
2025-08-27 16:00:00,24150.2,29.28,3419.5
2025-08-27 17:00:00,26146.3,35.29,2916.5
2025-08-27 18:00:00,26877.4,47.69,1399.5
2025-08-27 19:00:00,26793.6,41.72,598.0
2025-08-27 20:00:00,24609.5,38.19,1200.5
2025-08-27 21:00:00,21470.6,33.86,815.0
2025-08-27 22:00:00,19120.4,27.58,746.0
2025-08-27 23:00:00,17774.6,29.38,778.0
2025-08-28 00:00:00,15949.8,27.82,230.5
2025-08-28 01:00:00,14317.8,23.38,157.5
2025-08-28 02:00:00,14000.0,13.77,36.5
2025-08-28 03:00:00,14000.0,19.73,68.5
2025-08-28 04:00:00,14000.0,19.87,172.0
2025-08-28 05:00:00,15393.7,18.68,336.5
2025-08-28 06:00:00,19478.3,23.99,1541.0
2025-08-28 07:00:00,22638.6,38.19,2268.5
2025-08-28 08:00:00,24529.0,33.51,3473.0
2025-08-28 09:00:00,24205.8,22.28,3639.0
2025-08-28 10:00:00,22687.8,24.1,4376.0
2025-08-28 11:00:00,20930.6,20.21,4254.5
2025-08-28 12:00:00,19481.7,11.36,4248.0
2025-08-28 13:00:00,19547.7,17.18,4134.0
2025-08-28 14:00:00,20294.1,15.05,4125.0
2025-08-28 15:00:00,21762.7,15.87,3384.5
2025-08-28 16:00:00,24766.2,29.44,3320.5
2025-08-28 17:00:00,26771.1,34.47,2411.0
2025-08-28 18:00:00,28062.8,43.28,1478.0
2025-08-28 19:00:00,26097.1,46.54,1095.0
2025-08-28 20:00:00,24625.8,41.21,2165.5
2025-08-28 21:00:00,21635.1,34.33,2197.0
2025-08-28 22:00:00,19693.9,30.5,1938.0
2025-08-28 23:00:00,17827.1,20.19,2245.5
2025-08-29 00:00:00,15621.1,18.33,1472.0
2025-08-29 01:00:00,14288.9,22.72,1958.5
2025-08-29 02:00:00,14000.0,25.82,1442.0
2025-08-29 03:00:00,14000.0,18.15,1517.0
2025-08-29 04:00:00,14000.0,18.5,1966.5
2025-08-29 05:00:00,16014.8,29.99,2164.0
2025-08-29 06:00:00,19109.7,23.06,2863.0
2025-08-29 07:00:00,22687.4,30.9,3103.0
2025-08-29 08:00:00,24351.2,30.37,2769.0
2025-08-29 09:00:00,24157.3,21.89,3085.5
2025-08-29 10:00:00,23222.4,25.41,3164.5
2025-08-29 11:00:00,20542.7,22.64,3521.5
2025-08-29 12:00:00,19010.5,10.91,3694.0
2025-08-29 13:00:00,19493.5,20.34,3840.0
2025-08-29 14:00:00,19914.2,14.76,3484.5
2025-08-29 15:00:00,21536.4,22.07,3277.5
2025-08-29 16:00:00,24276.3,33.81,2001.5
2025-08-29 17:00:00,26093.2,36.98,1478.0
2025-08-29 18:00:00,26642.4,43.84,1416.0
2025-08-29 19:00:00,26438.1,44.81,1056.0
2025-08-29 20:00:00,24489.2,42.58,535.0
2025-08-29 21:00:00,22330.7,44.18,417.5
2025-08-29 22:00:00,19803.8,28.68,689.0
2025-08-29 23:00:00,18110.5,30.79,585.0
2025-08-30 00:00:00,14000.0,17.48,364.5
2025-08-30 01:00:00,14000.0,20.4,497.5
2025-08-30 02:00:00,14000.0,23.94,711.5
2025-08-30 03:00:00,14000.0,23.69,886.5
2025-08-30 04:00:00,14000.0,17.91,733.0
2025-08-30 05:00:00,14000.0,24.7,246.5
2025-08-30 06:00:00,17051.2,25.86,788.0
2025-08-30 07:00:00,20239.3,27.98,1714.0
2025-08-30 08:00:00,21337.9,28.43,2259.0
2025-08-30 09:00:00,20847.6,22.61,3162.5
2025-08-30 10:00:00,19579.4,14.05,3707.0
2025-08-30 11:00:00,17810.7,12.95,3735.0
2025-08-30 12:00:00,16654.6,16.44,3794.5
2025-08-30 13:00:00,16720.8,9.24,3561.0
2025-08-30 14:00:00,17545.9,27.96,3330.0
2025-08-30 15:00:00,19563.0,17.61,2827.5
2025-08-30 16:00:00,21559.1,31.05,2361.0
2025-08-30 17:00:00,22921.6,27.32,1585.5
2025-08-30 18:00:00,23734.1,39.91,1029.5
2025-08-30 19:00:00,23020.0,32.35,482.5
2025-08-30 20:00:00,21350.2,39.23,640.0
2025-08-30 21:00:00,19679.0,31.71,832.5
2025-08-30 22:00:00,17636.2,32.1,530.0
2025-08-30 23:00:00,15876.2,19.43,408.0
2025-08-31 00:00:00,14000.0,21.75,231.0
2025-08-31 01:00:00,14000.0,23.52,220.0
2025-08-31 02:00:00,14000.0,23.53,195.5
2025-08-31 03:00:00,14000.0,16.64,488.5
2025-08-31 04:00:00,14000.0,20.58,688.5
2025-08-31 05:00:00,14000.0,17.59,790.5
2025-08-31 06:00:00,16947.5,23.41,1698.0
2025-08-31 07:00:00,19529.2,17.03,2672.0
2025-08-31 08:00:00,21313.8,30.16,3705.5
2025-08-31 09:00:00,21327.2,20.6,3539.5
2025-08-31 10:00:00,20004.8,20.31,4166.0
2025-08-31 11:00:00,17976.5,5.84,5165.0
2025-08-31 12:00:00,17001.7,0.34,5548.0
2025-08-31 13:00:00,16458.5,10.7,4841.5
2025-08-31 14:00:00,17604.6,13.82,4923.5
2025-08-31 15:00:00,19637.9,19.16,5295.0
2025-08-31 16:00:00,21629.7,25.52,4046.0
2025-08-31 17:00:00,23127.0,34.5,3663.5
2025-08-31 18:00:00,23905.4,38.81,1671.5
2025-08-31 19:00:00,23660.5,35.78,970.5
2025-08-31 20:00:00,21140.6,44.93,745.5
2025-08-31 21:00:00,18964.5,24.27,1927.5
2025-08-31 22:00:00,17355.0,27.39,2187.5
2025-08-31 23:00:00,15636.2,21.87,2408.5
2025-09-01 00:00:00,15347.6,23.41,2512.5
2025-09-01 01:00:00,15066.3,18.02,2487.5
2025-09-01 02:00:00,14000.0,19.53,1561.5
2025-09-01 03:00:00,14000.0,15.25,1676.5
2025-09-01 04:00:00,14000.0,20.64,1522.5
2025-09-01 05:00:00,15670.0,16.5,1435.0
2025-09-01 06:00:00,19185.1,32.15,1974.0
2025-09-01 07:00:00,23078.2,42.54,2255.0
2025-09-01 08:00:00,24637.7,36.66,3394.0
2025-09-01 09:00:00,24724.8,20.46,3970.5
2025-09-01 10:00:00,22526.6,20.86,4330.5
2025-09-01 11:00:00,21425.6,23.29,4985.5
2025-09-01 12:00:00,18842.0,4.97,6765.5
2025-09-01 13:00:00,18725.4,4.89,6408.5
2025-09-01 14:00:00,20771.0,16.28,6221.0
2025-09-01 15:00:00,22482.6,18.56,5940.5
2025-09-01 16:00:00,24961.2,26.29,5287.5
2025-09-01 17:00:00,27073.0,30.71,4442.5
2025-09-01 18:00:00,27936.9,47.75,4180.0
2025-09-01 19:00:00,27012.3,36.66,3792.0
2025-09-01 20:00:00,24440.3,32.81,4144.5
2025-09-01 21:00:00,22469.3,32.06,4232.0
2025-09-01 22:00:00,20042.9,24.56,4079.0
2025-09-01 23:00:00,18550.8,20.07,4225.0
2025-09-02 00:00:00,16167.1,21.38,4053.0
2025-09-02 01:00:00,14897.8,17.16,3652.5
2025-09-02 02:00:00,14000.0,15.81,3310.0
2025-09-02 03:00:00,14000.0,11.71,3770.0
2025-09-02 04:00:00,14000.0,9.93,2834.5
2025-09-02 05:00:00,15881.3,23.55,3145.5
2025-09-02 06:00:00,19443.1,21.23,3380.0
2025-09-02 07:00:00,22773.9,22.92,3615.0
2025-09-02 08:00:00,24975.1,27.31,4824.5
2025-09-02 09:00:00,24549.3,26.88,4511.0
2025-09-02 10:00:00,22998.0,14.9,5498.5
2025-09-02 11:00:00,20586.7,12.5,5592.5
2025-09-02 12:00:00,19420.4,11.48,5864.5
2025-09-02 13:00:00,19033.4,3.51,6646.0
2025-09-02 14:00:00,20256.5,15.48,7077.0
2025-09-02 15:00:00,22370.3,13.4,6113.0
2025-09-02 16:00:00,25619.9,32.62,4934.5
2025-09-02 17:00:00,26898.1,36.44,4403.5
2025-09-02 18:00:00,26920.1,50.04,3689.5
2025-09-02 19:00:00,27560.4,44.87,2499.5
2025-09-02 20:00:00,25063.3,31.96,3223.0
2025-09-02 21:00:00,22239.0,26.92,3068.5
2025-09-02 22:00:00,19792.4,25.46,3217.0
2025-09-02 23:00:00,17973.0,11.73,3586.5
2025-09-03 00:00:00,16271.0,13.7,3233.0
2025-09-03 01:00:00,14893.3,19.95,2827.0
2025-09-03 02:00:00,14000.0,26.37,1958.0
2025-09-03 03:00:00,14000.0,16.02,2355.0
2025-09-03 04:00:00,14000.0,11.82,2441.0
2025-09-03 05:00:00,15899.7,26.82,1376.5
2025-09-03 06:00:00,19329.0,32.76,1798.0
2025-09-03 07:00:00,22668.7,26.55,3374.5
2025-09-03 08:00:00,24446.6,31.58,3895.5
2025-09-03 09:00:00,25114.8,32.53,4605.5
2025-09-03 10:00:00,22886.1,22.65,4606.0
2025-09-03 11:00:00,20395.6,12.97,4645.0
2025-09-03 12:00:00,19659.3,12.15,4634.0
2025-09-03 13:00:00,19371.2,9.01,4423.5
2025-09-03 14:00:00,20258.5,12.69,4452.5
2025-09-03 15:00:00,22152.8,23.71,4591.5
2025-09-03 16:00:00,24627.4,29.83,3232.5
2025-09-03 17:00:00,27549.6,34.24,2552.5
2025-09-03 18:00:00,28018.2,48.67,986.5
2025-09-03 19:00:00,27294.7,52.59,647.0
2025-09-03 20:00:00,25083.8,41.49,1163.0
2025-09-03 21:00:00,22479.1,37.09,839.5
2025-09-03 22:00:00,19859.8,38.44,688.0
2025-09-03 23:00:00,18246.1,34.27,466.5
2025-09-04 00:00:00,16150.1,26.91,620.5
2025-09-04 01:00:00,15256.5,29.34,322.0
2025-09-04 02:00:00,14000.0,25.43,428.0
2025-09-04 03:00:00,14000.0,19.25,788.5
2025-09-04 04:00:00,14000.0,21.65,655.0
2025-09-04 05:00:00,16373.5,26.17,345.5
2025-09-04 06:00:00,20195.8,39.7,769.0
2025-09-04 07:00:00,22824.3,34.11,1794.0
2025-09-04 08:00:00,25359.8,35.28,2635.0
2025-09-04 09:00:00,24671.3,36.68,3430.5
2025-09-04 10:00:00,23360.0,24.03,4070.5
2025-09-04 11:00:00,21252.0,17.35,4129.0
2025-09-04 12:00:00,19250.5,5.61,4066.0
2025-09-04 13:00:00,19565.4,13.55,4063.5
2025-09-04 14:00:00,20783.9,18.85,4015.0
2025-09-04 15:00:00,22577.6,28.12,3522.0
2025-09-04 16:00:00,25031.1,33.21,2574.0
2025-09-04 17:00:00,26571.4,36.6,1722.0
2025-09-04 18:00:00,28310.2,50.27,649.0
2025-09-04 19:00:00,27290.4,41.88,7.5
2025-09-04 20:00:00,24742.0,49.39,12.0
2025-09-04 21:00:00,22346.2,44.85,46.5
2025-09-04 22:00:00,20124.4,26.8,46.5
2025-09-04 23:00:00,18219.7,26.38,160.0
2025-09-05 00:00:00,15935.0,25.65,617.0
2025-09-05 01:00:00,14603.8,28.88,566.5
2025-09-05 02:00:00,14010.5,19.87,635.5
2025-09-05 03:00:00,14000.0,21.96,513.0
2025-09-05 04:00:00,14000.0,22.2,128.5
2025-09-05 05:00:00,15396.0,17.6,103.5
2025-09-05 06:00:00,20051.2,29.47,914.0
2025-09-05 07:00:00,23383.9,29.32,2441.5
2025-09-05 08:00:00,25059.5,34.27,2752.0
2025-09-05 09:00:00,25066.0,26.84,3693.5
2025-09-05 10:00:00,23387.2,22.31,4949.0
2025-09-05 11:00:00,21146.7,16.77,4967.0
2025-09-05 12:00:00,19623.6,13.39,5131.0
2025-09-05 13:00:00,19358.8,18.4,4542.5
2025-09-05 14:00:00,20684.3,18.15,4723.5
2025-09-05 15:00:00,23147.3,24.75,3644.5
2025-09-05 16:00:00,25182.6,33.89,3471.0
2025-09-05 17:00:00,27923.7,40.08,2348.5
2025-09-05 18:00:00,28289.1,43.34,1052.5
2025-09-05 19:00:00,27466.9,53.47,344.0
2025-09-05 20:00:00,26095.1,42.96,515.5
2025-09-05 21:00:00,23102.0,35.7,270.5
2025-09-05 22:00:00,20663.4,41.52,120.0
2025-09-05 23:00:00,18224.3,33.5,219.0
2025-09-06 00:00:00,14374.4,20.92,237.0
2025-09-06 01:00:00,14000.0,24.44,339.0
2025-09-06 02:00:00,14000.0,17.88,749.0
2025-09-06 03:00:00,14000.0,22.55,414.5
2025-09-06 04:00:00,14000.0,20.51,533.5
2025-09-06 05:00:00,14000.0,19.23,305.0
2025-09-06 06:00:00,17351.7,26.91,681.5
2025-09-06 07:00:00,19900.6,20.88,2157.5
2025-09-06 08:00:00,22405.9,24.0,3471.5
2025-09-06 09:00:00,21791.0,12.75,4240.5
2025-09-06 10:00:00,20855.1,16.07,4528.5
2025-09-06 11:00:00,18132.8,12.87,4492.5
2025-09-06 12:00:00,17604.3,4.08,4589.5
2025-09-06 13:00:00,16554.0,9.91,4405.0
2025-09-06 14:00:00,18008.0,3.03,4200.0
2025-09-06 15:00:00,19613.8,14.85,3826.5
2025-09-06 16:00:00,21880.0,25.67,2900.0
2025-09-06 17:00:00,23674.8,34.0,2004.0
2025-09-06 18:00:00,24232.6,40.61,972.0
2025-09-06 19:00:00,23402.1,33.89,140.5
2025-09-06 20:00:00,21851.4,38.17,196.5
2025-09-06 21:00:00,19723.0,35.93,166.0
2025-09-06 22:00:00,17911.0,27.2,253.5
2025-09-06 23:00:00,16180.9,24.6,174.0
2025-09-07 00:00:00,14215.3,15.67,60.5
2025-09-07 01:00:00,14000.0,24.51,244.0
2025-09-07 02:00:00,14000.0,15.19,418.5
2025-09-07 03:00:00,14000.0,24.16,844.5
2025-09-07 04:00:00,14000.0,27.49,1488.0
2025-09-07 05:00:00,14000.0,13.83,2604.5
2025-09-07 06:00:00,17555.7,18.21,2973.0
2025-09-07 07:00:00,20170.2,21.98,3951.5
2025-09-07 08:00:00,21647.0,26.27,4686.0
2025-09-07 09:00:00,21854.6,15.56,5273.0
2025-09-07 10:00:00,20245.7,5.11,5532.0
2025-09-07 11:00:00,18342.0,15.18,5195.5
2025-09-07 12:00:00,17127.1,7.85,5237.0
2025-09-07 13:00:00,16806.1,7.27,4712.5
2025-09-07 14:00:00,17914.8,11.97,4492.0
2025-09-07 15:00:00,20206.4,15.87,3922.5
2025-09-07 16:00:00,22194.7,24.34,3719.5
2025-09-07 17:00:00,24296.8,34.12,3065.0
2025-09-07 18:00:00,24856.1,41.4,1755.5
2025-09-07 19:00:00,23725.6,39.11,1341.5
2025-09-07 20:00:00,21536.6,25.07,945.5
2025-09-07 21:00:00,19490.5,29.48,978.0
2025-09-07 22:00:00,17494.3,27.66,589.5
2025-09-07 23:00:00,15990.5,25.55,258.0
2025-09-08 00:00:00,16358.1,24.0,238.0
2025-09-08 01:00:00,15394.0,32.24,131.0
2025-09-08 02:00:00,14354.2,20.09,58.5
2025-09-08 03:00:00,14000.0,22.86,170.0
2025-09-08 04:00:00,14000.0,18.28,533.5
2025-09-08 05:00:00,16559.0,27.4,618.0
2025-09-08 06:00:00,19907.9,25.18,687.5
2025-09-08 07:00:00,23627.9,41.87,1429.0
2025-09-08 08:00:00,25743.3,37.19,2458.5
2025-09-08 09:00:00,25012.9,27.94,3574.0
2025-09-08 10:00:00,23311.5,23.98,3700.5
2025-09-08 11:00:00,21131.3,14.95,4690.0
2025-09-08 12:00:00,19223.8,11.41,5178.5
2025-09-08 13:00:00,19729.6,14.01,5181.0
2025-09-08 14:00:00,20573.7,15.17,4691.5
2025-09-08 15:00:00,22567.5,26.4,4579.0
2025-09-08 16:00:00,25678.3,42.3,3814.0
2025-09-08 17:00:00,27036.8,38.82,2865.5
2025-09-08 18:00:00,28805.1,37.92,1998.5
2025-09-08 19:00:00,27831.0,45.69,1545.0
2025-09-08 20:00:00,25328.3,39.54,2451.5
2025-09-08 21:00:00,22785.4,37.74,2490.5
2025-09-08 22:00:00,20027.7,25.14,2800.0
2025-09-08 23:00:00,18870.9,20.71,3788.5
2025-09-09 00:00:00,16229.0,15.22,3709.5
2025-09-09 01:00:00,15291.8,10.42,3920.0
2025-09-09 02:00:00,14052.2,6.45,3580.0
2025-09-09 03:00:00,14000.0,13.57,3870.5
2025-09-09 04:00:00,14000.0,6.84,4008.5
2025-09-09 05:00:00,16468.9,17.62,3634.0
2025-09-09 06:00:00,20262.3,27.72,4088.0
2025-09-09 07:00:00,23363.2,24.24,4575.0
2025-09-09 08:00:00,25526.8,32.79,5719.5
2025-09-09 09:00:00,25606.6,21.12,6874.5
2025-09-09 10:00:00,23850.5,10.37,7751.0
2025-09-09 11:00:00,21233.6,10.1,7499.0
2025-09-09 12:00:00,19560.0,9.5,7572.5
2025-09-09 13:00:00,19394.4,10.21,7929.0
2025-09-09 14:00:00,20778.3,12.2,7658.0
2025-09-09 15:00:00,23531.7,31.42,4754.5
2025-09-09 16:00:00,25336.0,33.03,3561.5
2025-09-09 17:00:00,27497.7,39.4,2350.0
2025-09-09 18:00:00,28307.2,48.61,765.5
2025-09-09 19:00:00,27516.7,43.98,146.5
2025-09-09 20:00:00,25576.0,48.77,198.5
2025-09-09 21:00:00,22456.0,33.03,130.0
2025-09-09 22:00:00,20804.0,31.05,121.5
2025-09-09 23:00:00,18692.7,30.2,213.0
2025-09-10 00:00:00,16850.5,57.95,222.5
2025-09-10 01:00:00,15022.0,51.32,457.5
2025-09-10 02:00:00,14335.3,41.03,469.5
2025-09-10 03:00:00,14000.0,62.04,736.5
2025-09-10 04:00:00,14000.0,47.15,743.5
2025-09-10 05:00:00,16202.2,51.92,969.0
2025-09-10 06:00:00,19854.8,61.01,915.5
2025-09-10 07:00:00,23321.1,76.21,1920.0
2025-09-10 08:00:00,25469.4,84.81,2912.0
2025-09-10 09:00:00,25237.7,81.6,3729.0
2025-09-10 10:00:00,22975.2,63.54,4736.0
2025-09-10 11:00:00,22237.6,38.6,5476.0
2025-09-10 12:00:00,20006.3,42.7,5627.5
2025-09-10 13:00:00,19881.7,46.64,5910.5
2025-09-10 14:00:00,20760.1,63.39,6157.0
2025-09-10 15:00:00,23023.5,71.06,4772.5
2025-09-10 16:00:00,25577.3,54.68,4711.0
2025-09-10 17:00:00,27852.3,74.36,3605.0
2025-09-10 18:00:00,28676.2,87.45,2263.5
2025-09-10 19:00:00,28181.8,92.57,1022.5
2025-09-10 20:00:00,25767.1,103.81,3287.0
2025-09-10 21:00:00,23227.4,60.66,3340.0
2025-09-10 22:00:00,20547.5,72.23,2723.5
2025-09-10 23:00:00,18871.4,47.48,2885.0
2025-09-11 00:00:00,16250.3,22.48,2873.0
2025-09-11 01:00:00,15581.4,23.19,3261.5
2025-09-11 02:00:00,14123.7,14.14,2409.5
2025-09-11 03:00:00,14000.0,14.3,4297.5
2025-09-11 04:00:00,14000.0,16.17,4125.5
2025-09-11 05:00:00,16335.2,18.69,4130.0
2025-09-11 06:00:00,20220.3,22.76,2035.0
2025-09-11 07:00:00,23715.5,25.02,2634.5
2025-09-11 08:00:00,25354.1,25.87,3755.5
2025-09-11 09:00:00,25618.3,33.04,4577.5
2025-09-11 10:00:00,23925.9,29.2,4987.5
2025-09-11 11:00:00,22158.9,13.92,5136.0
2025-09-11 12:00:00,19979.8,17.36,5148.5
2025-09-11 13:00:00,20138.5,6.17,4937.5
2025-09-11 14:00:00,20435.8,11.28,5631.5
2025-09-11 15:00:00,23494.3,25.23,4655.5
2025-09-11 16:00:00,25251.0,34.91,3585.0
2025-09-11 17:00:00,27548.7,38.66,2283.5
2025-09-11 18:00:00,28937.2,49.9,746.0
2025-09-11 19:00:00,27693.0,49.43,205.5
2025-09-11 20:00:00,25486.0,39.38,253.0
2025-09-11 21:00:00,22905.9,43.53,468.5
2025-09-11 22:00:00,20856.0,35.94,320.0
2025-09-11 23:00:00,18614.9,26.78,458.0
2025-09-12 00:00:00,16359.2,25.07,483.5
2025-09-12 01:00:00,15322.4,28.21,278.0
2025-09-12 02:00:00,14283.7,17.19,680.5
2025-09-12 03:00:00,14000.0,15.8,366.0
2025-09-12 04:00:00,14000.0,15.84,433.0
2025-09-12 05:00:00,16682.9,36.48,304.5
2025-09-12 06:00:00,20103.5,35.58,783.0
2025-09-12 07:00:00,23911.9,30.25,2152.0
2025-09-12 08:00:00,25306.0,34.28,2815.0
2025-09-12 09:00:00,25567.4,31.91,3590.5
2025-09-12 10:00:00,24631.8,25.89,4295.5
2025-09-12 11:00:00,21706.4,16.85,4383.5
2025-09-12 12:00:00,20100.8,9.52,4583.0
2025-09-12 13:00:00,19946.7,11.24,4951.5
2025-09-12 14:00:00,20654.4,13.0,5349.0
2025-09-12 15:00:00,23801.9,28.64,4409.0
2025-09-12 16:00:00,26036.7,34.52,3532.0
2025-09-12 17:00:00,27628.3,42.57,3071.0
2025-09-12 18:00:00,28464.6,42.11,1998.0
2025-09-12 19:00:00,28068.4,47.21,1276.0
2025-09-12 20:00:00,26240.8,48.28,1550.0
2025-09-12 21:00:00,22763.2,30.07,2085.0
2025-09-12 22:00:00,21056.0,37.53,2755.5
2025-09-12 23:00:00,18926.2,26.25,2843.5
2025-09-13 00:00:00,14099.6,18.47,2792.0
2025-09-13 01:00:00,14000.0,8.68,2248.0
2025-09-13 02:00:00,14000.0,20.63,1813.5
2025-09-13 03:00:00,14000.0,13.68,1936.0
2025-09-13 04:00:00,14000.0,19.01,1286.0
2025-09-13 05:00:00,14550.4,14.84,1279.0
2025-09-13 06:00:00,17777.6,29.35,1730.0
2025-09-13 07:00:00,20563.1,21.76,2854.0
2025-09-13 08:00:00,22741.5,28.59,3812.5
2025-09-13 09:00:00,22543.2,22.83,5236.5
2025-09-13 10:00:00,20822.6,17.53,5016.0
2025-09-13 11:00:00,18747.7,10.8,5051.5
2025-09-13 12:00:00,17555.8,11.51,5034.0
2025-09-13 13:00:00,17556.3,6.82,6005.5
2025-09-13 14:00:00,18082.3,7.24,6492.0
2025-09-13 15:00:00,20750.8,18.71,6110.5
2025-09-13 16:00:00,23210.5,32.5,5426.5
2025-09-13 17:00:00,24428.5,31.13,4289.0
2025-09-13 18:00:00,25379.7,32.01,3376.5
2025-09-13 19:00:00,24944.2,36.87,3031.5
2025-09-13 20:00:00,23264.8,37.2,3016.5
2025-09-13 21:00:00,20702.3,27.48,3102.0
2025-09-13 22:00:00,17616.6,16.54,3055.5
2025-09-13 23:00:00,16473.8,21.03,3160.0
2025-09-14 00:00:00,14462.2,14.96,3128.0
2025-09-14 01:00:00,14000.0,12.04,3201.5
2025-09-14 02:00:00,14000.0,15.93,3158.5
2025-09-14 03:00:00,14000.0,18.57,3147.0
2025-09-14 04:00:00,14000.0,13.06,3142.0
2025-09-14 05:00:00,14365.7,19.2,3040.5
2025-09-14 06:00:00,17588.4,22.36,3114.5
2025-09-14 07:00:00,20829.2,20.99,3782.0
2025-09-14 08:00:00,22427.5,17.27,4399.5
2025-09-14 09:00:00,22610.8,22.56,5572.0
2025-09-14 10:00:00,20522.4,15.29,5726.5
2025-09-14 11:00:00,18248.9,4.34,6831.0
2025-09-14 12:00:00,17318.4,3.36,6503.5
2025-09-14 13:00:00,17278.4,1.64,6213.0
2025-09-14 14:00:00,18334.3,9.95,6708.0
2025-09-14 15:00:00,20481.4,10.73,6317.0
2025-09-14 16:00:00,22352.7,21.89,5345.0
2025-09-14 17:00:00,24162.8,30.36,3672.5
2025-09-14 18:00:00,24989.0,33.61,1956.0
2025-09-14 19:00:00,24191.2,40.33,2399.5
2025-09-14 20:00:00,22500.4,33.42,2435.0
2025-09-14 21:00:00,20125.9,39.3,2369.5
2025-09-14 22:00:00,18345.0,21.91,2378.0
2025-09-14 23:00:00,16369.4,29.09,2286.0
2025-09-15 00:00:00,16474.0,19.21,3625.5
2025-09-15 01:00:00,15461.6,15.4,3371.5
2025-09-15 02:00:00,14447.3,11.2,3333.0
2025-09-15 03:00:00,14000.0,8.84,3314.0
2025-09-15 04:00:00,14205.3,12.12,3338.0
2025-09-15 05:00:00,16329.1,15.46,3679.0
2025-09-15 06:00:00,20510.0,23.19,4606.0
2025-09-15 07:00:00,23896.2,23.98,5873.5
2025-09-15 08:00:00,25488.3,29.64,6878.0
2025-09-15 09:00:00,25695.4,18.34,7536.0
2025-09-15 10:00:00,24623.5,13.7,8482.5
2025-09-15 11:00:00,21636.5,9.13,8745.0
2025-09-15 12:00:00,20436.6,5.41,8013.5
2025-09-15 13:00:00,19850.5,12.61,7526.5
2025-09-15 14:00:00,20897.6,7.93,7270.0
2025-09-15 15:00:00,23288.1,17.8,6896.5
2025-09-15 16:00:00,26039.3,27.17,6111.5
2025-09-15 17:00:00,28223.4,35.77,5202.0
2025-09-15 18:00:00,29142.1,54.5,3411.5
2025-09-15 19:00:00,27686.2,49.99,2540.5
2025-09-15 20:00:00,25934.1,43.64,2302.5
2025-09-15 21:00:00,23608.7,38.94,1775.5
2025-09-15 22:00:00,20524.0,39.14,1703.0
2025-09-15 23:00:00,19070.4,25.73,2591.0
2025-09-16 00:00:00,16699.5,20.76,2342.0
2025-09-16 01:00:00,15465.3,18.87,2456.0
2025-09-16 02:00:00,14402.4,16.9,2213.5
2025-09-16 03:00:00,14000.0,16.65,2794.0
2025-09-16 04:00:00,14225.7,14.38,3624.0
2025-09-16 05:00:00,16771.7,10.29,3690.0
2025-09-16 06:00:00,20621.3,27.95,3773.5
2025-09-16 07:00:00,24605.3,35.03,3540.5
2025-09-16 08:00:00,25936.8,34.99,3826.0
2025-09-16 09:00:00,25580.9,26.88,4206.5
2025-09-16 10:00:00,24587.9,18.77,4799.0
2025-09-16 11:00:00,22608.5,25.16,4677.5
2025-09-16 12:00:00,20340.6,13.68,4884.0
2025-09-16 13:00:00,20292.2,12.45,5203.5
2025-09-16 14:00:00,21783.6,15.03,5309.5
2025-09-16 15:00:00,23629.2,28.05,4072.5
2025-09-16 16:00:00,26551.7,40.56,2924.5
2025-09-16 17:00:00,28839.0,46.79,2130.0
2025-09-16 18:00:00,29106.0,52.14,982.5
2025-09-16 19:00:00,28676.4,48.29,1085.5
2025-09-16 20:00:00,26278.0,42.91,1103.5
2025-09-16 21:00:00,23093.0,37.36,670.0
2025-09-16 22:00:00,20719.2,35.97,515.0
2025-09-16 23:00:00,19057.8,28.75,408.0
2025-09-17 00:00:00,16922.6,28.8,469.5
2025-09-17 01:00:00,15935.4,26.95,498.5
2025-09-17 02:00:00,14545.7,24.32,443.5
2025-09-17 03:00:00,14000.0,19.49,49.0
2025-09-17 04:00:00,14179.7,18.08,11.5
2025-09-17 05:00:00,16813.8,27.07,113.5
2025-09-17 06:00:00,20809.5,32.84,259.0
2025-09-17 07:00:00,24462.9,34.86,1363.0
2025-09-17 08:00:00,25614.3,33.79,2501.0
2025-09-17 09:00:00,25611.9,33.59,3339.5
2025-09-17 10:00:00,23810.9,21.64,3838.5
2025-09-17 11:00:00,22452.1,28.27,4130.5
2025-09-17 12:00:00,21145.1,20.74,4097.0
2025-09-17 13:00:00,19740.9,13.71,4085.0
2025-09-17 14:00:00,22034.9,23.64,4091.5
2025-09-17 15:00:00,23778.5,23.53,3387.0
2025-09-17 16:00:00,26819.2,38.46,2403.5
2025-09-17 17:00:00,28831.9,48.45,1363.0
2025-09-17 18:00:00,30102.7,57.36,147.0
2025-09-17 19:00:00,28696.4,51.56,45.5
2025-09-17 20:00:00,25841.6,41.72,1.0
2025-09-17 21:00:00,23575.0,41.44,6.5
2025-09-17 22:00:00,21275.2,41.73,30.5
2025-09-17 23:00:00,19257.3,29.57,13.5
2025-09-18 00:00:00,16919.2,24.5,26.0
2025-09-18 01:00:00,15753.4,24.04,11.5
2025-09-18 02:00:00,14309.9,24.41,4.0
2025-09-18 03:00:00,14000.0,16.76,10.5
2025-09-18 04:00:00,14063.1,18.76,88.0
2025-09-18 05:00:00,16859.6,23.1,3.0
2025-09-18 06:00:00,20151.8,39.71,75.5
2025-09-18 07:00:00,24097.2,33.17,1249.0
2025-09-18 08:00:00,25478.8,35.81,2312.0
2025-09-18 09:00:00,25777.3,28.98,3258.5
2025-09-18 10:00:00,24712.6,27.93,4005.5
2025-09-18 11:00:00,21775.3,23.93,4079.0
2025-09-18 12:00:00,20930.4,17.19,4197.0
2025-09-18 13:00:00,21358.0,20.65,4838.0
2025-09-18 14:00:00,22083.0,18.82,6070.0
2025-09-18 15:00:00,23886.0,26.99,4216.0
2025-09-18 16:00:00,26860.2,39.2,3539.0
2025-09-18 17:00:00,28133.7,50.55,3361.0
2025-09-18 18:00:00,28880.5,53.85,1808.5
2025-09-18 19:00:00,28728.0,42.29,1593.0
2025-09-18 20:00:00,26640.3,38.34,1810.0
2025-09-18 21:00:00,24091.8,35.93,2981.5
2025-09-18 22:00:00,21011.8,21.29,3000.0
2025-09-18 23:00:00,19450.0,25.9,3000.0
2025-09-19 00:00:00,16857.8,14.71,3000.0
2025-09-19 01:00:00,15797.7,19.52,3000.0
2025-09-19 02:00:00,14478.1,17.7,3000.0
2025-09-19 03:00:00,14000.0,17.36,1610.5
2025-09-19 04:00:00,14259.7,17.58,1370.5
2025-09-19 05:00:00,16921.4,19.47,2409.5
2025-09-19 06:00:00,20703.5,29.49,2997.5
2025-09-19 07:00:00,24719.8,30.23,3000.5
2025-09-19 08:00:00,26771.9,32.37,3661.5
2025-09-19 09:00:00,26382.6,30.62,5784.0
2025-09-19 10:00:00,23987.9,19.89,6405.5
2025-09-19 11:00:00,22287.4,14.17,6820.0
2025-09-19 12:00:00,20506.6,14.93,7355.0
2025-09-19 13:00:00,20590.5,12.63,6768.5
2025-09-19 14:00:00,21398.7,12.98,6675.5
2025-09-19 15:00:00,24387.5,28.99,5155.5
2025-09-19 16:00:00,26932.5,31.0,4518.0
2025-09-19 17:00:00,29331.8,29.65,3870.0
2025-09-19 18:00:00,30159.6,55.78,2481.0
2025-09-19 19:00:00,28708.0,40.17,3385.0
2025-09-19 20:00:00,26413.0,47.35,3368.0
2025-09-19 21:00:00,24414.5,32.54,3975.0
2025-09-19 22:00:00,21220.6,21.58,3350.0
2025-09-19 23:00:00,19072.0,20.38,3674.0
2025-09-20 00:00:00,14908.9,17.27,3605.0
2025-09-20 01:00:00,14000.0,21.66,2974.0
2025-09-20 02:00:00,14000.0,19.48,2690.0
2025-09-20 03:00:00,14000.0,19.18,3072.5
2025-09-20 04:00:00,14000.0,9.54,3107.5
2025-09-20 05:00:00,15071.7,20.6,3082.5
2025-09-20 06:00:00,17780.5,21.76,3125.5
2025-09-20 07:00:00,21186.7,33.08,3984.0
2025-09-20 08:00:00,22718.5,28.79,4044.5
2025-09-20 09:00:00,22057.2,22.2,5382.0
2025-09-20 10:00:00,21560.2,8.45,7057.5
2025-09-20 11:00:00,19272.0,9.54,8106.0
2025-09-20 12:00:00,18403.2,3.07,7660.5
2025-09-20 13:00:00,18060.4,8.46,7460.0
2025-09-20 14:00:00,19118.0,7.66,7430.5
2025-09-20 15:00:00,20754.5,11.55,7315.0
2025-09-20 16:00:00,22980.5,24.66,6225.5
2025-09-20 17:00:00,25213.9,33.09,4813.5
2025-09-20 18:00:00,26286.9,34.78,3407.0
2025-09-20 19:00:00,25153.8,44.28,3284.0
2025-09-20 20:00:00,22970.3,32.69,3177.5
2025-09-20 21:00:00,20404.6,31.73,3202.0
2025-09-20 22:00:00,18634.8,23.93,3191.5
2025-09-20 23:00:00,16859.7,15.77,3782.5
2025-09-21 00:00:00,14726.5,14.4,3663.0
2025-09-21 01:00:00,14000.0,16.13,3614.5
2025-09-21 02:00:00,14000.0,24.45,3372.5
2025-09-21 03:00:00,14000.0,18.95,3189.5
2025-09-21 04:00:00,14000.0,12.47,3161.0
2025-09-21 05:00:00,15226.1,11.01,3139.5
2025-09-21 06:00:00,18477.0,24.45,3081.5
2025-09-21 07:00:00,21968.0,26.94,4174.5
2025-09-21 08:00:00,22828.1,27.66,5402.5
2025-09-21 09:00:00,22344.6,23.63,6390.0
2025-09-21 10:00:00,21357.2,15.67,7045.5
2025-09-21 11:00:00,19759.1,13.39,7091.0
2025-09-21 12:00:00,18416.9,6.51,6723.0
2025-09-21 13:00:00,18351.0,10.46,6899.0
2025-09-21 14:00:00,18293.4,9.05,6606.0
2025-09-21 15:00:00,21370.4,25.6,5765.5
2025-09-21 16:00:00,23452.3,28.0,4280.5
2025-09-21 17:00:00,24689.8,33.95,3006.0
2025-09-21 18:00:00,26309.8,47.71,1316.5
2025-09-21 19:00:00,25332.2,48.61,1426.0
2025-09-21 20:00:00,23435.7,41.7,1400.5
2025-09-21 21:00:00,21169.4,35.43,1360.0
2025-09-21 22:00:00,18768.5,28.42,1333.0
2025-09-21 23:00:00,16688.2,19.8,1697.0
2025-09-22 00:00:00,16972.6,30.09,1204.0
2025-09-22 01:00:00,15620.6,28.24,737.0
2025-09-22 02:00:00,14801.4,12.29,928.0
2025-09-22 03:00:00,14023.1,15.04,1353.0
2025-09-22 04:00:00,14094.2,21.58,1444.5
2025-09-22 05:00:00,16892.2,21.51,1840.0
2025-09-22 06:00:00,20799.2,33.69,2060.0
2025-09-22 07:00:00,24585.3,30.11,3289.0
2025-09-22 08:00:00,26830.4,32.59,3225.5
2025-09-22 09:00:00,26238.8,27.54,3568.0
2025-09-22 10:00:00,24887.5,25.61,4320.5
2025-09-22 11:00:00,22867.0,21.53,4418.0
2025-09-22 12:00:00,21374.9,13.43,4367.0
2025-09-22 13:00:00,20445.8,11.83,4570.5
2025-09-22 14:00:00,22397.0,17.69,4941.5
2025-09-22 15:00:00,24733.5,25.57,4562.5
2025-09-22 16:00:00,27549.7,31.91,4444.5
2025-09-22 17:00:00,29092.2,47.46,2667.0
2025-09-22 18:00:00,29690.4,50.33,1064.5
2025-09-22 19:00:00,28722.5,50.54,1150.0
2025-09-22 20:00:00,26440.9,46.43,1337.5
2025-09-22 21:00:00,24067.8,33.3,2602.5
2025-09-22 22:00:00,21788.9,34.43,2632.0
2025-09-22 23:00:00,20074.9,29.2,2669.5
2025-09-23 00:00:00,16948.4,22.22,2721.0
2025-09-23 01:00:00,16059.7,16.2,2849.0
2025-09-23 02:00:00,14690.6,22.79,1833.0
2025-09-23 03:00:00,14000.0,10.35,1968.0
2025-09-23 04:00:00,14574.6,17.88,1963.0
2025-09-23 05:00:00,17221.2,19.95,2203.5
2025-09-23 06:00:00,21202.2,31.23,1662.5
2025-09-23 07:00:00,24980.1,30.37,2664.0
2025-09-23 08:00:00,27012.4,31.87,4100.5
2025-09-23 09:00:00,26754.1,24.92,5337.0
2025-09-23 10:00:00,24427.4,15.18,6041.5
2025-09-23 11:00:00,22895.4,19.36,6515.0
2025-09-23 12:00:00,21187.0,12.27,5686.5
2025-09-23 13:00:00,20736.4,11.36,6685.5
2025-09-23 14:00:00,22100.5,19.16,5478.5
2025-09-23 15:00:00,24417.5,27.52,4582.0
2025-09-23 16:00:00,27462.0,37.26,3148.5
2025-09-23 17:00:00,28811.2,43.8,1561.5
2025-09-23 18:00:00,30740.6,53.7,535.5
2025-09-23 19:00:00,29272.3,52.65,735.0
2025-09-23 20:00:00,26781.0,51.9,325.5
2025-09-23 21:00:00,23959.3,31.54,447.5
2025-09-23 22:00:00,21271.5,36.54,814.0
2025-09-23 23:00:00,19246.7,24.66,1284.5
2025-09-24 00:00:00,17310.6,22.07,1924.5
2025-09-24 01:00:00,16608.2,21.76,1971.5
2025-09-24 02:00:00,14410.2,18.32,1618.5
2025-09-24 03:00:00,14000.0,15.48,1520.5
2025-09-24 04:00:00,14632.4,24.23,1545.0
2025-09-24 05:00:00,17180.0,27.8,1230.5
2025-09-24 06:00:00,21501.9,32.85,1099.0
2025-09-24 07:00:00,24901.2,42.18,2990.5
2025-09-24 08:00:00,26631.1,29.42,4857.5
2025-09-24 09:00:00,26522.0,22.44,6866.5
2025-09-24 10:00:00,23943.6,16.53,8165.0
2025-09-24 11:00:00,22286.9,10.83,7731.0
2025-09-24 12:00:00,21486.2,12.97,7864.5
2025-09-24 13:00:00,21324.9,10.17,7645.5
2025-09-24 14:00:00,22571.4,16.96,7154.0
2025-09-24 15:00:00,24543.8,21.9,4933.0
2025-09-24 16:00:00,26206.3,42.34,3420.5
2025-09-24 17:00:00,29099.8,43.52,2313.5
2025-09-24 18:00:00,30855.1,59.07,1729.5
2025-09-24 19:00:00,30086.3,42.7,3189.0
2025-09-24 20:00:00,27640.2,51.76,2726.5
2025-09-24 21:00:00,24157.9,35.41,3182.0
2025-09-24 22:00:00,21251.6,31.5,1917.5
2025-09-24 23:00:00,19824.4,20.14,1314.5
2025-09-25 00:00:00,17203.8,21.01,683.0
2025-09-25 01:00:00,16568.9,21.02,763.5
2025-09-25 02:00:00,14873.9,17.24,549.0
2025-09-25 03:00:00,14000.0,23.17,330.0
2025-09-25 04:00:00,14538.9,20.21,145.5
2025-09-25 05:00:00,17359.1,28.18,45.0
2025-09-25 06:00:00,21515.1,37.6,111.5
2025-09-25 07:00:00,24759.7,25.83,1113.0
2025-09-25 08:00:00,26537.0,36.76,2248.0
2025-09-25 09:00:00,27260.1,42.8,3508.5
2025-09-25 10:00:00,24309.5,29.14,4285.5
2025-09-25 11:00:00,23319.1,24.54,4289.0
2025-09-25 12:00:00,20654.0,17.28,4409.5
2025-09-25 13:00:00,20843.7,22.49,4690.5
2025-09-25 14:00:00,22510.6,23.7,4240.0
2025-09-25 15:00:00,24473.1,26.35,3880.5
2025-09-25 16:00:00,26687.2,38.58,2794.0
2025-09-25 17:00:00,29677.2,51.83,1649.5
2025-09-25 18:00:00,30396.7,60.2,350.5
2025-09-25 19:00:00,29384.7,46.83,376.0
2025-09-25 20:00:00,26932.6,48.77,71.5
2025-09-25 21:00:00,24321.1,46.55,200.0
2025-09-25 22:00:00,21566.9,34.09,271.5
2025-09-25 23:00:00,20637.2,33.31,492.5
2025-09-26 00:00:00,17201.3,33.58,601.5
2025-09-26 01:00:00,16157.4,25.63,527.0
2025-09-26 02:00:00,14757.1,16.47,1521.5
2025-09-26 03:00:00,14312.1,13.32,1225.5
2025-09-26 04:00:00,14218.1,18.61,1236.0
2025-09-26 05:00:00,17412.6,23.99,921.0
2025-09-26 06:00:00,21316.7,38.51,1608.0
2025-09-26 07:00:00,24587.7,32.96,2535.0
2025-09-26 08:00:00,26731.7,39.31,3611.5
2025-09-26 09:00:00,26936.9,31.57,4376.5
2025-09-26 10:00:00,24690.6,23.74,4207.5
2025-09-26 11:00:00,22932.9,20.78,4196.0
2025-09-26 12:00:00,21895.4,24.97,4241.0
2025-09-26 13:00:00,21159.7,21.77,4099.5
2025-09-26 14:00:00,21783.5,20.61,4146.5
2025-09-26 15:00:00,24251.3,25.08,3544.0
2025-09-26 16:00:00,27208.3,41.49,2552.0
2025-09-26 17:00:00,29441.0,49.0,1454.0
2025-09-26 18:00:00,30547.7,52.42,870.5
2025-09-26 19:00:00,29727.7,48.37,980.0
2025-09-26 20:00:00,27995.7,46.51,836.0
2025-09-26 21:00:00,24422.2,36.74,904.5
2025-09-26 22:00:00,21459.7,32.48,477.0
2025-09-26 23:00:00,20329.4,45.32,279.0
2025-09-27 00:00:00,15359.9,15.34,522.5
2025-09-27 01:00:00,14237.5,23.35,1028.5
2025-09-27 02:00:00,14000.0,21.6,843.0
2025-09-27 03:00:00,14000.0,13.31,642.5
2025-09-27 04:00:00,14000.0,22.66,1007.5
2025-09-27 05:00:00,14656.7,26.09,2552.0
2025-09-27 06:00:00,18838.5,24.36,3383.5
2025-09-27 07:00:00,22231.8,27.54,6166.0
2025-09-27 08:00:00,24143.2,21.97,7276.0
2025-09-27 09:00:00,23153.2,18.92,7741.0
2025-09-27 10:00:00,21916.9,4.81,7896.5
2025-09-27 11:00:00,20021.4,9.1,7494.0
2025-09-27 12:00:00,18659.5,6.96,7171.0
2025-09-27 13:00:00,18461.1,6.15,6452.5
2025-09-27 14:00:00,19456.0,15.29,6991.5
2025-09-27 15:00:00,21516.6,14.41,7272.0
2025-09-27 16:00:00,24125.4,26.85,4887.5
2025-09-27 17:00:00,26317.3,35.21,3963.0
2025-09-27 18:00:00,26311.4,38.76,3171.0
2025-09-27 19:00:00,25770.1,39.08,3057.5
2025-09-27 20:00:00,23676.1,35.4,2430.5
2025-09-27 21:00:00,21145.5,34.08,1984.5
2025-09-27 22:00:00,18605.8,30.57,1339.0
2025-09-27 23:00:00,17455.8,32.57,1050.5
2025-09-28 00:00:00,15238.1,20.14,944.0
2025-09-28 01:00:00,14206.7,15.01,1244.0
2025-09-28 02:00:00,14000.0,18.95,1488.5
2025-09-28 03:00:00,14000.0,19.62,1218.5
2025-09-28 04:00:00,14000.0,20.56,2278.5
2025-09-28 05:00:00,15082.7,13.09,2269.5
2025-09-28 06:00:00,18419.3,25.42,2350.5
2025-09-28 07:00:00,21988.4,34.49,3174.5
2025-09-28 08:00:00,24388.7,34.98,3525.0
2025-09-28 09:00:00,23086.1,28.93,4606.5
2025-09-28 10:00:00,22136.3,19.17,4594.5
2025-09-28 11:00:00,20367.7,4.73,5636.5
2025-09-28 12:00:00,18039.9,10.3,5439.5
2025-09-28 13:00:00,18610.4,13.26,5081.0
2025-09-28 14:00:00,19692.8,12.19,4931.5
2025-09-28 15:00:00,21440.4,22.43,4337.5
2025-09-28 16:00:00,23715.1,30.36,3418.0
2025-09-28 17:00:00,25708.7,34.52,1572.0
2025-09-28 18:00:00,26578.8,49.15,1428.5
2025-09-28 19:00:00,25813.7,36.77,1471.5
2025-09-28 20:00:00,23738.0,39.49,2537.0
2025-09-28 21:00:00,21293.7,26.13,3248.0
2025-09-28 22:00:00,19479.4,28.32,2540.0
2025-09-28 23:00:00,17194.1,23.15,2551.0
2025-09-29 00:00:00,16995.2,23.13,2354.0
2025-09-29 01:00:00,16724.3,26.85,2301.0
2025-09-29 02:00:00,14998.1,22.11,2350.0
2025-09-29 03:00:00,14011.6,15.79,1125.5
2025-09-29 04:00:00,14712.0,19.21,1863.0
2025-09-29 05:00:00,17564.5,29.92,708.0
2025-09-29 06:00:00,21458.5,37.0,1113.5
2025-09-29 07:00:00,25592.8,41.67,2142.0
2025-09-29 08:00:00,26966.6,36.66,3689.0
2025-09-29 09:00:00,26981.2,35.76,4561.0
2025-09-29 10:00:00,24449.5,25.97,5670.0
2025-09-29 11:00:00,23501.0,19.44,6760.0
2025-09-29 12:00:00,21519.3,15.02,5751.5
2025-09-29 13:00:00,21552.0,24.84,4833.0
2025-09-29 14:00:00,22674.6,18.78,5165.0
2025-09-29 15:00:00,25037.9,24.06,4556.0
2025-09-29 16:00:00,27622.2,38.5,2725.0
2025-09-29 17:00:00,30096.8,47.99,2867.5
2025-09-29 18:00:00,30368.7,50.56,1866.5
2025-09-29 19:00:00,29388.5,46.55,1744.0
2025-09-29 20:00:00,27545.2,46.25,1490.5
2025-09-29 21:00:00,24440.1,45.94,1002.5
2025-09-29 22:00:00,22549.0,32.12,724.0
2025-09-29 23:00:00,20316.7,34.46,387.5
2025-09-30 00:00:00,17327.7,21.1,1218.5
2025-09-30 01:00:00,16419.0,20.82,485.5
2025-09-30 02:00:00,15125.7,15.54,594.0
2025-09-30 03:00:00,14130.0,21.14,258.0
2025-09-30 04:00:00,14850.0,14.91,424.5
2025-09-30 05:00:00,17590.7,28.98,244.0
2025-09-30 06:00:00,21253.6,34.81,577.5
2025-09-30 07:00:00,24669.1,42.13,873.5
2025-09-30 08:00:00,27306.2,32.07,1908.5
2025-09-30 09:00:00,27430.3,30.31,2772.5
2025-09-30 10:00:00,25242.8,27.1,3716.0
2025-09-30 11:00:00,23608.0,23.75,4052.0
2025-09-30 12:00:00,21638.8,23.53,4199.5
2025-09-30 13:00:00,21850.3,19.38,4085.5
2025-09-30 14:00:00,22985.2,19.94,3901.5
2025-09-30 15:00:00,25315.6,37.23,2952.0
2025-09-30 16:00:00,27224.5,38.52,1910.5
2025-09-30 17:00:00,30038.0,44.0,1450.5
2025-09-30 18:00:00,31491.2,57.49,961.0
2025-09-30 19:00:00,30144.4,53.76,756.5
2025-09-30 20:00:00,27916.7,52.53,788.0
2025-09-30 21:00:00,24264.9,37.28,596.5
2025-09-30 22:00:00,22794.2,39.47,278.5
2025-09-30 23:00:00,20035.2,30.86,168.0
2025-10-01 00:00:00,17052.8,28.51,161.5
2025-10-01 01:00:00,16458.0,23.43,78.0
2025-10-01 02:00:00,14593.4,22.47,107.0
2025-10-01 03:00:00,14000.0,26.12,54.5
2025-10-01 04:00:00,15412.3,24.26,176.0
2025-10-01 05:00:00,17534.9,27.18,119.0
2025-10-01 06:00:00,21317.5,42.56,66.0
2025-10-01 07:00:00,25592.5,41.59,898.0
2025-10-01 08:00:00,27187.2,40.44,2391.0
2025-10-01 09:00:00,27653.0,39.26,3429.0
2025-10-01 10:00:00,25131.7,26.08,4325.0
2025-10-01 11:00:00,23355.5,20.61,5100.0
2025-10-01 12:00:00,21357.6,17.13,4771.5
2025-10-01 13:00:00,22328.8,21.71,4420.5
2025-10-01 14:00:00,22846.9,33.04,4041.5
2025-10-01 15:00:00,24957.2,35.11,3484.0
2025-10-01 16:00:00,27701.9,43.4,3006.5
2025-10-01 17:00:00,29887.5,45.22,1921.0
2025-10-01 18:00:00,30680.5,53.23,675.5
2025-10-01 19:00:00,29772.9,54.44,1193.5
2025-10-01 20:00:00,28485.0,41.43,1214.0
2025-10-01 21:00:00,24663.3,36.32,1971.0
2025-10-01 22:00:00,21525.6,38.11,1968.0
2025-10-01 23:00:00,19992.5,31.53,3273.5
2025-10-02 00:00:00,17886.6,23.47,3463.5
2025-10-02 01:00:00,16541.1,23.72,2853.0
2025-10-02 02:00:00,15172.9,26.44,3170.0
2025-10-02 03:00:00,14495.5,14.75,3159.0
2025-10-02 04:00:00,14721.7,25.62,3008.5
2025-10-02 05:00:00,17866.0,24.89,3155.5
2025-10-02 06:00:00,21642.5,29.6,3357.5
2025-10-02 07:00:00,25895.5,42.36,4092.5
2025-10-02 08:00:00,27494.1,30.56,5699.0
2025-10-02 09:00:00,27296.7,30.85,6052.0
2025-10-02 10:00:00,25876.6,23.22,6820.5
2025-10-02 11:00:00,23605.7,24.12,7157.0
2025-10-02 12:00:00,21754.7,13.52,6374.5
2025-10-02 13:00:00,21414.8,13.33,6477.5
2025-10-02 14:00:00,23302.1,19.88,6032.0
2025-10-02 15:00:00,25322.5,18.3,6155.5
2025-10-02 16:00:00,27759.3,41.22,4943.5
2025-10-02 17:00:00,29948.6,48.4,2394.0
2025-10-02 18:00:00,31623.8,54.74,922.5
2025-10-02 19:00:00,30288.6,56.1,1416.0
2025-10-02 20:00:00,27815.9,44.91,2169.0
2025-10-02 21:00:00,25000.9,43.68,1111.0
2025-10-02 22:00:00,22427.9,33.39,945.5
2025-10-02 23:00:00,20403.3,30.88,581.0
2025-10-03 00:00:00,18023.0,30.2,369.5
2025-10-03 01:00:00,16977.3,23.42,841.0
2025-10-03 02:00:00,15378.8,15.41,1047.5
2025-10-03 03:00:00,14590.6,27.44,572.5
2025-10-03 04:00:00,14949.8,16.09,638.5
2025-10-03 05:00:00,17944.5,32.29,470.0
2025-10-03 06:00:00,22269.2,37.11,401.5
2025-10-03 07:00:00,26158.1,47.75,1160.0
2025-10-03 08:00:00,28135.2,41.84,2488.0
2025-10-03 09:00:00,27752.9,35.15,3807.0
2025-10-03 10:00:00,26405.4,30.55,5084.0
2025-10-03 11:00:00,23236.4,18.51,6310.0
2025-10-03 12:00:00,21834.8,16.66,6157.0
2025-10-03 13:00:00,21573.8,15.43,5867.0
2025-10-03 14:00:00,22710.4,24.16,5079.5
2025-10-03 15:00:00,24437.8,26.2,3693.0
2025-10-03 16:00:00,28599.5,47.73,2827.0
2025-10-03 17:00:00,29884.5,50.33,2161.5
2025-10-03 18:00:00,31334.5,59.71,1296.0
2025-10-03 19:00:00,29695.8,49.16,1126.0
2025-10-03 20:00:00,28243.2,56.1,1724.5
2025-10-03 21:00:00,24750.8,43.15,1639.0
2025-10-03 22:00:00,22012.0,44.76,786.0
2025-10-03 23:00:00,20552.5,30.17,1713.5
2025-10-04 00:00:00,15293.4,16.94,1341.5
2025-10-04 01:00:00,14421.9,17.66,1959.0
2025-10-04 02:00:00,14000.0,22.09,1309.0
2025-10-04 03:00:00,14000.0,23.49,1554.0
2025-10-04 04:00:00,14000.0,17.22,878.5
2025-10-04 05:00:00,15275.3,26.13,1237.5
2025-10-04 06:00:00,19160.2,31.25,1240.0
2025-10-04 07:00:00,22675.4,38.4,1872.5
2025-10-04 08:00:00,24762.1,27.72,3464.5
2025-10-04 09:00:00,23616.6,22.48,4521.5
2025-10-04 10:00:00,22288.9,14.43,5181.5
2025-10-04 11:00:00,20812.8,14.64,5633.5
2025-10-04 12:00:00,19672.7,16.96,5404.5
2025-10-04 13:00:00,18614.3,15.3,5737.5
2025-10-04 14:00:00,19716.4,8.24,6581.0
2025-10-04 15:00:00,22117.1,23.67,4895.5
2025-10-04 16:00:00,24252.1,32.47,3878.0
2025-10-04 17:00:00,26196.6,32.48,2818.0
2025-10-04 18:00:00,27387.0,47.2,1719.0
2025-10-04 19:00:00,27106.5,37.99,1540.0
2025-10-04 20:00:00,23950.3,38.0,1841.5
2025-10-04 21:00:00,22357.7,32.09,1968.5
2025-10-04 22:00:00,19382.1,30.39,2288.5
2025-10-04 23:00:00,17983.9,29.38,1611.5
2025-10-05 00:00:00,15879.7,28.07,1464.0
2025-10-05 01:00:00,14668.9,20.3,1337.5
2025-10-05 02:00:00,14000.0,19.97,1340.0
2025-10-05 03:00:00,14000.0,13.64,2008.5
2025-10-05 04:00:00,14000.0,13.16,2713.5
2025-10-05 05:00:00,15681.4,16.71,2872.0
2025-10-05 06:00:00,19161.0,23.84,3742.5
2025-10-05 07:00:00,22863.1,40.82,3057.0
2025-10-05 08:00:00,23806.1,30.75,3753.0
2025-10-05 09:00:00,23719.6,30.48,4999.0
2025-10-05 10:00:00,21998.5,18.2,6507.5
2025-10-05 11:00:00,20505.7,14.97,6810.5
2025-10-05 12:00:00,18733.7,8.72,6771.0
2025-10-05 13:00:00,18764.6,7.59,6730.0
2025-10-05 14:00:00,19674.2,12.08,6406.0
2025-10-05 15:00:00,22557.5,17.18,5786.0
2025-10-05 16:00:00,24184.3,27.0,4364.5
2025-10-05 17:00:00,26077.3,37.46,3843.5
2025-10-05 18:00:00,27483.7,44.13,2876.5
2025-10-05 19:00:00,27255.5,36.43,2072.0
2025-10-05 20:00:00,24472.4,33.51,2671.0
2025-10-05 21:00:00,21929.5,36.51,1943.5
2025-10-05 22:00:00,19998.4,32.05,2419.0
2025-10-05 23:00:00,18189.8,18.87,2134.5
2025-10-06 00:00:00,18002.7,26.1,2118.5
2025-10-06 01:00:00,16689.7,37.58,1839.0
2025-10-06 02:00:00,15522.1,24.72,2222.0
2025-10-06 03:00:00,14150.4,11.0,2761.5
2025-10-06 04:00:00,14963.0,17.18,3302.0
2025-10-06 05:00:00,18331.7,25.93,2588.0
2025-10-06 06:00:00,22601.0,35.8,1343.5
2025-10-06 07:00:00,26204.6,46.83,1604.0
2025-10-06 08:00:00,27232.5,45.14,2477.0
2025-10-06 09:00:00,27276.7,34.31,3253.5
2025-10-06 10:00:00,25656.4,32.18,3967.0
2025-10-06 11:00:00,23610.1,20.86,4280.5
2025-10-06 12:00:00,21699.8,18.93,4261.0
2025-10-06 13:00:00,21789.0,26.45,4285.5
2025-10-06 14:00:00,23687.0,21.87,3886.5
2025-10-06 15:00:00,25605.7,37.11,2986.5
2025-10-06 16:00:00,28407.6,38.5,1969.0
2025-10-06 17:00:00,30200.9,49.05,1326.5
2025-10-06 18:00:00,30805.3,52.49,670.5
2025-10-06 19:00:00,30095.4,50.63,437.5
2025-10-06 20:00:00,27563.0,42.95,485.5
2025-10-06 21:00:00,25336.3,38.65,543.5
2025-10-06 22:00:00,22758.1,30.65,708.5
2025-10-06 23:00:00,20407.2,28.57,1339.5
2025-10-07 00:00:00,17989.5,21.63,2031.5
2025-10-07 01:00:00,17266.6,23.77,2039.5
2025-10-07 02:00:00,15923.6,27.39,1745.5
2025-10-07 03:00:00,14662.1,21.42,1624.5
2025-10-07 04:00:00,15116.1,20.99,1942.5
2025-10-07 05:00:00,18207.0,21.79,2598.5
2025-10-07 06:00:00,22694.9,37.6,1896.0
2025-10-07 07:00:00,25336.2,43.72,1467.5
2025-10-07 08:00:00,28765.6,40.84,2573.5
2025-10-07 09:00:00,27647.4,42.23,3306.5
2025-10-07 10:00:00,25800.5,29.08,3950.5
2025-10-07 11:00:00,23625.5,22.82,4243.5
2025-10-07 12:00:00,22296.7,21.64,4605.5
2025-10-07 13:00:00,21578.7,14.31,4366.5
2025-10-07 14:00:00,23055.3,22.83,3840.0
2025-10-07 15:00:00,25740.8,33.61,2973.0
2025-10-07 16:00:00,28504.6,41.54,2010.5
2025-10-07 17:00:00,30949.6,55.34,1303.0
2025-10-07 18:00:00,31535.6,52.79,950.0
2025-10-07 19:00:00,31085.2,52.39,1104.0
2025-10-07 20:00:00,28821.5,52.37,1840.5
2025-10-07 21:00:00,25773.9,43.04,1385.5
2025-10-07 22:00:00,22850.7,38.45,2112.5
2025-10-07 23:00:00,21070.5,35.39,1478.5
2025-10-08 00:00:00,18245.8,33.75,1834.0
2025-10-08 01:00:00,17632.1,23.79,1507.5
2025-10-08 02:00:00,15805.3,17.48,1084.0
2025-10-08 03:00:00,14524.4,11.56,1892.5
2025-10-08 04:00:00,14999.3,14.85,2859.0
2025-10-08 05:00:00,17997.9,27.56,3133.0
2025-10-08 06:00:00,22208.1,35.63,2676.0
2025-10-08 07:00:00,26412.3,40.94,2213.0
2025-10-08 08:00:00,27938.7,47.17,4014.0
2025-10-08 09:00:00,28469.7,27.63,5482.5
2025-10-08 10:00:00,25553.3,27.45,6372.5
2025-10-08 11:00:00,23248.8,16.68,5977.5
2025-10-08 12:00:00,22220.2,23.41,6367.5
2025-10-08 13:00:00,21740.6,14.27,5931.0
2025-10-08 14:00:00,22794.1,25.03,4921.5
2025-10-08 15:00:00,25381.2,31.38,3193.0
2025-10-08 16:00:00,28182.0,53.02,2190.5
2025-10-08 17:00:00,30882.8,54.87,934.0
2025-10-08 18:00:00,31501.0,55.97,1041.5
2025-10-08 19:00:00,30619.6,56.81,425.5
2025-10-08 20:00:00,28466.0,53.56,535.5
2025-10-08 21:00:00,25868.0,51.06,953.0
2025-10-08 22:00:00,23284.6,45.39,804.5
2025-10-08 23:00:00,20894.4,25.76,844.5
2025-10-09 00:00:00,18132.0,26.72,1058.5
2025-10-09 01:00:00,16961.7,22.99,949.0
2025-10-09 02:00:00,15686.3,26.52,771.0
2025-10-09 03:00:00,14678.0,18.96,678.0
2025-10-09 04:00:00,15561.7,31.29,854.5
2025-10-09 05:00:00,17615.7,23.7,826.5
2025-10-09 06:00:00,22315.3,28.61,1921.5
2025-10-09 07:00:00,26433.0,43.79,1715.0
2025-10-09 08:00:00,28318.9,44.62,2902.5
2025-10-09 09:00:00,27668.1,29.34,4687.5
2025-10-09 10:00:00,25674.5,30.48,5545.0
2025-10-09 11:00:00,24201.7,20.09,5184.0
2025-10-09 12:00:00,22086.4,18.08,4583.0
2025-10-09 13:00:00,21511.2,18.89,4556.0
2025-10-09 14:00:00,23610.1,21.62,4145.5
2025-10-09 15:00:00,25889.2,41.21,3103.5
2025-10-09 16:00:00,28553.6,38.81,1773.5
2025-10-09 17:00:00,30556.7,47.77,594.0
2025-10-09 18:00:00,31849.4,55.32,233.0
2025-10-09 19:00:00,31537.7,52.95,201.5
2025-10-09 20:00:00,27871.8,43.77,28.0
2025-10-09 21:00:00,24966.1,45.48,9.0
2025-10-09 22:00:00,22643.2,34.58,3.5
2025-10-09 23:00:00,20909.8,35.29,18.0
2025-10-10 00:00:00,17996.0,27.53,82.5
2025-10-10 01:00:00,17229.6,33.55,178.5
2025-10-10 02:00:00,15880.9,19.95,41.0
2025-10-10 03:00:00,14702.3,24.57,58.5
2025-10-10 04:00:00,15437.7,24.01,63.5
2025-10-10 05:00:00,18263.9,27.32,77.0
2025-10-10 06:00:00,22471.8,38.38,174.0
2025-10-10 07:00:00,25874.7,45.88,657.5
2025-10-10 08:00:00,27986.0,36.71,1801.0
2025-10-10 09:00:00,27586.2,37.85,2970.5
2025-10-10 10:00:00,26213.5,29.32,4190.5
2025-10-10 11:00:00,24075.6,27.25,4533.5
2025-10-10 12:00:00,21927.1,21.84,4194.0
2025-10-10 13:00:00,22190.4,27.45,4214.0
2025-10-10 14:00:00,23081.1,28.16,3952.0
2025-10-10 15:00:00,25383.9,31.11,3089.5
2025-10-10 16:00:00,28429.3,49.77,1891.5
2025-10-10 17:00:00,30562.3,54.31,931.5
2025-10-10 18:00:00,32301.1,62.93,660.5
2025-10-10 19:00:00,30997.6,55.3,718.5
2025-10-10 20:00:00,29009.1,52.39,1016.5
2025-10-10 21:00:00,25480.3,34.48,1725.0
2025-10-10 22:00:00,22795.0,35.98,2267.5
2025-10-10 23:00:00,21577.6,35.29,2155.0
2025-10-11 00:00:00,15440.6,22.09,2319.5
2025-10-11 01:00:00,15182.5,10.67,2864.5
2025-10-11 02:00:00,14000.0,13.68,2925.5
2025-10-11 03:00:00,14000.0,12.44,2672.5
2025-10-11 04:00:00,14000.0,15.67,2637.0
2025-10-11 05:00:00,16216.9,11.41,2669.5
2025-10-11 06:00:00,19517.4,24.27,2683.0
2025-10-11 07:00:00,22788.2,33.23,2972.0
2025-10-11 08:00:00,24666.1,29.4,4080.0
2025-10-11 09:00:00,24366.9,34.43,4562.0
2025-10-11 10:00:00,22606.3,18.31,5216.0
2025-10-11 11:00:00,21290.5,16.08,5293.0
2025-10-11 12:00:00,19337.8,4.33,5662.0
2025-10-11 13:00:00,19339.6,3.79,7331.0
2025-10-11 14:00:00,19972.6,11.93,7909.5
2025-10-11 15:00:00,22528.3,18.81,5474.5
2025-10-11 16:00:00,24615.6,31.25,3870.0
2025-10-11 17:00:00,26652.4,36.71,3929.5
2025-10-11 18:00:00,27894.5,46.38,3362.5
2025-10-11 19:00:00,27555.2,38.37,3066.5
2025-10-11 20:00:00,25180.4,35.05,3490.5
2025-10-11 21:00:00,22560.8,36.89,2026.0
2025-10-11 22:00:00,19979.7,28.15,2097.5
2025-10-11 23:00:00,18227.3,18.62,1660.5
2025-10-12 00:00:00,16066.0,21.87,1658.5
2025-10-12 01:00:00,14817.8,13.24,1293.5
2025-10-12 02:00:00,14000.0,16.55,2166.5
2025-10-12 03:00:00,14000.0,19.26,2678.0
2025-10-12 04:00:00,14000.0,12.75,2882.5
2025-10-12 05:00:00,15763.0,18.36,5199.0
2025-10-12 06:00:00,19515.0,27.72,3802.5
2025-10-12 07:00:00,22598.7,36.05,2963.0
2025-10-12 08:00:00,24716.3,24.51,4023.5
2025-10-12 09:00:00,25138.6,26.78,4820.0
2025-10-12 10:00:00,22645.9,20.88,6036.0
2025-10-12 11:00:00,21427.7,12.68,6044.5
2025-10-12 12:00:00,19500.9,3.01,6248.5
2025-10-12 13:00:00,20026.8,16.94,5708.5
2025-10-12 14:00:00,20271.8,16.36,6113.0
2025-10-12 15:00:00,22542.6,25.52,6056.0
2025-10-12 16:00:00,24788.5,23.2,4257.0
2025-10-12 17:00:00,26940.5,41.71,2511.0
2025-10-12 18:00:00,28594.1,45.84,2000.0
2025-10-12 19:00:00,27407.3,40.9,2044.5
2025-10-12 20:00:00,25484.0,39.88,2928.0
2025-10-12 21:00:00,22019.6,33.49,2795.5
2025-10-12 22:00:00,20281.3,26.63,3139.5
2025-10-12 23:00:00,18111.5,29.37,3515.0
2025-10-13 00:00:00,17941.7,13.31,3717.0
2025-10-13 01:00:00,17294.3,24.58,2560.0
2025-10-13 02:00:00,15833.1,14.83,2260.0
2025-10-13 03:00:00,14796.6,20.08,1567.0
2025-10-13 04:00:00,15625.7,22.87,1728.5
2025-10-13 05:00:00,18608.9,31.39,2420.0
2025-10-13 06:00:00,23189.3,33.27,2885.0
2025-10-13 07:00:00,26169.9,40.3,3209.0
2025-10-13 08:00:00,29350.0,30.93,4487.0
2025-10-13 09:00:00,29235.9,38.09,6237.0
2025-10-13 10:00:00,26384.1,25.83,7206.0
2025-10-13 11:00:00,23621.1,16.58,7835.5
2025-10-13 12:00:00,22164.7,12.07,8490.5
2025-10-13 13:00:00,22228.8,9.79,8004.5
2025-10-13 14:00:00,24331.3,14.69,8334.5
2025-10-13 15:00:00,26057.6,21.54,7348.5
2025-10-13 16:00:00,28711.9,34.45,5004.5
2025-10-13 17:00:00,31067.2,50.03,3534.5
2025-10-13 18:00:00,31682.7,56.86,3593.5
2025-10-13 19:00:00,31792.7,49.19,3591.5
2025-10-13 20:00:00,28900.0,46.45,3205.0
2025-10-13 21:00:00,26718.6,39.92,3509.5
2025-10-13 22:00:00,23377.9,30.81,4483.0
2025-10-13 23:00:00,21457.6,24.04,5600.0
2025-10-14 00:00:00,18300.8,29.42,3607.5
2025-10-14 01:00:00,17004.7,16.83,4964.0
2025-10-14 02:00:00,15622.0,16.8,5600.0
2025-10-14 03:00:00,14527.4,11.68,5043.5
2025-10-14 04:00:00,15720.5,22.92,4433.0
2025-10-14 05:00:00,18320.5,27.97,3767.5
2025-10-14 06:00:00,23086.8,36.75,3373.5
2025-10-14 07:00:00,26785.3,46.78,1982.0
2025-10-14 08:00:00,28668.6,44.66,3276.5
2025-10-14 09:00:00,28023.5,35.59,3574.0
2025-10-14 10:00:00,26735.1,32.45,4292.5
2025-10-14 11:00:00,24225.2,33.37,4840.0
2025-10-14 12:00:00,23014.0,23.27,4640.5
2025-10-14 13:00:00,22214.4,16.95,4827.5
2025-10-14 14:00:00,23912.2,17.45,5013.5
2025-10-14 15:00:00,26777.4,30.21,4812.5
2025-10-14 16:00:00,29191.7,36.27,4296.0
2025-10-14 17:00:00,31861.1,53.84,2994.0
2025-10-14 18:00:00,32705.5,46.13,4192.5
2025-10-14 19:00:00,32377.6,44.11,4557.0
2025-10-14 20:00:00,29194.2,47.62,3095.0
2025-10-14 21:00:00,26258.3,32.41,3966.0
2025-10-14 22:00:00,23221.0,36.29,2524.0
2025-10-14 23:00:00,21014.5,37.52,2522.5
2025-10-15 00:00:00,18091.6,26.51,2457.5
2025-10-15 01:00:00,17671.8,25.76,2999.5
2025-10-15 02:00:00,15639.3,21.55,2754.5
2025-10-15 03:00:00,15045.4,9.73,2754.5
2025-10-15 04:00:00,15654.8,9.39,2957.0
2025-10-15 05:00:00,18739.6,27.19,2857.5
2025-10-15 06:00:00,22657.3,36.05,3037.5
2025-10-15 07:00:00,26497.2,42.74,3168.0
2025-10-15 08:00:00,29050.0,41.93,4532.5
2025-10-15 09:00:00,28488.6,29.53,6886.5
2025-10-15 10:00:00,26205.7,24.82,8026.5
2025-10-15 11:00:00,25090.7,21.99,8571.0
2025-10-15 12:00:00,22508.1,12.42,7731.0
2025-10-15 13:00:00,22190.6,9.94,7926.5
2025-10-15 14:00:00,23681.7,15.03,6563.5
2025-10-15 15:00:00,26709.4,22.93,6687.5
2025-10-15 16:00:00,28216.8,35.48,5225.0
2025-10-15 17:00:00,32144.1,50.95,4327.5
2025-10-15 18:00:00,32085.1,56.58,4127.5
2025-10-15 19:00:00,31706.0,46.97,4333.0
2025-10-15 20:00:00,28828.8,35.69,5600.0
2025-10-15 21:00:00,26846.4,38.97,4999.0
2025-10-15 22:00:00,23350.6,28.67,4802.0
2025-10-15 23:00:00,21102.2,32.05,4490.0
2025-10-16 00:00:00,18399.6,25.45,3909.5
2025-10-16 01:00:00,17419.8,23.25,3678.0
2025-10-16 02:00:00,15971.5,12.5,3410.5
2025-10-16 03:00:00,15023.6,13.41,3602.5
2025-10-16 04:00:00,15606.0,23.73,2514.5
2025-10-16 05:00:00,18159.8,24.73,2101.5
2025-10-16 06:00:00,22788.0,27.33,1518.0
2025-10-16 07:00:00,27143.9,51.33,2169.0
2025-10-16 08:00:00,28685.1,40.92,3289.0
2025-10-16 09:00:00,28993.2,40.23,3952.5
2025-10-16 10:00:00,26794.9,31.31,5185.5
2025-10-16 11:00:00,24378.0,22.19,5363.5
2025-10-16 12:00:00,23259.0,26.06,5023.0
2025-10-16 13:00:00,22007.6,18.4,4730.0
2025-10-16 14:00:00,23600.8,22.5,4600.0
2025-10-16 15:00:00,26784.8,45.5,3548.0
2025-10-16 16:00:00,30058.9,40.29,2288.0
2025-10-16 17:00:00,32775.0,59.54,883.0
2025-10-16 18:00:00,32656.1,59.89,1086.0
2025-10-16 19:00:00,31897.0,58.0,1687.0
2025-10-16 20:00:00,29573.4,60.33,937.0
2025-10-16 21:00:00,26649.2,46.04,1193.5
2025-10-16 22:00:00,23489.7,33.93,1311.5
2025-10-16 23:00:00,21692.6,37.13,693.0
2025-10-17 00:00:00,18668.1,29.66,632.5
2025-10-17 01:00:00,17586.9,31.99,893.5
2025-10-17 02:00:00,15758.2,26.14,909.0
2025-10-17 03:00:00,14897.6,21.52,431.5
2025-10-17 04:00:00,15531.8,21.95,340.0
2025-10-17 05:00:00,18268.4,30.91,549.0
2025-10-17 06:00:00,22406.5,39.12,524.5
2025-10-17 07:00:00,26810.7,41.09,251.0
2025-10-17 08:00:00,28950.8,40.54,1490.0
2025-10-17 09:00:00,28837.6,43.72,2473.0
2025-10-17 10:00:00,27088.9,28.71,3708.5
2025-10-17 11:00:00,24602.7,20.13,4065.5
2025-10-17 12:00:00,22831.9,23.27,4192.5
2025-10-17 13:00:00,22355.4,15.56,4335.0
2025-10-17 14:00:00,24230.6,24.15,4211.0
2025-10-17 15:00:00,26339.6,37.3,3204.5
2025-10-17 16:00:00,29155.2,40.92,1976.5
2025-10-17 17:00:00,31697.4,59.36,655.0
2025-10-17 18:00:00,32372.5,62.15,559.5
2025-10-17 19:00:00,31524.3,52.94,449.0
2025-10-17 20:00:00,29058.2,58.2,545.0
2025-10-17 21:00:00,26116.8,42.03,714.0
2025-10-17 22:00:00,23682.8,42.03,462.5
2025-10-17 23:00:00,21592.5,32.22,311.0
2025-10-18 00:00:00,16554.6,22.48,386.0
2025-10-18 01:00:00,15504.8,30.24,167.5
2025-10-18 02:00:00,14352.8,28.93,174.0
2025-10-18 03:00:00,14000.0,24.39,433.0
2025-10-18 04:00:00,14000.0,18.76,262.0
2025-10-18 05:00:00,16112.8,21.02,192.0
2025-10-18 06:00:00,20298.3,26.11,382.5
2025-10-18 07:00:00,23314.4,41.21,243.0
2025-10-18 08:00:00,24805.0,30.65,1412.0
2025-10-18 09:00:00,25700.9,32.82,2752.5
2025-10-18 10:00:00,23004.5,26.07,3740.5
2025-10-18 11:00:00,21550.2,15.72,4045.0
2025-10-18 12:00:00,19737.4,14.87,4236.5
2025-10-18 13:00:00,20114.4,13.94,4290.0
2025-10-18 14:00:00,21265.8,22.1,4070.0
2025-10-18 15:00:00,23203.3,27.54,3374.5
2025-10-18 16:00:00,26087.9,36.12,2158.5
2025-10-18 17:00:00,27741.6,42.29,999.0
2025-10-18 18:00:00,29521.3,59.95,1004.0
2025-10-18 19:00:00,28041.0,44.83,1537.5
2025-10-18 20:00:00,25228.1,35.63,2603.0
2025-10-18 21:00:00,22913.5,40.85,1980.0
2025-10-18 22:00:00,20418.8,30.87,1573.0
2025-10-18 23:00:00,18658.1,32.89,1044.5
2025-10-19 00:00:00,15824.6,22.82,1104.5
2025-10-19 01:00:00,15362.6,20.05,2467.0
2025-10-19 02:00:00,14000.0,17.65,2716.5
2025-10-19 03:00:00,14000.0,17.09,1930.5
2025-10-19 04:00:00,14000.0,13.67,1629.5
2025-10-19 05:00:00,16095.9,18.86,2370.0
2025-10-19 06:00:00,19850.4,18.72,2764.0
2025-10-19 07:00:00,22517.9,35.53,3084.5
2025-10-19 08:00:00,25116.3,28.79,4663.5
2025-10-19 09:00:00,25135.8,19.73,6481.5
2025-10-19 10:00:00,23290.9,19.26,7502.0
2025-10-19 11:00:00,21598.6,12.08,7588.0
2025-10-19 12:00:00,20480.9,13.21,8237.5
2025-10-19 13:00:00,19993.4,-0.24,7646.0
2025-10-19 14:00:00,21255.7,11.51,7238.5
2025-10-19 15:00:00,23474.2,18.23,6827.0
2025-10-19 16:00:00,25293.8,34.18,5214.5
2025-10-19 17:00:00,28005.4,42.83,4148.5
2025-10-19 18:00:00,29077.8,51.43,3996.0
2025-10-19 19:00:00,27632.4,49.08,3841.0
2025-10-19 20:00:00,25346.5,39.53,4083.0
2025-10-19 21:00:00,23141.3,32.39,4465.0
2025-10-19 22:00:00,20071.2,16.79,5466.5
2025-10-19 23:00:00,18478.4,21.5,5590.0
2025-10-20 00:00:00,18521.4,32.37,3536.5
2025-10-20 01:00:00,17727.5,26.98,3675.0
2025-10-20 02:00:00,16176.2,15.55,3862.0
2025-10-20 03:00:00,15341.3,14.27,4163.0
2025-10-20 04:00:00,15578.2,23.11,4337.5
2025-10-20 05:00:00,18494.3,17.03,4316.5
2025-10-20 06:00:00,23366.4,34.33,3735.0
2025-10-20 07:00:00,26900.9,39.27,3070.5
2025-10-20 08:00:00,29064.1,37.29,5121.0
2025-10-20 09:00:00,28244.3,33.76,6312.0
2025-10-20 10:00:00,27227.0,26.62,7737.0
2025-10-20 11:00:00,25328.4,16.83,8156.0
2025-10-20 12:00:00,22771.2,17.06,8219.0
2025-10-20 13:00:00,23222.8,19.62,7151.0
2025-10-20 14:00:00,24111.5,21.35,7553.5
2025-10-20 15:00:00,25914.4,28.39,6037.0
2025-10-20 16:00:00,29215.1,46.53,4727.0
2025-10-20 17:00:00,31614.6,47.85,3021.0
2025-10-20 18:00:00,32872.5,53.77,3811.5
2025-10-20 19:00:00,32267.4,50.7,3605.0
2025-10-20 20:00:00,30391.5,47.52,4655.0
2025-10-20 21:00:00,25899.7,41.56,4530.0
2025-10-20 22:00:00,23492.9,24.33,5498.0
2025-10-20 23:00:00,21365.2,25.13,5600.0
2025-10-21 00:00:00,18406.6,16.68,5563.0
2025-10-21 01:00:00,17685.6,22.7,5458.5
2025-10-21 02:00:00,16171.1,22.2,4944.0
2025-10-21 03:00:00,14739.6,6.36,5600.0
2025-10-21 04:00:00,15847.3,17.99,4675.5
2025-10-21 05:00:00,18483.8,34.74,4804.0
2025-10-21 06:00:00,23256.5,31.94,4667.5
2025-10-21 07:00:00,27827.1,41.99,3967.0
2025-10-21 08:00:00,29620.1,41.99,5471.5
2025-10-21 09:00:00,29216.5,38.29,6505.0
2025-10-21 10:00:00,26972.8,31.97,7209.0
2025-10-21 11:00:00,24853.8,28.78,6459.5
2025-10-21 12:00:00,23392.2,15.44,5933.5
2025-10-21 13:00:00,23099.2,22.58,6827.0
2025-10-21 14:00:00,24168.0,24.14,5213.5
2025-10-21 15:00:00,26784.6,32.91,4426.5
2025-10-21 16:00:00,29113.0,41.63,3717.0
2025-10-21 17:00:00,31814.7,56.49,2599.5
2025-10-21 18:00:00,33478.0,52.6,3592.0
2025-10-21 19:00:00,32566.1,60.41,2716.5
2025-10-21 20:00:00,29699.9,48.13,2671.5
2025-10-21 21:00:00,27134.6,47.45,2358.5
2025-10-21 22:00:00,23915.4,39.83,2270.5
2025-10-21 23:00:00,21643.9,29.37,1844.0
2025-10-22 00:00:00,18473.6,21.54,2610.0
2025-10-22 01:00:00,18093.8,25.15,3646.5
2025-10-22 02:00:00,16405.0,12.37,3976.5
2025-10-22 03:00:00,15605.7,16.72,4125.5
2025-10-22 04:00:00,16405.4,17.11,3513.0
2025-10-22 05:00:00,18514.3,23.09,2885.0
2025-10-22 06:00:00,22870.6,34.7,3299.0
2025-10-22 07:00:00,26210.1,49.23,1599.0
2025-10-22 08:00:00,29907.6,46.51,3686.5
2025-10-22 09:00:00,29511.2,30.85,5321.0
2025-10-22 10:00:00,27307.3,25.78,7464.0
2025-10-22 11:00:00,24442.9,20.04,8398.0
2025-10-22 12:00:00,23232.5,12.86,8263.0
2025-10-22 13:00:00,23069.8,14.23,7894.5
2025-10-22 14:00:00,24559.2,16.16,7859.0
2025-10-22 15:00:00,26884.7,31.44,7372.5
2025-10-22 16:00:00,30082.3,36.98,5314.0
2025-10-22 17:00:00,32202.4,49.42,4027.5
2025-10-22 18:00:00,33811.3,52.76,2771.0
2025-10-22 19:00:00,32558.9,55.23,4027.0
2025-10-22 20:00:00,29214.8,40.16,4217.5
2025-10-22 21:00:00,27177.5,38.14,3716.5
2025-10-22 22:00:00,24241.0,35.03,3115.5
2025-10-22 23:00:00,21935.0,29.07,4524.5
2025-10-23 00:00:00,18951.2,20.65,4530.0
2025-10-23 01:00:00,18204.1,21.91,3970.5
2025-10-23 02:00:00,15865.6,9.35,3761.5
2025-10-23 03:00:00,15523.0,18.42,4301.0
2025-10-23 04:00:00,15820.7,17.15,4483.5
2025-10-23 05:00:00,19243.8,23.47,4392.0
2025-10-23 06:00:00,23428.8,20.7,4771.0
2025-10-23 07:00:00,26952.7,36.97,5600.0
2025-10-23 08:00:00,29365.3,37.94,4806.0
2025-10-23 09:00:00,29756.3,33.23,5961.0
2025-10-23 10:00:00,27259.1,26.52,6665.5
2025-10-23 11:00:00,24739.4,26.68,6234.0
2025-10-23 12:00:00,23110.3,26.28,6084.5
2025-10-23 13:00:00,23294.2,21.75,7166.0
2025-10-23 14:00:00,24983.0,20.55,7078.5
2025-10-23 15:00:00,25989.4,34.12,6363.5
2025-10-23 16:00:00,31125.9,48.06,6123.0
2025-10-23 17:00:00,32453.7,49.33,5302.0
2025-10-23 18:00:00,33607.6,44.25,5021.5
2025-10-23 19:00:00,32133.9,45.19,5102.5
2025-10-23 20:00:00,29827.9,34.38,5297.0
2025-10-23 21:00:00,26776.0,37.84,4007.0
2025-10-23 22:00:00,23495.9,33.79,3742.5
2025-10-23 23:00:00,21581.3,22.14,3807.5
2025-10-24 00:00:00,19261.3,28.1,3855.0
2025-10-24 01:00:00,17397.6,20.95,3978.5
2025-10-24 02:00:00,16417.9,10.71,3842.5
2025-10-24 03:00:00,15197.3,17.77,3360.5
2025-10-24 04:00:00,15749.2,12.75,2301.5
2025-10-24 05:00:00,19547.8,37.76,1923.0
2025-10-24 06:00:00,23116.8,31.24,1866.5
2025-10-24 07:00:00,27075.4,41.41,1659.5
2025-10-24 08:00:00,29585.9,44.8,2240.0
2025-10-24 09:00:00,29051.0,39.85,3714.5
2025-10-24 10:00:00,27425.2,29.15,4699.0
2025-10-24 11:00:00,25101.1,17.97,5191.0
2025-10-24 12:00:00,23478.4,22.19,4873.5
2025-10-24 13:00:00,23094.0,19.18,4588.0
2025-10-24 14:00:00,24155.3,20.65,5500.0
2025-10-24 15:00:00,27187.3,38.58,5308.0
2025-10-24 16:00:00,29905.1,39.96,4930.0
2025-10-24 17:00:00,32204.9,47.6,5040.0
2025-10-24 18:00:00,34153.4,56.01,3958.0
2025-10-24 19:00:00,32377.9,54.28,3693.5
2025-10-24 20:00:00,30403.7,48.98,3798.0
2025-10-24 21:00:00,27267.0,31.44,3737.0
2025-10-24 22:00:00,24401.3,33.91,3815.5
2025-10-24 23:00:00,22134.0,29.23,3607.0
2025-10-25 00:00:00,16510.4,13.83,3694.5
2025-10-25 01:00:00,15525.0,11.88,3474.5
2025-10-25 02:00:00,14177.0,18.66,3675.0
2025-10-25 03:00:00,14000.0,15.63,2981.0
2025-10-25 04:00:00,14091.1,13.72,2643.5
2025-10-25 05:00:00,16624.7,23.25,2391.0
2025-10-25 06:00:00,20713.9,35.38,2470.5
2025-10-25 07:00:00,23986.3,40.34,1991.5
2025-10-25 08:00:00,26142.1,46.15,2182.0
2025-10-25 09:00:00,25110.5,34.7,3220.5
2025-10-25 10:00:00,23504.4,28.74,4148.5
2025-10-25 11:00:00,21036.3,18.56,4230.0
2025-10-25 12:00:00,20370.0,22.14,4555.5
2025-10-25 13:00:00,19951.3,24.17,4304.5
2025-10-25 14:00:00,21009.3,22.69,3572.0
2025-10-25 15:00:00,23610.0,25.03,3233.0
2025-10-25 16:00:00,25966.8,41.34,1815.0
2025-10-25 17:00:00,27698.2,48.52,599.0
2025-10-25 18:00:00,30261.7,56.87,717.5
2025-10-25 19:00:00,28282.9,48.55,647.0
2025-10-25 20:00:00,25673.3,44.97,656.0
2025-10-25 21:00:00,23123.7,41.35,822.5
2025-10-25 22:00:00,20830.6,30.88,1004.5
2025-10-25 23:00:00,19061.8,32.16,571.5
2025-10-26 00:00:00,16879.2,25.93,1194.5
2025-10-26 01:00:00,15563.9,13.4,940.5
2025-10-26 02:00:00,14665.2,19.73,1178.0
2025-10-26 03:00:00,14000.0,12.84,1129.5
2025-10-26 04:00:00,14068.5,25.15,1054.0
2025-10-26 05:00:00,16864.0,22.03,1358.5
2025-10-26 06:00:00,20884.4,31.16,1318.5
2025-10-26 07:00:00,24568.4,44.84,998.5
2025-10-26 08:00:00,25849.0,29.07,2355.0
2025-10-26 09:00:00,25708.5,26.8,4302.5
2025-10-26 10:00:00,23097.4,26.21,5864.5
2025-10-26 11:00:00,21843.2,16.42,6071.0
2025-10-26 12:00:00,20802.1,4.45,7706.0
2025-10-26 13:00:00,20512.8,6.47,7842.5
2025-10-26 14:00:00,21328.6,11.68,5732.5
2025-10-26 15:00:00,24156.9,24.93,4802.0
2025-10-26 16:00:00,26054.3,31.74,5269.0
2025-10-26 17:00:00,28079.4,51.21,3369.0
2025-10-26 18:00:00,29023.7,41.09,3449.0
2025-10-26 19:00:00,27898.4,37.45,3453.0
2025-10-26 20:00:00,26413.2,37.91,3951.5
2025-10-26 21:00:00,23523.8,33.83,3650.0
2025-10-26 22:00:00,21133.7,26.38,4065.0
2025-10-26 23:00:00,19045.3,23.0,4139.0
2025-10-27 00:00:00,19064.5,30.95,3734.5
2025-10-27 01:00:00,17372.4,15.51,3940.5
2025-10-27 02:00:00,16537.3,20.17,2705.5
2025-10-27 03:00:00,15431.2,21.32,4280.5
2025-10-27 04:00:00,15845.3,23.47,4302.5
2025-10-27 05:00:00,19112.7,26.17,3515.0
2025-10-27 06:00:00,23554.5,26.54,3486.0
2025-10-27 07:00:00,28504.3,48.88,2992.0
2025-10-27 08:00:00,29437.7,47.07,3863.5
2025-10-27 09:00:00,29779.5,41.4,4444.0
2025-10-27 10:00:00,27196.3,29.15,5056.5
2025-10-27 11:00:00,25037.9,19.95,6087.5
2025-10-27 12:00:00,23686.9,23.0,6407.0
2025-10-27 13:00:00,23253.9,23.79,4758.5
2025-10-27 14:00:00,24611.5,32.33,4256.0
2025-10-27 15:00:00,27285.0,35.41,3706.5
2025-10-27 16:00:00,29978.7,50.07,2266.0
2025-10-27 17:00:00,33147.5,54.2,1443.0
2025-10-27 18:00:00,33532.9,67.6,652.0
2025-10-27 19:00:00,32656.5,66.95,561.5
2025-10-27 20:00:00,30323.8,55.0,291.0
2025-10-27 21:00:00,27087.0,40.82,263.5
2025-10-27 22:00:00,24369.6,47.67,317.0
2025-10-27 23:00:00,22192.6,46.54,376.5
2025-10-28 00:00:00,19266.4,29.98,516.0
2025-10-28 01:00:00,17919.1,26.89,617.0
2025-10-28 02:00:00,16223.9,22.86,850.0
2025-10-28 03:00:00,15118.4,17.07,2621.5
2025-10-28 04:00:00,15749.2,22.2,3590.5
2025-10-28 05:00:00,19701.2,26.63,4231.5
2025-10-28 06:00:00,22921.9,29.53,2910.5
2025-10-28 07:00:00,28341.8,44.59,2750.5
2025-10-28 08:00:00,29624.0,43.83,4466.5
2025-10-28 09:00:00,30239.7,36.93,5044.0
2025-10-28 10:00:00,26806.3,28.63,6249.0
2025-10-28 11:00:00,25227.1,23.7,5998.0
2025-10-28 12:00:00,24167.5,27.05,5330.0
2025-10-28 13:00:00,23640.1,25.67,4727.5
2025-10-28 14:00:00,24554.3,24.6,4215.0
2025-10-28 15:00:00,26428.3,35.77,2977.0
2025-10-28 16:00:00,29681.9,44.51,2061.0
2025-10-28 17:00:00,33484.1,68.47,1200.0
2025-10-28 18:00:00,33600.4,62.01,1622.5
2025-10-28 19:00:00,32756.0,50.4,2159.0
2025-10-28 20:00:00,30369.2,51.67,1485.0
2025-10-28 21:00:00,26537.9,36.2,2239.0
2025-10-28 22:00:00,24348.4,38.02,1585.5
2025-10-28 23:00:00,22006.9,33.44,2429.0
2025-10-29 00:00:00,19266.4,31.13,2358.5
2025-10-29 01:00:00,17897.6,27.55,2978.0
2025-10-29 02:00:00,16141.2,14.62,2630.0
2025-10-29 03:00:00,15390.4,19.37,2707.0
2025-10-29 04:00:00,16352.0,24.28,1621.5
2025-10-29 05:00:00,19357.6,30.23,1325.0
2025-10-29 06:00:00,23781.9,33.84,849.0
2025-10-29 07:00:00,28292.1,46.22,843.0
2025-10-29 08:00:00,29980.0,46.89,2417.0
2025-10-29 09:00:00,29813.9,44.59,3715.0
2025-10-29 10:00:00,27594.7,28.62,4566.0
2025-10-29 11:00:00,25746.8,23.87,5258.5
2025-10-29 12:00:00,23817.2,18.15,6452.0
2025-10-29 13:00:00,23255.1,10.37,6854.0
2025-10-29 14:00:00,24191.1,20.52,6201.0
2025-10-29 15:00:00,27745.3,35.53,5318.0
2025-10-29 16:00:00,30023.0,41.01,3754.0
2025-10-29 17:00:00,32922.0,52.44,3172.0
2025-10-29 18:00:00,35060.2,58.19,2355.0
2025-10-29 19:00:00,33272.4,58.53,2862.5
2025-10-29 20:00:00,31052.4,44.61,2670.5
2025-10-29 21:00:00,26918.6,42.28,1848.5
2025-10-29 22:00:00,24653.6,45.41,2257.5
2025-10-29 23:00:00,22213.1,37.59,2733.5
2025-10-30 00:00:00,19336.9,33.7,1563.5
2025-10-30 01:00:00,18649.3,33.96,1388.5
2025-10-30 02:00:00,16504.6,18.72,1841.0
2025-10-30 03:00:00,15534.0,24.62,2538.0
2025-10-30 04:00:00,16018.0,10.72,2904.5
2025-10-30 05:00:00,19550.5,25.75,2358.5
2025-10-30 06:00:00,23631.6,38.52,2723.5
2025-10-30 07:00:00,28417.3,47.2,2513.0
2025-10-30 08:00:00,29403.0,43.53,4394.5
2025-10-30 09:00:00,30111.2,33.81,5808.5
2025-10-30 10:00:00,27597.2,16.7,6706.0
2025-10-30 11:00:00,25726.7,23.3,7273.5
2025-10-30 12:00:00,23769.7,21.42,7387.0
2025-10-30 13:00:00,23322.6,15.39,8173.5
2025-10-30 14:00:00,24663.6,22.23,7211.0
2025-10-30 15:00:00,27014.1,30.13,7137.0
2025-10-30 16:00:00,30822.6,40.51,5094.5
2025-10-30 17:00:00,32452.5,49.07,4948.5
2025-10-30 18:00:00,33816.3,49.38,4095.0
2025-10-30 19:00:00,33132.4,59.92,2819.0
2025-10-30 20:00:00,31133.4,41.42,2940.0
2025-10-30 21:00:00,27203.7,40.89,3361.5
2025-10-30 22:00:00,24237.8,42.65,3572.0
2025-10-30 23:00:00,22352.8,35.35,2633.5
2025-10-31 00:00:00,18680.3,20.56,2784.0
2025-10-31 01:00:00,17820.1,26.71,2129.5
2025-10-31 02:00:00,16522.3,27.01,1441.0
2025-10-31 03:00:00,15402.4,20.6,2095.5
2025-10-31 04:00:00,15888.2,20.4,3489.5
2025-10-31 05:00:00,19591.1,22.73,2479.5
2025-10-31 06:00:00,23985.5,33.14,2991.5
2025-10-31 07:00:00,28117.8,47.85,2181.5
2025-10-31 08:00:00,29910.9,43.47,3807.5
2025-10-31 09:00:00,29976.6,40.22,3554.5
2025-10-31 10:00:00,28152.4,29.23,4621.5
2025-10-31 11:00:00,25410.9,31.72,4894.5
2025-10-31 12:00:00,23993.7,22.58,5235.0
2025-10-31 13:00:00,23289.4,23.89,5661.0
2025-10-31 14:00:00,24906.6,17.09,4838.0
2025-10-31 15:00:00,27902.5,40.73,3939.0
2025-10-31 16:00:00,31081.0,45.32,2466.0
2025-10-31 17:00:00,33712.8,60.41,582.5
2025-10-31 18:00:00,34184.0,62.97,759.5
2025-10-31 19:00:00,33060.8,66.51,1529.0
2025-10-31 20:00:00,30269.5,58.47,2244.5
2025-10-31 21:00:00,26536.8,42.89,2161.0
2025-10-31 22:00:00,23895.8,41.37,1224.5
2025-10-31 23:00:00,22261.5,34.21,955.5
2025-11-01 00:00:00,16787.9,25.8,771.5
2025-11-01 01:00:00,16161.9,23.56,1088.0
2025-11-01 02:00:00,14777.5,20.86,1678.5
2025-11-01 03:00:00,14000.0,15.49,1691.0
2025-11-01 04:00:00,14372.3,18.98,2508.0
2025-11-01 05:00:00,16748.9,21.88,3251.0
2025-11-01 06:00:00,21051.4,26.38,2533.0
2025-11-01 07:00:00,24767.7,38.51,2405.0
2025-11-01 08:00:00,26852.7,38.5,2841.5
2025-11-01 09:00:00,25920.5,44.16,3070.0
2025-11-01 10:00:00,24736.1,33.31,4309.5
2025-11-01 11:00:00,21625.8,22.53,4774.5
2025-11-01 12:00:00,21192.0,15.42,4812.0
2025-11-01 13:00:00,20550.0,24.46,4824.0
2025-11-01 14:00:00,21689.7,19.33,4554.0
2025-11-01 15:00:00,23194.4,25.89,3473.5
2025-11-01 16:00:00,26460.7,51.66,1832.5
2025-11-01 17:00:00,29415.1,53.89,1278.5
2025-11-01 18:00:00,29496.9,47.6,1451.0
2025-11-01 19:00:00,29129.2,48.51,1446.5
2025-11-01 20:00:00,26592.7,46.94,1992.0
2025-11-01 21:00:00,24168.6,37.83,1745.0
2025-11-01 22:00:00,21331.3,31.52,2336.5
2025-11-01 23:00:00,19192.6,32.65,3201.5
2025-11-02 00:00:00,16870.6,17.25,3527.0
2025-11-02 01:00:00,16246.4,16.64,3586.0
2025-11-02 02:00:00,14635.5,26.37,3862.5
2025-11-02 03:00:00,14000.0,16.49,3296.0
2025-11-02 04:00:00,14714.3,18.01,3342.0
2025-11-02 05:00:00,17204.9,26.97,3638.5
2025-11-02 06:00:00,21144.9,31.23,3625.5
2025-11-02 07:00:00,24648.4,42.0,3494.0
2025-11-02 08:00:00,26715.5,31.91,4184.0
2025-11-02 09:00:00,26476.7,33.21,5754.5
2025-11-02 10:00:00,23625.2,20.0,6706.0
2025-11-02 11:00:00,22437.4,17.62,7329.0
2025-11-02 12:00:00,20788.3,1.78,7569.5
2025-11-02 13:00:00,20453.4,6.13,7066.0
2025-11-02 14:00:00,21680.1,17.52,6412.0
2025-11-02 15:00:00,23424.3,27.21,6041.0
2025-11-02 16:00:00,25958.7,29.4,4826.5
2025-11-02 17:00:00,29439.7,42.98,4074.0
2025-11-02 18:00:00,29965.7,48.85,3622.5
2025-11-02 19:00:00,27845.5,43.23,3268.5
2025-11-02 20:00:00,26413.5,41.02,5151.0
2025-11-02 21:00:00,24162.5,38.36,4378.5
2025-11-02 22:00:00,21232.6,23.87,3961.5
2025-11-02 23:00:00,19876.7,25.74,3650.5
2025-11-03 00:00:00,19727.4,24.67,3134.5
2025-11-03 01:00:00,17907.7,29.25,2713.0
2025-11-03 02:00:00,16701.9,25.83,2406.0
2025-11-03 03:00:00,15577.8,16.45,2076.0
2025-11-03 04:00:00,16057.0,27.42,1953.5
2025-11-03 05:00:00,19059.3,21.76,2255.0
2025-11-03 06:00:00,23776.9,33.83,2947.0
2025-11-03 07:00:00,27993.1,42.22,1919.5
2025-11-03 08:00:00,30576.9,47.65,2545.0
2025-11-03 09:00:00,30633.3,33.66,4421.0
2025-11-03 10:00:00,28358.8,36.27,4226.0
2025-11-03 11:00:00,25989.0,21.87,4571.5
2025-11-03 12:00:00,23913.8,22.24,4911.0
2025-11-03 13:00:00,23958.8,28.73,5004.0
2025-11-03 14:00:00,24997.2,30.94,3782.0
2025-11-03 15:00:00,27450.9,48.17,3343.0
2025-11-03 16:00:00,31616.0,58.44,1473.0
2025-11-03 17:00:00,32133.4,61.39,1198.5
2025-11-03 18:00:00,33324.8,58.63,498.5
2025-11-03 19:00:00,33479.0,59.88,606.5
2025-11-03 20:00:00,30576.5,57.54,427.0
2025-11-03 21:00:00,26884.5,44.95,669.5
2025-11-03 22:00:00,24178.4,40.26,1225.0
2025-11-03 23:00:00,22169.9,39.4,1861.0
2025-11-04 00:00:00,19727.9,30.01,1914.5
2025-11-04 01:00:00,18656.0,18.83,2981.5
2025-11-04 02:00:00,17189.9,27.7,1578.0
2025-11-04 03:00:00,15345.5,18.44,1912.5
2025-11-04 04:00:00,16100.2,17.94,2696.0
2025-11-04 05:00:00,19109.6,38.43,1856.5
2025-11-04 06:00:00,24590.9,42.14,1018.0
2025-11-04 07:00:00,28508.7,57.71,1416.5
2025-11-04 08:00:00,30555.9,48.09,1668.5
2025-11-04 09:00:00,30336.0,41.85,3150.5
2025-11-04 10:00:00,28184.2,32.89,4665.5
2025-11-04 11:00:00,25327.0,26.79,4683.5
2025-11-04 12:00:00,24251.6,23.87,4248.0
2025-11-04 13:00:00,23733.5,21.57,3746.0
2025-11-04 14:00:00,24659.7,34.1,3252.0
2025-11-04 15:00:00,27937.6,42.63,2028.0
2025-11-04 16:00:00,30616.8,57.06,682.0
2025-11-04 17:00:00,33489.6,63.61,41.5
2025-11-04 18:00:00,34304.6,74.55,117.5
2025-11-04 19:00:00,33812.4,63.42,109.5
2025-11-04 20:00:00,30872.4,60.51,218.0
2025-11-04 21:00:00,27176.3,52.27,1077.5
2025-11-04 22:00:00,24743.7,36.08,1433.5
2025-11-04 23:00:00,22654.5,31.06,1962.5
2025-11-05 00:00:00,19661.9,27.38,836.0
2025-11-05 01:00:00,18650.4,27.77,894.5
2025-11-05 02:00:00,16660.6,24.41,634.5
2025-11-05 03:00:00,15914.3,25.16,616.0
2025-11-05 04:00:00,16049.0,30.87,745.5
2025-11-05 05:00:00,19540.1,24.41,927.5
2025-11-05 06:00:00,24080.6,33.35,1321.5
2025-11-05 07:00:00,29013.5,48.45,991.0
2025-11-05 08:00:00,30517.9,47.15,1672.0
2025-11-05 09:00:00,30578.1,35.63,4815.0
2025-11-05 10:00:00,27526.2,29.79,5705.0
2025-11-05 11:00:00,25683.4,25.06,6541.0
2025-11-05 12:00:00,23815.7,18.92,6750.0
2025-11-05 13:00:00,24740.7,19.21,6666.0
2025-11-05 14:00:00,24918.1,25.85,5789.0
2025-11-05 15:00:00,27793.4,28.9,4805.5
2025-11-05 16:00:00,30943.4,51.05,3613.0
2025-11-05 17:00:00,32655.2,54.22,3039.5
2025-11-05 18:00:00,34176.5,59.0,3005.5
2025-11-05 19:00:00,33646.3,56.59,3043.0
2025-11-05 20:00:00,30881.5,45.33,2287.5
2025-11-05 21:00:00,26652.4,40.99,2456.5
2025-11-05 22:00:00,24471.7,45.06,1973.5
2025-11-05 23:00:00,22932.5,39.91,1337.0
2025-11-06 00:00:00,19728.9,29.3,1574.0
2025-11-06 01:00:00,18742.9,31.72,1485.0
2025-11-06 02:00:00,16604.9,29.1,999.5
2025-11-06 03:00:00,16095.5,30.07,771.5
2025-11-06 04:00:00,16501.5,28.16,899.5
2025-11-06 05:00:00,20088.2,37.89,1217.5
2025-11-06 06:00:00,24236.1,41.25,931.5
2025-11-06 07:00:00,27586.9,52.5,673.5
2025-11-06 08:00:00,31049.4,49.24,1218.5
2025-11-06 09:00:00,30168.2,49.15,2579.5
2025-11-06 10:00:00,28177.4,35.47,4641.0
2025-11-06 11:00:00,25314.0,26.52,6018.5
2025-11-06 12:00:00,24764.8,27.19,6199.0
2025-11-06 13:00:00,23722.0,17.73,5516.5
2025-11-06 14:00:00,25822.8,36.45,4490.5
2025-11-06 15:00:00,27645.8,41.81,3420.5
2025-11-06 16:00:00,30523.9,52.43,1745.5
2025-11-06 17:00:00,34192.1,56.65,1030.5
2025-11-06 18:00:00,34488.3,59.82,1008.0
2025-11-06 19:00:00,33487.0,63.99,1110.0
2025-11-06 20:00:00,30317.4,53.81,912.0
2025-11-06 21:00:00,27477.5,51.82,1365.5
2025-11-06 22:00:00,24896.6,43.63,1991.5
2025-11-06 23:00:00,22196.6,33.75,851.5
2025-11-07 00:00:00,19441.3,31.94,385.0
2025-11-07 01:00:00,18331.1,29.0,535.5
2025-11-07 02:00:00,16908.3,30.02,626.5
2025-11-07 03:00:00,16178.4,25.33,498.5
2025-11-07 04:00:00,16474.7,25.31,539.5
2025-11-07 05:00:00,19459.4,33.97,408.0
2025-11-07 06:00:00,25289.3,43.87,103.0
2025-11-07 07:00:00,28338.8,54.78,115.0
2025-11-07 08:00:00,30639.0,54.59,766.0
2025-11-07 09:00:00,30274.2,52.92,2124.0
2025-11-07 10:00:00,28282.3,42.85,2977.0
2025-11-07 11:00:00,25965.7,33.13,3450.5
2025-11-07 12:00:00,24564.8,34.87,3567.0
2025-11-07 13:00:00,24107.1,26.31,3294.0
2025-11-07 14:00:00,25691.2,35.05,2942.0
2025-11-07 15:00:00,28324.2,43.47,2482.0
2025-11-07 16:00:00,31120.3,54.61,1714.5
2025-11-07 17:00:00,33792.5,58.66,1016.0
2025-11-07 18:00:00,35178.3,63.8,1317.0
2025-11-07 19:00:00,33033.3,57.14,914.0
2025-11-07 20:00:00,32141.1,52.64,490.5
2025-11-07 21:00:00,27515.6,47.32,936.0
2025-11-07 22:00:00,24661.8,42.9,1020.0
2025-11-07 23:00:00,22275.5,31.07,1668.0
2025-11-08 00:00:00,16785.8,22.65,1536.5
2025-11-08 01:00:00,16319.1,24.58,1935.0
2025-11-08 02:00:00,15229.0,24.13,1317.0
2025-11-08 03:00:00,14000.0,22.25,1161.0
2025-11-08 04:00:00,14504.2,14.66,1738.5
2025-11-08 05:00:00,17200.6,34.34,1582.5
2025-11-08 06:00:00,21494.7,28.14,1268.5
2025-11-08 07:00:00,25697.6,43.04,1050.0
2025-11-08 08:00:00,27401.6,35.79,1489.5
2025-11-08 09:00:00,26443.2,34.95,2283.0
2025-11-08 10:00:00,24958.2,27.54,3375.0
2025-11-08 11:00:00,22825.9,30.31,3631.0
2025-11-08 12:00:00,21119.6,26.4,4162.0
2025-11-08 13:00:00,20548.6,21.14,3702.0
2025-11-08 14:00:00,21779.6,24.01,2925.5
2025-11-08 15:00:00,24733.5,24.21,2428.5
2025-11-08 16:00:00,27556.5,42.84,1268.5
2025-11-08 17:00:00,29206.7,43.79,898.0
2025-11-08 18:00:00,30288.0,50.24,1222.5
2025-11-08 19:00:00,29815.6,51.38,899.0
2025-11-08 20:00:00,26320.7,45.87,1095.5
2025-11-08 21:00:00,24014.6,39.49,1019.0
2025-11-08 22:00:00,22270.5,34.14,1288.5
2025-11-08 23:00:00,19870.2,29.69,920.0
2025-11-09 00:00:00,16835.0,25.29,701.0
2025-11-09 01:00:00,16146.6,29.1,661.5
2025-11-09 02:00:00,14984.8,24.86,700.0
2025-11-09 03:00:00,14000.0,16.09,1200.5
2025-11-09 04:00:00,14497.9,19.08,938.0
2025-11-09 05:00:00,17084.5,33.82,1092.5
2025-11-09 06:00:00,20699.3,29.89,1458.0
2025-11-09 07:00:00,24953.3,44.65,1185.0
2025-11-09 08:00:00,26792.3,47.33,1978.0
2025-11-09 09:00:00,26585.0,38.11,2868.5
2025-11-09 10:00:00,24684.8,27.56,3646.5
2025-11-09 11:00:00,22313.7,13.35,4617.5
2025-11-09 12:00:00,20708.8,18.29,5500.0
2025-11-09 13:00:00,20719.6,17.08,5655.5
2025-11-09 14:00:00,22375.3,21.23,3926.0
2025-11-09 15:00:00,24451.6,36.82,2404.0
2025-11-09 16:00:00,27078.1,45.91,1232.5
2025-11-09 17:00:00,28902.2,47.6,884.5
2025-11-09 18:00:00,30064.3,45.59,1695.0
2025-11-09 19:00:00,29676.4,50.54,941.5
2025-11-09 20:00:00,27273.6,52.54,1308.5
2025-11-09 21:00:00,24054.4,42.94,1153.5
2025-11-09 22:00:00,20813.6,34.62,1288.5
2025-11-09 23:00:00,19622.7,33.31,812.0
2025-11-10 00:00:00,19582.1,28.31,596.0
2025-11-10 01:00:00,18312.6,27.14,617.0
2025-11-10 02:00:00,16893.9,24.53,1537.0
2025-11-10 03:00:00,16123.3,22.89,1293.5
2025-11-10 04:00:00,16645.5,19.2,1573.0
2025-11-10 05:00:00,20082.4,24.42,2417.5
2025-11-10 06:00:00,23890.7,38.11,1772.5
2025-11-10 07:00:00,28574.9,44.79,2451.5
2025-11-10 08:00:00,30023.7,45.6,3452.5
2025-11-10 09:00:00,30436.0,38.49,5949.0
2025-11-10 10:00:00,28133.2,34.82,7423.0
2025-11-10 11:00:00,26602.7,21.55,7717.0
2025-11-10 12:00:00,24534.7,19.95,7843.5
2025-11-10 13:00:00,24482.0,17.49,6231.5
2025-11-10 14:00:00,25280.3,33.93,4895.0
2025-11-10 15:00:00,27636.2,46.33,3275.5
2025-11-10 16:00:00,30728.9,51.36,1207.0
2025-11-10 17:00:00,33952.1,56.11,919.0
2025-11-10 18:00:00,35769.3,56.64,1533.0
2025-11-10 19:00:00,34016.9,59.86,2068.5
2025-11-10 20:00:00,31002.7,52.34,1669.5
2025-11-10 21:00:00,27826.8,53.25,1466.0
2025-11-10 22:00:00,24939.0,41.44,1986.5
2025-11-10 23:00:00,23526.9,34.75,1811.5
2025-11-11 00:00:00,20130.7,34.28,1822.0
2025-11-11 01:00:00,18675.4,20.23,1053.5
2025-11-11 02:00:00,17061.8,25.69,966.0
2025-11-11 03:00:00,16032.2,24.35,792.5
2025-11-11 04:00:00,16812.4,28.12,601.5
2025-11-11 05:00:00,19705.9,29.61,718.5
2025-11-11 06:00:00,24183.3,38.99,1506.0
2025-11-11 07:00:00,29209.9,49.0,1031.5
2025-11-11 08:00:00,30996.0,54.13,1965.0
2025-11-11 09:00:00,31130.9,49.0,3497.0
2025-11-11 10:00:00,29346.7,32.83,4867.5
2025-11-11 11:00:00,26358.3,29.07,5853.5
2025-11-11 12:00:00,24565.7,17.74,5531.0
2025-11-11 13:00:00,25323.8,23.53,5528.5
2025-11-11 14:00:00,25575.0,33.09,4506.5
2025-11-11 15:00:00,27662.5,35.75,3850.0
2025-11-11 16:00:00,31152.8,49.09,2497.0
2025-11-11 17:00:00,34674.8,62.16,1651.5
2025-11-11 18:00:00,34217.1,48.72,1113.5
2025-11-11 19:00:00,33494.1,57.69,804.5
2025-11-11 20:00:00,31759.7,55.34,819.5
2025-11-11 21:00:00,27848.6,47.73,863.5
2025-11-11 22:00:00,24960.0,42.7,1235.5
2025-11-11 23:00:00,23247.5,38.64,953.5
2025-11-12 00:00:00,19591.2,36.47,859.5
2025-11-12 01:00:00,18229.1,35.63,948.0
2025-11-12 02:00:00,16712.0,24.43,1058.0
2025-11-12 03:00:00,16131.7,21.26,882.5
2025-11-12 04:00:00,16786.7,30.52,939.0
2025-11-12 05:00:00,19661.7,30.73,698.5
2025-11-12 06:00:00,24115.3,38.28,802.5
2025-11-12 07:00:00,28704.6,53.9,846.0
2025-11-12 08:00:00,31567.2,53.47,1905.5
2025-11-12 09:00:00,30369.4,49.17,2773.0
2025-11-12 10:00:00,28411.1,33.32,4066.0
2025-11-12 11:00:00,25737.9,26.19,4860.5
2025-11-12 12:00:00,24347.8,25.63,5743.0
2025-11-12 13:00:00,24334.5,14.58,5173.5
2025-11-12 14:00:00,26356.9,29.6,4244.0
2025-11-12 15:00:00,28270.3,46.58,2371.5
2025-11-12 16:00:00,31321.5,53.59,1085.0
2025-11-12 17:00:00,34392.7,67.6,537.5
2025-11-12 18:00:00,35328.8,60.6,1185.0
2025-11-12 19:00:00,33649.4,59.31,2086.0
2025-11-12 20:00:00,32384.1,57.3,696.5
2025-11-12 21:00:00,28007.7,40.37,1704.0
2025-11-12 22:00:00,25139.7,39.89,1671.0
2025-11-12 23:00:00,23114.1,35.36,1540.5
2025-11-13 00:00:00,19945.4,28.43,1309.5
2025-11-13 01:00:00,19103.1,24.84,1705.5
2025-11-13 02:00:00,16949.2,30.96,1203.5
2025-11-13 03:00:00,16211.4,21.28,908.5
2025-11-13 04:00:00,16795.4,26.19,1169.0
2025-11-13 05:00:00,20200.0,31.32,1223.5
2025-11-13 06:00:00,24510.1,45.16,858.0
2025-11-13 07:00:00,28725.5,57.47,1017.5
2025-11-13 08:00:00,31448.9,62.6,597.5
2025-11-13 09:00:00,30979.9,46.85,1983.0
2025-11-13 10:00:00,28398.0,39.2,3933.0
2025-11-13 11:00:00,26786.6,34.06,5403.5
2025-11-13 12:00:00,24799.6,22.35,5705.5
2025-11-13 13:00:00,24231.6,27.54,5502.0
2025-11-13 14:00:00,25416.0,27.71,5532.0
2025-11-13 15:00:00,28386.9,33.76,4176.0
2025-11-13 16:00:00,31718.5,61.24,2376.5
2025-11-13 17:00:00,33205.5,51.01,1652.0
2025-11-13 18:00:00,35228.7,57.81,1141.5
2025-11-13 19:00:00,34342.1,59.3,1351.5
2025-11-13 20:00:00,30257.0,55.11,2039.0
2025-11-13 21:00:00,28154.7,50.38,1530.5
2025-11-13 22:00:00,25360.8,48.57,2213.5
2025-11-13 23:00:00,23169.0,39.29,2669.5
2025-11-14 00:00:00,20119.1,28.91,2885.0
2025-11-14 01:00:00,18619.1,30.04,2929.0
2025-11-14 02:00:00,16865.6,19.73,3097.5
2025-11-14 03:00:00,15619.9,19.15,2933.5
2025-11-14 04:00:00,17060.6,19.58,2949.5
2025-11-14 05:00:00,20154.4,32.95,2802.5
2025-11-14 06:00:00,25067.6,37.44,2713.0
2025-11-14 07:00:00,28617.1,40.86,2699.0
2025-11-14 08:00:00,31541.8,45.62,3004.0
2025-11-14 09:00:00,30176.7,37.15,4492.0
2025-11-14 10:00:00,28430.3,34.64,5770.0
2025-11-14 11:00:00,26355.8,24.53,6541.0
2025-11-14 12:00:00,24820.8,19.92,7258.0
2025-11-14 13:00:00,24916.4,21.84,7305.5
2025-11-14 14:00:00,25551.7,27.84,6301.5
2025-11-14 15:00:00,27918.6,35.34,4746.5
2025-11-14 16:00:00,31033.7,48.8,3428.5
2025-11-14 17:00:00,33731.4,53.63,3452.5
2025-11-14 18:00:00,36266.6,61.28,3987.5
2025-11-14 19:00:00,34460.2,56.16,3685.5
2025-11-14 20:00:00,31947.3,47.78,3605.5
2025-11-14 21:00:00,28024.2,43.88,3485.5
2025-11-14 22:00:00,25146.0,38.55,4309.5
2025-11-14 23:00:00,23253.5,40.21,3807.5
2025-11-15 00:00:00,17195.8,16.19,3308.0
2025-11-15 01:00:00,16237.2,17.15,1670.0
2025-11-15 02:00:00,14781.8,13.54,1645.5
2025-11-15 03:00:00,14000.0,14.95,1788.5
2025-11-15 04:00:00,14641.1,15.75,2937.5
2025-11-15 05:00:00,17169.0,17.58,4072.0
2025-11-15 06:00:00,21564.6,21.02,4851.0
2025-11-15 07:00:00,25324.5,44.39,3235.5
2025-11-15 08:00:00,27091.2,33.19,3424.0
2025-11-15 09:00:00,26574.5,40.79,5013.5
2025-11-15 10:00:00,25146.8,28.64,5560.5
2025-11-15 11:00:00,22754.7,25.14,5876.0
2025-11-15 12:00:00,21435.7,12.1,5537.5
2025-11-15 13:00:00,21532.5,14.32,6071.0
2025-11-15 14:00:00,21931.2,18.87,5565.0
2025-11-15 15:00:00,25457.8,28.46,5300.0
2025-11-15 16:00:00,27396.4,44.56,2546.5
2025-11-15 17:00:00,29890.2,50.02,2768.5
2025-11-15 18:00:00,30245.4,47.4,2085.0
2025-11-15 19:00:00,30207.1,57.09,2998.5
2025-11-15 20:00:00,27336.5,36.54,3897.0
2025-11-15 21:00:00,24368.8,37.01,3918.0
2025-11-15 22:00:00,21728.6,33.32,2553.5
2025-11-15 23:00:00,19976.6,28.71,3048.0
2025-11-16 00:00:00,17467.2,10.16,3850.0
2025-11-16 01:00:00,16380.0,18.24,3512.5
2025-11-16 02:00:00,14950.7,13.46,4375.5
2025-11-16 03:00:00,14000.0,14.26,4153.0
2025-11-16 04:00:00,14487.4,6.69,4832.5
2025-11-16 05:00:00,17293.9,18.89,5135.0
2025-11-16 06:00:00,21659.4,30.4,5013.0
2025-11-16 07:00:00,25512.9,38.01,4940.0
2025-11-16 08:00:00,27538.1,39.51,4740.5
2025-11-16 09:00:00,26956.0,38.04,5615.5
2025-11-16 10:00:00,25296.9,29.17,6076.0
2025-11-16 11:00:00,22911.3,15.11,6728.5
2025-11-16 12:00:00,20898.2,12.12,7491.5
2025-11-16 13:00:00,21152.8,15.92,7838.5
2025-11-16 14:00:00,22265.2,24.08,7250.0
2025-11-16 15:00:00,24313.2,24.63,5673.0
2025-11-16 16:00:00,27241.5,36.57,4038.0
2025-11-16 17:00:00,29820.2,42.48,3735.0
2025-11-16 18:00:00,30124.6,41.25,4112.5
2025-11-16 19:00:00,29434.2,45.77,3881.0
2025-11-16 20:00:00,28074.2,40.44,3721.5
2025-11-16 21:00:00,23967.2,38.43,3044.5
2025-11-16 22:00:00,21896.7,29.42,2904.5
2025-11-16 23:00:00,19741.7,21.84,3305.5
2025-11-17 00:00:00,19761.3,30.82,3215.5
2025-11-17 01:00:00,18755.8,26.2,2401.5
2025-11-17 02:00:00,16969.7,28.14,1475.0
2025-11-17 03:00:00,16278.5,20.09,1915.5
2025-11-17 04:00:00,17217.9,30.43,2410.5
2025-11-17 05:00:00,20304.4,31.41,2279.5
2025-11-17 06:00:00,25148.9,37.28,1388.5
2025-11-17 07:00:00,28485.3,40.34,2204.5
2025-11-17 08:00:00,31219.2,53.37,2401.0
2025-11-17 09:00:00,31256.1,48.12,3695.0
2025-11-17 10:00:00,29339.3,40.17,4840.0
2025-11-17 11:00:00,27143.1,22.67,5240.5
2025-11-17 12:00:00,25104.7,17.56,5078.0
2025-11-17 13:00:00,24763.5,18.56,4490.0
2025-11-17 14:00:00,26800.4,30.42,3568.0
2025-11-17 15:00:00,28479.1,46.2,2096.5
2025-11-17 16:00:00,31498.6,56.75,496.0
2025-11-17 17:00:00,34357.4,56.97,28.0
2025-11-17 18:00:00,34801.7,58.46,127.5
2025-11-17 19:00:00,34291.2,65.1,167.5
2025-11-17 20:00:00,30773.5,61.17,137.0
2025-11-17 21:00:00,28051.6,52.88,98.0
2025-11-17 22:00:00,25238.1,51.38,82.0
2025-11-17 23:00:00,23465.4,42.85,63.0
2025-11-18 00:00:00,20354.1,41.04,83.5
2025-11-18 01:00:00,18571.0,40.92,134.5
2025-11-18 02:00:00,17791.3,28.15,183.5
2025-11-18 03:00:00,16202.8,28.48,273.5
2025-11-18 04:00:00,16965.3,18.3,139.0
2025-11-18 05:00:00,19597.8,35.65,282.5
2025-11-18 06:00:00,24579.3,38.41,357.5
2025-11-18 07:00:00,29595.3,55.5,601.5
2025-11-18 08:00:00,31466.4,54.47,599.5
2025-11-18 09:00:00,31141.3,50.68,2128.0
2025-11-18 10:00:00,29108.7,30.56,4516.0
2025-11-18 11:00:00,25918.7,24.62,5299.5
2025-11-18 12:00:00,24714.3,28.02,4700.5
2025-11-18 13:00:00,24993.3,27.2,4573.0
2025-11-18 14:00:00,26246.4,22.61,4183.5
2025-11-18 15:00:00,28432.6,41.28,2671.5
2025-11-18 16:00:00,32432.5,55.5,703.5
2025-11-18 17:00:00,33675.9,56.82,823.5
2025-11-18 18:00:00,34830.5,59.53,1252.0
2025-11-18 19:00:00,35273.6,64.79,2158.0
2025-11-18 20:00:00,31919.5,60.87,2258.5
2025-11-18 21:00:00,28201.3,46.54,3467.0
2025-11-18 22:00:00,25303.5,33.68,4191.0
2025-11-18 23:00:00,22894.5,32.57,3673.0
2025-11-19 00:00:00,20136.5,28.71,2744.0
2025-11-19 01:00:00,18930.2,29.68,2821.5
2025-11-19 02:00:00,17287.5,22.16,2979.5
2025-11-19 03:00:00,15911.7,21.72,2992.0
2025-11-19 04:00:00,16999.4,22.47,2620.5
2025-11-19 05:00:00,19958.3,33.51,1264.5
2025-11-19 06:00:00,24483.2,45.35,880.0
2025-11-19 07:00:00,29738.8,48.73,559.0
2025-11-19 08:00:00,32461.1,57.71,662.5
2025-11-19 09:00:00,32049.4,48.68,2407.5
2025-11-19 10:00:00,29340.8,40.72,3971.5
2025-11-19 11:00:00,26430.0,27.24,5230.0
2025-11-19 12:00:00,24764.7,19.96,5587.5
2025-11-19 13:00:00,24665.6,21.64,5313.5
2025-11-19 14:00:00,25704.8,28.07,5033.0
2025-11-19 15:00:00,29097.3,44.8,3037.5
2025-11-19 16:00:00,30771.9,51.8,705.0
2025-11-19 17:00:00,34228.0,60.17,645.5
2025-11-19 18:00:00,35829.0,63.07,789.0
2025-11-19 19:00:00,33935.0,59.28,783.0
2025-11-19 20:00:00,31582.9,54.31,1071.5
2025-11-19 21:00:00,28623.1,52.68,496.0
2025-11-19 22:00:00,25943.8,49.46,444.0
2025-11-19 23:00:00,22762.4,36.21,550.0
2025-11-20 00:00:00,19673.0,23.84,1052.0
2025-11-20 01:00:00,18636.1,30.06,1089.0
2025-11-20 02:00:00,16910.6,17.94,1391.0
2025-11-20 03:00:00,15862.4,27.04,1842.5
2025-11-20 04:00:00,16711.6,25.06,796.0
2025-11-20 05:00:00,20523.0,32.92,1428.5
2025-11-20 06:00:00,24773.8,44.84,1661.5
2025-11-20 07:00:00,29244.4,47.98,2046.5
2025-11-20 08:00:00,31036.7,52.93,2616.0
2025-11-20 09:00:00,31487.9,46.87,3978.5
2025-11-20 10:00:00,29922.5,42.57,5676.5
2025-11-20 11:00:00,26224.0,34.22,5831.0
2025-11-20 12:00:00,25472.6,21.85,6764.0
2025-11-20 13:00:00,24689.6,22.73,8662.5
2025-11-20 14:00:00,25915.5,12.58,8245.5
2025-11-20 15:00:00,28749.7,31.6,7258.5
2025-11-20 16:00:00,31977.9,49.7,5606.5
2025-11-20 17:00:00,35394.4,48.6,5600.0
2025-11-20 18:00:00,35736.6,65.81,4890.0
2025-11-20 19:00:00,34704.8,62.16,4249.0
2025-11-20 20:00:00,31546.8,48.82,3759.5
2025-11-20 21:00:00,28773.3,54.68,3229.0
2025-11-20 22:00:00,25041.8,42.78,2432.5
2025-11-20 23:00:00,23287.9,38.62,1564.5
2025-11-21 00:00:00,20986.2,32.13,2766.0
2025-11-21 01:00:00,18222.3,21.29,2750.5
2025-11-21 02:00:00,17397.1,20.74,4043.5
2025-11-21 03:00:00,16310.3,14.91,3772.5
2025-11-21 04:00:00,16927.1,18.12,4492.5
2025-11-21 05:00:00,20119.3,25.98,4146.5
2025-11-21 06:00:00,24962.8,34.62,5097.5
2025-11-21 07:00:00,29165.0,43.06,4827.5
2025-11-21 08:00:00,31641.5,59.56,4044.5
2025-11-21 09:00:00,31011.1,33.74,5846.0
2025-11-21 10:00:00,30032.7,25.78,6967.5
2025-11-21 11:00:00,26518.2,16.42,8752.0
2025-11-21 12:00:00,25081.0,15.32,9581.0
2025-11-21 13:00:00,24346.4,12.16,9575.5
2025-11-21 14:00:00,26312.1,15.85,8324.5
2025-11-21 15:00:00,28937.1,42.13,6837.5
2025-11-21 16:00:00,32040.9,49.84,5447.5
2025-11-21 17:00:00,33956.7,51.79,4821.5
2025-11-21 18:00:00,35113.7,51.8,4790.0
2025-11-21 19:00:00,35350.4,56.17,4254.5
2025-11-21 20:00:00,31432.3,48.82,3359.0
2025-11-21 21:00:00,28733.0,45.47,4039.5
2025-11-21 22:00:00,25085.0,27.92,5380.5
2025-11-21 23:00:00,23637.9,28.41,4731.0
2025-11-22 00:00:00,17346.7,22.91,4331.5
2025-11-22 01:00:00,16258.3,14.48,4342.5
2025-11-22 02:00:00,14943.8,16.1,4728.5
2025-11-22 03:00:00,14035.9,12.08,4332.5
2025-11-22 04:00:00,14889.0,14.4,3689.0
2025-11-22 05:00:00,17602.1,19.02,3322.0
2025-11-22 06:00:00,21363.4,30.62,3109.0
2025-11-22 07:00:00,25497.1,37.29,3512.5
2025-11-22 08:00:00,27006.3,30.39,3816.5
2025-11-22 09:00:00,27481.7,39.21,5226.5
2025-11-22 10:00:00,25712.0,28.79,5150.5
2025-11-22 11:00:00,23184.6,13.34,5773.0
2025-11-22 12:00:00,21756.1,15.02,6036.5
2025-11-22 13:00:00,21991.2,13.94,6473.0
2025-11-22 14:00:00,22555.7,18.12,4500.0
2025-11-22 15:00:00,24585.2,35.35,3294.0
2025-11-22 16:00:00,27983.7,47.37,4336.0
2025-11-22 17:00:00,29538.9,42.15,4749.0
2025-11-22 18:00:00,30846.0,44.25,5118.0
2025-11-22 19:00:00,29771.0,39.6,5214.5
2025-11-22 20:00:00,27412.5,28.97,5356.0
2025-11-22 21:00:00,24703.6,36.7,4262.0
2025-11-22 22:00:00,22469.9,38.39,4181.0
2025-11-22 23:00:00,20625.2,27.41,3449.5
2025-11-23 00:00:00,17796.2,19.73,4231.0
2025-11-23 01:00:00,16603.8,15.58,5241.0
2025-11-23 02:00:00,15068.5,14.23,3463.0
2025-11-23 03:00:00,14000.0,9.09,3567.5
2025-11-23 04:00:00,14902.2,27.66,3038.0
2025-11-23 05:00:00,17007.0,21.45,3916.0
2025-11-23 06:00:00,21124.0,34.16,2227.0
2025-11-23 07:00:00,25482.6,47.91,3375.0
2025-11-23 08:00:00,27626.4,42.17,4075.0
2025-11-23 09:00:00,27073.7,30.67,5063.5
2025-11-23 10:00:00,26019.3,19.87,6758.0
2025-11-23 11:00:00,23387.3,26.4,6465.5
2025-11-23 12:00:00,21617.9,19.37,5795.5
2025-11-23 13:00:00,21905.1,16.03,5878.5
2025-11-23 14:00:00,23173.3,18.89,5514.0
2025-11-23 15:00:00,25166.4,31.82,3587.5
2025-11-23 16:00:00,27459.5,45.83,2551.5
2025-11-23 17:00:00,29844.3,57.66,2241.0
2025-11-23 18:00:00,30315.8,50.38,2380.5
2025-11-23 19:00:00,30065.0,45.74,2757.5
2025-11-23 20:00:00,27307.0,38.56,2570.0
2025-11-23 21:00:00,24709.7,39.88,3168.5
2025-11-23 22:00:00,22289.4,37.24,2911.5
2025-11-23 23:00:00,19713.4,36.96,1979.5
2025-11-24 00:00:00,19820.2,41.48,1641.5
2025-11-24 01:00:00,18870.8,21.69,1724.5
2025-11-24 02:00:00,17397.7,23.55,2434.5
2025-11-24 03:00:00,16193.5,21.18,1517.5
2025-11-24 04:00:00,16989.4,24.44,1162.5
2025-11-24 05:00:00,20053.8,28.5,1013.5
2025-11-24 06:00:00,24492.1,43.56,621.5
2025-11-24 07:00:00,29166.5,44.49,1648.0
2025-11-24 08:00:00,31571.6,56.93,1594.5
2025-11-24 09:00:00,31228.6,52.2,2869.0
2025-11-24 10:00:00,29323.6,35.56,4090.5
2025-11-24 11:00:00,26901.9,34.19,4702.0
2025-11-24 12:00:00,25231.5,25.97,4943.0
2025-11-24 13:00:00,24464.9,27.16,5232.0
2025-11-24 14:00:00,25445.1,27.58,5614.5
2025-11-24 15:00:00,29294.3,36.58,4299.5
2025-11-24 16:00:00,32163.3,54.82,2171.0
2025-11-24 17:00:00,34141.4,58.28,1698.0
2025-11-24 18:00:00,35816.8,67.43,1585.5
2025-11-24 19:00:00,35182.3,62.12,1318.5
2025-11-24 20:00:00,32762.2,60.9,2064.5
2025-11-24 21:00:00,28689.9,51.09,1588.0
2025-11-24 22:00:00,25961.9,43.32,1925.5
2025-11-24 23:00:00,22962.1,38.41,1358.0
2025-11-25 00:00:00,20219.3,35.92,1275.0
2025-11-25 01:00:00,18945.1,30.71,1847.5
2025-11-25 02:00:00,17524.4,29.22,1710.0
2025-11-25 03:00:00,16731.0,16.49,3004.5
2025-11-25 04:00:00,17145.5,18.65,3368.0
2025-11-25 05:00:00,20010.1,27.48,3127.5
2025-11-25 06:00:00,24594.8,34.74,3714.5
2025-11-25 07:00:00,30168.5,42.92,4044.5
2025-11-25 08:00:00,31959.7,57.28,3379.5
2025-11-25 09:00:00,31627.8,38.43,5330.5
2025-11-25 10:00:00,29162.6,34.23,7262.5
2025-11-25 11:00:00,26877.3,29.49,8205.0
2025-11-25 12:00:00,24639.2,13.48,9018.5
2025-11-25 13:00:00,24876.3,5.7,9539.5
2025-11-25 14:00:00,25636.1,19.7,7841.0
2025-11-25 15:00:00,28629.4,33.66,5421.5
2025-11-25 16:00:00,31712.4,44.03,4122.0
2025-11-25 17:00:00,32989.1,52.97,4793.5
2025-11-25 18:00:00,35530.1,60.75,3672.5
2025-11-25 19:00:00,34206.4,58.25,3583.5
2025-11-25 20:00:00,31875.8,49.67,2555.5
2025-11-25 21:00:00,28621.5,51.16,2613.0
2025-11-25 22:00:00,26268.5,33.36,5260.5
2025-11-25 23:00:00,23524.8,26.04,5213.0
2025-11-26 00:00:00,20357.8,21.1,4324.5
2025-11-26 01:00:00,19207.0,21.66,3597.5
2025-11-26 02:00:00,17685.5,21.72,3756.5
2025-11-26 03:00:00,16468.7,13.24,4250.0
2025-11-26 04:00:00,17175.7,14.95,4621.0
2025-11-26 05:00:00,20538.5,33.02,4181.5
2025-11-26 06:00:00,24188.5,31.67,4013.0
2025-11-26 07:00:00,30403.3,50.36,4376.0
2025-11-26 08:00:00,32513.3,51.61,4292.0
2025-11-26 09:00:00,31559.6,43.55,6935.0
2025-11-26 10:00:00,28729.3,27.62,8479.0
2025-11-26 11:00:00,27290.8,20.91,9165.0
2025-11-26 12:00:00,24781.0,14.08,9229.0
2025-11-26 13:00:00,24962.8,14.16,8463.0
2025-11-26 14:00:00,25626.8,22.23,8005.0
2025-11-26 15:00:00,29784.1,34.96,6280.0
2025-11-26 16:00:00,31368.8,39.71,4754.5
2025-11-26 17:00:00,34764.3,54.7,5600.0
2025-11-26 18:00:00,34623.5,52.5,5600.0
2025-11-26 19:00:00,34697.0,54.69,5600.0
2025-11-26 20:00:00,31813.6,47.83,5230.5
2025-11-26 21:00:00,29146.4,46.12,4942.5
2025-11-26 22:00:00,25459.3,37.69,4602.0
2025-11-26 23:00:00,23848.3,30.82,5109.0
2025-11-27 00:00:00,19969.7,60.67,5245.0
2025-11-27 01:00:00,19008.1,49.77,5600.0
2025-11-27 02:00:00,17410.1,66.99,5600.0
2025-11-27 03:00:00,16499.2,25.04,5600.0
2025-11-27 04:00:00,17219.2,43.98,5333.0
2025-11-27 05:00:00,20567.2,73.72,3982.0
2025-11-27 06:00:00,25233.8,99.38,4629.0
2025-11-27 07:00:00,29808.8,65.46,4427.5
2025-11-27 08:00:00,31367.1,66.04,4560.5
2025-11-27 09:00:00,31679.7,82.61,6052.5
2025-11-27 10:00:00,30096.6,67.17,8814.5
2025-11-27 11:00:00,26161.0,45.71,9602.0
2025-11-27 12:00:00,25256.5,37.61,9602.0
2025-11-27 13:00:00,25046.8,70.86,9283.0
2025-11-27 14:00:00,26735.3,41.48,8644.0
2025-11-27 15:00:00,29171.4,75.66,6942.0
2025-11-27 16:00:00,32150.3,104.4,4939.0
2025-11-27 17:00:00,34995.6,78.04,4386.5
2025-11-27 18:00:00,35411.3,101.94,3911.5
2025-11-27 19:00:00,34559.1,98.36,4798.0
2025-11-27 20:00:00,31415.1,93.63,5303.0
2025-11-27 21:00:00,29333.0,61.88,5600.0
2025-11-27 22:00:00,25827.7,83.89,5253.5
2025-11-27 23:00:00,23154.2,81.76,5138.0
2025-11-28 00:00:00,20387.9,28.04,5021.5
2025-11-28 01:00:00,19443.8,25.65,4188.5
2025-11-28 02:00:00,17760.1,25.03,4158.0
2025-11-28 03:00:00,16168.7,12.96,4520.5
2025-11-28 04:00:00,16338.9,11.29,4800.0
2025-11-28 05:00:00,20491.7,33.42,2989.0
2025-11-28 06:00:00,24828.3,32.91,3070.5
2025-11-28 07:00:00,29826.8,44.6,2481.5
2025-11-28 08:00:00,32286.7,49.16,3611.5
2025-11-28 09:00:00,32060.0,39.81,5668.5
2025-11-28 10:00:00,30192.5,35.61,5095.5
2025-11-28 11:00:00,27367.4,21.75,5675.5
2025-11-28 12:00:00,25761.1,30.78,5763.0
2025-11-28 13:00:00,25338.0,15.63,6834.5
2025-11-28 14:00:00,26768.9,38.22,6214.0
2025-11-28 15:00:00,28873.6,44.01,4130.5
2025-11-28 16:00:00,31518.4,63.77,2832.5
2025-11-28 17:00:00,36108.7,58.29,3125.0
2025-11-28 18:00:00,35882.3,58.19,3571.0
2025-11-28 19:00:00,35444.0,64.77,3573.5
2025-11-28 20:00:00,31830.4,45.83,4256.5
2025-11-28 21:00:00,29142.3,48.77,3806.5
2025-11-28 22:00:00,24742.8,35.43,3934.5
2025-11-28 23:00:00,23359.9,38.04,3408.0
2025-11-29 00:00:00,17659.5,27.69,3488.5
2025-11-29 01:00:00,16761.3,16.37,4168.5
2025-11-29 02:00:00,15486.9,11.58,4671.0
2025-11-29 03:00:00,14047.0,7.46,4154.5
2025-11-29 04:00:00,15080.8,8.07,4549.5
2025-11-29 05:00:00,18069.2,20.2,3613.0
2025-11-29 06:00:00,22687.8,32.91,3271.5
2025-11-29 07:00:00,26011.3,37.67,3200.5
2025-11-29 08:00:00,27534.9,44.97,2920.5
2025-11-29 09:00:00,26941.1,41.25,3463.0
2025-11-29 10:00:00,26329.7,28.84,4517.0
2025-11-29 11:00:00,23661.4,21.57,4702.0
2025-11-29 12:00:00,21856.5,24.32,4577.0
2025-11-29 13:00:00,21096.4,20.28,4299.0
2025-11-29 14:00:00,22494.9,24.22,3768.5
2025-11-29 15:00:00,25402.2,33.54,2810.5
2025-11-29 16:00:00,28142.1,51.76,1520.0
2025-11-29 17:00:00,29435.9,48.65,1985.5
2025-11-29 18:00:00,31519.8,46.32,1859.5
2025-11-29 19:00:00,29599.4,43.46,1078.0
2025-11-29 20:00:00,28522.3,46.24,1151.0
2025-11-29 21:00:00,25099.0,38.24,1107.0
2025-11-29 22:00:00,22215.6,36.25,1287.5
2025-11-29 23:00:00,20776.3,25.1,1328.5
2025-11-30 00:00:00,17798.6,26.33,1580.5
2025-11-30 01:00:00,16995.0,19.65,1906.0
2025-11-30 02:00:00,15276.7,24.88,1716.0
2025-11-30 03:00:00,14326.6,14.12,2300.0
2025-11-30 04:00:00,14885.1,21.26,2740.5
2025-11-30 05:00:00,17832.0,24.16,2378.0
2025-11-30 06:00:00,22499.1,31.55,2700.0
2025-11-30 07:00:00,25571.9,34.77,2655.5
2025-11-30 08:00:00,28025.8,41.6,2793.5
2025-11-30 09:00:00,27131.6,42.31,4202.0
2025-11-30 10:00:00,24859.0,26.14,5448.0
2025-11-30 11:00:00,23500.8,15.3,6563.5
2025-11-30 12:00:00,22009.0,15.94,6840.0
2025-11-30 13:00:00,21609.4,12.18,6746.0
2025-11-30 14:00:00,22325.8,16.82,5834.5
2025-11-30 15:00:00,25306.1,31.18,4144.5
2025-11-30 16:00:00,28135.7,50.07,2391.0
2025-11-30 17:00:00,29949.2,49.24,2607.5
2025-11-30 18:00:00,30622.6,56.29,1393.0
2025-11-30 19:00:00,30230.4,50.82,1339.0
2025-11-30 20:00:00,28258.9,45.92,1331.5
2025-11-30 21:00:00,25204.4,46.78,2035.5
2025-11-30 22:00:00,22099.4,29.86,1920.5
2025-11-30 23:00:00,20536.4,30.62,1498.0
2025-12-01 00:00:00,20642.3,37.5,1199.5
2025-12-01 01:00:00,18836.2,27.74,884.0
2025-12-01 02:00:00,17572.9,33.72,1405.0
2025-12-01 03:00:00,16780.6,20.71,1320.0
2025-12-01 04:00:00,16871.6,27.58,1193.5
2025-12-01 05:00:00,20791.3,40.53,1092.5
2025-12-01 06:00:00,25857.8,44.74,1120.5
2025-12-01 07:00:00,29548.0,53.13,1252.5
2025-12-01 08:00:00,31772.0,57.72,2130.0
2025-12-01 09:00:00,32125.9,37.88,3310.5
2025-12-01 10:00:00,29435.6,41.46,5124.0
2025-12-01 11:00:00,26004.8,24.11,7037.5
2025-12-01 12:00:00,25146.5,20.27,7424.0
2025-12-01 13:00:00,25080.8,22.62,6428.5
2025-12-01 14:00:00,26569.6,21.34,5025.5
2025-12-01 15:00:00,28602.2,45.06,3318.0
2025-12-01 16:00:00,32113.8,55.09,2823.0
2025-12-01 17:00:00,35437.2,58.71,1756.5
2025-12-01 18:00:00,35932.4,66.39,1332.0
2025-12-01 19:00:00,34114.9,63.93,956.5
2025-12-01 20:00:00,32797.3,56.33,1055.0
2025-12-01 21:00:00,28727.6,56.24,690.0
2025-12-01 22:00:00,26190.0,45.48,474.5
2025-12-01 23:00:00,23087.3,36.83,1184.0
2025-12-02 00:00:00,20354.1,36.37,567.0
2025-12-02 01:00:00,19339.0,26.83,1014.0
2025-12-02 02:00:00,17550.4,23.36,1683.0
2025-12-02 03:00:00,16173.9,18.92,1060.5
2025-12-02 04:00:00,16600.9,23.64,1183.5
2025-12-02 05:00:00,20924.4,31.33,1531.5
2025-12-02 06:00:00,25363.4,44.11,809.5
2025-12-02 07:00:00,30195.2,58.01,798.0
2025-12-02 08:00:00,32412.8,59.7,1535.0
2025-12-02 09:00:00,31950.0,47.07,4117.0
2025-12-02 10:00:00,29404.4,40.0,5618.5
2025-12-02 11:00:00,27180.9,24.73,5964.5
2025-12-02 12:00:00,25750.1,27.84,5288.0
2025-12-02 13:00:00,24960.4,26.14,6149.0
2025-12-02 14:00:00,27053.9,37.49,5781.0
2025-12-02 15:00:00,28360.9,37.93,5058.0
2025-12-02 16:00:00,31497.9,49.54,3322.0
2025-12-02 17:00:00,35477.7,60.18,3040.0
2025-12-02 18:00:00,35557.8,60.95,2856.5
2025-12-02 19:00:00,36020.8,58.71,2908.5
2025-12-02 20:00:00,32877.5,55.74,2563.0
2025-12-02 21:00:00,29535.3,54.92,3120.5
2025-12-02 22:00:00,26135.5,32.88,3312.5
2025-12-02 23:00:00,23277.7,24.61,2904.5
2025-12-03 00:00:00,19901.9,21.42,2859.0
2025-12-03 01:00:00,19640.8,22.4,3298.5
2025-12-03 02:00:00,17194.0,16.43,3177.5
2025-12-03 03:00:00,16873.2,17.34,3191.0
2025-12-03 04:00:00,17406.3,17.5,3196.5
2025-12-03 05:00:00,20452.5,28.86,3799.5
2025-12-03 06:00:00,25460.4,31.56,4732.5
2025-12-03 07:00:00,29910.6,40.07,4712.0
2025-12-03 08:00:00,31899.9,42.32,4025.0
2025-12-03 09:00:00,32373.6,48.54,5733.5
2025-12-03 10:00:00,30191.4,38.24,7410.0
2025-12-03 11:00:00,27070.6,23.04,8555.0
2025-12-03 12:00:00,25004.6,20.79,7166.0
2025-12-03 13:00:00,25441.2,23.15,7544.5
2025-12-03 14:00:00,25529.1,29.36,5800.5
2025-12-03 15:00:00,29233.6,37.38,3581.0
2025-12-03 16:00:00,32664.1,57.8,833.0
2025-12-03 17:00:00,34557.1,66.03,1264.5
2025-12-03 18:00:00,36559.6,64.86,775.5
2025-12-03 19:00:00,34968.1,63.34,1314.5
2025-12-03 20:00:00,31996.7,60.92,1601.5
2025-12-03 21:00:00,29292.2,59.84,1771.5
2025-12-03 22:00:00,25396.8,43.55,2821.0
2025-12-03 23:00:00,23933.8,27.93,4290.5
2025-12-04 00:00:00,19820.3,19.89,5149.5
2025-12-04 01:00:00,19309.1,28.24,4476.5
2025-12-04 02:00:00,17616.6,19.07,3232.0
2025-12-04 03:00:00,16362.2,25.29,2249.5
2025-12-04 04:00:00,17349.1,29.57,2900.5
2025-12-04 05:00:00,20469.3,32.48,3329.0
2025-12-04 06:00:00,25715.2,46.23,3478.0
2025-12-04 07:00:00,29978.9,42.36,3718.5
2025-12-04 08:00:00,32242.4,44.23,3491.0
2025-12-04 09:00:00,31862.3,41.97,4781.0
2025-12-04 10:00:00,29390.3,32.48,6654.0
2025-12-04 11:00:00,26908.8,19.8,7499.0
2025-12-04 12:00:00,25347.7,17.35,7333.0
2025-12-04 13:00:00,24909.2,20.03,6891.5
2025-12-04 14:00:00,26790.1,27.39,5786.0
2025-12-04 15:00:00,29106.3,42.98,4697.5
2025-12-04 16:00:00,32516.2,54.62,2723.5
2025-12-04 17:00:00,34285.5,55.09,3058.5
2025-12-04 18:00:00,36574.9,68.13,2232.0
2025-12-04 19:00:00,34707.2,71.94,2356.0
2025-12-04 20:00:00,31783.9,55.28,2571.0
2025-12-04 21:00:00,29613.8,45.82,2911.0
2025-12-04 22:00:00,26110.1,33.78,2891.0
2025-12-04 23:00:00,23993.0,36.36,2318.0
2025-12-05 00:00:00,20583.9,22.07,3871.0
2025-12-05 01:00:00,19215.6,27.25,3428.0
2025-12-05 02:00:00,17545.5,28.56,3482.5
2025-12-05 03:00:00,16702.2,16.27,3416.5
2025-12-05 04:00:00,17555.7,21.43,2364.0
2025-12-05 05:00:00,20489.6,33.18,2303.0
2025-12-05 06:00:00,26123.1,39.09,2231.0
2025-12-05 07:00:00,29665.5,40.24,3179.0
2025-12-05 08:00:00,31381.0,54.19,4134.5
2025-12-05 09:00:00,30929.6,35.72,5796.5
2025-12-05 10:00:00,28874.2,30.98,6850.5
2025-12-05 11:00:00,26885.4,22.36,7789.5
2025-12-05 12:00:00,25186.4,17.48,7897.5
2025-12-05 13:00:00,25250.5,21.26,8391.5
2025-12-05 14:00:00,26361.1,20.29,6809.0
2025-12-05 15:00:00,29457.4,43.14,4195.5
2025-12-05 16:00:00,32382.1,50.78,2640.0
2025-12-05 17:00:00,35058.2,60.38,2556.0
2025-12-05 18:00:00,35781.5,54.69,4235.0
2025-12-05 19:00:00,35788.9,57.34,4861.0
2025-12-05 20:00:00,31573.0,53.76,3779.5
2025-12-05 21:00:00,29054.6,44.98,3453.5
2025-12-05 22:00:00,25790.4,36.32,4001.5
2025-12-05 23:00:00,23943.3,28.76,4799.0
2025-12-06 00:00:00,17794.8,19.62,4797.5
2025-12-06 01:00:00,16756.0,23.63,3631.5
2025-12-06 02:00:00,15279.3,14.64,4298.0
2025-12-06 03:00:00,14674.5,19.11,4510.0
2025-12-06 04:00:00,15030.4,10.96,5442.0
2025-12-06 05:00:00,18385.5,26.81,5600.0
2025-12-06 06:00:00,22148.9,18.44,5600.0
2025-12-06 07:00:00,25913.9,32.29,5600.0
2025-12-06 08:00:00,27845.1,35.17,5600.0
2025-12-06 09:00:00,27877.2,32.58,6817.5
2025-12-06 10:00:00,25565.2,24.91,8149.5
2025-12-06 11:00:00,23605.9,27.39,8035.0
2025-12-06 12:00:00,22008.3,13.58,7547.5
2025-12-06 13:00:00,21868.2,15.46,8235.0
2025-12-06 14:00:00,23082.2,15.61,7166.5
2025-12-06 15:00:00,25479.9,28.69,5888.5
2025-12-06 16:00:00,28215.2,44.93,4365.0
2025-12-06 17:00:00,31236.1,40.98,4879.0
2025-12-06 18:00:00,31625.2,41.85,5600.0
2025-12-06 19:00:00,31701.8,47.15,5600.0
2025-12-06 20:00:00,28157.0,38.68,5600.0
2025-12-06 21:00:00,25545.3,34.8,5600.0
2025-12-06 22:00:00,22271.0,19.94,5600.0
2025-12-06 23:00:00,21038.0,22.99,5600.0
2025-12-07 00:00:00,17624.9,16.18,5600.0
2025-12-07 01:00:00,16880.4,16.5,5600.0
2025-12-07 02:00:00,15290.7,15.91,5600.0
2025-12-07 03:00:00,14481.9,10.84,5600.0
2025-12-07 04:00:00,14987.6,7.11,5596.0
2025-12-07 05:00:00,17659.1,18.68,5600.0
2025-12-07 06:00:00,21984.6,19.06,5593.5
2025-12-07 07:00:00,26523.4,36.87,5349.5
2025-12-07 08:00:00,28121.6,44.19,4232.5
2025-12-07 09:00:00,27128.2,34.98,5252.0
2025-12-07 10:00:00,26235.4,32.37,5955.5
2025-12-07 11:00:00,23256.0,13.63,6924.5
2025-12-07 12:00:00,22266.9,25.25,7268.0
2025-12-07 13:00:00,21958.3,11.0,7614.5
2025-12-07 14:00:00,23190.4,10.68,6553.0
2025-12-07 15:00:00,26049.8,27.24,5442.5
2025-12-07 16:00:00,27844.8,52.83,4744.5
2025-12-07 17:00:00,30819.5,52.09,4386.0
2025-12-07 18:00:00,32042.7,45.7,3935.5
2025-12-07 19:00:00,30236.3,52.84,3613.0
2025-12-07 20:00:00,27841.1,46.88,4265.0
2025-12-07 21:00:00,25092.5,34.39,2003.5
2025-12-07 22:00:00,22642.1,39.48,2473.5
2025-12-07 23:00:00,20183.5,25.15,3573.0
2025-12-08 00:00:00,20657.8,31.12,3426.0
2025-12-08 01:00:00,18876.4,27.92,3690.5
2025-12-08 02:00:00,17999.8,25.61,3872.5
2025-12-08 03:00:00,16672.2,18.92,3452.5
2025-12-08 04:00:00,17795.9,18.79,3394.5
2025-12-08 05:00:00,20760.7,30.3,3575.5
2025-12-08 06:00:00,25273.8,42.01,3103.5
2025-12-08 07:00:00,29460.1,50.14,2706.5
2025-12-08 08:00:00,32235.0,53.67,2744.5
2025-12-08 09:00:00,31803.1,50.7,3711.0
2025-12-08 10:00:00,30216.0,31.94,5196.0
2025-12-08 11:00:00,26733.7,29.83,6218.5
2025-12-08 12:00:00,26096.4,25.42,5536.0
2025-12-08 13:00:00,25527.2,30.58,5592.5
2025-12-08 14:00:00,26348.3,31.7,4926.5
2025-12-08 15:00:00,29937.9,47.43,3323.5
2025-12-08 16:00:00,32048.8,58.44,1576.5
2025-12-08 17:00:00,35234.6,60.89,1684.0
2025-12-08 18:00:00,35479.0,60.51,1355.5
2025-12-08 19:00:00,36089.0,66.17,2640.5
2025-12-08 20:00:00,31584.4,55.91,1799.0
2025-12-08 21:00:00,28359.6,48.3,2100.5
2025-12-08 22:00:00,25669.6,46.23,1689.5
2025-12-08 23:00:00,24186.9,42.71,1278.5
2025-12-09 00:00:00,20794.4,37.42,1883.5
2025-12-09 01:00:00,19330.8,27.07,1928.5
2025-12-09 02:00:00,17938.0,28.0,1864.5
2025-12-09 03:00:00,16526.1,26.56,2740.5
2025-12-09 04:00:00,17419.6,22.0,1896.5
2025-12-09 05:00:00,21076.6,29.99,1053.0
2025-12-09 06:00:00,25311.3,42.63,1005.5
2025-12-09 07:00:00,29492.5,51.15,1401.0
2025-12-09 08:00:00,32366.2,58.61,1104.0
2025-12-09 09:00:00,32190.4,53.76,2772.5
2025-12-09 10:00:00,29755.0,40.66,4485.5
2025-12-09 11:00:00,27536.1,41.0,5138.0
2025-12-09 12:00:00,25267.5,29.83,5495.0
2025-12-09 13:00:00,25111.4,21.84,5505.0
2025-12-09 14:00:00,26593.6,35.73,4377.5
2025-12-09 15:00:00,29295.2,44.06,2884.5
2025-12-09 16:00:00,33234.7,61.78,1294.0
2025-12-09 17:00:00,35342.5,62.47,2433.0
2025-12-09 18:00:00,36028.6,52.56,3665.5
2025-12-09 19:00:00,35415.9,53.7,4615.0
2025-12-09 20:00:00,32894.8,54.22,3572.5
2025-12-09 21:00:00,29340.4,47.48,4434.5
2025-12-09 22:00:00,26211.7,32.32,4810.0
2025-12-09 23:00:00,23197.7,39.24,3480.0
2025-12-10 00:00:00,19745.3,31.38,2795.5
2025-12-10 01:00:00,19675.5,25.37,1821.5
2025-12-10 02:00:00,17794.2,26.22,1490.5
2025-12-10 03:00:00,16558.6,25.14,2586.5
2025-12-10 04:00:00,17500.0,29.31,2112.5
2025-12-10 05:00:00,21173.4,25.59,2475.0
2025-12-10 06:00:00,25958.4,37.89,2805.5
2025-12-10 07:00:00,30282.9,53.0,3310.0
2025-12-10 08:00:00,31729.6,46.48,3518.0
2025-12-10 09:00:00,31493.0,46.34,5530.5
2025-12-10 10:00:00,28658.4,32.54,6659.0
2025-12-10 11:00:00,27400.8,23.99,7965.5
2025-12-10 12:00:00,25779.8,11.8,7605.5
2025-12-10 13:00:00,25525.1,25.16,8102.0
2025-12-10 14:00:00,26727.8,24.4,7095.0
2025-12-10 15:00:00,29118.3,37.39,4984.5
2025-12-10 16:00:00,32192.7,55.98,2693.5
2025-12-10 17:00:00,34731.8,59.87,2424.0
2025-12-10 18:00:00,36125.0,63.02,2307.5
2025-12-10 19:00:00,34641.5,59.59,2161.0
2025-12-10 20:00:00,33276.4,53.65,2804.5
2025-12-10 21:00:00,28452.8,41.53,3623.5
2025-12-10 22:00:00,25869.9,40.58,3924.5
2025-12-10 23:00:00,23054.5,28.56,3757.0
2025-12-11 00:00:00,20613.8,25.73,3246.0
2025-12-11 01:00:00,19315.2,24.9,3749.5
2025-12-11 02:00:00,17592.0,22.64,4247.0
2025-12-11 03:00:00,16340.4,13.55,4566.0
2025-12-11 04:00:00,17328.9,17.59,3506.5
2025-12-11 05:00:00,20420.7,28.52,2445.5
2025-12-11 06:00:00,25380.0,35.11,3057.5
2025-12-11 07:00:00,30744.0,51.19,2306.5
2025-12-11 08:00:00,32256.6,47.72,1230.5
2025-12-11 09:00:00,32125.4,57.67,2487.0
2025-12-11 10:00:00,29530.1,39.17,4097.5
2025-12-11 11:00:00,26837.0,23.73,4461.0
2025-12-11 12:00:00,25362.1,22.98,5529.0
2025-12-11 13:00:00,26032.4,26.53,5850.0
2025-12-11 14:00:00,26358.9,28.76,5805.5
2025-12-11 15:00:00,29358.7,35.25,4813.5
2025-12-11 16:00:00,32080.2,56.51,3816.0
2025-12-11 17:00:00,33730.7,57.88,4049.5
2025-12-11 18:00:00,35802.7,52.13,4529.5
2025-12-11 19:00:00,36431.0,60.62,4381.0
2025-12-11 20:00:00,32728.4,45.04,5600.0
2025-12-11 21:00:00,29748.9,39.59,4330.0
2025-12-11 22:00:00,25824.2,33.73,4081.0
2025-12-11 23:00:00,22916.2,35.29,3734.5
2025-12-12 00:00:00,20190.3,22.5,3597.5
2025-12-12 01:00:00,19439.7,24.68,4358.5
2025-12-12 02:00:00,17757.7,11.4,5600.0
2025-12-12 03:00:00,16577.1,17.8,5600.0
2025-12-12 04:00:00,17198.2,15.32,5448.5
2025-12-12 05:00:00,20888.4,25.73,5600.0
2025-12-12 06:00:00,25252.3,27.94,5600.0
2025-12-12 07:00:00,30018.5,52.14,5600.0
2025-12-12 08:00:00,32282.3,55.99,5600.0
2025-12-12 09:00:00,31708.7,30.6,6824.0
2025-12-12 10:00:00,29357.3,34.7,8425.0
2025-12-12 11:00:00,26994.6,20.53,9450.0
2025-12-12 12:00:00,26095.6,19.46,9578.0
2025-12-12 13:00:00,25520.2,19.9,9147.0
2025-12-12 14:00:00,26890.3,29.05,8195.0
2025-12-12 15:00:00,28868.9,32.49,6917.0
2025-12-12 16:00:00,31797.6,40.63,5600.0
2025-12-12 17:00:00,35779.6,52.52,5600.0
2025-12-12 18:00:00,36740.2,54.0,5600.0
2025-12-12 19:00:00,35263.1,54.31,5600.0
2025-12-12 20:00:00,32272.9,47.9,5600.0
2025-12-12 21:00:00,28409.5,37.7,5600.0
2025-12-12 22:00:00,26309.2,32.54,5600.0
2025-12-12 23:00:00,24189.6,33.83,5600.0
2025-12-13 00:00:00,17687.7,12.88,5600.0
2025-12-13 01:00:00,16626.7,18.31,5600.0
2025-12-13 02:00:00,15687.1,12.94,5600.0
2025-12-13 03:00:00,14291.1,7.87,5600.0
2025-12-13 04:00:00,15491.0,8.54,5600.0
2025-12-13 05:00:00,17898.1,25.06,4933.0
2025-12-13 06:00:00,22016.3,20.8,4809.5
2025-12-13 07:00:00,26023.9,36.92,5495.5
2025-12-13 08:00:00,27852.2,42.52,3520.0
2025-12-13 09:00:00,28219.7,38.2,4615.0
2025-12-13 10:00:00,26237.4,25.76,5289.5
2025-12-13 11:00:00,24032.1,20.06,6117.0
2025-12-13 12:00:00,22152.5,30.0,5295.0
2025-12-13 13:00:00,21697.2,27.16,4217.0
2025-12-13 14:00:00,23047.9,30.47,4438.5
2025-12-13 15:00:00,25263.5,40.14,2681.0
2025-12-13 16:00:00,28907.1,51.14,1272.0
2025-12-13 17:00:00,31097.3,58.63,2266.0
2025-12-13 18:00:00,31505.2,54.45,2216.5
2025-12-13 19:00:00,30202.4,59.89,2610.5
2025-12-13 20:00:00,28898.4,54.49,1713.0
2025-12-13 21:00:00,25333.0,43.71,1443.5
2025-12-13 22:00:00,22559.8,37.62,2166.0
2025-12-13 23:00:00,21166.1,32.63,1730.0
2025-12-14 00:00:00,17739.1,32.95,1756.5
2025-12-14 01:00:00,16744.3,21.31,1654.5
2025-12-14 02:00:00,15352.4,23.46,1728.5
2025-12-14 03:00:00,14149.9,20.45,888.0
2025-12-14 04:00:00,15165.0,17.87,1299.5
2025-12-14 05:00:00,17728.5,26.79,2041.5
2025-12-14 06:00:00,21962.7,21.95,2251.5
2025-12-14 07:00:00,25740.4,44.34,2641.0
2025-12-14 08:00:00,27777.5,50.76,2939.0
2025-12-14 09:00:00,27411.1,35.82,4417.5
2025-12-14 10:00:00,25998.3,28.45,5640.5
2025-12-14 11:00:00,23599.1,21.57,6107.5
2025-12-14 12:00:00,22114.8,23.13,5876.5
2025-12-14 13:00:00,22625.9,25.69,6420.5
2025-12-14 14:00:00,23005.2,29.77,5336.5
2025-12-14 15:00:00,25665.4,40.52,3835.5
2025-12-14 16:00:00,28599.6,47.52,2954.5
2025-12-14 17:00:00,30618.4,41.63,2987.5
2025-12-14 18:00:00,31688.9,51.22,3117.0
2025-12-14 19:00:00,30648.1,52.7,3625.0
2025-12-14 20:00:00,28341.1,47.53,3748.5
2025-12-14 21:00:00,25067.4,35.31,4081.5
2025-12-14 22:00:00,22444.1,22.6,4164.5
2025-12-14 23:00:00,20697.6,29.62,4583.0
2025-12-15 00:00:00,19945.0,21.21,4305.0
2025-12-15 01:00:00,19778.6,19.3,5058.0
2025-12-15 02:00:00,18287.0,23.03,5600.0
2025-12-15 03:00:00,16639.2,17.52,4836.0
2025-12-15 04:00:00,17527.2,23.92,4160.0
2025-12-15 05:00:00,20953.7,21.33,4256.0
2025-12-15 06:00:00,24963.7,34.94,4365.5
2025-12-15 07:00:00,30327.8,39.81,4272.0
2025-12-15 08:00:00,32015.0,54.65,4250.0
2025-12-15 09:00:00,33014.5,51.62,5106.0
2025-12-15 10:00:00,29697.2,30.61,6676.5
2025-12-15 11:00:00,27567.2,26.82,7124.0
2025-12-15 12:00:00,25340.4,23.28,7744.5
2025-12-15 13:00:00,25955.1,19.98,7182.0
2025-12-15 14:00:00,26308.5,21.63,6268.0
2025-12-15 15:00:00,29754.7,40.73,5160.5
2025-12-15 16:00:00,32837.7,54.76,4504.0
2025-12-15 17:00:00,35450.6,54.46,3722.5
2025-12-15 18:00:00,36410.2,68.54,2649.5
2025-12-15 19:00:00,34874.5,62.53,2095.0
2025-12-15 20:00:00,31226.5,59.68,1593.5
2025-12-15 21:00:00,29545.9,43.11,3115.5
2025-12-15 22:00:00,25807.4,33.67,3954.0
2025-12-15 23:00:00,24208.6,32.08,3798.0
2025-12-16 00:00:00,20666.2,34.3,3449.0
2025-12-16 01:00:00,19697.4,25.66,3813.0
2025-12-16 02:00:00,17930.2,23.31,2636.0
2025-12-16 03:00:00,15987.0,24.84,3090.5
2025-12-16 04:00:00,17518.1,15.56,3860.5
2025-12-16 05:00:00,20517.9,30.95,2496.0
2025-12-16 06:00:00,25921.1,39.32,3190.5
2025-12-16 07:00:00,30183.7,56.3,2787.0
2025-12-16 08:00:00,32520.2,60.08,1998.5
2025-12-16 09:00:00,31795.0,40.81,6199.5
2025-12-16 10:00:00,29380.6,38.65,7742.5
2025-12-16 11:00:00,27026.5,24.2,8083.0
2025-12-16 12:00:00,24728.3,21.01,7764.0
2025-12-16 13:00:00,24910.5,25.71,5842.0
2025-12-16 14:00:00,25936.1,38.35,4476.0
2025-12-16 15:00:00,28619.7,32.62,3002.5
2025-12-16 16:00:00,32596.5,58.4,2053.5
2025-12-16 17:00:00,35527.6,72.42,1770.5
2025-12-16 18:00:00,36276.9,58.92,1885.5
2025-12-16 19:00:00,34971.6,57.24,1956.5
2025-12-16 20:00:00,32032.6,54.89,2559.0
2025-12-16 21:00:00,28945.8,50.87,3435.0
2025-12-16 22:00:00,25683.4,40.34,3341.5
2025-12-16 23:00:00,23774.4,33.5,3583.0
2025-12-17 00:00:00,20092.2,25.37,4181.0
2025-12-17 01:00:00,19556.2,22.24,4427.5
2025-12-17 02:00:00,17569.6,17.49,4506.0
2025-12-17 03:00:00,16697.5,13.13,3919.0
2025-12-17 04:00:00,17592.3,29.86,3812.5
2025-12-17 05:00:00,20729.4,29.96,3009.5
2025-12-17 06:00:00,25786.0,34.63,3464.0
2025-12-17 07:00:00,28996.2,49.61,3813.0
2025-12-17 08:00:00,31996.3,41.97,3536.5
2025-12-17 09:00:00,32459.5,42.29,4732.5
2025-12-17 10:00:00,30021.4,39.06,5720.0
2025-12-17 11:00:00,27962.5,29.59,6629.0
2025-12-17 12:00:00,26068.9,27.79,6488.0
2025-12-17 13:00:00,25250.7,20.81,6288.5
2025-12-17 14:00:00,26423.1,28.3,5646.0
2025-12-17 15:00:00,28835.3,40.11,4302.0
2025-12-17 16:00:00,32313.3,50.1,3004.5
2025-12-17 17:00:00,35035.9,53.84,3351.5
2025-12-17 18:00:00,35977.8,69.5,2192.0
2025-12-17 19:00:00,34756.3,55.63,2351.5
2025-12-17 20:00:00,32696.1,54.53,2401.5
2025-12-17 21:00:00,29829.8,47.94,1250.5
2025-12-17 22:00:00,26373.0,42.86,922.0
2025-12-17 23:00:00,23686.1,33.04,1242.5
2025-12-18 00:00:00,20877.0,27.93,1184.5
2025-12-18 01:00:00,19455.8,28.57,1308.0
2025-12-18 02:00:00,17711.8,24.45,1587.0
2025-12-18 03:00:00,16580.2,22.11,2772.5
2025-12-18 04:00:00,17311.4,33.56,1711.0
2025-12-18 05:00:00,20832.1,30.85,2767.5
2025-12-18 06:00:00,25537.2,38.86,2202.0
2025-12-18 07:00:00,29600.7,37.21,3334.0
2025-12-18 08:00:00,31863.2,46.56,3267.0
2025-12-18 09:00:00,32081.9,54.5,4589.5
2025-12-18 10:00:00,29989.3,40.74,5624.0
2025-12-18 11:00:00,27083.9,28.88,6664.0
2025-12-18 12:00:00,24990.7,24.08,7071.5
2025-12-18 13:00:00,25612.7,20.98,6200.5
2025-12-18 14:00:00,26940.1,32.95,5610.0
2025-12-18 15:00:00,28387.5,38.25,4681.0
2025-12-18 16:00:00,33203.9,59.29,3379.0
2025-12-18 17:00:00,35145.8,58.54,3148.0
2025-12-18 18:00:00,36409.0,58.46,3130.5
2025-12-18 19:00:00,35848.1,62.05,3096.5
2025-12-18 20:00:00,33310.3,55.61,2113.5
2025-12-18 21:00:00,29530.9,49.89,3125.5
2025-12-18 22:00:00,26106.4,40.52,3038.0
2025-12-18 23:00:00,23313.1,38.36,3188.5
2025-12-19 00:00:00,19940.7,23.49,3051.0
2025-12-19 01:00:00,19611.6,33.31,3052.0
2025-12-19 02:00:00,18080.8,25.14,3085.0
2025-12-19 03:00:00,16404.3,19.3,3455.0
2025-12-19 04:00:00,17294.5,25.08,3531.5
2025-12-19 05:00:00,20459.8,30.67,3434.0
2025-12-19 06:00:00,25262.6,40.18,3617.5
2025-12-19 07:00:00,30412.6,50.84,3293.0
2025-12-19 08:00:00,32346.9,55.71,3435.0
2025-12-19 09:00:00,31828.0,45.56,4529.5
2025-12-19 10:00:00,30987.9,41.36,5875.5
2025-12-19 11:00:00,26628.2,24.57,6488.5
2025-12-19 12:00:00,25633.3,18.71,7201.0
2025-12-19 13:00:00,24747.3,20.29,6655.5
2025-12-19 14:00:00,26466.2,22.26,5818.5
2025-12-19 15:00:00,29327.2,36.46,4404.5
2025-12-19 16:00:00,32964.7,53.25,3146.0
2025-12-19 17:00:00,35120.9,52.34,3162.0
2025-12-19 18:00:00,36108.5,59.25,3297.0
2025-12-19 19:00:00,35101.5,61.91,3476.0
2025-12-19 20:00:00,31980.5,50.45,3493.0
2025-12-19 21:00:00,29371.4,43.81,3912.5
2025-12-19 22:00:00,26124.1,39.14,3334.5
2025-12-19 23:00:00,23961.6,26.01,2513.0
2025-12-20 00:00:00,17874.0,23.9,2888.5
2025-12-20 01:00:00,16791.9,26.02,1981.5
2025-12-20 02:00:00,15692.1,23.73,2453.5
2025-12-20 03:00:00,14670.0,17.09,1735.0
2025-12-20 04:00:00,15428.4,26.19,2073.5
2025-12-20 05:00:00,18050.8,26.3,2195.0
2025-12-20 06:00:00,22623.1,40.54,1463.5
2025-12-20 07:00:00,25877.2,42.99,930.5
2025-12-20 08:00:00,27966.1,55.86,440.5
2025-12-20 09:00:00,28284.7,43.15,1685.5
2025-12-20 10:00:00,26254.6,37.07,2943.5
2025-12-20 11:00:00,23573.4,25.12,4280.5
2025-12-20 12:00:00,21772.5,14.41,4786.5
2025-12-20 13:00:00,21807.9,27.82,4583.5
2025-12-20 14:00:00,22843.5,24.9,3912.0
2025-12-20 15:00:00,26117.0,34.41,2330.0
2025-12-20 16:00:00,28644.1,44.13,2141.0
2025-12-20 17:00:00,30323.7,55.39,1728.0
2025-12-20 18:00:00,31093.8,60.38,1771.0
2025-12-20 19:00:00,30309.3,49.43,1167.0
2025-12-20 20:00:00,28044.8,51.07,808.0
2025-12-20 21:00:00,25250.4,41.45,703.5
2025-12-20 22:00:00,23011.4,29.3,548.0
2025-12-20 23:00:00,20411.6,37.09,353.0
2025-12-21 00:00:00,18506.6,25.58,430.5
2025-12-21 01:00:00,16601.9,28.43,637.5
2025-12-21 02:00:00,15093.8,23.97,972.0
2025-12-21 03:00:00,14814.1,18.96,1093.5
2025-12-21 04:00:00,15406.7,21.73,1988.0
2025-12-21 05:00:00,17900.8,29.82,1595.0
2025-12-21 06:00:00,22299.3,28.65,1430.5
2025-12-21 07:00:00,26197.8,44.81,1678.0
2025-12-21 08:00:00,28107.3,48.13,2342.5
2025-12-21 09:00:00,27245.4,36.9,4265.0
2025-12-21 10:00:00,24960.6,34.51,5369.5
2025-12-21 11:00:00,23375.8,21.83,6227.0
2025-12-21 12:00:00,22721.6,28.96,6264.0
2025-12-21 13:00:00,22483.0,24.93,6474.5
2025-12-21 14:00:00,22989.3,31.25,5595.0
2025-12-21 15:00:00,25091.9,35.25,4907.5
2025-12-21 16:00:00,28438.5,46.73,4718.0
2025-12-21 17:00:00,30877.2,45.52,4907.5
2025-12-21 18:00:00,31872.7,57.99,4691.5
2025-12-21 19:00:00,29504.0,38.76,5078.5
2025-12-21 20:00:00,29620.5,50.59,5380.5
2025-12-21 21:00:00,25742.9,36.84,4116.5
2025-12-21 22:00:00,22565.1,26.13,3625.5
2025-12-21 23:00:00,20488.0,30.35,3490.5
2025-12-22 00:00:00,20868.5,29.94,2674.0
2025-12-22 01:00:00,19498.7,29.99,2727.0
2025-12-22 02:00:00,17746.9,34.64,1400.5
2025-12-22 03:00:00,16719.9,18.57,1784.5
2025-12-22 04:00:00,17333.9,32.32,1283.5
2025-12-22 05:00:00,20754.7,35.75,1475.0
2025-12-22 06:00:00,25761.2,44.88,2340.5
2025-12-22 07:00:00,30081.5,44.75,1428.0
2025-12-22 08:00:00,32379.1,58.15,1956.5
2025-12-22 09:00:00,32602.1,57.56,2521.0
2025-12-22 10:00:00,29083.4,49.23,3535.5
2025-12-22 11:00:00,26885.6,27.11,4004.0
2025-12-22 12:00:00,25432.2,28.78,3969.0
2025-12-22 13:00:00,24865.4,40.9,4024.0
2025-12-22 14:00:00,26368.9,27.45,3023.5
2025-12-22 15:00:00,29824.5,51.88,2541.0
2025-12-22 16:00:00,32476.7,57.96,1723.0
2025-12-22 17:00:00,34288.5,55.26,2927.5
2025-12-22 18:00:00,36074.5,59.43,3268.0
2025-12-22 19:00:00,35276.6,69.53,3552.5
2025-12-22 20:00:00,32523.5,57.18,3346.5
2025-12-22 21:00:00,29335.5,46.38,3251.0
2025-12-22 22:00:00,26197.1,37.09,3271.0
2025-12-22 23:00:00,23754.4,38.43,3568.5
2025-12-23 00:00:00,20193.2,25.97,3507.5
2025-12-23 01:00:00,19224.2,22.8,2875.5
2025-12-23 02:00:00,17554.4,21.99,2945.0
2025-12-23 03:00:00,16532.4,22.43,3025.5
2025-12-23 04:00:00,17540.9,25.67,1249.0
2025-12-23 05:00:00,20752.6,39.56,1799.5
2025-12-23 06:00:00,25795.0,46.64,1507.5
2025-12-23 07:00:00,29750.9,49.84,1710.5
2025-12-23 08:00:00,32963.3,62.49,1095.0
2025-12-23 09:00:00,32252.8,53.21,1544.5
2025-12-23 10:00:00,29843.4,43.72,2722.5
2025-12-23 11:00:00,27453.8,35.91,3643.0
2025-12-23 12:00:00,25160.9,28.27,3700.0
2025-12-23 13:00:00,24342.1,35.14,3107.5
2025-12-23 14:00:00,26281.5,42.04,2395.0
2025-12-23 15:00:00,29583.3,44.96,1316.5
2025-12-23 16:00:00,32584.1,67.3,202.0
2025-12-23 17:00:00,35178.7,67.19,447.0
2025-12-23 18:00:00,35838.5,57.59,424.5
2025-12-23 19:00:00,34207.1,62.83,961.0
2025-12-23 20:00:00,33194.3,62.7,822.5
2025-12-23 21:00:00,28998.2,47.83,1050.5
2025-12-23 22:00:00,25840.8,54.01,1146.0
2025-12-23 23:00:00,23561.0,35.78,947.5
2025-12-24 00:00:00,20944.0,37.39,469.5
2025-12-24 01:00:00,19604.4,29.14,554.0
2025-12-24 02:00:00,17459.5,23.76,1066.0
2025-12-24 03:00:00,16890.2,25.36,1246.0
2025-12-24 04:00:00,17319.8,20.93,1921.0
2025-12-24 05:00:00,20434.8,29.01,2123.0
2025-12-24 06:00:00,25363.0,38.71,1795.5
2025-12-24 07:00:00,29566.0,43.35,1926.0
2025-12-24 08:00:00,31589.3,50.88,2915.0
2025-12-24 09:00:00,32296.2,58.62,3649.5
2025-12-24 10:00:00,29688.9,38.29,4228.5
2025-12-24 11:00:00,27454.3,31.83,5014.0
2025-12-24 12:00:00,25523.2,28.77,4814.0
2025-12-24 13:00:00,25339.2,36.83,4385.0
2025-12-24 14:00:00,25704.0,33.86,4203.0
2025-12-24 15:00:00,28869.5,40.36,2993.0
2025-12-24 16:00:00,32816.6,50.52,1536.5
2025-12-24 17:00:00,34570.4,56.34,2061.0
2025-12-24 18:00:00,36496.3,65.23,1867.5
2025-12-24 19:00:00,34499.3,55.39,1951.0
2025-12-24 20:00:00,32501.6,62.78,1450.5
2025-12-24 21:00:00,29785.7,47.96,2451.0
2025-12-24 22:00:00,26305.6,47.03,2796.0
2025-12-24 23:00:00,23135.6,34.91,1922.0
2025-12-25 00:00:00,20813.7,28.93,1552.0
2025-12-25 01:00:00,19872.6,27.37,1078.5
2025-12-25 02:00:00,18455.4,31.2,794.5
2025-12-25 03:00:00,16714.5,29.5,1407.0
2025-12-25 04:00:00,16998.2,24.82,2267.0
2025-12-25 05:00:00,20753.1,24.64,2800.5
2025-12-25 06:00:00,26078.7,41.35,2744.0
2025-12-25 07:00:00,29826.3,47.79,2906.0
2025-12-25 08:00:00,32724.2,42.44,4374.5
2025-12-25 09:00:00,31514.8,46.52,4465.5
2025-12-25 10:00:00,29946.6,44.29,4556.5
2025-12-25 11:00:00,26180.2,35.55,5452.5
2025-12-25 12:00:00,25045.4,29.89,5148.0
2025-12-25 13:00:00,25124.0,20.39,5254.5
2025-12-25 14:00:00,26366.9,30.44,4008.0
2025-12-25 15:00:00,28672.1,47.02,3222.0
2025-12-25 16:00:00,32287.0,48.81,2951.0
2025-12-25 17:00:00,35410.0,62.17,3204.5
2025-12-25 18:00:00,36237.4,58.55,3577.0
2025-12-25 19:00:00,35258.0,56.51,4413.5
2025-12-25 20:00:00,32842.3,46.27,4763.5
2025-12-25 21:00:00,28926.6,46.52,3665.5
2025-12-25 22:00:00,26527.2,38.74,3418.5
2025-12-25 23:00:00,23437.4,43.47,2469.0
2025-12-26 00:00:00,21140.3,29.03,2596.0
2025-12-26 01:00:00,19661.0,37.48,2710.5
2025-12-26 02:00:00,17612.5,25.94,2463.0
2025-12-26 03:00:00,16519.3,21.61,2027.0
2025-12-26 04:00:00,17402.0,21.81,1824.5
2025-12-26 05:00:00,20797.6,31.03,1840.0
2025-12-26 06:00:00,25879.5,40.53,1891.5
2025-12-26 07:00:00,29300.1,49.08,2126.5
2025-12-26 08:00:00,32421.8,52.58,3090.0
2025-12-26 09:00:00,30894.3,50.88,4626.5
2025-12-26 10:00:00,29692.3,38.03,6268.0
2025-12-26 11:00:00,27780.7,31.26,7218.5
2025-12-26 12:00:00,24859.9,27.71,6451.5
2025-12-26 13:00:00,24516.3,22.1,5725.0
2025-12-26 14:00:00,26591.3,29.04,3731.5
2025-12-26 15:00:00,29842.4,49.23,2083.5
2025-12-26 16:00:00,32679.9,57.62,1470.0
2025-12-26 17:00:00,34219.0,58.5,2269.5
2025-12-26 18:00:00,35357.8,71.29,2340.0
2025-12-26 19:00:00,35266.9,63.99,2187.5
2025-12-26 20:00:00,31901.5,49.6,2416.5
2025-12-26 21:00:00,29127.3,49.74,2203.0
2025-12-26 22:00:00,26065.8,46.09,1246.0
2025-12-26 23:00:00,23608.7,34.97,1742.0
2025-12-27 00:00:00,18355.3,31.25,1250.0
2025-12-27 01:00:00,16967.2,18.74,1968.0
2025-12-27 02:00:00,15679.6,16.88,2221.0
2025-12-27 03:00:00,14628.6,16.77,2229.5
2025-12-27 04:00:00,15053.7,15.81,2889.0
2025-12-27 05:00:00,17874.3,24.51,2631.5
2025-12-27 06:00:00,22044.8,32.11,1452.5
2025-12-27 07:00:00,26270.8,47.14,815.0
2025-12-27 08:00:00,27740.0,50.62,494.5
2025-12-27 09:00:00,28467.6,33.35,1272.5
2025-12-27 10:00:00,25602.4,40.03,3179.5
2025-12-27 11:00:00,23721.1,29.23,4024.0
2025-12-27 12:00:00,22014.4,20.72,4622.0
2025-12-27 13:00:00,21698.0,17.94,4715.0
2025-12-27 14:00:00,23801.1,31.75,3934.0
2025-12-27 15:00:00,25257.2,33.04,3398.5
2025-12-27 16:00:00,28154.3,45.05,2029.5
2025-12-27 17:00:00,30330.1,50.76,1748.0
2025-12-27 18:00:00,31566.4,51.79,2327.5
2025-12-27 19:00:00,30580.1,48.25,3272.5
2025-12-27 20:00:00,27770.0,36.34,3333.5
2025-12-27 21:00:00,25119.1,39.46,3361.5
2025-12-27 22:00:00,22809.6,29.37,3368.5
2025-12-27 23:00:00,21003.0,27.08,3993.0
2025-12-28 00:00:00,17868.1,17.68,4651.5
2025-12-28 01:00:00,16826.4,17.81,4496.5
2025-12-28 02:00:00,15310.2,12.65,5118.5
2025-12-28 03:00:00,14314.9,8.62,5555.5
2025-12-28 04:00:00,14873.6,12.06,5600.0
2025-12-28 05:00:00,17501.0,21.22,5343.5
2025-12-28 06:00:00,21901.5,27.83,5450.0
2025-12-28 07:00:00,26347.2,40.02,5600.0
2025-12-28 08:00:00,27823.8,43.83,5600.0
2025-12-28 09:00:00,27594.5,30.58,6899.0
2025-12-28 10:00:00,25739.8,29.8,8170.0
2025-12-28 11:00:00,24076.8,14.25,8981.0
2025-12-28 12:00:00,21773.9,4.04,9349.0
2025-12-28 13:00:00,21927.7,11.27,9223.0
2025-12-28 14:00:00,23017.0,19.77,8139.0
2025-12-28 15:00:00,25440.3,36.4,6856.0
2025-12-28 16:00:00,28375.8,43.43,5600.0
2025-12-28 17:00:00,30649.2,49.99,5600.0
2025-12-28 18:00:00,31909.4,52.54,5600.0
2025-12-28 19:00:00,30600.8,42.07,5600.0
2025-12-28 20:00:00,28971.6,43.32,5600.0
2025-12-28 21:00:00,25286.7,30.85,5549.0
2025-12-28 22:00:00,22016.5,29.28,4483.0
2025-12-28 23:00:00,20873.9,28.72,3525.0
2025-12-29 00:00:00,20642.0,26.31,4986.0
2025-12-29 01:00:00,19324.2,27.69,5600.0
2025-12-29 02:00:00,17616.8,24.47,4848.0
2025-12-29 03:00:00,16045.6,15.88,4695.0
2025-12-29 04:00:00,16821.2,14.84,5234.5
2025-12-29 05:00:00,21096.4,29.66,5600.0
2025-12-29 06:00:00,25207.3,35.62,4914.5
2025-12-29 07:00:00,30297.9,50.06,5307.0
2025-12-29 08:00:00,31398.0,39.03,4341.0
2025-12-29 09:00:00,31368.3,44.14,5273.0
2025-12-29 10:00:00,30038.2,38.42,7726.0
2025-12-29 11:00:00,27113.1,16.64,9114.0
2025-12-29 12:00:00,25573.9,10.67,9483.0
2025-12-29 13:00:00,25083.4,12.32,8740.5
2025-12-29 14:00:00,26389.0,25.68,7794.0
2025-12-29 15:00:00,28900.8,32.78,6715.0
2025-12-29 16:00:00,31900.1,50.57,4812.0
2025-12-29 17:00:00,35923.0,62.83,4138.0
2025-12-29 18:00:00,37081.5,58.28,4229.0
2025-12-29 19:00:00,34624.7,58.55,3996.0
2025-12-29 20:00:00,31899.6,49.39,4747.0
2025-12-29 21:00:00,28881.1,35.48,4152.0
2025-12-29 22:00:00,26090.6,34.13,4103.5
2025-12-29 23:00:00,23689.9,36.12,3726.0
2025-12-30 00:00:00,20664.5,30.97,3318.5
2025-12-30 01:00:00,19290.7,19.21,3530.5
2025-12-30 02:00:00,17646.2,19.84,4126.0
2025-12-30 03:00:00,17162.3,11.59,3530.5
2025-12-30 04:00:00,17182.0,21.35,3160.0
2025-12-30 05:00:00,21083.3,32.45,3021.0
2025-12-30 06:00:00,25969.4,33.59,3020.0
2025-12-30 07:00:00,30075.8,44.58,3015.5
2025-12-30 08:00:00,31226.2,45.56,3030.0
2025-12-30 09:00:00,31867.3,46.76,4503.0
2025-12-30 10:00:00,29490.9,36.81,6204.0
2025-12-30 11:00:00,27149.2,31.83,7118.5
2025-12-30 12:00:00,24952.1,14.03,7047.0
2025-12-30 13:00:00,25360.2,20.66,7248.0
2025-12-30 14:00:00,26848.9,31.95,6612.5
2025-12-30 15:00:00,29696.0,40.21,5707.0
2025-12-30 16:00:00,32279.2,47.27,3204.0
2025-12-30 17:00:00,34606.0,59.5,2096.0
2025-12-30 18:00:00,36402.4,67.69,2377.5
2025-12-30 19:00:00,36080.9,59.97,3751.5
2025-12-30 20:00:00,32454.0,55.18,3725.5
2025-12-30 21:00:00,29214.6,51.28,2870.5
2025-12-30 22:00:00,25853.4,32.33,3836.5
2025-12-30 23:00:00,23563.3,28.7,4440.0
2025-12-31 00:00:00,20701.7,26.1,3045.5
2025-12-31 01:00:00,19263.4,23.58,4011.5
2025-12-31 02:00:00,17773.6,20.73,3937.0
2025-12-31 03:00:00,16679.5,21.77,4289.0
2025-12-31 04:00:00,17398.9,14.4,5190.0
2025-12-31 05:00:00,20737.6,31.82,4736.5
2025-12-31 06:00:00,25078.4,40.4,4865.0
2025-12-31 07:00:00,29424.3,47.4,4836.0
2025-12-31 08:00:00,32116.6,58.2,4005.0
2025-12-31 09:00:00,31825.7,42.12,6073.0
2025-12-31 10:00:00,29470.9,24.61,7706.0
2025-12-31 11:00:00,27223.9,14.85,9498.0
2025-12-31 12:00:00,25687.4,17.54,9527.0
2025-12-31 13:00:00,25508.1,16.69,8794.0
2025-12-31 14:00:00,27003.3,22.96,7433.5
2025-12-31 15:00:00,28592.1,38.02,6632.5
2025-12-31 16:00:00,31881.1,51.75,3158.5
2025-12-31 17:00:00,34992.4,51.96,3801.5
2025-12-31 18:00:00,36234.6,57.01,2903.0
2025-12-31 19:00:00,35009.4,59.96,4648.0
2025-12-31 20:00:00,32133.4,41.68,5600.0
2025-12-31 21:00:00,28869.0,35.3,5600.0
2025-12-31 22:00:00,26118.2,39.99,5579.5
2025-12-31 23:00:00,23256.0,32.84,5323.0
