order_id,warehouse,category,order_date,promised_ship_date,actual_ship_date,status,units
WO0000001,South-4,Office Supplies,06/22/2026,06/23/2026,2026-06-23,shipped,4
WO0000002,Northeast-1,Electronics,2026-06-22,06/24/2026,2026-06-25,DELAYED,10
WO0000003,West-3,Home Goods,2026-06-22,2026-06-25,06/25/2026,Shipped,3
WO0000004,Midwest-2,Home Goods,06/22/2026,06/24/2026,06/23/2026,SHIPPED,3
WO0000005,Northeast-1,Office Supplies,06/22/2026,2026-06-24,2026-06-24,SHIPPED,6
WO0000006,Midwest-2,Apparel,06/22/2026,2026-06-23,06/23/2026,Shipped,9
WO0000007,South-4,Office Supplies,06/22/2026,06/25/2026,06/24/2026,shipped,10
WO0000008,West-3,Apparel,2026-06-22,2026-06-23,2026-06-23,Shipped,8
WO0000009,Northeast-1,Outdoor,2026-06-22,06/23/2026,06/22/2026, Shipped,4
WO0000010,Midwest-2,Apparel,06/22/2026,06/25/2026,2026-06-25,Shipped,5
WO0000011,West-3,Office Supplies,2026-06-22,06/23/2026,2026-06-23,SHIPPED,8
WO0000012,Midwest-2,Home Goods,2026-06-22,2026-06-23,06/23/2026,shipped,8
WO0000013,Midwest-2,Outdoor,2026-06-22,06/25/2026,06/25/2026,Shipped,6
WO0000014,Northeast-1,Office Supplies,06/22/2026,06/25/2026,06/24/2026,Shipped,2
WO0000015,Northeast-1,Home Goods,2026-06-22,2026-06-24,2026-06-24,SHIPPED,10
WO0000016,South-4,Electronics,06/22/2026,2026-06-23,2026-06-22,shipped,8
WO0000017,Northeast-1,Outdoor,06/22/2026,06/24/2026,2026-06-23, Shipped,8
WO0000018,Northeast-1,Outdoor,2026-06-22,06/24/2026,2026-06-23, Shipped,3
WO0000019,South-4,Apparel,06/22/2026,2026-06-23,06/22/2026,SHIPPED,10
WO0000020,West-3,Office Supplies,06/22/2026,2026-06-25,2026-06-25,shipped,2
WO0000021,West-3,Office Supplies,06/22/2026,2026-06-25,2026-06-24, Shipped,9
WO0000022,South-4,Apparel,06/22/2026,06/23/2026,06/23/2026, Shipped,7
WO0000023,Northeast-1,Outdoor,2026-06-22,2026-06-24,2026-06-23,SHIPPED,8
WO0000024,Midwest-2,Home Goods,2026-06-22,06/24/2026,06/24/2026,Shipped,4
WO0000025,South-4,Home Goods,2026-06-22,2026-06-24,06/24/2026, Shipped,1
WO0000026,Northeast-1,Home Goods,06/22/2026,2026-06-24,,delayed,2
WO0000027,West-3,Apparel,2026-06-22,06/23/2026,2026-06-23,shipped,3
WO0000028,Northeast-1,Apparel,06/22/2026,2026-06-23,2026-06-23,shipped,5
WO0000029,Midwest-2,Outdoor,2026-06-22,06/24/2026,06/24/2026,Shipped,11
WO0000030,Midwest-2,Home Goods,06/22/2026,06/25/2026,06/25/2026, Shipped,1
WO0000031,West-3,Outdoor,2026-06-22,06/25/2026,2026-06-25, Shipped,10
WO0000032,Northeast-1,Apparel,06/22/2026,06/24/2026,06/24/2026, Shipped,7
WO0000033,Northeast-1,Office Supplies,2026-06-22,06/23/2026,06/22/2026,Shipped,3
WO0000034,West-3,Electronics,2026-06-22,2026-06-23,2026-06-22,Shipped,6
WO0000035,South-4,Home Goods,2026-06-22,2026-06-25,06/24/2026,shipped,10
WO0000036,Midwest-2,Apparel,2026-06-22,2026-06-24,2026-06-24, Shipped,7
WO0000037,West-3,Apparel,06/22/2026,2026-06-23,2026-06-23,SHIPPED,9
WO0000038,West-3,Outdoor,06/22/2026,2026-06-24,06/24/2026,SHIPPED,6
WO0000039,South-4,Home Goods,2026-06-22,06/25/2026,06/24/2026, Shipped,10
WO0000040,West-3,Electronics,2026-06-22,2026-06-23,2026-06-23,Shipped,11
WO0000041,West-3,Apparel,06/22/2026,2026-06-23,06/22/2026,shipped,6
WO0000042,Northeast-1,Office Supplies,2026-06-22,2026-06-25,,delayed,9
WO0000043,Northeast-1,Home Goods,2026-06-22,06/23/2026,2026-06-23, Shipped,1
WO0000044,South-4,Home Goods,2026-06-22,2026-06-23,2026-06-22,SHIPPED,4
WO0000045,Northeast-1,Home Goods,2026-06-22,2026-06-23,06/23/2026,shipped,3
WO0000046,West-3,Electronics,2026-06-22,2026-06-24,2026-06-23,SHIPPED,5
WO0000047,Midwest-2,Apparel,2026-06-22,2026-06-23,2026-06-23,Shipped,1
WO0000048,South-4,Office Supplies,06/22/2026,2026-06-24,06/24/2026,shipped,2
WO0000049,West-3,Electronics,2026-06-22,06/25/2026,2026-06-24,shipped,11
WO0000050,West-3,Electronics,06/22/2026,2026-06-24,2026-06-24, Shipped,6
WO0000051,South-4,Outdoor,06/22/2026,06/24/2026,06/24/2026,SHIPPED,6
WO0000052,Midwest-2,Home Goods,2026-06-22,06/25/2026,2026-06-24,shipped,3
WO0000053,Midwest-2,Apparel,2026-06-22,06/25/2026,06/25/2026,shipped,6
WO0000054,Northeast-1,Outdoor,2026-06-22,06/25/2026,2026-06-24,shipped,7
WO0000055,Northeast-1,Apparel,2026-06-22,2026-06-24,06/23/2026,Shipped,5
WO0000056,Midwest-2,Office Supplies,2026-06-22,06/23/2026,2026-06-23,SHIPPED,9
WO0000057,South-4,Office Supplies,06/22/2026,06/24/2026,2026-06-24,Shipped,6
WO0000058,Northeast-1,Apparel,2026-06-22,06/23/2026,2026-06-23,SHIPPED,8
WO0000059,Midwest-2,Apparel,06/22/2026,2026-06-24,06/23/2026,SHIPPED,7
WO0000060,Northeast-1,Home Goods,06/22/2026,06/24/2026,06/24/2026,Shipped,6
WO0000061,Northeast-1,Home Goods,06/22/2026,2026-06-24,06/23/2026, Shipped,10
WO0000062,Midwest-2,Outdoor,06/22/2026,2026-06-24,06/24/2026, Shipped,6
WO0000063,West-3,Home Goods,2026-06-22,06/25/2026,06/25/2026, Shipped,8
WO0000064,West-3,Apparel,2026-06-22,06/24/2026,2026-06-23,SHIPPED,7
WO0000065,Midwest-2,Electronics,2026-06-22,2026-06-25,2026-06-24,shipped,8
WO0000066,South-4,Outdoor,06/22/2026,2026-06-25,06/25/2026,SHIPPED,10
WO0000067,Midwest-2,Home Goods,06/22/2026,06/23/2026,2026-06-23,SHIPPED,2
WO0000068,Northeast-1,Apparel,2026-06-22,2026-06-25,2026-06-25, Shipped,5
WO0000069,West-3,Home Goods,2026-06-22,2026-06-25,2026-06-25,Shipped,3
WO0000070,Northeast-1,Electronics,2026-06-22,06/24/2026,2026-06-24,Shipped,10
WO0000071,Midwest-2,Home Goods,06/22/2026,06/25/2026,06/25/2026,shipped,9
WO0000072,Midwest-2,Apparel,2026-06-22,2026-06-23,2026-06-23,Shipped,2
WO0000073,Midwest-2,Electronics,2026-06-22,2026-06-25,2026-06-25,shipped,8
WO0000074,Northeast-1,Electronics,06/22/2026,2026-06-23,06/22/2026, Shipped,1
WO0000075,West-3,Office Supplies,2026-06-22,2026-06-23,2026-06-22,shipped,9
WO0000076,Northeast-1,Office Supplies,06/22/2026,06/23/2026,06/23/2026, Shipped,7
WO0000077,South-4,Home Goods,06/22/2026,06/24/2026,2026-06-23, Shipped,3
WO0000078,South-4,Office Supplies,06/22/2026,06/23/2026,06/22/2026, Shipped,7
WO0000079,West-3,Office Supplies,2026-06-22,06/23/2026,2026-06-22,SHIPPED,2
WO0000080,Midwest-2,Outdoor,2026-06-22,06/25/2026,2026-06-25,SHIPPED,4
WO0000081,West-3,Apparel,2026-06-22,06/23/2026,2026-06-23,shipped,3
WO0000082,West-3,Electronics,2026-06-22,2026-06-23,06/22/2026, Shipped,11
WO0000083,West-3,Electronics,2026-06-22,2026-06-23,2026-06-22,SHIPPED,10
WO0000084,South-4,Outdoor,06/22/2026,06/23/2026,2026-06-23,Shipped,1
WO0000085,Midwest-2,Apparel,2026-06-22,2026-06-25,,Delayed,9
WO0000086,South-4,Office Supplies,06/22/2026,2026-06-25,06/25/2026, Shipped,8
WO0000087,Northeast-1,Home Goods,06/22/2026,2026-06-24,06/23/2026,Shipped,3
WO0000088,South-4,Apparel,2026-06-22,06/25/2026,2026-06-25,Shipped,3
WO0000089,Northeast-1,Outdoor,06/22/2026,06/23/2026,06/27/2026,DELAYED,8
WO0000090,Northeast-1,Electronics,2026-06-22,06/23/2026,06/25/2026,DELAYED,1
WO0000091,West-3,Apparel,06/22/2026,2026-06-24,06/23/2026,shipped,5
WO0000092,South-4,Apparel,2026-06-22,2026-06-25,06/25/2026,shipped,10
WO0000093,West-3,Home Goods,2026-06-22,06/23/2026,2026-06-22,shipped,3
WO0000094,Midwest-2,Home Goods,06/22/2026,06/23/2026,2026-06-22,shipped,3
WO0000095,Northeast-1,Office Supplies,2026-06-22,2026-06-24,06/23/2026,Shipped,3
WO0000096,West-3,Electronics,2026-06-22,2026-06-23,2026-06-23, Shipped,5
WO0000097,West-3,Outdoor,2026-06-22,2026-06-23,06/22/2026, Shipped,10
WO0000098,Midwest-2,Office Supplies,2026-06-22,06/23/2026,2026-06-23,shipped,8
WO0000099,Northeast-1,Office Supplies,06/22/2026,06/25/2026,,Cancelled,4
WO0000100,West-3,Outdoor,2026-06-22,2026-06-25,06/25/2026,SHIPPED,2
WO0000101,South-4,Outdoor,06/22/2026,2026-06-23,2026-06-22, Shipped,1
WO0000102,West-3,Electronics,2026-06-22,2026-06-24,,Delayed,11
WO0000103,West-3,Electronics,06/22/2026,06/24/2026,2026-06-23,shipped,10
WO0000104,Midwest-2,Home Goods,06/22/2026,06/23/2026,06/23/2026, Shipped,5
WO0000105,Northeast-1,Home Goods,2026-06-22,2026-06-24,06/24/2026,shipped,3
WO0000106,South-4,Apparel,2026-06-22,2026-06-23,06/22/2026, Shipped,5
WO0000107,West-3,Apparel,06/22/2026,06/24/2026,06/23/2026,Shipped,8
WO0000108,Midwest-2,Electronics,2026-06-22,06/23/2026,2026-06-23, Shipped,4
WO0000109,South-4,Home Goods,06/22/2026,2026-06-25,06/24/2026, Shipped,6
WO0000110,Midwest-2,Apparel,2026-06-22,06/24/2026,06/23/2026,Shipped,2
WO0000111,Midwest-2,Office Supplies,2026-06-22,2026-06-25,06/25/2026,SHIPPED,6
WO0000112,West-3,Electronics,06/22/2026,2026-06-25,06/25/2026, Shipped,3
WO0000113,Midwest-2,Electronics,2026-06-22,2026-06-25,06/24/2026,shipped,2
WO0000114,South-4,Outdoor,06/22/2026,2026-06-23,2026-06-22,shipped,11
WO0000115,South-4,Home Goods,2026-06-22,2026-06-24,2026-06-23, Shipped,3
WO0000116,South-4,Outdoor,2026-06-22,06/25/2026,06/25/2026,SHIPPED,1
WO0000117,Northeast-1,Home Goods,06/22/2026,06/23/2026,2026-06-22,Shipped,5
WO0000118,West-3,Office Supplies,2026-06-22,2026-06-23,06/22/2026,shipped,6
WO0000119,Midwest-2,Office Supplies,06/22/2026,2026-06-24,,Delayed,9
WO0000120,Midwest-2,Office Supplies,06/22/2026,06/25/2026,2026-06-25,SHIPPED,3
WO0000121,Northeast-1,Home Goods,06/22/2026,06/24/2026,2026-06-23,SHIPPED,10
WO0000122,Northeast-1,Office Supplies,2026-06-22,2026-06-25,2026-06-24, Shipped,7
WO0000123,Midwest-2,Home Goods,2026-06-22,06/24/2026,06/23/2026,Shipped,11
WO0000124,West-3,Outdoor,2026-06-22,06/23/2026,2026-06-23,shipped,6
WO0000125,Midwest-2,Office Supplies,2026-06-22,2026-06-23,2026-06-22,Shipped,7
WO0000126,South-4,Outdoor,2026-06-22,2026-06-23,06/22/2026,SHIPPED,11
WO0000127,Midwest-2,Office Supplies,06/22/2026,2026-06-24,06/23/2026, Shipped,11
WO0000128,Northeast-1,Office Supplies,2026-06-22,2026-06-25,2026-06-24, Shipped,7
WO0000129,Midwest-2,Electronics,2026-06-22,2026-06-23,06/22/2026,SHIPPED,5
WO0000130,Northeast-1,Apparel,06/22/2026,06/25/2026,2026-06-24,SHIPPED,6
WO0000131,Northeast-1,Home Goods,06/22/2026,2026-06-23,2026-06-23, Shipped,2
WO0000132,,Home Goods,06/22/2026,2026-06-23,2026-06-23, Shipped,2
WO0000133,South-4,Home Goods,06/22/2026,06/24/2026,2026-06-23,shipped,11
WO0000134,South-4,Outdoor,2026-06-22,06/25/2026,06/24/2026,shipped,8
WO0000135,Northeast-1,Home Goods,06/22/2026,06/24/2026,06/24/2026, Shipped,2
WO0000136,West-3,Outdoor,2026-06-22,2026-06-23,2026-06-23,Shipped,5
WO0000137,Northeast-1,Apparel,2026-06-22,2026-06-24,,delayed,7
WO0000138,South-4,Office Supplies,2026-06-22,06/23/2026,2026-06-22,SHIPPED,8
WO0000139,Northeast-1,Office Supplies,06/22/2026,2026-06-24,2026-06-23,SHIPPED,10
WO0000140,South-4,Office Supplies,06/23/2026,06/24/2026,2026-06-24,shipped,8
WO0000141,West-3,Electronics,06/23/2026,2026-06-26,2026-06-26,Shipped,11
WO0000142,Midwest-2,Electronics,2026-06-23,2026-06-24,2026-06-23,shipped,5
WO0000143,West-3,Outdoor,06/23/2026,06/25/2026,06/25/2026,Shipped,5
WO0000144,Northeast-1,Electronics,06/23/2026,06/25/2026,06/25/2026, Shipped,7
WO0000145,Northeast-1,Outdoor,2026-06-23,06/26/2026,06/26/2026,shipped,5
WO0000146,Midwest-2,Home Goods,2026-06-23,06/26/2026,2026-06-25,SHIPPED,4
WO0000146,Midwest-2,Home Goods,2026-06-23,06/26/2026,2026-06-25,SHIPPED,4
WO0000147,Midwest-2,Electronics,2026-06-23,06/26/2026,2026-06-26,shipped,4
WO0000148,Midwest-2,Electronics,06/23/2026,06/26/2026,2026-06-25, Shipped,2
WO0000149,Northeast-1,Outdoor,06/23/2026,2026-06-26,2026-06-26,Shipped,8
WO0000150,Northeast-1,Home Goods,2026-06-23,06/26/2026,2026-06-25,shipped,5
WO0000151,Northeast-1,Electronics,06/23/2026,06/26/2026,2026-06-26,Shipped,8
WO0000152,West-3,Home Goods,2026-06-23,06/25/2026,2026-06-24,Shipped,6
WO0000153,Northeast-1,Office Supplies,06/23/2026,2026-06-25,06/25/2026, Shipped,10
WO0000154,West-3,Office Supplies,06/23/2026,06/25/2026,2026-06-24,shipped,10
WO0000155,South-4,Apparel,2026-06-23,2026-06-24,2026-06-23,Shipped,8
WO0000156,Midwest-2,Office Supplies,2026-06-23,2026-06-26,2026-06-25,shipped,1
WO0000157,South-4,Home Goods,06/23/2026,06/24/2026,2026-06-23, Shipped,6
WO0000158,Midwest-2,Home Goods,2026-06-23,06/24/2026,06/24/2026,Shipped,2
WO0000159,Midwest-2,Outdoor,2026-06-23,2026-06-26,06/26/2026,Shipped,4
WO0000160,South-4,Apparel,06/23/2026,2026-06-25,06/25/2026,SHIPPED,4
WO0000161,South-4,Home Goods,06/23/2026,2026-06-24,,Cancelled,6
WO0000162,West-3,Apparel,2026-06-23,2026-06-24,2026-06-26,DELAYED,9
WO0000163,West-3,Outdoor,06/23/2026,06/25/2026,06/25/2026,Shipped,2
WO0000164,South-4,Office Supplies,2026-06-23,06/24/2026,2026-06-24,Shipped,5
WO0000165,Northeast-1,Electronics,06/23/2026,2026-06-26,06/25/2026,Shipped,7
WO0000166,South-4,Office Supplies,06/23/2026,06/25/2026,06/25/2026,shipped,4
WO0000167,Midwest-2,Outdoor,2026-06-23,2026-06-26,2026-06-26, Shipped,6
WO0000168,West-3,Outdoor,2026-06-23,2026-06-26,2026-06-25,shipped,6
WO0000169,South-4,Office Supplies,2026-06-23,2026-06-24,06/23/2026,shipped,4
WO0000170,South-4,Office Supplies,2026-06-23,2026-06-24,06/23/2026,shipped,-1
WO0000171,West-3,Office Supplies,2026-06-23,06/25/2026,06/24/2026, Shipped,2
WO0000172,West-3,Outdoor,06/23/2026,2026-06-24,2026-06-23,Shipped,1
WO0000173,,Outdoor,06/23/2026,2026-06-24,2026-06-23,Shipped,1
WO0000174,Northeast-1,Apparel,06/23/2026,06/26/2026,06/26/2026,shipped,8
WO0000175,West-3,Outdoor,06/23/2026,06/24/2026,2026-06-23,SHIPPED,8
WO0000176,Northeast-1,Office Supplies,2026-06-23,2026-06-25,2026-06-24,Shipped,3
WO0000177,Midwest-2,Electronics,06/23/2026,2026-06-24,06/24/2026,Shipped,2
WO0000178,Northeast-1,Electronics,2026-06-23,06/25/2026,06/25/2026,SHIPPED,5
WO0000179,Midwest-2,Home Goods,2026-06-23,06/24/2026,,Delayed,11
WO0000180,South-4,Office Supplies,06/23/2026,06/24/2026,2026-06-23,shipped,2
WO0000181,West-3,Apparel,06/23/2026,2026-06-26,06/26/2026, Shipped,7
WO0000182,West-3,Electronics,06/23/2026,06/26/2026,06/25/2026,shipped,2
WO0000183,Northeast-1,Outdoor,2026-06-23,06/26/2026,2026-06-26,SHIPPED,4
WO0000184,South-4,Outdoor,2026-06-23,06/26/2026,2026-06-26,SHIPPED,8
WO0000185,Northeast-1,Office Supplies,06/23/2026,2026-06-26,2026-06-26, Shipped,4
WO0000186,Northeast-1,Office Supplies,06/23/2026,06/24/2026,06/24/2026,SHIPPED,1
WO0000187,South-4,Office Supplies,06/23/2026,2026-06-25,06/24/2026, Shipped,4
WO0000188,South-4,Home Goods,2026-06-23,2026-06-24,,delayed,1
WO0000189,Midwest-2,Outdoor,06/23/2026,06/26/2026,06/25/2026,shipped,5
WO0000190,West-3,Office Supplies,2026-06-23,2026-06-24,2026-06-24, Shipped,1
WO0000191,Midwest-2,Office Supplies,2026-06-23,06/25/2026,06/25/2026,SHIPPED,4
WO0000192,Northeast-1,Outdoor,2026-06-23,2026-06-26,2026-06-27,delayed,2
WO0000193,South-4,Home Goods,2026-06-23,2026-06-26,06/25/2026, Shipped,8
WO0000194,South-4,Home Goods,2026-06-23,06/26/2026,2026-06-26,Shipped,9
WO0000195,Midwest-2,Home Goods,06/23/2026,2026-06-24,06/23/2026,Shipped,10
WO0000196,Midwest-2,Home Goods,06/23/2026,06/26/2026,06/27/2026,DELAYED,11
WO0000197,Midwest-2,Home Goods,06/23/2026,06/25/2026,06/25/2026,shipped,10
WO0000198,Northeast-1,Office Supplies,06/23/2026,06/25/2026,06/25/2026,Shipped,6
WO0000199,Northeast-1,Electronics,06/23/2026,2026-06-25,2026-06-25,Shipped,8
WO0000200,Midwest-2,Office Supplies,06/23/2026,2026-06-25,2026-06-25, Shipped,7
WO0000201,Midwest-2,Outdoor,2026-06-23,06/25/2026,2026-06-25,SHIPPED,4
WO0000202,West-3,Office Supplies,06/23/2026,06/25/2026,06/30/2026,DELAYED,6
WO0000203,Northeast-1,Outdoor,06/23/2026,2026-06-24,2026-06-23,SHIPPED,6
WO0000204,Midwest-2,Office Supplies,2026-06-23,06/24/2026,06/23/2026,SHIPPED,10
WO0000205,Midwest-2,Electronics,2026-06-23,2026-06-24,2026-06-24, Shipped,8
WO0000206,West-3,Office Supplies,06/23/2026,2026-06-25,,DELAYED,2
WO0000207,Northeast-1,Apparel,2026-06-23,06/26/2026,2026-06-25, Shipped,9
WO0000208,South-4,Outdoor,06/23/2026,06/26/2026,2026-06-25,SHIPPED,9
WO0000209,South-4,Apparel,06/23/2026,2026-06-25,06/24/2026, Shipped,10
WO0000210,South-4,Apparel,2026-06-23,2026-06-25,06/24/2026,Shipped,7
WO0000211,Midwest-2,Electronics,2026-06-23,06/24/2026,06/23/2026,shipped,7
WO0000212,West-3,Outdoor,2026-06-23,2026-06-26,06/25/2026,Shipped,10
WO0000213,West-3,Home Goods,2026-06-23,06/24/2026,06/23/2026,Shipped,11
WO0000214,West-3,Apparel,06/23/2026,2026-06-26,2026-06-25,shipped,11
WO0000215,South-4,Electronics,2026-06-23,06/24/2026,06/23/2026,shipped,4
WO0000216,South-4,Home Goods,06/23/2026,06/26/2026,,DELAYED,10
WO0000217,South-4,Electronics,06/23/2026,2026-06-24,06/23/2026,Shipped,3
WO0000218,South-4,Outdoor,2026-06-23,06/26/2026,2026-06-26,SHIPPED,10
WO0000219,Midwest-2,Apparel,06/23/2026,06/26/2026,06/25/2026,SHIPPED,7
WO0000220,Midwest-2,Home Goods,06/23/2026,06/25/2026,06/24/2026,shipped,5
WO0000221,Northeast-1,Home Goods,2026-06-23,06/24/2026,2026-06-23,Shipped,1
WO0000222,West-3,Outdoor,2026-06-23,06/26/2026,2026-06-29,DELAYED,6
WO0000223,West-3,Office Supplies,2026-06-23,06/26/2026,06/26/2026,Shipped,4
WO0000224,Midwest-2,Office Supplies,2026-06-23,2026-06-25,06/25/2026,SHIPPED,4
WO0000225,Northeast-1,Outdoor,06/23/2026,2026-06-26,2026-06-25, Shipped,1
WO0000226,Midwest-2,Home Goods,06/23/2026,06/26/2026,2026-06-25,shipped,9
WO0000226,Midwest-2,Home Goods,06/23/2026,06/26/2026,2026-06-25,shipped,9
WO0000227,West-3,Home Goods,2026-06-23,2026-06-24,06/24/2026,Shipped,6
WO0000228,Northeast-1,Electronics,2026-06-23,2026-06-25,06/25/2026,shipped,10
WO0000229,Northeast-1,Electronics,06/23/2026,06/24/2026,2026-06-24,shipped,8
WO0000230,West-3,Outdoor,06/23/2026,2026-06-24,2026-06-24, Shipped,10
WO0000231,Midwest-2,Electronics,2026-06-23,06/24/2026,2026-06-24,SHIPPED,7
WO0000232,West-3,Apparel,06/23/2026,06/24/2026,,delayed,2
WO0000233,Midwest-2,Electronics,2026-06-23,2026-06-26,2026-06-26,shipped,6
WO0000234,Midwest-2,Home Goods,2026-06-23,06/24/2026,2026-06-24,Shipped,1
WO0000235,West-3,Electronics,2026-06-23,2026-06-26,2026-06-26, Shipped,6
WO0000236,Midwest-2,Outdoor,06/23/2026,06/25/2026,2026-06-24,Shipped,7
WO0000237,Midwest-2,Outdoor,06/23/2026,06/25/2026,06/25/2026,SHIPPED,10
WO0000238,Northeast-1,Home Goods,2026-06-23,06/24/2026,2026-06-24,SHIPPED,4
WO0000239,Northeast-1,Outdoor,2026-06-23,2026-06-25,2026-06-24,SHIPPED,4
WO0000240,West-3,Apparel,2026-06-23,2026-06-26,,delayed,11
WO0000241,Midwest-2,Electronics,2026-06-23,06/25/2026,2026-06-25,SHIPPED,6
WO0000242,Midwest-2,Office Supplies,2026-06-23,06/25/2026,06/24/2026, Shipped,2
WO0000243,Midwest-2,Apparel,06/23/2026,2026-06-24,2026-06-24, Shipped,7
WO0000244,Midwest-2,Office Supplies,06/23/2026,06/24/2026,06/24/2026,shipped,11
WO0000245,Midwest-2,Office Supplies,06/23/2026,06/26/2026,,Delayed,11
WO0000246,South-4,Home Goods,06/23/2026,2026-06-26,06/26/2026,SHIPPED,4
WO0000247,,Home Goods,06/23/2026,2026-06-26,06/26/2026,SHIPPED,4
WO0000248,Northeast-1,Apparel,2026-06-23,2026-06-25,2026-06-24,SHIPPED,10
WO0000249,Northeast-1,Outdoor,06/23/2026,2026-06-26,06/25/2026,SHIPPED,3
WO0000250,South-4,Outdoor,2026-06-23,2026-06-26,06/25/2026,SHIPPED,1
WO0000251,South-4,Office Supplies,2026-06-23,06/25/2026,2026-06-25,shipped,10
WO0000252,West-3,Home Goods,2026-06-23,2026-06-25,,DELAYED,4
WO0000253,Northeast-1,Electronics,06/23/2026,2026-06-24,2026-06-23,Shipped,8
WO0000254,Northeast-1,Office Supplies,2026-06-23,2026-06-24,06/23/2026,shipped,9
WO0000255,South-4,Outdoor,06/23/2026,2026-06-24,2026-06-24,SHIPPED,2
WO0000256,West-3,Outdoor,2026-06-23,2026-06-24,06/24/2026,Shipped,9
WO0000257,Midwest-2,Outdoor,2026-06-23,06/26/2026,,DELAYED,4
WO0000258,South-4,Outdoor,2026-06-23,2026-06-25,06/25/2026,SHIPPED,3
WO0000259,Northeast-1,Outdoor,06/23/2026,06/26/2026,,Canceled,9
WO0000260,South-4,Home Goods,06/23/2026,06/26/2026,06/25/2026,shipped,7
WO0000261,South-4,Outdoor,06/23/2026,2026-06-26,06/26/2026,shipped,8
WO0000262,West-3,Apparel,06/23/2026,2026-06-24,2026-06-24,Shipped,1
WO0000263,South-4,Apparel,2026-06-23,2026-06-25,06/25/2026,shipped,11
WO0000264,,Apparel,2026-06-23,2026-06-25,06/25/2026,shipped,11
WO0000265,Northeast-1,Outdoor,2026-06-23,06/26/2026,2026-06-26,SHIPPED,6
WO0000266,Midwest-2,Home Goods,06/23/2026,06/24/2026,2026-06-24,SHIPPED,9
WO0000267,Midwest-2,Outdoor,2026-06-24,2026-06-27,2026-06-27,Shipped,5
WO0000268,Northeast-1,Apparel,06/24/2026,06/25/2026,06/24/2026,shipped,11
WO0000269,West-3,Apparel,2026-06-24,06/26/2026,06/26/2026,Shipped,4
WO0000270,Midwest-2,Office Supplies,06/24/2026,2026-06-27,07/01/2026,delayed,11
WO0000271,South-4,Electronics,06/24/2026,2026-06-27,06/27/2026, Shipped,11
WO0000272,Northeast-1,Office Supplies,06/24/2026,06/26/2026,06/25/2026,Shipped,2
WO0000273,South-4,Electronics,2026-06-24,06/27/2026,06/27/2026,Shipped,3
WO0000274,South-4,Office Supplies,06/24/2026,2026-06-26,2026-06-25,Shipped,10
WO0000275,Midwest-2,Electronics,06/24/2026,2026-06-25,06/25/2026, Shipped,10
WO0000276,South-4,Apparel,2026-06-24,2026-06-27,2026-06-27, Shipped,5
WO0000277,South-4,Apparel,06/24/2026,06/27/2026,06/27/2026,Shipped,8
WO0000278,Midwest-2,Electronics,2026-06-24,06/25/2026,06/25/2026,Shipped,7
WO0000279,Midwest-2,Office Supplies,2026-06-24,06/27/2026,06/27/2026,SHIPPED,8
WO0000280,South-4,Electronics,06/24/2026,2026-06-26,,delayed,10
WO0000281,West-3,Home Goods,06/24/2026,2026-06-25,06/24/2026,shipped,6
WO0000282,Northeast-1,Outdoor,2026-06-24,2026-06-25,06/24/2026, Shipped,11
WO0000283,Midwest-2,Apparel,06/24/2026,2026-06-27,2026-06-26,SHIPPED,2
WO0000284,West-3,Office Supplies,06/24/2026,2026-06-25,06/25/2026,shipped,5
WO0000285,West-3,Outdoor,06/24/2026,06/25/2026,06/25/2026,SHIPPED,9
WO0000286,South-4,Office Supplies,06/24/2026,2026-06-26,2026-06-29,Delayed,9
WO0000287,West-3,Home Goods,2026-06-24,06/26/2026,2026-06-25,SHIPPED,3
WO0000288,Northeast-1,Outdoor,2026-06-24,2026-06-26,06/25/2026, Shipped,10
WO0000289,South-4,Outdoor,2026-06-24,06/27/2026,06/26/2026,shipped,1
WO0000290,Midwest-2,Outdoor,2026-06-24,06/25/2026,2026-06-29,DELAYED,8
WO0000291,South-4,Apparel,06/24/2026,06/25/2026,2026-06-24,shipped,3
WO0000292,South-4,Home Goods,2026-06-24,06/25/2026,06/24/2026,SHIPPED,5
WO0000293,South-4,Outdoor,2026-06-24,2026-06-27,06/26/2026,shipped,11
WO0000294,Northeast-1,Outdoor,2026-06-24,2026-06-27,2026-06-27,shipped,3
WO0000295,South-4,Outdoor,06/24/2026,06/26/2026,06/26/2026,shipped,8
WO0000296,South-4,Apparel,2026-06-24,2026-06-26,06/26/2026, Shipped,11
WO0000297,West-3,Apparel,06/24/2026,06/25/2026,06/24/2026,SHIPPED,4
WO0000298,South-4,Apparel,2026-06-24,2026-06-25,06/25/2026, Shipped,1
WO0000299,South-4,Office Supplies,06/24/2026,2026-06-26,2026-06-26,Shipped,7
WO0000300,Northeast-1,Home Goods,2026-06-24,2026-06-26,06/25/2026,shipped,1
WO0000301,Midwest-2,Office Supplies,2026-06-24,06/26/2026,06/26/2026,shipped,2
WO0000302,Northeast-1,Apparel,2026-06-24,06/27/2026,06/27/2026,Shipped,6
WO0000302,Northeast-1,Apparel,2026-06-24,06/27/2026,06/27/2026,Shipped,6
WO0000303,Northeast-1,Outdoor,2026-06-24,06/26/2026,06/25/2026, Shipped,11
WO0000304,West-3,Apparel,06/24/2026,06/25/2026,06/25/2026,Shipped,9
WO0000305,West-3,Home Goods,06/24/2026,2026-06-26,2026-06-26,Shipped,6
WO0000306,Midwest-2,Electronics,2026-06-24,06/26/2026,2026-06-25, Shipped,4
WO0000307,South-4,Home Goods,2026-06-24,2026-06-26,2026-06-26, Shipped,6
WO0000308,West-3,Outdoor,06/24/2026,06/25/2026,06/25/2026,shipped,1
WO0000309,Midwest-2,Home Goods,2026-06-24,06/27/2026,06/27/2026, Shipped,4
WO0000310,Northeast-1,Office Supplies,2026-06-24,2026-06-27,2026-06-26, Shipped,2
WO0000311,West-3,Apparel,2026-06-24,2026-06-25,06/24/2026,Shipped,2
WO0000312,Midwest-2,Home Goods,06/24/2026,06/27/2026,06/27/2026,shipped,10
WO0000313,Midwest-2,Outdoor,2026-06-24,06/26/2026,2026-06-25,Shipped,11
WO0000314,Midwest-2,Electronics,06/24/2026,06/27/2026,2026-06-27,Shipped,3
WO0000315,Midwest-2,Outdoor,06/24/2026,2026-06-25,2026-06-25,Shipped,1
WO0000316,Northeast-1,Apparel,06/24/2026,06/27/2026,2026-06-26, Shipped,4
WO0000317,Northeast-1,Apparel,06/24/2026,06/27/2026,2026-06-27, Shipped,8
WO0000318,Midwest-2,Office Supplies,06/24/2026,2026-06-25,06/24/2026,Shipped,6
WO0000319,South-4,Apparel,06/24/2026,06/27/2026,2026-06-27, Shipped,6
WO0000320,Northeast-1,Electronics,06/24/2026,06/25/2026,06/24/2026,Shipped,11
WO0000321,West-3,Outdoor,2026-06-24,06/25/2026,06/24/2026, Shipped,9
WO0000322,West-3,Apparel,2026-06-24,2026-06-27,2026-06-26,SHIPPED,2
WO0000323,South-4,Home Goods,06/24/2026,06/25/2026,06/24/2026,shipped,3
WO0000324,Midwest-2,Home Goods,06/24/2026,06/25/2026,06/24/2026, Shipped,10
WO0000325,West-3,Office Supplies,2026-06-24,2026-06-27,2026-06-27, Shipped,3
WO0000326,South-4,Office Supplies,2026-06-24,06/25/2026,06/25/2026,SHIPPED,3
WO0000327,Northeast-1,Outdoor,2026-06-24,2026-06-26,2026-06-25, Shipped,9
WO0000328,West-3,Office Supplies,2026-06-24,2026-06-26,06/25/2026,SHIPPED,9
WO0000329,South-4,Electronics,2026-06-24,2026-06-25,2026-06-25, Shipped,11
WO0000330,Northeast-1,Outdoor,06/24/2026,2026-06-27,06/26/2026,Shipped,10
WO0000331,Midwest-2,Apparel,06/24/2026,06/25/2026,06/24/2026,Shipped,7
WO0000332,Northeast-1,Office Supplies,06/24/2026,06/25/2026,06/25/2026,Shipped,10
WO0000333,Northeast-1,Apparel,06/24/2026,2026-06-27,06/27/2026,shipped,3
WO0000334,West-3,Apparel,2026-06-24,2026-06-27,06/30/2026,Delayed,4
WO0000335,West-3,Electronics,06/24/2026,06/27/2026,2026-06-27,shipped,10
WO0000336,Northeast-1,Apparel,06/24/2026,06/27/2026,2026-06-26,Shipped,1
WO0000337,Northeast-1,Outdoor,06/24/2026,2026-06-25,06/24/2026, Shipped,6
WO0000338,West-3,Electronics,2026-06-24,2026-06-25,06/25/2026,shipped,2
WO0000339,West-3,Apparel,2026-06-24,2026-06-26,06/26/2026,shipped,3
WO0000340,South-4,Electronics,2026-06-24,2026-06-27,06/27/2026, Shipped,3
WO0000340,South-4,Electronics,2026-06-24,2026-06-27,06/27/2026, Shipped,3
WO0000341,Midwest-2,Apparel,06/24/2026,06/26/2026,06/25/2026,SHIPPED,7
WO0000342,Northeast-1,Outdoor,06/24/2026,2026-06-26,06/26/2026,SHIPPED,8
WO0000343,West-3,Home Goods,06/24/2026,06/26/2026,2026-06-25, Shipped,2
WO0000344,Northeast-1,Outdoor,2026-06-24,06/27/2026,06/26/2026, Shipped,5
WO0000345,South-4,Apparel,2026-06-24,06/26/2026,06/26/2026,SHIPPED,7
WO0000346,West-3,Electronics,06/24/2026,06/26/2026,2026-06-26, Shipped,5
WO0000347,Midwest-2,Office Supplies,06/24/2026,06/27/2026,06/27/2026, Shipped,7
WO0000348,Northeast-1,Apparel,06/24/2026,2026-06-27,2026-06-27,Shipped,6
WO0000349,Northeast-1,Office Supplies,06/24/2026,2026-06-27,,DELAYED,8
WO0000350,South-4,Electronics,2026-06-24,2026-06-27,06/27/2026,shipped,10
WO0000351,Northeast-1,Apparel,06/24/2026,2026-06-25,06/24/2026,Shipped,5
WO0000352,Midwest-2,Home Goods,2026-06-24,2026-06-26,06/25/2026,shipped,10
WO0000353,Midwest-2,Home Goods,2026-06-24,2026-06-26,06/25/2026, Shipped,3
WO0000354,Midwest-2,Electronics,06/24/2026,2026-06-26,2026-06-26,SHIPPED,8
WO0000355,Northeast-1,Electronics,2026-06-24,06/27/2026,,delayed,8
WO0000356,Midwest-2,Office Supplies,2026-06-24,06/25/2026,2026-06-25,shipped,6
WO0000357,Midwest-2,Apparel,06/24/2026,06/27/2026,2026-06-27, Shipped,7
WO0000358,South-4,Outdoor,06/24/2026,06/26/2026,06/25/2026,shipped,2
WO0000359,Northeast-1,Outdoor,06/24/2026,06/25/2026,06/24/2026, Shipped,7
WO0000360,South-4,Home Goods,06/24/2026,06/25/2026,2026-06-25,shipped,8
WO0000361,Midwest-2,Electronics,06/24/2026,2026-06-25,06/24/2026,SHIPPED,10
WO0000362,Midwest-2,Office Supplies,2026-06-24,2026-06-25,2026-06-25, Shipped,3
WO0000363,Northeast-1,Office Supplies,06/24/2026,06/25/2026,06/25/2026, Shipped,4
WO0000364,South-4,Office Supplies,06/24/2026,06/25/2026,06/25/2026,SHIPPED,6
WO0000365,South-4,Apparel,2026-06-24,06/25/2026,06/24/2026,Shipped,10
WO0000366,South-4,Office Supplies,2026-06-24,2026-06-25,,delayed,7
WO0000367,West-3,Apparel,06/24/2026,2026-06-25,06/25/2026,Shipped,1
WO0000368,West-3,Apparel,06/24/2026,2026-06-25,06/25/2026,Shipped,-1
WO0000369,South-4,Home Goods,2026-06-24,2026-06-27,06/26/2026,SHIPPED,1
WO0000370,West-3,Outdoor,2026-06-24,2026-06-27,2026-07-01,Delayed,3
WO0000371,South-4,Electronics,2026-06-24,2026-06-25,06/24/2026,Shipped,1
WO0000372,West-3,Apparel,2026-06-24,06/25/2026,06/24/2026, Shipped,4
WO0000373,South-4,Electronics,2026-06-24,2026-06-27,2026-06-30,Delayed,1
WO0000374,Midwest-2,Office Supplies,06/24/2026,2026-06-26,06/25/2026,shipped,3
WO0000375,South-4,Outdoor,06/24/2026,2026-06-26,2026-06-25, Shipped,6
WO0000376,Midwest-2,Apparel,06/24/2026,06/27/2026,06/27/2026, Shipped,1
WO0000377,West-3,Home Goods,06/24/2026,2026-06-26,2026-06-25, Shipped,1
WO0000378,Northeast-1,Home Goods,2026-06-24,2026-06-26,06/25/2026,shipped,7
WO0000379,South-4,Electronics,06/24/2026,2026-06-25,06/24/2026,shipped,10
WO0000380,Midwest-2,Electronics,2026-06-24,2026-06-27,06/26/2026,shipped,6
WO0000381,Midwest-2,Home Goods,2026-06-24,2026-06-26,2026-06-26,Shipped,3
WO0000382,Midwest-2,Home Goods,2026-06-24,06/27/2026,2026-06-27,shipped,10
WO0000383,Northeast-1,Outdoor,06/24/2026,06/25/2026,2026-06-25, Shipped,8
WO0000384,South-4,Apparel,2026-06-24,06/25/2026,2026-06-24, Shipped,5
WO0000385,Northeast-1,Apparel,06/24/2026,06/26/2026,06/25/2026,SHIPPED,4
WO0000386,Northeast-1,Office Supplies,2026-06-24,06/25/2026,06/25/2026,Shipped,6
WO0000387,West-3,Home Goods,2026-06-24,2026-06-25,2026-06-25,shipped,3
WO0000387,West-3,Home Goods,2026-06-24,2026-06-25,2026-06-25,shipped,3
WO0000388,South-4,Home Goods,2026-06-24,2026-06-25,06/25/2026,shipped,10
WO0000389,,Home Goods,2026-06-24,2026-06-25,06/25/2026,shipped,10
WO0000390,South-4,Apparel,2026-06-24,2026-06-27,2026-06-26, Shipped,1
WO0000391,South-4,Electronics,06/24/2026,2026-06-27,2026-06-26,shipped,10
WO0000392,Midwest-2,Outdoor,2026-06-25,2026-06-26,06/25/2026,SHIPPED,3
WO0000393,South-4,Office Supplies,2026-06-25,2026-06-28,2026-06-27,Shipped,11
WO0000394,Northeast-1,Electronics,06/25/2026,06/26/2026,06/26/2026,shipped,7
WO0000395,Northeast-1,Electronics,2026-06-25,06/27/2026,06/27/2026,Shipped,1
WO0000396,Midwest-2,Home Goods,06/25/2026,2026-06-26,06/25/2026,SHIPPED,5
WO0000397,West-3,Office Supplies,06/25/2026,06/28/2026,2026-06-27,Shipped,1
WO0000398,South-4,Office Supplies,2026-06-25,2026-06-28,2026-06-28, Shipped,6
WO0000399,West-3,Apparel,06/25/2026,2026-06-27,06/27/2026, Shipped,6
WO0000400,West-3,Electronics,06/25/2026,2026-06-28,06/27/2026,SHIPPED,7
WO0000401,South-4,Electronics,06/25/2026,2026-06-28,06/28/2026,shipped,9
WO0000402,West-3,Outdoor,06/25/2026,06/26/2026,2026-06-25,SHIPPED,6
WO0000403,Midwest-2,Apparel,06/25/2026,06/27/2026,2026-06-27,SHIPPED,1
WO0000404,West-3,Home Goods,06/25/2026,06/28/2026,2026-06-27, Shipped,8
WO0000405,Midwest-2,Outdoor,2026-06-25,06/28/2026,,DELAYED,7
WO0000406,South-4,Apparel,06/25/2026,2026-06-27,2026-06-27,Shipped,8
WO0000407,Midwest-2,Electronics,2026-06-25,06/26/2026,06/25/2026,shipped,11
WO0000408,South-4,Office Supplies,2026-06-25,06/27/2026,2026-06-26,SHIPPED,8
WO0000409,South-4,Office Supplies,2026-06-25,06/26/2026,06/25/2026,SHIPPED,9
WO0000410,Northeast-1,Home Goods,2026-06-25,06/28/2026,2026-06-27,SHIPPED,3
WO0000411,Midwest-2,Office Supplies,06/25/2026,2026-06-26,06/26/2026,shipped,11
WO0000412,South-4,Outdoor,06/25/2026,2026-06-27,06/26/2026, Shipped,2
WO0000413,West-3,Outdoor,2026-06-25,2026-06-27,06/27/2026,Shipped,10
WO0000414,West-3,Outdoor,06/25/2026,2026-06-28,06/27/2026, Shipped,9
WO0000415,Northeast-1,Home Goods,06/25/2026,2026-06-28,2026-06-27,SHIPPED,3
WO0000416,West-3,Office Supplies,2026-06-25,2026-06-26,2026-06-26,shipped,6
WO0000417,West-3,Office Supplies,06/25/2026,06/27/2026,06/27/2026,Shipped,7
WO0000418,Northeast-1,Electronics,06/25/2026,06/27/2026,2026-06-27, Shipped,8
WO0000419,Midwest-2,Apparel,06/25/2026,06/26/2026,2026-06-25,SHIPPED,8
WO0000420,Midwest-2,Outdoor,06/25/2026,2026-06-28,2026-06-27,shipped,7
WO0000421,South-4,Office Supplies,06/25/2026,2026-06-26,2026-06-25, Shipped,5
WO0000422,Midwest-2,Home Goods,06/25/2026,2026-06-26,06/25/2026,SHIPPED,8
WO0000423,Northeast-1,Electronics,06/25/2026,2026-06-28,2026-06-28,SHIPPED,1
WO0000424,Northeast-1,Office Supplies,06/25/2026,06/26/2026,06/27/2026,DELAYED,6
WO0000425,Midwest-2,Home Goods,06/25/2026,2026-06-28,06/28/2026,shipped,11
WO0000426,West-3,Apparel,2026-06-25,2026-06-27,2026-06-26,Shipped,7
WO0000427,Northeast-1,Home Goods,06/25/2026,2026-06-27,2026-06-27,Shipped,4
WO0000428,South-4,Outdoor,2026-06-25,2026-06-27,06/26/2026,shipped,10
WO0000429,South-4,Apparel,06/25/2026,06/26/2026,2026-06-26,shipped,11
WO0000430,South-4,Electronics,2026-06-25,06/26/2026,06/26/2026,SHIPPED,6
WO0000431,South-4,Home Goods,2026-06-25,06/28/2026,06/27/2026,SHIPPED,9
WO0000432,Northeast-1,Apparel,06/25/2026,06/26/2026,2026-06-26, Shipped,2
WO0000433,,Apparel,06/25/2026,06/26/2026,2026-06-26, Shipped,2
WO0000434,West-3,Outdoor,2026-06-25,2026-06-26,06/26/2026,Shipped,11
WO0000435,Northeast-1,Outdoor,06/25/2026,06/27/2026,06/27/2026,Shipped,11
WO0000436,Northeast-1,Apparel,06/25/2026,06/28/2026,2026-06-28,SHIPPED,10
WO0000437,Midwest-2,Apparel,06/25/2026,2026-06-28,06/27/2026, Shipped,7
WO0000438,West-3,Home Goods,06/25/2026,06/26/2026,06/25/2026,shipped,1
WO0000438,West-3,Home Goods,06/25/2026,06/26/2026,06/25/2026,shipped,1
WO0000439,South-4,Apparel,2026-06-25,2026-06-27,2026-06-27,SHIPPED,5
WO0000440,South-4,Office Supplies,2026-06-25,2026-06-26,,DELAYED,10
WO0000441,Midwest-2,Electronics,2026-06-25,2026-06-26,06/25/2026, Shipped,4
WO0000442,Midwest-2,Office Supplies,2026-06-25,06/26/2026,2026-06-26,Shipped,9
WO0000443,Northeast-1,Apparel,2026-06-25,2026-06-28,06/28/2026,Shipped,3
WO0000444,Midwest-2,Electronics,2026-06-25,06/27/2026,2026-06-27,shipped,3
WO0000445,South-4,Home Goods,2026-06-25,2026-06-28,06/27/2026,shipped,11
WO0000446,South-4,Home Goods,2026-06-25,2026-06-28,06/27/2026,shipped,-1
WO0000447,Midwest-2,Home Goods,2026-06-25,2026-06-28,2026-06-28, Shipped,9
WO0000448,South-4,Outdoor,2026-06-25,06/28/2026,06/27/2026,shipped,9
WO0000449,West-3,Electronics,2026-06-25,06/26/2026,2026-07-01,Delayed,3
WO0000450,Northeast-1,Outdoor,06/25/2026,06/28/2026,06/28/2026,shipped,10
WO0000451,West-3,Outdoor,2026-06-25,06/27/2026,,DELAYED,6
WO0000452,South-4,Electronics,2026-06-25,2026-06-26,06/26/2026,SHIPPED,8
WO0000453,Midwest-2,Electronics,06/25/2026,2026-06-28,06/27/2026,SHIPPED,1
WO0000454,Northeast-1,Apparel,06/25/2026,2026-06-28,06/28/2026,shipped,8
WO0000455,West-3,Office Supplies,2026-06-25,2026-06-28,06/28/2026,Shipped,3
WO0000456,Northeast-1,Home Goods,2026-06-25,2026-06-28,2026-06-28,SHIPPED,1
WO0000457,Midwest-2,Apparel,2026-06-25,2026-06-28,06/28/2026,Shipped,11
WO0000458,Northeast-1,Office Supplies,2026-06-25,06/27/2026,2026-06-27,SHIPPED,10
WO0000459,Midwest-2,Apparel,2026-06-25,2026-06-28,06/27/2026,SHIPPED,7
WO0000460,Midwest-2,Home Goods,06/25/2026,2026-06-27,2026-06-26,SHIPPED,4
WO0000461,South-4,Office Supplies,06/25/2026,2026-06-28,06/28/2026,shipped,9
WO0000462,West-3,Office Supplies,06/25/2026,2026-06-26,2026-06-25,Shipped,7
WO0000463,South-4,Office Supplies,06/25/2026,06/27/2026,06/27/2026,shipped,7
WO0000464,Northeast-1,Home Goods,2026-06-25,06/27/2026,06/27/2026,shipped,5
WO0000465,West-3,Apparel,06/25/2026,06/28/2026,06/28/2026,Shipped,1
WO0000466,South-4,Home Goods,06/25/2026,06/28/2026,2026-06-28,SHIPPED,4
WO0000467,Northeast-1,Apparel,2026-06-25,06/26/2026,2026-06-25,SHIPPED,6
WO0000468,Midwest-2,Electronics,2026-06-25,06/26/2026,2026-06-26, Shipped,5
WO0000469,South-4,Outdoor,2026-06-25,06/28/2026,06/28/2026,SHIPPED,3
WO0000469,South-4,Outdoor,2026-06-25,06/28/2026,06/28/2026,SHIPPED,3
WO0000470,South-4,Home Goods,2026-06-25,06/26/2026,06/26/2026, Shipped,5
WO0000471,South-4,Office Supplies,2026-06-25,2026-06-26,06/26/2026, Shipped,5
WO0000472,South-4,Home Goods,06/25/2026,06/26/2026,06/26/2026, Shipped,5
WO0000473,South-4,Outdoor,2026-06-25,2026-06-28,2026-06-27, Shipped,6
WO0000474,South-4,Apparel,2026-06-25,06/28/2026,2026-06-28,shipped,7
WO0000475,,Apparel,2026-06-25,06/28/2026,2026-06-28,shipped,7
WO0000476,Northeast-1,Home Goods,2026-06-25,06/26/2026,06/26/2026,shipped,4
WO0000477,West-3,Office Supplies,2026-06-25,06/26/2026,2026-07-01,DELAYED,2
WO0000478,South-4,Outdoor,2026-06-25,2026-06-28,06/27/2026,SHIPPED,5
WO0000479,West-3,Outdoor,2026-06-25,06/28/2026,06/27/2026,Shipped,6
WO0000480,Northeast-1,Outdoor,06/25/2026,2026-06-28,2026-06-27,shipped,7
WO0000481,Northeast-1,Home Goods,06/25/2026,2026-06-26,06/26/2026, Shipped,10
WO0000482,South-4,Office Supplies,2026-06-25,2026-06-28,06/28/2026,SHIPPED,8
WO0000483,South-4,Home Goods,06/25/2026,2026-06-26,06/25/2026,shipped,2
WO0000484,Northeast-1,Home Goods,2026-06-25,06/27/2026,2026-06-26,shipped,9
WO0000485,Northeast-1,Apparel,06/25/2026,06/28/2026,,Delayed,11
WO0000486,Northeast-1,Office Supplies,2026-06-25,06/27/2026,06/27/2026,Shipped,2
WO0000487,West-3,Apparel,06/25/2026,06/28/2026,06/28/2026, Shipped,6
WO0000488,Northeast-1,Outdoor,06/25/2026,06/27/2026,06/26/2026, Shipped,6
WO0000489,Midwest-2,Electronics,2026-06-25,2026-06-28,06/28/2026,SHIPPED,1
WO0000490,Midwest-2,Apparel,06/25/2026,2026-06-26,2026-06-25,shipped,11
WO0000491,Northeast-1,Office Supplies,06/25/2026,06/28/2026,06/27/2026, Shipped,11
WO0000492,West-3,Outdoor,06/25/2026,06/28/2026,06/28/2026,SHIPPED,3
WO0000493,West-3,Apparel,2026-06-25,2026-06-26,06/26/2026, Shipped,7
WO0000494,West-3,Electronics,2026-06-25,06/27/2026,06/27/2026,SHIPPED,10
WO0000495,West-3,Outdoor,06/25/2026,2026-06-26,2026-06-25,shipped,10
WO0000496,Midwest-2,Outdoor,06/25/2026,06/26/2026,,DELAYED,7
WO0000497,Midwest-2,Apparel,06/25/2026,06/26/2026,,Delayed,1
WO0000498,West-3,Outdoor,2026-06-25,2026-06-26,2026-06-26,shipped,9
WO0000499,South-4,Apparel,06/25/2026,2026-06-26,06/26/2026,SHIPPED,1
WO0000500,,Apparel,06/25/2026,2026-06-26,06/26/2026,SHIPPED,1
WO0000501,Midwest-2,Home Goods,06/25/2026,06/26/2026,2026-06-25, Shipped,8
WO0000502,Northeast-1,Electronics,06/25/2026,2026-06-28,2026-06-28,SHIPPED,4
WO0000503,South-4,Outdoor,06/25/2026,2026-06-27,06/27/2026, Shipped,2
WO0000504,Northeast-1,Office Supplies,2026-06-25,06/28/2026,06/28/2026,shipped,5
WO0000505,Northeast-1,Apparel,2026-06-25,06/27/2026,07/02/2026,DELAYED,7
WO0000506,Northeast-1,Office Supplies,2026-06-25,06/28/2026,2026-06-28,SHIPPED,6
WO0000507,West-3,Home Goods,2026-06-25,06/28/2026,06/28/2026, Shipped,4
WO0000508,Midwest-2,Home Goods,2026-06-25,2026-06-27,2026-06-27,shipped,8
WO0000509,South-4,Office Supplies,06/25/2026,06/26/2026,2026-06-25,Shipped,7
WO0000510,Northeast-1,Outdoor,06/25/2026,2026-06-27,2026-06-26, Shipped,5
WO0000511,West-3,Apparel,2026-06-25,2026-06-27,06/27/2026, Shipped,7
WO0000512,Midwest-2,Outdoor,2026-06-25,2026-06-28,06/28/2026,Shipped,6
WO0000513,Northeast-1,Home Goods,06/25/2026,2026-06-27,2026-06-26,Shipped,6
WO0000514,South-4,Electronics,06/25/2026,2026-06-27,2026-06-26, Shipped,2
WO0000515,South-4,Apparel,2026-06-25,06/28/2026,2026-06-27,Shipped,9
WO0000516,South-4,Outdoor,2026-06-25,06/28/2026,2026-06-28,shipped,3
WO0000517,South-4,Outdoor,06/25/2026,06/27/2026,2026-06-27,shipped,1
WO0000518,South-4,Apparel,2026-06-25,2026-06-27,06/26/2026,SHIPPED,7
WO0000519,Northeast-1,Office Supplies,2026-06-25,06/27/2026,06/27/2026,shipped,4
WO0000520,West-3,Electronics,2026-06-25,06/26/2026,06/26/2026, Shipped,3
WO0000521,West-3,Outdoor,2026-06-25,06/28/2026,2026-06-28,shipped,6
WO0000522,Midwest-2,Home Goods,2026-06-25,2026-06-26,06/25/2026,Shipped,5
WO0000523,South-4,Electronics,06/25/2026,06/26/2026,06/26/2026,shipped,1
WO0000524,South-4,Outdoor,06/25/2026,06/26/2026,2026-06-25,shipped,3
WO0000525,West-3,Home Goods,06/25/2026,06/27/2026,2026-06-27,SHIPPED,2
WO0000526,Midwest-2,Home Goods,06/25/2026,2026-06-26,2026-06-26,Shipped,5
WO0000527,Midwest-2,Apparel,2026-06-25,2026-06-27,06/27/2026, Shipped,9
WO0000528,West-3,Office Supplies,06/26/2026,2026-06-27,06/27/2026,Shipped,3
WO0000529,West-3,Electronics,06/26/2026,06/28/2026,06/27/2026,shipped,9
WO0000530,West-3,Apparel,2026-06-26,06/28/2026,2026-06-27,SHIPPED,8
WO0000531,Northeast-1,Apparel,2026-06-26,06/27/2026,2026-06-27,shipped,9
WO0000532,West-3,Electronics,06/26/2026,06/27/2026,06/26/2026,SHIPPED,9
WO0000533,South-4,Electronics,06/26/2026,06/29/2026,2026-06-28,Shipped,7
WO0000534,South-4,Electronics,2026-06-26,06/27/2026,2026-06-26,SHIPPED,3
WO0000535,Northeast-1,Home Goods,2026-06-26,2026-06-27,2026-06-26,shipped,7
WO0000536,West-3,Outdoor,2026-06-26,06/27/2026,,Cancelled,1
WO0000537,Northeast-1,Apparel,2026-06-26,2026-06-28,06/27/2026,SHIPPED,6
WO0000538,South-4,Outdoor,06/26/2026,2026-06-27,2026-06-26, Shipped,7
WO0000539,West-3,Electronics,06/26/2026,2026-06-29,2026-06-28, Shipped,4
WO0000540,Northeast-1,Office Supplies,2026-06-26,2026-06-27,2026-06-27,Shipped,4
WO0000541,Midwest-2,Outdoor,06/26/2026,06/27/2026,06/27/2026,SHIPPED,6
WO0000542,South-4,Office Supplies,06/26/2026,06/27/2026,2026-06-26,shipped,1
WO0000543,South-4,Home Goods,2026-06-26,06/27/2026,2026-06-26,shipped,4
WO0000544,South-4,Office Supplies,2026-06-26,2026-06-28,2026-06-27, Shipped,3
WO0000545,West-3,Outdoor,2026-06-26,2026-06-28,2026-06-27,SHIPPED,11
WO0000546,West-3,Apparel,06/26/2026,2026-06-27,2026-06-26,Shipped,9
WO0000547,West-3,Outdoor,2026-06-26,06/28/2026,2026-06-28, Shipped,9
WO0000548,West-3,Outdoor,2026-06-26,06/29/2026,2026-06-28,Shipped,11
WO0000549,West-3,Outdoor,2026-06-26,06/28/2026,2026-06-28,shipped,10
WO0000550,West-3,Outdoor,06/26/2026,2026-06-27,06/27/2026,shipped,7
WO0000551,West-3,Office Supplies,2026-06-26,2026-06-28,06/28/2026, Shipped,1
WO0000552,Northeast-1,Outdoor,06/26/2026,2026-06-29,2026-07-03,Delayed,9
WO0000553,South-4,Home Goods,06/26/2026,2026-06-28,06/28/2026, Shipped,3
WO0000554,Northeast-1,Home Goods,06/26/2026,2026-06-28,06/28/2026,SHIPPED,2
WO0000554,Northeast-1,Home Goods,06/26/2026,2026-06-28,06/28/2026,SHIPPED,2
WO0000555,South-4,Electronics,2026-06-26,06/27/2026,06/26/2026,SHIPPED,11
WO0000556,South-4,Apparel,2026-06-26,2026-06-28,2026-06-28,SHIPPED,10
WO0000557,South-4,Office Supplies,2026-06-26,2026-06-29,06/29/2026,Shipped,9
WO0000558,Midwest-2,Electronics,2026-06-26,2026-06-29,06/29/2026,Shipped,5
WO0000559,South-4,Home Goods,06/26/2026,2026-06-27,06/27/2026,shipped,4
WO0000560,South-4,Electronics,06/26/2026,2026-06-29,06/29/2026,SHIPPED,7
WO0000561,Northeast-1,Electronics,2026-06-26,06/27/2026,2026-06-27,Shipped,6
WO0000562,Northeast-1,Outdoor,06/26/2026,06/28/2026,2026-06-27, Shipped,2
WO0000563,Midwest-2,Office Supplies,06/26/2026,06/28/2026,2026-06-27, Shipped,3
WO0000564,Midwest-2,Office Supplies,06/26/2026,06/28/2026,2026-06-27, Shipped,8
WO0000565,South-4,Outdoor,06/26/2026,2026-06-28,2026-06-27,Shipped,8
WO0000566,West-3,Outdoor,06/26/2026,06/29/2026,2026-06-28,SHIPPED,10
WO0000567,South-4,Apparel,2026-06-26,2026-06-27,06/26/2026,SHIPPED,6
WO0000568,West-3,Electronics,06/26/2026,2026-06-28,07/02/2026,delayed,10
WO0000569,West-3,Outdoor,06/26/2026,2026-06-28,06/27/2026,SHIPPED,8
WO0000570,West-3,Electronics,06/26/2026,06/28/2026,07/02/2026,DELAYED,8
WO0000571,Northeast-1,Electronics,06/26/2026,06/27/2026,2026-06-30,delayed,2
WO0000572,Northeast-1,Outdoor,06/26/2026,2026-06-27,2026-06-27,shipped,5
WO0000573,Midwest-2,Office Supplies,2026-06-26,2026-06-29,2026-06-29,SHIPPED,10
WO0000574,South-4,Home Goods,2026-06-26,2026-06-28,06/28/2026, Shipped,11
WO0000575,Midwest-2,Home Goods,2026-06-26,2026-06-29,2026-06-29,SHIPPED,9
WO0000576,Midwest-2,Office Supplies,2026-06-26,06/27/2026,2026-06-26,Shipped,5
WO0000577,Northeast-1,Home Goods,2026-06-26,2026-06-27,,delayed,10
WO0000578,West-3,Home Goods,2026-06-26,06/27/2026,2026-06-26,SHIPPED,9
WO0000579,South-4,Office Supplies,2026-06-26,06/28/2026,2026-06-27, Shipped,10
WO0000580,Northeast-1,Apparel,06/26/2026,2026-06-27,2026-06-26,shipped,5
WO0000581,Northeast-1,Electronics,06/26/2026,06/27/2026,06/26/2026, Shipped,6
WO0000582,Northeast-1,Home Goods,06/26/2026,2026-06-27,2026-06-26,Shipped,2
WO0000583,Northeast-1,Office Supplies,2026-06-26,2026-06-27,06/27/2026,Shipped,4
WO0000584,Northeast-1,Home Goods,2026-06-26,2026-06-29,06/28/2026,SHIPPED,3
WO0000585,Midwest-2,Apparel,06/26/2026,06/29/2026,2026-06-28, Shipped,7
WO0000586,Midwest-2,Outdoor,06/26/2026,2026-06-28,2026-07-03,delayed,11
WO0000587,Midwest-2,Apparel,06/26/2026,2026-06-29,2026-06-28, Shipped,7
WO0000588,West-3,Outdoor,06/26/2026,2026-06-29,07/02/2026,delayed,5
WO0000589,Northeast-1,Office Supplies,2026-06-26,06/28/2026,2026-06-27,Shipped,10
WO0000590,West-3,Home Goods,2026-06-26,06/29/2026,06/28/2026,Shipped,10
WO0000591,Midwest-2,Office Supplies,2026-06-26,2026-06-29,06/28/2026,shipped,8
WO0000592,,Office Supplies,2026-06-26,2026-06-29,06/28/2026,shipped,8
WO0000593,Northeast-1,Electronics,06/26/2026,06/29/2026,06/28/2026,SHIPPED,5
WO0000594,West-3,Home Goods,06/26/2026,2026-06-29,2026-06-29,SHIPPED,11
WO0000595,Midwest-2,Apparel,2026-06-26,06/29/2026,06/29/2026,Shipped,6
WO0000596,South-4,Electronics,06/26/2026,06/28/2026,06/28/2026,SHIPPED,8
WO0000597,Northeast-1,Outdoor,2026-06-26,2026-06-29,2026-06-29, Shipped,8
WO0000598,Midwest-2,Electronics,2026-06-26,06/27/2026,2026-06-26,shipped,9
WO0000599,West-3,Office Supplies,2026-06-26,06/27/2026,2026-06-27,shipped,6
WO0000600,Midwest-2,Office Supplies,2026-06-26,2026-06-28,2026-06-27,shipped,10
WO0000601,Northeast-1,Apparel,2026-06-26,06/29/2026,06/29/2026,shipped,4
WO0000602,West-3,Electronics,06/26/2026,2026-06-29,,Delayed,7
WO0000603,Midwest-2,Electronics,06/26/2026,06/29/2026,2026-06-29, Shipped,7
WO0000604,South-4,Electronics,06/26/2026,06/28/2026,2026-06-28,Shipped,7
WO0000605,West-3,Outdoor,2026-06-26,2026-06-29,2026-06-29, Shipped,4
WO0000606,South-4,Apparel,2026-06-26,06/27/2026,2026-06-27,Shipped,7
WO0000607,Northeast-1,Outdoor,06/26/2026,06/28/2026,2026-06-28,shipped,5
WO0000608,South-4,Apparel,2026-06-26,2026-06-28,2026-06-28,Shipped,8
WO0000609,Northeast-1,Electronics,06/26/2026,06/29/2026,2026-06-29,shipped,4
WO0000610,Midwest-2,Apparel,06/26/2026,2026-06-27,2026-06-26,Shipped,11
WO0000611,South-4,Electronics,2026-06-26,2026-06-27,2026-06-27,SHIPPED,3
WO0000612,West-3,Apparel,06/26/2026,06/27/2026,2026-06-27, Shipped,6
WO0000613,South-4,Outdoor,2026-06-26,06/28/2026,06/28/2026,shipped,9
WO0000614,Northeast-1,Electronics,2026-06-26,2026-06-27,2026-06-27,Shipped,4
WO0000615,West-3,Electronics,06/26/2026,2026-06-27,06/27/2026,Shipped,3
WO0000616,West-3,Apparel,2026-06-26,2026-06-28,2026-06-28,SHIPPED,6
WO0000617,Northeast-1,Home Goods,06/26/2026,06/28/2026,06/27/2026, Shipped,2
WO0000618,West-3,Apparel,2026-06-26,06/29/2026,2026-06-29,Shipped,1
WO0000619,Northeast-1,Electronics,2026-06-26,2026-06-27,2026-06-26,Shipped,5
WO0000620,Northeast-1,Electronics,2026-06-26,2026-06-27,2026-06-26,Shipped,-1
WO0000621,West-3,Electronics,2026-06-26,06/28/2026,,Canceled,4
WO0000622,South-4,Apparel,2026-06-26,06/29/2026,2026-06-29,SHIPPED,9
WO0000623,Midwest-2,Apparel,06/26/2026,2026-06-28,2026-06-28,SHIPPED,2
WO0000624,Midwest-2,Apparel,2026-06-26,06/29/2026,2026-06-28,SHIPPED,7
WO0000625,Midwest-2,Office Supplies,06/26/2026,06/27/2026,2026-06-27,shipped,8
WO0000626,Northeast-1,Electronics,06/26/2026,06/29/2026,06/29/2026,shipped,6
WO0000627,South-4,Electronics,06/26/2026,06/28/2026,2026-06-28,SHIPPED,9
WO0000628,,Electronics,06/26/2026,06/28/2026,2026-06-28,SHIPPED,9
WO0000629,South-4,Home Goods,06/26/2026,06/29/2026,06/28/2026,Shipped,2
WO0000630,Northeast-1,Outdoor,06/26/2026,06/27/2026,2026-06-27, Shipped,11
WO0000631,Midwest-2,Outdoor,06/26/2026,06/28/2026,06/28/2026, Shipped,1
WO0000632,West-3,Apparel,06/26/2026,06/29/2026,2026-06-28, Shipped,6
WO0000633,Midwest-2,Apparel,2026-06-26,2026-06-29,06/28/2026, Shipped,8
WO0000634,Northeast-1,Electronics,2026-06-26,2026-06-29,2026-06-28,Shipped,11
WO0000635,Midwest-2,Apparel,06/26/2026,2026-06-28,06/27/2026, Shipped,8
WO0000636,Midwest-2,Apparel,06/26/2026,2026-06-27,06/27/2026,SHIPPED,10
WO0000637,South-4,Office Supplies,2026-06-26,2026-06-27,2026-06-27,Shipped,10
WO0000638,South-4,Office Supplies,06/26/2026,06/28/2026,2026-06-27,SHIPPED,8
WO0000639,West-3,Apparel,2026-06-26,06/29/2026,,delayed,9
WO0000640,South-4,Office Supplies,06/26/2026,2026-06-28,2026-06-27, Shipped,8
WO0000641,West-3,Office Supplies,06/26/2026,06/28/2026,06/28/2026,shipped,5
WO0000642,South-4,Apparel,2026-06-26,2026-06-27,2026-06-26,Shipped,8
WO0000643,West-3,Home Goods,06/26/2026,2026-06-27,06/27/2026, Shipped,9
WO0000644,South-4,Electronics,2026-06-26,2026-06-29,07/03/2026,delayed,4
WO0000645,South-4,Office Supplies,06/26/2026,06/29/2026,06/28/2026,Shipped,6
WO0000646,South-4,Home Goods,2026-06-26,2026-06-27,2026-06-26, Shipped,6
WO0000647,West-3,Electronics,06/26/2026,06/28/2026,2026-06-27,shipped,8
WO0000648,South-4,Outdoor,06/26/2026,06/28/2026,2026-06-28,Shipped,7
WO0000649,Northeast-1,Office Supplies,2026-06-27,06/30/2026,2026-06-29,shipped,4
WO0000649,Northeast-1,Office Supplies,2026-06-27,06/30/2026,2026-06-29,shipped,4
WO0000650,Northeast-1,Outdoor,06/27/2026,2026-06-28,2026-07-03,delayed,4
WO0000651,Northeast-1,Office Supplies,2026-06-27,06/29/2026,2026-06-29,SHIPPED,1
WO0000652,Northeast-1,Home Goods,2026-06-27,06/30/2026,2026-06-29, Shipped,5
WO0000653,South-4,Apparel,2026-06-27,2026-06-29,06/29/2026,shipped,3
WO0000654,West-3,Apparel,2026-06-27,06/28/2026,2026-06-28,SHIPPED,9
WO0000655,Northeast-1,Electronics,2026-06-27,2026-06-29,06/29/2026,SHIPPED,3
WO0000656,West-3,Apparel,2026-06-27,2026-06-28,2026-06-27, Shipped,1
WO0000657,South-4,Electronics,2026-06-27,06/30/2026,06/29/2026,Shipped,7
WO0000658,Midwest-2,Electronics,2026-06-27,06/30/2026,2026-07-04,Delayed,4
WO0000659,South-4,Home Goods,06/27/2026,2026-06-30,2026-06-29, Shipped,7
WO0000660,West-3,Outdoor,2026-06-27,2026-06-28,06/27/2026,SHIPPED,9
WO0000661,South-4,Apparel,06/27/2026,2026-06-28,2026-06-28, Shipped,11
WO0000662,West-3,Electronics,2026-06-27,2026-06-28,2026-06-28, Shipped,2
WO0000663,Midwest-2,Outdoor,06/27/2026,06/30/2026,06/29/2026,SHIPPED,6
WO0000664,South-4,Home Goods,2026-06-27,2026-06-28,06/28/2026, Shipped,1
WO0000665,Northeast-1,Outdoor,2026-06-27,2026-06-29,2026-06-29,shipped,8
WO0000666,Northeast-1,Office Supplies,2026-06-27,06/29/2026,06/29/2026, Shipped,5
WO0000667,Midwest-2,Electronics,2026-06-27,06/30/2026,06/29/2026,shipped,9
WO0000668,South-4,Home Goods,2026-06-27,2026-06-29,2026-06-28,SHIPPED,8
WO0000669,West-3,Apparel,2026-06-27,06/28/2026,2026-06-27,Shipped,6
WO0000670,Northeast-1,Outdoor,2026-06-27,06/30/2026,06/29/2026,Shipped,11
WO0000671,Midwest-2,Apparel,2026-06-27,2026-06-30,06/29/2026, Shipped,5
WO0000672,Northeast-1,Office Supplies,06/27/2026,2026-06-29,2026-06-29,shipped,1
WO0000673,West-3,Outdoor,2026-06-27,06/30/2026,2026-06-29, Shipped,11
WO0000674,Northeast-1,Outdoor,2026-06-27,2026-06-29,2026-06-28,shipped,2
WO0000675,Midwest-2,Apparel,06/27/2026,06/28/2026,2026-06-27,shipped,11
WO0000676,South-4,Outdoor,2026-06-27,2026-06-28,2026-06-27, Shipped,4
WO0000677,Midwest-2,Apparel,2026-06-27,06/28/2026,2026-06-28,shipped,5
WO0000678,Midwest-2,Apparel,2026-06-27,2026-06-29,2026-06-28,shipped,10
WO0000679,West-3,Office Supplies,06/27/2026,2026-06-28,06/28/2026,SHIPPED,5
WO0000680,West-3,Apparel,2026-06-27,06/29/2026,2026-06-29,shipped,4
WO0000681,South-4,Apparel,2026-06-27,2026-06-29,2026-06-28,Shipped,11
WO0000682,Midwest-2,Home Goods,2026-06-27,06/28/2026,06/28/2026,SHIPPED,7
WO0000683,Midwest-2,Apparel,2026-06-27,06/30/2026,06/29/2026,shipped,1
WO0000684,Northeast-1,Electronics,2026-06-27,06/30/2026,06/30/2026,shipped,4
WO0000685,Northeast-1,Apparel,2026-06-27,06/29/2026,2026-06-28,SHIPPED,3
WO0000686,South-4,Home Goods,06/27/2026,2026-06-29,,delayed,1
WO0000687,Northeast-1,Apparel,06/27/2026,06/28/2026,,Delayed,5
WO0000688,West-3,Apparel,2026-06-27,2026-06-29,06/29/2026,shipped,3
WO0000689,Midwest-2,Outdoor,2026-06-27,06/29/2026,2026-06-29,SHIPPED,7
WO0000690,Midwest-2,Outdoor,06/27/2026,06/28/2026,2026-06-27,SHIPPED,1
WO0000691,Midwest-2,Home Goods,06/27/2026,2026-06-30,2026-06-29,Shipped,1
WO0000692,South-4,Home Goods,2026-06-27,2026-06-28,06/27/2026, Shipped,3
WO0000693,West-3,Electronics,06/27/2026,06/29/2026,2026-06-29,shipped,5
WO0000694,South-4,Home Goods,06/27/2026,2026-06-28,2026-06-27,SHIPPED,5
WO0000695,South-4,Apparel,06/27/2026,2026-06-30,2026-06-30,Shipped,2
WO0000696,Midwest-2,Outdoor,2026-06-27,06/29/2026,2026-06-28,shipped,7
WO0000697,West-3,Apparel,2026-06-27,06/30/2026,,DELAYED,10
WO0000698,Northeast-1,Home Goods,06/27/2026,2026-06-29,2026-06-29,shipped,3
WO0000699,Midwest-2,Electronics,06/27/2026,2026-06-29,2026-06-29,SHIPPED,7
WO0000700,Northeast-1,Office Supplies,06/27/2026,06/28/2026,06/27/2026, Shipped,5
WO0000701,Northeast-1,Electronics,06/27/2026,2026-06-29,,Cancelled,6
WO0000702,West-3,Office Supplies,2026-06-27,2026-06-28,2026-06-27,shipped,6
WO0000703,Midwest-2,Home Goods,06/27/2026,06/28/2026,2026-06-27,shipped,10
WO0000704,Midwest-2,Electronics,06/27/2026,2026-06-28,06/27/2026, Shipped,6
WO0000705,West-3,Electronics,06/27/2026,2026-06-28,06/27/2026,SHIPPED,2
WO0000706,West-3,Home Goods,2026-06-27,06/28/2026,,DELAYED,7
WO0000707,Midwest-2,Electronics,2026-06-27,2026-06-29,06/29/2026,shipped,7
WO0000708,Midwest-2,Home Goods,2026-06-27,06/30/2026,2026-06-30,Shipped,3
WO0000709,Midwest-2,Home Goods,2026-06-27,06/28/2026,06/27/2026,shipped,4
WO0000710,South-4,Electronics,2026-06-27,2026-06-29,2026-06-28,SHIPPED,10
WO0000711,Midwest-2,Outdoor,06/27/2026,06/29/2026,2026-06-29,shipped,9
WO0000712,Northeast-1,Home Goods,2026-06-27,06/29/2026,06/30/2026,Delayed,9
WO0000713,Northeast-1,Home Goods,2026-06-27,2026-06-28,06/28/2026,shipped,10
WO0000714,South-4,Office Supplies,2026-06-27,2026-06-28,2026-06-27, Shipped,9
WO0000715,Midwest-2,Office Supplies,2026-06-27,06/29/2026,06/29/2026,shipped,7
WO0000716,Northeast-1,Home Goods,06/27/2026,2026-06-28,2026-06-27,SHIPPED,10
WO0000717,Northeast-1,Office Supplies,2026-06-27,06/28/2026,2026-06-27,SHIPPED,8
WO0000718,Northeast-1,Home Goods,06/27/2026,2026-06-30,06/29/2026,Shipped,11
WO0000719,South-4,Apparel,2026-06-27,06/29/2026,2026-06-28, Shipped,5
WO0000720,Midwest-2,Outdoor,06/27/2026,2026-06-30,2026-06-30, Shipped,11
WO0000721,Midwest-2,Home Goods,2026-06-27,2026-06-30,07/04/2026,delayed,8
WO0000722,West-3,Outdoor,06/27/2026,2026-06-28,06/28/2026, Shipped,10
WO0000723,Midwest-2,Apparel,2026-06-27,06/28/2026,2026-06-28,shipped,8
WO0000724,West-3,Electronics,2026-06-27,06/29/2026,06/28/2026,SHIPPED,10
WO0000725,Northeast-1,Electronics,2026-06-27,06/29/2026,06/28/2026,Shipped,8
WO0000726,West-3,Home Goods,06/27/2026,06/30/2026,06/29/2026,SHIPPED,4
WO0000727,Midwest-2,Electronics,2026-06-27,2026-06-29,2026-06-29,shipped,9
WO0000728,Northeast-1,Office Supplies,06/27/2026,06/28/2026,2026-06-27,Shipped,4
WO0000729,Midwest-2,Outdoor,2026-06-27,06/29/2026,2026-06-29,Shipped,1
WO0000730,South-4,Electronics,2026-06-27,2026-06-29,06/28/2026,SHIPPED,9
WO0000731,Midwest-2,Electronics,06/27/2026,2026-06-28,06/27/2026,SHIPPED,11
WO0000732,Midwest-2,Apparel,06/27/2026,2026-06-29,2026-06-28,shipped,5
WO0000733,Midwest-2,Apparel,06/27/2026,06/28/2026,2026-06-27,SHIPPED,9
WO0000734,Northeast-1,Electronics,2026-06-27,06/30/2026,2026-06-29, Shipped,10
WO0000735,West-3,Home Goods,06/27/2026,06/28/2026,2026-06-27,shipped,10
WO0000736,Northeast-1,Office Supplies,06/27/2026,06/29/2026,06/28/2026,Shipped,11
WO0000737,West-3,Electronics,06/27/2026,06/28/2026,06/28/2026,shipped,7
WO0000738,Midwest-2,Office Supplies,2026-06-27,2026-06-28,2026-06-27,Shipped,10
WO0000739,West-3,Apparel,06/27/2026,06/30/2026,06/30/2026,SHIPPED,3
WO0000740,West-3,Office Supplies,06/27/2026,2026-06-28,2026-06-27,Shipped,3
WO0000741,West-3,Home Goods,06/27/2026,06/29/2026,2026-06-29,shipped,9
WO0000742,Midwest-2,Apparel,06/27/2026,06/28/2026,06/27/2026,SHIPPED,6
WO0000743,Midwest-2,Outdoor,2026-06-27,2026-06-28,2026-06-28, Shipped,10
WO0000744,South-4,Electronics,2026-06-27,2026-06-28,06/28/2026,shipped,5
WO0000745,South-4,Apparel,06/27/2026,06/29/2026,2026-06-28, Shipped,11
WO0000746,Midwest-2,Home Goods,2026-06-27,2026-06-29,06/29/2026,shipped,3
WO0000747,West-3,Electronics,2026-06-27,2026-06-29,2026-06-28,shipped,10
WO0000748,Northeast-1,Home Goods,06/27/2026,06/28/2026,,DELAYED,11
WO0000749,Northeast-1,Outdoor,2026-06-27,06/30/2026,06/29/2026,Shipped,6
WO0000750,Midwest-2,Home Goods,2026-06-27,06/29/2026,2026-06-29,Shipped,6
WO0000751,Midwest-2,Electronics,06/27/2026,2026-06-30,2026-06-30,shipped,6
WO0000752,Northeast-1,Office Supplies,06/27/2026,06/28/2026,06/27/2026,SHIPPED,7
WO0000753,Northeast-1,Apparel,06/27/2026,2026-06-30,2026-06-29,shipped,4
WO0000754,Midwest-2,Apparel,2026-06-27,2026-06-28,06/28/2026, Shipped,7
WO0000755,West-3,Apparel,06/27/2026,06/28/2026,06/28/2026,shipped,7
WO0000756,Northeast-1,Outdoor,06/27/2026,2026-06-29,2026-06-29,Shipped,10
WO0000757,West-3,Home Goods,2026-06-27,06/29/2026,06/28/2026,Shipped,3
WO0000758,West-3,Home Goods,06/27/2026,2026-06-30,06/30/2026,shipped,3
WO0000759,South-4,Apparel,2026-06-27,06/29/2026,06/29/2026, Shipped,6
WO0000760,South-4,Office Supplies,06/27/2026,06/29/2026,06/29/2026, Shipped,11
WO0000761,Northeast-1,Electronics,2026-06-27,2026-06-30,06/29/2026, Shipped,4
WO0000762,South-4,Electronics,2026-06-27,2026-06-28,2026-06-27,SHIPPED,8
WO0000763,Northeast-1,Electronics,06/27/2026,06/29/2026,2026-06-28,SHIPPED,2
WO0000764,South-4,Electronics,2026-06-27,2026-06-29,06/28/2026,shipped,10
WO0000765,West-3,Electronics,06/27/2026,2026-06-28,2026-06-28,shipped,6
WO0000766,West-3,Outdoor,2026-06-27,2026-06-28,2026-06-27,SHIPPED,6
WO0000767,Midwest-2,Apparel,06/27/2026,2026-06-30,2026-07-02,delayed,5
WO0000768,Northeast-1,Outdoor,2026-06-27,06/28/2026,2026-06-27,SHIPPED,4
WO0000769,Midwest-2,Outdoor,06/27/2026,06/28/2026,2026-06-28,Shipped,3
WO0000770,Northeast-1,Outdoor,06/27/2026,06/30/2026,06/29/2026,Shipped,2
WO0000771,West-3,Electronics,2026-06-27,2026-06-29,2026-06-29,shipped,10
WO0000772,Northeast-1,Outdoor,06/27/2026,06/30/2026,2026-06-30, Shipped,7
WO0000773,West-3,Home Goods,2026-06-27,06/28/2026,06/28/2026,shipped,1
WO0000773,West-3,Home Goods,2026-06-27,06/28/2026,06/28/2026,shipped,1
WO0000774,West-3,Home Goods,2026-06-27,06/28/2026,06/28/2026,shipped,-1
WO0000775,South-4,Home Goods,2026-06-27,2026-06-29,2026-06-29,shipped,4
WO0000776,Northeast-1,Outdoor,2026-06-27,2026-06-29,2026-06-29,SHIPPED,5
WO0000777,Northeast-1,Apparel,2026-06-27,06/29/2026,06/28/2026,Shipped,8
WO0000778,South-4,Home Goods,2026-06-27,2026-06-28,2026-06-28,shipped,4
WO0000779,South-4,Outdoor,06/27/2026,2026-06-28,06/28/2026,shipped,3
WO0000780,Northeast-1,Outdoor,2026-06-27,2026-06-28,2026-06-28,SHIPPED,2
WO0000781,Northeast-1,Home Goods,06/27/2026,06/28/2026,06/27/2026,SHIPPED,3
WO0000782,South-4,Office Supplies,06/27/2026,2026-06-30,2026-06-30,shipped,5
WO0000783,West-3,Apparel,06/27/2026,06/30/2026,2026-06-29,Shipped,10
WO0000784,West-3,Apparel,2026-06-27,2026-06-29,07/01/2026,DELAYED,8
WO0000785,West-3,Office Supplies,06/27/2026,2026-06-30,06/30/2026, Shipped,11
WO0000786,South-4,Office Supplies,06/27/2026,2026-06-29,,Delayed,11
WO0000787,South-4,Office Supplies,06/27/2026,06/30/2026,06/30/2026,SHIPPED,1
WO0000788,Northeast-1,Office Supplies,2026-06-27,2026-06-29,06/28/2026,shipped,1
WO0000789,West-3,Outdoor,06/27/2026,2026-06-30,2026-06-30,SHIPPED,2
WO0000790,Northeast-1,Outdoor,06/27/2026,06/29/2026,06/29/2026,Shipped,5
WO0000791,Northeast-1,Apparel,06/27/2026,06/30/2026,2026-06-30,SHIPPED,8
WO0000792,Midwest-2,Outdoor,2026-06-27,06/30/2026,06/29/2026,Shipped,5
WO0000793,Midwest-2,Outdoor,2026-06-27,2026-06-30,06/30/2026,shipped,8
WO0000794,Northeast-1,Electronics,06/27/2026,2026-06-29,2026-06-28, Shipped,1
WO0000795,West-3,Home Goods,2026-06-27,06/29/2026,,Cancelled,10
WO0000796,Midwest-2,Electronics,06/27/2026,06/29/2026,06/28/2026,SHIPPED,8
WO0000797,Northeast-1,Apparel,2026-06-27,06/28/2026,2026-06-28,Shipped,6
WO0000798,Midwest-2,Office Supplies,2026-06-28,07/01/2026,2026-06-30, Shipped,3
WO0000799,South-4,Electronics,06/28/2026,06/30/2026,2026-06-29, Shipped,3
WO0000800,Northeast-1,Outdoor,06/28/2026,07/01/2026,2026-07-01,SHIPPED,4
WO0000801,Midwest-2,Home Goods,06/28/2026,2026-07-01,2026-06-30,Shipped,8
WO0000802,West-3,Office Supplies,06/28/2026,2026-07-01,06/30/2026, Shipped,11
WO0000803,South-4,Office Supplies,2026-06-28,2026-07-01,06/30/2026,shipped,4
WO0000804,Midwest-2,Apparel,2026-06-28,06/29/2026,06/28/2026, Shipped,10
WO0000805,Midwest-2,Home Goods,2026-06-28,2026-06-29,,delayed,6
WO0000806,West-3,Office Supplies,2026-06-28,07/01/2026,07/01/2026,shipped,5
WO0000807,South-4,Apparel,06/28/2026,06/30/2026,2026-06-29,shipped,10
WO0000808,West-3,Home Goods,2026-06-28,07/01/2026,06/30/2026,shipped,6
WO0000809,Midwest-2,Electronics,2026-06-28,2026-06-29,,cancelled,6
WO0000810,South-4,Electronics,2026-06-28,06/29/2026,2026-06-29, Shipped,4
WO0000811,Northeast-1,Office Supplies,2026-06-28,07/01/2026,07/01/2026,SHIPPED,10
WO0000812,South-4,Outdoor,06/28/2026,2026-06-30,07/02/2026,DELAYED,6
WO0000813,Northeast-1,Electronics,2026-06-28,2026-07-01,07/01/2026,shipped,11
WO0000814,South-4,Home Goods,06/28/2026,2026-06-30,2026-06-29, Shipped,9
WO0000815,Midwest-2,Electronics,06/28/2026,07/01/2026,2026-06-30,SHIPPED,7
WO0000816,Northeast-1,Electronics,06/28/2026,2026-06-29,06/29/2026,Shipped,10
WO0000817,West-3,Office Supplies,06/28/2026,07/01/2026,2026-06-30, Shipped,9
WO0000818,Northeast-1,Apparel,2026-06-28,07/01/2026,07/02/2026,Delayed,9
WO0000819,Midwest-2,Office Supplies,06/28/2026,07/01/2026,2026-07-01,SHIPPED,8
WO0000820,Northeast-1,Electronics,2026-06-28,2026-06-30,2026-06-30, Shipped,1
WO0000821,West-3,Electronics,2026-06-28,06/30/2026,06/30/2026,shipped,8
WO0000822,Northeast-1,Outdoor,06/28/2026,2026-07-01,07/01/2026,Shipped,11
WO0000823,Midwest-2,Electronics,06/28/2026,2026-06-29,2026-06-29,SHIPPED,1
WO0000824,South-4,Outdoor,06/28/2026,07/01/2026,07/01/2026,shipped,3
WO0000825,South-4,Apparel,2026-06-28,2026-07-01,2026-06-30,shipped,6
WO0000826,West-3,Apparel,2026-06-28,2026-07-01,2026-06-30,SHIPPED,10
WO0000827,Midwest-2,Outdoor,06/28/2026,06/30/2026,,delayed,8
WO0000828,West-3,Apparel,06/28/2026,06/29/2026,06/28/2026,shipped,2
WO0000829,West-3,Outdoor,2026-06-28,2026-07-01,,cancelled,9
WO0000830,South-4,Home Goods,2026-06-28,2026-07-01,07/01/2026,shipped,4
WO0000831,,Home Goods,2026-06-28,2026-07-01,07/01/2026,shipped,4
WO0000832,Midwest-2,Office Supplies,2026-06-28,07/01/2026,06/30/2026,Shipped,11
WO0000833,Northeast-1,Outdoor,06/28/2026,06/29/2026,2026-06-29,shipped,1
WO0000834,Northeast-1,Electronics,06/28/2026,2026-06-29,06/29/2026,SHIPPED,9
WO0000835,West-3,Outdoor,06/28/2026,06/29/2026,06/28/2026,Shipped,9
WO0000836,West-3,Home Goods,06/28/2026,06/30/2026,06/29/2026,shipped,10
WO0000837,West-3,Home Goods,2026-06-28,2026-07-01,07/01/2026,shipped,9
WO0000838,,Home Goods,2026-06-28,2026-07-01,07/01/2026,shipped,9
WO0000839,South-4,Home Goods,2026-06-28,2026-06-30,06/29/2026,Shipped,11
WO0000840,South-4,Home Goods,06/28/2026,06/30/2026,06/29/2026, Shipped,5
WO0000841,West-3,Electronics,2026-06-28,07/01/2026,2026-07-01,Shipped,7
WO0000842,West-3,Electronics,2026-06-28,2026-07-01,06/30/2026,SHIPPED,9
WO0000843,Northeast-1,Apparel,2026-06-28,2026-07-01,2026-07-01, Shipped,7
WO0000844,Midwest-2,Apparel,06/28/2026,2026-07-01,07/01/2026,shipped,1
WO0000845,Midwest-2,Outdoor,2026-06-28,2026-07-01,06/30/2026,Shipped,11
WO0000846,South-4,Home Goods,06/28/2026,2026-06-29,2026-06-28, Shipped,1
WO0000847,Midwest-2,Outdoor,06/28/2026,2026-06-29,2026-06-28,shipped,8
WO0000848,Midwest-2,Office Supplies,2026-06-28,2026-06-29,2026-06-28,shipped,11
WO0000849,South-4,Office Supplies,06/28/2026,06/30/2026,06/30/2026,Shipped,3
WO0000850,South-4,Office Supplies,06/28/2026,2026-06-30,06/30/2026, Shipped,7
WO0000851,West-3,Electronics,2026-06-28,06/29/2026,2026-06-28, Shipped,1
WO0000852,Midwest-2,Office Supplies,06/28/2026,2026-06-30,2026-06-29, Shipped,6
WO0000853,South-4,Outdoor,06/28/2026,06/29/2026,2026-06-28,SHIPPED,11
WO0000854,South-4,Electronics,2026-06-28,07/01/2026,07/01/2026, Shipped,5
WO0000855,South-4,Office Supplies,06/28/2026,06/29/2026,2026-06-28,Shipped,3
WO0000856,South-4,Electronics,06/28/2026,2026-06-30,2026-06-30,Shipped,5
WO0000857,West-3,Home Goods,2026-06-28,06/30/2026,2026-06-29,SHIPPED,3
WO0000858,West-3,Office Supplies,2026-06-28,2026-07-01,2026-07-01,SHIPPED,4
WO0000859,Northeast-1,Office Supplies,2026-06-28,2026-06-29,2026-06-29,shipped,3
WO0000860,South-4,Apparel,06/28/2026,07/01/2026,06/30/2026,shipped,5
WO0000861,West-3,Electronics,06/28/2026,2026-07-01,,Cancelled,4
WO0000862,Midwest-2,Outdoor,2026-06-28,06/29/2026,06/28/2026,shipped,8
WO0000863,Northeast-1,Office Supplies,06/28/2026,2026-06-30,06/30/2026,Shipped,4
WO0000864,Midwest-2,Outdoor,2026-06-28,06/29/2026,06/28/2026,SHIPPED,3
WO0000865,South-4,Outdoor,2026-06-28,2026-06-29,2026-06-29,SHIPPED,11
WO0000866,South-4,Outdoor,06/28/2026,2026-07-01,2026-06-30,SHIPPED,9
WO0000867,Midwest-2,Outdoor,2026-06-28,07/01/2026,2026-06-30,Shipped,6
WO0000868,West-3,Home Goods,06/28/2026,2026-07-01,2026-06-30, Shipped,5
WO0000869,Northeast-1,Apparel,2026-06-28,2026-06-30,06/29/2026,Shipped,11
WO0000870,Northeast-1,Office Supplies,06/28/2026,06/30/2026,2026-06-30, Shipped,7
WO0000871,Midwest-2,Outdoor,06/28/2026,06/29/2026,2026-06-28,Shipped,11
WO0000872,West-3,Apparel,2026-06-28,2026-07-01,2026-07-06,DELAYED,1
WO0000873,Midwest-2,Outdoor,06/28/2026,2026-07-01,2026-06-30, Shipped,7
WO0000874,Northeast-1,Office Supplies,2026-06-28,2026-06-30,06/30/2026,SHIPPED,6
WO0000875,South-4,Apparel,06/28/2026,06/29/2026,2026-06-29,shipped,3
WO0000876,South-4,Home Goods,2026-06-28,2026-06-30,06/29/2026, Shipped,8
WO0000877,Northeast-1,Electronics,2026-06-28,07/01/2026,2026-06-30,shipped,11
WO0000878,Midwest-2,Outdoor,06/28/2026,06/29/2026,2026-06-28,SHIPPED,7
WO0000879,Northeast-1,Office Supplies,06/28/2026,06/30/2026,06/29/2026,Shipped,3
WO0000880,Midwest-2,Electronics,06/28/2026,07/01/2026,2026-07-01,Shipped,3
WO0000881,Northeast-1,Apparel,06/28/2026,06/30/2026,,cancelled,11
WO0000882,West-3,Apparel,2026-06-28,06/29/2026,2026-06-28,SHIPPED,11
WO0000883,Northeast-1,Electronics,2026-06-28,2026-07-01,2026-07-01,shipped,1
WO0000884,Midwest-2,Apparel,06/28/2026,2026-07-01,2026-06-30,SHIPPED,4
WO0000885,Midwest-2,Electronics,2026-06-28,07/01/2026,2026-07-01,Shipped,4
WO0000886,South-4,Apparel,06/28/2026,06/30/2026,,Cancelled,4
WO0000887,Northeast-1,Electronics,2026-06-28,2026-06-29,2026-06-28,SHIPPED,10
WO0000888,West-3,Apparel,2026-06-28,07/01/2026,06/30/2026,Shipped,5
WO0000889,Northeast-1,Office Supplies,2026-06-28,06/29/2026,2026-06-29, Shipped,10
WO0000890,Midwest-2,Electronics,2026-06-28,2026-06-30,2026-06-30,SHIPPED,1
WO0000891,Midwest-2,Office Supplies,2026-06-28,06/29/2026,2026-06-29,SHIPPED,3
WO0000892,Midwest-2,Home Goods,2026-06-28,06/30/2026,06/29/2026,SHIPPED,1
WO0000893,Midwest-2,Apparel,06/28/2026,2026-06-29,06/29/2026,Shipped,5
WO0000894,Northeast-1,Electronics,06/28/2026,2026-06-29,2026-06-29,SHIPPED,6
WO0000895,Midwest-2,Electronics,2026-06-28,06/29/2026,06/29/2026,shipped,10
WO0000896,Midwest-2,Outdoor,06/28/2026,2026-06-30,06/30/2026,shipped,5
WO0000897,Northeast-1,Home Goods,2026-06-28,07/01/2026,,delayed,4
WO0000898,Midwest-2,Office Supplies,06/28/2026,2026-06-30,06/30/2026,Shipped,1
WO0000899,South-4,Office Supplies,2026-06-28,07/01/2026,07/01/2026,Shipped,2
WO0000900,Northeast-1,Home Goods,06/28/2026,06/30/2026,06/29/2026,SHIPPED,9
WO0000901,Northeast-1,Home Goods,06/28/2026,2026-07-01,07/01/2026,shipped,5
WO0000902,South-4,Electronics,06/28/2026,2026-06-29,06/29/2026, Shipped,5
WO0000903,West-3,Outdoor,06/28/2026,2026-07-01,2026-07-01,SHIPPED,9
WO0000904,West-3,Apparel,06/28/2026,06/30/2026,06/29/2026,Shipped,11
WO0000905,Midwest-2,Outdoor,06/28/2026,2026-06-29,2026-06-29,SHIPPED,8
WO0000906,South-4,Outdoor,06/28/2026,2026-06-30,2026-06-30,Shipped,9
WO0000907,Midwest-2,Home Goods,06/28/2026,2026-07-01,2026-06-30,shipped,4
WO0000908,Northeast-1,Home Goods,2026-06-28,07/01/2026,2026-06-30,shipped,2
WO0000909,South-4,Home Goods,06/28/2026,2026-06-30,2026-06-29,shipped,3
WO0000910,West-3,Home Goods,2026-06-28,2026-06-29,06/29/2026,SHIPPED,4
WO0000911,Northeast-1,Outdoor,2026-06-28,2026-06-30,2026-06-30,shipped,5
WO0000912,West-3,Office Supplies,2026-06-28,06/29/2026,06/28/2026,shipped,11
WO0000913,South-4,Apparel,06/28/2026,2026-06-29,2026-06-28,SHIPPED,1
WO0000914,West-3,Apparel,2026-06-28,07/01/2026,,Canceled,2
WO0000915,Midwest-2,Office Supplies,06/28/2026,06/29/2026,06/28/2026,shipped,2
WO0000916,Northeast-1,Outdoor,2026-06-28,07/01/2026,06/30/2026,SHIPPED,7
WO0000917,Midwest-2,Home Goods,06/28/2026,07/01/2026,2026-07-01,shipped,4
WO0000918,South-4,Apparel,06/28/2026,2026-06-30,2026-06-30,shipped,8
WO0000919,South-4,Office Supplies,2026-06-28,2026-06-30,2026-06-30,shipped,6
WO0000920,Northeast-1,Home Goods,2026-06-28,2026-06-29,2026-06-28,Shipped,6
WO0000921,Northeast-1,Apparel,2026-06-28,2026-07-01,2026-06-30,Shipped,3
WO0000922,South-4,Outdoor,06/29/2026,2026-06-30,06/30/2026,shipped,11
WO0000923,South-4,Office Supplies,06/29/2026,07/01/2026,07/01/2026,Shipped,3
WO0000924,Midwest-2,Home Goods,06/29/2026,2026-07-01,2026-06-30,Shipped,3
WO0000925,South-4,Office Supplies,2026-06-29,2026-06-30,06/30/2026,Shipped,10
WO0000926,Northeast-1,Home Goods,06/29/2026,2026-07-01,2026-06-30,SHIPPED,2
WO0000927,South-4,Home Goods,2026-06-29,07/01/2026,07/01/2026,SHIPPED,7
WO0000928,,Home Goods,2026-06-29,07/01/2026,07/01/2026,SHIPPED,7
WO0000929,Northeast-1,Apparel,2026-06-29,2026-07-02,07/02/2026,SHIPPED,10
WO0000930,West-3,Electronics,2026-06-29,2026-06-30,06/29/2026,shipped,9
WO0000931,Northeast-1,Outdoor,2026-06-29,2026-07-01,2026-07-01, Shipped,4
WO0000932,South-4,Apparel,06/29/2026,07/02/2026,2026-07-06,Delayed,9
WO0000933,Northeast-1,Home Goods,06/29/2026,07/02/2026,2026-07-02, Shipped,10
WO0000934,West-3,Outdoor,2026-06-29,2026-07-01,2026-06-30, Shipped,10
WO0000935,Midwest-2,Electronics,06/29/2026,07/01/2026,07/01/2026,shipped,10
WO0000936,West-3,Electronics,2026-06-29,2026-07-02,2026-07-01,Shipped,8
WO0000937,West-3,Electronics,06/29/2026,2026-06-30,,DELAYED,5
WO0000938,Midwest-2,Home Goods,2026-06-29,2026-06-30,2026-06-29,shipped,1
WO0000939,Northeast-1,Apparel,2026-06-29,2026-07-02,2026-07-01, Shipped,3
WO0000940,South-4,Home Goods,06/29/2026,07/01/2026,2026-07-01,Shipped,5
WO0000941,West-3,Home Goods,06/29/2026,2026-07-02,2026-07-02,shipped,8
WO0000942,South-4,Electronics,2026-06-29,2026-07-02,2026-07-02,shipped,8
WO0000943,West-3,Home Goods,06/29/2026,06/30/2026,06/30/2026,Shipped,6
WO0000944,South-4,Home Goods,06/29/2026,06/30/2026,06/30/2026,Shipped,9
WO0000945,Midwest-2,Outdoor,06/29/2026,07/01/2026,07/01/2026, Shipped,3
WO0000945,Midwest-2,Outdoor,06/29/2026,07/01/2026,07/01/2026, Shipped,3
WO0000946,South-4,Outdoor,06/29/2026,2026-07-02,07/02/2026, Shipped,11
WO0000947,Northeast-1,Office Supplies,2026-06-29,2026-07-01,07/01/2026, Shipped,5
WO0000948,Northeast-1,Apparel,06/29/2026,2026-06-30,2026-06-30,SHIPPED,11
WO0000949,West-3,Apparel,06/29/2026,2026-06-30,06/30/2026,SHIPPED,10
WO0000950,Northeast-1,Office Supplies,2026-06-29,2026-06-30,2026-06-29,shipped,5
WO0000951,South-4,Outdoor,06/29/2026,2026-07-02,07/02/2026, Shipped,1
WO0000952,South-4,Home Goods,06/29/2026,07/01/2026,06/30/2026,SHIPPED,10
WO0000953,South-4,Electronics,06/29/2026,2026-07-02,07/02/2026, Shipped,5
WO0000954,Midwest-2,Home Goods,2026-06-29,07/01/2026,2026-07-01,Shipped,7
WO0000955,Northeast-1,Electronics,06/29/2026,07/02/2026,07/01/2026, Shipped,3
WO0000956,South-4,Electronics,06/29/2026,07/01/2026,06/30/2026, Shipped,2
WO0000957,West-3,Office Supplies,2026-06-29,07/01/2026,,Delayed,6
WO0000958,Midwest-2,Office Supplies,2026-06-29,07/01/2026,2026-06-30,Shipped,10
WO0000959,Midwest-2,Home Goods,06/29/2026,2026-06-30,2026-06-29,shipped,5
WO0000960,South-4,Office Supplies,06/29/2026,2026-07-01,2026-07-01,SHIPPED,3
WO0000961,Midwest-2,Apparel,2026-06-29,07/02/2026,07/02/2026,Shipped,3
WO0000962,West-3,Home Goods,2026-06-29,2026-07-02,2026-07-02, Shipped,2
WO0000963,South-4,Office Supplies,2026-06-29,2026-07-01,2026-07-01, Shipped,10
WO0000964,Northeast-1,Outdoor,2026-06-29,2026-07-01,06/30/2026,Shipped,3
WO0000965,Midwest-2,Apparel,06/29/2026,07/01/2026,2026-06-30,SHIPPED,2
WO0000966,Midwest-2,Office Supplies,06/29/2026,07/02/2026,07/02/2026,shipped,5
WO0000967,Midwest-2,Home Goods,06/29/2026,06/30/2026,2026-06-29, Shipped,9
WO0000968,Midwest-2,Electronics,2026-06-29,2026-07-02,07/02/2026,shipped,7
WO0000969,Midwest-2,Office Supplies,06/29/2026,2026-06-30,06/30/2026,SHIPPED,4
WO0000970,Northeast-1,Office Supplies,2026-06-29,07/02/2026,2026-07-02,Shipped,8
WO0000971,Northeast-1,Office Supplies,2026-06-29,07/02/2026,2026-07-02,Shipped,-1
WO0000972,South-4,Home Goods,2026-06-29,2026-07-02,2026-07-01, Shipped,8
WO0000973,Midwest-2,Home Goods,06/29/2026,07/02/2026,2026-07-02, Shipped,2
WO0000974,West-3,Home Goods,06/29/2026,07/02/2026,07/01/2026,Shipped,1
WO0000975,Northeast-1,Outdoor,2026-06-29,07/01/2026,07/01/2026, Shipped,8
WO0000976,Midwest-2,Outdoor,06/29/2026,2026-06-30,2026-06-30, Shipped,10
WO0000977,Midwest-2,Apparel,2026-06-29,07/01/2026,,cancelled,11
WO0000978,Midwest-2,Apparel,06/29/2026,2026-06-30,2026-06-29,SHIPPED,6
WO0000979,Northeast-1,Electronics,2026-06-29,07/01/2026,07/01/2026,SHIPPED,10
WO0000980,Midwest-2,Outdoor,2026-06-29,06/30/2026,2026-06-30,SHIPPED,8
WO0000981,South-4,Electronics,06/29/2026,07/02/2026,2026-07-02,shipped,7
WO0000981,South-4,Electronics,06/29/2026,07/02/2026,2026-07-02,shipped,7
WO0000982,West-3,Outdoor,06/29/2026,2026-07-02,2026-07-02, Shipped,4
WO0000983,Northeast-1,Electronics,06/29/2026,2026-07-02,2026-07-02, Shipped,6
WO0000983,Northeast-1,Electronics,06/29/2026,2026-07-02,2026-07-02, Shipped,6
WO0000984,Northeast-1,Home Goods,06/29/2026,2026-06-30,06/29/2026,SHIPPED,4
WO0000985,Midwest-2,Electronics,06/29/2026,06/30/2026,06/29/2026, Shipped,7
WO0000986,West-3,Outdoor,06/29/2026,2026-06-30,2026-06-30, Shipped,5
WO0000987,South-4,Home Goods,06/29/2026,06/30/2026,2026-06-29,SHIPPED,1
WO0000988,Midwest-2,Office Supplies,2026-06-29,07/01/2026,07/01/2026, Shipped,8
WO0000989,South-4,Electronics,2026-06-29,07/01/2026,07/01/2026,Shipped,1
WO0000990,Northeast-1,Electronics,2026-06-29,2026-07-02,07/02/2026, Shipped,11
WO0000991,Midwest-2,Electronics,2026-06-29,2026-06-30,2026-06-29,Shipped,3
WO0000992,West-3,Apparel,06/29/2026,2026-07-01,,Delayed,3
WO0000993,West-3,Outdoor,2026-06-29,2026-07-01,07/01/2026,shipped,8
WO0000994,Midwest-2,Office Supplies,2026-06-29,2026-07-01,07/01/2026, Shipped,6
WO0000995,Northeast-1,Home Goods,06/29/2026,2026-07-02,07/02/2026,shipped,7
WO0000996,South-4,Home Goods,06/29/2026,2026-07-01,06/30/2026,shipped,3
WO0000997,Midwest-2,Electronics,2026-06-29,07/01/2026,06/30/2026, Shipped,3
WO0000998,West-3,Outdoor,06/29/2026,06/30/2026,06/29/2026,SHIPPED,8
WO0000999,South-4,Apparel,2026-06-29,06/30/2026,07/01/2026,delayed,8
WO0001000,Northeast-1,Outdoor,2026-06-29,2026-07-02,07/02/2026,shipped,7
WO0001001,Midwest-2,Home Goods,2026-06-29,2026-07-02,2026-07-02, Shipped,1
WO0001002,South-4,Office Supplies,06/29/2026,2026-07-01,2026-06-30,SHIPPED,2
WO0001003,Midwest-2,Office Supplies,2026-06-29,2026-07-02,07/01/2026,SHIPPED,3
WO0001004,South-4,Electronics,2026-06-29,2026-06-30,,Canceled,3
WO0001005,South-4,Outdoor,2026-06-29,2026-07-01,2026-07-01,Shipped,7
WO0001006,Northeast-1,Outdoor,2026-06-29,2026-07-02,2026-07-01, Shipped,2
WO0001007,West-3,Electronics,06/29/2026,06/30/2026,06/29/2026, Shipped,3
WO0001008,Midwest-2,Home Goods,06/29/2026,2026-06-30,2026-06-29,shipped,3
WO0001009,Northeast-1,Home Goods,06/29/2026,2026-06-30,06/29/2026,SHIPPED,7
WO0001010,South-4,Home Goods,06/29/2026,07/01/2026,2026-07-01, Shipped,4
WO0001011,South-4,Home Goods,06/29/2026,2026-06-30,2026-06-30,SHIPPED,10
WO0001012,West-3,Home Goods,2026-06-29,07/01/2026,06/30/2026,Shipped,11
WO0001013,Midwest-2,Electronics,06/29/2026,2026-07-01,06/30/2026, Shipped,2
WO0001014,Northeast-1,Apparel,06/29/2026,2026-07-01,2026-07-01, Shipped,1
WO0001015,Northeast-1,Electronics,2026-06-29,06/30/2026,2026-06-29,Shipped,2
WO0001016,Northeast-1,Office Supplies,06/29/2026,2026-06-30,2026-07-01,delayed,10
WO0001017,South-4,Office Supplies,06/29/2026,06/30/2026,2026-06-30,shipped,11
WO0001018,Midwest-2,Electronics,06/29/2026,2026-06-30,06/29/2026,SHIPPED,11
WO0001019,West-3,Outdoor,06/29/2026,06/30/2026,,DELAYED,11
WO0001020,West-3,Outdoor,06/29/2026,06/30/2026,,DELAYED,-1
WO0001021,West-3,Electronics,2026-06-29,2026-07-02,07/01/2026,SHIPPED,2
WO0001022,Northeast-1,Outdoor,2026-06-29,06/30/2026,2026-06-30, Shipped,1
WO0001023,Midwest-2,Home Goods,06/29/2026,2026-06-30,2026-06-30,shipped,1
WO0001024,West-3,Apparel,2026-06-29,2026-06-30,2026-06-30,shipped,5
WO0001025,South-4,Outdoor,06/29/2026,2026-07-01,2026-07-01,SHIPPED,10
WO0001026,South-4,Office Supplies,06/29/2026,2026-07-02,2026-07-01, Shipped,2
WO0001027,South-4,Electronics,06/29/2026,07/02/2026,07/01/2026,Shipped,4
WO0001028,Northeast-1,Apparel,06/29/2026,2026-07-01,07/01/2026,Shipped,5
WO0001029,West-3,Electronics,06/29/2026,2026-07-01,06/30/2026,shipped,8
WO0001030,West-3,Electronics,2026-06-29,2026-07-01,06/30/2026, Shipped,2
WO0001031,Northeast-1,Outdoor,06/29/2026,07/02/2026,07/01/2026,SHIPPED,3
WO0001032,South-4,Electronics,06/29/2026,2026-07-02,2026-07-01, Shipped,10
WO0001033,West-3,Office Supplies,2026-06-29,07/01/2026,06/30/2026, Shipped,2
WO0001034,Midwest-2,Office Supplies,2026-06-29,07/02/2026,07/07/2026,Delayed,1
WO0001035,South-4,Outdoor,06/29/2026,07/01/2026,2026-06-30,Shipped,6
WO0001036,South-4,Home Goods,06/29/2026,07/01/2026,06/30/2026,Shipped,3
WO0001037,South-4,Office Supplies,2026-06-29,2026-07-02,2026-07-01,SHIPPED,5
WO0001038,Midwest-2,Apparel,06/29/2026,07/01/2026,2026-07-01, Shipped,11
WO0001039,Midwest-2,Outdoor,2026-06-29,2026-07-02,2026-07-01,SHIPPED,5
WO0001040,South-4,Electronics,06/29/2026,2026-07-02,2026-07-01,SHIPPED,6
WO0001041,Midwest-2,Outdoor,2026-06-29,07/01/2026,07/01/2026,SHIPPED,1
WO0001042,West-3,Outdoor,06/29/2026,07/01/2026,2026-06-30,Shipped,7
WO0001043,Northeast-1,Electronics,06/29/2026,06/30/2026,2026-07-03,DELAYED,8
WO0001044,Northeast-1,Outdoor,2026-06-29,06/30/2026,2026-06-29,shipped,11
WO0001045,Northeast-1,Electronics,06/29/2026,2026-07-01,2026-07-01,SHIPPED,10
WO0001046,West-3,Office Supplies,2026-06-29,06/30/2026,06/29/2026, Shipped,5
WO0001047,South-4,Electronics,06/29/2026,07/02/2026,2026-07-01,shipped,11
WO0001048,West-3,Home Goods,2026-06-29,2026-07-01,2026-07-01,Shipped,3
WO0001049,South-4,Home Goods,06/29/2026,2026-07-02,2026-07-01,Shipped,5
WO0001050,South-4,Office Supplies,2026-06-29,07/01/2026,06/30/2026, Shipped,11
WO0001051,South-4,Apparel,06/29/2026,2026-07-01,06/30/2026,shipped,4
WO0001052,South-4,Office Supplies,2026-06-29,2026-07-02,07/02/2026,SHIPPED,4
WO0001053,Northeast-1,Office Supplies,06/29/2026,07/01/2026,06/30/2026, Shipped,9
WO0001054,South-4,Apparel,2026-06-29,07/02/2026,2026-07-01,Shipped,9
WO0001055,South-4,Office Supplies,2026-06-29,07/01/2026,07/01/2026,SHIPPED,7
WO0001056,South-4,Office Supplies,06/30/2026,07/01/2026,07/01/2026,shipped,1
WO0001057,South-4,Office Supplies,2026-06-30,2026-07-01,2026-07-01, Shipped,9
WO0001058,Midwest-2,Home Goods,06/30/2026,2026-07-02,07/02/2026, Shipped,3
WO0001059,West-3,Home Goods,2026-06-30,2026-07-02,2026-07-02,shipped,7
WO0001060,West-3,Apparel,06/30/2026,07/03/2026,07/03/2026,Shipped,4
WO0001061,Northeast-1,Apparel,2026-06-30,2026-07-01,06/30/2026, Shipped,5
WO0001062,South-4,Office Supplies,2026-06-30,07/03/2026,2026-07-03,SHIPPED,11
WO0001063,Northeast-1,Office Supplies,2026-06-30,2026-07-02,07/01/2026,Shipped,2
WO0001064,West-3,Home Goods,06/30/2026,07/03/2026,07/03/2026,Shipped,6
WO0001065,Midwest-2,Outdoor,2026-06-30,2026-07-02,2026-07-02,shipped,6
WO0001066,South-4,Home Goods,06/30/2026,2026-07-01,,cancelled,5
WO0001067,Northeast-1,Home Goods,06/30/2026,2026-07-02,07/02/2026,shipped,9
WO0001068,Northeast-1,Apparel,06/30/2026,07/02/2026,2026-07-01,Shipped,2
WO0001069,South-4,Apparel,2026-06-30,2026-07-03,2026-07-02,shipped,4
WO0001070,Midwest-2,Outdoor,2026-06-30,07/03/2026,07/03/2026, Shipped,6
WO0001071,West-3,Electronics,06/30/2026,2026-07-02,,Delayed,8
WO0001072,Midwest-2,Apparel,06/30/2026,07/01/2026,2026-06-30,shipped,4
WO0001073,Northeast-1,Office Supplies,2026-06-30,07/02/2026,07/02/2026, Shipped,4
WO0001074,West-3,Electronics,06/30/2026,2026-07-02,2026-07-02,shipped,5
WO0001075,Northeast-1,Apparel,2026-06-30,07/01/2026,06/30/2026,SHIPPED,10
WO0001076,Midwest-2,Office Supplies,06/30/2026,07/01/2026,07/01/2026,SHIPPED,6
WO0001077,Midwest-2,Office Supplies,2026-06-30,07/01/2026,07/01/2026,shipped,7
WO0001078,South-4,Home Goods,2026-06-30,2026-07-01,07/01/2026,shipped,11
WO0001079,Northeast-1,Electronics,06/30/2026,07/03/2026,2026-07-02,Shipped,5
WO0001080,Northeast-1,Office Supplies,2026-06-30,2026-07-02,2026-07-02, Shipped,5
WO0001081,Northeast-1,Outdoor,06/30/2026,07/01/2026,2026-06-30,shipped,10
WO0001082,South-4,Office Supplies,2026-06-30,2026-07-03,2026-07-02,Shipped,4
WO0001083,South-4,Apparel,06/30/2026,07/03/2026,07/02/2026, Shipped,7
WO0001084,,Apparel,06/30/2026,07/03/2026,07/02/2026, Shipped,7
WO0001085,South-4,Apparel,06/30/2026,07/03/2026,2026-07-02,shipped,6
WO0001086,South-4,Office Supplies,2026-06-30,07/02/2026,07/01/2026,shipped,6
WO0001087,Midwest-2,Home Goods,2026-06-30,2026-07-03,07/02/2026,SHIPPED,9
WO0001088,West-3,Office Supplies,06/30/2026,2026-07-02,2026-07-01, Shipped,7
WO0001089,Midwest-2,Office Supplies,2026-06-30,2026-07-01,2026-07-01,Shipped,4
WO0001090,Midwest-2,Office Supplies,2026-06-30,07/02/2026,07/02/2026,Shipped,6
WO0001091,Northeast-1,Office Supplies,06/30/2026,2026-07-03,07/02/2026, Shipped,2
WO0001092,West-3,Apparel,2026-06-30,2026-07-01,06/30/2026,shipped,5
WO0001093,South-4,Electronics,06/30/2026,07/02/2026,07/01/2026,Shipped,5
WO0001094,Northeast-1,Apparel,2026-06-30,07/02/2026,07/01/2026, Shipped,2
WO0001095,Midwest-2,Home Goods,2026-06-30,2026-07-01,2026-06-30,shipped,4
WO0001096,West-3,Home Goods,2026-06-30,2026-07-02,,DELAYED,1
WO0001097,West-3,Home Goods,06/30/2026,2026-07-02,07/02/2026,SHIPPED,9
WO0001098,Northeast-1,Home Goods,2026-06-30,2026-07-02,2026-07-02,SHIPPED,9
WO0001099,Midwest-2,Apparel,06/30/2026,2026-07-02,2026-07-02,Shipped,5
WO0001100,Midwest-2,Office Supplies,06/30/2026,07/01/2026,07/01/2026,SHIPPED,1
WO0001101,Midwest-2,Office Supplies,06/30/2026,2026-07-03,2026-07-03, Shipped,2
WO0001102,South-4,Outdoor,06/30/2026,2026-07-03,2026-07-02, Shipped,2
WO0001103,Northeast-1,Apparel,2026-06-30,2026-07-01,2026-07-01,shipped,10
WO0001104,West-3,Outdoor,06/30/2026,07/02/2026,2026-07-01,shipped,5
WO0001105,Midwest-2,Electronics,2026-06-30,2026-07-01,06/30/2026,shipped,3
WO0001106,Northeast-1,Electronics,06/30/2026,2026-07-01,07/01/2026,Shipped,11
WO0001107,West-3,Electronics,2026-06-30,07/01/2026,07/01/2026, Shipped,8
WO0001108,West-3,Office Supplies,06/30/2026,2026-07-03,,DELAYED,11
WO0001109,Midwest-2,Apparel,06/30/2026,2026-07-03,,Canceled,7
WO0001110,West-3,Home Goods,06/30/2026,07/01/2026,2026-07-01,Shipped,3
WO0001111,Northeast-1,Apparel,06/30/2026,2026-07-03,,delayed,3
WO0001112,Midwest-2,Electronics,2026-06-30,07/01/2026,2026-06-30,Shipped,5
WO0001113,Northeast-1,Office Supplies,2026-06-30,07/01/2026,2026-06-30,shipped,5
WO0001114,Midwest-2,Office Supplies,06/30/2026,07/02/2026,07/02/2026,shipped,1
WO0001115,West-3,Outdoor,2026-06-30,07/02/2026,07/02/2026, Shipped,8
WO0001116,Midwest-2,Home Goods,06/30/2026,07/02/2026,07/02/2026, Shipped,7
WO0001117,Midwest-2,Outdoor,06/30/2026,07/02/2026,2026-07-01,SHIPPED,7
WO0001118,Midwest-2,Home Goods,2026-06-30,2026-07-01,07/02/2026,DELAYED,8
WO0001119,South-4,Outdoor,06/30/2026,2026-07-02,2026-07-02,SHIPPED,3
WO0001120,Midwest-2,Outdoor,06/30/2026,07/01/2026,2026-06-30,SHIPPED,7
WO0001121,West-3,Electronics,2026-06-30,2026-07-02,2026-07-01, Shipped,7
WO0001122,South-4,Home Goods,06/30/2026,07/03/2026,07/03/2026,SHIPPED,8
WO0001123,South-4,Electronics,2026-06-30,07/01/2026,2026-07-01, Shipped,4
WO0001124,South-4,Outdoor,06/30/2026,2026-07-03,2026-07-03,Shipped,8
WO0001125,West-3,Outdoor,2026-06-30,2026-07-03,2026-07-02,shipped,4
WO0001126,Midwest-2,Apparel,2026-06-30,2026-07-01,2026-07-01,SHIPPED,7
WO0001127,Midwest-2,Home Goods,06/30/2026,2026-07-01,07/01/2026,SHIPPED,5
WO0001128,West-3,Apparel,06/30/2026,2026-07-03,,Canceled,1
WO0001129,West-3,Outdoor,2026-06-30,07/01/2026,07/01/2026,SHIPPED,11
WO0001130,South-4,Electronics,2026-06-30,07/03/2026,07/03/2026,SHIPPED,10
WO0001131,West-3,Office Supplies,2026-06-30,2026-07-03,07/03/2026,Shipped,4
WO0001132,Midwest-2,Home Goods,06/30/2026,07/01/2026,2026-07-01,SHIPPED,8
WO0001133,West-3,Office Supplies,2026-06-30,2026-07-02,07/01/2026,Shipped,4
WO0001134,South-4,Outdoor,2026-06-30,2026-07-02,2026-07-01,Shipped,11
WO0001135,Midwest-2,Apparel,06/30/2026,07/02/2026,2026-07-02,SHIPPED,9
WO0001136,South-4,Outdoor,06/30/2026,2026-07-02,07/02/2026,shipped,5
WO0001137,West-3,Electronics,2026-06-30,07/03/2026,2026-07-03,shipped,10
WO0001138,West-3,Home Goods,06/30/2026,2026-07-01,07/01/2026,Shipped,3
WO0001139,Midwest-2,Outdoor,2026-06-30,07/01/2026,2026-07-01,Shipped,2
WO0001140,South-4,Apparel,2026-06-30,07/03/2026,2026-07-02,shipped,11
WO0001141,South-4,Office Supplies,2026-06-30,07/02/2026,2026-07-01,Shipped,1
WO0001142,Midwest-2,Apparel,06/30/2026,2026-07-03,2026-07-03,SHIPPED,2
WO0001143,South-4,Office Supplies,2026-06-30,2026-07-01,07/01/2026,shipped,11
WO0001144,Midwest-2,Outdoor,06/30/2026,07/01/2026,2026-06-30,shipped,7
WO0001145,Midwest-2,Home Goods,06/30/2026,2026-07-02,07/01/2026, Shipped,10
WO0001146,Northeast-1,Office Supplies,2026-06-30,2026-07-03,07/03/2026,Shipped,1
WO0001147,Midwest-2,Apparel,2026-06-30,07/01/2026,2026-07-01,shipped,2
WO0001148,South-4,Electronics,2026-06-30,2026-07-02,2026-07-02,SHIPPED,2
WO0001149,South-4,Apparel,06/30/2026,2026-07-03,,Delayed,5
WO0001150,South-4,Home Goods,06/30/2026,07/02/2026,2026-07-02,SHIPPED,2
WO0001151,Midwest-2,Outdoor,06/30/2026,2026-07-01,2026-07-01, Shipped,1
WO0001152,West-3,Outdoor,2026-06-30,2026-07-01,2026-07-01,shipped,4
WO0001153,Midwest-2,Office Supplies,06/30/2026,07/02/2026,2026-07-01,SHIPPED,7
WO0001154,West-3,Electronics,06/30/2026,07/02/2026,07/01/2026,shipped,7
WO0001155,Northeast-1,Apparel,2026-06-30,07/01/2026,06/30/2026,SHIPPED,10
WO0001156,Midwest-2,Home Goods,06/30/2026,07/01/2026,07/01/2026,SHIPPED,11
WO0001157,Midwest-2,Outdoor,2026-06-30,2026-07-02,2026-07-02,SHIPPED,4
WO0001158,Northeast-1,Apparel,06/30/2026,2026-07-02,07/01/2026, Shipped,1
WO0001159,Midwest-2,Outdoor,2026-06-30,2026-07-02,2026-07-02,shipped,2
WO0001160,Northeast-1,Office Supplies,06/30/2026,2026-07-01,06/30/2026, Shipped,4
WO0001161,Northeast-1,Apparel,06/30/2026,2026-07-03,07/02/2026,shipped,3
WO0001162,South-4,Office Supplies,06/30/2026,07/03/2026,2026-07-03, Shipped,4
WO0001163,Midwest-2,Electronics,06/30/2026,2026-07-03,2026-07-03,shipped,2
WO0001164,South-4,Outdoor,2026-06-30,2026-07-01,07/01/2026,SHIPPED,5
WO0001165,Northeast-1,Office Supplies,2026-06-30,07/01/2026,06/30/2026,Shipped,5
WO0001166,Midwest-2,Electronics,2026-06-30,2026-07-03,07/03/2026, Shipped,9
WO0001167,Midwest-2,Home Goods,06/30/2026,07/03/2026,2026-07-03,SHIPPED,2
WO0001168,West-3,Office Supplies,06/30/2026,2026-07-03,2026-07-02,shipped,10
WO0001169,South-4,Electronics,06/30/2026,2026-07-01,2026-06-30,Shipped,6
WO0001170,West-3,Apparel,2026-06-30,2026-07-03,2026-07-03,Shipped,11
WO0001171,Midwest-2,Electronics,2026-06-30,07/03/2026,07/02/2026,SHIPPED,3
WO0001172,Midwest-2,Electronics,06/30/2026,07/03/2026,2026-07-02,Shipped,8
WO0001173,South-4,Office Supplies,2026-06-30,07/01/2026,06/30/2026, Shipped,5
WO0001174,Midwest-2,Outdoor,2026-06-30,07/02/2026,07/02/2026, Shipped,9
WO0001175,Midwest-2,Home Goods,06/30/2026,2026-07-03,2026-07-03,Shipped,3
WO0001176,West-3,Electronics,2026-06-30,07/02/2026,2026-07-06,delayed,8
WO0001177,Northeast-1,Apparel,06/30/2026,2026-07-01,2026-07-01, Shipped,7
WO0001178,South-4,Outdoor,06/30/2026,2026-07-02,2026-07-05,DELAYED,6
WO0001179,Northeast-1,Home Goods,2026-06-30,07/01/2026,06/30/2026,Shipped,10
WO0001180,West-3,Outdoor,2026-06-30,07/03/2026,07/03/2026,Shipped,4
WO0001181,Northeast-1,Home Goods,2026-06-30,2026-07-02,07/02/2026,SHIPPED,3
WO0001182,Midwest-2,Office Supplies,06/30/2026,07/01/2026,2026-06-30,Shipped,9
WO0001183,South-4,Home Goods,2026-06-30,2026-07-03,2026-07-03,SHIPPED,4
WO0001184,Northeast-1,Office Supplies,06/30/2026,2026-07-03,07/03/2026, Shipped,7
WO0001185,Northeast-1,Apparel,06/30/2026,2026-07-03,2026-07-02,Shipped,3
WO0001186,Midwest-2,Outdoor,06/30/2026,07/02/2026,07/01/2026,shipped,1
WO0001187,Midwest-2,Outdoor,2026-06-30,07/03/2026,2026-07-03, Shipped,11
WO0001188,Midwest-2,Electronics,2026-06-30,07/03/2026,2026-07-03,Shipped,8
WO0001189,South-4,Home Goods,2026-06-30,2026-07-01,2026-07-01,SHIPPED,7
WO0001190,Northeast-1,Home Goods,06/30/2026,2026-07-01,2026-07-01, Shipped,7
WO0001191,Northeast-1,Home Goods,06/30/2026,07/01/2026,07/06/2026,delayed,9
WO0001192,South-4,Office Supplies,06/30/2026,07/01/2026,2026-06-30,Shipped,10
WO0001193,West-3,Office Supplies,2026-06-30,07/03/2026,07/02/2026, Shipped,5
WO0001194,Northeast-1,Outdoor,2026-06-30,07/02/2026,2026-07-01,SHIPPED,5
WO0001195,Midwest-2,Outdoor,2026-06-30,2026-07-03,2026-07-03,SHIPPED,9
WO0001195,Midwest-2,Outdoor,2026-06-30,2026-07-03,2026-07-03,SHIPPED,9
WO0001196,West-3,Home Goods,06/30/2026,07/02/2026,2026-07-02,shipped,4
WO0001197,Midwest-2,Apparel,06/30/2026,07/01/2026,2026-07-01,Shipped,7
WO0001198,West-3,Outdoor,06/30/2026,07/01/2026,2026-06-30,Shipped,3
WO0001199,Northeast-1,Apparel,06/30/2026,07/02/2026,2026-07-01, Shipped,5
WO0001200,South-4,Office Supplies,06/30/2026,07/01/2026,06/30/2026, Shipped,11
WO0001201,Midwest-2,Outdoor,2026-06-30,07/02/2026,,Delayed,5
WO0001202,West-3,Outdoor,06/30/2026,07/02/2026,2026-07-02,shipped,9
WO0001203,West-3,Office Supplies,06/30/2026,2026-07-03,07/03/2026, Shipped,11
WO0001204,West-3,Home Goods,06/30/2026,07/02/2026,2026-07-02,Shipped,2
WO0001205,Midwest-2,Home Goods,2026-06-30,2026-07-02,07/02/2026,shipped,8
WO0001206,Midwest-2,Electronics,2026-06-30,2026-07-01,2026-07-01,shipped,9
WO0001207,West-3,Outdoor,2026-06-30,2026-07-03,07/03/2026, Shipped,4
WO0001208,Midwest-2,Outdoor,2026-06-30,2026-07-01,07/01/2026,Shipped,6
WO0001209,West-3,Home Goods,06/30/2026,2026-07-01,2026-07-01, Shipped,7
WO0001210,South-4,Office Supplies,2026-06-30,2026-07-02,2026-07-01,SHIPPED,2
WO0001211,Northeast-1,Apparel,06/30/2026,2026-07-02,2026-07-02,SHIPPED,11
WO0001212,South-4,Outdoor,2026-06-30,2026-07-03,2026-07-03, Shipped,8
WO0001213,West-3,Apparel,2026-06-30,07/02/2026,2026-07-01,shipped,1
WO0001214,South-4,Electronics,06/30/2026,07/02/2026,2026-07-01, Shipped,5
WO0001215,South-4,Apparel,2026-06-30,07/01/2026,2026-07-01,shipped,8
WO0001216,Northeast-1,Home Goods,06/30/2026,2026-07-03,07/02/2026, Shipped,3
WO0001217,West-3,Home Goods,06/30/2026,07/01/2026,2026-07-01, Shipped,6
WO0001218,West-3,Apparel,06/30/2026,07/02/2026,,Canceled,8
WO0001219,Northeast-1,Electronics,06/30/2026,2026-07-02,2026-07-02, Shipped,11
WO0001220,Northeast-1,Outdoor,2026-06-30,07/03/2026,2026-07-03,Shipped,1
WO0001221,West-3,Office Supplies,06/30/2026,07/02/2026,2026-07-02,SHIPPED,10
WO0001222,West-3,Apparel,2026-06-30,2026-07-02,07/02/2026, Shipped,3
WO0001223,Midwest-2,Outdoor,06/30/2026,2026-07-02,07/05/2026,delayed,7
WO0001224,Northeast-1,Outdoor,06/30/2026,07/01/2026,07/01/2026,Shipped,1
WO0001225,South-4,Electronics,2026-06-30,2026-07-01,2026-07-01, Shipped,6
WO0001226,Northeast-1,Home Goods,06/30/2026,2026-07-03,07/03/2026,SHIPPED,1
WO0001227,South-4,Outdoor,2026-06-30,07/01/2026,2026-07-01,Shipped,5
WO0001228,South-4,Outdoor,07/01/2026,07/04/2026,07/03/2026, Shipped,7
WO0001229,West-3,Apparel,2026-07-01,07/04/2026,07/03/2026,Shipped,6
WO0001230,West-3,Apparel,07/01/2026,2026-07-04,2026-07-03,Shipped,5
WO0001231,Midwest-2,Outdoor,2026-07-01,07/04/2026,2026-07-04,SHIPPED,10
WO0001232,South-4,Apparel,2026-07-01,07/02/2026,07/01/2026,shipped,5
WO0001233,South-4,Electronics,07/01/2026,07/04/2026,2026-07-03,shipped,8
WO0001234,West-3,Electronics,07/01/2026,07/04/2026,,DELAYED,7
WO0001235,South-4,Office Supplies,2026-07-01,07/04/2026,2026-07-03, Shipped,1
WO0001236,West-3,Outdoor,07/01/2026,07/02/2026,07/02/2026,SHIPPED,10
WO0001237,Midwest-2,Home Goods,2026-07-01,07/04/2026,07/03/2026,Shipped,8
WO0001238,Northeast-1,Home Goods,2026-07-01,2026-07-04,2026-07-03, Shipped,9
WO0001239,South-4,Apparel,2026-07-01,2026-07-02,07/02/2026,shipped,2
WO0001240,South-4,Electronics,2026-07-01,2026-07-04,07/04/2026, Shipped,7
WO0001241,South-4,Outdoor,07/01/2026,2026-07-04,2026-07-03,Shipped,10
WO0001242,Midwest-2,Outdoor,07/01/2026,07/02/2026,07/01/2026, Shipped,2
WO0001243,Northeast-1,Outdoor,2026-07-01,07/03/2026,07/02/2026,shipped,1
WO0001244,South-4,Outdoor,2026-07-01,07/03/2026,2026-07-02,SHIPPED,10
WO0001245,South-4,Apparel,07/01/2026,07/03/2026,2026-07-03,shipped,3
WO0001246,Northeast-1,Office Supplies,07/01/2026,07/03/2026,2026-07-02,SHIPPED,6
WO0001247,Midwest-2,Apparel,2026-07-01,2026-07-02,2026-07-01,Shipped,2
WO0001248,South-4,Office Supplies,2026-07-01,2026-07-03,2026-07-02, Shipped,8
WO0001249,South-4,Outdoor,2026-07-01,2026-07-02,2026-07-01,shipped,9
WO0001250,Midwest-2,Outdoor,07/01/2026,07/02/2026,07/01/2026,SHIPPED,11
WO0001251,Northeast-1,Home Goods,07/01/2026,07/02/2026,2026-07-01,Shipped,10
WO0001252,Northeast-1,Outdoor,07/01/2026,2026-07-02,2026-07-01,Shipped,10
WO0001253,Midwest-2,Apparel,2026-07-01,07/02/2026,2026-07-02,SHIPPED,2
WO0001254,South-4,Office Supplies,2026-07-01,2026-07-02,2026-07-02,SHIPPED,8
WO0001255,West-3,Office Supplies,2026-07-01,07/04/2026,2026-07-04, Shipped,3
WO0001256,West-3,Office Supplies,07/01/2026,07/03/2026,2026-07-02,SHIPPED,8
WO0001257,West-3,Office Supplies,2026-07-01,2026-07-03,07/02/2026,SHIPPED,3
WO0001258,Northeast-1,Outdoor,2026-07-01,2026-07-04,07/03/2026,Shipped,3
WO0001259,Northeast-1,Home Goods,2026-07-01,07/03/2026,07/03/2026,shipped,10
WO0001260,Northeast-1,Office Supplies,07/01/2026,07/02/2026,2026-07-01,Shipped,1
WO0001261,Northeast-1,Outdoor,2026-07-01,2026-07-02,,Canceled,7
WO0001262,West-3,Office Supplies,2026-07-01,07/02/2026,2026-07-01, Shipped,8
WO0001263,South-4,Electronics,2026-07-01,07/03/2026,07/02/2026,shipped,7
WO0001264,South-4,Home Goods,07/01/2026,07/02/2026,07/02/2026, Shipped,4
WO0001265,Northeast-1,Electronics,07/01/2026,07/03/2026,2026-07-03,SHIPPED,3
WO0001266,South-4,Home Goods,07/01/2026,2026-07-02,2026-07-01, Shipped,6
WO0001267,Northeast-1,Home Goods,2026-07-01,07/03/2026,2026-07-03,Shipped,5
WO0001268,South-4,Office Supplies,2026-07-01,07/03/2026,2026-07-03,SHIPPED,8
WO0001269,Northeast-1,Outdoor,2026-07-01,2026-07-03,07/02/2026,Shipped,11
WO0001269,Northeast-1,Outdoor,2026-07-01,2026-07-03,07/02/2026,Shipped,11
WO0001270,Midwest-2,Electronics,07/01/2026,2026-07-04,07/04/2026,SHIPPED,2
WO0001271,West-3,Office Supplies,2026-07-01,07/04/2026,2026-07-04,SHIPPED,4
WO0001272,Northeast-1,Apparel,07/01/2026,07/04/2026,07/03/2026,shipped,7
WO0001273,Northeast-1,Electronics,2026-07-01,07/04/2026,2026-07-03, Shipped,4
WO0001274,West-3,Outdoor,07/01/2026,07/04/2026,2026-07-04,shipped,9
WO0001275,West-3,Electronics,2026-07-01,2026-07-03,07/06/2026,DELAYED,3
WO0001276,Northeast-1,Outdoor,2026-07-01,07/03/2026,07/03/2026, Shipped,3
WO0001277,Midwest-2,Office Supplies,07/01/2026,07/02/2026,2026-07-02,Shipped,5
WO0001278,Northeast-1,Home Goods,2026-07-01,07/02/2026,2026-07-01, Shipped,6
WO0001279,South-4,Electronics,07/01/2026,07/02/2026,2026-07-02,Shipped,1
WO0001280,South-4,Office Supplies,07/01/2026,07/03/2026,07/02/2026,SHIPPED,8
WO0001281,West-3,Outdoor,07/01/2026,2026-07-03,07/02/2026,shipped,11
WO0001282,South-4,Outdoor,07/01/2026,07/02/2026,2026-07-02, Shipped,6
WO0001283,Midwest-2,Office Supplies,07/01/2026,2026-07-03,07/03/2026, Shipped,4
WO0001284,Northeast-1,Apparel,07/01/2026,2026-07-02,07/01/2026, Shipped,1
WO0001285,South-4,Outdoor,2026-07-01,2026-07-04,2026-07-04,shipped,10
WO0001286,Midwest-2,Office Supplies,07/01/2026,07/02/2026,2026-07-02,shipped,9
WO0001287,West-3,Home Goods,2026-07-01,2026-07-03,,Delayed,6
WO0001288,South-4,Office Supplies,07/01/2026,2026-07-04,07/04/2026,shipped,10
WO0001288,South-4,Office Supplies,07/01/2026,2026-07-04,07/04/2026,shipped,10
WO0001289,South-4,Home Goods,2026-07-01,07/02/2026,07/01/2026, Shipped,4
WO0001290,Northeast-1,Electronics,07/01/2026,07/04/2026,07/03/2026,SHIPPED,8
WO0001291,Midwest-2,Home Goods,07/01/2026,07/03/2026,2026-07-02,Shipped,5
WO0001292,Northeast-1,Electronics,2026-07-01,2026-07-02,07/02/2026,Shipped,3
WO0001293,Midwest-2,Apparel,07/01/2026,07/02/2026,2026-07-07,delayed,2
WO0001294,South-4,Home Goods,07/01/2026,07/03/2026,07/02/2026, Shipped,3
WO0001295,West-3,Apparel,2026-07-01,2026-07-02,2026-07-02,SHIPPED,8
WO0001296,Northeast-1,Home Goods,07/01/2026,07/04/2026,2026-07-04, Shipped,9
WO0001297,South-4,Home Goods,2026-07-01,2026-07-02,07/02/2026,SHIPPED,6
WO0001298,South-4,Office Supplies,2026-07-01,2026-07-04,,DELAYED,4
WO0001299,Northeast-1,Outdoor,2026-07-01,2026-07-02,2026-07-02,SHIPPED,3
WO0001300,Northeast-1,Home Goods,07/01/2026,2026-07-04,07/03/2026,shipped,1
WO0001301,Northeast-1,Outdoor,07/01/2026,2026-07-03,07/02/2026,shipped,9
WO0001302,Midwest-2,Office Supplies,2026-07-01,07/03/2026,07/03/2026,Shipped,3
WO0001303,Northeast-1,Home Goods,2026-07-01,2026-07-02,07/01/2026, Shipped,2
WO0001304,Northeast-1,Apparel,2026-07-01,2026-07-02,2026-07-01,shipped,10
WO0001305,South-4,Electronics,2026-07-01,2026-07-03,2026-07-03,SHIPPED,5
WO0001306,Northeast-1,Office Supplies,07/01/2026,07/04/2026,2026-07-04,shipped,5
WO0001307,Northeast-1,Apparel,07/01/2026,07/04/2026,07/04/2026,Shipped,2
WO0001308,Northeast-1,Electronics,2026-07-01,07/04/2026,07/03/2026,shipped,6
WO0001309,Midwest-2,Outdoor,2026-07-01,07/02/2026,2026-07-02,Shipped,10
WO0001310,West-3,Home Goods,07/01/2026,07/03/2026,2026-07-02,SHIPPED,11
WO0001311,West-3,Office Supplies,07/01/2026,07/03/2026,2026-07-02,shipped,6
WO0001312,Northeast-1,Apparel,07/01/2026,07/04/2026,07/03/2026,SHIPPED,5
WO0001313,,Apparel,07/01/2026,07/04/2026,07/03/2026,SHIPPED,5
WO0001314,Northeast-1,Apparel,07/01/2026,07/03/2026,2026-07-03, Shipped,4
WO0001315,Midwest-2,Electronics,07/01/2026,2026-07-02,07/02/2026,SHIPPED,6
WO0001316,West-3,Apparel,07/01/2026,07/02/2026,07/01/2026,Shipped,2
WO0001317,West-3,Electronics,07/01/2026,07/04/2026,07/03/2026,shipped,6
WO0001318,Northeast-1,Outdoor,07/01/2026,07/04/2026,07/03/2026, Shipped,4
WO0001318,Northeast-1,Outdoor,07/01/2026,07/04/2026,07/03/2026, Shipped,4
WO0001319,Midwest-2,Office Supplies,2026-07-01,07/04/2026,2026-07-04,shipped,8
WO0001320,Northeast-1,Apparel,2026-07-01,2026-07-04,2026-07-04,Shipped,3
WO0001321,West-3,Office Supplies,2026-07-01,07/04/2026,2026-07-04,shipped,4
WO0001322,South-4,Outdoor,07/01/2026,07/03/2026,07/02/2026,shipped,2
WO0001323,Midwest-2,Office Supplies,07/01/2026,07/02/2026,07/01/2026,SHIPPED,2
WO0001324,West-3,Home Goods,07/01/2026,2026-07-04,07/04/2026,shipped,4
WO0001325,Midwest-2,Home Goods,2026-07-01,07/03/2026,2026-07-04,delayed,1
WO0001326,Northeast-1,Home Goods,2026-07-01,2026-07-02,2026-07-01, Shipped,8
WO0001327,South-4,Electronics,07/01/2026,07/04/2026,2026-07-04, Shipped,7
WO0001328,West-3,Home Goods,2026-07-01,07/04/2026,07/04/2026,SHIPPED,7
WO0001329,Northeast-1,Home Goods,07/01/2026,07/04/2026,07/04/2026,Shipped,3
WO0001330,Midwest-2,Apparel,07/01/2026,07/04/2026,2026-07-03,SHIPPED,11
WO0001331,West-3,Outdoor,07/01/2026,2026-07-03,07/02/2026,SHIPPED,10
WO0001332,Northeast-1,Electronics,07/01/2026,07/03/2026,07/02/2026,SHIPPED,1
WO0001333,Midwest-2,Apparel,07/01/2026,07/04/2026,2026-07-04,shipped,9
WO0001334,Northeast-1,Outdoor,2026-07-01,07/03/2026,2026-07-03, Shipped,10
WO0001335,South-4,Home Goods,2026-07-01,2026-07-03,2026-07-03,shipped,10
WO0001336,Northeast-1,Apparel,07/01/2026,2026-07-03,07/02/2026,shipped,11
WO0001337,Midwest-2,Apparel,07/01/2026,2026-07-03,2026-07-02,shipped,6
WO0001338,,Apparel,07/01/2026,2026-07-03,2026-07-02,shipped,6
WO0001339,West-3,Apparel,2026-07-01,2026-07-04,07/03/2026,SHIPPED,2
WO0001340,West-3,Apparel,07/01/2026,07/03/2026,07/03/2026,shipped,4
WO0001341,South-4,Electronics,2026-07-01,2026-07-03,2026-07-02,Shipped,4
WO0001342,Midwest-2,Office Supplies,2026-07-01,2026-07-04,07/04/2026,shipped,9
WO0001343,Northeast-1,Office Supplies,2026-07-01,07/03/2026,07/03/2026,Shipped,10
WO0001344,Midwest-2,Home Goods,2026-07-01,2026-07-03,07/02/2026,SHIPPED,4
WO0001344,Midwest-2,Home Goods,2026-07-01,2026-07-03,07/02/2026,SHIPPED,4
WO0001345,West-3,Home Goods,07/01/2026,2026-07-04,07/03/2026,SHIPPED,2
WO0001346,South-4,Electronics,07/01/2026,07/04/2026,2026-07-03, Shipped,10
WO0001347,Midwest-2,Electronics,2026-07-01,07/04/2026,2026-07-03,shipped,10
WO0001348,Midwest-2,Office Supplies,07/01/2026,2026-07-04,2026-07-03, Shipped,11
WO0001349,Midwest-2,Office Supplies,2026-07-01,07/04/2026,2026-07-03,SHIPPED,1
WO0001350,West-3,Apparel,07/01/2026,2026-07-04,2026-07-03,SHIPPED,2
WO0001351,Northeast-1,Electronics,2026-07-01,2026-07-03,07/03/2026,shipped,9
WO0001352,West-3,Electronics,07/01/2026,2026-07-04,2026-07-03,Shipped,5
WO0001353,Northeast-1,Home Goods,07/01/2026,07/02/2026,07/03/2026,delayed,2
WO0001354,Midwest-2,Apparel,2026-07-01,07/02/2026,2026-07-02,SHIPPED,4
WO0001355,West-3,Apparel,07/01/2026,2026-07-03,07/03/2026,shipped,7
WO0001356,Midwest-2,Apparel,07/01/2026,07/03/2026,2026-07-03, Shipped,2
WO0001357,West-3,Office Supplies,07/01/2026,07/02/2026,2026-07-01,shipped,11
WO0001358,South-4,Office Supplies,07/01/2026,07/02/2026,07/01/2026,shipped,7
WO0001359,West-3,Apparel,2026-07-01,2026-07-04,2026-07-04,Shipped,6
WO0001360,Northeast-1,Office Supplies,2026-07-01,07/03/2026,2026-07-02,SHIPPED,8
WO0001361,South-4,Outdoor,07/01/2026,07/02/2026,2026-07-01,SHIPPED,9
WO0001362,Midwest-2,Electronics,2026-07-01,07/03/2026,2026-07-02,SHIPPED,2
WO0001363,Northeast-1,Apparel,2026-07-01,2026-07-04,2026-07-06,DELAYED,10
WO0001364,Midwest-2,Electronics,07/01/2026,2026-07-04,2026-07-04,Shipped,2
WO0001365,West-3,Office Supplies,07/01/2026,2026-07-03,,delayed,10
WO0001366,West-3,Apparel,2026-07-01,07/03/2026,07/03/2026,Shipped,4
WO0001367,South-4,Office Supplies,07/01/2026,07/02/2026,2026-07-02,SHIPPED,8
WO0001368,West-3,Home Goods,2026-07-01,2026-07-03,2026-07-02,Shipped,6
WO0001369,Midwest-2,Office Supplies,2026-07-01,2026-07-03,2026-07-03,shipped,6
WO0001370,Midwest-2,Apparel,2026-07-01,07/02/2026,2026-07-02,SHIPPED,6
WO0001371,Northeast-1,Office Supplies,2026-07-01,07/04/2026,2026-07-03, Shipped,10
WO0001372,,Office Supplies,2026-07-01,07/04/2026,2026-07-03, Shipped,10
WO0001373,Northeast-1,Office Supplies,2026-07-01,2026-07-02,07/01/2026,Shipped,5
WO0001373,Northeast-1,Office Supplies,2026-07-01,2026-07-02,07/01/2026,Shipped,5
WO0001374,South-4,Apparel,07/01/2026,07/02/2026,07/01/2026,Shipped,10
WO0001375,Northeast-1,Home Goods,07/01/2026,2026-07-02,07/02/2026,SHIPPED,6
WO0001376,Northeast-1,Apparel,2026-07-01,2026-07-02,2026-07-02,shipped,1
WO0001377,Northeast-1,Electronics,07/01/2026,07/03/2026,2026-07-03,Shipped,2
WO0001378,Midwest-2,Outdoor,2026-07-01,07/03/2026,07/02/2026,Shipped,7
WO0001379,Midwest-2,Electronics,07/01/2026,07/02/2026,07/01/2026,shipped,4
WO0001380,Midwest-2,Home Goods,07/01/2026,2026-07-02,2026-07-02,shipped,7
WO0001381,Northeast-1,Electronics,07/02/2026,07/05/2026,07/05/2026,SHIPPED,9
WO0001382,West-3,Home Goods,07/02/2026,2026-07-03,07/03/2026,shipped,7
WO0001383,Northeast-1,Apparel,2026-07-02,2026-07-03,07/02/2026,SHIPPED,5
WO0001384,Northeast-1,Office Supplies,07/02/2026,07/04/2026,2026-07-03,shipped,1
WO0001385,South-4,Office Supplies,07/02/2026,07/03/2026,2026-07-02,shipped,2
WO0001386,South-4,Office Supplies,2026-07-02,07/05/2026,07/04/2026,SHIPPED,4
WO0001387,Northeast-1,Outdoor,07/02/2026,07/04/2026,,DELAYED,11
WO0001388,West-3,Home Goods,07/02/2026,2026-07-05,07/04/2026,Shipped,3
WO0001389,South-4,Outdoor,07/02/2026,07/04/2026,07/04/2026,shipped,1
WO0001390,West-3,Home Goods,2026-07-02,07/04/2026,07/04/2026,SHIPPED,11
WO0001391,West-3,Office Supplies,07/02/2026,07/03/2026,2026-07-02, Shipped,1
WO0001392,Northeast-1,Home Goods,07/02/2026,2026-07-03,2026-07-02,shipped,4
WO0001393,Northeast-1,Electronics,2026-07-02,2026-07-04,2026-07-03,shipped,5
WO0001394,West-3,Apparel,2026-07-02,2026-07-04,07/03/2026,shipped,2
WO0001394,West-3,Apparel,2026-07-02,2026-07-04,07/03/2026,shipped,2
WO0001395,Midwest-2,Apparel,07/02/2026,2026-07-04,07/04/2026, Shipped,1
WO0001396,Northeast-1,Outdoor,2026-07-02,2026-07-04,2026-07-04,shipped,11
WO0001397,Midwest-2,Office Supplies,07/02/2026,07/05/2026,07/05/2026,SHIPPED,9
WO0001398,Northeast-1,Electronics,07/02/2026,2026-07-03,07/02/2026,shipped,10
WO0001399,South-4,Office Supplies,2026-07-02,2026-07-04,07/03/2026,SHIPPED,7
WO0001400,West-3,Outdoor,07/02/2026,07/04/2026,07/03/2026,shipped,8
WO0001401,South-4,Office Supplies,07/02/2026,2026-07-04,2026-07-04, Shipped,3
WO0001402,South-4,Home Goods,07/02/2026,2026-07-04,2026-07-03,SHIPPED,3
WO0001403,Midwest-2,Electronics,2026-07-02,07/04/2026,2026-07-03,shipped,5
WO0001404,Northeast-1,Office Supplies,2026-07-02,07/04/2026,07/03/2026,Shipped,7
WO0001405,South-4,Electronics,2026-07-02,2026-07-04,2026-07-04,shipped,4
WO0001406,Northeast-1,Home Goods,2026-07-02,07/05/2026,07/04/2026,shipped,7
WO0001407,Northeast-1,Office Supplies,07/02/2026,2026-07-05,2026-07-04,SHIPPED,6
WO0001408,South-4,Apparel,2026-07-02,2026-07-05,2026-07-05,shipped,11
WO0001409,West-3,Home Goods,2026-07-02,07/03/2026,07/02/2026,shipped,5
WO0001410,Midwest-2,Apparel,2026-07-02,2026-07-04,07/03/2026,Shipped,6
WO0001411,West-3,Outdoor,2026-07-02,07/03/2026,2026-07-05,delayed,4
WO0001412,Northeast-1,Outdoor,07/02/2026,2026-07-04,07/03/2026, Shipped,6
WO0001413,South-4,Electronics,2026-07-02,07/03/2026,2026-07-02,SHIPPED,2
WO0001414,South-4,Apparel,2026-07-02,07/05/2026,07/05/2026,Shipped,9
WO0001415,Midwest-2,Apparel,07/02/2026,2026-07-03,2026-07-03,shipped,9
WO0001416,Northeast-1,Electronics,07/02/2026,2026-07-03,2026-07-02,shipped,4
WO0001417,West-3,Home Goods,07/02/2026,07/04/2026,2026-07-03,shipped,10
WO0001418,Northeast-1,Office Supplies,07/02/2026,2026-07-04,07/04/2026,SHIPPED,7
WO0001419,West-3,Apparel,2026-07-02,2026-07-04,07/03/2026,shipped,2
WO0001420,Midwest-2,Electronics,07/02/2026,07/03/2026,2026-07-03,SHIPPED,11
WO0001421,Northeast-1,Office Supplies,2026-07-02,07/04/2026,07/03/2026,Shipped,9
WO0001422,South-4,Outdoor,2026-07-02,2026-07-04,2026-07-04,Shipped,10
WO0001423,Northeast-1,Outdoor,07/02/2026,2026-07-03,07/03/2026, Shipped,9
WO0001424,Midwest-2,Electronics,07/02/2026,07/05/2026,2026-07-04,Shipped,3
WO0001425,West-3,Outdoor,2026-07-02,2026-07-05,07/04/2026, Shipped,9
WO0001426,West-3,Electronics,07/02/2026,2026-07-03,07/02/2026, Shipped,6
WO0001427,West-3,Electronics,07/02/2026,07/03/2026,2026-07-03, Shipped,9
WO0001428,Northeast-1,Electronics,2026-07-02,2026-07-03,2026-07-03, Shipped,10
WO0001429,Midwest-2,Outdoor,07/02/2026,2026-07-04,07/03/2026,Shipped,9
WO0001430,Northeast-1,Electronics,2026-07-02,07/05/2026,2026-07-05, Shipped,10
WO0001431,Midwest-2,Electronics,2026-07-02,07/05/2026,07/05/2026,Shipped,3
WO0001432,West-3,Electronics,2026-07-02,07/03/2026,07/03/2026,shipped,5
WO0001433,West-3,Office Supplies,2026-07-02,2026-07-03,2026-07-02, Shipped,2
WO0001434,West-3,Home Goods,07/02/2026,2026-07-03,2026-07-03,shipped,10
WO0001435,Northeast-1,Home Goods,2026-07-02,2026-07-04,07/03/2026, Shipped,11
WO0001435,Northeast-1,Home Goods,2026-07-02,2026-07-04,07/03/2026, Shipped,11
WO0001436,Northeast-1,Apparel,07/02/2026,07/04/2026,2026-07-04,shipped,11
WO0001437,South-4,Home Goods,07/02/2026,2026-07-04,2026-07-03,SHIPPED,9
WO0001438,South-4,Electronics,07/02/2026,2026-07-03,07/03/2026,Shipped,8
WO0001439,Midwest-2,Office Supplies,2026-07-02,2026-07-05,2026-07-08,DELAYED,9
WO0001440,Northeast-1,Office Supplies,07/02/2026,07/05/2026,2026-07-04,Shipped,5
WO0001441,South-4,Office Supplies,2026-07-02,07/05/2026,07/05/2026,Shipped,8
WO0001442,Midwest-2,Outdoor,07/02/2026,2026-07-04,07/03/2026,shipped,7
WO0001443,South-4,Electronics,2026-07-02,2026-07-03,07/02/2026,Shipped,8
WO0001444,Midwest-2,Outdoor,2026-07-02,2026-07-04,2026-07-03, Shipped,8
WO0001445,Midwest-2,Home Goods,07/02/2026,07/03/2026,07/03/2026,SHIPPED,7
WO0001446,South-4,Home Goods,07/02/2026,07/03/2026,2026-07-02,SHIPPED,9
WO0001447,West-3,Office Supplies,2026-07-02,07/05/2026,07/04/2026,SHIPPED,4
WO0001448,Northeast-1,Apparel,2026-07-02,2026-07-03,07/02/2026,shipped,3
WO0001449,,Apparel,2026-07-02,2026-07-03,07/02/2026,shipped,3
WO0001450,West-3,Office Supplies,07/02/2026,2026-07-05,07/04/2026,SHIPPED,5
WO0001451,South-4,Office Supplies,2026-07-02,07/04/2026,07/04/2026, Shipped,4
WO0001452,West-3,Apparel,07/02/2026,07/03/2026,07/03/2026,Shipped,9
WO0001453,South-4,Apparel,07/02/2026,07/05/2026,,Canceled,7
WO0001454,Midwest-2,Apparel,2026-07-02,07/05/2026,2026-07-05,SHIPPED,9
WO0001455,West-3,Office Supplies,07/02/2026,2026-07-04,07/03/2026,SHIPPED,6
WO0001456,West-3,Home Goods,2026-07-02,07/04/2026,2026-07-03,shipped,9
WO0001457,South-4,Outdoor,07/02/2026,2026-07-04,,cancelled,7
WO0001458,Northeast-1,Home Goods,07/02/2026,07/04/2026,2026-07-09,DELAYED,11
WO0001459,South-4,Home Goods,2026-07-02,2026-07-04,2026-07-04,Shipped,2
WO0001460,West-3,Outdoor,07/02/2026,2026-07-03,2026-07-03,SHIPPED,3
WO0001461,Northeast-1,Apparel,07/02/2026,07/05/2026,07/04/2026, Shipped,4
WO0001462,Midwest-2,Office Supplies,2026-07-02,2026-07-04,07/04/2026,Shipped,9
WO0001462,Midwest-2,Office Supplies,2026-07-02,2026-07-04,07/04/2026,Shipped,9
WO0001463,West-3,Home Goods,07/02/2026,2026-07-05,07/04/2026,shipped,6
WO0001464,Midwest-2,Apparel,07/02/2026,07/04/2026,2026-07-04,shipped,10
WO0001465,South-4,Electronics,07/02/2026,07/04/2026,2026-07-03,SHIPPED,8
WO0001466,Northeast-1,Office Supplies,2026-07-02,07/04/2026,2026-07-04,shipped,3
WO0001467,Northeast-1,Office Supplies,2026-07-02,2026-07-05,07/04/2026,shipped,5
WO0001468,West-3,Office Supplies,07/02/2026,2026-07-03,07/02/2026,SHIPPED,6
WO0001469,West-3,Electronics,2026-07-02,2026-07-05,07/04/2026,Shipped,1
WO0001470,Northeast-1,Electronics,2026-07-02,2026-07-05,07/04/2026,shipped,11
WO0001471,South-4,Office Supplies,07/02/2026,07/05/2026,2026-07-04, Shipped,11
WO0001472,Midwest-2,Apparel,2026-07-02,2026-07-04,2026-07-03,SHIPPED,6
WO0001473,Midwest-2,Outdoor,2026-07-02,2026-07-04,07/03/2026,SHIPPED,7
WO0001474,West-3,Apparel,2026-07-02,07/03/2026,2026-07-05,Delayed,7
WO0001475,Midwest-2,Apparel,2026-07-02,2026-07-05,2026-07-05, Shipped,2
WO0001476,Northeast-1,Home Goods,07/02/2026,2026-07-05,07/05/2026,shipped,1
WO0001477,West-3,Electronics,07/02/2026,07/05/2026,07/05/2026, Shipped,9
WO0001478,West-3,Apparel,2026-07-02,07/03/2026,2026-07-02, Shipped,7
WO0001479,Midwest-2,Home Goods,2026-07-02,2026-07-03,07/02/2026,SHIPPED,5
WO0001480,West-3,Outdoor,07/02/2026,2026-07-03,2026-07-02, Shipped,1
WO0001481,Midwest-2,Electronics,07/02/2026,07/04/2026,2026-07-04,SHIPPED,8
WO0001482,West-3,Electronics,2026-07-02,2026-07-05,2026-07-04,SHIPPED,10
WO0001483,West-3,Apparel,07/02/2026,07/03/2026,07/02/2026,Shipped,9
WO0001484,Midwest-2,Outdoor,2026-07-02,2026-07-03,2026-07-06,DELAYED,11
WO0001485,Midwest-2,Apparel,2026-07-02,2026-07-03,2026-07-03, Shipped,11
WO0001486,South-4,Outdoor,07/02/2026,07/05/2026,2026-07-04,SHIPPED,8
WO0001487,West-3,Outdoor,2026-07-02,2026-07-05,07/05/2026,shipped,1
WO0001488,West-3,Home Goods,07/02/2026,07/03/2026,07/03/2026,Shipped,4
WO0001489,South-4,Apparel,07/02/2026,07/03/2026,2026-07-03,shipped,5
WO0001490,South-4,Office Supplies,07/02/2026,07/03/2026,07/03/2026,SHIPPED,9
WO0001491,West-3,Outdoor,2026-07-02,2026-07-05,2026-07-05,Shipped,9
WO0001492,Northeast-1,Electronics,07/02/2026,2026-07-05,07/04/2026,shipped,3
WO0001493,Northeast-1,Outdoor,07/02/2026,2026-07-04,2026-07-04,Shipped,11
WO0001494,Northeast-1,Office Supplies,07/02/2026,2026-07-03,2026-07-03, Shipped,11
WO0001495,South-4,Electronics,07/02/2026,2026-07-05,2026-07-05, Shipped,1
WO0001496,Midwest-2,Home Goods,07/02/2026,2026-07-04,07/04/2026,SHIPPED,1
WO0001497,South-4,Apparel,07/02/2026,2026-07-05,,delayed,11
WO0001498,Midwest-2,Electronics,07/02/2026,2026-07-03,07/03/2026,SHIPPED,9
WO0001499,West-3,Home Goods,07/02/2026,2026-07-05,07/04/2026, Shipped,9
WO0001500,Northeast-1,Electronics,07/02/2026,07/03/2026,2026-07-03,shipped,3
WO0001501,South-4,Office Supplies,07/02/2026,2026-07-04,2026-07-04,shipped,5
WO0001502,Northeast-1,Apparel,2026-07-02,2026-07-03,07/03/2026,Shipped,1
WO0001503,Northeast-1,Electronics,07/02/2026,2026-07-05,07/05/2026,Shipped,11
WO0001504,Midwest-2,Outdoor,07/02/2026,2026-07-04,07/04/2026,shipped,7
WO0001505,West-3,Apparel,07/02/2026,2026-07-04,07/04/2026, Shipped,11
WO0001506,Midwest-2,Electronics,2026-07-02,07/03/2026,2026-07-02, Shipped,1
WO0001507,Midwest-2,Outdoor,2026-07-02,2026-07-04,07/03/2026,SHIPPED,3
WO0001508,South-4,Home Goods,2026-07-02,2026-07-05,2026-07-05, Shipped,9
WO0001509,West-3,Outdoor,2026-07-02,2026-07-04,2026-07-04, Shipped,7
WO0001510,South-4,Office Supplies,07/02/2026,2026-07-05,07/05/2026, Shipped,3
WO0001511,West-3,Apparel,2026-07-02,2026-07-04,2026-07-04,SHIPPED,8
WO0001512,Midwest-2,Apparel,07/02/2026,2026-07-05,07/04/2026,shipped,10
WO0001513,South-4,Home Goods,2026-07-02,07/05/2026,2026-07-04,SHIPPED,3
WO0001514,Midwest-2,Electronics,07/02/2026,2026-07-05,2026-07-05,Shipped,9
WO0001515,Midwest-2,Outdoor,07/02/2026,2026-07-04,07/03/2026,Shipped,5
WO0001516,Midwest-2,Home Goods,07/02/2026,2026-07-05,2026-07-04, Shipped,7
WO0001517,West-3,Electronics,2026-07-02,2026-07-03,2026-07-02,SHIPPED,8
WO0001518,West-3,Electronics,2026-07-03,2026-07-05,2026-07-04, Shipped,11
WO0001519,Midwest-2,Outdoor,2026-07-03,2026-07-05,07/05/2026, Shipped,11
WO0001520,Northeast-1,Electronics,2026-07-03,07/06/2026,07/05/2026,Shipped,11
WO0001521,West-3,Electronics,07/03/2026,07/04/2026,07/03/2026,shipped,8
WO0001522,Northeast-1,Office Supplies,07/03/2026,2026-07-06,07/06/2026, Shipped,7
WO0001523,West-3,Apparel,07/03/2026,2026-07-04,2026-07-03,shipped,5
WO0001523,West-3,Apparel,07/03/2026,2026-07-04,2026-07-03,shipped,5
WO0001524,West-3,Electronics,07/03/2026,07/05/2026,2026-07-05,shipped,1
WO0001525,Midwest-2,Apparel,07/03/2026,07/06/2026,2026-07-05,Shipped,5
WO0001526,South-4,Apparel,2026-07-03,2026-07-04,2026-07-03,Shipped,2
WO0001527,West-3,Home Goods,07/03/2026,07/05/2026,07/05/2026,Shipped,10
WO0001528,Northeast-1,Outdoor,07/03/2026,2026-07-04,07/04/2026,shipped,5
WO0001529,South-4,Apparel,07/03/2026,2026-07-05,07/05/2026,Shipped,4
WO0001530,West-3,Electronics,07/03/2026,2026-07-05,,DELAYED,11
WO0001531,South-4,Office Supplies,2026-07-03,07/04/2026,2026-07-04,SHIPPED,1
WO0001532,Northeast-1,Home Goods,2026-07-03,2026-07-05,07/05/2026,Shipped,4
WO0001533,South-4,Electronics,07/03/2026,07/04/2026,2026-07-03,shipped,8
WO0001534,Midwest-2,Electronics,2026-07-03,07/05/2026,2026-07-08,Delayed,9
WO0001535,West-3,Office Supplies,2026-07-03,2026-07-06,2026-07-05,SHIPPED,3
WO0001536,South-4,Apparel,07/03/2026,07/04/2026,2026-07-04,SHIPPED,7
WO0001537,Northeast-1,Outdoor,07/03/2026,2026-07-04,07/04/2026, Shipped,3
WO0001538,West-3,Office Supplies,07/03/2026,2026-07-05,07/05/2026, Shipped,5
WO0001539,South-4,Electronics,07/03/2026,2026-07-05,07/04/2026, Shipped,6
WO0001540,West-3,Outdoor,07/03/2026,2026-07-06,,Delayed,11
WO0001541,Northeast-1,Apparel,07/03/2026,07/06/2026,07/06/2026,Shipped,5
WO0001542,Midwest-2,Outdoor,07/03/2026,2026-07-04,2026-07-03,SHIPPED,10
WO0001543,Northeast-1,Electronics,2026-07-03,2026-07-06,07/06/2026,Shipped,2
WO0001544,Northeast-1,Outdoor,07/03/2026,2026-07-06,,cancelled,10
WO0001545,South-4,Apparel,2026-07-03,2026-07-06,2026-07-06, Shipped,4
WO0001546,South-4,Apparel,07/03/2026,07/04/2026,2026-07-03,shipped,9
WO0001547,Midwest-2,Outdoor,07/03/2026,07/05/2026,2026-07-04,Shipped,3
WO0001548,Midwest-2,Home Goods,07/03/2026,2026-07-06,2026-07-06,SHIPPED,11
WO0001549,Midwest-2,Office Supplies,07/03/2026,2026-07-05,2026-07-04,shipped,2
WO0001550,Midwest-2,Electronics,2026-07-03,2026-07-05,07/04/2026, Shipped,5
WO0001551,Midwest-2,Home Goods,07/03/2026,07/06/2026,07/05/2026,SHIPPED,5
WO0001552,West-3,Office Supplies,2026-07-03,07/06/2026,2026-07-06,shipped,3
WO0001553,Midwest-2,Home Goods,2026-07-03,2026-07-06,07/06/2026, Shipped,3
WO0001554,West-3,Outdoor,07/03/2026,2026-07-05,,cancelled,3
WO0001555,Midwest-2,Outdoor,07/03/2026,07/04/2026,07/04/2026,shipped,11
WO0001556,Midwest-2,Apparel,2026-07-03,07/04/2026,,Canceled,7
WO0001557,Midwest-2,Outdoor,07/03/2026,2026-07-05,2026-07-05,shipped,10
WO0001558,Northeast-1,Office Supplies,2026-07-03,07/04/2026,2026-07-04,SHIPPED,9
WO0001559,Midwest-2,Office Supplies,07/03/2026,07/04/2026,2026-07-03,shipped,8
WO0001560,West-3,Outdoor,07/03/2026,2026-07-05,07/04/2026,SHIPPED,10
WO0001561,South-4,Apparel,07/03/2026,2026-07-06,,Delayed,3
WO0001562,Northeast-1,Electronics,2026-07-03,07/04/2026,2026-07-04,shipped,7
WO0001563,South-4,Outdoor,2026-07-03,07/05/2026,,Canceled,1
WO0001564,,Outdoor,2026-07-03,07/05/2026,,Canceled,1
WO0001565,Midwest-2,Electronics,07/03/2026,07/04/2026,2026-07-04,SHIPPED,11
WO0001566,Northeast-1,Outdoor,2026-07-03,07/06/2026,2026-07-05,shipped,8
WO0001567,Northeast-1,Home Goods,2026-07-03,07/04/2026,2026-07-08,delayed,6
WO0001568,South-4,Apparel,07/03/2026,07/05/2026,2026-07-04, Shipped,5
WO0001569,South-4,Apparel,2026-07-03,07/05/2026,07/05/2026, Shipped,9
WO0001570,West-3,Office Supplies,2026-07-03,07/05/2026,2026-07-04,Shipped,11
WO0001571,Midwest-2,Office Supplies,07/03/2026,2026-07-05,2026-07-05, Shipped,2
WO0001572,West-3,Apparel,07/03/2026,2026-07-05,,Delayed,5
WO0001573,South-4,Home Goods,07/03/2026,2026-07-04,07/03/2026,shipped,1
WO0001574,Northeast-1,Electronics,07/03/2026,2026-07-06,2026-07-05,SHIPPED,3
WO0001575,Midwest-2,Electronics,07/03/2026,07/06/2026,07/06/2026, Shipped,10
WO0001576,South-4,Home Goods,2026-07-03,2026-07-05,2026-07-05, Shipped,3
WO0001577,West-3,Office Supplies,07/03/2026,07/05/2026,2026-07-04,Shipped,6
WO0001578,South-4,Outdoor,2026-07-03,2026-07-06,07/06/2026,shipped,8
WO0001579,Midwest-2,Electronics,07/03/2026,07/04/2026,07/04/2026, Shipped,6
WO0001580,Midwest-2,Apparel,07/03/2026,2026-07-05,2026-07-05,shipped,3
WO0001581,West-3,Office Supplies,07/03/2026,07/04/2026,07/04/2026,Shipped,9
WO0001582,Northeast-1,Outdoor,07/03/2026,2026-07-05,2026-07-07,delayed,9
WO0001583,Midwest-2,Home Goods,07/03/2026,2026-07-04,2026-07-04, Shipped,10
WO0001584,West-3,Home Goods,2026-07-03,2026-07-06,07/05/2026,shipped,3
WO0001585,Northeast-1,Apparel,07/03/2026,2026-07-05,2026-07-04,Shipped,8
WO0001586,Midwest-2,Office Supplies,2026-07-03,2026-07-04,07/03/2026,shipped,11
WO0001587,West-3,Home Goods,07/03/2026,2026-07-04,2026-07-03,Shipped,5
WO0001588,South-4,Outdoor,2026-07-03,07/05/2026,07/09/2026,DELAYED,10
WO0001589,Northeast-1,Apparel,2026-07-03,2026-07-05,07/07/2026,DELAYED,2
WO0001590,South-4,Outdoor,07/03/2026,2026-07-06,07/05/2026,SHIPPED,4
WO0001591,West-3,Apparel,2026-07-03,2026-07-05,07/05/2026,SHIPPED,4
WO0001592,West-3,Office Supplies,07/03/2026,2026-07-06,2026-07-05, Shipped,7
WO0001593,West-3,Outdoor,2026-07-03,07/04/2026,2026-07-04,SHIPPED,11
WO0001594,South-4,Office Supplies,2026-07-03,2026-07-05,2026-07-05,Shipped,8
WO0001595,Northeast-1,Electronics,2026-07-03,2026-07-05,07/05/2026, Shipped,5
WO0001596,Northeast-1,Outdoor,07/03/2026,07/05/2026,2026-07-05,Shipped,8
WO0001597,Midwest-2,Electronics,2026-07-03,07/04/2026,2026-07-09,DELAYED,4
WO0001598,Northeast-1,Outdoor,2026-07-03,2026-07-04,07/03/2026, Shipped,1
WO0001599,Northeast-1,Outdoor,07/03/2026,07/06/2026,07/05/2026,Shipped,6
WO0001600,Northeast-1,Apparel,2026-07-03,07/05/2026,07/04/2026, Shipped,11
WO0001601,Northeast-1,Home Goods,2026-07-03,2026-07-05,2026-07-05, Shipped,6
WO0001602,West-3,Office Supplies,2026-07-03,07/05/2026,2026-07-05, Shipped,8
WO0001603,Midwest-2,Office Supplies,07/03/2026,07/06/2026,2026-07-05,Shipped,6
WO0001604,West-3,Apparel,07/03/2026,07/05/2026,2026-07-05, Shipped,8
WO0001605,Midwest-2,Outdoor,2026-07-03,2026-07-05,2026-07-05,SHIPPED,2
WO0001606,Northeast-1,Electronics,07/03/2026,07/06/2026,2026-07-05, Shipped,1
WO0001607,South-4,Home Goods,07/03/2026,07/05/2026,07/05/2026,SHIPPED,4
WO0001608,Midwest-2,Electronics,07/03/2026,2026-07-04,07/03/2026, Shipped,1
WO0001609,West-3,Office Supplies,2026-07-03,2026-07-06,07/06/2026,shipped,6
WO0001610,South-4,Apparel,2026-07-03,2026-07-04,2026-07-04, Shipped,3
WO0001611,Midwest-2,Home Goods,2026-07-03,2026-07-04,07/04/2026,Shipped,10
WO0001612,South-4,Home Goods,07/03/2026,2026-07-04,07/03/2026, Shipped,2
WO0001613,South-4,Outdoor,2026-07-03,2026-07-05,2026-07-05,Shipped,7
WO0001614,Midwest-2,Electronics,2026-07-03,2026-07-06,,delayed,10
WO0001615,South-4,Apparel,2026-07-03,2026-07-04,07/03/2026,shipped,1
WO0001616,South-4,Office Supplies,2026-07-03,2026-07-04,2026-07-04,SHIPPED,4
WO0001617,Midwest-2,Outdoor,07/03/2026,2026-07-04,07/04/2026, Shipped,9
WO0001618,Northeast-1,Outdoor,07/03/2026,2026-07-04,2026-07-04,SHIPPED,2
WO0001619,South-4,Apparel,2026-07-03,07/04/2026,2026-07-04,Shipped,2
WO0001620,Northeast-1,Outdoor,2026-07-03,2026-07-04,07/03/2026,shipped,3
WO0001621,Northeast-1,Apparel,07/03/2026,2026-07-04,2026-07-04,shipped,4
WO0001622,West-3,Home Goods,07/03/2026,07/05/2026,2026-07-05, Shipped,7
WO0001623,Midwest-2,Home Goods,2026-07-03,2026-07-04,2026-07-03,SHIPPED,5
WO0001624,Midwest-2,Apparel,2026-07-03,07/05/2026,2026-07-05,shipped,11
WO0001625,South-4,Apparel,2026-07-03,2026-07-04,07/09/2026,DELAYED,1
WO0001626,West-3,Office Supplies,07/03/2026,07/06/2026,07/05/2026,SHIPPED,8
WO0001627,Northeast-1,Electronics,2026-07-03,2026-07-06,07/06/2026,shipped,10
WO0001628,West-3,Apparel,07/03/2026,2026-07-04,2026-07-03, Shipped,10
WO0001629,Midwest-2,Electronics,07/03/2026,07/05/2026,07/04/2026,shipped,1
WO0001630,Midwest-2,Outdoor,07/03/2026,07/06/2026,2026-07-06, Shipped,4
WO0001631,West-3,Home Goods,07/03/2026,07/06/2026,07/05/2026, Shipped,11
WO0001632,Midwest-2,Apparel,07/03/2026,2026-07-06,07/08/2026,DELAYED,2
WO0001633,Midwest-2,Outdoor,07/03/2026,2026-07-06,2026-07-08,Delayed,6
WO0001634,South-4,Home Goods,2026-07-03,07/04/2026,2026-07-04,Shipped,6
WO0001635,South-4,Outdoor,07/03/2026,07/04/2026,07/03/2026, Shipped,10
WO0001636,South-4,Home Goods,07/03/2026,2026-07-04,07/03/2026,Shipped,8
WO0001637,South-4,Outdoor,07/03/2026,07/05/2026,07/04/2026,Shipped,2
WO0001638,West-3,Electronics,2026-07-03,2026-07-05,07/05/2026, Shipped,11
WO0001639,West-3,Outdoor,07/03/2026,2026-07-04,07/09/2026,delayed,1
WO0001640,South-4,Outdoor,07/03/2026,07/06/2026,2026-07-05,shipped,2
WO0001641,Midwest-2,Apparel,07/03/2026,07/05/2026,07/04/2026,shipped,10
WO0001642,West-3,Apparel,07/03/2026,07/06/2026,2026-07-05,SHIPPED,2
WO0001643,Northeast-1,Outdoor,2026-07-04,2026-07-06,07/05/2026,SHIPPED,5
WO0001644,Northeast-1,Outdoor,07/04/2026,2026-07-06,07/05/2026,Shipped,9
WO0001645,Midwest-2,Outdoor,07/04/2026,2026-07-06,2026-07-08,DELAYED,5
WO0001646,,Outdoor,07/04/2026,2026-07-06,2026-07-08,DELAYED,5
WO0001647,South-4,Outdoor,2026-07-04,07/06/2026,07/06/2026,Shipped,4
WO0001648,Northeast-1,Outdoor,2026-07-04,2026-07-07,07/07/2026,Shipped,9
WO0001649,Midwest-2,Home Goods,2026-07-04,2026-07-07,2026-07-07,SHIPPED,5
WO0001650,West-3,Home Goods,07/04/2026,2026-07-05,2026-07-04, Shipped,9
WO0001651,Northeast-1,Home Goods,2026-07-04,2026-07-05,2026-07-04,shipped,8
WO0001652,Midwest-2,Electronics,07/04/2026,2026-07-06,,Delayed,4
WO0001653,Midwest-2,Apparel,2026-07-04,07/06/2026,2026-07-06,Shipped,4
WO0001654,West-3,Office Supplies,07/04/2026,2026-07-07,2026-07-07,shipped,3
WO0001655,South-4,Electronics,2026-07-04,2026-07-05,07/04/2026,shipped,3
WO0001656,Midwest-2,Apparel,07/04/2026,07/06/2026,07/06/2026,SHIPPED,9
WO0001656,Midwest-2,Apparel,07/04/2026,07/06/2026,07/06/2026,SHIPPED,9
WO0001657,South-4,Outdoor,07/04/2026,07/07/2026,2026-07-11,Delayed,8
WO0001658,Northeast-1,Electronics,07/04/2026,07/06/2026,07/05/2026,Shipped,10
WO0001659,South-4,Home Goods,2026-07-04,2026-07-06,07/05/2026,shipped,3
WO0001660,Northeast-1,Office Supplies,07/04/2026,07/07/2026,2026-07-06,Shipped,3
WO0001660,Northeast-1,Office Supplies,07/04/2026,07/07/2026,2026-07-06,Shipped,3
WO0001661,West-3,Home Goods,07/04/2026,07/06/2026,07/06/2026, Shipped,6
WO0001662,West-3,Outdoor,07/04/2026,2026-07-05,07/04/2026, Shipped,10
WO0001663,South-4,Outdoor,2026-07-04,2026-07-05,2026-07-04,Shipped,3
WO0001664,West-3,Electronics,2026-07-04,2026-07-07,2026-07-06,shipped,3
WO0001665,West-3,Outdoor,2026-07-04,07/05/2026,07/04/2026,SHIPPED,3
WO0001666,South-4,Home Goods,07/04/2026,2026-07-05,07/05/2026, Shipped,6
WO0001667,Midwest-2,Electronics,2026-07-04,2026-07-06,07/05/2026,shipped,11
WO0001668,Midwest-2,Apparel,2026-07-04,2026-07-07,2026-07-06,SHIPPED,7
WO0001669,Midwest-2,Apparel,07/04/2026,2026-07-05,07/05/2026,SHIPPED,5
WO0001670,South-4,Office Supplies,2026-07-04,2026-07-07,07/06/2026,SHIPPED,8
WO0001671,Northeast-1,Electronics,2026-07-04,2026-07-05,2026-07-05,SHIPPED,6
WO0001672,West-3,Home Goods,07/04/2026,2026-07-07,2026-07-07,SHIPPED,5
WO0001673,Northeast-1,Office Supplies,2026-07-04,07/07/2026,2026-07-06,shipped,10
WO0001674,South-4,Outdoor,2026-07-04,2026-07-06,2026-07-06,SHIPPED,3
WO0001675,Midwest-2,Office Supplies,07/04/2026,2026-07-05,07/05/2026, Shipped,6
WO0001676,,Office Supplies,07/04/2026,2026-07-05,07/05/2026, Shipped,6
WO0001677,West-3,Apparel,2026-07-04,07/07/2026,07/06/2026,shipped,11
WO0001678,West-3,Outdoor,2026-07-04,2026-07-07,2026-07-06,Shipped,1
WO0001679,Northeast-1,Outdoor,07/04/2026,07/05/2026,2026-07-05,SHIPPED,7
WO0001680,West-3,Apparel,07/04/2026,2026-07-06,07/05/2026,shipped,1
WO0001681,West-3,Outdoor,2026-07-04,2026-07-06,2026-07-05, Shipped,2
WO0001682,South-4,Outdoor,2026-07-04,07/05/2026,07/04/2026,SHIPPED,11
WO0001683,Midwest-2,Outdoor,2026-07-04,2026-07-06,2026-07-05,shipped,9
WO0001684,Northeast-1,Home Goods,2026-07-04,07/06/2026,2026-07-05, Shipped,3
WO0001685,West-3,Office Supplies,2026-07-04,07/07/2026,07/06/2026, Shipped,10
WO0001686,Northeast-1,Outdoor,07/04/2026,07/06/2026,07/06/2026,shipped,7
WO0001687,Midwest-2,Outdoor,07/04/2026,2026-07-06,2026-07-06, Shipped,11
WO0001688,Midwest-2,Outdoor,07/04/2026,2026-07-06,2026-07-06,Shipped,6
WO0001689,Midwest-2,Apparel,07/04/2026,2026-07-06,2026-07-05,shipped,7
WO0001690,Midwest-2,Outdoor,2026-07-04,07/05/2026,07/04/2026, Shipped,5
WO0001691,Northeast-1,Office Supplies,2026-07-04,07/05/2026,07/05/2026,Shipped,9
WO0001692,Northeast-1,Outdoor,07/04/2026,2026-07-06,2026-07-05,SHIPPED,10
WO0001693,Midwest-2,Office Supplies,07/04/2026,2026-07-07,07/07/2026,Shipped,11
WO0001694,South-4,Electronics,07/04/2026,2026-07-06,2026-07-05,Shipped,2
WO0001695,West-3,Office Supplies,07/04/2026,07/06/2026,07/05/2026,SHIPPED,3
WO0001696,Northeast-1,Apparel,07/04/2026,07/07/2026,07/06/2026,Shipped,4
WO0001697,West-3,Office Supplies,07/04/2026,07/07/2026,07/06/2026,SHIPPED,7
WO0001698,South-4,Office Supplies,2026-07-04,07/05/2026,07/05/2026,Shipped,7
WO0001698,South-4,Office Supplies,2026-07-04,07/05/2026,07/05/2026,Shipped,7
WO0001699,Northeast-1,Apparel,2026-07-04,07/07/2026,07/07/2026,shipped,2
WO0001700,West-3,Electronics,07/04/2026,2026-07-05,2026-07-04,Shipped,5
WO0001701,South-4,Outdoor,2026-07-04,07/07/2026,07/07/2026,shipped,10
WO0001702,West-3,Office Supplies,2026-07-04,07/07/2026,,Delayed,10
WO0001703,South-4,Home Goods,07/04/2026,2026-07-06,2026-07-05,Shipped,1
WO0001704,South-4,Electronics,07/04/2026,07/07/2026,07/07/2026,SHIPPED,6
WO0001705,Northeast-1,Apparel,07/04/2026,2026-07-07,07/07/2026,SHIPPED,8
WO0001706,Midwest-2,Outdoor,2026-07-04,07/06/2026,2026-07-05,shipped,2
WO0001707,Midwest-2,Electronics,2026-07-04,07/05/2026,2026-07-05,SHIPPED,6
WO0001708,Midwest-2,Apparel,07/04/2026,07/05/2026,07/04/2026,Shipped,1
WO0001709,South-4,Apparel,07/04/2026,2026-07-06,07/05/2026, Shipped,2
WO0001710,West-3,Apparel,2026-07-04,07/07/2026,07/11/2026,DELAYED,6
WO0001711,Northeast-1,Electronics,07/04/2026,07/05/2026,2026-07-05,SHIPPED,1
WO0001711,Northeast-1,Electronics,07/04/2026,07/05/2026,2026-07-05,SHIPPED,1
WO0001712,Northeast-1,Outdoor,07/04/2026,2026-07-06,2026-07-06, Shipped,3
WO0001713,Northeast-1,Outdoor,07/04/2026,07/05/2026,2026-07-05,Shipped,6
WO0001713,Northeast-1,Outdoor,07/04/2026,07/05/2026,2026-07-05,Shipped,6
WO0001714,Northeast-1,Apparel,07/04/2026,2026-07-07,07/07/2026,Shipped,3
WO0001715,Midwest-2,Office Supplies,07/04/2026,2026-07-05,07/05/2026, Shipped,4
WO0001716,Midwest-2,Home Goods,2026-07-04,2026-07-05,2026-07-04, Shipped,5
WO0001717,Northeast-1,Home Goods,2026-07-04,07/07/2026,07/06/2026,SHIPPED,11
WO0001718,Northeast-1,Home Goods,07/04/2026,07/06/2026,2026-07-05,shipped,2
WO0001719,West-3,Apparel,2026-07-04,2026-07-06,07/05/2026, Shipped,9
WO0001720,West-3,Apparel,2026-07-04,2026-07-07,2026-07-06,shipped,2
WO0001721,Midwest-2,Office Supplies,2026-07-04,07/06/2026,2026-07-05,Shipped,2
WO0001722,Northeast-1,Electronics,07/04/2026,2026-07-06,07/09/2026,Delayed,8
WO0001723,West-3,Apparel,2026-07-04,2026-07-06,2026-07-05,shipped,3
WO0001724,West-3,Home Goods,2026-07-04,07/06/2026,07/06/2026,Shipped,5
WO0001725,West-3,Outdoor,2026-07-04,2026-07-07,2026-07-06, Shipped,9
WO0001726,West-3,Office Supplies,07/04/2026,2026-07-07,07/06/2026,shipped,6
WO0001727,Midwest-2,Electronics,2026-07-04,07/06/2026,07/06/2026, Shipped,6
WO0001728,South-4,Home Goods,2026-07-04,2026-07-06,07/06/2026,shipped,8
WO0001729,South-4,Outdoor,07/04/2026,07/05/2026,07/04/2026,SHIPPED,4
WO0001730,West-3,Home Goods,07/04/2026,2026-07-06,07/05/2026,shipped,3
WO0001731,West-3,Home Goods,2026-07-04,07/05/2026,2026-07-05,Shipped,3
WO0001732,West-3,Electronics,07/04/2026,2026-07-07,07/07/2026, Shipped,5
WO0001733,Midwest-2,Outdoor,2026-07-04,2026-07-05,2026-07-04,shipped,3
WO0001734,Northeast-1,Electronics,2026-07-04,07/06/2026,07/05/2026,SHIPPED,6
WO0001735,South-4,Apparel,07/04/2026,2026-07-06,07/05/2026,SHIPPED,1
WO0001736,West-3,Electronics,2026-07-04,07/07/2026,07/07/2026,shipped,8
WO0001737,Northeast-1,Outdoor,07/04/2026,07/05/2026,07/04/2026, Shipped,2
WO0001738,Midwest-2,Apparel,07/04/2026,2026-07-07,2026-07-06,shipped,2
WO0001739,Midwest-2,Electronics,07/04/2026,2026-07-05,07/04/2026,shipped,10
WO0001740,South-4,Office Supplies,2026-07-04,2026-07-07,07/07/2026,shipped,7
WO0001741,Midwest-2,Electronics,07/04/2026,2026-07-06,07/05/2026, Shipped,2
WO0001742,Northeast-1,Electronics,2026-07-04,2026-07-05,07/05/2026,Shipped,10
WO0001743,Northeast-1,Outdoor,2026-07-04,2026-07-07,07/07/2026, Shipped,5
WO0001744,South-4,Outdoor,07/04/2026,07/05/2026,07/04/2026,shipped,11
WO0001745,West-3,Electronics,2026-07-04,2026-07-05,07/04/2026,shipped,6
WO0001746,Northeast-1,Electronics,07/04/2026,2026-07-06,07/06/2026,shipped,5
WO0001747,Midwest-2,Home Goods,07/04/2026,07/05/2026,07/05/2026, Shipped,3
WO0001748,Northeast-1,Outdoor,07/04/2026,2026-07-05,2026-07-05, Shipped,2
WO0001749,South-4,Outdoor,2026-07-04,2026-07-07,2026-07-06,Shipped,6
WO0001750,West-3,Office Supplies,2026-07-04,07/07/2026,07/07/2026,Shipped,3
WO0001751,South-4,Office Supplies,2026-07-04,2026-07-07,2026-07-06,SHIPPED,4
WO0001752,West-3,Apparel,2026-07-04,2026-07-05,2026-07-04,Shipped,11
WO0001753,West-3,Electronics,07/04/2026,07/07/2026,07/07/2026,SHIPPED,8
WO0001754,Northeast-1,Outdoor,2026-07-04,07/05/2026,07/05/2026,shipped,4
WO0001755,Northeast-1,Electronics,07/04/2026,2026-07-06,07/05/2026,shipped,10
WO0001756,South-4,Apparel,2026-07-04,2026-07-05,2026-07-04, Shipped,8
WO0001757,Northeast-1,Apparel,2026-07-04,2026-07-07,2026-07-07,shipped,4
WO0001758,Northeast-1,Apparel,07/04/2026,2026-07-07,2026-07-07,SHIPPED,7
WO0001759,Northeast-1,Home Goods,07/04/2026,07/05/2026,07/04/2026,SHIPPED,2
WO0001760,South-4,Electronics,2026-07-04,07/07/2026,07/06/2026, Shipped,1
WO0001761,South-4,Home Goods,07/04/2026,07/06/2026,2026-07-05,shipped,2
WO0001762,West-3,Office Supplies,2026-07-04,2026-07-07,07/06/2026,shipped,8
WO0001763,Northeast-1,Outdoor,07/04/2026,2026-07-05,2026-07-04,shipped,2
WO0001764,Northeast-1,Home Goods,07/04/2026,2026-07-06,2026-07-06,shipped,3
WO0001765,West-3,Office Supplies,07/04/2026,2026-07-05,2026-07-05,shipped,6
WO0001766,West-3,Apparel,2026-07-04,2026-07-06,2026-07-05, Shipped,1
WO0001767,West-3,Apparel,2026-07-04,2026-07-07,07/07/2026,SHIPPED,7
WO0001767,West-3,Apparel,2026-07-04,2026-07-07,07/07/2026,SHIPPED,7
WO0001768,Northeast-1,Home Goods,07/04/2026,2026-07-06,2026-07-06,shipped,11
WO0001769,Northeast-1,Apparel,07/04/2026,07/06/2026,07/05/2026,shipped,5
WO0001770,Midwest-2,Home Goods,07/04/2026,2026-07-06,2026-07-06,SHIPPED,4
WO0001771,Northeast-1,Home Goods,07/04/2026,07/05/2026,2026-07-05,SHIPPED,4
WO0001772,Northeast-1,Apparel,07/04/2026,07/06/2026,07/06/2026,shipped,8
WO0001773,Midwest-2,Outdoor,07/04/2026,07/07/2026,2026-07-07,SHIPPED,3
WO0001774,South-4,Electronics,07/04/2026,07/07/2026,2026-07-12,Delayed,6
WO0001775,Midwest-2,Outdoor,07/04/2026,2026-07-05,2026-07-07,DELAYED,11
WO0001776,,Outdoor,07/04/2026,2026-07-05,2026-07-07,DELAYED,11
WO0001777,Midwest-2,Home Goods,07/04/2026,07/07/2026,2026-07-07,shipped,7
WO0001778,Northeast-1,Apparel,07/04/2026,2026-07-05,,Delayed,4
WO0001779,Midwest-2,Apparel,2026-07-04,2026-07-06,2026-07-06, Shipped,7
WO0001780,Midwest-2,Home Goods,2026-07-04,2026-07-06,07/05/2026, Shipped,10
WO0001781,West-3,Office Supplies,07/04/2026,2026-07-05,2026-07-05,shipped,6
WO0001782,Midwest-2,Office Supplies,07/04/2026,07/07/2026,2026-07-07, Shipped,8
WO0001783,South-4,Outdoor,2026-07-05,2026-07-07,07/07/2026,shipped,4
WO0001784,Midwest-2,Office Supplies,2026-07-05,07/06/2026,07/05/2026, Shipped,3
WO0001785,West-3,Outdoor,07/05/2026,2026-07-06,07/05/2026,SHIPPED,10
WO0001786,Northeast-1,Office Supplies,07/05/2026,07/06/2026,07/05/2026,shipped,8
WO0001787,Northeast-1,Electronics,2026-07-05,07/06/2026,07/06/2026,SHIPPED,3
WO0001788,Northeast-1,Apparel,07/05/2026,07/06/2026,07/05/2026,shipped,9
WO0001789,South-4,Electronics,07/05/2026,2026-07-07,2026-07-07,SHIPPED,4
WO0001790,Midwest-2,Office Supplies,2026-07-05,07/07/2026,07/07/2026,Shipped,10
WO0001791,West-3,Apparel,2026-07-05,2026-07-08,07/12/2026,Delayed,3
WO0001792,Midwest-2,Apparel,2026-07-05,2026-07-07,07/07/2026, Shipped,9
WO0001793,West-3,Home Goods,2026-07-05,2026-07-08,2026-07-07, Shipped,6
WO0001794,West-3,Outdoor,2026-07-05,07/06/2026,07/05/2026, Shipped,4
WO0001795,Midwest-2,Outdoor,07/05/2026,2026-07-07,07/07/2026,shipped,3
WO0001796,Midwest-2,Office Supplies,2026-07-05,2026-07-07,07/07/2026,SHIPPED,1
WO0001797,Northeast-1,Outdoor,07/05/2026,2026-07-06,07/05/2026, Shipped,3
WO0001798,Northeast-1,Office Supplies,07/05/2026,07/08/2026,07/07/2026,SHIPPED,7
WO0001799,Northeast-1,Home Goods,07/05/2026,07/08/2026,2026-07-08,Shipped,11
WO0001800,Northeast-1,Outdoor,07/05/2026,07/06/2026,2026-07-05, Shipped,4
WO0001801,South-4,Apparel,07/05/2026,2026-07-07,2026-07-07,SHIPPED,2
WO0001802,Midwest-2,Apparel,2026-07-05,2026-07-06,07/05/2026, Shipped,4
WO0001803,South-4,Office Supplies,2026-07-05,2026-07-07,07/06/2026,shipped,11
WO0001804,Midwest-2,Electronics,07/05/2026,2026-07-07,,Cancelled,3
WO0001805,Northeast-1,Electronics,2026-07-05,07/07/2026,2026-07-06, Shipped,5
WO0001806,Northeast-1,Home Goods,07/05/2026,07/07/2026,2026-07-06,Shipped,3
WO0001807,West-3,Apparel,07/05/2026,07/07/2026,2026-07-09,DELAYED,1
WO0001808,Midwest-2,Office Supplies,07/05/2026,07/07/2026,07/07/2026,Shipped,2
WO0001809,Midwest-2,Electronics,2026-07-05,2026-07-08,,delayed,5
WO0001810,West-3,Apparel,2026-07-05,07/08/2026,2026-07-07,SHIPPED,10
WO0001811,West-3,Apparel,2026-07-05,07/06/2026,2026-07-05,shipped,9
WO0001812,Northeast-1,Outdoor,2026-07-05,07/07/2026,07/07/2026,Shipped,3
WO0001813,West-3,Outdoor,07/05/2026,2026-07-08,2026-07-08,Shipped,6
WO0001814,Midwest-2,Outdoor,2026-07-05,07/08/2026,07/08/2026, Shipped,1
WO0001815,Northeast-1,Apparel,07/05/2026,2026-07-06,2026-07-06,shipped,10
WO0001816,West-3,Apparel,07/05/2026,07/07/2026,07/06/2026,shipped,2
WO0001817,South-4,Home Goods,2026-07-05,2026-07-07,07/12/2026,delayed,7
WO0001818,Northeast-1,Apparel,07/05/2026,07/08/2026,07/07/2026, Shipped,6
WO0001819,Northeast-1,Electronics,07/05/2026,2026-07-06,2026-07-06,SHIPPED,1
WO0001820,Midwest-2,Electronics,2026-07-05,07/08/2026,07/07/2026,shipped,2
WO0001820,Midwest-2,Electronics,2026-07-05,07/08/2026,07/07/2026,shipped,2
WO0001821,West-3,Apparel,2026-07-05,2026-07-08,2026-07-08,SHIPPED,7
WO0001822,Midwest-2,Outdoor,2026-07-05,07/07/2026,2026-07-07,Shipped,10
WO0001823,Midwest-2,Office Supplies,2026-07-05,07/06/2026,07/07/2026,DELAYED,6
WO0001824,Midwest-2,Apparel,07/05/2026,07/06/2026,07/06/2026,Shipped,3
WO0001824,Midwest-2,Apparel,07/05/2026,07/06/2026,07/06/2026,Shipped,3
WO0001825,Midwest-2,Office Supplies,2026-07-05,2026-07-08,2026-07-07,SHIPPED,8
WO0001826,Northeast-1,Home Goods,07/05/2026,07/06/2026,07/05/2026,SHIPPED,2
WO0001827,West-3,Office Supplies,2026-07-05,07/07/2026,07/06/2026,shipped,2
WO0001828,Midwest-2,Outdoor,07/05/2026,07/08/2026,07/07/2026,SHIPPED,7
WO0001829,Midwest-2,Office Supplies,07/05/2026,07/06/2026,2026-07-05,SHIPPED,5
WO0001830,Northeast-1,Home Goods,07/05/2026,2026-07-08,07/08/2026,Shipped,5
WO0001831,South-4,Electronics,07/05/2026,2026-07-06,2026-07-05,Shipped,7
WO0001832,Midwest-2,Office Supplies,2026-07-05,07/06/2026,07/06/2026,SHIPPED,1
WO0001833,South-4,Apparel,07/05/2026,07/06/2026,07/06/2026,Shipped,9
WO0001834,South-4,Office Supplies,07/05/2026,2026-07-07,2026-07-09,DELAYED,3
WO0001835,South-4,Electronics,2026-07-05,07/06/2026,07/06/2026,shipped,9
WO0001836,Northeast-1,Electronics,07/05/2026,07/08/2026,2026-07-07, Shipped,1
WO0001837,Midwest-2,Apparel,2026-07-05,07/07/2026,2026-07-07,shipped,10
WO0001838,West-3,Electronics,2026-07-05,07/07/2026,07/06/2026,shipped,3
WO0001839,Northeast-1,Apparel,2026-07-05,2026-07-06,2026-07-05,shipped,11
WO0001840,Midwest-2,Electronics,2026-07-05,07/07/2026,,DELAYED,4
WO0001841,Midwest-2,Office Supplies,2026-07-05,07/07/2026,07/07/2026, Shipped,7
WO0001842,South-4,Apparel,2026-07-05,07/08/2026,07/08/2026,shipped,10
WO0001843,,Apparel,2026-07-05,07/08/2026,07/08/2026,shipped,10
WO0001844,Midwest-2,Electronics,2026-07-05,07/07/2026,07/07/2026,SHIPPED,8
WO0001845,Midwest-2,Apparel,07/05/2026,07/06/2026,07/06/2026,shipped,5
WO0001846,Northeast-1,Electronics,2026-07-05,2026-07-08,07/08/2026, Shipped,2
WO0001847,West-3,Home Goods,07/05/2026,07/07/2026,2026-07-07,SHIPPED,9
WO0001848,West-3,Office Supplies,2026-07-05,07/06/2026,07/05/2026, Shipped,1
WO0001849,West-3,Office Supplies,07/05/2026,2026-07-06,07/05/2026, Shipped,9
WO0001850,West-3,Outdoor,07/05/2026,07/08/2026,07/08/2026,Shipped,5
WO0001851,Northeast-1,Apparel,07/05/2026,2026-07-07,07/06/2026, Shipped,6
WO0001852,Midwest-2,Apparel,07/05/2026,07/07/2026,2026-07-07, Shipped,10
WO0001853,Northeast-1,Apparel,07/05/2026,2026-07-07,07/07/2026, Shipped,7
WO0001854,Northeast-1,Home Goods,07/05/2026,07/07/2026,07/07/2026, Shipped,9
WO0001855,Midwest-2,Electronics,2026-07-05,2026-07-06,2026-07-05,Shipped,6
WO0001856,Midwest-2,Office Supplies,07/05/2026,07/08/2026,2026-07-07, Shipped,7
WO0001857,South-4,Outdoor,07/05/2026,07/08/2026,2026-07-09,DELAYED,10
WO0001858,Midwest-2,Electronics,07/05/2026,2026-07-06,2026-07-06, Shipped,4
WO0001859,Northeast-1,Home Goods,2026-07-05,2026-07-07,2026-07-07,SHIPPED,5
WO0001860,Northeast-1,Office Supplies,07/05/2026,07/06/2026,2026-07-05,SHIPPED,11
WO0001861,West-3,Home Goods,2026-07-05,2026-07-08,2026-07-08,SHIPPED,1
WO0001862,South-4,Apparel,2026-07-05,2026-07-06,2026-07-05,shipped,7
WO0001863,South-4,Apparel,2026-07-05,2026-07-07,2026-07-07, Shipped,4
WO0001864,Midwest-2,Home Goods,2026-07-05,2026-07-07,07/06/2026,shipped,11
WO0001865,,Home Goods,2026-07-05,2026-07-07,07/06/2026,shipped,11
WO0001866,West-3,Office Supplies,07/05/2026,2026-07-07,07/06/2026,SHIPPED,8
WO0001867,West-3,Home Goods,2026-07-05,2026-07-06,07/05/2026,SHIPPED,5
WO0001868,South-4,Outdoor,07/05/2026,07/06/2026,2026-07-05,Shipped,3
WO0001869,Northeast-1,Outdoor,2026-07-05,07/07/2026,2026-07-07,shipped,8
WO0001870,Northeast-1,Office Supplies,07/05/2026,07/07/2026,2026-07-07, Shipped,3
WO0001871,Midwest-2,Apparel,07/05/2026,07/08/2026,2026-07-08,Shipped,2
WO0001872,South-4,Apparel,07/05/2026,2026-07-08,07/08/2026, Shipped,3
WO0001873,Northeast-1,Outdoor,2026-07-05,2026-07-06,2026-07-05,Shipped,8
WO0001874,West-3,Office Supplies,2026-07-05,2026-07-07,2026-07-06,shipped,10
WO0001875,Northeast-1,Electronics,2026-07-05,07/07/2026,2026-07-07, Shipped,11
WO0001876,Northeast-1,Apparel,07/05/2026,2026-07-08,2026-07-07,shipped,3
WO0001877,South-4,Electronics,2026-07-05,07/08/2026,07/07/2026,Shipped,7
WO0001877,South-4,Electronics,2026-07-05,07/08/2026,07/07/2026,Shipped,7
WO0001878,South-4,Home Goods,07/05/2026,07/06/2026,2026-07-06, Shipped,9
WO0001879,Midwest-2,Apparel,2026-07-05,2026-07-07,07/06/2026,SHIPPED,3
WO0001880,Midwest-2,Outdoor,2026-07-05,2026-07-07,2026-07-06,shipped,6
WO0001881,,Outdoor,2026-07-05,2026-07-07,2026-07-06,shipped,6
WO0001882,South-4,Apparel,2026-07-05,2026-07-08,07/08/2026,Shipped,7
WO0001883,Northeast-1,Electronics,2026-07-05,07/08/2026,07/07/2026,shipped,10
WO0001884,Midwest-2,Electronics,07/05/2026,07/08/2026,2026-07-08, Shipped,3
WO0001885,South-4,Home Goods,07/05/2026,07/08/2026,07/08/2026, Shipped,7
WO0001886,Midwest-2,Electronics,07/05/2026,2026-07-06,2026-07-05,Shipped,4
WO0001887,Midwest-2,Home Goods,2026-07-05,2026-07-06,07/05/2026,Shipped,5
WO0001888,Midwest-2,Office Supplies,07/05/2026,2026-07-08,07/07/2026,Shipped,7
WO0001889,South-4,Office Supplies,07/05/2026,2026-07-08,2026-07-08,shipped,9
WO0001890,Northeast-1,Apparel,07/05/2026,2026-07-07,07/06/2026, Shipped,4
WO0001891,Midwest-2,Outdoor,2026-07-05,2026-07-07,07/06/2026,SHIPPED,7
WO0001892,West-3,Office Supplies,07/05/2026,07/07/2026,,Delayed,7
WO0001893,Northeast-1,Home Goods,07/05/2026,07/08/2026,07/07/2026,shipped,1
WO0001894,Northeast-1,Office Supplies,07/05/2026,07/08/2026,2026-07-08,SHIPPED,8
WO0001895,Midwest-2,Home Goods,2026-07-05,07/07/2026,07/06/2026,Shipped,5
WO0001896,West-3,Apparel,07/05/2026,2026-07-06,2026-07-05,Shipped,10
WO0001897,Midwest-2,Electronics,07/05/2026,07/06/2026,2026-07-06,Shipped,6
WO0001898,South-4,Electronics,2026-07-05,2026-07-08,2026-07-08, Shipped,2
WO0001899,Midwest-2,Apparel,07/05/2026,07/06/2026,,Delayed,2
WO0001900,Northeast-1,Home Goods,2026-07-05,07/06/2026,2026-07-06,SHIPPED,7
WO0001901,Northeast-1,Outdoor,07/05/2026,2026-07-08,2026-07-08,shipped,3
WO0001902,West-3,Apparel,07/05/2026,07/08/2026,07/07/2026,Shipped,7
WO0001903,Midwest-2,Outdoor,2026-07-05,07/08/2026,07/07/2026,Shipped,9
WO0001904,West-3,Office Supplies,07/05/2026,2026-07-07,2026-07-07,SHIPPED,6
WO0001905,Midwest-2,Office Supplies,07/05/2026,2026-07-08,2026-07-07,Shipped,1
WO0001906,Northeast-1,Office Supplies,2026-07-05,07/07/2026,,delayed,5
WO0001907,Northeast-1,Home Goods,07/05/2026,07/07/2026,07/06/2026,Shipped,11
WO0001908,Midwest-2,Outdoor,2026-07-05,07/06/2026,07/05/2026,shipped,9
WO0001909,South-4,Electronics,07/05/2026,2026-07-07,2026-07-07,SHIPPED,10
WO0001910,South-4,Electronics,2026-07-05,07/08/2026,07/08/2026, Shipped,7
WO0001911,Midwest-2,Outdoor,07/05/2026,2026-07-06,07/05/2026,Shipped,1
WO0001912,South-4,Outdoor,07/05/2026,07/07/2026,07/07/2026, Shipped,3
WO0001913,Northeast-1,Home Goods,2026-07-05,07/08/2026,07/07/2026, Shipped,6
WO0001914,West-3,Office Supplies,2026-07-05,07/07/2026,07/07/2026,Shipped,4
WO0001915,Northeast-1,Office Supplies,2026-07-05,07/07/2026,07/07/2026,Shipped,11
WO0001916,Northeast-1,Office Supplies,07/05/2026,07/07/2026,2026-07-07,SHIPPED,4
WO0001917,Midwest-2,Home Goods,2026-07-05,07/06/2026,07/06/2026,Shipped,8
WO0001918,West-3,Home Goods,2026-07-05,2026-07-06,2026-07-06, Shipped,9
WO0001919,South-4,Electronics,2026-07-05,07/06/2026,07/06/2026,Shipped,10
WO0001920,South-4,Outdoor,2026-07-05,07/08/2026,2026-07-08, Shipped,3
WO0001921,West-3,Outdoor,2026-07-05,07/08/2026,07/07/2026,Shipped,1
WO0001922,West-3,Home Goods,07/05/2026,2026-07-07,07/07/2026,Shipped,9
WO0001923,Midwest-2,Outdoor,07/05/2026,07/06/2026,07/05/2026,SHIPPED,4
WO0001924,Midwest-2,Outdoor,07/05/2026,07/07/2026,2026-07-06,Shipped,6
WO0001925,West-3,Outdoor,07/05/2026,07/07/2026,07/06/2026, Shipped,7
WO0001926,,Outdoor,07/05/2026,07/07/2026,07/06/2026, Shipped,7
WO0001927,Midwest-2,Outdoor,2026-07-06,2026-07-09,,Canceled,4
WO0001928,Northeast-1,Electronics,2026-07-06,2026-07-08,07/08/2026,SHIPPED,1
WO0001929,South-4,Office Supplies,07/06/2026,2026-07-07,07/06/2026,shipped,9
WO0001930,South-4,Home Goods,2026-07-06,07/08/2026,07/07/2026,Shipped,9
WO0001931,Northeast-1,Office Supplies,07/06/2026,07/09/2026,07/08/2026,Shipped,7
WO0001932,Northeast-1,Electronics,2026-07-06,07/07/2026,2026-07-06,SHIPPED,1
WO0001933,Midwest-2,Electronics,07/06/2026,07/07/2026,2026-07-06,SHIPPED,11
WO0001934,South-4,Outdoor,07/06/2026,2026-07-09,07/08/2026,SHIPPED,5
WO0001935,South-4,Electronics,07/06/2026,07/09/2026,2026-07-09,Shipped,1
WO0001936,West-3,Home Goods,2026-07-06,2026-07-08,2026-07-08,Shipped,2
WO0001937,West-3,Outdoor,2026-07-06,2026-07-07,07/07/2026,Shipped,5
WO0001938,Northeast-1,Office Supplies,2026-07-06,07/09/2026,2026-07-08,SHIPPED,3
WO0001939,Midwest-2,Home Goods,2026-07-06,07/07/2026,07/07/2026,shipped,11
WO0001940,South-4,Outdoor,07/06/2026,07/07/2026,2026-07-06,shipped,9
WO0001941,Northeast-1,Electronics,2026-07-06,2026-07-09,07/08/2026,shipped,9
WO0001941,Northeast-1,Electronics,2026-07-06,2026-07-09,07/08/2026,shipped,9
WO0001942,South-4,Electronics,07/06/2026,07/09/2026,07/09/2026,shipped,7
WO0001943,Midwest-2,Home Goods,07/06/2026,07/07/2026,07/06/2026,SHIPPED,10
WO0001944,Midwest-2,Electronics,07/06/2026,07/09/2026,07/09/2026,Shipped,6
WO0001945,Midwest-2,Home Goods,07/06/2026,07/09/2026,2026-07-09, Shipped,2
WO0001946,Northeast-1,Apparel,2026-07-06,2026-07-09,07/09/2026, Shipped,7
WO0001947,South-4,Apparel,07/06/2026,07/08/2026,2026-07-07,SHIPPED,6
WO0001948,Northeast-1,Apparel,2026-07-06,07/07/2026,2026-07-07,shipped,2
WO0001949,South-4,Home Goods,2026-07-06,2026-07-09,2026-07-08,SHIPPED,11
WO0001950,Midwest-2,Apparel,2026-07-06,2026-07-09,07/09/2026,SHIPPED,4
WO0001951,South-4,Apparel,07/06/2026,2026-07-07,2026-07-07,shipped,1
WO0001952,Midwest-2,Apparel,2026-07-06,07/08/2026,07/08/2026, Shipped,1
WO0001953,South-4,Outdoor,2026-07-06,2026-07-09,,Canceled,9
WO0001954,Northeast-1,Outdoor,2026-07-06,07/07/2026,2026-07-06, Shipped,11
WO0001955,Northeast-1,Electronics,07/06/2026,2026-07-08,07/08/2026,SHIPPED,2
WO0001956,Northeast-1,Apparel,2026-07-06,2026-07-09,07/09/2026, Shipped,1
WO0001957,Midwest-2,Office Supplies,07/06/2026,2026-07-07,07/06/2026,shipped,2
WO0001958,Midwest-2,Office Supplies,07/06/2026,2026-07-07,07/06/2026,shipped,-1
WO0001959,West-3,Electronics,07/06/2026,07/08/2026,2026-07-08, Shipped,10
WO0001960,Midwest-2,Electronics,2026-07-06,07/08/2026,2026-07-08,Shipped,2
WO0001961,West-3,Home Goods,2026-07-06,07/08/2026,2026-07-08,SHIPPED,8
WO0001962,Midwest-2,Office Supplies,2026-07-06,2026-07-07,07/06/2026,shipped,11
WO0001963,Northeast-1,Office Supplies,2026-07-06,07/08/2026,07/07/2026,shipped,11
WO0001964,South-4,Electronics,07/06/2026,2026-07-09,07/08/2026,Shipped,5
WO0001965,South-4,Electronics,07/06/2026,2026-07-08,,DELAYED,5
WO0001966,West-3,Home Goods,2026-07-06,2026-07-07,07/07/2026,shipped,7
WO0001967,South-4,Office Supplies,07/06/2026,07/08/2026,07/08/2026, Shipped,9
WO0001968,West-3,Apparel,2026-07-06,07/09/2026,2026-07-09,shipped,8
WO0001969,South-4,Electronics,2026-07-06,07/08/2026,2026-07-07,shipped,11
WO0001970,South-4,Electronics,2026-07-06,07/08/2026,2026-07-08,SHIPPED,11
WO0001971,West-3,Apparel,2026-07-06,07/07/2026,,delayed,4
WO0001972,South-4,Office Supplies,07/06/2026,2026-07-07,07/06/2026,SHIPPED,6
WO0001973,Northeast-1,Electronics,07/06/2026,07/08/2026,2026-07-07,SHIPPED,10
WO0001974,Northeast-1,Outdoor,07/06/2026,07/09/2026,2026-07-09,Shipped,10
WO0001975,Midwest-2,Apparel,2026-07-06,07/09/2026,07/09/2026, Shipped,5
WO0001976,Northeast-1,Outdoor,07/06/2026,2026-07-07,07/06/2026,shipped,6
WO0001977,Northeast-1,Office Supplies,07/06/2026,2026-07-08,07/08/2026, Shipped,9
WO0001978,Northeast-1,Apparel,07/06/2026,2026-07-09,07/09/2026,Shipped,7
WO0001978,Northeast-1,Apparel,07/06/2026,2026-07-09,07/09/2026,Shipped,7
WO0001979,West-3,Apparel,07/06/2026,07/07/2026,2026-07-06, Shipped,8
WO0001980,South-4,Home Goods,2026-07-06,2026-07-09,07/09/2026,shipped,4
WO0001981,West-3,Office Supplies,07/06/2026,07/08/2026,07/08/2026,SHIPPED,6
WO0001982,West-3,Apparel,07/06/2026,2026-07-09,07/08/2026,shipped,5
WO0001983,Northeast-1,Electronics,2026-07-06,07/07/2026,07/07/2026,SHIPPED,11
WO0001983,Northeast-1,Electronics,2026-07-06,07/07/2026,07/07/2026,SHIPPED,11
WO0001984,Midwest-2,Home Goods,07/06/2026,2026-07-07,,Delayed,9
WO0001985,South-4,Home Goods,07/06/2026,2026-07-07,07/06/2026,Shipped,6
WO0001986,South-4,Electronics,07/06/2026,07/07/2026,07/07/2026,SHIPPED,1
WO0001987,West-3,Apparel,2026-07-06,2026-07-08,07/08/2026,shipped,11
WO0001988,Midwest-2,Electronics,2026-07-06,2026-07-09,2026-07-08,SHIPPED,11
WO0001989,South-4,Apparel,2026-07-06,07/07/2026,07/07/2026,Shipped,7
WO0001990,Midwest-2,Home Goods,2026-07-06,07/08/2026,2026-07-08, Shipped,6
WO0001991,Midwest-2,Home Goods,07/06/2026,07/08/2026,2026-07-07,shipped,3
WO0001992,South-4,Office Supplies,2026-07-06,2026-07-07,2026-07-07, Shipped,1
WO0001993,Midwest-2,Electronics,2026-07-06,07/09/2026,2026-07-09,Shipped,6
WO0001994,Northeast-1,Office Supplies,2026-07-06,07/09/2026,2026-07-09,Shipped,10
WO0001995,Northeast-1,Apparel,07/06/2026,2026-07-09,2026-07-09,Shipped,7
WO0001996,Northeast-1,Home Goods,2026-07-06,2026-07-08,07/07/2026,Shipped,9
WO0001997,West-3,Apparel,07/06/2026,07/08/2026,07/08/2026,SHIPPED,6
WO0001998,South-4,Electronics,07/06/2026,07/08/2026,2026-07-07, Shipped,6
WO0001999,South-4,Apparel,2026-07-06,07/07/2026,2026-07-06,shipped,10
WO0002000,Northeast-1,Office Supplies,07/06/2026,2026-07-08,2026-07-08, Shipped,4
WO0002001,Midwest-2,Electronics,2026-07-06,2026-07-07,2026-07-06,shipped,5
WO0002002,Northeast-1,Home Goods,07/06/2026,07/08/2026,2026-07-08,SHIPPED,11
WO0002003,Midwest-2,Electronics,07/06/2026,2026-07-07,07/07/2026,shipped,9
WO0002004,Northeast-1,Outdoor,07/06/2026,07/09/2026,07/09/2026,Shipped,11
WO0002005,Midwest-2,Office Supplies,2026-07-06,2026-07-08,07/08/2026,SHIPPED,11
WO0002006,South-4,Outdoor,2026-07-06,07/09/2026,2026-07-09, Shipped,6
WO0002007,West-3,Outdoor,07/06/2026,07/07/2026,2026-07-06,SHIPPED,10
WO0002008,Northeast-1,Electronics,2026-07-06,07/07/2026,07/07/2026,Shipped,7
WO0002009,Northeast-1,Apparel,2026-07-06,07/07/2026,07/06/2026,shipped,11
WO0002010,Midwest-2,Electronics,2026-07-06,2026-07-08,,DELAYED,8
WO0002011,South-4,Office Supplies,07/06/2026,2026-07-07,2026-07-07,shipped,2
WO0002012,Northeast-1,Electronics,2026-07-06,07/08/2026,07/07/2026,Shipped,1
WO0002013,Midwest-2,Outdoor,2026-07-06,07/07/2026,07/06/2026,SHIPPED,4
WO0002014,West-3,Home Goods,2026-07-06,07/09/2026,07/08/2026,Shipped,4
WO0002015,South-4,Apparel,07/06/2026,07/08/2026,2026-07-07, Shipped,1
WO0002016,Northeast-1,Apparel,2026-07-06,2026-07-08,2026-07-07, Shipped,8
WO0002017,South-4,Home Goods,2026-07-06,2026-07-08,2026-07-08,shipped,8
WO0002018,Midwest-2,Office Supplies,2026-07-06,07/07/2026,07/06/2026,shipped,5
WO0002019,Midwest-2,Outdoor,07/06/2026,2026-07-07,2026-07-06, Shipped,11
WO0002020,South-4,Office Supplies,07/06/2026,2026-07-09,07/09/2026,SHIPPED,9
WO0002021,Northeast-1,Apparel,2026-07-06,2026-07-09,2026-07-08,SHIPPED,9
WO0002022,South-4,Apparel,07/06/2026,2026-07-07,07/06/2026,Shipped,5
WO0002023,South-4,Apparel,07/06/2026,07/09/2026,07/08/2026, Shipped,5
WO0002024,South-4,Office Supplies,07/06/2026,07/07/2026,2026-07-07,SHIPPED,9
WO0002025,West-3,Outdoor,07/06/2026,07/07/2026,07/06/2026, Shipped,11
WO0002026,West-3,Office Supplies,2026-07-06,07/09/2026,2026-07-08,SHIPPED,1
WO0002027,West-3,Office Supplies,2026-07-06,2026-07-09,07/09/2026,Shipped,5
WO0002028,Northeast-1,Electronics,2026-07-06,2026-07-07,07/06/2026,SHIPPED,3
WO0002029,West-3,Home Goods,07/06/2026,07/07/2026,07/06/2026,SHIPPED,3
WO0002030,West-3,Outdoor,2026-07-06,07/07/2026,2026-07-06, Shipped,7
WO0002031,South-4,Outdoor,2026-07-06,07/08/2026,2026-07-08,SHIPPED,7
WO0002032,South-4,Outdoor,2026-07-06,2026-07-07,2026-07-07,SHIPPED,6
WO0002033,South-4,Home Goods,07/06/2026,07/09/2026,07/08/2026,shipped,3
WO0002034,West-3,Electronics,07/06/2026,2026-07-08,07/08/2026, Shipped,7
WO0002035,Midwest-2,Home Goods,07/06/2026,07/09/2026,2026-07-08, Shipped,8
WO0002036,West-3,Outdoor,07/06/2026,2026-07-09,07/08/2026,Shipped,1
WO0002037,Northeast-1,Office Supplies,2026-07-06,2026-07-08,2026-07-08,shipped,1
WO0002038,Midwest-2,Home Goods,2026-07-06,07/09/2026,2026-07-08,SHIPPED,6
WO0002039,South-4,Outdoor,2026-07-06,07/09/2026,07/09/2026, Shipped,3
WO0002040,West-3,Office Supplies,07/06/2026,07/09/2026,07/08/2026, Shipped,10
WO0002041,Northeast-1,Home Goods,07/06/2026,2026-07-07,2026-07-07,shipped,9
WO0002042,Northeast-1,Outdoor,2026-07-06,2026-07-07,07/07/2026, Shipped,2
WO0002043,Midwest-2,Home Goods,07/06/2026,07/08/2026,2026-07-07,SHIPPED,11
WO0002044,South-4,Electronics,2026-07-06,07/09/2026,2026-07-09, Shipped,4
WO0002045,South-4,Office Supplies,2026-07-06,2026-07-09,2026-07-08,SHIPPED,3
WO0002046,Northeast-1,Outdoor,07/06/2026,07/09/2026,07/08/2026,SHIPPED,9
WO0002047,Midwest-2,Office Supplies,2026-07-06,07/07/2026,2026-07-07, Shipped,9
WO0002048,South-4,Home Goods,2026-07-06,2026-07-08,07/08/2026,Shipped,4
WO0002049,West-3,Office Supplies,07/06/2026,07/07/2026,,DELAYED,11
WO0002050,Midwest-2,Apparel,2026-07-06,07/08/2026,2026-07-07,shipped,10
WO0002051,South-4,Office Supplies,2026-07-06,2026-07-08,2026-07-07, Shipped,9
WO0002052,Midwest-2,Home Goods,2026-07-06,2026-07-08,2026-07-07, Shipped,4
WO0002053,West-3,Home Goods,07/06/2026,2026-07-07,,DELAYED,8
WO0002054,Midwest-2,Electronics,07/06/2026,2026-07-08,07/08/2026, Shipped,10
WO0002055,West-3,Office Supplies,07/06/2026,2026-07-07,07/07/2026,Shipped,1
WO0002056,Midwest-2,Outdoor,07/06/2026,2026-07-09,07/08/2026,shipped,7
WO0002057,Midwest-2,Office Supplies,2026-07-06,2026-07-08,07/07/2026,Shipped,5
WO0002058,Northeast-1,Office Supplies,2026-07-06,07/08/2026,07/07/2026, Shipped,1
WO0002059,South-4,Apparel,2026-07-06,2026-07-07,2026-07-06,Shipped,5
WO0002060,Northeast-1,Office Supplies,07/06/2026,07/08/2026,07/08/2026,shipped,8
WO0002061,Midwest-2,Apparel,07/06/2026,07/08/2026,2026-07-07,Shipped,4
WO0002062,Midwest-2,Office Supplies,07/06/2026,07/07/2026,07/06/2026, Shipped,3
WO0002063,Midwest-2,Apparel,2026-07-06,07/08/2026,2026-07-08, Shipped,5
WO0002064,West-3,Outdoor,2026-07-06,2026-07-08,2026-07-07, Shipped,6
WO0002065,West-3,Office Supplies,2026-07-06,07/08/2026,07/08/2026,shipped,6
WO0002066,South-4,Office Supplies,2026-07-06,2026-07-08,2026-07-07,Shipped,7
WO0002067,South-4,Office Supplies,07/06/2026,2026-07-07,07/06/2026, Shipped,4
WO0002068,South-4,Home Goods,07/06/2026,07/07/2026,2026-07-06,shipped,4
WO0002069,South-4,Office Supplies,07/06/2026,2026-07-07,07/07/2026,Shipped,3
WO0002070,Midwest-2,Office Supplies,07/06/2026,2026-07-07,07/07/2026, Shipped,6
WO0002071,Midwest-2,Apparel,07/06/2026,2026-07-08,07/08/2026,Shipped,6
WO0002072,Northeast-1,Electronics,07/06/2026,07/09/2026,07/08/2026,SHIPPED,9
WO0002073,South-4,Electronics,07/06/2026,2026-07-08,07/07/2026,Shipped,10
WO0002074,West-3,Apparel,07/06/2026,07/07/2026,07/06/2026,shipped,7
WO0002075,South-4,Apparel,07/06/2026,2026-07-09,07/08/2026,Shipped,4
WO0002076,Northeast-1,Apparel,07/06/2026,07/08/2026,07/08/2026, Shipped,6
WO0002077,Midwest-2,Electronics,07/06/2026,07/07/2026,07/06/2026,Shipped,6
WO0002078,Midwest-2,Outdoor,2026-07-06,07/07/2026,,delayed,8
WO0002079,Midwest-2,Office Supplies,2026-07-07,2026-07-09,07/09/2026,Shipped,10
WO0002080,West-3,Outdoor,2026-07-07,2026-07-10,07/09/2026,Shipped,7
WO0002080,West-3,Outdoor,2026-07-07,2026-07-10,07/09/2026,Shipped,7
WO0002081,Northeast-1,Office Supplies,07/07/2026,2026-07-10,2026-07-10,SHIPPED,8
WO0002082,South-4,Apparel,2026-07-07,2026-07-08,07/07/2026,SHIPPED,4
WO0002083,South-4,Outdoor,07/07/2026,2026-07-09,2026-07-09,SHIPPED,11
WO0002084,South-4,Outdoor,2026-07-07,2026-07-08,2026-07-07,SHIPPED,10
WO0002085,South-4,Outdoor,2026-07-07,2026-07-08,2026-07-07,SHIPPED,-1
WO0002086,Northeast-1,Outdoor,07/07/2026,2026-07-09,2026-07-08, Shipped,6
WO0002087,South-4,Electronics,2026-07-07,07/08/2026,07/08/2026,SHIPPED,4
WO0002088,Northeast-1,Office Supplies,2026-07-07,2026-07-09,07/09/2026,SHIPPED,9
WO0002089,South-4,Electronics,2026-07-07,2026-07-09,2026-07-09, Shipped,4
WO0002090,West-3,Outdoor,2026-07-07,07/09/2026,2026-07-09,shipped,6
WO0002091,Midwest-2,Outdoor,2026-07-07,2026-07-09,07/08/2026,shipped,1
WO0002092,South-4,Apparel,07/07/2026,2026-07-09,2026-07-08,Shipped,5
WO0002093,Midwest-2,Office Supplies,07/07/2026,07/10/2026,07/09/2026,shipped,10
WO0002094,Northeast-1,Office Supplies,07/07/2026,2026-07-09,2026-07-08,SHIPPED,8
WO0002095,Northeast-1,Office Supplies,07/07/2026,2026-07-08,07/08/2026,SHIPPED,7
WO0002096,Midwest-2,Office Supplies,07/07/2026,07/10/2026,2026-07-09, Shipped,10
WO0002097,Northeast-1,Home Goods,07/07/2026,2026-07-09,2026-07-09,shipped,3
WO0002098,South-4,Electronics,2026-07-07,2026-07-08,2026-07-07, Shipped,2
WO0002099,South-4,Electronics,07/07/2026,07/08/2026,07/07/2026,Shipped,8
WO0002100,West-3,Apparel,07/07/2026,07/09/2026,07/09/2026,Shipped,6
WO0002101,Northeast-1,Electronics,07/07/2026,2026-07-08,,DELAYED,6
WO0002102,South-4,Apparel,07/07/2026,2026-07-08,07/07/2026,Shipped,3
WO0002103,West-3,Home Goods,07/07/2026,2026-07-08,2026-07-08,Shipped,5
WO0002104,Northeast-1,Outdoor,07/07/2026,07/08/2026,07/07/2026,Shipped,11
WO0002105,Midwest-2,Outdoor,07/07/2026,07/09/2026,2026-07-09,SHIPPED,10
WO0002106,West-3,Electronics,07/07/2026,2026-07-08,07/07/2026,SHIPPED,9
WO0002107,South-4,Outdoor,07/07/2026,2026-07-09,07/09/2026,SHIPPED,7
WO0002108,West-3,Office Supplies,2026-07-07,2026-07-09,07/08/2026, Shipped,11
WO0002109,South-4,Electronics,07/07/2026,2026-07-09,2026-07-08,Shipped,10
WO0002110,South-4,Electronics,07/07/2026,07/08/2026,2026-07-08,Shipped,7
WO0002111,Northeast-1,Office Supplies,07/07/2026,2026-07-09,07/09/2026,SHIPPED,4
WO0002112,West-3,Apparel,07/07/2026,2026-07-09,07/08/2026,SHIPPED,1
WO0002113,Midwest-2,Home Goods,07/07/2026,2026-07-09,2026-07-08,SHIPPED,8
WO0002114,West-3,Apparel,07/07/2026,07/09/2026,2026-07-08,shipped,6
WO0002115,South-4,Home Goods,07/07/2026,2026-07-10,2026-07-10, Shipped,8
WO0002116,Midwest-2,Electronics,2026-07-07,2026-07-10,07/10/2026, Shipped,8
WO0002117,West-3,Electronics,07/07/2026,2026-07-08,2026-07-08,SHIPPED,10
WO0002118,Northeast-1,Outdoor,07/07/2026,2026-07-08,07/08/2026,Shipped,10
WO0002119,South-4,Electronics,2026-07-07,2026-07-09,07/08/2026, Shipped,8
WO0002120,Midwest-2,Electronics,07/07/2026,2026-07-08,07/07/2026,SHIPPED,1
WO0002121,West-3,Home Goods,2026-07-07,2026-07-08,2026-07-07,SHIPPED,10
WO0002122,West-3,Outdoor,07/07/2026,07/09/2026,2026-07-08,Shipped,7
WO0002123,Northeast-1,Home Goods,07/07/2026,07/10/2026,2026-07-10,shipped,7
WO0002124,Midwest-2,Home Goods,2026-07-07,07/09/2026,2026-07-08,Shipped,1
WO0002125,Midwest-2,Outdoor,07/07/2026,2026-07-09,2026-07-09,Shipped,9
WO0002125,Midwest-2,Outdoor,07/07/2026,2026-07-09,2026-07-09,Shipped,9
WO0002126,Northeast-1,Outdoor,07/07/2026,07/09/2026,2026-07-09,SHIPPED,6
WO0002127,South-4,Electronics,2026-07-07,2026-07-08,2026-07-07, Shipped,2
WO0002128,Northeast-1,Electronics,2026-07-07,07/08/2026,07/07/2026,shipped,7
WO0002129,Northeast-1,Outdoor,07/07/2026,07/09/2026,07/08/2026,SHIPPED,6
WO0002130,Midwest-2,Electronics,2026-07-07,07/08/2026,07/08/2026,shipped,11
WO0002131,South-4,Electronics,2026-07-07,2026-07-10,07/09/2026,Shipped,7
WO0002132,Northeast-1,Outdoor,2026-07-07,2026-07-09,07/08/2026,Shipped,1
WO0002133,Northeast-1,Apparel,2026-07-07,07/10/2026,07/10/2026, Shipped,10
WO0002133,Northeast-1,Apparel,2026-07-07,07/10/2026,07/10/2026, Shipped,10
WO0002134,West-3,Electronics,07/07/2026,2026-07-09,07/09/2026,SHIPPED,8
WO0002135,West-3,Electronics,2026-07-07,07/10/2026,2026-07-10,Shipped,1
WO0002136,Midwest-2,Electronics,2026-07-07,2026-07-08,,DELAYED,7
WO0002137,South-4,Office Supplies,2026-07-07,2026-07-10,2026-07-09, Shipped,5
WO0002138,South-4,Outdoor,07/07/2026,07/08/2026,2026-07-07, Shipped,7
WO0002139,South-4,Office Supplies,2026-07-07,2026-07-09,07/09/2026,SHIPPED,4
WO0002140,Northeast-1,Home Goods,07/07/2026,07/08/2026,2026-07-07,SHIPPED,5
WO0002141,South-4,Electronics,2026-07-07,07/10/2026,2026-07-10,shipped,3
WO0002142,Midwest-2,Office Supplies,07/07/2026,2026-07-09,07/08/2026,Shipped,10
WO0002143,Midwest-2,Electronics,2026-07-07,2026-07-09,07/09/2026, Shipped,9
WO0002144,Midwest-2,Office Supplies,2026-07-07,07/08/2026,2026-07-08,SHIPPED,10
WO0002145,Midwest-2,Home Goods,07/07/2026,07/10/2026,2026-07-09,Shipped,9
WO0002146,Midwest-2,Office Supplies,2026-07-07,07/08/2026,07/07/2026, Shipped,7
WO0002147,West-3,Home Goods,07/07/2026,2026-07-09,07/09/2026, Shipped,8
WO0002148,Northeast-1,Apparel,07/07/2026,2026-07-10,07/09/2026,Shipped,11
WO0002149,West-3,Electronics,2026-07-07,2026-07-08,07/08/2026,shipped,8
WO0002150,West-3,Outdoor,07/07/2026,2026-07-08,,DELAYED,2
WO0002151,South-4,Office Supplies,2026-07-07,07/10/2026,07/09/2026, Shipped,7
WO0002152,West-3,Home Goods,07/07/2026,2026-07-08,2026-07-07,shipped,9
WO0002153,Midwest-2,Apparel,2026-07-07,07/09/2026,2026-07-08,shipped,6
WO0002154,South-4,Office Supplies,07/07/2026,2026-07-10,07/09/2026,Shipped,11
WO0002155,South-4,Electronics,07/07/2026,07/08/2026,07/07/2026,shipped,8
WO0002156,West-3,Apparel,2026-07-07,2026-07-08,2026-07-07, Shipped,2
WO0002157,Midwest-2,Office Supplies,07/07/2026,07/09/2026,,Cancelled,10
WO0002158,Midwest-2,Office Supplies,07/07/2026,07/09/2026,,Cancelled,-1
WO0002159,Midwest-2,Home Goods,2026-07-07,07/09/2026,2026-07-08,Shipped,1
WO0002160,Midwest-2,Outdoor,2026-07-07,2026-07-08,2026-07-13,delayed,9
WO0002161,Midwest-2,Outdoor,07/07/2026,2026-07-09,07/08/2026, Shipped,1
WO0002162,Northeast-1,Apparel,2026-07-07,07/08/2026,2026-07-07,shipped,8
WO0002163,South-4,Office Supplies,2026-07-07,07/10/2026,2026-07-10,SHIPPED,8
WO0002164,West-3,Apparel,2026-07-07,2026-07-08,07/08/2026,Shipped,9
WO0002165,Northeast-1,Office Supplies,2026-07-07,07/10/2026,07/09/2026, Shipped,6
WO0002166,Midwest-2,Outdoor,07/07/2026,2026-07-08,2026-07-08,SHIPPED,7
WO0002167,South-4,Office Supplies,07/07/2026,2026-07-09,2026-07-08,SHIPPED,3
WO0002168,Midwest-2,Outdoor,07/07/2026,07/08/2026,2026-07-08, Shipped,2
WO0002169,,Outdoor,07/07/2026,07/08/2026,2026-07-08, Shipped,2
WO0002170,West-3,Outdoor,2026-07-07,07/09/2026,2026-07-09,SHIPPED,3
WO0002171,South-4,Electronics,07/07/2026,2026-07-10,07/10/2026,SHIPPED,7
WO0002172,South-4,Electronics,2026-07-07,07/10/2026,2026-07-10,SHIPPED,5
WO0002173,Midwest-2,Outdoor,2026-07-07,2026-07-08,07/08/2026,Shipped,3
WO0002174,South-4,Home Goods,07/07/2026,07/08/2026,07/07/2026,shipped,2
WO0002175,South-4,Office Supplies,2026-07-07,07/10/2026,07/10/2026,shipped,8
WO0002176,Northeast-1,Home Goods,2026-07-07,07/08/2026,07/08/2026,Shipped,4
WO0002177,Northeast-1,Office Supplies,2026-07-07,2026-07-08,2026-07-08,Shipped,5
WO0002178,South-4,Apparel,2026-07-07,07/08/2026,07/08/2026,SHIPPED,5
WO0002179,West-3,Outdoor,07/07/2026,07/10/2026,2026-07-09,Shipped,4
WO0002180,Northeast-1,Home Goods,2026-07-07,2026-07-09,07/09/2026,Shipped,5
WO0002181,South-4,Electronics,2026-07-07,07/08/2026,07/07/2026, Shipped,4
WO0002182,Midwest-2,Home Goods,2026-07-07,07/10/2026,2026-07-09,shipped,4
WO0002183,Midwest-2,Home Goods,2026-07-07,07/10/2026,2026-07-09,shipped,-1
WO0002184,Midwest-2,Apparel,07/07/2026,07/10/2026,2026-07-10,SHIPPED,1
WO0002185,Midwest-2,Apparel,07/07/2026,07/10/2026,2026-07-10,Shipped,1
WO0002186,West-3,Apparel,2026-07-07,2026-07-10,2026-07-10,SHIPPED,3
WO0002187,Midwest-2,Electronics,07/07/2026,2026-07-10,2026-07-10,shipped,7
WO0002188,Northeast-1,Office Supplies,07/07/2026,2026-07-10,07/09/2026,shipped,3
WO0002189,Midwest-2,Electronics,2026-07-07,07/10/2026,2026-07-09,SHIPPED,7
WO0002190,Midwest-2,Apparel,2026-07-07,2026-07-08,07/13/2026,delayed,3
WO0002191,South-4,Electronics,07/07/2026,07/10/2026,07/10/2026,SHIPPED,8
WO0002192,West-3,Home Goods,07/07/2026,07/08/2026,2026-07-07,SHIPPED,8
WO0002193,Midwest-2,Home Goods,2026-07-07,2026-07-08,07/08/2026, Shipped,10
WO0002194,West-3,Outdoor,2026-07-07,07/08/2026,2026-07-08,shipped,10
WO0002195,Northeast-1,Home Goods,2026-07-07,2026-07-09,2026-07-09,Shipped,1
WO0002196,West-3,Office Supplies,07/07/2026,07/10/2026,,delayed,3
WO0002197,Midwest-2,Outdoor,2026-07-07,07/08/2026,07/08/2026,shipped,8
WO0002198,West-3,Office Supplies,2026-07-07,07/09/2026,,DELAYED,3
WO0002199,Midwest-2,Home Goods,2026-07-07,07/09/2026,2026-07-08,Shipped,11
WO0002200,West-3,Office Supplies,07/07/2026,2026-07-08,07/08/2026,Shipped,2
WO0002201,West-3,Office Supplies,2026-07-07,07/08/2026,07/07/2026, Shipped,1
WO0002202,Northeast-1,Office Supplies,07/07/2026,07/09/2026,07/08/2026,SHIPPED,8
WO0002203,Northeast-1,Outdoor,2026-07-07,2026-07-10,2026-07-10,Shipped,6
WO0002204,South-4,Electronics,07/07/2026,07/10/2026,07/09/2026, Shipped,6
WO0002205,Northeast-1,Home Goods,07/07/2026,07/08/2026,07/08/2026,Shipped,1
WO0002206,West-3,Apparel,2026-07-07,2026-07-09,07/08/2026,shipped,5
WO0002207,West-3,Office Supplies,2026-07-07,07/10/2026,2026-07-10,Shipped,5
WO0002208,Midwest-2,Outdoor,07/07/2026,2026-07-09,07/09/2026,SHIPPED,5
WO0002209,South-4,Outdoor,07/07/2026,07/09/2026,07/09/2026, Shipped,4
WO0002210,South-4,Home Goods,07/07/2026,2026-07-09,07/08/2026,Shipped,11
WO0002211,West-3,Home Goods,2026-07-07,2026-07-08,2026-07-07, Shipped,7
WO0002212,South-4,Electronics,2026-07-07,07/09/2026,07/08/2026,shipped,7
WO0002213,South-4,Home Goods,2026-07-07,07/10/2026,07/10/2026,Shipped,6
WO0002214,West-3,Office Supplies,2026-07-07,2026-07-08,07/07/2026,shipped,8
WO0002214,West-3,Office Supplies,2026-07-07,2026-07-08,07/07/2026,shipped,8
WO0002215,South-4,Office Supplies,2026-07-07,2026-07-09,2026-07-09,SHIPPED,5
WO0002216,Midwest-2,Electronics,2026-07-07,07/09/2026,07/09/2026,shipped,10
WO0002217,West-3,Electronics,07/07/2026,2026-07-10,2026-07-09, Shipped,8
WO0002218,South-4,Home Goods,07/07/2026,2026-07-08,2026-07-07,shipped,2
WO0002219,West-3,Outdoor,2026-07-07,2026-07-09,2026-07-09,shipped,4
WO0002220,West-3,Home Goods,07/07/2026,2026-07-09,,delayed,9
WO0002221,Midwest-2,Electronics,07/07/2026,2026-07-08,07/08/2026,SHIPPED,3
WO0002222,South-4,Electronics,2026-07-07,2026-07-08,2026-07-07, Shipped,8
WO0002223,Northeast-1,Apparel,2026-07-07,07/09/2026,07/09/2026,Shipped,6
WO0002224,South-4,Outdoor,07/07/2026,2026-07-09,2026-07-09,Shipped,6
WO0002225,South-4,Outdoor,07/07/2026,2026-07-10,07/09/2026, Shipped,1
WO0002226,Northeast-1,Apparel,2026-07-08,07/10/2026,2026-07-09,SHIPPED,6
WO0002227,South-4,Electronics,2026-07-08,2026-07-09,07/09/2026,SHIPPED,10
WO0002228,Northeast-1,Electronics,2026-07-08,07/10/2026,2026-07-09,Shipped,5
WO0002229,Northeast-1,Office Supplies,2026-07-08,2026-07-11,07/11/2026,SHIPPED,6
WO0002230,South-4,Office Supplies,07/08/2026,07/11/2026,2026-07-10, Shipped,3
WO0002231,Midwest-2,Electronics,07/08/2026,07/10/2026,07/15/2026,Delayed,1
WO0002232,Northeast-1,Home Goods,07/08/2026,2026-07-09,07/09/2026, Shipped,2
WO0002233,Midwest-2,Office Supplies,2026-07-08,2026-07-10,2026-07-10,SHIPPED,7
WO0002234,Northeast-1,Home Goods,07/08/2026,2026-07-10,07/10/2026, Shipped,3
WO0002235,South-4,Home Goods,07/08/2026,2026-07-09,07/10/2026,Delayed,2
WO0002236,South-4,Office Supplies,2026-07-08,07/11/2026,2026-07-10, Shipped,3
WO0002237,West-3,Electronics,07/08/2026,07/11/2026,07/14/2026,Delayed,11
WO0002238,West-3,Apparel,2026-07-08,07/09/2026,07/09/2026,shipped,5
WO0002239,West-3,Apparel,07/08/2026,07/09/2026,,Delayed,4
WO0002240,Northeast-1,Outdoor,07/08/2026,07/10/2026,07/15/2026,Delayed,1
WO0002241,Midwest-2,Apparel,07/08/2026,2026-07-11,2026-07-10,Shipped,8
WO0002242,South-4,Electronics,2026-07-08,07/11/2026,07/10/2026,Shipped,10
WO0002243,Northeast-1,Home Goods,2026-07-08,07/11/2026,07/10/2026,Shipped,9
WO0002244,West-3,Outdoor,07/08/2026,07/10/2026,07/13/2026,delayed,7
WO0002245,South-4,Outdoor,2026-07-08,2026-07-09,2026-07-08,SHIPPED,10
WO0002246,Northeast-1,Office Supplies,2026-07-08,2026-07-10,2026-07-09,Shipped,6
WO0002247,Northeast-1,Office Supplies,2026-07-08,2026-07-10,2026-07-09,Shipped,-1
WO0002248,South-4,Office Supplies,07/08/2026,07/09/2026,07/08/2026,SHIPPED,4
WO0002248,South-4,Office Supplies,07/08/2026,07/09/2026,07/08/2026,SHIPPED,4
WO0002249,West-3,Electronics,2026-07-08,2026-07-10,07/09/2026, Shipped,5
WO0002250,West-3,Electronics,07/08/2026,07/10/2026,2026-07-14,delayed,6
WO0002251,Northeast-1,Apparel,07/08/2026,07/10/2026,2026-07-10, Shipped,1
WO0002252,Midwest-2,Electronics,2026-07-08,07/11/2026,2026-07-10, Shipped,3
WO0002253,South-4,Electronics,07/08/2026,07/11/2026,2026-07-10, Shipped,2
WO0002254,Midwest-2,Outdoor,2026-07-08,07/11/2026,2026-07-11,SHIPPED,3
WO0002255,Northeast-1,Electronics,07/08/2026,2026-07-11,07/10/2026, Shipped,5
WO0002256,South-4,Electronics,07/08/2026,2026-07-09,2026-07-09,shipped,7
WO0002257,Midwest-2,Home Goods,07/08/2026,2026-07-09,2026-07-08, Shipped,6
WO0002258,Northeast-1,Outdoor,07/08/2026,2026-07-11,2026-07-10,Shipped,11
WO0002259,Northeast-1,Outdoor,2026-07-08,07/11/2026,07/11/2026, Shipped,11
WO0002260,West-3,Apparel,07/08/2026,2026-07-09,2026-07-08,Shipped,10
WO0002261,South-4,Home Goods,07/08/2026,07/10/2026,2026-07-10,SHIPPED,8
WO0002261,South-4,Home Goods,07/08/2026,07/10/2026,2026-07-10,SHIPPED,8
WO0002262,West-3,Apparel,07/08/2026,07/10/2026,07/09/2026, Shipped,2
WO0002263,South-4,Home Goods,07/08/2026,2026-07-10,07/10/2026,Shipped,7
WO0002264,Northeast-1,Office Supplies,07/08/2026,2026-07-11,2026-07-10,Shipped,9
WO0002265,West-3,Electronics,2026-07-08,07/11/2026,07/10/2026,SHIPPED,7
WO0002266,Midwest-2,Office Supplies,2026-07-08,2026-07-11,07/11/2026, Shipped,9
WO0002267,Northeast-1,Electronics,07/08/2026,07/11/2026,2026-07-10,SHIPPED,2
WO0002268,West-3,Outdoor,2026-07-08,2026-07-11,2026-07-11,shipped,10
WO0002269,Northeast-1,Electronics,07/08/2026,2026-07-11,07/11/2026,shipped,7
WO0002270,West-3,Electronics,07/08/2026,07/09/2026,07/08/2026,Shipped,10
WO0002271,Midwest-2,Office Supplies,07/08/2026,07/09/2026,2026-07-09,Shipped,4
WO0002272,West-3,Home Goods,07/08/2026,2026-07-10,2026-07-09,shipped,5
WO0002273,Northeast-1,Apparel,2026-07-08,2026-07-10,07/10/2026,Shipped,1
WO0002274,South-4,Office Supplies,07/08/2026,2026-07-10,2026-07-09, Shipped,10
WO0002275,Midwest-2,Apparel,2026-07-08,2026-07-10,2026-07-10,SHIPPED,8
WO0002276,West-3,Outdoor,2026-07-08,07/11/2026,2026-07-10,shipped,3
WO0002277,South-4,Home Goods,2026-07-08,2026-07-11,2026-07-12,DELAYED,7
WO0002277,South-4,Home Goods,2026-07-08,2026-07-11,2026-07-12,DELAYED,7
WO0002278,Northeast-1,Office Supplies,2026-07-08,2026-07-11,2026-07-10,Shipped,5
WO0002279,Northeast-1,Office Supplies,07/08/2026,2026-07-09,07/10/2026,DELAYED,4
WO0002280,West-3,Office Supplies,2026-07-08,07/10/2026,07/09/2026,Shipped,1
WO0002281,South-4,Home Goods,07/08/2026,2026-07-11,2026-07-11,SHIPPED,7
WO0002282,West-3,Apparel,07/08/2026,07/09/2026,07/13/2026,DELAYED,8
WO0002283,,Apparel,07/08/2026,07/09/2026,07/13/2026,DELAYED,8
WO0002284,South-4,Office Supplies,07/08/2026,2026-07-09,07/08/2026,shipped,9
WO0002285,West-3,Outdoor,07/08/2026,07/09/2026,,delayed,10
WO0002286,Northeast-1,Apparel,2026-07-08,07/10/2026,2026-07-10,SHIPPED,10
WO0002287,West-3,Electronics,07/08/2026,07/10/2026,2026-07-09, Shipped,4
WO0002288,South-4,Home Goods,2026-07-08,07/10/2026,2026-07-10, Shipped,7
WO0002289,Midwest-2,Home Goods,2026-07-08,2026-07-09,2026-07-09,Shipped,9
WO0002290,Northeast-1,Electronics,07/08/2026,2026-07-09,07/08/2026, Shipped,6
WO0002291,South-4,Home Goods,07/08/2026,07/09/2026,2026-07-09, Shipped,3
WO0002292,Northeast-1,Home Goods,07/08/2026,2026-07-11,07/10/2026,shipped,9
WO0002293,South-4,Home Goods,2026-07-08,07/11/2026,2026-07-11, Shipped,1
WO0002294,South-4,Office Supplies,2026-07-08,2026-07-11,07/11/2026,Shipped,1
WO0002295,Midwest-2,Outdoor,2026-07-08,07/11/2026,2026-07-11, Shipped,1
WO0002296,West-3,Outdoor,2026-07-08,2026-07-10,,Delayed,2
WO0002297,Midwest-2,Apparel,2026-07-08,2026-07-11,07/10/2026, Shipped,5
WO0002297,Midwest-2,Apparel,2026-07-08,2026-07-11,07/10/2026, Shipped,5
WO0002298,West-3,Outdoor,07/08/2026,07/10/2026,2026-07-09,shipped,6
WO0002299,Northeast-1,Home Goods,2026-07-08,07/10/2026,07/09/2026,SHIPPED,10
WO0002300,South-4,Office Supplies,07/08/2026,07/10/2026,07/09/2026,SHIPPED,5
WO0002301,West-3,Home Goods,07/08/2026,2026-07-10,07/10/2026,SHIPPED,9
WO0002302,West-3,Electronics,07/08/2026,2026-07-11,07/10/2026,shipped,5
WO0002303,Northeast-1,Outdoor,07/08/2026,07/10/2026,2026-07-09,SHIPPED,9
WO0002304,Midwest-2,Outdoor,2026-07-08,07/11/2026,2026-07-10,SHIPPED,8
WO0002305,West-3,Office Supplies,07/08/2026,07/09/2026,07/09/2026,Shipped,5
WO0002306,South-4,Outdoor,07/08/2026,2026-07-11,07/10/2026,shipped,7
WO0002307,West-3,Electronics,07/08/2026,2026-07-10,07/09/2026,SHIPPED,1
WO0002308,West-3,Office Supplies,2026-07-08,07/11/2026,2026-07-10,shipped,9
WO0002309,South-4,Electronics,2026-07-08,2026-07-09,2026-07-09,shipped,1
WO0002310,Northeast-1,Office Supplies,07/08/2026,2026-07-11,,Delayed,10
WO0002311,Northeast-1,Apparel,2026-07-08,2026-07-10,07/09/2026, Shipped,6
WO0002312,West-3,Home Goods,2026-07-08,2026-07-10,2026-07-09, Shipped,10
WO0002313,South-4,Outdoor,2026-07-08,07/11/2026,2026-07-11,shipped,3
WO0002314,Midwest-2,Electronics,2026-07-08,2026-07-10,2026-07-10, Shipped,6
WO0002315,Midwest-2,Home Goods,07/08/2026,2026-07-11,07/10/2026, Shipped,3
WO0002316,Midwest-2,Apparel,2026-07-08,07/10/2026,07/10/2026,SHIPPED,1
WO0002317,Northeast-1,Office Supplies,07/08/2026,2026-07-11,2026-07-10,SHIPPED,4
WO0002318,South-4,Office Supplies,2026-07-08,07/10/2026,,cancelled,11
WO0002319,Northeast-1,Apparel,2026-07-08,2026-07-11,07/11/2026, Shipped,5
WO0002320,South-4,Electronics,07/08/2026,07/11/2026,2026-07-10,Shipped,8
WO0002321,Northeast-1,Apparel,07/08/2026,07/11/2026,2026-07-10,shipped,10
WO0002322,Midwest-2,Electronics,2026-07-08,07/11/2026,,cancelled,5
WO0002323,Northeast-1,Electronics,2026-07-08,2026-07-10,07/09/2026, Shipped,8
WO0002324,Midwest-2,Home Goods,2026-07-08,07/10/2026,2026-07-10,Shipped,5
WO0002325,South-4,Office Supplies,2026-07-08,07/09/2026,07/08/2026, Shipped,1
WO0002326,South-4,Outdoor,2026-07-08,07/09/2026,2026-07-09, Shipped,4
WO0002327,South-4,Electronics,07/08/2026,07/09/2026,2026-07-08,SHIPPED,3
WO0002328,West-3,Home Goods,07/08/2026,2026-07-09,,cancelled,11
WO0002329,Midwest-2,Electronics,2026-07-08,07/09/2026,2026-07-08, Shipped,9
WO0002330,West-3,Electronics,2026-07-08,2026-07-11,07/10/2026,Shipped,4
WO0002331,Midwest-2,Electronics,2026-07-08,2026-07-10,07/09/2026,Shipped,7
WO0002332,Northeast-1,Home Goods,07/08/2026,2026-07-09,07/09/2026,shipped,4
WO0002333,West-3,Apparel,07/08/2026,07/10/2026,07/10/2026,SHIPPED,5
WO0002334,South-4,Electronics,2026-07-08,07/09/2026,2026-07-08, Shipped,3
WO0002335,South-4,Home Goods,2026-07-08,07/09/2026,07/08/2026, Shipped,4
WO0002336,West-3,Office Supplies,07/08/2026,2026-07-10,2026-07-09,SHIPPED,3
WO0002337,Northeast-1,Apparel,2026-07-08,07/10/2026,07/09/2026, Shipped,2
WO0002338,Northeast-1,Outdoor,2026-07-08,2026-07-10,2026-07-10, Shipped,4
WO0002339,South-4,Apparel,07/08/2026,2026-07-10,07/09/2026,Shipped,2
WO0002340,West-3,Office Supplies,2026-07-08,2026-07-11,07/11/2026,Shipped,9
WO0002341,Northeast-1,Electronics,2026-07-08,07/10/2026,2026-07-10,Shipped,7
WO0002342,West-3,Home Goods,07/08/2026,2026-07-11,2026-07-10,SHIPPED,4
WO0002343,West-3,Home Goods,2026-07-08,07/10/2026,07/09/2026,Shipped,5
WO0002344,Northeast-1,Outdoor,2026-07-08,07/10/2026,07/09/2026,Shipped,11
WO0002345,Northeast-1,Office Supplies,2026-07-08,2026-07-09,07/09/2026,SHIPPED,4
WO0002346,South-4,Office Supplies,07/08/2026,07/10/2026,07/09/2026,shipped,11
WO0002347,South-4,Home Goods,2026-07-08,07/10/2026,07/09/2026,SHIPPED,8
WO0002348,Midwest-2,Office Supplies,2026-07-08,2026-07-09,07/09/2026,shipped,3
WO0002349,Midwest-2,Outdoor,2026-07-08,07/09/2026,,Delayed,5
WO0002350,Northeast-1,Outdoor,07/08/2026,07/10/2026,07/10/2026,shipped,6
WO0002351,Northeast-1,Apparel,2026-07-08,2026-07-09,07/08/2026, Shipped,1
WO0002352,West-3,Office Supplies,2026-07-08,2026-07-11,07/11/2026, Shipped,10
WO0002353,Midwest-2,Outdoor,07/08/2026,07/10/2026,2026-07-09,Shipped,6
WO0002354,Northeast-1,Office Supplies,2026-07-08,2026-07-10,2026-07-10,shipped,9
WO0002355,Northeast-1,Electronics,07/08/2026,07/09/2026,2026-07-08,Shipped,3
WO0002356,Midwest-2,Outdoor,2026-07-08,07/10/2026,07/10/2026,SHIPPED,5
WO0002357,Northeast-1,Electronics,07/08/2026,2026-07-11,07/15/2026,DELAYED,5
WO0002358,Midwest-2,Home Goods,07/08/2026,07/09/2026,2026-07-08,Shipped,1
WO0002359,Midwest-2,Office Supplies,07/08/2026,2026-07-11,07/11/2026,SHIPPED,10
WO0002360,West-3,Electronics,07/08/2026,2026-07-09,07/09/2026,SHIPPED,8
WO0002361,South-4,Office Supplies,07/08/2026,07/10/2026,2026-07-09, Shipped,5
WO0002362,West-3,Apparel,07/08/2026,2026-07-10,2026-07-09,SHIPPED,5
WO0002363,West-3,Home Goods,2026-07-08,2026-07-11,,Delayed,4
WO0002364,South-4,Office Supplies,2026-07-08,07/11/2026,2026-07-11,Shipped,2
WO0002365,Northeast-1,Apparel,2026-07-08,2026-07-10,07/10/2026,shipped,2
WO0002366,Midwest-2,Office Supplies,07/08/2026,07/11/2026,07/10/2026, Shipped,6
WO0002367,South-4,Electronics,07/08/2026,07/11/2026,07/10/2026,Shipped,4
WO0002368,Midwest-2,Home Goods,07/08/2026,07/11/2026,2026-07-10, Shipped,10
WO0002369,West-3,Apparel,07/08/2026,2026-07-11,07/11/2026, Shipped,10
WO0002370,West-3,Home Goods,2026-07-08,2026-07-09,2026-07-08,SHIPPED,11
WO0002371,Midwest-2,Apparel,07/08/2026,2026-07-09,2026-07-08,SHIPPED,2
WO0002372,West-3,Home Goods,2026-07-08,07/11/2026,07/10/2026,SHIPPED,5
WO0002373,Northeast-1,Outdoor,07/08/2026,2026-07-11,2026-07-11,Shipped,11
WO0002374,South-4,Apparel,2026-07-08,07/10/2026,2026-07-09,Shipped,2
WO0002375,,Apparel,2026-07-08,07/10/2026,2026-07-09,Shipped,2
WO0002376,South-4,Office Supplies,07/08/2026,07/09/2026,07/08/2026, Shipped,4
WO0002377,South-4,Apparel,07/08/2026,2026-07-09,2026-07-09,Shipped,7
WO0002378,West-3,Home Goods,2026-07-08,2026-07-10,07/09/2026, Shipped,9
WO0002379,South-4,Electronics,2026-07-09,2026-07-12,2026-07-11, Shipped,1
WO0002380,West-3,Outdoor,2026-07-09,07/10/2026,07/09/2026,SHIPPED,2
WO0002381,West-3,Home Goods,2026-07-09,07/11/2026,2026-07-11,Shipped,9
WO0002382,Midwest-2,Office Supplies,2026-07-09,2026-07-10,07/10/2026, Shipped,2
WO0002383,South-4,Outdoor,07/09/2026,2026-07-10,07/09/2026,SHIPPED,8
WO0002384,Northeast-1,Home Goods,07/09/2026,2026-07-10,2026-07-10, Shipped,3
WO0002385,West-3,Office Supplies,07/09/2026,2026-07-11,,DELAYED,11
WO0002386,Midwest-2,Electronics,07/09/2026,07/10/2026,07/10/2026, Shipped,6
WO0002387,Midwest-2,Electronics,07/09/2026,07/10/2026,2026-07-10,Shipped,9
WO0002388,Northeast-1,Outdoor,2026-07-09,07/11/2026,07/10/2026, Shipped,9
WO0002389,South-4,Apparel,07/09/2026,2026-07-12,07/12/2026,shipped,11
WO0002390,Midwest-2,Outdoor,2026-07-09,07/12/2026,2026-07-11,SHIPPED,9
WO0002391,West-3,Home Goods,2026-07-09,2026-07-10,,delayed,10
WO0002392,West-3,Outdoor,2026-07-09,2026-07-10,07/10/2026,Shipped,4
WO0002393,South-4,Apparel,07/09/2026,07/12/2026,2026-07-11,Shipped,6
WO0002394,Northeast-1,Home Goods,2026-07-09,07/11/2026,2026-07-11,shipped,11
WO0002395,West-3,Outdoor,2026-07-09,07/11/2026,2026-07-11, Shipped,1
WO0002396,South-4,Outdoor,07/09/2026,2026-07-11,07/10/2026,SHIPPED,9
WO0002397,Northeast-1,Office Supplies,07/09/2026,2026-07-10,2026-07-09,SHIPPED,10
WO0002398,South-4,Office Supplies,2026-07-09,2026-07-11,,Delayed,5
WO0002399,West-3,Electronics,2026-07-09,07/12/2026,07/11/2026, Shipped,6
WO0002400,Northeast-1,Outdoor,2026-07-09,2026-07-12,07/11/2026, Shipped,9
WO0002401,West-3,Apparel,2026-07-09,07/11/2026,2026-07-10, Shipped,3
WO0002402,West-3,Electronics,2026-07-09,07/12/2026,2026-07-11, Shipped,7
WO0002403,West-3,Apparel,07/09/2026,07/11/2026,07/11/2026, Shipped,3
WO0002404,Midwest-2,Electronics,07/09/2026,07/11/2026,07/11/2026,Shipped,6
WO0002405,South-4,Home Goods,2026-07-09,07/11/2026,2026-07-10,Shipped,11
WO0002406,South-4,Electronics,2026-07-09,2026-07-10,2026-07-10, Shipped,6
WO0002407,West-3,Office Supplies,07/09/2026,2026-07-12,07/12/2026,SHIPPED,2
WO0002408,South-4,Apparel,2026-07-09,2026-07-12,2026-07-12,SHIPPED,3
WO0002409,Northeast-1,Electronics,2026-07-09,2026-07-12,07/12/2026,SHIPPED,7
WO0002410,South-4,Outdoor,2026-07-09,2026-07-10,07/09/2026,SHIPPED,7
WO0002411,West-3,Electronics,2026-07-09,2026-07-10,2026-07-10,SHIPPED,6
WO0002412,Northeast-1,Outdoor,2026-07-09,2026-07-11,07/11/2026, Shipped,10
WO0002413,South-4,Electronics,07/09/2026,07/11/2026,2026-07-10,shipped,6
WO0002414,Midwest-2,Outdoor,2026-07-09,07/11/2026,2026-07-10,SHIPPED,5
WO0002415,Midwest-2,Outdoor,2026-07-09,2026-07-11,2026-07-10,shipped,8
WO0002416,West-3,Outdoor,07/09/2026,2026-07-10,07/10/2026,SHIPPED,1
WO0002417,South-4,Home Goods,2026-07-09,07/11/2026,2026-07-10,SHIPPED,6
WO0002418,West-3,Home Goods,07/09/2026,2026-07-11,07/10/2026, Shipped,11
WO0002419,Midwest-2,Office Supplies,2026-07-09,2026-07-10,2026-07-10, Shipped,11
WO0002420,Northeast-1,Outdoor,2026-07-09,07/11/2026,2026-07-10,shipped,6
WO0002421,Northeast-1,Apparel,2026-07-09,07/12/2026,,Delayed,6
WO0002422,West-3,Office Supplies,07/09/2026,2026-07-11,2026-07-11,SHIPPED,7
WO0002423,Midwest-2,Electronics,2026-07-09,2026-07-10,,DELAYED,5
WO0002424,South-4,Outdoor,2026-07-09,2026-07-11,2026-07-11, Shipped,9
WO0002425,South-4,Outdoor,07/09/2026,2026-07-11,2026-07-11,shipped,4
WO0002426,Midwest-2,Electronics,2026-07-09,2026-07-10,07/09/2026,Shipped,1
WO0002427,West-3,Apparel,2026-07-09,07/12/2026,07/12/2026, Shipped,5
WO0002428,Northeast-1,Office Supplies,2026-07-09,07/12/2026,07/12/2026,SHIPPED,8
WO0002428,Northeast-1,Office Supplies,2026-07-09,07/12/2026,07/12/2026,SHIPPED,8
WO0002429,Midwest-2,Apparel,2026-07-09,2026-07-12,07/17/2026,Delayed,1
WO0002430,Midwest-2,Electronics,07/09/2026,07/12/2026,07/12/2026,Shipped,3
WO0002431,West-3,Apparel,07/09/2026,07/11/2026,2026-07-10, Shipped,5
WO0002432,Midwest-2,Home Goods,2026-07-09,2026-07-11,2026-07-10, Shipped,1
WO0002433,West-3,Apparel,2026-07-09,07/12/2026,2026-07-12,SHIPPED,7
WO0002434,Midwest-2,Electronics,07/09/2026,07/12/2026,,Cancelled,11
WO0002435,West-3,Home Goods,07/09/2026,07/10/2026,2026-07-09,SHIPPED,11
WO0002436,West-3,Office Supplies,2026-07-09,2026-07-12,07/11/2026,SHIPPED,4
WO0002437,South-4,Office Supplies,2026-07-09,2026-07-12,07/12/2026,SHIPPED,1
WO0002438,Northeast-1,Electronics,07/09/2026,2026-07-10,07/09/2026,Shipped,5
WO0002439,West-3,Outdoor,07/09/2026,2026-07-10,2026-07-10, Shipped,4
WO0002440,Northeast-1,Electronics,07/09/2026,2026-07-11,2026-07-10,Shipped,11
WO0002441,Northeast-1,Outdoor,07/09/2026,2026-07-12,07/11/2026,SHIPPED,8
WO0002442,South-4,Apparel,2026-07-09,07/11/2026,2026-07-10,SHIPPED,8
WO0002443,Northeast-1,Home Goods,2026-07-09,2026-07-10,2026-07-09,shipped,7
WO0002444,West-3,Outdoor,07/09/2026,2026-07-10,07/10/2026,SHIPPED,11
WO0002445,West-3,Electronics,07/09/2026,07/12/2026,2026-07-12,shipped,8
WO0002446,West-3,Home Goods,2026-07-09,2026-07-11,07/10/2026,shipped,8
WO0002447,West-3,Home Goods,07/09/2026,07/11/2026,2026-07-11,shipped,7
WO0002448,Northeast-1,Apparel,07/09/2026,07/10/2026,07/09/2026, Shipped,5
WO0002449,Northeast-1,Apparel,07/09/2026,07/10/2026,2026-07-10,shipped,9
WO0002450,South-4,Office Supplies,2026-07-09,2026-07-11,2026-07-10, Shipped,11
WO0002451,South-4,Home Goods,07/09/2026,2026-07-12,07/11/2026,shipped,4
WO0002452,South-4,Office Supplies,2026-07-09,07/11/2026,2026-07-11,shipped,3
WO0002453,Northeast-1,Office Supplies,2026-07-09,2026-07-10,07/09/2026,shipped,3
WO0002454,South-4,Electronics,07/09/2026,07/11/2026,07/11/2026,shipped,2
WO0002455,West-3,Office Supplies,07/09/2026,07/12/2026,2026-07-12,SHIPPED,1
WO0002456,Midwest-2,Outdoor,2026-07-09,2026-07-11,2026-07-11,shipped,11
WO0002457,Midwest-2,Electronics,2026-07-09,2026-07-10,2026-07-10, Shipped,1
WO0002458,Midwest-2,Office Supplies,2026-07-09,2026-07-11,2026-07-10,SHIPPED,10
WO0002459,Midwest-2,Outdoor,07/09/2026,2026-07-11,07/10/2026,Shipped,2
WO0002460,Midwest-2,Outdoor,2026-07-09,07/10/2026,07/09/2026,shipped,1
WO0002461,West-3,Electronics,07/09/2026,07/12/2026,07/12/2026, Shipped,9
WO0002462,Northeast-1,Office Supplies,2026-07-09,07/11/2026,2026-07-10,Shipped,8
WO0002463,West-3,Home Goods,07/09/2026,2026-07-11,07/11/2026,Shipped,2
WO0002464,Northeast-1,Apparel,2026-07-09,2026-07-12,07/11/2026,Shipped,1
WO0002465,Midwest-2,Electronics,2026-07-09,07/10/2026,2026-07-10,shipped,10
WO0002466,South-4,Apparel,07/09/2026,2026-07-11,07/11/2026, Shipped,8
WO0002467,Midwest-2,Electronics,2026-07-09,07/10/2026,2026-07-09,Shipped,4
WO0002468,South-4,Office Supplies,07/09/2026,2026-07-12,07/12/2026, Shipped,9
WO0002469,Midwest-2,Office Supplies,07/09/2026,07/11/2026,07/11/2026,Shipped,10
WO0002470,South-4,Office Supplies,07/09/2026,2026-07-12,07/12/2026,shipped,9
WO0002471,South-4,Home Goods,07/09/2026,2026-07-10,07/09/2026,shipped,10
WO0002472,West-3,Outdoor,07/09/2026,2026-07-11,2026-07-10,Shipped,4
WO0002473,West-3,Office Supplies,07/09/2026,2026-07-12,07/11/2026,SHIPPED,10
WO0002474,Northeast-1,Office Supplies,07/09/2026,2026-07-10,2026-07-09, Shipped,7
WO0002475,Midwest-2,Home Goods,2026-07-09,07/11/2026,07/10/2026,Shipped,10
WO0002476,Northeast-1,Office Supplies,07/09/2026,07/10/2026,07/10/2026, Shipped,11
WO0002477,South-4,Office Supplies,2026-07-09,2026-07-11,,cancelled,2
WO0002478,Midwest-2,Office Supplies,2026-07-09,2026-07-10,2026-07-10, Shipped,8
WO0002479,West-3,Apparel,07/09/2026,07/12/2026,2026-07-12,Shipped,6
WO0002480,South-4,Apparel,07/09/2026,07/10/2026,2026-07-09,Shipped,1
WO0002481,Northeast-1,Outdoor,07/09/2026,07/10/2026,2026-07-12,Delayed,10
WO0002482,Northeast-1,Outdoor,07/09/2026,07/10/2026,2026-07-12,Delayed,-1
WO0002483,West-3,Electronics,2026-07-09,07/11/2026,07/11/2026, Shipped,10
WO0002484,Midwest-2,Apparel,2026-07-09,07/12/2026,2026-07-12,SHIPPED,4
WO0002485,West-3,Electronics,07/09/2026,2026-07-10,2026-07-10,SHIPPED,6
WO0002486,West-3,Electronics,2026-07-09,07/10/2026,2026-07-09,Shipped,8
WO0002487,South-4,Office Supplies,07/09/2026,07/12/2026,2026-07-12,shipped,11
WO0002488,West-3,Apparel,07/09/2026,07/10/2026,07/09/2026,shipped,9
WO0002489,South-4,Office Supplies,2026-07-09,07/10/2026,2026-07-09,SHIPPED,7
WO0002490,Northeast-1,Electronics,07/09/2026,07/12/2026,2026-07-11,Shipped,2
WO0002491,South-4,Electronics,07/09/2026,07/12/2026,2026-07-11,shipped,8
WO0002492,West-3,Electronics,2026-07-09,2026-07-10,07/10/2026,shipped,3
WO0002493,Midwest-2,Office Supplies,07/09/2026,2026-07-11,,Delayed,8
WO0002494,Northeast-1,Home Goods,07/09/2026,2026-07-10,07/09/2026,SHIPPED,8
WO0002495,South-4,Home Goods,2026-07-09,07/11/2026,2026-07-10,Shipped,8
WO0002496,South-4,Apparel,2026-07-09,07/10/2026,2026-07-10,Shipped,1
WO0002497,South-4,Office Supplies,07/09/2026,07/11/2026,07/11/2026,SHIPPED,7
WO0002498,Midwest-2,Apparel,07/09/2026,07/10/2026,2026-07-10,SHIPPED,11
WO0002499,Northeast-1,Apparel,07/09/2026,07/10/2026,2026-07-09,SHIPPED,4
WO0002500,South-4,Apparel,2026-07-09,07/11/2026,07/11/2026,Shipped,6
WO0002501,West-3,Electronics,2026-07-09,07/12/2026,2026-07-12,shipped,4
WO0002502,South-4,Electronics,2026-07-09,07/10/2026,07/10/2026, Shipped,4
WO0002503,South-4,Home Goods,07/09/2026,07/10/2026,07/10/2026,SHIPPED,4
WO0002504,Northeast-1,Home Goods,07/09/2026,2026-07-12,07/11/2026,Shipped,4
WO0002505,West-3,Electronics,07/09/2026,2026-07-11,07/11/2026,shipped,11
WO0002506,South-4,Office Supplies,2026-07-09,07/11/2026,2026-07-10, Shipped,11
WO0002507,West-3,Apparel,07/09/2026,07/11/2026,2026-07-11,SHIPPED,11
WO0002508,West-3,Outdoor,07/09/2026,2026-07-12,07/16/2026,DELAYED,8
WO0002509,South-4,Apparel,07/09/2026,2026-07-11,07/10/2026,SHIPPED,9
WO0002510,South-4,Electronics,07/10/2026,2026-07-11,2026-07-10,shipped,9
WO0002511,South-4,Outdoor,07/10/2026,07/12/2026,2026-07-12,shipped,10
WO0002512,South-4,Office Supplies,07/10/2026,07/12/2026,2026-07-11,SHIPPED,8
WO0002513,Northeast-1,Electronics,2026-07-10,07/13/2026,07/12/2026, Shipped,6
WO0002514,Northeast-1,Office Supplies,2026-07-10,07/12/2026,07/11/2026, Shipped,3
WO0002515,South-4,Apparel,2026-07-10,2026-07-11,07/15/2026,Delayed,1
WO0002515,South-4,Apparel,2026-07-10,2026-07-11,07/15/2026,Delayed,1
WO0002516,South-4,Outdoor,07/10/2026,2026-07-13,07/13/2026,SHIPPED,1
WO0002517,Northeast-1,Apparel,07/10/2026,07/11/2026,07/10/2026,Shipped,2
WO0002518,Midwest-2,Apparel,07/10/2026,07/11/2026,2026-07-11,Shipped,6
WO0002519,,Apparel,07/10/2026,07/11/2026,2026-07-11,Shipped,6
WO0002520,Midwest-2,Office Supplies,07/10/2026,2026-07-12,07/11/2026,Shipped,5
WO0002520,Midwest-2,Office Supplies,07/10/2026,2026-07-12,07/11/2026,Shipped,5
WO0002521,South-4,Office Supplies,2026-07-10,07/13/2026,2026-07-13,SHIPPED,1
WO0002522,West-3,Outdoor,07/10/2026,07/11/2026,2026-07-11, Shipped,7
WO0002523,South-4,Apparel,2026-07-10,07/13/2026,2026-07-13,Shipped,6
WO0002524,Midwest-2,Outdoor,07/10/2026,2026-07-12,2026-07-12, Shipped,2
WO0002525,Midwest-2,Electronics,2026-07-10,2026-07-12,07/12/2026, Shipped,11
WO0002526,South-4,Home Goods,2026-07-10,2026-07-13,07/13/2026, Shipped,8
WO0002527,West-3,Outdoor,07/10/2026,07/12/2026,,delayed,11
WO0002528,Northeast-1,Office Supplies,2026-07-10,07/13/2026,07/12/2026,SHIPPED,10
WO0002529,South-4,Home Goods,2026-07-10,07/12/2026,2026-07-12,shipped,7
WO0002530,South-4,Apparel,2026-07-10,2026-07-11,2026-07-11,Shipped,4
WO0002531,Northeast-1,Home Goods,2026-07-10,07/12/2026,2026-07-11,Shipped,8
WO0002532,Northeast-1,Electronics,2026-07-10,2026-07-11,2026-07-11,Shipped,5
WO0002533,Northeast-1,Office Supplies,2026-07-10,07/13/2026,07/13/2026,shipped,2
WO0002534,Northeast-1,Outdoor,2026-07-10,2026-07-11,07/11/2026, Shipped,9
WO0002535,Northeast-1,Electronics,07/10/2026,07/11/2026,2026-07-10, Shipped,11
WO0002536,Midwest-2,Home Goods,07/10/2026,07/13/2026,07/15/2026,DELAYED,9
WO0002537,West-3,Home Goods,07/10/2026,2026-07-12,2026-07-11, Shipped,11
WO0002538,Northeast-1,Home Goods,2026-07-10,2026-07-13,2026-07-13,shipped,9
WO0002539,West-3,Home Goods,07/10/2026,2026-07-13,07/13/2026,Shipped,1
WO0002540,West-3,Electronics,07/10/2026,07/12/2026,07/11/2026,shipped,11
WO0002541,Midwest-2,Apparel,2026-07-10,07/12/2026,2026-07-11,SHIPPED,4
WO0002542,Northeast-1,Outdoor,2026-07-10,2026-07-12,2026-07-12,shipped,1
WO0002543,South-4,Apparel,2026-07-10,2026-07-12,07/11/2026,shipped,9
WO0002544,South-4,Apparel,07/10/2026,07/12/2026,07/12/2026, Shipped,2
WO0002545,South-4,Electronics,2026-07-10,07/12/2026,,DELAYED,7
WO0002546,South-4,Home Goods,2026-07-10,07/12/2026,2026-07-11, Shipped,7
WO0002547,West-3,Home Goods,2026-07-10,2026-07-13,07/12/2026,SHIPPED,5
WO0002548,West-3,Office Supplies,2026-07-10,07/13/2026,2026-07-13, Shipped,3
WO0002549,Midwest-2,Outdoor,2026-07-10,07/13/2026,2026-07-12, Shipped,5
WO0002550,Midwest-2,Home Goods,07/10/2026,2026-07-11,07/10/2026,shipped,1
WO0002551,,Home Goods,07/10/2026,2026-07-11,07/10/2026,shipped,1
WO0002552,South-4,Electronics,07/10/2026,07/11/2026,07/10/2026,Shipped,10
WO0002553,West-3,Electronics,2026-07-10,2026-07-13,07/12/2026, Shipped,8
WO0002554,South-4,Electronics,2026-07-10,07/11/2026,2026-07-10,Shipped,4
WO0002555,South-4,Outdoor,07/10/2026,2026-07-13,07/13/2026,shipped,3
WO0002556,Northeast-1,Apparel,2026-07-10,07/12/2026,07/12/2026,shipped,10
WO0002557,Northeast-1,Home Goods,07/10/2026,07/12/2026,07/12/2026, Shipped,2
WO0002558,Midwest-2,Home Goods,2026-07-10,07/11/2026,07/10/2026, Shipped,4
WO0002559,South-4,Outdoor,2026-07-10,07/11/2026,07/10/2026,shipped,1
WO0002560,Northeast-1,Outdoor,2026-07-10,07/12/2026,07/11/2026,shipped,6
WO0002561,West-3,Apparel,07/10/2026,07/11/2026,07/11/2026,SHIPPED,4
WO0002562,West-3,Outdoor,2026-07-10,2026-07-11,2026-07-10,SHIPPED,8
WO0002563,Northeast-1,Outdoor,07/10/2026,07/11/2026,2026-07-10,Shipped,8
WO0002564,South-4,Home Goods,2026-07-10,07/12/2026,2026-07-11, Shipped,4
WO0002565,Midwest-2,Apparel,07/10/2026,2026-07-12,2026-07-11,shipped,7
WO0002566,West-3,Apparel,07/10/2026,2026-07-13,07/12/2026, Shipped,2
WO0002567,West-3,Outdoor,07/10/2026,07/13/2026,07/12/2026,shipped,1
WO0002568,West-3,Office Supplies,07/10/2026,2026-07-13,2026-07-12,Shipped,11
WO0002569,West-3,Home Goods,07/10/2026,2026-07-13,2026-07-12,SHIPPED,9
WO0002570,Northeast-1,Office Supplies,2026-07-10,07/13/2026,2026-07-13,Shipped,5
WO0002571,South-4,Home Goods,2026-07-10,2026-07-11,,cancelled,11
WO0002572,Northeast-1,Home Goods,07/10/2026,2026-07-13,07/13/2026,SHIPPED,4
WO0002573,Midwest-2,Office Supplies,07/10/2026,07/12/2026,2026-07-17,delayed,1
WO0002574,South-4,Outdoor,07/10/2026,2026-07-13,07/12/2026,shipped,11
WO0002575,Northeast-1,Apparel,07/10/2026,07/13/2026,,Delayed,10
WO0002576,Midwest-2,Office Supplies,2026-07-10,07/13/2026,07/13/2026,shipped,10
WO0002577,Northeast-1,Electronics,07/10/2026,07/12/2026,07/12/2026, Shipped,5
WO0002578,South-4,Office Supplies,2026-07-10,2026-07-12,07/11/2026,Shipped,2
WO0002579,South-4,Office Supplies,07/10/2026,07/11/2026,2026-07-10,SHIPPED,1
WO0002580,West-3,Outdoor,07/10/2026,07/12/2026,2026-07-11,shipped,6
WO0002581,South-4,Home Goods,07/10/2026,07/12/2026,2026-07-13,Delayed,6
WO0002582,West-3,Apparel,07/10/2026,07/13/2026,2026-07-12,Shipped,3
WO0002583,South-4,Home Goods,07/10/2026,2026-07-12,,Canceled,8
WO0002584,West-3,Outdoor,2026-07-10,2026-07-11,2026-07-11,shipped,7
WO0002584,West-3,Outdoor,2026-07-10,2026-07-11,2026-07-11,shipped,7
WO0002585,Midwest-2,Apparel,07/10/2026,07/13/2026,07/12/2026,shipped,7
WO0002586,Midwest-2,Outdoor,07/10/2026,07/12/2026,2026-07-12,SHIPPED,3
WO0002587,Northeast-1,Apparel,2026-07-10,2026-07-13,2026-07-12,Shipped,1
WO0002588,West-3,Office Supplies,2026-07-10,2026-07-11,07/12/2026,DELAYED,11
WO0002589,Midwest-2,Home Goods,07/10/2026,07/13/2026,2026-07-13, Shipped,3
WO0002590,Northeast-1,Office Supplies,07/10/2026,07/13/2026,2026-07-12,Shipped,9
WO0002591,Midwest-2,Office Supplies,07/10/2026,2026-07-13,07/12/2026, Shipped,1
WO0002592,Midwest-2,Outdoor,07/10/2026,2026-07-11,07/11/2026, Shipped,3
WO0002592,Midwest-2,Outdoor,07/10/2026,2026-07-11,07/11/2026, Shipped,3
WO0002593,West-3,Apparel,2026-07-10,07/12/2026,2026-07-11,shipped,3
WO0002594,Midwest-2,Apparel,2026-07-10,2026-07-12,,DELAYED,1
WO0002595,Midwest-2,Office Supplies,07/10/2026,07/11/2026,07/10/2026,SHIPPED,4
WO0002596,West-3,Office Supplies,07/10/2026,07/12/2026,2026-07-12,SHIPPED,4
WO0002597,Northeast-1,Apparel,07/10/2026,2026-07-12,2026-07-11,shipped,6
WO0002598,Midwest-2,Outdoor,07/10/2026,07/13/2026,07/13/2026,SHIPPED,2
WO0002599,South-4,Apparel,07/10/2026,07/13/2026,07/13/2026,SHIPPED,1
WO0002600,Midwest-2,Apparel,07/10/2026,2026-07-12,07/11/2026,SHIPPED,6
WO0002601,South-4,Apparel,2026-07-10,07/13/2026,07/12/2026,SHIPPED,10
WO0002602,Northeast-1,Home Goods,07/10/2026,07/11/2026,07/11/2026, Shipped,1
WO0002603,West-3,Electronics,07/10/2026,2026-07-11,2026-07-10, Shipped,11
WO0002604,West-3,Home Goods,07/10/2026,2026-07-11,07/10/2026,SHIPPED,9
WO0002605,West-3,Office Supplies,2026-07-10,2026-07-12,07/12/2026,shipped,3
WO0002606,,Office Supplies,2026-07-10,2026-07-12,07/12/2026,shipped,3
WO0002607,West-3,Office Supplies,2026-07-10,2026-07-11,2026-07-11, Shipped,10
WO0002608,Northeast-1,Electronics,2026-07-10,2026-07-13,07/12/2026, Shipped,11
WO0002609,Midwest-2,Office Supplies,2026-07-10,07/11/2026,07/10/2026,shipped,10
WO0002610,South-4,Outdoor,2026-07-10,2026-07-12,2026-07-12,shipped,1
WO0002611,Midwest-2,Electronics,07/10/2026,07/11/2026,2026-07-11, Shipped,11
WO0002612,Midwest-2,Electronics,2026-07-10,07/12/2026,07/12/2026, Shipped,5
WO0002613,Midwest-2,Apparel,2026-07-10,2026-07-11,,DELAYED,8
WO0002614,South-4,Home Goods,07/10/2026,07/11/2026,2026-07-11,shipped,3
WO0002615,Midwest-2,Office Supplies,07/10/2026,07/12/2026,07/11/2026, Shipped,4
WO0002616,,Office Supplies,07/10/2026,07/12/2026,07/11/2026, Shipped,4
WO0002617,South-4,Office Supplies,07/10/2026,07/11/2026,07/11/2026,SHIPPED,5
WO0002618,Midwest-2,Apparel,2026-07-10,07/12/2026,07/11/2026,Shipped,2
WO0002619,West-3,Office Supplies,2026-07-10,2026-07-13,2026-07-13, Shipped,7
WO0002620,South-4,Outdoor,2026-07-10,07/11/2026,2026-07-11,shipped,1
WO0002621,Midwest-2,Office Supplies,07/10/2026,07/12/2026,2026-07-11, Shipped,8
WO0002622,Midwest-2,Outdoor,07/10/2026,2026-07-11,,DELAYED,2
WO0002623,South-4,Electronics,07/10/2026,07/13/2026,2026-07-12,shipped,9
WO0002624,Northeast-1,Electronics,2026-07-10,2026-07-12,2026-07-11,shipped,11
WO0002625,Northeast-1,Office Supplies,07/10/2026,2026-07-12,,DELAYED,6
WO0002626,Northeast-1,Electronics,07/10/2026,07/13/2026,2026-07-13, Shipped,11
WO0002627,West-3,Home Goods,07/10/2026,07/11/2026,,Delayed,5
WO0002628,South-4,Office Supplies,2026-07-10,07/13/2026,2026-07-12,Shipped,3
WO0002629,West-3,Apparel,2026-07-10,07/12/2026,07/12/2026,SHIPPED,11
WO0002630,South-4,Outdoor,2026-07-10,2026-07-12,07/11/2026,Shipped,9
WO0002631,West-3,Electronics,2026-07-10,07/13/2026,07/13/2026,SHIPPED,5
WO0002632,Midwest-2,Office Supplies,2026-07-10,07/12/2026,2026-07-11, Shipped,2
WO0002633,Northeast-1,Electronics,07/10/2026,2026-07-12,07/11/2026,shipped,2
WO0002634,West-3,Apparel,07/10/2026,2026-07-12,2026-07-12,shipped,8
WO0002635,,Apparel,07/10/2026,2026-07-12,2026-07-12,shipped,8
WO0002636,South-4,Home Goods,07/10/2026,2026-07-12,07/16/2026,Delayed,2
WO0002637,Midwest-2,Office Supplies,2026-07-10,2026-07-12,07/11/2026,Shipped,6
WO0002638,South-4,Outdoor,2026-07-10,07/13/2026,07/12/2026, Shipped,8
WO0002639,West-3,Electronics,2026-07-10,07/11/2026,2026-07-10,Shipped,10
WO0002640,Midwest-2,Outdoor,07/10/2026,07/12/2026,07/11/2026,shipped,2
WO0002641,South-4,Outdoor,2026-07-10,2026-07-12,07/12/2026,SHIPPED,4
WO0002642,Midwest-2,Apparel,07/10/2026,07/13/2026,2026-07-12,SHIPPED,4
WO0002643,West-3,Apparel,2026-07-10,07/12/2026,07/11/2026,SHIPPED,8
WO0002644,West-3,Home Goods,07/10/2026,07/13/2026,07/12/2026,Shipped,3
WO0002645,South-4,Home Goods,07/10/2026,07/12/2026,2026-07-11, Shipped,5
WO0002646,,Home Goods,07/10/2026,07/12/2026,2026-07-11, Shipped,5
WO0002647,Midwest-2,Apparel,07/10/2026,2026-07-13,2026-07-13,shipped,9
WO0002648,Northeast-1,Apparel,2026-07-10,07/11/2026,,DELAYED,3
WO0002649,West-3,Outdoor,2026-07-10,07/13/2026,2026-07-13, Shipped,2
WO0002650,Northeast-1,Home Goods,07/10/2026,2026-07-13,07/12/2026,Shipped,7
WO0002651,Northeast-1,Electronics,2026-07-10,2026-07-12,2026-07-12,shipped,1
WO0002652,Northeast-1,Electronics,07/10/2026,07/13/2026,07/12/2026,Shipped,3
WO0002653,Midwest-2,Outdoor,2026-07-10,07/11/2026,2026-07-10,SHIPPED,7
WO0002654,South-4,Apparel,07/10/2026,2026-07-13,07/13/2026,SHIPPED,9
WO0002655,Midwest-2,Apparel,07/10/2026,07/11/2026,07/11/2026,Shipped,6
WO0002656,West-3,Office Supplies,07/10/2026,07/12/2026,2026-07-12, Shipped,11
WO0002657,Northeast-1,Apparel,07/10/2026,07/12/2026,07/11/2026,SHIPPED,2
WO0002658,Midwest-2,Office Supplies,2026-07-10,2026-07-13,2026-07-12, Shipped,9
WO0002659,Midwest-2,Office Supplies,2026-07-10,07/12/2026,2026-07-12,Shipped,6
WO0002660,South-4,Office Supplies,07/10/2026,2026-07-13,07/12/2026,Shipped,4
WO0002661,Northeast-1,Electronics,2026-07-10,2026-07-13,2026-07-13,SHIPPED,2
WO0002662,West-3,Office Supplies,2026-07-10,07/13/2026,2026-07-13,SHIPPED,5
WO0002663,Midwest-2,Home Goods,07/10/2026,07/11/2026,07/11/2026,shipped,6
WO0002664,West-3,Electronics,07/10/2026,07/13/2026,2026-07-12,shipped,8
WO0002665,West-3,Office Supplies,2026-07-11,07/13/2026,07/13/2026,SHIPPED,10
WO0002666,West-3,Electronics,2026-07-11,2026-07-14,07/17/2026,Delayed,6
WO0002667,South-4,Electronics,2026-07-11,2026-07-14,07/14/2026,SHIPPED,9
WO0002668,Northeast-1,Apparel,07/11/2026,07/12/2026,2026-07-12,SHIPPED,1
WO0002669,Midwest-2,Home Goods,07/11/2026,2026-07-12,07/15/2026,Delayed,7
WO0002670,Midwest-2,Electronics,2026-07-11,07/12/2026,2026-07-12,SHIPPED,8
WO0002671,West-3,Outdoor,2026-07-11,2026-07-12,07/11/2026, Shipped,5
WO0002672,Midwest-2,Electronics,2026-07-11,07/13/2026,,cancelled,5
WO0002673,South-4,Apparel,07/11/2026,07/14/2026,2026-07-14,shipped,6
WO0002674,Northeast-1,Outdoor,2026-07-11,2026-07-13,2026-07-13,Shipped,9
WO0002675,South-4,Outdoor,07/11/2026,2026-07-13,2026-07-12,SHIPPED,1
WO0002676,South-4,Outdoor,2026-07-11,2026-07-12,2026-07-12,SHIPPED,10
WO0002677,West-3,Electronics,2026-07-11,07/14/2026,2026-07-13,shipped,2
WO0002678,Midwest-2,Office Supplies,2026-07-11,2026-07-13,07/12/2026,SHIPPED,10
WO0002679,Northeast-1,Outdoor,07/11/2026,07/13/2026,07/12/2026,shipped,10
WO0002680,South-4,Apparel,07/11/2026,2026-07-12,07/11/2026, Shipped,10
WO0002681,West-3,Apparel,2026-07-11,07/12/2026,07/12/2026, Shipped,7
WO0002682,South-4,Office Supplies,07/11/2026,2026-07-13,07/12/2026,SHIPPED,11
WO0002683,South-4,Apparel,2026-07-11,2026-07-12,2026-07-12,SHIPPED,1
WO0002684,Northeast-1,Apparel,07/11/2026,2026-07-12,2026-07-12,SHIPPED,7
WO0002685,South-4,Electronics,07/11/2026,2026-07-13,07/13/2026,Shipped,9
WO0002685,South-4,Electronics,07/11/2026,2026-07-13,07/13/2026,Shipped,9
WO0002686,Northeast-1,Office Supplies,2026-07-11,07/12/2026,2026-07-11,shipped,6
WO0002687,South-4,Outdoor,2026-07-11,07/13/2026,2026-07-13,shipped,6
WO0002688,Midwest-2,Electronics,07/11/2026,07/13/2026,07/12/2026,Shipped,11
WO0002689,Northeast-1,Outdoor,07/11/2026,2026-07-13,2026-07-13,shipped,2
WO0002690,Northeast-1,Electronics,2026-07-11,07/13/2026,2026-07-12,shipped,2
WO0002691,,Electronics,2026-07-11,07/13/2026,2026-07-12,shipped,2
WO0002692,Midwest-2,Outdoor,2026-07-11,2026-07-14,2026-07-13,Shipped,1
WO0002693,Midwest-2,Home Goods,2026-07-11,07/14/2026,2026-07-14,Shipped,1
WO0002694,South-4,Home Goods,07/11/2026,2026-07-14,07/14/2026,Shipped,5
WO0002695,South-4,Outdoor,07/11/2026,07/12/2026,2026-07-12, Shipped,6
WO0002696,Midwest-2,Home Goods,07/11/2026,2026-07-13,2026-07-13,Shipped,4
WO0002697,South-4,Office Supplies,2026-07-11,2026-07-12,07/12/2026, Shipped,5
WO0002698,Midwest-2,Office Supplies,07/11/2026,2026-07-14,07/13/2026,SHIPPED,5
WO0002699,Midwest-2,Office Supplies,2026-07-11,07/14/2026,07/14/2026,shipped,1
WO0002700,Midwest-2,Apparel,07/11/2026,2026-07-14,2026-07-14,shipped,10
WO0002701,West-3,Home Goods,07/11/2026,07/13/2026,,delayed,9
WO0002702,Midwest-2,Electronics,2026-07-11,2026-07-14,07/14/2026,SHIPPED,9
WO0002703,West-3,Electronics,2026-07-11,2026-07-12,2026-07-11, Shipped,4
WO0002704,Northeast-1,Apparel,07/11/2026,2026-07-13,07/12/2026,shipped,9
WO0002705,South-4,Home Goods,2026-07-11,2026-07-12,,DELAYED,1
WO0002706,South-4,Office Supplies,2026-07-11,2026-07-14,07/14/2026,SHIPPED,2
WO0002707,Northeast-1,Office Supplies,2026-07-11,2026-07-12,2026-07-12, Shipped,1
WO0002708,South-4,Outdoor,07/11/2026,2026-07-12,07/11/2026,Shipped,10
WO0002709,West-3,Home Goods,07/11/2026,2026-07-12,07/12/2026, Shipped,1
WO0002710,Northeast-1,Electronics,07/11/2026,07/12/2026,,cancelled,8
WO0002711,Midwest-2,Home Goods,2026-07-11,2026-07-12,07/11/2026,SHIPPED,3
WO0002712,South-4,Outdoor,07/11/2026,07/13/2026,2026-07-13,SHIPPED,5
WO0002713,Northeast-1,Electronics,2026-07-11,2026-07-12,2026-07-11,SHIPPED,5
WO0002714,Northeast-1,Electronics,07/11/2026,07/13/2026,07/12/2026, Shipped,2
WO0002715,Northeast-1,Apparel,2026-07-11,07/13/2026,07/13/2026,Shipped,3
WO0002716,Northeast-1,Outdoor,2026-07-11,2026-07-12,2026-07-12,Shipped,4
WO0002717,West-3,Apparel,2026-07-11,2026-07-13,07/13/2026,shipped,8
WO0002718,Midwest-2,Apparel,2026-07-11,2026-07-12,07/11/2026,shipped,2
WO0002719,South-4,Apparel,2026-07-11,2026-07-12,07/12/2026,Shipped,8
WO0002720,South-4,Home Goods,2026-07-11,07/14/2026,2026-07-13,shipped,5
WO0002721,South-4,Electronics,2026-07-11,07/13/2026,2026-07-12,shipped,4
WO0002722,South-4,Home Goods,2026-07-11,2026-07-12,,Delayed,3
WO0002723,Northeast-1,Office Supplies,07/11/2026,07/12/2026,2026-07-12,SHIPPED,6
WO0002724,Midwest-2,Outdoor,2026-07-11,2026-07-13,07/13/2026,shipped,5
WO0002725,Midwest-2,Outdoor,2026-07-11,07/14/2026,2026-07-13,shipped,2
WO0002726,South-4,Apparel,2026-07-11,07/14/2026,2026-07-14, Shipped,4
WO0002727,West-3,Office Supplies,07/11/2026,2026-07-12,07/11/2026, Shipped,7
WO0002728,Midwest-2,Electronics,2026-07-11,2026-07-13,2026-07-12,SHIPPED,11
WO0002729,West-3,Apparel,07/11/2026,07/14/2026,07/14/2026,SHIPPED,7
WO0002729,West-3,Apparel,07/11/2026,07/14/2026,07/14/2026,SHIPPED,7
WO0002730,South-4,Home Goods,2026-07-11,07/14/2026,07/14/2026, Shipped,1
WO0002731,,Home Goods,2026-07-11,07/14/2026,07/14/2026, Shipped,1
WO0002732,South-4,Office Supplies,07/11/2026,07/14/2026,07/14/2026,Shipped,6
WO0002733,Midwest-2,Apparel,07/11/2026,2026-07-14,,delayed,8
WO0002734,West-3,Electronics,07/11/2026,07/14/2026,2026-07-14, Shipped,2
WO0002735,South-4,Outdoor,07/11/2026,2026-07-14,2026-07-14,shipped,1
WO0002736,Northeast-1,Electronics,07/11/2026,2026-07-13,07/13/2026,shipped,8
WO0002736,Northeast-1,Electronics,07/11/2026,2026-07-13,07/13/2026,shipped,8
WO0002737,Northeast-1,Office Supplies,2026-07-11,07/13/2026,2026-07-13,shipped,9
WO0002738,Northeast-1,Electronics,2026-07-11,2026-07-13,07/12/2026,shipped,2
WO0002739,Midwest-2,Outdoor,2026-07-11,07/13/2026,07/12/2026,Shipped,2
WO0002740,South-4,Office Supplies,2026-07-11,2026-07-13,07/12/2026,SHIPPED,3
WO0002741,Midwest-2,Office Supplies,2026-07-11,2026-07-12,2026-07-12, Shipped,2
WO0002742,Northeast-1,Outdoor,2026-07-11,07/12/2026,07/12/2026,shipped,2
WO0002743,West-3,Electronics,2026-07-11,07/13/2026,07/13/2026,SHIPPED,10
WO0002744,Midwest-2,Office Supplies,07/11/2026,07/14/2026,2026-07-13,SHIPPED,1
WO0002745,Midwest-2,Outdoor,07/11/2026,2026-07-12,07/11/2026,Shipped,1
WO0002746,Northeast-1,Home Goods,07/11/2026,07/14/2026,2026-07-14,SHIPPED,2
WO0002747,West-3,Electronics,2026-07-11,07/14/2026,2026-07-13, Shipped,2
WO0002747,West-3,Electronics,2026-07-11,07/14/2026,2026-07-13, Shipped,2
WO0002748,Northeast-1,Outdoor,07/11/2026,2026-07-14,07/14/2026,SHIPPED,1
WO0002749,West-3,Home Goods,07/11/2026,2026-07-12,2026-07-11,shipped,10
WO0002750,Midwest-2,Electronics,07/11/2026,2026-07-12,2026-07-11, Shipped,1
WO0002751,Northeast-1,Electronics,2026-07-11,2026-07-12,2026-07-11, Shipped,4
WO0002752,West-3,Electronics,07/11/2026,2026-07-14,07/14/2026, Shipped,8
WO0002753,Midwest-2,Office Supplies,07/11/2026,07/13/2026,07/12/2026,SHIPPED,6
WO0002754,Northeast-1,Outdoor,07/11/2026,07/12/2026,07/12/2026,Shipped,9
WO0002755,South-4,Outdoor,2026-07-11,07/12/2026,2026-07-12,shipped,4
WO0002756,South-4,Outdoor,2026-07-11,2026-07-12,07/12/2026,SHIPPED,2
WO0002757,Northeast-1,Home Goods,07/11/2026,2026-07-12,07/12/2026,SHIPPED,10
WO0002758,Northeast-1,Apparel,2026-07-11,2026-07-12,2026-07-11,SHIPPED,10
WO0002759,Midwest-2,Apparel,07/11/2026,2026-07-12,07/12/2026,shipped,5
WO0002760,Northeast-1,Outdoor,2026-07-11,2026-07-12,2026-07-12, Shipped,9
WO0002761,South-4,Outdoor,07/11/2026,07/14/2026,2026-07-14, Shipped,11
WO0002762,Midwest-2,Electronics,2026-07-11,07/13/2026,07/13/2026,shipped,5
WO0002763,South-4,Apparel,07/11/2026,2026-07-13,07/12/2026, Shipped,7
WO0002764,Midwest-2,Apparel,07/11/2026,2026-07-14,2026-07-14,shipped,3
WO0002765,Northeast-1,Outdoor,07/11/2026,07/13/2026,07/12/2026,shipped,5
WO0002766,Northeast-1,Apparel,2026-07-11,07/13/2026,2026-07-12,Shipped,8
WO0002767,Northeast-1,Home Goods,07/11/2026,2026-07-14,2026-07-13,SHIPPED,7
WO0002768,South-4,Office Supplies,2026-07-11,2026-07-14,07/13/2026,SHIPPED,8
WO0002769,Midwest-2,Apparel,07/11/2026,07/14/2026,2026-07-14, Shipped,6
WO0002770,Northeast-1,Office Supplies,07/11/2026,2026-07-12,2026-07-11,shipped,2
WO0002771,Midwest-2,Apparel,07/11/2026,2026-07-12,2026-07-11,shipped,8
WO0002772,Midwest-2,Office Supplies,07/11/2026,2026-07-12,2026-07-11,Shipped,7
WO0002773,Midwest-2,Outdoor,07/11/2026,2026-07-12,2026-07-17,delayed,3
WO0002774,South-4,Apparel,2026-07-11,2026-07-14,2026-07-13, Shipped,6
WO0002775,South-4,Electronics,07/11/2026,2026-07-13,2026-07-12,Shipped,7
WO0002776,Midwest-2,Outdoor,07/11/2026,07/13/2026,2026-07-12, Shipped,1
WO0002777,Midwest-2,Electronics,07/11/2026,07/12/2026,2026-07-11,SHIPPED,10
WO0002778,Midwest-2,Outdoor,07/11/2026,07/13/2026,2026-07-13,shipped,8
WO0002779,West-3,Electronics,07/11/2026,07/14/2026,,DELAYED,9
WO0002780,Northeast-1,Electronics,2026-07-11,07/13/2026,2026-07-12,Shipped,4
WO0002781,West-3,Electronics,2026-07-11,2026-07-12,2026-07-12,shipped,4
WO0002782,Midwest-2,Outdoor,2026-07-11,07/12/2026,2026-07-12,SHIPPED,10
WO0002783,West-3,Home Goods,2026-07-11,2026-07-13,07/13/2026, Shipped,11
WO0002784,Northeast-1,Apparel,2026-07-11,07/14/2026,07/13/2026,Shipped,1
WO0002785,South-4,Home Goods,2026-07-11,07/14/2026,2026-07-14,shipped,4
WO0002785,South-4,Home Goods,2026-07-11,07/14/2026,2026-07-14,shipped,4
WO0002786,Midwest-2,Electronics,2026-07-11,07/12/2026,07/12/2026,SHIPPED,10
WO0002787,South-4,Outdoor,07/11/2026,2026-07-14,2026-07-19,DELAYED,6
WO0002788,West-3,Home Goods,2026-07-11,2026-07-13,2026-07-12,SHIPPED,6
WO0002789,West-3,Office Supplies,07/11/2026,2026-07-13,2026-07-12,Shipped,6
WO0002790,South-4,Office Supplies,07/11/2026,2026-07-14,07/14/2026,Shipped,2
WO0002791,Midwest-2,Apparel,2026-07-11,2026-07-14,07/14/2026, Shipped,1
WO0002792,West-3,Outdoor,2026-07-11,2026-07-12,07/11/2026, Shipped,6
WO0002793,Northeast-1,Office Supplies,2026-07-11,07/12/2026,2026-07-11,Shipped,11
WO0002794,South-4,Outdoor,07/11/2026,07/13/2026,07/13/2026,SHIPPED,7
WO0002795,Northeast-1,Home Goods,07/11/2026,2026-07-14,2026-07-14,SHIPPED,10
WO0002796,West-3,Apparel,07/11/2026,2026-07-13,07/13/2026, Shipped,3
WO0002797,Northeast-1,Office Supplies,07/11/2026,2026-07-13,2026-07-12, Shipped,7
WO0002798,Northeast-1,Electronics,07/11/2026,2026-07-14,2026-07-14,Shipped,6
WO0002799,West-3,Home Goods,2026-07-11,2026-07-12,2026-07-11,Shipped,7
WO0002800,Midwest-2,Home Goods,2026-07-11,07/13/2026,07/12/2026,Shipped,5
WO0002801,West-3,Office Supplies,07/11/2026,07/12/2026,2026-07-12,Shipped,3
WO0002802,Northeast-1,Office Supplies,07/11/2026,2026-07-13,2026-07-13,Shipped,11
WO0002803,South-4,Office Supplies,2026-07-11,2026-07-14,2026-07-14, Shipped,10
WO0002804,West-3,Outdoor,07/11/2026,07/12/2026,2026-07-12,shipped,7
WO0002805,South-4,Electronics,07/12/2026,2026-07-14,,DELAYED,3
WO0002806,Midwest-2,Electronics,07/12/2026,2026-07-14,2026-07-13, Shipped,3
WO0002807,West-3,Home Goods,2026-07-12,2026-07-15,07/15/2026,SHIPPED,3
WO0002808,West-3,Apparel,2026-07-12,2026-07-13,2026-07-12, Shipped,7
WO0002809,Northeast-1,Office Supplies,07/12/2026,07/15/2026,07/19/2026,delayed,8
WO0002810,Midwest-2,Office Supplies,07/12/2026,07/15/2026,2026-07-15, Shipped,7
WO0002811,Northeast-1,Office Supplies,07/12/2026,2026-07-13,07/13/2026, Shipped,10
WO0002812,South-4,Electronics,07/12/2026,2026-07-15,2026-07-15,Shipped,6
WO0002813,Midwest-2,Home Goods,2026-07-12,07/15/2026,07/15/2026,Shipped,11
WO0002814,Midwest-2,Office Supplies,07/12/2026,2026-07-14,2026-07-13, Shipped,2
WO0002815,Northeast-1,Outdoor,07/12/2026,2026-07-14,07/14/2026,shipped,6
WO0002816,Northeast-1,Electronics,07/12/2026,07/15/2026,07/15/2026,SHIPPED,10
WO0002817,Midwest-2,Electronics,2026-07-12,2026-07-13,07/12/2026,shipped,4
WO0002818,Midwest-2,Office Supplies,07/12/2026,07/14/2026,07/13/2026,Shipped,9
WO0002819,Northeast-1,Electronics,2026-07-12,2026-07-15,2026-07-15,Shipped,9
WO0002820,South-4,Electronics,2026-07-12,2026-07-15,07/15/2026, Shipped,8
WO0002821,West-3,Outdoor,07/12/2026,2026-07-15,07/15/2026,SHIPPED,7
WO0002822,Northeast-1,Apparel,07/12/2026,2026-07-13,2026-07-12, Shipped,10
WO0002823,South-4,Office Supplies,2026-07-12,07/13/2026,07/12/2026,SHIPPED,11
WO0002824,Northeast-1,Home Goods,2026-07-12,07/15/2026,,Delayed,4
WO0002825,Midwest-2,Electronics,07/12/2026,07/14/2026,07/13/2026,shipped,6
WO0002826,Midwest-2,Home Goods,2026-07-12,2026-07-13,2026-07-13,SHIPPED,1
WO0002827,South-4,Office Supplies,07/12/2026,07/14/2026,2026-07-14, Shipped,9
WO0002828,West-3,Apparel,07/12/2026,07/14/2026,2026-07-14, Shipped,5
WO0002829,West-3,Apparel,07/12/2026,07/13/2026,07/13/2026,shipped,10
WO0002830,West-3,Outdoor,2026-07-12,2026-07-15,07/15/2026,shipped,11
WO0002831,South-4,Office Supplies,2026-07-12,2026-07-15,2026-07-14,SHIPPED,10
WO0002832,Midwest-2,Apparel,07/12/2026,07/13/2026,2026-07-13, Shipped,11
WO0002833,South-4,Outdoor,2026-07-12,2026-07-15,07/14/2026, Shipped,2
WO0002834,Midwest-2,Apparel,07/12/2026,2026-07-14,07/14/2026,SHIPPED,1
WO0002835,Midwest-2,Office Supplies,2026-07-12,2026-07-15,2026-07-15, Shipped,4
WO0002836,Midwest-2,Apparel,2026-07-12,07/13/2026,07/12/2026,shipped,1
WO0002837,West-3,Outdoor,2026-07-12,07/13/2026,2026-07-13,shipped,11
WO0002838,West-3,Home Goods,07/12/2026,07/15/2026,07/15/2026,SHIPPED,5
WO0002839,West-3,Apparel,07/12/2026,2026-07-14,2026-07-14, Shipped,7
WO0002840,West-3,Home Goods,2026-07-12,2026-07-15,07/14/2026,shipped,8
WO0002840,West-3,Home Goods,2026-07-12,2026-07-15,07/14/2026,shipped,8
WO0002841,Northeast-1,Outdoor,2026-07-12,07/15/2026,07/15/2026,SHIPPED,6
WO0002842,Northeast-1,Outdoor,2026-07-12,2026-07-15,2026-07-14, Shipped,4
WO0002843,Midwest-2,Outdoor,2026-07-12,07/15/2026,2026-07-15, Shipped,10
WO0002844,West-3,Electronics,2026-07-12,2026-07-13,2026-07-12,SHIPPED,1
WO0002845,West-3,Home Goods,07/12/2026,2026-07-15,2026-07-15,shipped,5
WO0002846,Northeast-1,Home Goods,2026-07-12,07/13/2026,2026-07-12, Shipped,11
WO0002847,Northeast-1,Home Goods,2026-07-12,2026-07-13,2026-07-13, Shipped,9
WO0002848,Northeast-1,Home Goods,2026-07-12,2026-07-15,07/15/2026,Shipped,2
WO0002849,West-3,Outdoor,2026-07-12,2026-07-14,2026-07-14, Shipped,6
WO0002850,South-4,Electronics,07/12/2026,07/13/2026,2026-07-13,SHIPPED,5
WO0002850,South-4,Electronics,07/12/2026,07/13/2026,2026-07-13,SHIPPED,5
WO0002851,Northeast-1,Office Supplies,07/12/2026,2026-07-14,07/13/2026,Shipped,7
WO0002852,South-4,Electronics,07/12/2026,07/14/2026,07/13/2026,Shipped,7
WO0002853,West-3,Apparel,07/12/2026,07/15/2026,2026-07-14,SHIPPED,3
WO0002854,West-3,Apparel,2026-07-12,2026-07-14,07/13/2026,SHIPPED,8
WO0002855,South-4,Home Goods,2026-07-12,07/13/2026,2026-07-13,shipped,1
WO0002856,South-4,Office Supplies,2026-07-12,2026-07-13,07/12/2026,SHIPPED,3
WO0002857,Midwest-2,Electronics,2026-07-12,2026-07-15,07/14/2026,shipped,8
WO0002858,Northeast-1,Electronics,2026-07-12,2026-07-14,07/13/2026,SHIPPED,5
WO0002859,South-4,Electronics,07/12/2026,07/15/2026,07/15/2026, Shipped,7
WO0002860,Northeast-1,Office Supplies,2026-07-12,2026-07-15,07/15/2026,SHIPPED,8
WO0002861,South-4,Outdoor,07/12/2026,2026-07-14,2026-07-14, Shipped,10
WO0002862,South-4,Apparel,07/12/2026,2026-07-13,2026-07-13, Shipped,11
WO0002863,South-4,Apparel,2026-07-12,07/14/2026,07/14/2026, Shipped,11
WO0002864,Midwest-2,Home Goods,2026-07-12,2026-07-15,2026-07-14,shipped,5
WO0002865,South-4,Electronics,2026-07-12,07/14/2026,2026-07-14,Shipped,2
WO0002866,Northeast-1,Electronics,07/12/2026,07/15/2026,2026-07-14,SHIPPED,2
WO0002867,Midwest-2,Home Goods,2026-07-12,07/13/2026,07/13/2026,Shipped,8
WO0002868,Midwest-2,Electronics,2026-07-12,07/14/2026,2026-07-13,shipped,3
WO0002869,Midwest-2,Home Goods,2026-07-12,2026-07-14,2026-07-13,Shipped,11
WO0002870,South-4,Electronics,2026-07-12,2026-07-13,2026-07-13,SHIPPED,6
WO0002871,Northeast-1,Office Supplies,07/12/2026,07/14/2026,07/14/2026, Shipped,3
WO0002871,Northeast-1,Office Supplies,07/12/2026,07/14/2026,07/14/2026, Shipped,3
WO0002872,Midwest-2,Home Goods,2026-07-12,07/15/2026,2026-07-15,SHIPPED,8
WO0002873,,Home Goods,2026-07-12,07/15/2026,2026-07-15,SHIPPED,8
WO0002874,Northeast-1,Outdoor,07/12/2026,07/14/2026,,Canceled,2
WO0002875,Northeast-1,Office Supplies,07/12/2026,07/13/2026,2026-07-13,Shipped,9
WO0002876,Midwest-2,Outdoor,07/12/2026,2026-07-13,2026-07-13,shipped,5
WO0002877,Midwest-2,Home Goods,07/12/2026,2026-07-15,07/14/2026, Shipped,5
WO0002878,West-3,Outdoor,2026-07-12,07/13/2026,2026-07-12,Shipped,2
WO0002879,Northeast-1,Electronics,07/12/2026,2026-07-14,07/13/2026,SHIPPED,7
WO0002880,Midwest-2,Electronics,07/12/2026,2026-07-14,,DELAYED,4
WO0002880,Midwest-2,Electronics,07/12/2026,2026-07-14,,DELAYED,4
WO0002881,Northeast-1,Home Goods,2026-07-12,07/13/2026,,cancelled,9
WO0002882,West-3,Outdoor,07/12/2026,2026-07-13,07/13/2026,SHIPPED,9
WO0002883,West-3,Apparel,07/12/2026,2026-07-14,2026-07-14, Shipped,4
WO0002884,West-3,Office Supplies,07/12/2026,2026-07-14,07/13/2026, Shipped,6
WO0002885,Northeast-1,Office Supplies,07/12/2026,07/14/2026,2026-07-13,SHIPPED,2
WO0002886,Northeast-1,Electronics,07/12/2026,07/15/2026,2026-07-15,SHIPPED,11
WO0002887,West-3,Apparel,2026-07-12,2026-07-15,07/14/2026,SHIPPED,11
WO0002888,Midwest-2,Electronics,2026-07-12,2026-07-14,2026-07-13,Shipped,5
WO0002889,West-3,Electronics,07/12/2026,07/14/2026,07/14/2026,Shipped,2
WO0002890,West-3,Home Goods,2026-07-12,07/14/2026,2026-07-13,Shipped,6
WO0002891,West-3,Home Goods,2026-07-12,07/14/2026,2026-07-13,Shipped,-1
WO0002892,Midwest-2,Apparel,07/12/2026,2026-07-14,2026-07-13,shipped,1
WO0002893,Midwest-2,Electronics,07/12/2026,2026-07-13,2026-07-12,SHIPPED,9
WO0002894,West-3,Apparel,07/12/2026,07/13/2026,07/12/2026,Shipped,4
WO0002895,Northeast-1,Outdoor,07/12/2026,2026-07-15,2026-07-14,shipped,2
WO0002896,Northeast-1,Outdoor,2026-07-12,2026-07-14,2026-07-14,shipped,2
WO0002897,Northeast-1,Office Supplies,2026-07-12,2026-07-14,07/13/2026,shipped,11
WO0002898,Northeast-1,Home Goods,2026-07-12,07/15/2026,2026-07-15,shipped,11
WO0002899,Midwest-2,Electronics,2026-07-12,2026-07-14,07/14/2026,Shipped,5
WO0002900,Midwest-2,Apparel,07/12/2026,07/15/2026,2026-07-14,shipped,2
WO0002901,Northeast-1,Apparel,2026-07-12,07/15/2026,07/15/2026,Shipped,5
WO0002902,West-3,Home Goods,07/12/2026,2026-07-13,07/13/2026,SHIPPED,7
WO0002903,South-4,Office Supplies,07/12/2026,07/15/2026,2026-07-14,SHIPPED,2
WO0002904,Northeast-1,Electronics,2026-07-12,2026-07-14,2026-07-14,Shipped,4
WO0002905,Midwest-2,Apparel,2026-07-12,07/13/2026,07/12/2026,shipped,10
WO0002906,Midwest-2,Electronics,2026-07-12,07/15/2026,2026-07-16,DELAYED,1
WO0002907,Midwest-2,Electronics,2026-07-12,2026-07-14,2026-07-14, Shipped,6
WO0002908,West-3,Office Supplies,2026-07-12,2026-07-13,2026-07-13,SHIPPED,5
WO0002909,West-3,Home Goods,07/12/2026,2026-07-13,2026-07-13,shipped,8
WO0002910,Northeast-1,Apparel,2026-07-12,07/13/2026,2026-07-12,SHIPPED,2
WO0002911,West-3,Home Goods,2026-07-12,2026-07-14,2026-07-14,shipped,7
WO0002912,Midwest-2,Office Supplies,07/12/2026,2026-07-14,2026-07-16,Delayed,4
WO0002913,Midwest-2,Electronics,2026-07-12,07/13/2026,2026-07-16,delayed,9
WO0002913,Midwest-2,Electronics,2026-07-12,07/13/2026,2026-07-16,delayed,9
WO0002914,West-3,Electronics,2026-07-12,07/14/2026,07/13/2026, Shipped,4
WO0002915,South-4,Office Supplies,07/12/2026,2026-07-15,2026-07-15,SHIPPED,9
WO0002916,South-4,Electronics,07/12/2026,07/15/2026,2026-07-14, Shipped,3
WO0002917,Northeast-1,Apparel,07/12/2026,2026-07-14,2026-07-13, Shipped,4
WO0002918,Northeast-1,Home Goods,07/12/2026,2026-07-14,2026-07-14,shipped,6
WO0002919,South-4,Office Supplies,07/12/2026,07/15/2026,07/14/2026, Shipped,4
WO0002920,Midwest-2,Home Goods,07/12/2026,2026-07-14,2026-07-13,Shipped,1
WO0002920,Midwest-2,Home Goods,07/12/2026,2026-07-14,2026-07-13,Shipped,1
WO0002921,South-4,Office Supplies,2026-07-12,07/15/2026,2026-07-15,shipped,3
WO0002922,South-4,Home Goods,2026-07-12,2026-07-14,07/13/2026,Shipped,5
WO0002923,Midwest-2,Home Goods,07/12/2026,07/15/2026,2026-07-14,Shipped,4
WO0002924,West-3,Office Supplies,07/12/2026,2026-07-15,2026-07-15,Shipped,7
WO0002925,West-3,Apparel,07/12/2026,2026-07-15,2026-07-14,SHIPPED,5
WO0002926,Midwest-2,Electronics,2026-07-12,2026-07-14,07/13/2026,SHIPPED,10
WO0002927,West-3,Office Supplies,07/12/2026,07/14/2026,2026-07-14, Shipped,3
WO0002928,South-4,Outdoor,07/12/2026,2026-07-14,2026-07-13,Shipped,4
WO0002929,Northeast-1,Electronics,07/12/2026,2026-07-13,2026-07-12, Shipped,7
WO0002929,Northeast-1,Electronics,07/12/2026,2026-07-13,2026-07-12, Shipped,7
WO0002930,West-3,Office Supplies,07/12/2026,2026-07-13,07/12/2026,Shipped,8
WO0002931,South-4,Office Supplies,2026-07-12,2026-07-15,2026-07-15, Shipped,11
WO0002932,Midwest-2,Office Supplies,2026-07-12,2026-07-13,07/13/2026,Shipped,3
WO0002933,Northeast-1,Outdoor,2026-07-12,2026-07-15,07/15/2026,SHIPPED,6
WO0002934,Midwest-2,Electronics,07/13/2026,07/14/2026,2026-07-14,shipped,10
WO0002935,Northeast-1,Outdoor,07/13/2026,2026-07-14,07/13/2026, Shipped,7
WO0002936,Midwest-2,Office Supplies,07/13/2026,2026-07-15,2026-07-15,SHIPPED,10
WO0002937,Northeast-1,Outdoor,07/13/2026,2026-07-14,2026-07-14,Shipped,9
WO0002938,Midwest-2,Outdoor,07/13/2026,07/16/2026,2026-07-16,Shipped,10
WO0002939,Northeast-1,Electronics,2026-07-13,07/14/2026,07/14/2026,shipped,10
WO0002940,Northeast-1,Home Goods,07/13/2026,07/16/2026,2026-07-15,SHIPPED,5
WO0002940,Northeast-1,Home Goods,07/13/2026,07/16/2026,2026-07-15,SHIPPED,5
WO0002941,Northeast-1,Apparel,07/13/2026,07/14/2026,07/19/2026,Delayed,10
WO0002942,Northeast-1,Office Supplies,2026-07-13,07/16/2026,2026-07-15, Shipped,11
WO0002943,South-4,Office Supplies,07/13/2026,07/16/2026,07/16/2026,SHIPPED,3
WO0002944,Northeast-1,Electronics,07/13/2026,07/15/2026,2026-07-14,shipped,6
WO0002945,South-4,Office Supplies,07/13/2026,2026-07-15,07/15/2026,Shipped,5
WO0002946,South-4,Apparel,07/13/2026,07/14/2026,07/13/2026,shipped,10
WO0002947,West-3,Apparel,2026-07-13,07/14/2026,07/14/2026,SHIPPED,5
WO0002948,South-4,Apparel,07/13/2026,07/14/2026,2026-07-13, Shipped,9
WO0002949,Northeast-1,Electronics,07/13/2026,2026-07-14,2026-07-14, Shipped,5
WO0002950,South-4,Electronics,2026-07-13,07/14/2026,07/19/2026,DELAYED,7
WO0002951,Northeast-1,Apparel,07/13/2026,2026-07-16,07/18/2026,delayed,4
WO0002952,Midwest-2,Electronics,07/13/2026,2026-07-16,2026-07-16, Shipped,4
WO0002953,Northeast-1,Electronics,2026-07-13,2026-07-14,07/14/2026,Shipped,6
WO0002954,Northeast-1,Office Supplies,07/13/2026,2026-07-16,2026-07-15,Shipped,2
WO0002955,South-4,Office Supplies,07/13/2026,07/15/2026,2026-07-19,delayed,7
WO0002955,South-4,Office Supplies,07/13/2026,07/15/2026,2026-07-19,delayed,7
WO0002956,South-4,Outdoor,2026-07-13,07/16/2026,2026-07-15,Shipped,6
WO0002957,Northeast-1,Outdoor,07/13/2026,07/16/2026,2026-07-15,SHIPPED,9
WO0002958,Northeast-1,Apparel,2026-07-13,07/14/2026,07/14/2026,SHIPPED,2
WO0002959,West-3,Electronics,07/13/2026,2026-07-16,2026-07-16,Shipped,6
WO0002960,Northeast-1,Outdoor,07/13/2026,2026-07-15,07/15/2026, Shipped,9
WO0002961,Midwest-2,Outdoor,07/13/2026,07/16/2026,07/15/2026,SHIPPED,11
WO0002962,South-4,Home Goods,07/13/2026,2026-07-16,07/17/2026,DELAYED,1
WO0002963,Midwest-2,Office Supplies,2026-07-13,07/16/2026,07/16/2026,SHIPPED,1
WO0002964,West-3,Outdoor,2026-07-13,07/15/2026,2026-07-15,SHIPPED,11
WO0002965,South-4,Apparel,2026-07-13,07/16/2026,07/16/2026,Shipped,6
WO0002966,West-3,Apparel,07/13/2026,2026-07-14,07/13/2026,SHIPPED,9
WO0002967,Midwest-2,Home Goods,07/13/2026,2026-07-14,2026-07-13, Shipped,4
WO0002968,South-4,Apparel,2026-07-13,07/15/2026,07/15/2026,shipped,5
WO0002969,Midwest-2,Apparel,2026-07-13,07/16/2026,07/15/2026, Shipped,9
WO0002970,Northeast-1,Apparel,07/13/2026,2026-07-15,07/15/2026,shipped,11
WO0002971,South-4,Apparel,2026-07-13,2026-07-16,07/15/2026,SHIPPED,8
WO0002972,South-4,Apparel,2026-07-13,2026-07-14,07/13/2026, Shipped,9
WO0002973,West-3,Apparel,2026-07-13,2026-07-15,2026-07-14,shipped,1
WO0002974,Midwest-2,Electronics,2026-07-13,07/15/2026,2026-07-14,Shipped,10
WO0002975,Midwest-2,Home Goods,2026-07-13,2026-07-16,2026-07-16,shipped,7
WO0002976,South-4,Apparel,07/13/2026,2026-07-15,07/15/2026,Shipped,6
WO0002977,Midwest-2,Apparel,2026-07-13,2026-07-15,2026-07-14, Shipped,2
WO0002978,Northeast-1,Home Goods,07/13/2026,07/15/2026,2026-07-14,shipped,10
WO0002979,West-3,Apparel,07/13/2026,07/15/2026,2026-07-15,SHIPPED,10
WO0002980,West-3,Outdoor,2026-07-13,2026-07-14,2026-07-14, Shipped,4
WO0002981,Midwest-2,Outdoor,2026-07-13,07/14/2026,,Delayed,10
WO0002982,West-3,Electronics,07/13/2026,2026-07-15,07/14/2026,SHIPPED,3
WO0002983,South-4,Apparel,07/13/2026,2026-07-16,2026-07-16,SHIPPED,2
WO0002984,South-4,Office Supplies,2026-07-13,2026-07-16,2026-07-16,shipped,1
WO0002985,West-3,Outdoor,2026-07-13,2026-07-14,2026-07-14,Shipped,2
WO0002986,Northeast-1,Home Goods,07/13/2026,2026-07-15,,Cancelled,9
WO0002987,Northeast-1,Apparel,07/13/2026,2026-07-16,07/15/2026,shipped,8
WO0002988,West-3,Apparel,2026-07-13,2026-07-15,2026-07-14,shipped,10
WO0002989,West-3,Outdoor,2026-07-13,07/14/2026,07/14/2026,SHIPPED,11
WO0002990,Northeast-1,Electronics,2026-07-13,07/16/2026,2026-07-16,SHIPPED,8
WO0002991,,Electronics,2026-07-13,07/16/2026,2026-07-16,SHIPPED,8
WO0002992,Midwest-2,Office Supplies,2026-07-13,07/15/2026,07/15/2026,SHIPPED,7
WO0002993,Northeast-1,Home Goods,2026-07-13,07/15/2026,07/15/2026, Shipped,10
WO0002994,West-3,Electronics,2026-07-13,07/16/2026,2026-07-15, Shipped,1
WO0002995,Midwest-2,Office Supplies,2026-07-13,07/14/2026,07/14/2026,shipped,11
WO0002996,Northeast-1,Electronics,07/13/2026,2026-07-16,07/16/2026, Shipped,11
WO0002997,Midwest-2,Outdoor,07/13/2026,07/16/2026,07/16/2026,shipped,6
WO0002998,Midwest-2,Outdoor,07/13/2026,2026-07-16,,cancelled,8
WO0002999,West-3,Office Supplies,07/13/2026,2026-07-14,07/13/2026,SHIPPED,1
WO0003000,Midwest-2,Office Supplies,07/13/2026,2026-07-14,07/14/2026,Shipped,10
WO0003001,Northeast-1,Electronics,2026-07-13,2026-07-14,07/14/2026,shipped,3
WO0003002,South-4,Outdoor,2026-07-13,07/16/2026,07/15/2026,SHIPPED,4
WO0003003,South-4,Electronics,07/13/2026,07/15/2026,,DELAYED,6
WO0003004,Midwest-2,Home Goods,2026-07-13,2026-07-15,2026-07-15, Shipped,4
WO0003005,Midwest-2,Apparel,07/13/2026,2026-07-15,07/14/2026,SHIPPED,5
WO0003006,West-3,Home Goods,2026-07-13,07/15/2026,07/16/2026,DELAYED,10
WO0003007,Midwest-2,Office Supplies,07/13/2026,2026-07-15,2026-07-15,shipped,4
WO0003008,West-3,Office Supplies,07/13/2026,07/15/2026,2026-07-14, Shipped,10
WO0003009,West-3,Outdoor,07/13/2026,2026-07-15,2026-07-17,Delayed,4
WO0003010,West-3,Apparel,2026-07-13,2026-07-14,07/14/2026, Shipped,2
WO0003011,Midwest-2,Electronics,07/13/2026,07/16/2026,07/16/2026,Shipped,4
WO0003012,West-3,Electronics,2026-07-13,07/16/2026,07/15/2026,shipped,4
WO0003013,West-3,Apparel,07/13/2026,2026-07-16,07/15/2026,shipped,1
WO0003014,South-4,Office Supplies,07/13/2026,07/16/2026,2026-07-15,SHIPPED,5
WO0003015,Northeast-1,Office Supplies,2026-07-13,2026-07-16,07/15/2026,Shipped,4
WO0003016,Midwest-2,Electronics,07/13/2026,07/15/2026,2026-07-15,SHIPPED,7
WO0003017,Northeast-1,Home Goods,07/13/2026,2026-07-15,2026-07-17,DELAYED,1
WO0003018,West-3,Outdoor,2026-07-13,07/16/2026,2026-07-16,Shipped,5
WO0003019,Midwest-2,Office Supplies,2026-07-13,2026-07-14,2026-07-14, Shipped,9
WO0003020,West-3,Home Goods,2026-07-13,2026-07-16,2026-07-16,Shipped,11
WO0003021,Northeast-1,Office Supplies,07/13/2026,2026-07-14,2026-07-14,shipped,10
WO0003022,West-3,Outdoor,07/13/2026,07/15/2026,2026-07-15,shipped,11
WO0003023,South-4,Office Supplies,07/13/2026,07/16/2026,07/16/2026,Shipped,4
WO0003023,South-4,Office Supplies,07/13/2026,07/16/2026,07/16/2026,Shipped,4
WO0003024,Midwest-2,Outdoor,2026-07-13,07/15/2026,07/16/2026,delayed,11
WO0003025,Midwest-2,Office Supplies,2026-07-13,07/16/2026,2026-07-15, Shipped,6
WO0003026,Midwest-2,Electronics,07/13/2026,2026-07-15,2026-07-14, Shipped,6
WO0003027,West-3,Outdoor,07/13/2026,07/15/2026,07/15/2026,Shipped,3
WO0003028,West-3,Office Supplies,07/13/2026,07/14/2026,2026-07-13,Shipped,10
WO0003028,West-3,Office Supplies,07/13/2026,07/14/2026,2026-07-13,Shipped,10
WO0003029,South-4,Apparel,2026-07-13,2026-07-14,07/14/2026, Shipped,10
WO0003030,West-3,Office Supplies,07/13/2026,07/14/2026,07/13/2026,shipped,8
WO0003031,Northeast-1,Office Supplies,07/13/2026,07/15/2026,2026-07-14,SHIPPED,1
WO0003032,Midwest-2,Outdoor,2026-07-13,07/15/2026,07/15/2026,shipped,2
WO0003033,West-3,Electronics,2026-07-13,07/15/2026,2026-07-14,Shipped,10
WO0003034,Northeast-1,Electronics,07/13/2026,07/15/2026,07/20/2026,Delayed,11
WO0003035,South-4,Office Supplies,07/13/2026,2026-07-14,2026-07-14,shipped,9
WO0003036,Northeast-1,Apparel,07/13/2026,2026-07-14,2026-07-16,Delayed,5
WO0003037,Midwest-2,Apparel,2026-07-13,07/14/2026,07/13/2026,Shipped,9
WO0003038,Northeast-1,Apparel,07/13/2026,07/16/2026,2026-07-15,shipped,5
WO0003039,West-3,Outdoor,07/13/2026,2026-07-15,07/15/2026, Shipped,2
WO0003040,West-3,Home Goods,07/13/2026,07/14/2026,07/13/2026,shipped,6
WO0003041,West-3,Outdoor,07/13/2026,2026-07-15,07/14/2026,SHIPPED,8
WO0003042,South-4,Home Goods,2026-07-13,07/16/2026,2026-07-15,SHIPPED,7
WO0003043,West-3,Outdoor,07/13/2026,07/15/2026,2026-07-14,SHIPPED,6
WO0003044,South-4,Outdoor,07/13/2026,2026-07-14,07/14/2026, Shipped,3
WO0003045,Midwest-2,Electronics,2026-07-13,07/15/2026,,delayed,2
WO0003046,Midwest-2,Home Goods,2026-07-13,07/15/2026,2026-07-15, Shipped,9
WO0003047,Northeast-1,Apparel,2026-07-13,2026-07-14,2026-07-13,shipped,11
WO0003047,Northeast-1,Apparel,2026-07-13,2026-07-14,2026-07-13,shipped,11
WO0003048,South-4,Office Supplies,2026-07-13,07/14/2026,2026-07-14, Shipped,10
WO0003049,West-3,Office Supplies,07/13/2026,07/15/2026,07/14/2026, Shipped,10
WO0003050,Midwest-2,Office Supplies,2026-07-13,07/16/2026,07/16/2026,Shipped,5
WO0003051,Northeast-1,Apparel,2026-07-13,2026-07-14,2026-07-14, Shipped,2
WO0003052,Northeast-1,Office Supplies,07/13/2026,2026-07-16,07/16/2026,Shipped,1
WO0003053,Northeast-1,Outdoor,2026-07-13,07/14/2026,07/14/2026,SHIPPED,6
WO0003054,South-4,Apparel,2026-07-13,2026-07-16,2026-07-15,Shipped,8
WO0003055,Northeast-1,Apparel,2026-07-13,2026-07-16,07/16/2026, Shipped,3
WO0003056,West-3,Home Goods,2026-07-13,07/15/2026,07/15/2026, Shipped,9
WO0003057,South-4,Home Goods,07/13/2026,07/14/2026,2026-07-13,Shipped,5
WO0003058,South-4,Outdoor,07/13/2026,2026-07-16,2026-07-15,Shipped,1
WO0003059,Northeast-1,Office Supplies,2026-07-13,07/15/2026,07/14/2026, Shipped,6
WO0003060,Northeast-1,Home Goods,07/13/2026,2026-07-16,07/16/2026, Shipped,9
WO0003061,South-4,Outdoor,07/13/2026,2026-07-16,2026-07-16, Shipped,6
WO0003062,Midwest-2,Office Supplies,2026-07-13,2026-07-15,07/14/2026,shipped,3
WO0003063,South-4,Outdoor,07/13/2026,07/15/2026,,DELAYED,7
WO0003064,Northeast-1,Outdoor,2026-07-13,2026-07-16,2026-07-16,SHIPPED,2
WO0003065,South-4,Electronics,07/13/2026,2026-07-16,07/15/2026, Shipped,5
WO0003066,Midwest-2,Office Supplies,2026-07-13,2026-07-16,,Canceled,4
WO0003067,Northeast-1,Apparel,2026-07-13,07/15/2026,2026-07-15,Shipped,6
WO0003068,South-4,Apparel,2026-07-13,2026-07-14,2026-07-19,Delayed,6
WO0003069,Northeast-1,Electronics,2026-07-13,07/14/2026,07/14/2026, Shipped,10
WO0003070,West-3,Outdoor,07/13/2026,2026-07-15,07/15/2026,SHIPPED,1
WO0003071,Midwest-2,Electronics,2026-07-13,07/16/2026,2026-07-15, Shipped,6
WO0003072,South-4,Office Supplies,07/13/2026,07/15/2026,2026-07-14,shipped,11
WO0003073,Northeast-1,Home Goods,07/13/2026,07/15/2026,07/15/2026, Shipped,1
WO0003074,South-4,Apparel,2026-07-13,07/16/2026,2026-07-15,Shipped,11
WO0003075,Midwest-2,Apparel,07/13/2026,2026-07-14,2026-07-13,shipped,10
WO0003076,Midwest-2,Office Supplies,07/13/2026,2026-07-14,07/14/2026,Shipped,8
WO0003077,Midwest-2,Electronics,07/13/2026,07/14/2026,2026-07-13,SHIPPED,2
WO0003078,South-4,Apparel,2026-07-13,07/14/2026,2026-07-13,shipped,6
WO0003079,Northeast-1,Electronics,07/13/2026,2026-07-16,07/15/2026,shipped,10
WO0003080,West-3,Apparel,2026-07-13,2026-07-14,07/14/2026,Shipped,1
WO0003081,Midwest-2,Home Goods,2026-07-13,07/16/2026,07/16/2026,Shipped,10
WO0003082,Northeast-1,Electronics,2026-07-13,2026-07-15,2026-07-15,shipped,11
WO0003083,Midwest-2,Electronics,07/13/2026,07/15/2026,07/19/2026,Delayed,8
WO0003084,Midwest-2,Home Goods,2026-07-13,07/16/2026,2026-07-15,shipped,5
WO0003085,Midwest-2,Apparel,2026-07-13,2026-07-15,07/15/2026,SHIPPED,8
WO0003086,Midwest-2,Outdoor,07/13/2026,07/16/2026,07/16/2026, Shipped,9
WO0003087,Midwest-2,Office Supplies,2026-07-13,2026-07-16,2026-07-16,SHIPPED,6
WO0003088,Midwest-2,Office Supplies,2026-07-13,2026-07-16,2026-07-16,SHIPPED,-1
WO0003089,South-4,Home Goods,2026-07-13,2026-07-16,2026-07-16,Shipped,9
WO0003090,Midwest-2,Apparel,07/13/2026,2026-07-15,2026-07-15,SHIPPED,10
WO0003091,Northeast-1,Electronics,07/13/2026,2026-07-14,2026-07-13,shipped,10
WO0003092,Midwest-2,Apparel,07/13/2026,2026-07-16,07/16/2026,shipped,2
WO0003093,South-4,Outdoor,2026-07-13,07/16/2026,,delayed,4
WO0003094,West-3,Home Goods,07/13/2026,2026-07-15,07/14/2026,shipped,2
WO0003095,Midwest-2,Outdoor,07/13/2026,2026-07-15,,Canceled,10
WO0003096,Midwest-2,Home Goods,2026-07-13,07/15/2026,07/18/2026,DELAYED,8
WO0003097,South-4,Home Goods,2026-07-13,07/15/2026,2026-07-15,shipped,4
WO0003098,West-3,Apparel,2026-07-13,07/15/2026,07/14/2026,SHIPPED,9
WO0003099,South-4,Outdoor,07/14/2026,07/16/2026,2026-07-16, Shipped,9
WO0003100,Northeast-1,Outdoor,07/14/2026,07/15/2026,2026-07-15, Shipped,6
WO0003101,West-3,Electronics,07/14/2026,2026-07-16,07/15/2026,SHIPPED,3
WO0003102,South-4,Home Goods,07/14/2026,07/16/2026,2026-07-15,SHIPPED,5
WO0003103,Midwest-2,Office Supplies,2026-07-14,07/15/2026,2026-07-14,shipped,8
WO0003104,West-3,Apparel,2026-07-14,07/16/2026,,DELAYED,4
WO0003105,South-4,Office Supplies,07/14/2026,2026-07-17,07/16/2026,Shipped,8
WO0003106,West-3,Office Supplies,07/14/2026,2026-07-17,2026-07-17,SHIPPED,6
WO0003107,South-4,Outdoor,07/14/2026,2026-07-16,07/16/2026,shipped,8
WO0003108,Northeast-1,Electronics,07/14/2026,2026-07-16,2026-07-15,Shipped,10
WO0003109,Northeast-1,Electronics,07/14/2026,2026-07-17,07/17/2026,SHIPPED,2
WO0003110,Midwest-2,Outdoor,2026-07-14,07/16/2026,,Delayed,8
WO0003111,West-3,Office Supplies,2026-07-14,2026-07-17,2026-07-16, Shipped,3
WO0003112,South-4,Office Supplies,2026-07-14,2026-07-15,2026-07-15,SHIPPED,5
WO0003113,Northeast-1,Electronics,2026-07-14,2026-07-17,2026-07-16, Shipped,8
WO0003114,South-4,Apparel,2026-07-14,2026-07-15,07/15/2026, Shipped,1
WO0003115,South-4,Home Goods,07/14/2026,2026-07-17,2026-07-17, Shipped,6
WO0003115,South-4,Home Goods,07/14/2026,2026-07-17,2026-07-17, Shipped,6
WO0003116,West-3,Electronics,07/14/2026,2026-07-15,2026-07-15,SHIPPED,3
WO0003117,South-4,Office Supplies,2026-07-14,2026-07-15,2026-07-14, Shipped,11
WO0003118,South-4,Office Supplies,2026-07-14,07/15/2026,,delayed,7
WO0003119,South-4,Electronics,2026-07-14,07/15/2026,2026-07-15,shipped,8
WO0003119,South-4,Electronics,2026-07-14,07/15/2026,2026-07-15,shipped,8
WO0003120,West-3,Electronics,2026-07-14,2026-07-17,07/17/2026,SHIPPED,2
WO0003121,West-3,Apparel,2026-07-14,07/17/2026,07/21/2026,delayed,8
WO0003122,South-4,Electronics,07/14/2026,2026-07-15,2026-07-15,SHIPPED,4
WO0003122,South-4,Electronics,07/14/2026,2026-07-15,2026-07-15,SHIPPED,4
WO0003123,South-4,Apparel,2026-07-14,2026-07-17,07/17/2026,Shipped,4
WO0003124,West-3,Electronics,2026-07-14,2026-07-16,2026-07-16,Shipped,9
WO0003125,Northeast-1,Apparel,07/14/2026,2026-07-15,2026-07-15,Shipped,5
WO0003126,Northeast-1,Apparel,07/14/2026,07/17/2026,2026-07-16,SHIPPED,7
WO0003127,Midwest-2,Electronics,07/14/2026,2026-07-17,07/16/2026, Shipped,2
WO0003128,Midwest-2,Apparel,07/14/2026,2026-07-16,07/19/2026,delayed,6
WO0003129,South-4,Home Goods,2026-07-14,07/16/2026,2026-07-16,Shipped,8
WO0003130,Midwest-2,Home Goods,07/14/2026,07/15/2026,2026-07-15,Shipped,8
WO0003131,West-3,Office Supplies,07/14/2026,07/16/2026,07/16/2026,Shipped,7
WO0003132,Midwest-2,Home Goods,2026-07-14,07/16/2026,2026-07-16,SHIPPED,9
WO0003133,Midwest-2,Office Supplies,07/14/2026,2026-07-16,2026-07-15,SHIPPED,11
WO0003134,Midwest-2,Outdoor,07/14/2026,07/16/2026,2026-07-16, Shipped,5
WO0003135,West-3,Home Goods,2026-07-14,07/17/2026,07/17/2026, Shipped,7
WO0003135,West-3,Home Goods,2026-07-14,07/17/2026,07/17/2026, Shipped,7
WO0003136,Midwest-2,Home Goods,07/14/2026,2026-07-15,07/15/2026,Shipped,10
WO0003137,West-3,Outdoor,2026-07-14,07/17/2026,2026-07-17,Shipped,5
WO0003138,Midwest-2,Office Supplies,07/14/2026,07/16/2026,07/15/2026, Shipped,7
WO0003139,South-4,Outdoor,2026-07-14,07/15/2026,07/14/2026,shipped,11
WO0003140,West-3,Electronics,2026-07-14,07/16/2026,07/15/2026,shipped,2
WO0003141,Northeast-1,Outdoor,2026-07-14,2026-07-15,07/18/2026,Delayed,8
WO0003142,,Outdoor,2026-07-14,2026-07-15,07/18/2026,Delayed,8
WO0003143,West-3,Apparel,2026-07-14,2026-07-16,07/18/2026,DELAYED,5
WO0003144,Midwest-2,Office Supplies,07/14/2026,07/15/2026,07/14/2026,shipped,3
WO0003145,Midwest-2,Outdoor,2026-07-14,2026-07-17,07/16/2026, Shipped,11
WO0003146,Northeast-1,Office Supplies,07/14/2026,07/16/2026,07/15/2026, Shipped,3
WO0003147,West-3,Electronics,2026-07-14,2026-07-17,07/17/2026,SHIPPED,3
WO0003148,Northeast-1,Apparel,07/14/2026,07/17/2026,07/17/2026,SHIPPED,2
WO0003149,South-4,Apparel,2026-07-14,07/15/2026,2026-07-14,shipped,6
WO0003150,Northeast-1,Outdoor,2026-07-14,2026-07-17,2026-07-16,Shipped,3
WO0003151,Northeast-1,Home Goods,2026-07-14,2026-07-17,07/17/2026,shipped,9
WO0003152,South-4,Electronics,07/14/2026,2026-07-17,2026-07-17,shipped,10
WO0003153,West-3,Apparel,2026-07-14,2026-07-15,07/14/2026,shipped,1
WO0003154,Northeast-1,Electronics,07/14/2026,07/17/2026,2026-07-17,SHIPPED,10
WO0003155,Midwest-2,Apparel,07/14/2026,2026-07-16,2026-07-15,SHIPPED,5
WO0003156,West-3,Apparel,2026-07-14,07/17/2026,07/17/2026,SHIPPED,7
WO0003157,West-3,Outdoor,07/14/2026,2026-07-17,07/16/2026, Shipped,8
WO0003158,Northeast-1,Apparel,07/14/2026,2026-07-15,07/14/2026,SHIPPED,4
WO0003159,West-3,Apparel,2026-07-14,2026-07-16,07/15/2026,shipped,4
WO0003160,Midwest-2,Office Supplies,2026-07-14,2026-07-16,07/16/2026,SHIPPED,10
WO0003161,West-3,Home Goods,07/14/2026,2026-07-15,2026-07-15,shipped,7
WO0003162,South-4,Electronics,2026-07-14,07/17/2026,07/16/2026,SHIPPED,7
WO0003163,Midwest-2,Outdoor,07/14/2026,07/17/2026,2026-07-17, Shipped,9
WO0003164,Midwest-2,Home Goods,2026-07-14,07/16/2026,07/15/2026,SHIPPED,3
WO0003165,Midwest-2,Apparel,2026-07-14,07/17/2026,2026-07-17,shipped,1
WO0003166,South-4,Electronics,2026-07-14,07/17/2026,2026-07-16,shipped,7
WO0003167,Midwest-2,Home Goods,2026-07-14,2026-07-17,2026-07-16, Shipped,3
WO0003168,Northeast-1,Electronics,07/14/2026,2026-07-16,2026-07-15,shipped,8
WO0003169,South-4,Apparel,2026-07-14,2026-07-16,07/16/2026,SHIPPED,11
WO0003170,Northeast-1,Electronics,2026-07-14,07/15/2026,2026-07-14,SHIPPED,11
WO0003171,West-3,Home Goods,2026-07-14,2026-07-15,2026-07-14, Shipped,9
WO0003172,South-4,Office Supplies,2026-07-14,2026-07-17,07/17/2026,SHIPPED,5
WO0003173,Midwest-2,Office Supplies,2026-07-14,2026-07-15,07/14/2026, Shipped,8
WO0003174,Midwest-2,Office Supplies,07/14/2026,07/16/2026,07/15/2026,Shipped,8
WO0003175,Midwest-2,Office Supplies,07/14/2026,2026-07-16,07/16/2026, Shipped,5
WO0003176,South-4,Office Supplies,07/14/2026,2026-07-16,07/15/2026,shipped,9
WO0003177,South-4,Apparel,07/14/2026,2026-07-17,2026-07-20,Delayed,1
WO0003178,Midwest-2,Office Supplies,07/14/2026,2026-07-16,07/15/2026,Shipped,5
WO0003179,Midwest-2,Apparel,07/14/2026,07/16/2026,2026-07-15, Shipped,5
WO0003180,Midwest-2,Apparel,2026-07-14,2026-07-17,07/17/2026,SHIPPED,7
WO0003181,Northeast-1,Home Goods,07/14/2026,07/17/2026,07/16/2026,shipped,4
WO0003182,Northeast-1,Outdoor,2026-07-14,2026-07-17,2026-07-16,shipped,5
WO0003183,Midwest-2,Home Goods,07/14/2026,07/17/2026,,delayed,1
WO0003184,South-4,Apparel,2026-07-14,07/17/2026,07/17/2026, Shipped,5
WO0003185,South-4,Home Goods,07/14/2026,07/17/2026,2026-07-17,shipped,10
WO0003186,South-4,Outdoor,2026-07-14,07/16/2026,2026-07-15, Shipped,1
WO0003187,Midwest-2,Apparel,2026-07-14,07/15/2026,2026-07-15,SHIPPED,3
WO0003187,Midwest-2,Apparel,2026-07-14,07/15/2026,2026-07-15,SHIPPED,3
WO0003188,Northeast-1,Outdoor,2026-07-14,07/15/2026,07/14/2026,Shipped,5
WO0003189,West-3,Home Goods,2026-07-14,07/16/2026,07/15/2026, Shipped,1
WO0003190,West-3,Apparel,2026-07-14,2026-07-16,07/16/2026,SHIPPED,4
WO0003191,Northeast-1,Home Goods,2026-07-14,07/15/2026,07/15/2026, Shipped,1
WO0003192,South-4,Home Goods,07/14/2026,07/16/2026,2026-07-16, Shipped,6
WO0003193,Northeast-1,Home Goods,2026-07-14,2026-07-15,2026-07-14, Shipped,10
WO0003194,Northeast-1,Outdoor,2026-07-14,07/15/2026,07/15/2026,Shipped,9
WO0003195,Midwest-2,Electronics,2026-07-14,07/17/2026,07/16/2026,shipped,3
WO0003196,Midwest-2,Outdoor,07/14/2026,07/16/2026,07/15/2026,Shipped,7
WO0003197,South-4,Outdoor,2026-07-14,07/16/2026,2026-07-15,Shipped,4
WO0003198,Northeast-1,Outdoor,07/14/2026,2026-07-15,07/14/2026,shipped,6
WO0003199,West-3,Office Supplies,07/14/2026,07/16/2026,2026-07-15,shipped,5
WO0003200,Northeast-1,Electronics,07/14/2026,2026-07-17,,delayed,8
WO0003201,West-3,Office Supplies,07/14/2026,07/17/2026,2026-07-17,SHIPPED,5
WO0003202,West-3,Home Goods,07/14/2026,07/17/2026,2026-07-16, Shipped,2
WO0003203,Midwest-2,Home Goods,07/14/2026,2026-07-16,07/15/2026,Shipped,7
WO0003204,West-3,Office Supplies,07/14/2026,07/16/2026,07/15/2026,shipped,2
WO0003205,Northeast-1,Electronics,2026-07-14,07/15/2026,07/15/2026,Shipped,7
WO0003206,South-4,Electronics,07/14/2026,2026-07-16,2026-07-15,SHIPPED,5
WO0003207,Midwest-2,Electronics,07/14/2026,2026-07-15,07/14/2026, Shipped,3
WO0003208,South-4,Office Supplies,07/14/2026,07/16/2026,07/15/2026,Shipped,7
WO0003209,South-4,Outdoor,07/14/2026,2026-07-16,07/15/2026,Shipped,5
WO0003210,South-4,Office Supplies,2026-07-14,2026-07-15,07/15/2026,shipped,1
WO0003211,Midwest-2,Apparel,07/14/2026,2026-07-16,2026-07-16,Shipped,4
WO0003212,Midwest-2,Electronics,2026-07-14,07/16/2026,2026-07-16, Shipped,5
WO0003213,West-3,Electronics,07/14/2026,2026-07-15,07/14/2026,Shipped,5
WO0003214,Northeast-1,Electronics,2026-07-14,2026-07-17,07/16/2026,shipped,5
WO0003215,Northeast-1,Electronics,2026-07-14,07/15/2026,2026-07-14, Shipped,7
WO0003216,Midwest-2,Office Supplies,2026-07-14,07/16/2026,2026-07-15,shipped,5
WO0003217,Northeast-1,Office Supplies,2026-07-14,07/15/2026,07/15/2026, Shipped,11
WO0003218,South-4,Electronics,07/14/2026,2026-07-15,07/14/2026,shipped,8
WO0003219,West-3,Home Goods,07/14/2026,07/15/2026,2026-07-15,shipped,1
WO0003220,Northeast-1,Office Supplies,2026-07-14,2026-07-16,07/16/2026,SHIPPED,3
WO0003221,Northeast-1,Electronics,2026-07-14,2026-07-17,07/16/2026,SHIPPED,9
WO0003222,South-4,Outdoor,2026-07-14,2026-07-15,07/15/2026,Shipped,11
WO0003223,Midwest-2,Outdoor,2026-07-14,2026-07-15,2026-07-14,Shipped,1
WO0003224,West-3,Outdoor,07/14/2026,07/16/2026,2026-07-15, Shipped,10
WO0003225,West-3,Outdoor,07/14/2026,07/17/2026,2026-07-17,shipped,1
WO0003226,Midwest-2,Apparel,07/14/2026,2026-07-17,2026-07-16,shipped,7
WO0003227,Midwest-2,Outdoor,07/14/2026,07/16/2026,2026-07-15,SHIPPED,2
WO0003228,Northeast-1,Apparel,07/14/2026,2026-07-15,2026-07-15,SHIPPED,6
WO0003229,Midwest-2,Home Goods,07/14/2026,2026-07-17,07/16/2026,SHIPPED,5
WO0003230,West-3,Electronics,07/14/2026,07/17/2026,07/16/2026,Shipped,5
WO0003231,South-4,Office Supplies,07/14/2026,2026-07-16,2026-07-16,Shipped,6
WO0003232,South-4,Apparel,07/14/2026,2026-07-17,2026-07-18,Delayed,8
WO0003233,South-4,Apparel,07/14/2026,07/15/2026,2026-07-15, Shipped,7
WO0003234,South-4,Office Supplies,2026-07-14,07/17/2026,2026-07-17,SHIPPED,6
WO0003235,South-4,Electronics,2026-07-14,2026-07-16,2026-07-15, Shipped,9
WO0003236,Midwest-2,Home Goods,2026-07-14,07/17/2026,2026-07-17,shipped,6
WO0003237,South-4,Electronics,07/14/2026,07/16/2026,2026-07-16, Shipped,7
WO0003238,South-4,Electronics,07/14/2026,07/16/2026,2026-07-16, Shipped,-1
WO0003239,Northeast-1,Electronics,07/14/2026,07/15/2026,2026-07-14,SHIPPED,9
WO0003240,Northeast-1,Outdoor,2026-07-14,07/17/2026,07/16/2026,Shipped,10
WO0003241,Midwest-2,Apparel,07/14/2026,2026-07-15,07/15/2026,SHIPPED,6
WO0003242,Midwest-2,Home Goods,2026-07-14,2026-07-15,07/15/2026,shipped,4
WO0003243,Northeast-1,Electronics,2026-07-14,07/16/2026,07/16/2026,Shipped,6
WO0003244,South-4,Outdoor,07/14/2026,2026-07-16,2026-07-16,shipped,5
WO0003245,Northeast-1,Apparel,07/14/2026,2026-07-15,,Delayed,10
WO0003246,Northeast-1,Electronics,2026-07-14,07/16/2026,07/16/2026,SHIPPED,10
WO0003247,Northeast-1,Electronics,2026-07-15,07/18/2026,07/18/2026,Shipped,3
WO0003248,South-4,Outdoor,2026-07-15,07/16/2026,2026-07-16,Shipped,5
WO0003249,South-4,Electronics,2026-07-15,07/17/2026,07/17/2026,Shipped,10
WO0003250,South-4,Home Goods,2026-07-15,07/16/2026,07/15/2026, Shipped,1
WO0003251,South-4,Office Supplies,07/15/2026,07/17/2026,07/17/2026,SHIPPED,8
WO0003252,Midwest-2,Apparel,2026-07-15,2026-07-17,,Delayed,2
WO0003253,Midwest-2,Outdoor,2026-07-15,07/18/2026,2026-07-18,shipped,7
WO0003254,South-4,Outdoor,07/15/2026,2026-07-17,2026-07-16, Shipped,8
WO0003255,South-4,Home Goods,2026-07-15,2026-07-17,07/16/2026,shipped,9
WO0003256,West-3,Home Goods,07/15/2026,2026-07-17,2026-07-16,SHIPPED,3
WO0003257,Northeast-1,Apparel,07/15/2026,07/18/2026,07/17/2026,shipped,5
WO0003258,Midwest-2,Apparel,2026-07-15,2026-07-16,07/16/2026, Shipped,9
WO0003259,South-4,Office Supplies,07/15/2026,2026-07-18,2026-07-18,SHIPPED,3
WO0003260,West-3,Office Supplies,07/15/2026,2026-07-16,2026-07-16, Shipped,8
WO0003261,Midwest-2,Outdoor,07/15/2026,2026-07-17,2026-07-16,Shipped,4
WO0003262,Northeast-1,Apparel,2026-07-15,2026-07-18,07/18/2026, Shipped,1
WO0003263,Northeast-1,Home Goods,2026-07-15,07/16/2026,2026-07-16,shipped,4
WO0003264,Northeast-1,Electronics,07/15/2026,2026-07-18,2026-07-17,Shipped,1
WO0003265,West-3,Office Supplies,2026-07-15,07/17/2026,07/17/2026,shipped,6
WO0003266,West-3,Electronics,07/15/2026,2026-07-16,2026-07-15, Shipped,4
WO0003267,Northeast-1,Office Supplies,07/15/2026,07/17/2026,2026-07-17,SHIPPED,2
WO0003268,South-4,Electronics,2026-07-15,07/18/2026,07/18/2026,Shipped,7
WO0003269,West-3,Apparel,07/15/2026,2026-07-18,2026-07-18,shipped,6
WO0003270,West-3,Apparel,07/15/2026,07/17/2026,2026-07-17,Shipped,4
WO0003271,South-4,Outdoor,07/15/2026,07/16/2026,2026-07-16,Shipped,11
WO0003272,West-3,Office Supplies,2026-07-15,07/18/2026,2026-07-17,Shipped,9
WO0003273,Northeast-1,Electronics,07/15/2026,07/16/2026,07/15/2026, Shipped,5
WO0003274,South-4,Electronics,07/15/2026,07/16/2026,07/15/2026,shipped,7
WO0003275,West-3,Electronics,07/15/2026,2026-07-18,07/21/2026,DELAYED,4
WO0003276,Midwest-2,Outdoor,2026-07-15,07/17/2026,2026-07-16,SHIPPED,6
WO0003277,Northeast-1,Outdoor,07/15/2026,07/17/2026,07/17/2026,shipped,6
WO0003278,West-3,Outdoor,07/15/2026,2026-07-18,2026-07-18,SHIPPED,7
WO0003279,Midwest-2,Apparel,2026-07-15,07/16/2026,2026-07-16,Shipped,8
WO0003280,Midwest-2,Outdoor,07/15/2026,07/16/2026,07/16/2026,SHIPPED,1
WO0003281,Northeast-1,Apparel,07/15/2026,07/17/2026,07/16/2026, Shipped,4
WO0003282,South-4,Electronics,2026-07-15,2026-07-17,07/17/2026,Shipped,7
WO0003283,South-4,Outdoor,07/15/2026,07/16/2026,2026-07-15, Shipped,3
WO0003284,West-3,Outdoor,07/15/2026,07/16/2026,07/16/2026,SHIPPED,9
WO0003285,Midwest-2,Electronics,2026-07-15,07/16/2026,2026-07-15,Shipped,5
WO0003286,West-3,Home Goods,2026-07-15,2026-07-17,07/16/2026,shipped,2
WO0003286,West-3,Home Goods,2026-07-15,2026-07-17,07/16/2026,shipped,2
WO0003287,South-4,Office Supplies,2026-07-15,07/17/2026,07/16/2026,shipped,5
WO0003288,Northeast-1,Home Goods,2026-07-15,07/16/2026,07/15/2026,Shipped,10
WO0003289,South-4,Outdoor,2026-07-15,07/16/2026,07/16/2026,SHIPPED,2
WO0003290,Northeast-1,Home Goods,2026-07-15,2026-07-18,2026-07-17,SHIPPED,11
WO0003291,Midwest-2,Outdoor,07/15/2026,2026-07-16,07/15/2026, Shipped,2
WO0003292,Northeast-1,Electronics,07/15/2026,2026-07-16,2026-07-16,SHIPPED,8
WO0003293,Northeast-1,Electronics,2026-07-15,07/18/2026,07/17/2026,SHIPPED,2
WO0003294,Northeast-1,Office Supplies,07/15/2026,07/17/2026,07/17/2026,Shipped,7
WO0003295,Midwest-2,Office Supplies,07/15/2026,2026-07-16,2026-07-16,SHIPPED,6
WO0003296,Midwest-2,Office Supplies,07/15/2026,2026-07-18,2026-07-18,SHIPPED,6
WO0003297,West-3,Home Goods,07/15/2026,2026-07-18,2026-07-18,shipped,10
WO0003298,West-3,Electronics,2026-07-15,2026-07-16,07/16/2026, Shipped,11
WO0003299,Northeast-1,Outdoor,2026-07-15,07/16/2026,07/15/2026,SHIPPED,4
WO0003300,Midwest-2,Outdoor,2026-07-15,07/18/2026,07/18/2026,shipped,1
WO0003301,Northeast-1,Electronics,2026-07-15,2026-07-16,2026-07-15,shipped,1
WO0003302,South-4,Outdoor,07/15/2026,07/16/2026,2026-07-16,Shipped,5
WO0003303,Midwest-2,Outdoor,07/15/2026,07/17/2026,07/17/2026, Shipped,6
WO0003304,South-4,Outdoor,2026-07-15,07/16/2026,2026-07-16, Shipped,10
WO0003305,South-4,Apparel,07/15/2026,2026-07-17,2026-07-16,SHIPPED,3
WO0003306,,Apparel,07/15/2026,2026-07-17,2026-07-16,SHIPPED,3
WO0003307,South-4,Electronics,07/15/2026,07/18/2026,07/17/2026,SHIPPED,7
WO0003308,Midwest-2,Outdoor,2026-07-15,07/17/2026,07/16/2026,shipped,7
WO0003309,Midwest-2,Office Supplies,07/15/2026,07/16/2026,2026-07-16,SHIPPED,6
WO0003310,Midwest-2,Outdoor,07/15/2026,07/18/2026,07/18/2026,Shipped,8
WO0003311,West-3,Home Goods,2026-07-15,2026-07-17,07/16/2026, Shipped,2
WO0003312,Northeast-1,Electronics,07/15/2026,2026-07-17,2026-07-17,Shipped,10
WO0003313,South-4,Outdoor,07/15/2026,07/16/2026,07/15/2026,Shipped,3
WO0003314,Northeast-1,Apparel,2026-07-15,2026-07-17,,DELAYED,10
WO0003315,South-4,Apparel,07/15/2026,07/17/2026,2026-07-16,shipped,3
WO0003316,South-4,Electronics,2026-07-15,07/16/2026,2026-07-15,shipped,4
WO0003317,Northeast-1,Apparel,07/15/2026,07/18/2026,07/18/2026,SHIPPED,8
WO0003318,Northeast-1,Home Goods,07/15/2026,07/16/2026,2026-07-15,shipped,4
WO0003319,West-3,Office Supplies,07/15/2026,07/17/2026,2026-07-16, Shipped,6
WO0003320,West-3,Apparel,07/15/2026,2026-07-16,2026-07-16, Shipped,8
WO0003321,Northeast-1,Home Goods,07/15/2026,07/18/2026,07/18/2026,Shipped,10
WO0003322,Northeast-1,Outdoor,2026-07-15,2026-07-18,07/18/2026,shipped,11
WO0003322,Northeast-1,Outdoor,2026-07-15,2026-07-18,07/18/2026,shipped,11
WO0003323,South-4,Office Supplies,2026-07-15,07/16/2026,2026-07-15,Shipped,8
WO0003324,Midwest-2,Electronics,07/15/2026,07/17/2026,07/16/2026, Shipped,2
WO0003325,Midwest-2,Home Goods,2026-07-15,2026-07-17,2026-07-16,Shipped,11
WO0003326,Northeast-1,Apparel,07/15/2026,2026-07-16,2026-07-16, Shipped,5
WO0003327,Northeast-1,Electronics,07/15/2026,07/17/2026,07/16/2026,Shipped,10
WO0003327,Northeast-1,Electronics,07/15/2026,07/17/2026,07/16/2026,Shipped,10
WO0003328,South-4,Electronics,07/15/2026,2026-07-17,07/17/2026,SHIPPED,3
WO0003328,South-4,Electronics,07/15/2026,2026-07-17,07/17/2026,SHIPPED,3
WO0003329,Northeast-1,Office Supplies,2026-07-15,07/18/2026,2026-07-17,shipped,1
WO0003329,Northeast-1,Office Supplies,2026-07-15,07/18/2026,2026-07-17,shipped,1
WO0003330,South-4,Home Goods,07/15/2026,2026-07-17,07/17/2026,shipped,4
WO0003331,Northeast-1,Home Goods,07/15/2026,2026-07-17,2026-07-17,shipped,10
WO0003332,Northeast-1,Apparel,07/15/2026,2026-07-16,07/15/2026,SHIPPED,4
WO0003333,West-3,Apparel,2026-07-15,2026-07-17,07/16/2026,shipped,8
WO0003334,West-3,Outdoor,2026-07-15,2026-07-17,2026-07-16,SHIPPED,2
WO0003335,,Outdoor,2026-07-15,2026-07-17,2026-07-16,SHIPPED,2
WO0003336,West-3,Electronics,07/15/2026,07/18/2026,2026-07-18, Shipped,9
WO0003337,Northeast-1,Office Supplies,2026-07-15,07/18/2026,07/17/2026,SHIPPED,1
WO0003338,Northeast-1,Office Supplies,07/15/2026,2026-07-18,2026-07-18,shipped,4
WO0003339,Midwest-2,Outdoor,2026-07-15,07/17/2026,07/17/2026,SHIPPED,7
WO0003340,Northeast-1,Electronics,07/15/2026,2026-07-18,07/18/2026, Shipped,11
WO0003341,South-4,Outdoor,07/15/2026,2026-07-16,2026-07-16, Shipped,8
WO0003342,South-4,Electronics,2026-07-15,2026-07-17,07/17/2026, Shipped,4
WO0003343,West-3,Outdoor,07/15/2026,07/17/2026,07/16/2026,SHIPPED,3
WO0003344,South-4,Apparel,2026-07-15,07/17/2026,2026-07-17, Shipped,9
WO0003345,Northeast-1,Electronics,2026-07-15,07/17/2026,07/17/2026,shipped,11
WO0003346,Midwest-2,Outdoor,2026-07-15,07/18/2026,2026-07-17,SHIPPED,6
WO0003347,South-4,Outdoor,07/15/2026,2026-07-18,07/18/2026, Shipped,3
WO0003348,Midwest-2,Apparel,07/15/2026,07/16/2026,2026-07-16,SHIPPED,4
WO0003349,South-4,Outdoor,2026-07-15,07/16/2026,2026-07-15, Shipped,9
WO0003350,West-3,Office Supplies,07/15/2026,2026-07-17,07/16/2026, Shipped,2
WO0003351,Northeast-1,Outdoor,07/15/2026,07/18/2026,07/18/2026, Shipped,2
WO0003352,Northeast-1,Apparel,07/15/2026,2026-07-16,07/15/2026, Shipped,9
WO0003353,South-4,Office Supplies,07/15/2026,2026-07-16,2026-07-16,Shipped,7
WO0003354,South-4,Outdoor,07/15/2026,2026-07-18,07/17/2026,shipped,1
WO0003355,Midwest-2,Apparel,07/15/2026,07/18/2026,,Cancelled,5
WO0003356,South-4,Office Supplies,2026-07-15,2026-07-18,2026-07-18,shipped,8
WO0003357,Northeast-1,Outdoor,07/15/2026,2026-07-17,2026-07-16,Shipped,10
WO0003358,Northeast-1,Apparel,2026-07-15,07/16/2026,2026-07-16, Shipped,1
WO0003359,West-3,Office Supplies,07/15/2026,2026-07-18,07/18/2026,Shipped,11
WO0003360,South-4,Outdoor,2026-07-15,2026-07-16,07/15/2026,SHIPPED,2
WO0003361,Northeast-1,Outdoor,07/15/2026,07/18/2026,2026-07-17,shipped,11
WO0003362,West-3,Apparel,2026-07-15,07/17/2026,2026-07-17,shipped,9
WO0003363,Midwest-2,Home Goods,07/15/2026,07/16/2026,07/19/2026,Delayed,10
WO0003364,West-3,Apparel,2026-07-15,2026-07-16,2026-07-16,SHIPPED,10
WO0003365,West-3,Electronics,07/15/2026,07/18/2026,07/17/2026, Shipped,8
WO0003366,Midwest-2,Home Goods,07/15/2026,07/18/2026,07/18/2026,shipped,9
WO0003367,South-4,Apparel,07/15/2026,2026-07-17,2026-07-16,Shipped,6
WO0003368,Northeast-1,Home Goods,07/15/2026,07/18/2026,07/18/2026,Shipped,5
WO0003369,Northeast-1,Outdoor,2026-07-15,07/16/2026,07/19/2026,delayed,5
WO0003370,Midwest-2,Office Supplies,2026-07-16,2026-07-17,07/17/2026,shipped,4
WO0003371,South-4,Office Supplies,2026-07-16,07/18/2026,07/18/2026,SHIPPED,7
WO0003372,Midwest-2,Apparel,07/16/2026,07/17/2026,2026-07-17,SHIPPED,2
WO0003373,West-3,Apparel,2026-07-16,2026-07-19,2026-07-19,shipped,6
WO0003374,Northeast-1,Electronics,2026-07-16,2026-07-19,2026-07-18,SHIPPED,11
WO0003375,Northeast-1,Office Supplies,2026-07-16,07/19/2026,,Delayed,11
WO0003376,South-4,Office Supplies,2026-07-16,07/19/2026,2026-07-18,SHIPPED,8
WO0003377,Midwest-2,Outdoor,2026-07-16,2026-07-18,2026-07-18,Shipped,3
WO0003378,South-4,Electronics,2026-07-16,07/19/2026,07/19/2026,SHIPPED,3
WO0003379,West-3,Office Supplies,2026-07-16,07/17/2026,07/16/2026,Shipped,3
WO0003380,Northeast-1,Home Goods,2026-07-16,07/17/2026,07/16/2026,Shipped,9
WO0003381,West-3,Outdoor,07/16/2026,07/19/2026,2026-07-18,Shipped,9
WO0003382,South-4,Electronics,2026-07-16,2026-07-18,2026-07-18,SHIPPED,10
WO0003383,West-3,Office Supplies,2026-07-16,07/19/2026,2026-07-18,Shipped,3
WO0003384,South-4,Electronics,2026-07-16,07/17/2026,07/16/2026,SHIPPED,6
WO0003385,West-3,Electronics,07/16/2026,07/17/2026,07/17/2026, Shipped,3
WO0003386,Northeast-1,Outdoor,07/16/2026,07/18/2026,2026-07-17,shipped,9
WO0003387,West-3,Apparel,2026-07-16,2026-07-18,2026-07-17, Shipped,2
WO0003388,Northeast-1,Home Goods,07/16/2026,07/19/2026,2026-07-18, Shipped,2
WO0003389,Midwest-2,Electronics,07/16/2026,2026-07-19,07/18/2026,Shipped,10
WO0003390,West-3,Outdoor,2026-07-16,07/19/2026,2026-07-19,Shipped,10
WO0003391,,Outdoor,2026-07-16,07/19/2026,2026-07-19,Shipped,10
WO0003392,Northeast-1,Home Goods,07/16/2026,2026-07-18,2026-07-17,SHIPPED,10
WO0003393,South-4,Office Supplies,2026-07-16,07/18/2026,2026-07-17,shipped,1
WO0003394,Midwest-2,Electronics,07/16/2026,2026-07-17,07/16/2026,shipped,1
WO0003395,Northeast-1,Outdoor,07/16/2026,2026-07-17,2026-07-17,Shipped,1
WO0003396,Midwest-2,Office Supplies,07/16/2026,2026-07-19,2026-07-19,Shipped,8
WO0003397,West-3,Home Goods,2026-07-16,2026-07-19,2026-07-19, Shipped,11
WO0003398,Midwest-2,Apparel,07/16/2026,2026-07-18,07/17/2026, Shipped,3
WO0003399,South-4,Apparel,07/16/2026,2026-07-18,2026-07-18,Shipped,11
WO0003400,Northeast-1,Home Goods,07/16/2026,07/19/2026,,DELAYED,3
WO0003401,West-3,Electronics,2026-07-16,07/17/2026,2026-07-16,shipped,9
WO0003402,Northeast-1,Outdoor,2026-07-16,07/19/2026,2026-07-19,SHIPPED,10
WO0003403,South-4,Electronics,07/16/2026,2026-07-19,07/18/2026,Shipped,2
WO0003404,Midwest-2,Home Goods,2026-07-16,2026-07-19,07/20/2026,Delayed,11
WO0003405,Midwest-2,Apparel,07/16/2026,2026-07-19,07/18/2026, Shipped,8
WO0003406,Northeast-1,Apparel,07/16/2026,07/18/2026,07/18/2026,SHIPPED,5
WO0003407,Northeast-1,Outdoor,07/16/2026,2026-07-19,07/18/2026,SHIPPED,4
WO0003408,South-4,Home Goods,07/16/2026,2026-07-17,07/16/2026,SHIPPED,1
WO0003409,Midwest-2,Home Goods,2026-07-16,2026-07-17,2026-07-16, Shipped,1
WO0003410,Northeast-1,Home Goods,07/16/2026,07/19/2026,2026-07-18,shipped,5
WO0003411,West-3,Outdoor,2026-07-16,2026-07-18,07/17/2026, Shipped,9
WO0003412,,Outdoor,2026-07-16,2026-07-18,07/17/2026, Shipped,9
WO0003413,South-4,Apparel,07/16/2026,07/19/2026,07/19/2026,Shipped,1
WO0003413,South-4,Apparel,07/16/2026,07/19/2026,07/19/2026,Shipped,1
WO0003414,West-3,Apparel,07/16/2026,07/18/2026,,cancelled,9
WO0003415,Northeast-1,Apparel,07/16/2026,07/19/2026,07/19/2026,SHIPPED,5
WO0003416,Northeast-1,Home Goods,2026-07-16,2026-07-18,07/19/2026,DELAYED,11
WO0003417,Midwest-2,Electronics,07/16/2026,2026-07-17,2026-07-17,Shipped,9
WO0003418,South-4,Apparel,07/16/2026,07/19/2026,07/18/2026,Shipped,11
WO0003419,Midwest-2,Home Goods,2026-07-16,07/19/2026,07/19/2026,Shipped,10
WO0003420,Northeast-1,Outdoor,07/16/2026,07/17/2026,07/17/2026, Shipped,10
WO0003421,Northeast-1,Electronics,2026-07-16,07/18/2026,2026-07-18,SHIPPED,5
WO0003422,South-4,Apparel,2026-07-16,2026-07-17,,Cancelled,3
WO0003423,Midwest-2,Apparel,2026-07-16,07/19/2026,2026-07-19,shipped,1
WO0003424,Northeast-1,Office Supplies,07/16/2026,07/17/2026,2026-07-17,Shipped,7
WO0003425,Northeast-1,Outdoor,07/16/2026,07/19/2026,2026-07-18, Shipped,4
WO0003426,Midwest-2,Apparel,07/16/2026,2026-07-19,2026-07-18,Shipped,9
WO0003427,Midwest-2,Electronics,2026-07-16,07/17/2026,07/16/2026,SHIPPED,11
WO0003427,Midwest-2,Electronics,2026-07-16,07/17/2026,07/16/2026,SHIPPED,11
WO0003428,Midwest-2,Outdoor,2026-07-16,07/17/2026,2026-07-17,shipped,11
WO0003429,South-4,Home Goods,07/16/2026,2026-07-18,07/18/2026, Shipped,6
WO0003430,South-4,Home Goods,07/16/2026,07/18/2026,07/17/2026,Shipped,5
WO0003431,Northeast-1,Office Supplies,07/16/2026,07/19/2026,2026-07-19,SHIPPED,10
WO0003432,Midwest-2,Home Goods,2026-07-16,2026-07-19,2026-07-18, Shipped,9
WO0003433,Midwest-2,Apparel,07/16/2026,07/18/2026,2026-07-17,shipped,2
WO0003434,Midwest-2,Apparel,07/16/2026,07/18/2026,07/18/2026,shipped,3
WO0003435,Northeast-1,Apparel,2026-07-16,2026-07-18,2026-07-17,shipped,4
WO0003436,Midwest-2,Outdoor,07/16/2026,2026-07-17,07/17/2026,SHIPPED,11
WO0003437,South-4,Office Supplies,07/16/2026,07/18/2026,2026-07-17,Shipped,11
WO0003438,Northeast-1,Outdoor,07/16/2026,2026-07-17,2026-07-17, Shipped,6
WO0003439,Midwest-2,Electronics,07/16/2026,07/17/2026,2026-07-17, Shipped,8
WO0003440,Midwest-2,Outdoor,07/16/2026,2026-07-19,07/19/2026,Shipped,5
WO0003441,Midwest-2,Electronics,2026-07-16,2026-07-18,07/18/2026,shipped,3
WO0003442,Midwest-2,Home Goods,2026-07-16,07/18/2026,2026-07-18, Shipped,7
WO0003443,West-3,Electronics,07/16/2026,07/18/2026,2026-07-18, Shipped,10
WO0003444,Midwest-2,Office Supplies,07/16/2026,07/18/2026,2026-07-18, Shipped,4
WO0003445,West-3,Office Supplies,2026-07-16,2026-07-18,2026-07-17,Shipped,6
WO0003446,South-4,Electronics,2026-07-16,07/19/2026,2026-07-18,shipped,9
WO0003447,Northeast-1,Apparel,07/16/2026,07/17/2026,2026-07-17, Shipped,3
WO0003448,West-3,Outdoor,2026-07-16,07/17/2026,2026-07-16,shipped,5
WO0003449,West-3,Outdoor,07/16/2026,2026-07-17,2026-07-16,SHIPPED,10
WO0003450,Northeast-1,Electronics,07/16/2026,07/17/2026,2026-07-16, Shipped,3
WO0003451,Midwest-2,Home Goods,07/16/2026,2026-07-18,07/18/2026,Shipped,7
WO0003452,South-4,Apparel,2026-07-16,07/17/2026,07/16/2026,Shipped,10
WO0003453,South-4,Outdoor,2026-07-16,2026-07-17,07/17/2026, Shipped,1
WO0003454,Midwest-2,Home Goods,07/16/2026,2026-07-17,2026-07-17,Shipped,7
WO0003455,West-3,Outdoor,07/16/2026,07/17/2026,07/16/2026,Shipped,1
WO0003456,South-4,Outdoor,2026-07-16,2026-07-17,2026-07-16,SHIPPED,2
WO0003457,Midwest-2,Electronics,2026-07-16,07/17/2026,2026-07-17, Shipped,11
WO0003458,,Electronics,2026-07-16,07/17/2026,2026-07-17, Shipped,11
WO0003459,South-4,Electronics,07/16/2026,07/19/2026,2026-07-18,shipped,5
WO0003460,South-4,Electronics,07/16/2026,2026-07-17,2026-07-16,SHIPPED,5
WO0003461,Midwest-2,Apparel,07/16/2026,07/18/2026,07/17/2026,shipped,4
WO0003462,Midwest-2,Home Goods,07/16/2026,2026-07-18,,delayed,8
WO0003463,West-3,Electronics,07/16/2026,07/17/2026,07/17/2026,shipped,8
WO0003464,West-3,Outdoor,2026-07-16,07/19/2026,07/18/2026,Shipped,2
WO0003465,South-4,Home Goods,07/16/2026,2026-07-17,2026-07-16, Shipped,11
WO0003466,Northeast-1,Electronics,07/16/2026,07/17/2026,07/16/2026, Shipped,5
WO0003467,Northeast-1,Office Supplies,2026-07-16,2026-07-17,2026-07-16,SHIPPED,11
WO0003468,South-4,Outdoor,07/16/2026,2026-07-19,2026-07-18,shipped,8
WO0003469,Northeast-1,Office Supplies,07/16/2026,2026-07-19,07/19/2026, Shipped,11
WO0003470,South-4,Outdoor,2026-07-16,07/18/2026,2026-07-18,shipped,2
WO0003471,Midwest-2,Apparel,07/16/2026,2026-07-17,07/16/2026,shipped,1
WO0003472,Midwest-2,Office Supplies,2026-07-16,2026-07-19,2026-07-18, Shipped,2
WO0003473,South-4,Office Supplies,2026-07-16,07/18/2026,2026-07-17,SHIPPED,10
WO0003474,South-4,Office Supplies,2026-07-16,07/18/2026,07/17/2026,SHIPPED,9
WO0003475,West-3,Outdoor,2026-07-16,07/18/2026,2026-07-17,Shipped,10
WO0003476,Northeast-1,Apparel,07/16/2026,2026-07-19,2026-07-18,shipped,11
WO0003477,South-4,Apparel,2026-07-16,07/17/2026,07/17/2026,SHIPPED,7
WO0003478,Midwest-2,Electronics,2026-07-16,2026-07-17,07/17/2026,shipped,7
WO0003479,West-3,Apparel,2026-07-16,07/18/2026,2026-07-18, Shipped,10
WO0003480,West-3,Office Supplies,2026-07-16,2026-07-17,2026-07-21,DELAYED,2
WO0003481,West-3,Outdoor,07/16/2026,07/17/2026,2026-07-17,SHIPPED,2
WO0003482,West-3,Apparel,07/16/2026,07/19/2026,2026-07-18,shipped,6
WO0003483,Northeast-1,Electronics,2026-07-16,2026-07-19,07/19/2026,SHIPPED,10
WO0003484,West-3,Electronics,07/16/2026,07/18/2026,2026-07-18, Shipped,9
WO0003485,Midwest-2,Home Goods,07/16/2026,07/18/2026,07/17/2026,shipped,7
WO0003486,West-3,Home Goods,07/16/2026,07/17/2026,2026-07-17,Shipped,5
WO0003487,Midwest-2,Office Supplies,07/16/2026,07/18/2026,07/18/2026, Shipped,4
WO0003488,Midwest-2,Outdoor,2026-07-16,2026-07-19,2026-07-18,Shipped,11
WO0003489,Midwest-2,Electronics,07/16/2026,2026-07-17,07/17/2026, Shipped,9
WO0003490,West-3,Office Supplies,2026-07-16,07/18/2026,2026-07-18,shipped,3
WO0003491,South-4,Outdoor,2026-07-16,2026-07-19,07/18/2026,Shipped,11
WO0003492,Midwest-2,Home Goods,2026-07-16,2026-07-18,2026-07-18,Shipped,9
WO0003492,Midwest-2,Home Goods,2026-07-16,2026-07-18,2026-07-18,Shipped,9
WO0003493,South-4,Electronics,07/16/2026,2026-07-19,2026-07-18, Shipped,11
WO0003494,Northeast-1,Office Supplies,2026-07-16,07/19/2026,2026-07-19,shipped,8
WO0003495,West-3,Outdoor,07/16/2026,2026-07-17,07/17/2026,Shipped,3
WO0003496,Midwest-2,Office Supplies,07/16/2026,07/19/2026,,Delayed,6
WO0003497,South-4,Electronics,2026-07-16,2026-07-18,2026-07-18,Shipped,10
WO0003498,South-4,Apparel,07/16/2026,07/18/2026,07/17/2026,Shipped,5
WO0003499,South-4,Apparel,07/16/2026,2026-07-19,2026-07-19,Shipped,1
WO0003500,South-4,Outdoor,07/16/2026,07/17/2026,2026-07-17,shipped,11
WO0003501,West-3,Apparel,07/16/2026,07/19/2026,07/19/2026,Shipped,4
WO0003502,Midwest-2,Electronics,07/16/2026,07/17/2026,2026-07-20,DELAYED,10
WO0003503,Midwest-2,Electronics,07/16/2026,07/18/2026,07/17/2026, Shipped,2
WO0003504,West-3,Electronics,2026-07-16,2026-07-17,,delayed,11
WO0003505,Midwest-2,Electronics,2026-07-16,07/18/2026,2026-07-18,Shipped,8
WO0003506,Northeast-1,Apparel,07/16/2026,2026-07-17,07/16/2026,SHIPPED,1
WO0003507,South-4,Apparel,07/16/2026,07/17/2026,07/17/2026,shipped,4
WO0003508,West-3,Outdoor,2026-07-16,2026-07-18,07/18/2026,shipped,9
WO0003509,South-4,Outdoor,07/16/2026,2026-07-18,,delayed,4
WO0003510,South-4,Office Supplies,07/16/2026,07/18/2026,2026-07-17, Shipped,3
WO0003511,West-3,Electronics,07/16/2026,07/19/2026,2026-07-18, Shipped,11
WO0003512,Northeast-1,Home Goods,07/16/2026,2026-07-17,2026-07-17, Shipped,5
WO0003513,Midwest-2,Home Goods,07/16/2026,07/19/2026,2026-07-19,shipped,2
WO0003514,Midwest-2,Office Supplies,2026-07-16,07/18/2026,07/17/2026,SHIPPED,6
WO0003515,Midwest-2,Outdoor,2026-07-16,2026-07-19,2026-07-18,Shipped,8
WO0003516,Midwest-2,Electronics,2026-07-16,07/18/2026,2026-07-18,shipped,11
WO0003517,Northeast-1,Home Goods,07/16/2026,2026-07-18,2026-07-17,shipped,11
WO0003518,South-4,Outdoor,07/16/2026,2026-07-17,,delayed,10
WO0003519,West-3,Outdoor,07/16/2026,2026-07-19,2026-07-18,SHIPPED,7
WO0003520,Midwest-2,Apparel,07/16/2026,07/18/2026,07/18/2026,shipped,11
WO0003521,Midwest-2,Office Supplies,2026-07-16,2026-07-19,07/19/2026,SHIPPED,11
WO0003521,Midwest-2,Office Supplies,2026-07-16,2026-07-19,07/19/2026,SHIPPED,11
WO0003522,West-3,Electronics,2026-07-16,07/19/2026,2026-07-19,Shipped,8
WO0003523,Midwest-2,Apparel,07/17/2026,2026-07-19,07/19/2026,SHIPPED,6
WO0003524,Midwest-2,Office Supplies,07/17/2026,07/19/2026,2026-07-18,SHIPPED,4
WO0003525,West-3,Home Goods,2026-07-17,07/20/2026,07/19/2026,Shipped,5
WO0003526,Midwest-2,Outdoor,07/17/2026,2026-07-18,07/17/2026,SHIPPED,3
WO0003527,Northeast-1,Apparel,07/17/2026,2026-07-20,07/20/2026,shipped,1
WO0003528,West-3,Home Goods,07/17/2026,2026-07-18,07/17/2026,shipped,1
WO0003529,Northeast-1,Apparel,2026-07-17,2026-07-20,,delayed,1
WO0003530,South-4,Office Supplies,2026-07-17,07/19/2026,2026-07-18,shipped,4
WO0003531,West-3,Apparel,2026-07-17,2026-07-18,2026-07-17,shipped,1
WO0003532,Northeast-1,Apparel,07/17/2026,07/20/2026,07/20/2026,Shipped,3
WO0003533,South-4,Home Goods,2026-07-17,07/19/2026,07/18/2026,shipped,3
WO0003534,Northeast-1,Apparel,07/17/2026,2026-07-18,2026-07-17, Shipped,3
WO0003534,Northeast-1,Apparel,07/17/2026,2026-07-18,2026-07-17, Shipped,3
WO0003535,Northeast-1,Electronics,07/17/2026,07/20/2026,2026-07-20,shipped,2
WO0003536,West-3,Electronics,07/17/2026,2026-07-18,2026-07-18,Shipped,7
WO0003537,West-3,Outdoor,2026-07-17,2026-07-18,2026-07-17,Shipped,9
WO0003538,Midwest-2,Apparel,2026-07-17,2026-07-18,07/17/2026,shipped,9
WO0003539,West-3,Office Supplies,07/17/2026,07/18/2026,2026-07-18, Shipped,7
WO0003540,Midwest-2,Apparel,07/17/2026,2026-07-18,07/18/2026,Shipped,10
WO0003541,Northeast-1,Outdoor,07/17/2026,2026-07-18,07/17/2026, Shipped,4
WO0003542,West-3,Office Supplies,07/17/2026,2026-07-20,2026-07-19,shipped,5
WO0003543,West-3,Electronics,07/17/2026,07/18/2026,07/17/2026, Shipped,5
WO0003544,Midwest-2,Apparel,07/17/2026,2026-07-19,2026-07-19,SHIPPED,8
WO0003545,Midwest-2,Electronics,2026-07-17,07/19/2026,,Cancelled,9
WO0003546,South-4,Electronics,2026-07-17,07/20/2026,2026-07-20,shipped,1
WO0003547,West-3,Home Goods,07/17/2026,2026-07-19,2026-07-19,Shipped,2
WO0003548,South-4,Office Supplies,07/17/2026,2026-07-20,2026-07-20,SHIPPED,1
WO0003549,South-4,Apparel,07/17/2026,07/20/2026,07/19/2026,shipped,8
WO0003550,West-3,Office Supplies,07/17/2026,2026-07-18,07/17/2026,SHIPPED,1
WO0003551,South-4,Electronics,2026-07-17,2026-07-20,2026-07-19,shipped,6
WO0003552,West-3,Apparel,2026-07-17,2026-07-18,07/17/2026, Shipped,6
WO0003553,Midwest-2,Home Goods,2026-07-17,2026-07-18,,cancelled,11
WO0003554,West-3,Electronics,2026-07-17,07/20/2026,2026-07-19,shipped,2
WO0003555,Midwest-2,Outdoor,2026-07-17,2026-07-18,07/18/2026, Shipped,7
WO0003556,Northeast-1,Apparel,2026-07-17,2026-07-18,07/18/2026,shipped,11
WO0003557,South-4,Apparel,2026-07-17,2026-07-18,07/18/2026,shipped,5
WO0003558,South-4,Electronics,07/17/2026,2026-07-20,07/20/2026,SHIPPED,5
WO0003559,South-4,Electronics,07/17/2026,2026-07-20,07/20/2026,SHIPPED,-1
WO0003560,Northeast-1,Home Goods,2026-07-17,07/20/2026,07/19/2026,Shipped,9
WO0003561,Midwest-2,Office Supplies,2026-07-17,2026-07-19,07/18/2026, Shipped,9
WO0003562,South-4,Home Goods,2026-07-17,2026-07-18,07/17/2026,shipped,7
WO0003563,South-4,Home Goods,2026-07-17,07/18/2026,2026-07-17,shipped,1
WO0003564,West-3,Apparel,2026-07-17,2026-07-18,07/17/2026, Shipped,5
WO0003565,Midwest-2,Home Goods,2026-07-17,07/20/2026,2026-07-19, Shipped,11
WO0003566,Midwest-2,Office Supplies,2026-07-17,07/18/2026,2026-07-18, Shipped,8
WO0003567,West-3,Office Supplies,2026-07-17,2026-07-18,07/17/2026,shipped,5
WO0003568,South-4,Office Supplies,2026-07-17,07/19/2026,07/18/2026, Shipped,6
WO0003569,West-3,Outdoor,07/17/2026,2026-07-19,2026-07-18, Shipped,2
WO0003570,Northeast-1,Office Supplies,07/17/2026,2026-07-18,,cancelled,7
WO0003571,Midwest-2,Electronics,07/17/2026,07/18/2026,2026-07-17,Shipped,9
WO0003572,South-4,Office Supplies,07/17/2026,2026-07-20,2026-07-19, Shipped,10
WO0003573,Midwest-2,Home Goods,07/17/2026,2026-07-18,07/17/2026,shipped,6
WO0003574,Midwest-2,Electronics,2026-07-17,2026-07-18,2026-07-17,shipped,6
WO0003575,South-4,Outdoor,07/17/2026,07/18/2026,2026-07-17,shipped,7
WO0003576,Northeast-1,Office Supplies,2026-07-17,07/19/2026,07/18/2026,Shipped,10
WO0003577,South-4,Electronics,07/17/2026,2026-07-20,07/19/2026,Shipped,5
WO0003578,South-4,Electronics,07/17/2026,2026-07-20,07/19/2026,Shipped,-1
WO0003579,Midwest-2,Outdoor,2026-07-17,07/20/2026,2026-07-19,shipped,7
WO0003580,South-4,Outdoor,2026-07-17,2026-07-18,07/18/2026,SHIPPED,10
WO0003581,South-4,Electronics,07/17/2026,07/19/2026,2026-07-19,SHIPPED,5
WO0003582,West-3,Outdoor,07/17/2026,2026-07-20,07/20/2026,Shipped,8
WO0003583,Midwest-2,Office Supplies,07/17/2026,07/20/2026,07/20/2026,shipped,8
WO0003584,West-3,Apparel,2026-07-17,07/18/2026,2026-07-17,shipped,9
WO0003585,Midwest-2,Home Goods,07/17/2026,2026-07-20,07/20/2026,shipped,11
WO0003586,Northeast-1,Electronics,2026-07-17,07/18/2026,2026-07-17, Shipped,6
WO0003587,Northeast-1,Outdoor,2026-07-17,2026-07-20,07/20/2026,shipped,5
WO0003588,South-4,Home Goods,2026-07-17,2026-07-19,2026-07-19, Shipped,9
WO0003589,Northeast-1,Home Goods,07/17/2026,07/20/2026,2026-07-19,SHIPPED,4
WO0003590,South-4,Electronics,2026-07-17,2026-07-18,2026-07-17,SHIPPED,5
WO0003591,South-4,Outdoor,2026-07-17,2026-07-18,2026-07-18,shipped,5
WO0003592,Midwest-2,Office Supplies,07/17/2026,07/20/2026,2026-07-20,shipped,4
WO0003593,Northeast-1,Home Goods,07/17/2026,07/19/2026,2026-07-19, Shipped,2
WO0003594,South-4,Apparel,2026-07-17,07/20/2026,07/19/2026, Shipped,10
WO0003595,Midwest-2,Office Supplies,07/17/2026,2026-07-19,2026-07-19,shipped,7
WO0003596,Northeast-1,Electronics,07/17/2026,07/19/2026,07/18/2026,SHIPPED,4
WO0003597,Midwest-2,Office Supplies,2026-07-17,2026-07-19,07/18/2026,Shipped,3
WO0003598,Northeast-1,Home Goods,07/17/2026,2026-07-19,2026-07-19,Shipped,7
WO0003599,West-3,Home Goods,07/17/2026,2026-07-19,07/19/2026,shipped,5
WO0003600,Midwest-2,Electronics,07/17/2026,2026-07-20,2026-07-19,SHIPPED,10
WO0003601,South-4,Outdoor,07/17/2026,2026-07-20,2026-07-19,SHIPPED,7
WO0003602,Midwest-2,Home Goods,2026-07-17,07/20/2026,2026-07-19,shipped,11
WO0003603,Northeast-1,Outdoor,07/17/2026,2026-07-19,07/19/2026, Shipped,2
WO0003604,Northeast-1,Home Goods,2026-07-17,2026-07-20,2026-07-20, Shipped,1
WO0003604,Northeast-1,Home Goods,2026-07-17,2026-07-20,2026-07-20, Shipped,1
WO0003605,Northeast-1,Home Goods,2026-07-17,07/20/2026,2026-07-19,Shipped,3
WO0003606,Midwest-2,Apparel,2026-07-17,2026-07-18,2026-07-18, Shipped,10
WO0003607,South-4,Outdoor,2026-07-17,07/18/2026,2026-07-18,shipped,1
WO0003608,South-4,Electronics,2026-07-17,2026-07-20,2026-07-20,Shipped,8
WO0003609,West-3,Office Supplies,2026-07-17,2026-07-19,07/19/2026,Shipped,3
WO0003610,West-3,Office Supplies,2026-07-17,07/19/2026,07/18/2026,SHIPPED,4
WO0003611,Midwest-2,Electronics,07/17/2026,07/20/2026,07/20/2026,SHIPPED,9
WO0003612,South-4,Outdoor,07/17/2026,2026-07-20,07/20/2026,Shipped,1
WO0003613,Midwest-2,Office Supplies,07/17/2026,07/20/2026,,Canceled,4
WO0003614,South-4,Office Supplies,07/17/2026,07/20/2026,2026-07-20,Shipped,3
WO0003615,Midwest-2,Home Goods,2026-07-17,07/20/2026,07/20/2026,Shipped,11
WO0003616,South-4,Apparel,07/17/2026,2026-07-20,2026-07-19,SHIPPED,5
WO0003617,Northeast-1,Outdoor,07/17/2026,07/18/2026,07/17/2026, Shipped,9
WO0003618,South-4,Outdoor,07/17/2026,07/19/2026,07/18/2026,shipped,1
WO0003619,Midwest-2,Outdoor,2026-07-17,2026-07-19,2026-07-19,shipped,5
WO0003620,Midwest-2,Office Supplies,07/17/2026,2026-07-19,2026-07-19, Shipped,3
WO0003621,South-4,Apparel,07/17/2026,07/19/2026,2026-07-18,shipped,7
WO0003622,West-3,Home Goods,07/17/2026,07/18/2026,07/18/2026,Shipped,8
WO0003623,Midwest-2,Electronics,2026-07-17,07/20/2026,07/20/2026,shipped,3
WO0003624,South-4,Office Supplies,2026-07-17,2026-07-18,07/17/2026, Shipped,6
WO0003625,South-4,Apparel,07/17/2026,07/19/2026,2026-07-18,shipped,8
WO0003626,West-3,Office Supplies,2026-07-17,2026-07-20,2026-07-20, Shipped,8
WO0003627,Midwest-2,Electronics,07/17/2026,2026-07-18,07/18/2026,shipped,1
WO0003628,Midwest-2,Apparel,2026-07-17,2026-07-19,2026-07-18, Shipped,11
WO0003629,South-4,Apparel,07/17/2026,2026-07-19,2026-07-18,Shipped,8
WO0003630,West-3,Office Supplies,07/17/2026,2026-07-18,07/18/2026,SHIPPED,9
WO0003631,Northeast-1,Home Goods,2026-07-17,2026-07-20,2026-07-19,Shipped,3
WO0003632,South-4,Home Goods,07/17/2026,07/19/2026,,delayed,9
WO0003633,Midwest-2,Home Goods,2026-07-17,2026-07-20,07/20/2026,Shipped,3
WO0003634,West-3,Electronics,07/17/2026,2026-07-18,07/18/2026,shipped,10
WO0003635,West-3,Outdoor,07/17/2026,07/20/2026,07/20/2026,SHIPPED,10
WO0003636,West-3,Home Goods,07/17/2026,2026-07-19,07/18/2026,SHIPPED,8
WO0003637,Northeast-1,Office Supplies,07/17/2026,07/20/2026,2026-07-20,shipped,4
WO0003638,South-4,Outdoor,07/17/2026,2026-07-19,07/18/2026,Shipped,5
WO0003639,South-4,Outdoor,2026-07-17,2026-07-19,2026-07-18,Shipped,2
WO0003640,Midwest-2,Office Supplies,07/17/2026,07/18/2026,07/17/2026,SHIPPED,2
WO0003641,South-4,Office Supplies,2026-07-17,2026-07-19,2026-07-18, Shipped,4
WO0003642,South-4,Outdoor,2026-07-17,2026-07-18,2026-07-17,Shipped,10
WO0003643,Midwest-2,Apparel,2026-07-17,2026-07-20,07/20/2026,Shipped,4
WO0003644,West-3,Apparel,2026-07-17,2026-07-19,07/19/2026,shipped,8
WO0003645,West-3,Electronics,07/17/2026,2026-07-20,2026-07-20,SHIPPED,10
WO0003646,Midwest-2,Apparel,07/17/2026,2026-07-18,2026-07-18,shipped,4
WO0003647,Northeast-1,Office Supplies,2026-07-17,07/18/2026,2026-07-17,SHIPPED,10
WO0003648,Northeast-1,Home Goods,07/17/2026,2026-07-20,07/20/2026,Shipped,9
WO0003649,West-3,Home Goods,2026-07-17,07/20/2026,2026-07-19,Shipped,5
WO0003650,Northeast-1,Apparel,2026-07-17,07/19/2026,2026-07-18,Shipped,11
WO0003651,Midwest-2,Home Goods,07/17/2026,2026-07-18,07/17/2026,shipped,6
WO0003652,South-4,Outdoor,07/17/2026,07/18/2026,07/18/2026, Shipped,1
WO0003653,Midwest-2,Apparel,07/17/2026,07/18/2026,2026-07-17, Shipped,5
WO0003654,South-4,Electronics,2026-07-17,07/20/2026,2026-07-20,Shipped,1
WO0003655,Midwest-2,Office Supplies,07/17/2026,07/20/2026,2026-07-19,shipped,4
WO0003656,West-3,Outdoor,07/17/2026,07/18/2026,07/17/2026,shipped,3
WO0003657,Northeast-1,Apparel,07/17/2026,07/18/2026,2026-07-22,DELAYED,6
WO0003658,Midwest-2,Electronics,07/17/2026,07/19/2026,07/18/2026,Shipped,11
WO0003659,South-4,Apparel,07/17/2026,07/18/2026,2026-07-18,SHIPPED,11
WO0003660,South-4,Apparel,07/17/2026,2026-07-20,07/19/2026,shipped,9
WO0003661,West-3,Electronics,2026-07-17,2026-07-19,07/18/2026, Shipped,3
WO0003662,Northeast-1,Apparel,07/17/2026,2026-07-18,07/18/2026,shipped,10
WO0003663,Midwest-2,Electronics,07/17/2026,07/18/2026,07/18/2026, Shipped,7
WO0003664,South-4,Apparel,2026-07-17,07/20/2026,2026-07-20,SHIPPED,11
WO0003665,Northeast-1,Outdoor,07/17/2026,2026-07-18,07/20/2026,DELAYED,4
WO0003666,South-4,Apparel,2026-07-17,2026-07-20,,delayed,8
WO0003667,Midwest-2,Office Supplies,2026-07-17,2026-07-20,2026-07-20, Shipped,2
WO0003668,Midwest-2,Office Supplies,2026-07-17,2026-07-19,2026-07-18,shipped,7
WO0003669,West-3,Electronics,07/17/2026,2026-07-19,2026-07-19,shipped,7
WO0003670,Northeast-1,Outdoor,2026-07-17,07/20/2026,2026-07-20,shipped,7
WO0003671,South-4,Office Supplies,2026-07-17,2026-07-20,2026-07-20, Shipped,4
WO0003672,Northeast-1,Home Goods,07/17/2026,2026-07-18,07/18/2026,shipped,9
WO0003673,West-3,Home Goods,2026-07-17,07/18/2026,2026-07-18,shipped,7
WO0003674,West-3,Apparel,2026-07-17,07/18/2026,2026-07-17,SHIPPED,3
WO0003675,South-4,Home Goods,07/17/2026,07/20/2026,2026-07-20,SHIPPED,1
WO0003676,Northeast-1,Outdoor,07/17/2026,2026-07-20,,DELAYED,8
WO0003677,Northeast-1,Electronics,2026-07-17,07/20/2026,2026-07-19,SHIPPED,8
WO0003678,Northeast-1,Apparel,07/17/2026,2026-07-18,2026-07-17, Shipped,8
WO0003679,Midwest-2,Office Supplies,2026-07-17,2026-07-20,07/19/2026, Shipped,9
WO0003679,Midwest-2,Office Supplies,2026-07-17,2026-07-20,07/19/2026, Shipped,9
WO0003680,West-3,Apparel,07/17/2026,07/20/2026,07/20/2026,shipped,6
WO0003681,South-4,Electronics,2026-07-17,07/19/2026,07/19/2026,shipped,1
WO0003682,South-4,Electronics,2026-07-17,07/18/2026,2026-07-18,Shipped,5
WO0003683,West-3,Apparel,07/17/2026,2026-07-19,,Canceled,9
WO0003684,Midwest-2,Outdoor,07/18/2026,07/19/2026,2026-07-18, Shipped,1
WO0003685,South-4,Outdoor,2026-07-18,07/20/2026,07/20/2026, Shipped,7
WO0003686,Northeast-1,Outdoor,07/18/2026,2026-07-19,07/18/2026,shipped,5
WO0003687,Northeast-1,Home Goods,07/18/2026,07/19/2026,07/23/2026,delayed,5
WO0003688,South-4,Outdoor,2026-07-18,2026-07-21,2026-07-21,SHIPPED,8
WO0003689,Midwest-2,Office Supplies,2026-07-18,07/20/2026,,Delayed,5
WO0003690,West-3,Home Goods,2026-07-18,07/19/2026,2026-07-18,Shipped,8
WO0003691,South-4,Electronics,07/18/2026,2026-07-20,2026-07-19,Shipped,8
WO0003692,South-4,Home Goods,2026-07-18,07/19/2026,2026-07-18,shipped,7
WO0003693,West-3,Office Supplies,2026-07-18,07/21/2026,2026-07-20, Shipped,10
WO0003694,South-4,Home Goods,2026-07-18,07/19/2026,07/18/2026, Shipped,6
WO0003695,West-3,Apparel,07/18/2026,2026-07-21,2026-07-21, Shipped,2
WO0003696,Midwest-2,Apparel,2026-07-18,2026-07-19,2026-07-19, Shipped,7
WO0003697,Midwest-2,Outdoor,2026-07-18,07/21/2026,07/21/2026, Shipped,11
WO0003698,West-3,Outdoor,2026-07-18,07/20/2026,07/19/2026,Shipped,4
WO0003699,Northeast-1,Home Goods,07/18/2026,2026-07-20,07/25/2026,Delayed,5
WO0003700,Midwest-2,Outdoor,07/18/2026,07/21/2026,2026-07-26,Delayed,4
WO0003701,Northeast-1,Outdoor,07/18/2026,07/21/2026,07/20/2026, Shipped,10
WO0003702,Midwest-2,Apparel,2026-07-18,2026-07-19,2026-07-19,SHIPPED,11
WO0003703,Northeast-1,Apparel,2026-07-18,2026-07-20,07/24/2026,Delayed,10
WO0003704,West-3,Apparel,07/18/2026,2026-07-20,07/20/2026,shipped,5
WO0003705,Midwest-2,Outdoor,07/18/2026,07/20/2026,2026-07-19,Shipped,8
WO0003706,West-3,Electronics,2026-07-18,07/21/2026,2026-07-21,SHIPPED,7
WO0003707,South-4,Office Supplies,2026-07-18,2026-07-19,07/18/2026, Shipped,11
WO0003708,West-3,Apparel,2026-07-18,2026-07-20,07/19/2026, Shipped,8
WO0003709,South-4,Outdoor,2026-07-18,2026-07-20,07/19/2026, Shipped,2
WO0003710,Northeast-1,Outdoor,2026-07-18,07/19/2026,2026-07-19,SHIPPED,5
WO0003711,Midwest-2,Outdoor,2026-07-18,07/21/2026,2026-07-21,Shipped,1
WO0003712,Midwest-2,Office Supplies,07/18/2026,07/19/2026,07/18/2026,Shipped,10
WO0003713,South-4,Office Supplies,07/18/2026,07/20/2026,07/19/2026,SHIPPED,8
WO0003714,Midwest-2,Apparel,07/18/2026,07/19/2026,07/19/2026,shipped,8
WO0003715,Northeast-1,Office Supplies,2026-07-18,2026-07-21,07/20/2026,SHIPPED,4
WO0003716,Northeast-1,Office Supplies,2026-07-18,2026-07-20,2026-07-19,Shipped,11
WO0003717,South-4,Electronics,2026-07-18,07/19/2026,07/18/2026, Shipped,9
WO0003718,Northeast-1,Apparel,07/18/2026,07/21/2026,2026-07-20,Shipped,6
WO0003719,Northeast-1,Outdoor,07/18/2026,07/19/2026,2026-07-19,Shipped,4
WO0003720,Midwest-2,Electronics,2026-07-18,2026-07-19,07/18/2026,Shipped,2
WO0003721,Midwest-2,Electronics,07/18/2026,07/19/2026,2026-07-18, Shipped,10
WO0003722,West-3,Electronics,07/18/2026,2026-07-20,07/20/2026,SHIPPED,1
WO0003723,South-4,Electronics,2026-07-18,07/21/2026,07/20/2026,SHIPPED,11
WO0003724,Northeast-1,Electronics,07/18/2026,07/21/2026,07/21/2026,SHIPPED,8
WO0003725,West-3,Office Supplies,07/18/2026,2026-07-20,2026-07-19,SHIPPED,1
WO0003726,Midwest-2,Apparel,07/18/2026,2026-07-19,07/19/2026,shipped,4
WO0003727,Northeast-1,Electronics,07/18/2026,07/20/2026,07/20/2026,Shipped,8
WO0003728,Midwest-2,Apparel,2026-07-18,07/21/2026,07/21/2026, Shipped,2
WO0003729,South-4,Apparel,2026-07-18,07/19/2026,2026-07-18, Shipped,1
WO0003730,Midwest-2,Electronics,07/18/2026,2026-07-19,07/19/2026,shipped,8
WO0003731,Northeast-1,Apparel,07/18/2026,2026-07-20,2026-07-19,shipped,10
WO0003732,Midwest-2,Home Goods,07/18/2026,2026-07-20,2026-07-19,SHIPPED,5
WO0003733,West-3,Office Supplies,07/18/2026,07/19/2026,2026-07-19,SHIPPED,9
WO0003734,West-3,Electronics,2026-07-18,2026-07-20,2026-07-19,SHIPPED,9
WO0003735,West-3,Office Supplies,07/18/2026,2026-07-20,07/20/2026,SHIPPED,3
WO0003736,South-4,Apparel,2026-07-18,2026-07-20,2026-07-20,shipped,11
WO0003737,South-4,Home Goods,2026-07-18,07/21/2026,2026-07-20,shipped,4
WO0003738,West-3,Apparel,07/18/2026,2026-07-19,07/18/2026,SHIPPED,5
WO0003739,South-4,Outdoor,2026-07-18,2026-07-19,2026-07-19, Shipped,6
WO0003740,Midwest-2,Apparel,2026-07-18,2026-07-20,,DELAYED,10
WO0003741,Northeast-1,Electronics,2026-07-18,2026-07-19,07/18/2026, Shipped,11
WO0003742,Northeast-1,Outdoor,07/18/2026,2026-07-21,07/20/2026,SHIPPED,4
WO0003743,West-3,Electronics,2026-07-18,07/19/2026,07/18/2026,Shipped,11
WO0003744,Midwest-2,Apparel,07/18/2026,07/19/2026,07/18/2026,SHIPPED,8
WO0003745,South-4,Home Goods,07/18/2026,2026-07-20,2026-07-20, Shipped,11
WO0003746,West-3,Apparel,07/18/2026,07/21/2026,2026-07-20,SHIPPED,2
WO0003747,Midwest-2,Apparel,07/18/2026,2026-07-21,2026-07-21,shipped,4
WO0003748,West-3,Home Goods,07/18/2026,2026-07-20,2026-07-19,Shipped,11
WO0003749,Northeast-1,Office Supplies,07/18/2026,2026-07-19,07/18/2026,Shipped,5
WO0003750,West-3,Electronics,07/18/2026,07/20/2026,2026-07-20,Shipped,6
WO0003751,West-3,Outdoor,07/18/2026,2026-07-19,2026-07-19,shipped,2
WO0003752,Midwest-2,Outdoor,2026-07-18,07/20/2026,2026-07-20, Shipped,8
WO0003753,Northeast-1,Electronics,07/18/2026,2026-07-19,2026-07-19,SHIPPED,10
WO0003754,Midwest-2,Office Supplies,2026-07-18,07/21/2026,07/20/2026,SHIPPED,7
WO0003755,Midwest-2,Outdoor,2026-07-18,2026-07-21,2026-07-20,SHIPPED,1
WO0003756,Northeast-1,Apparel,07/18/2026,2026-07-19,2026-07-18,SHIPPED,5
WO0003757,West-3,Office Supplies,07/18/2026,07/21/2026,2026-07-20,SHIPPED,1
WO0003758,Northeast-1,Electronics,07/18/2026,07/21/2026,07/20/2026,Shipped,1
WO0003759,Midwest-2,Electronics,2026-07-18,2026-07-19,07/19/2026,Shipped,10
WO0003760,West-3,Electronics,2026-07-18,07/19/2026,07/19/2026,shipped,11
WO0003761,Midwest-2,Apparel,07/18/2026,07/19/2026,,delayed,2
WO0003762,South-4,Outdoor,07/18/2026,2026-07-19,2026-07-19,SHIPPED,10
WO0003763,Northeast-1,Home Goods,07/18/2026,07/19/2026,2026-07-19,Shipped,5
WO0003764,Midwest-2,Apparel,07/18/2026,07/19/2026,2026-07-19, Shipped,6
WO0003765,Northeast-1,Outdoor,2026-07-18,07/19/2026,07/18/2026,Shipped,5
WO0003766,South-4,Home Goods,07/18/2026,2026-07-20,2026-07-20, Shipped,3
WO0003767,,Home Goods,07/18/2026,2026-07-20,2026-07-20, Shipped,3
WO0003768,South-4,Outdoor,2026-07-18,2026-07-21,2026-07-21,SHIPPED,2
WO0003769,South-4,Electronics,07/18/2026,07/21/2026,07/20/2026,Shipped,1
WO0003770,South-4,Apparel,2026-07-18,07/19/2026,2026-07-19,Shipped,6
WO0003771,West-3,Home Goods,07/18/2026,2026-07-19,,DELAYED,11
WO0003772,West-3,Office Supplies,2026-07-18,07/20/2026,07/20/2026,SHIPPED,2
WO0003773,West-3,Home Goods,2026-07-18,07/20/2026,07/19/2026, Shipped,2
WO0003774,West-3,Home Goods,2026-07-18,07/21/2026,07/21/2026, Shipped,1
WO0003775,Northeast-1,Electronics,2026-07-18,07/19/2026,07/18/2026,Shipped,9
WO0003776,Midwest-2,Apparel,2026-07-18,07/21/2026,07/21/2026, Shipped,9
WO0003777,Midwest-2,Apparel,2026-07-18,07/21/2026,2026-07-21,Shipped,9
WO0003778,South-4,Apparel,2026-07-18,07/19/2026,07/18/2026, Shipped,3
WO0003779,Northeast-1,Electronics,2026-07-18,07/21/2026,07/21/2026,shipped,7
WO0003780,South-4,Office Supplies,2026-07-18,2026-07-21,07/21/2026,Shipped,11
WO0003781,West-3,Apparel,07/18/2026,07/19/2026,07/19/2026,shipped,4
WO0003782,Northeast-1,Office Supplies,07/18/2026,07/20/2026,07/19/2026,SHIPPED,4
WO0003783,South-4,Apparel,2026-07-18,07/21/2026,2026-07-21, Shipped,3
WO0003784,Midwest-2,Outdoor,07/18/2026,2026-07-20,2026-07-19,Shipped,7
WO0003785,West-3,Home Goods,07/18/2026,2026-07-19,07/19/2026, Shipped,7
WO0003786,Northeast-1,Electronics,07/18/2026,07/19/2026,07/19/2026,shipped,8
WO0003787,Northeast-1,Apparel,2026-07-18,2026-07-19,2026-07-18,SHIPPED,7
WO0003788,South-4,Electronics,07/18/2026,2026-07-21,2026-07-21,shipped,3
WO0003789,West-3,Apparel,07/18/2026,07/21/2026,07/21/2026,shipped,3
WO0003790,West-3,Office Supplies,2026-07-18,2026-07-21,07/20/2026, Shipped,5
WO0003791,Midwest-2,Outdoor,2026-07-18,07/19/2026,07/19/2026,shipped,4
WO0003792,South-4,Apparel,2026-07-18,07/21/2026,07/20/2026, Shipped,11
WO0003793,South-4,Office Supplies,07/18/2026,2026-07-20,07/20/2026, Shipped,5
WO0003794,West-3,Home Goods,07/18/2026,2026-07-21,2026-07-20,Shipped,11
WO0003795,Midwest-2,Office Supplies,2026-07-18,07/21/2026,,delayed,10
WO0003796,West-3,Office Supplies,2026-07-19,07/22/2026,07/22/2026,SHIPPED,11
WO0003797,Midwest-2,Apparel,07/19/2026,07/22/2026,07/22/2026,SHIPPED,9
WO0003798,Northeast-1,Outdoor,2026-07-19,07/22/2026,2026-07-22,shipped,7
WO0003799,South-4,Apparel,07/19/2026,2026-07-20,07/20/2026,shipped,9
WO0003800,Northeast-1,Electronics,2026-07-19,2026-07-21,07/21/2026,shipped,3
WO0003801,Northeast-1,Outdoor,2026-07-19,07/21/2026,2026-07-21,Shipped,1
WO0003802,South-4,Apparel,2026-07-19,07/20/2026,2026-07-20, Shipped,8
WO0003803,West-3,Apparel,2026-07-19,2026-07-21,2026-07-21, Shipped,11
WO0003804,West-3,Electronics,2026-07-19,2026-07-21,2026-07-21, Shipped,10
WO0003805,South-4,Home Goods,2026-07-19,07/21/2026,07/20/2026,Shipped,7
WO0003806,Northeast-1,Electronics,2026-07-19,07/21/2026,2026-07-20,Shipped,3
WO0003807,Midwest-2,Apparel,07/19/2026,2026-07-20,2026-07-19,SHIPPED,2
WO0003808,West-3,Electronics,2026-07-19,07/22/2026,07/21/2026, Shipped,10
WO0003809,Northeast-1,Home Goods,2026-07-19,2026-07-22,,Canceled,3
WO0003810,Northeast-1,Apparel,07/19/2026,2026-07-22,,cancelled,9
WO0003811,South-4,Apparel,2026-07-19,07/20/2026,2026-07-19,Shipped,3
WO0003812,Northeast-1,Home Goods,07/19/2026,07/20/2026,2026-07-20,shipped,1
WO0003813,Midwest-2,Home Goods,2026-07-19,07/21/2026,07/21/2026,Shipped,1
WO0003814,Northeast-1,Electronics,07/19/2026,2026-07-22,07/22/2026,SHIPPED,4
WO0003815,South-4,Electronics,2026-07-19,2026-07-21,2026-07-20,SHIPPED,1
WO0003816,Northeast-1,Outdoor,2026-07-19,2026-07-22,2026-07-22, Shipped,5
WO0003817,Northeast-1,Outdoor,2026-07-19,2026-07-20,2026-07-20,SHIPPED,8
WO0003817,Northeast-1,Outdoor,2026-07-19,2026-07-20,2026-07-20,SHIPPED,8
WO0003818,South-4,Outdoor,07/19/2026,07/21/2026,07/21/2026,Shipped,8
WO0003819,Northeast-1,Electronics,2026-07-19,07/21/2026,2026-07-21,shipped,9
WO0003819,Northeast-1,Electronics,2026-07-19,07/21/2026,2026-07-21,shipped,9
WO0003820,West-3,Home Goods,07/19/2026,07/20/2026,2026-07-20, Shipped,8
WO0003821,West-3,Home Goods,07/19/2026,07/20/2026,2026-07-20, Shipped,-1
WO0003822,Northeast-1,Apparel,2026-07-19,2026-07-20,07/20/2026, Shipped,8
WO0003823,West-3,Office Supplies,2026-07-19,2026-07-21,2026-07-21,SHIPPED,4
WO0003824,South-4,Home Goods,07/19/2026,2026-07-22,07/22/2026,shipped,7
WO0003825,Midwest-2,Electronics,07/19/2026,07/21/2026,2026-07-20, Shipped,10
WO0003826,West-3,Electronics,07/19/2026,2026-07-20,07/20/2026,shipped,5
WO0003827,,Electronics,07/19/2026,2026-07-20,07/20/2026,shipped,5
WO0003828,Northeast-1,Home Goods,2026-07-19,07/20/2026,2026-07-19,shipped,7
WO0003829,Northeast-1,Electronics,2026-07-19,2026-07-21,07/20/2026, Shipped,11
WO0003830,West-3,Apparel,2026-07-19,07/20/2026,07/19/2026,Shipped,8
WO0003831,Northeast-1,Outdoor,2026-07-19,2026-07-20,07/20/2026,Shipped,5
WO0003832,Northeast-1,Apparel,07/19/2026,07/21/2026,07/20/2026,SHIPPED,4
WO0003833,South-4,Apparel,2026-07-19,07/22/2026,07/21/2026, Shipped,6
WO0003834,South-4,Outdoor,2026-07-19,2026-07-22,,DELAYED,2
WO0003835,Northeast-1,Apparel,2026-07-19,07/21/2026,,Cancelled,8
WO0003836,Northeast-1,Outdoor,07/19/2026,07/22/2026,07/22/2026,SHIPPED,7
WO0003837,Northeast-1,Outdoor,2026-07-19,2026-07-22,2026-07-21,Shipped,6
WO0003838,Midwest-2,Electronics,2026-07-19,07/22/2026,07/21/2026,SHIPPED,2
WO0003839,South-4,Apparel,2026-07-19,07/22/2026,2026-07-21, Shipped,4
WO0003840,Midwest-2,Outdoor,07/19/2026,07/20/2026,2026-07-19, Shipped,10
WO0003841,South-4,Apparel,2026-07-19,07/20/2026,2026-07-20,Shipped,6
WO0003842,Midwest-2,Apparel,2026-07-19,2026-07-22,07/21/2026,shipped,6
WO0003843,South-4,Electronics,07/19/2026,07/22/2026,2026-07-21,Shipped,8
WO0003844,Northeast-1,Office Supplies,2026-07-19,07/20/2026,07/20/2026,SHIPPED,10
WO0003844,Northeast-1,Office Supplies,2026-07-19,07/20/2026,07/20/2026,SHIPPED,10
WO0003845,South-4,Electronics,2026-07-19,07/21/2026,2026-07-21,SHIPPED,6
WO0003846,Northeast-1,Office Supplies,07/19/2026,2026-07-22,07/22/2026,SHIPPED,1
WO0003847,Northeast-1,Apparel,2026-07-19,07/21/2026,2026-07-21,Shipped,2
WO0003848,West-3,Outdoor,07/19/2026,2026-07-21,07/20/2026,shipped,1
WO0003849,West-3,Electronics,07/19/2026,2026-07-22,07/22/2026,Shipped,2
WO0003850,Midwest-2,Apparel,2026-07-19,2026-07-21,2026-07-26,DELAYED,6
WO0003851,West-3,Home Goods,07/19/2026,2026-07-20,07/20/2026, Shipped,2
WO0003852,South-4,Home Goods,07/19/2026,07/20/2026,2026-07-19, Shipped,2
WO0003853,Northeast-1,Apparel,2026-07-19,2026-07-21,07/20/2026,shipped,9
WO0003854,Midwest-2,Outdoor,07/19/2026,07/22/2026,07/21/2026,SHIPPED,6
WO0003855,Midwest-2,Outdoor,2026-07-19,07/21/2026,07/20/2026,shipped,5
WO0003856,West-3,Outdoor,2026-07-19,07/22/2026,07/22/2026,Shipped,9
WO0003857,South-4,Apparel,07/19/2026,07/21/2026,07/20/2026,shipped,6
WO0003858,Northeast-1,Office Supplies,07/19/2026,07/20/2026,2026-07-20, Shipped,6
WO0003859,West-3,Electronics,07/19/2026,07/21/2026,2026-07-21, Shipped,4
WO0003860,Northeast-1,Apparel,2026-07-19,2026-07-22,2026-07-21,Shipped,9
WO0003861,Midwest-2,Apparel,07/19/2026,2026-07-22,2026-07-26,Delayed,10
WO0003862,Northeast-1,Office Supplies,2026-07-19,07/22/2026,07/21/2026, Shipped,10
WO0003863,Northeast-1,Office Supplies,2026-07-19,07/22/2026,07/21/2026, Shipped,-1
WO0003864,Northeast-1,Outdoor,07/19/2026,07/22/2026,2026-07-22, Shipped,8
WO0003865,Midwest-2,Home Goods,07/19/2026,07/22/2026,2026-07-21,SHIPPED,3
WO0003866,Northeast-1,Outdoor,2026-07-19,2026-07-21,2026-07-20,Shipped,4
WO0003867,West-3,Home Goods,2026-07-19,07/20/2026,2026-07-20, Shipped,8
WO0003868,Northeast-1,Apparel,07/19/2026,07/21/2026,2026-07-20,Shipped,5
WO0003869,South-4,Electronics,07/19/2026,07/22/2026,2026-07-22,SHIPPED,3
WO0003870,Northeast-1,Home Goods,2026-07-19,2026-07-21,2026-07-20,Shipped,5
WO0003871,Midwest-2,Outdoor,07/19/2026,2026-07-20,07/19/2026,shipped,11
WO0003872,Northeast-1,Electronics,2026-07-19,2026-07-21,07/20/2026,SHIPPED,8
WO0003873,Northeast-1,Home Goods,2026-07-19,2026-07-21,,Cancelled,1
WO0003874,West-3,Outdoor,07/19/2026,2026-07-22,07/21/2026, Shipped,7
WO0003875,Northeast-1,Office Supplies,2026-07-19,2026-07-22,07/21/2026,SHIPPED,3
WO0003876,West-3,Apparel,07/19/2026,07/20/2026,2026-07-19,Shipped,5
WO0003877,Midwest-2,Home Goods,2026-07-19,2026-07-21,2026-07-20,SHIPPED,2
WO0003878,West-3,Electronics,07/19/2026,2026-07-22,2026-07-21,SHIPPED,8
WO0003879,West-3,Office Supplies,2026-07-19,07/21/2026,07/20/2026,shipped,8
WO0003880,Midwest-2,Electronics,07/19/2026,2026-07-22,,delayed,2
WO0003881,West-3,Office Supplies,2026-07-19,2026-07-20,07/19/2026,Shipped,1
WO0003882,Midwest-2,Outdoor,2026-07-19,07/20/2026,2026-07-19,shipped,2
WO0003883,South-4,Office Supplies,2026-07-19,07/20/2026,2026-07-19,SHIPPED,1
WO0003884,Northeast-1,Home Goods,07/19/2026,07/20/2026,2026-07-19,Shipped,4
WO0003885,Midwest-2,Electronics,2026-07-19,2026-07-21,07/21/2026,SHIPPED,1
WO0003886,Northeast-1,Apparel,2026-07-19,07/22/2026,2026-07-21,SHIPPED,11
WO0003887,Northeast-1,Office Supplies,07/19/2026,07/20/2026,2026-07-19,SHIPPED,7
WO0003888,South-4,Home Goods,07/19/2026,07/20/2026,2026-07-20,Shipped,2
WO0003889,Midwest-2,Apparel,2026-07-19,2026-07-22,07/26/2026,Delayed,9
WO0003890,Northeast-1,Electronics,2026-07-19,2026-07-20,07/20/2026, Shipped,7
WO0003891,Midwest-2,Home Goods,2026-07-19,2026-07-22,07/22/2026, Shipped,11
WO0003892,West-3,Office Supplies,2026-07-19,2026-07-21,2026-07-21,shipped,7
WO0003893,West-3,Electronics,2026-07-19,07/22/2026,,DELAYED,7
WO0003894,Northeast-1,Office Supplies,2026-07-19,07/20/2026,2026-07-20,SHIPPED,11
WO0003895,West-3,Office Supplies,2026-07-19,2026-07-20,07/20/2026,shipped,10
WO0003896,,Office Supplies,2026-07-19,2026-07-20,07/20/2026,shipped,10
WO0003897,Northeast-1,Electronics,07/19/2026,07/21/2026,07/21/2026,shipped,11
WO0003898,West-3,Home Goods,07/19/2026,2026-07-22,2026-07-26,Delayed,6
WO0003899,Midwest-2,Home Goods,07/19/2026,2026-07-20,2026-07-19,SHIPPED,6
WO0003900,South-4,Home Goods,07/19/2026,2026-07-21,07/20/2026,SHIPPED,10
WO0003900,South-4,Home Goods,07/19/2026,2026-07-21,07/20/2026,SHIPPED,10
WO0003901,South-4,Home Goods,2026-07-19,07/20/2026,2026-07-19, Shipped,6
WO0003902,South-4,Outdoor,2026-07-19,07/22/2026,07/22/2026,shipped,6
WO0003903,West-3,Outdoor,07/19/2026,07/21/2026,2026-07-20,SHIPPED,11
WO0003904,,Outdoor,07/19/2026,07/21/2026,2026-07-20,SHIPPED,11
WO0003905,South-4,Electronics,07/19/2026,2026-07-22,07/21/2026, Shipped,1
WO0003906,Northeast-1,Office Supplies,2026-07-19,07/21/2026,,cancelled,9
WO0003907,West-3,Home Goods,07/19/2026,2026-07-21,,cancelled,10
WO0003908,South-4,Electronics,2026-07-19,07/22/2026,2026-07-22,shipped,2
WO0003909,South-4,Home Goods,07/19/2026,2026-07-21,07/20/2026, Shipped,10
WO0003910,Midwest-2,Outdoor,2026-07-19,2026-07-20,07/19/2026,shipped,5
WO0003911,West-3,Office Supplies,07/19/2026,07/22/2026,07/21/2026,Shipped,4
WO0003912,West-3,Office Supplies,07/19/2026,07/21/2026,07/21/2026, Shipped,6
WO0003913,West-3,Outdoor,2026-07-19,07/21/2026,07/20/2026,shipped,9
WO0003914,West-3,Home Goods,2026-07-19,2026-07-22,07/22/2026, Shipped,5
WO0003915,Midwest-2,Outdoor,07/19/2026,2026-07-21,2026-07-21,SHIPPED,5
WO0003916,Midwest-2,Electronics,07/19/2026,2026-07-20,,Cancelled,3
WO0003917,Midwest-2,Outdoor,2026-07-19,07/21/2026,07/21/2026,Shipped,7
WO0003917,Midwest-2,Outdoor,2026-07-19,07/21/2026,07/21/2026,Shipped,7
WO0003918,Northeast-1,Electronics,07/19/2026,07/22/2026,07/21/2026, Shipped,1
WO0003919,Midwest-2,Electronics,2026-07-19,2026-07-22,07/21/2026,Shipped,4
WO0003920,South-4,Electronics,2026-07-19,2026-07-20,07/20/2026, Shipped,2
WO0003921,West-3,Apparel,2026-07-19,07/20/2026,2026-07-20,shipped,8
WO0003922,Midwest-2,Electronics,07/19/2026,07/20/2026,07/20/2026,shipped,8
WO0003923,Midwest-2,Apparel,2026-07-19,07/21/2026,,cancelled,9
WO0003924,Midwest-2,Electronics,07/19/2026,07/22/2026,07/21/2026, Shipped,5
WO0003925,West-3,Outdoor,07/19/2026,07/20/2026,2026-07-20,shipped,10
WO0003926,West-3,Office Supplies,2026-07-19,2026-07-22,07/22/2026,Shipped,7
WO0003927,West-3,Electronics,2026-07-19,2026-07-22,2026-07-22, Shipped,3
WO0003928,West-3,Outdoor,2026-07-19,2026-07-21,07/20/2026,Shipped,4
WO0003929,Northeast-1,Home Goods,2026-07-19,07/20/2026,07/19/2026,Shipped,6
WO0003930,West-3,Outdoor,2026-07-19,2026-07-22,2026-07-21,SHIPPED,10
WO0003931,Midwest-2,Apparel,2026-07-19,07/21/2026,07/20/2026, Shipped,10
WO0003932,West-3,Outdoor,07/19/2026,2026-07-21,2026-07-20,shipped,4
WO0003933,Midwest-2,Apparel,2026-07-19,07/21/2026,07/20/2026,shipped,7
WO0003934,Midwest-2,Apparel,2026-07-19,07/22/2026,07/22/2026,SHIPPED,1
WO0003935,Northeast-1,Office Supplies,2026-07-20,2026-07-23,07/22/2026, Shipped,9
WO0003936,South-4,Office Supplies,2026-07-20,07/23/2026,,Delayed,2
WO0003937,Midwest-2,Electronics,2026-07-20,2026-07-22,,Delayed,5
WO0003938,South-4,Home Goods,07/20/2026,07/21/2026,07/20/2026,shipped,6
WO0003939,Midwest-2,Apparel,07/20/2026,07/23/2026,2026-07-23, Shipped,3
WO0003940,West-3,Office Supplies,2026-07-20,2026-07-23,07/23/2026,SHIPPED,9
WO0003941,West-3,Outdoor,07/20/2026,2026-07-23,2026-07-22,shipped,7
WO0003942,Northeast-1,Electronics,07/20/2026,07/21/2026,2026-07-21,Shipped,6
WO0003943,South-4,Office Supplies,2026-07-20,2026-07-23,07/23/2026,SHIPPED,3
WO0003944,West-3,Apparel,07/20/2026,07/23/2026,07/22/2026,SHIPPED,8
WO0003945,Midwest-2,Apparel,07/20/2026,07/23/2026,07/23/2026,shipped,3
WO0003946,Midwest-2,Apparel,07/20/2026,2026-07-21,07/21/2026,shipped,9
WO0003947,Midwest-2,Outdoor,07/20/2026,07/23/2026,2026-07-22,Shipped,2
WO0003948,Northeast-1,Home Goods,07/20/2026,07/23/2026,07/23/2026, Shipped,11
WO0003949,Midwest-2,Outdoor,07/20/2026,07/23/2026,2026-07-22,SHIPPED,2
WO0003950,Northeast-1,Office Supplies,07/20/2026,07/23/2026,07/22/2026, Shipped,2
WO0003951,West-3,Apparel,07/20/2026,2026-07-23,2026-07-22,shipped,4
WO0003952,Northeast-1,Office Supplies,07/20/2026,2026-07-23,07/27/2026,delayed,8
WO0003953,West-3,Outdoor,2026-07-20,07/22/2026,2026-07-22,SHIPPED,4
WO0003954,Midwest-2,Apparel,2026-07-20,2026-07-21,07/21/2026, Shipped,1
WO0003955,Northeast-1,Electronics,2026-07-20,07/22/2026,07/21/2026,SHIPPED,3
WO0003956,West-3,Electronics,07/20/2026,2026-07-23,07/23/2026,Shipped,4
WO0003957,South-4,Outdoor,07/20/2026,07/23/2026,2026-07-23, Shipped,7
WO0003958,West-3,Electronics,07/20/2026,2026-07-23,07/23/2026,shipped,3
WO0003959,Midwest-2,Outdoor,07/20/2026,2026-07-23,07/28/2026,delayed,8
WO0003960,Northeast-1,Home Goods,07/20/2026,2026-07-21,2026-07-21,Shipped,10
WO0003961,Northeast-1,Outdoor,07/20/2026,07/21/2026,2026-07-21,Shipped,5
WO0003962,Northeast-1,Electronics,07/20/2026,2026-07-22,07/23/2026,Delayed,11
WO0003963,South-4,Apparel,2026-07-20,07/21/2026,2026-07-20,Shipped,2
WO0003964,South-4,Home Goods,07/20/2026,07/23/2026,07/23/2026,Shipped,5
WO0003965,,Home Goods,07/20/2026,07/23/2026,07/23/2026,Shipped,5
WO0003966,South-4,Electronics,07/20/2026,2026-07-23,07/23/2026,shipped,4
WO0003967,West-3,Electronics,2026-07-20,2026-07-23,2026-07-22, Shipped,6
WO0003968,South-4,Office Supplies,2026-07-20,07/22/2026,2026-07-27,DELAYED,3
WO0003969,Midwest-2,Office Supplies,07/20/2026,2026-07-22,2026-07-21,Shipped,5
WO0003970,West-3,Outdoor,2026-07-20,2026-07-21,07/20/2026,SHIPPED,5
WO0003971,Midwest-2,Apparel,2026-07-20,07/21/2026,07/20/2026, Shipped,7
WO0003972,Northeast-1,Office Supplies,2026-07-20,07/21/2026,07/21/2026,SHIPPED,3
WO0003973,South-4,Home Goods,07/20/2026,07/23/2026,07/22/2026,Shipped,11
WO0003974,Northeast-1,Outdoor,07/20/2026,07/22/2026,07/21/2026,SHIPPED,9
WO0003975,South-4,Home Goods,2026-07-20,07/21/2026,2026-07-20, Shipped,3
WO0003976,Midwest-2,Home Goods,07/20/2026,07/23/2026,2026-07-23,SHIPPED,8
WO0003977,South-4,Office Supplies,07/20/2026,07/23/2026,2026-07-27,DELAYED,5
WO0003978,Northeast-1,Electronics,07/20/2026,07/23/2026,,Delayed,3
WO0003979,Midwest-2,Electronics,07/20/2026,07/21/2026,2026-07-20,SHIPPED,9
WO0003980,West-3,Home Goods,2026-07-20,07/23/2026,2026-07-22, Shipped,3
WO0003981,South-4,Outdoor,07/20/2026,07/22/2026,07/21/2026,shipped,6
WO0003982,Midwest-2,Electronics,2026-07-20,2026-07-22,2026-07-23,Delayed,10
WO0003983,Midwest-2,Outdoor,07/20/2026,2026-07-22,2026-07-21,SHIPPED,10
WO0003984,Midwest-2,Apparel,07/20/2026,2026-07-23,2026-07-22,SHIPPED,7
WO0003985,South-4,Apparel,2026-07-20,2026-07-23,2026-07-22, Shipped,7
WO0003986,Northeast-1,Home Goods,2026-07-20,07/21/2026,2026-07-21,shipped,10
WO0003987,Midwest-2,Home Goods,07/20/2026,07/21/2026,2026-07-20,SHIPPED,8
WO0003988,Northeast-1,Apparel,2026-07-20,2026-07-22,2026-07-22, Shipped,3
WO0003989,West-3,Home Goods,07/20/2026,07/23/2026,07/23/2026, Shipped,9
WO0003990,Midwest-2,Office Supplies,2026-07-20,07/23/2026,07/22/2026,shipped,9
WO0003991,Midwest-2,Home Goods,07/20/2026,07/23/2026,07/23/2026,Shipped,1
WO0003992,Midwest-2,Electronics,2026-07-20,07/23/2026,07/23/2026, Shipped,7
WO0003993,Northeast-1,Office Supplies,2026-07-20,07/23/2026,2026-07-23,shipped,5
WO0003994,Northeast-1,Electronics,2026-07-20,2026-07-21,2026-07-21,shipped,8
WO0003995,Northeast-1,Home Goods,07/20/2026,07/21/2026,07/20/2026,shipped,6
WO0003996,West-3,Apparel,07/20/2026,2026-07-23,07/23/2026,SHIPPED,2
WO0003997,South-4,Apparel,07/20/2026,07/21/2026,2026-07-20,SHIPPED,9
WO0003998,Midwest-2,Electronics,2026-07-20,07/23/2026,2026-07-22,Shipped,4
WO0003999,South-4,Electronics,07/20/2026,07/22/2026,2026-07-22, Shipped,7
WO0004000,West-3,Home Goods,07/20/2026,07/21/2026,07/20/2026,Shipped,6
WO0004001,Northeast-1,Electronics,07/20/2026,2026-07-21,2026-07-20, Shipped,11
WO0004002,Midwest-2,Office Supplies,2026-07-20,07/23/2026,07/22/2026,Shipped,3
WO0004003,Northeast-1,Office Supplies,07/20/2026,2026-07-23,2026-07-22, Shipped,10
WO0004004,Northeast-1,Home Goods,07/20/2026,2026-07-22,2026-07-22,shipped,3
WO0004005,Northeast-1,Apparel,2026-07-20,07/23/2026,2026-07-23,SHIPPED,11
WO0004006,West-3,Apparel,2026-07-20,07/21/2026,07/20/2026, Shipped,9
WO0004007,West-3,Home Goods,2026-07-20,07/21/2026,2026-07-21,SHIPPED,9
WO0004008,Midwest-2,Office Supplies,07/20/2026,07/23/2026,2026-07-23,Shipped,3
WO0004009,Northeast-1,Home Goods,07/20/2026,07/22/2026,07/21/2026,Shipped,7
WO0004010,Midwest-2,Apparel,2026-07-20,2026-07-23,07/23/2026,SHIPPED,2
WO0004011,Northeast-1,Outdoor,2026-07-20,2026-07-23,07/23/2026,SHIPPED,1
WO0004012,South-4,Home Goods,2026-07-20,07/23/2026,07/22/2026, Shipped,11
WO0004013,West-3,Outdoor,2026-07-20,07/21/2026,07/21/2026,shipped,4
WO0004014,Midwest-2,Electronics,2026-07-20,2026-07-21,2026-07-20,Shipped,9
WO0004015,Northeast-1,Home Goods,2026-07-20,07/21/2026,2026-07-21,shipped,2
WO0004016,South-4,Apparel,2026-07-20,07/22/2026,07/22/2026,SHIPPED,8
WO0004017,Northeast-1,Home Goods,07/20/2026,07/21/2026,2026-07-20,SHIPPED,11
WO0004018,Midwest-2,Electronics,07/20/2026,07/23/2026,07/22/2026,Shipped,11
WO0004019,Northeast-1,Outdoor,2026-07-20,2026-07-22,2026-07-22,Shipped,9
WO0004020,South-4,Office Supplies,07/20/2026,07/22/2026,2026-07-21,SHIPPED,11
WO0004020,South-4,Office Supplies,07/20/2026,07/22/2026,2026-07-21,SHIPPED,11
WO0004021,South-4,Office Supplies,07/20/2026,07/23/2026,07/23/2026, Shipped,10
WO0004022,Northeast-1,Electronics,07/20/2026,07/21/2026,07/21/2026,shipped,1
WO0004023,Midwest-2,Home Goods,2026-07-20,07/23/2026,2026-07-23,SHIPPED,4
WO0004024,Northeast-1,Electronics,2026-07-20,2026-07-21,07/21/2026,Shipped,7
WO0004025,South-4,Office Supplies,07/20/2026,2026-07-21,2026-07-20,SHIPPED,9
WO0004026,West-3,Apparel,07/20/2026,07/21/2026,2026-07-21,shipped,3
WO0004027,Midwest-2,Office Supplies,07/20/2026,2026-07-22,2026-07-21,shipped,3
WO0004028,South-4,Office Supplies,2026-07-20,2026-07-23,07/23/2026, Shipped,9
WO0004029,Northeast-1,Home Goods,2026-07-20,2026-07-22,2026-07-22,SHIPPED,3
WO0004030,South-4,Outdoor,07/20/2026,2026-07-22,07/22/2026, Shipped,7
WO0004031,West-3,Office Supplies,07/20/2026,2026-07-23,2026-07-23,shipped,6
WO0004032,Midwest-2,Office Supplies,2026-07-20,2026-07-23,2026-07-22,Shipped,9
WO0004033,Northeast-1,Office Supplies,07/20/2026,2026-07-22,07/22/2026, Shipped,10
WO0004034,Midwest-2,Office Supplies,2026-07-20,2026-07-21,2026-07-21,shipped,2
WO0004035,Northeast-1,Home Goods,2026-07-20,07/23/2026,2026-07-22,SHIPPED,2
WO0004036,Northeast-1,Electronics,2026-07-20,07/21/2026,07/21/2026,SHIPPED,11
WO0004037,West-3,Electronics,2026-07-20,07/21/2026,07/20/2026,shipped,9
WO0004038,South-4,Apparel,2026-07-20,2026-07-22,07/21/2026, Shipped,8
WO0004039,West-3,Apparel,07/20/2026,2026-07-21,2026-07-21,shipped,10
WO0004040,Northeast-1,Office Supplies,07/20/2026,07/21/2026,07/20/2026,Shipped,9
WO0004041,Northeast-1,Office Supplies,07/20/2026,07/22/2026,07/22/2026,Shipped,2
WO0004042,Midwest-2,Apparel,07/20/2026,2026-07-22,2026-07-22,Shipped,6
WO0004043,Midwest-2,Electronics,2026-07-20,2026-07-21,2026-07-20, Shipped,4
WO0004044,Midwest-2,Home Goods,07/20/2026,07/21/2026,2026-07-20,Shipped,7
WO0004045,South-4,Outdoor,07/20/2026,07/23/2026,2026-07-22, Shipped,3
WO0004046,Midwest-2,Apparel,07/20/2026,07/22/2026,2026-07-22, Shipped,4
WO0004047,Midwest-2,Outdoor,07/20/2026,07/23/2026,07/23/2026, Shipped,5
WO0004048,Northeast-1,Electronics,2026-07-20,07/21/2026,07/20/2026,shipped,2
WO0004049,Midwest-2,Office Supplies,07/20/2026,2026-07-22,07/23/2026,delayed,6
WO0004050,West-3,Outdoor,07/20/2026,07/23/2026,07/23/2026, Shipped,3
WO0004051,Northeast-1,Electronics,2026-07-20,07/22/2026,2026-07-21,SHIPPED,9
WO0004052,West-3,Office Supplies,2026-07-20,2026-07-22,07/21/2026, Shipped,1
WO0004053,Northeast-1,Outdoor,2026-07-20,07/23/2026,07/23/2026,Shipped,7
WO0004054,West-3,Apparel,07/20/2026,2026-07-23,2026-07-22,shipped,4
WO0004055,West-3,Outdoor,2026-07-20,2026-07-21,2026-07-20,SHIPPED,3
WO0004056,Midwest-2,Home Goods,07/20/2026,2026-07-22,2026-07-21,SHIPPED,10
WO0004057,West-3,Electronics,07/20/2026,2026-07-23,2026-07-22, Shipped,4
WO0004058,Northeast-1,Outdoor,2026-07-21,2026-07-23,2026-07-23, Shipped,8
WO0004059,South-4,Apparel,2026-07-21,07/24/2026,07/23/2026,Shipped,7
WO0004060,South-4,Home Goods,07/21/2026,07/24/2026,07/24/2026,shipped,4
WO0004061,Midwest-2,Outdoor,2026-07-21,2026-07-23,07/23/2026,shipped,3
WO0004062,Northeast-1,Home Goods,2026-07-21,07/24/2026,07/24/2026,SHIPPED,2
WO0004063,Midwest-2,Apparel,2026-07-21,07/24/2026,2026-07-23, Shipped,1
WO0004064,Midwest-2,Apparel,2026-07-21,07/24/2026,2026-07-23, Shipped,-1
WO0004065,Northeast-1,Outdoor,07/21/2026,07/23/2026,07/23/2026,SHIPPED,4
WO0004066,West-3,Electronics,07/21/2026,07/22/2026,07/21/2026, Shipped,9
WO0004067,West-3,Apparel,07/21/2026,07/24/2026,2026-07-24,shipped,2
WO0004068,Northeast-1,Office Supplies,07/21/2026,07/24/2026,07/23/2026,SHIPPED,11
WO0004069,South-4,Electronics,2026-07-21,2026-07-23,07/23/2026,SHIPPED,8
WO0004070,South-4,Outdoor,2026-07-21,2026-07-22,2026-07-22,Shipped,7
WO0004071,Midwest-2,Office Supplies,07/21/2026,2026-07-23,2026-07-23,SHIPPED,11
WO0004072,Midwest-2,Outdoor,07/21/2026,07/22/2026,2026-07-22,Shipped,8
WO0004073,South-4,Office Supplies,07/21/2026,2026-07-23,2026-07-22,SHIPPED,1
WO0004074,Northeast-1,Electronics,07/21/2026,07/22/2026,2026-07-21,shipped,1
WO0004075,South-4,Office Supplies,2026-07-21,2026-07-23,2026-07-23,shipped,10
WO0004076,West-3,Outdoor,07/21/2026,07/23/2026,2026-07-22, Shipped,2
WO0004077,Northeast-1,Office Supplies,07/21/2026,2026-07-23,2026-07-22,shipped,9
WO0004078,South-4,Outdoor,2026-07-21,07/23/2026,2026-07-22,SHIPPED,5
WO0004079,Midwest-2,Electronics,2026-07-21,2026-07-24,2026-07-27,Delayed,9
WO0004080,West-3,Office Supplies,2026-07-21,07/23/2026,07/22/2026,Shipped,5
WO0004081,Northeast-1,Outdoor,07/21/2026,07/23/2026,2026-07-23,Shipped,10
WO0004082,Midwest-2,Home Goods,07/21/2026,2026-07-22,2026-07-21,Shipped,3
WO0004083,South-4,Home Goods,07/21/2026,07/23/2026,2026-07-22,SHIPPED,1
WO0004084,South-4,Outdoor,07/21/2026,07/22/2026,2026-07-22,Shipped,10
WO0004085,Midwest-2,Apparel,2026-07-21,07/23/2026,2026-07-23,Shipped,4
WO0004086,Midwest-2,Apparel,07/21/2026,2026-07-24,07/23/2026,shipped,8
WO0004087,South-4,Office Supplies,07/21/2026,2026-07-24,07/24/2026,SHIPPED,8
WO0004088,Northeast-1,Home Goods,07/21/2026,07/22/2026,07/21/2026,SHIPPED,5
WO0004089,South-4,Apparel,2026-07-21,2026-07-24,07/24/2026,SHIPPED,7
WO0004090,Northeast-1,Electronics,2026-07-21,2026-07-22,07/22/2026,Shipped,4
WO0004091,Midwest-2,Home Goods,2026-07-21,07/22/2026,07/22/2026,shipped,8
WO0004092,South-4,Electronics,07/21/2026,07/24/2026,07/24/2026,shipped,4
WO0004093,Midwest-2,Home Goods,07/21/2026,07/24/2026,07/23/2026,SHIPPED,6
WO0004094,West-3,Office Supplies,07/21/2026,2026-07-24,2026-07-23,Shipped,1
WO0004095,Midwest-2,Apparel,07/21/2026,2026-07-23,2026-07-22,Shipped,6
WO0004096,West-3,Electronics,2026-07-21,2026-07-24,07/24/2026,Shipped,6
WO0004096,West-3,Electronics,2026-07-21,2026-07-24,07/24/2026,Shipped,6
WO0004097,Northeast-1,Home Goods,2026-07-21,2026-07-24,2026-07-24, Shipped,1
WO0004098,Northeast-1,Office Supplies,07/21/2026,2026-07-23,,delayed,8
WO0004099,Northeast-1,Office Supplies,07/21/2026,07/24/2026,07/24/2026,Shipped,4
WO0004100,West-3,Home Goods,07/21/2026,2026-07-24,07/23/2026,SHIPPED,6
WO0004101,Midwest-2,Electronics,07/21/2026,2026-07-22,07/22/2026,SHIPPED,11
WO0004102,Midwest-2,Home Goods,07/21/2026,2026-07-22,2026-07-22, Shipped,6
WO0004103,Midwest-2,Outdoor,2026-07-21,07/22/2026,2026-07-22,Shipped,6
WO0004104,West-3,Outdoor,2026-07-21,07/24/2026,07/23/2026,SHIPPED,2
WO0004105,Midwest-2,Office Supplies,2026-07-21,07/22/2026,2026-07-21,Shipped,11
WO0004106,West-3,Home Goods,07/21/2026,2026-07-23,2026-07-23,shipped,10
WO0004107,West-3,Apparel,07/21/2026,2026-07-24,2026-07-23, Shipped,3
WO0004108,West-3,Office Supplies,2026-07-21,2026-07-24,2026-07-23,SHIPPED,1
WO0004109,South-4,Outdoor,2026-07-21,2026-07-23,2026-07-25,Delayed,9
WO0004110,South-4,Office Supplies,2026-07-21,07/22/2026,2026-07-21,shipped,7
WO0004111,South-4,Outdoor,2026-07-21,2026-07-23,2026-07-23,Shipped,6
WO0004112,Midwest-2,Outdoor,07/21/2026,2026-07-23,07/22/2026,Shipped,8
WO0004113,West-3,Home Goods,07/21/2026,2026-07-24,07/23/2026,Shipped,1
WO0004114,West-3,Outdoor,2026-07-21,2026-07-22,07/21/2026, Shipped,4
WO0004115,Midwest-2,Apparel,2026-07-21,07/22/2026,2026-07-21,SHIPPED,5
WO0004116,,Apparel,2026-07-21,07/22/2026,2026-07-21,SHIPPED,5
WO0004117,Northeast-1,Office Supplies,07/21/2026,07/24/2026,2026-07-23, Shipped,1
WO0004118,West-3,Office Supplies,07/21/2026,07/23/2026,2026-07-22,SHIPPED,11
WO0004119,Northeast-1,Electronics,07/21/2026,07/24/2026,2026-07-23,SHIPPED,6
WO0004120,South-4,Home Goods,07/21/2026,07/22/2026,2026-07-22,SHIPPED,2
WO0004121,South-4,Electronics,07/21/2026,07/24/2026,07/23/2026,SHIPPED,3
WO0004122,West-3,Outdoor,2026-07-21,2026-07-22,2026-07-21,shipped,10
WO0004123,West-3,Home Goods,07/21/2026,2026-07-24,2026-07-23,shipped,9
WO0004124,Midwest-2,Home Goods,2026-07-21,07/23/2026,07/22/2026,SHIPPED,11
WO0004125,Midwest-2,Electronics,07/21/2026,2026-07-23,2026-07-22, Shipped,9
WO0004126,West-3,Electronics,07/21/2026,07/23/2026,2026-07-22, Shipped,1
WO0004127,West-3,Home Goods,2026-07-21,07/24/2026,07/23/2026,SHIPPED,1
WO0004128,Northeast-1,Office Supplies,07/21/2026,2026-07-22,07/21/2026,shipped,1
WO0004129,West-3,Home Goods,07/21/2026,07/23/2026,2026-07-23,SHIPPED,5
WO0004130,Northeast-1,Electronics,2026-07-21,2026-07-23,2026-07-22,SHIPPED,7
WO0004131,South-4,Electronics,2026-07-21,07/23/2026,07/22/2026, Shipped,2
WO0004132,Midwest-2,Home Goods,07/21/2026,07/23/2026,07/23/2026,SHIPPED,1
WO0004133,South-4,Electronics,07/21/2026,2026-07-24,07/24/2026,SHIPPED,8
WO0004134,South-4,Home Goods,2026-07-21,07/23/2026,07/22/2026,SHIPPED,8
WO0004135,Northeast-1,Outdoor,2026-07-21,07/24/2026,07/23/2026, Shipped,11
WO0004136,West-3,Office Supplies,2026-07-21,2026-07-23,07/22/2026,Shipped,3
WO0004137,West-3,Home Goods,07/21/2026,07/24/2026,2026-07-24, Shipped,5
WO0004138,South-4,Apparel,2026-07-21,2026-07-23,07/23/2026,Shipped,6
WO0004139,South-4,Apparel,07/21/2026,2026-07-24,07/24/2026,SHIPPED,10
WO0004140,West-3,Office Supplies,07/21/2026,2026-07-23,2026-07-23,SHIPPED,4
WO0004141,South-4,Apparel,2026-07-21,07/24/2026,2026-07-24,Shipped,5
WO0004142,West-3,Apparel,07/21/2026,2026-07-24,07/24/2026, Shipped,10
WO0004143,South-4,Home Goods,07/21/2026,07/23/2026,2026-07-23,shipped,2
WO0004144,Northeast-1,Outdoor,2026-07-21,07/23/2026,07/22/2026, Shipped,9
WO0004145,Northeast-1,Office Supplies,2026-07-21,07/24/2026,07/24/2026, Shipped,10
WO0004146,West-3,Apparel,07/21/2026,2026-07-22,07/22/2026,Shipped,3
WO0004147,Midwest-2,Outdoor,2026-07-21,2026-07-23,2026-07-23,Shipped,10
WO0004148,West-3,Office Supplies,2026-07-21,2026-07-23,2026-07-23,shipped,5
WO0004149,Midwest-2,Home Goods,2026-07-21,2026-07-24,2026-07-23,shipped,7
WO0004150,West-3,Electronics,2026-07-21,2026-07-23,2026-07-22,SHIPPED,9
WO0004151,South-4,Office Supplies,2026-07-21,2026-07-23,2026-07-22,Shipped,4
WO0004152,South-4,Electronics,07/21/2026,2026-07-24,2026-07-23, Shipped,5
WO0004153,Northeast-1,Outdoor,2026-07-21,07/24/2026,2026-07-23, Shipped,11
WO0004154,,Outdoor,2026-07-21,07/24/2026,2026-07-23, Shipped,11
WO0004155,South-4,Electronics,07/21/2026,2026-07-22,2026-07-21,Shipped,4
WO0004156,Northeast-1,Office Supplies,07/21/2026,07/23/2026,07/23/2026, Shipped,10
WO0004157,Northeast-1,Outdoor,2026-07-21,07/24/2026,07/23/2026, Shipped,3
WO0004158,Midwest-2,Electronics,2026-07-21,2026-07-24,07/23/2026,Shipped,11
WO0004159,South-4,Apparel,07/21/2026,07/24/2026,07/24/2026,shipped,10
WO0004160,South-4,Apparel,07/21/2026,07/24/2026,07/24/2026,shipped,-1
WO0004161,South-4,Home Goods,07/21/2026,07/24/2026,2026-07-24,SHIPPED,3
WO0004162,Northeast-1,Office Supplies,07/21/2026,2026-07-22,07/21/2026,Shipped,3
WO0004163,Northeast-1,Home Goods,2026-07-21,2026-07-24,07/23/2026,shipped,8
WO0004164,Midwest-2,Outdoor,2026-07-21,07/24/2026,2026-07-24,shipped,2
WO0004165,Northeast-1,Outdoor,2026-07-21,2026-07-23,2026-07-23, Shipped,6
WO0004166,South-4,Home Goods,07/21/2026,2026-07-22,07/21/2026,Shipped,5
WO0004167,South-4,Office Supplies,2026-07-21,07/23/2026,2026-07-23,Shipped,9
WO0004168,Northeast-1,Apparel,07/21/2026,2026-07-24,07/24/2026, Shipped,6
WO0004169,Midwest-2,Office Supplies,07/21/2026,2026-07-23,07/23/2026,shipped,2
WO0004170,West-3,Apparel,2026-07-21,07/24/2026,07/24/2026,shipped,6
WO0004171,South-4,Apparel,2026-07-21,2026-07-23,07/22/2026,shipped,3
WO0004172,South-4,Electronics,2026-07-21,2026-07-22,,Canceled,7
WO0004173,South-4,Apparel,2026-07-21,2026-07-23,2026-07-23,Shipped,1
WO0004174,South-4,Outdoor,2026-07-21,07/22/2026,07/22/2026,shipped,2
WO0004175,West-3,Home Goods,2026-07-21,07/23/2026,2026-07-26,delayed,6
WO0004176,Midwest-2,Electronics,2026-07-21,07/24/2026,07/23/2026, Shipped,1
WO0004177,West-3,Outdoor,07/21/2026,07/22/2026,07/21/2026,Shipped,9
WO0004178,Northeast-1,Home Goods,07/21/2026,07/24/2026,2026-07-23,SHIPPED,2
WO0004179,South-4,Office Supplies,07/21/2026,07/23/2026,07/23/2026,SHIPPED,9
WO0004180,South-4,Office Supplies,2026-07-21,2026-07-24,07/23/2026,shipped,4
WO0004181,South-4,Office Supplies,07/21/2026,2026-07-22,2026-07-21, Shipped,4
WO0004182,Midwest-2,Electronics,07/21/2026,07/23/2026,07/23/2026, Shipped,9
WO0004183,Midwest-2,Office Supplies,07/21/2026,2026-07-23,2026-07-23,shipped,8
WO0004184,Midwest-2,Office Supplies,07/21/2026,07/24/2026,07/23/2026, Shipped,11
WO0004185,South-4,Apparel,07/21/2026,07/23/2026,07/23/2026,SHIPPED,7
WO0004186,Midwest-2,Apparel,2026-07-21,2026-07-24,07/24/2026, Shipped,6
WO0004187,South-4,Outdoor,07/21/2026,07/23/2026,07/22/2026, Shipped,4
WO0004188,Northeast-1,Home Goods,07/22/2026,07/25/2026,07/24/2026,shipped,10
WO0004189,South-4,Home Goods,07/22/2026,07/23/2026,2026-07-22, Shipped,2
WO0004190,South-4,Outdoor,2026-07-22,2026-07-24,2026-07-23,shipped,2
WO0004191,Midwest-2,Office Supplies,07/22/2026,07/24/2026,2026-07-23,shipped,6
WO0004192,Northeast-1,Office Supplies,2026-07-22,2026-07-23,2026-07-23,shipped,6
WO0004193,South-4,Home Goods,2026-07-22,2026-07-24,2026-07-24,Shipped,1
WO0004194,Midwest-2,Outdoor,07/22/2026,07/23/2026,2026-07-22,SHIPPED,2
WO0004195,,Outdoor,07/22/2026,07/23/2026,2026-07-22,SHIPPED,2
WO0004196,South-4,Apparel,2026-07-22,2026-07-24,2026-07-24,shipped,4
WO0004197,Midwest-2,Outdoor,07/22/2026,2026-07-24,2026-07-24,SHIPPED,5
WO0004198,South-4,Electronics,07/22/2026,2026-07-24,2026-07-24,SHIPPED,11
WO0004199,Midwest-2,Outdoor,2026-07-22,2026-07-25,2026-07-25,SHIPPED,3
WO0004200,Northeast-1,Electronics,07/22/2026,2026-07-24,2026-07-24,shipped,3
WO0004201,West-3,Outdoor,07/22/2026,2026-07-24,2026-07-24,shipped,1
WO0004202,South-4,Electronics,07/22/2026,2026-07-24,2026-07-24, Shipped,11
WO0004203,South-4,Outdoor,2026-07-22,07/24/2026,07/23/2026,SHIPPED,6
WO0004204,Midwest-2,Electronics,07/22/2026,07/24/2026,07/24/2026,shipped,4
WO0004205,Northeast-1,Home Goods,2026-07-22,07/23/2026,2026-07-23,Shipped,6
WO0004206,Northeast-1,Outdoor,2026-07-22,2026-07-23,2026-07-22,shipped,8
WO0004207,Midwest-2,Apparel,2026-07-22,07/24/2026,07/23/2026,shipped,1
WO0004208,South-4,Outdoor,2026-07-22,07/24/2026,2026-07-24,SHIPPED,7
WO0004209,West-3,Electronics,07/22/2026,07/24/2026,07/25/2026,DELAYED,1
WO0004210,Northeast-1,Office Supplies,2026-07-22,2026-07-23,07/23/2026,shipped,10
WO0004211,Midwest-2,Electronics,07/22/2026,07/23/2026,07/22/2026,shipped,10
WO0004212,West-3,Outdoor,07/22/2026,2026-07-23,2026-07-22, Shipped,7
WO0004213,Northeast-1,Electronics,2026-07-22,2026-07-25,07/25/2026,shipped,11
WO0004214,Midwest-2,Office Supplies,2026-07-22,2026-07-25,07/25/2026, Shipped,11
WO0004215,Midwest-2,Outdoor,07/22/2026,07/24/2026,,Canceled,3
WO0004216,Midwest-2,Apparel,2026-07-22,07/25/2026,07/25/2026,SHIPPED,5
WO0004217,Midwest-2,Apparel,07/22/2026,2026-07-24,07/24/2026,Shipped,8
WO0004218,Northeast-1,Outdoor,2026-07-22,2026-07-24,07/24/2026,shipped,3
WO0004218,Northeast-1,Outdoor,2026-07-22,2026-07-24,07/24/2026,shipped,3
WO0004219,Northeast-1,Office Supplies,07/22/2026,07/23/2026,07/23/2026,SHIPPED,9
WO0004220,Northeast-1,Outdoor,2026-07-22,2026-07-25,07/24/2026,Shipped,11
WO0004221,West-3,Office Supplies,2026-07-22,07/23/2026,07/23/2026, Shipped,5
WO0004222,Midwest-2,Electronics,07/22/2026,07/25/2026,07/24/2026,shipped,11
WO0004223,West-3,Electronics,2026-07-22,07/23/2026,2026-07-23,Shipped,11
WO0004224,West-3,Home Goods,2026-07-22,07/23/2026,,Delayed,3
WO0004225,Northeast-1,Outdoor,07/22/2026,07/23/2026,07/23/2026,SHIPPED,2
WO0004226,South-4,Office Supplies,07/22/2026,07/25/2026,07/24/2026, Shipped,1
WO0004227,South-4,Home Goods,07/22/2026,07/23/2026,07/22/2026, Shipped,4
WO0004228,Midwest-2,Office Supplies,07/22/2026,07/23/2026,07/22/2026,shipped,5
WO0004229,,Office Supplies,07/22/2026,07/23/2026,07/22/2026,shipped,5
WO0004230,Northeast-1,Electronics,07/22/2026,07/25/2026,07/24/2026,shipped,4
WO0004231,Northeast-1,Home Goods,2026-07-22,2026-07-25,2026-07-25,Shipped,1
WO0004232,Northeast-1,Office Supplies,2026-07-22,07/23/2026,07/23/2026,Shipped,2
WO0004233,South-4,Apparel,2026-07-22,07/24/2026,2026-07-24,shipped,5
WO0004234,West-3,Home Goods,07/22/2026,07/23/2026,07/23/2026,Shipped,7
WO0004235,West-3,Home Goods,2026-07-22,07/24/2026,,cancelled,2
WO0004236,Northeast-1,Home Goods,07/22/2026,2026-07-24,2026-07-24, Shipped,10
WO0004237,South-4,Outdoor,07/22/2026,07/25/2026,07/24/2026,Shipped,3
WO0004238,South-4,Apparel,2026-07-22,07/24/2026,,cancelled,3
WO0004239,South-4,Outdoor,07/22/2026,07/24/2026,07/24/2026,shipped,10
WO0004239,South-4,Outdoor,07/22/2026,07/24/2026,07/24/2026,shipped,10
WO0004240,South-4,Electronics,2026-07-22,07/24/2026,2026-07-23,Shipped,4
WO0004241,South-4,Electronics,07/22/2026,07/25/2026,07/24/2026,Shipped,6
WO0004242,South-4,Office Supplies,2026-07-22,07/23/2026,07/22/2026,shipped,10
WO0004243,South-4,Home Goods,07/22/2026,2026-07-25,,cancelled,6
WO0004244,Midwest-2,Home Goods,2026-07-22,07/24/2026,2026-07-23,Shipped,9
WO0004245,Midwest-2,Apparel,2026-07-22,07/23/2026,2026-07-23,SHIPPED,2
WO0004246,Midwest-2,Outdoor,07/22/2026,2026-07-24,2026-07-24,shipped,9
WO0004247,Northeast-1,Apparel,2026-07-22,2026-07-24,2026-07-23,Shipped,6
WO0004248,Northeast-1,Home Goods,07/22/2026,2026-07-23,07/23/2026,SHIPPED,2
WO0004249,South-4,Outdoor,07/22/2026,07/25/2026,2026-07-24,SHIPPED,9
WO0004250,Midwest-2,Outdoor,07/22/2026,07/25/2026,2026-07-25, Shipped,1
WO0004251,West-3,Apparel,07/22/2026,07/24/2026,07/24/2026,SHIPPED,6
WO0004252,West-3,Apparel,07/22/2026,07/23/2026,2026-07-23, Shipped,6
WO0004252,West-3,Apparel,07/22/2026,07/23/2026,2026-07-23, Shipped,6
WO0004253,Midwest-2,Home Goods,07/22/2026,07/25/2026,2026-07-24,Shipped,1
WO0004254,Northeast-1,Outdoor,2026-07-22,07/24/2026,2026-07-24,SHIPPED,8
WO0004255,West-3,Apparel,2026-07-22,2026-07-23,2026-07-22,Shipped,7
WO0004256,West-3,Office Supplies,2026-07-22,2026-07-23,2026-07-22,shipped,2
WO0004257,South-4,Apparel,07/22/2026,2026-07-24,07/24/2026, Shipped,9
WO0004258,,Apparel,07/22/2026,2026-07-24,07/24/2026, Shipped,9
WO0004259,Northeast-1,Apparel,07/22/2026,2026-07-23,07/22/2026, Shipped,10
WO0004260,West-3,Office Supplies,2026-07-22,07/24/2026,2026-07-24, Shipped,2
WO0004261,Northeast-1,Outdoor,2026-07-22,07/25/2026,07/25/2026,Shipped,3
WO0004262,South-4,Office Supplies,2026-07-22,07/25/2026,2026-07-24,shipped,10
WO0004263,Northeast-1,Electronics,07/22/2026,2026-07-24,2026-07-24,shipped,5
WO0004264,Northeast-1,Office Supplies,07/22/2026,2026-07-23,2026-07-23, Shipped,1
WO0004265,West-3,Office Supplies,07/22/2026,07/25/2026,07/25/2026,SHIPPED,7
WO0004266,Midwest-2,Apparel,2026-07-22,07/24/2026,,Delayed,6
WO0004267,West-3,Outdoor,07/22/2026,07/25/2026,07/25/2026,SHIPPED,4
WO0004268,South-4,Electronics,2026-07-22,07/23/2026,07/22/2026,shipped,1
WO0004269,South-4,Home Goods,07/22/2026,07/24/2026,07/23/2026,SHIPPED,4
WO0004270,Northeast-1,Outdoor,2026-07-22,2026-07-24,07/24/2026,SHIPPED,9
WO0004271,South-4,Office Supplies,2026-07-22,2026-07-24,07/24/2026,Shipped,8
WO0004272,South-4,Outdoor,07/22/2026,2026-07-23,2026-07-25,DELAYED,7
WO0004273,Northeast-1,Home Goods,2026-07-22,2026-07-25,2026-07-24,Shipped,11
WO0004274,Northeast-1,Apparel,2026-07-22,2026-07-24,07/24/2026,Shipped,1
WO0004275,West-3,Apparel,07/22/2026,07/23/2026,07/23/2026,shipped,6
WO0004276,South-4,Office Supplies,2026-07-22,2026-07-23,2026-07-22,SHIPPED,9
WO0004277,Midwest-2,Electronics,07/22/2026,07/23/2026,2026-07-22,Shipped,6
WO0004278,Midwest-2,Office Supplies,07/22/2026,2026-07-23,2026-07-22, Shipped,2
WO0004279,Northeast-1,Electronics,07/22/2026,2026-07-23,07/27/2026,Delayed,4
WO0004280,Midwest-2,Home Goods,2026-07-22,2026-07-23,07/23/2026,Shipped,9
WO0004281,Midwest-2,Office Supplies,07/22/2026,2026-07-24,,Canceled,1
WO0004282,West-3,Home Goods,2026-07-22,07/25/2026,07/24/2026, Shipped,10
WO0004283,Northeast-1,Apparel,07/22/2026,07/25/2026,07/25/2026,shipped,3
WO0004284,Northeast-1,Outdoor,2026-07-22,2026-07-24,2026-07-23,Shipped,3
WO0004285,West-3,Outdoor,2026-07-22,07/25/2026,2026-07-24,shipped,3
WO0004286,Midwest-2,Office Supplies,2026-07-22,2026-07-25,2026-07-24,shipped,5
WO0004287,Northeast-1,Outdoor,07/22/2026,07/24/2026,07/23/2026,SHIPPED,6
WO0004288,South-4,Outdoor,07/22/2026,2026-07-25,07/24/2026, Shipped,2
WO0004289,Midwest-2,Electronics,07/22/2026,2026-07-25,2026-07-25,SHIPPED,6
WO0004290,South-4,Outdoor,07/22/2026,07/23/2026,2026-07-22, Shipped,5
WO0004291,South-4,Apparel,2026-07-22,07/24/2026,07/24/2026,shipped,10
WO0004292,Northeast-1,Outdoor,2026-07-22,07/25/2026,07/24/2026,Shipped,5
WO0004293,Midwest-2,Apparel,07/22/2026,07/23/2026,07/23/2026,Shipped,7
WO0004294,Northeast-1,Office Supplies,2026-07-22,2026-07-24,2026-07-24,Shipped,10
WO0004295,Northeast-1,Home Goods,2026-07-22,2026-07-25,2026-07-25,Shipped,5
WO0004296,West-3,Office Supplies,07/22/2026,2026-07-24,2026-07-24,shipped,3
WO0004297,Midwest-2,Electronics,2026-07-22,2026-07-25,07/25/2026, Shipped,4
WO0004298,South-4,Outdoor,2026-07-22,07/24/2026,2026-07-24,Shipped,8
WO0004299,Northeast-1,Electronics,07/22/2026,07/24/2026,07/24/2026,SHIPPED,7
WO0004300,West-3,Electronics,07/22/2026,2026-07-24,07/24/2026, Shipped,3
WO0004301,South-4,Home Goods,2026-07-22,07/25/2026,2026-07-25,Shipped,11
WO0004302,South-4,Apparel,07/22/2026,2026-07-25,07/25/2026, Shipped,2
WO0004303,West-3,Apparel,07/22/2026,2026-07-25,2026-07-24,Shipped,1
WO0004304,West-3,Office Supplies,2026-07-22,07/25/2026,07/25/2026, Shipped,5
WO0004305,South-4,Office Supplies,2026-07-22,07/24/2026,2026-07-24,shipped,2
WO0004306,West-3,Electronics,07/22/2026,2026-07-23,07/23/2026,shipped,8
WO0004307,,Electronics,07/22/2026,2026-07-23,07/23/2026,shipped,8
WO0004308,Midwest-2,Office Supplies,07/22/2026,2026-07-24,07/24/2026,shipped,4
WO0004309,West-3,Electronics,07/22/2026,07/25/2026,07/25/2026, Shipped,1
WO0004310,West-3,Outdoor,07/22/2026,2026-07-25,07/24/2026,SHIPPED,8
WO0004311,Midwest-2,Home Goods,2026-07-22,2026-07-24,07/24/2026,Shipped,11
WO0004312,Midwest-2,Outdoor,07/22/2026,2026-07-25,07/25/2026,SHIPPED,5
WO0004313,South-4,Apparel,07/22/2026,2026-07-24,07/24/2026,Shipped,4
WO0004314,South-4,Electronics,2026-07-22,2026-07-23,2026-07-23, Shipped,9
WO0004315,Northeast-1,Office Supplies,07/22/2026,07/24/2026,2026-07-24,shipped,3
WO0004316,Midwest-2,Apparel,2026-07-22,07/23/2026,07/23/2026, Shipped,7
WO0004317,West-3,Apparel,2026-07-22,07/24/2026,07/23/2026, Shipped,10
WO0004318,Northeast-1,Apparel,07/22/2026,07/24/2026,07/23/2026,shipped,2
WO0004319,Midwest-2,Home Goods,2026-07-22,2026-07-24,2026-07-23,SHIPPED,1
WO0004320,South-4,Office Supplies,2026-07-22,2026-07-23,2026-07-22,Shipped,6
WO0004321,Midwest-2,Outdoor,2026-07-22,07/25/2026,07/24/2026,SHIPPED,6
WO0004322,West-3,Office Supplies,2026-07-22,2026-07-24,07/23/2026,shipped,7
WO0004323,Northeast-1,Electronics,2026-07-22,2026-07-23,07/23/2026,Shipped,1
WO0004324,Midwest-2,Office Supplies,2026-07-22,2026-07-25,07/24/2026,Shipped,4
WO0004325,Northeast-1,Apparel,07/22/2026,2026-07-25,07/24/2026,Shipped,6
WO0004326,South-4,Office Supplies,2026-07-22,07/25/2026,07/25/2026,Shipped,3
WO0004327,West-3,Outdoor,2026-07-22,07/25/2026,2026-07-24,SHIPPED,6
WO0004328,West-3,Electronics,2026-07-22,07/24/2026,07/24/2026,Shipped,3
WO0004329,South-4,Home Goods,07/22/2026,07/25/2026,2026-07-24,SHIPPED,3
WO0004330,West-3,Outdoor,2026-07-22,2026-07-25,2026-07-25,SHIPPED,9
WO0004331,Midwest-2,Office Supplies,07/22/2026,2026-07-23,2026-07-23,shipped,3
WO0004332,South-4,Outdoor,2026-07-22,07/23/2026,07/23/2026,shipped,5
WO0004333,West-3,Apparel,2026-07-22,2026-07-25,2026-07-25,SHIPPED,3
WO0004334,Northeast-1,Apparel,2026-07-22,2026-07-24,2026-07-24, Shipped,6
WO0004335,Midwest-2,Outdoor,07/22/2026,07/23/2026,2026-07-23,SHIPPED,6
WO0004336,South-4,Home Goods,07/22/2026,07/23/2026,07/23/2026, Shipped,10
WO0004337,Midwest-2,Home Goods,07/22/2026,2026-07-25,2026-07-24,SHIPPED,11
WO0004338,Midwest-2,Electronics,07/22/2026,2026-07-25,2026-07-24,Shipped,2
WO0004339,Midwest-2,Office Supplies,07/22/2026,07/25/2026,07/24/2026,Shipped,6
WO0004340,Northeast-1,Outdoor,2026-07-22,07/24/2026,2026-07-23,SHIPPED,11
WO0004341,Midwest-2,Office Supplies,2026-07-22,2026-07-23,2026-07-23,SHIPPED,6
WO0004342,West-3,Outdoor,07/22/2026,07/25/2026,2026-07-24, Shipped,6
WO0004343,South-4,Home Goods,2026-07-22,07/24/2026,2026-07-23,SHIPPED,6
WO0004344,Northeast-1,Electronics,07/23/2026,07/26/2026,2026-07-26,Shipped,1
WO0004345,Midwest-2,Home Goods,2026-07-23,2026-07-25,,Canceled,6
WO0004346,Midwest-2,Outdoor,07/23/2026,2026-07-25,2026-07-25,Shipped,9
WO0004347,Midwest-2,Electronics,2026-07-23,2026-07-26,07/26/2026, Shipped,6
WO0004348,West-3,Home Goods,2026-07-23,07/25/2026,2026-07-25,SHIPPED,3
WO0004349,Northeast-1,Home Goods,2026-07-23,07/26/2026,2026-07-26,shipped,2
WO0004350,West-3,Electronics,2026-07-23,2026-07-26,07/26/2026,shipped,9
WO0004351,South-4,Office Supplies,07/23/2026,07/24/2026,2026-07-23,SHIPPED,3
WO0004352,Northeast-1,Home Goods,2026-07-23,07/26/2026,07/25/2026,SHIPPED,2
WO0004353,Midwest-2,Outdoor,07/23/2026,2026-07-26,07/25/2026,SHIPPED,10
WO0004354,Midwest-2,Outdoor,07/23/2026,2026-07-26,07/26/2026, Shipped,6
WO0004355,Northeast-1,Apparel,2026-07-23,2026-07-25,07/25/2026,SHIPPED,4
WO0004356,Northeast-1,Apparel,2026-07-23,2026-07-25,07/25/2026,shipped,8
WO0004357,West-3,Electronics,2026-07-23,07/24/2026,2026-07-24,shipped,6
WO0004358,Midwest-2,Home Goods,07/23/2026,07/24/2026,,delayed,9
WO0004359,Northeast-1,Electronics,2026-07-23,2026-07-26,07/25/2026,shipped,4
WO0004360,Midwest-2,Office Supplies,2026-07-23,2026-07-25,2026-07-24,Shipped,9
WO0004361,Northeast-1,Office Supplies,07/23/2026,07/26/2026,07/26/2026,shipped,10
WO0004362,South-4,Apparel,2026-07-23,2026-07-24,2026-07-23,shipped,11
WO0004363,Northeast-1,Apparel,2026-07-23,07/26/2026,07/26/2026, Shipped,1
WO0004364,Northeast-1,Home Goods,2026-07-23,2026-07-25,2026-07-25,Shipped,7
WO0004365,South-4,Apparel,07/23/2026,2026-07-24,,Cancelled,4
WO0004366,Northeast-1,Office Supplies,2026-07-23,2026-07-25,07/27/2026,delayed,1
WO0004367,South-4,Electronics,2026-07-23,2026-07-24,2026-07-23,SHIPPED,11
WO0004368,South-4,Apparel,07/23/2026,2026-07-26,,Cancelled,2
WO0004368,South-4,Apparel,07/23/2026,2026-07-26,,Cancelled,2
WO0004369,South-4,Apparel,2026-07-23,2026-07-25,2026-07-24, Shipped,11
WO0004370,Northeast-1,Apparel,07/23/2026,07/26/2026,2026-07-26,Shipped,6
WO0004371,Midwest-2,Electronics,2026-07-23,2026-07-24,2026-07-23, Shipped,6
WO0004372,West-3,Outdoor,07/23/2026,2026-07-24,2026-07-23,Shipped,5
WO0004373,Midwest-2,Home Goods,07/23/2026,07/24/2026,07/23/2026,SHIPPED,2
WO0004374,West-3,Office Supplies,07/23/2026,07/24/2026,07/23/2026,Shipped,8
WO0004375,Midwest-2,Electronics,2026-07-23,07/26/2026,07/26/2026, Shipped,10
WO0004376,Midwest-2,Outdoor,2026-07-23,07/24/2026,07/27/2026,Delayed,10
WO0004377,Northeast-1,Apparel,2026-07-23,07/24/2026,07/23/2026, Shipped,4
WO0004378,Northeast-1,Office Supplies,07/23/2026,07/24/2026,2026-07-24,shipped,3
WO0004379,Midwest-2,Outdoor,2026-07-23,07/26/2026,07/26/2026,SHIPPED,2
WO0004380,South-4,Apparel,2026-07-23,2026-07-26,07/26/2026,SHIPPED,2
WO0004381,South-4,Electronics,2026-07-23,07/26/2026,07/26/2026,SHIPPED,6
WO0004382,Midwest-2,Office Supplies,2026-07-23,07/26/2026,07/26/2026,Shipped,10
WO0004383,Midwest-2,Home Goods,07/23/2026,2026-07-26,2026-07-30,DELAYED,6
WO0004384,Midwest-2,Electronics,2026-07-23,2026-07-26,07/25/2026,Shipped,6
WO0004385,West-3,Outdoor,2026-07-23,07/25/2026,07/24/2026,Shipped,3
WO0004386,South-4,Apparel,2026-07-23,07/24/2026,2026-07-24,shipped,7
WO0004387,Midwest-2,Home Goods,07/23/2026,2026-07-24,07/23/2026, Shipped,2
WO0004388,Midwest-2,Home Goods,07/23/2026,2026-07-24,07/24/2026, Shipped,1
WO0004389,Northeast-1,Home Goods,07/23/2026,2026-07-24,2026-07-24,shipped,7
WO0004390,Midwest-2,Electronics,2026-07-23,2026-07-24,2026-07-23,Shipped,9
WO0004391,Northeast-1,Home Goods,2026-07-23,2026-07-25,2026-07-26,DELAYED,11
WO0004392,Midwest-2,Electronics,2026-07-23,07/26/2026,2026-07-26,Shipped,7
WO0004393,South-4,Apparel,07/23/2026,2026-07-24,2026-07-24,SHIPPED,7
WO0004394,Midwest-2,Outdoor,07/23/2026,07/26/2026,2026-07-26,SHIPPED,1
WO0004395,South-4,Electronics,2026-07-23,07/25/2026,07/24/2026,shipped,6
WO0004396,Northeast-1,Outdoor,2026-07-23,07/25/2026,2026-07-25,SHIPPED,1
WO0004397,Midwest-2,Apparel,2026-07-23,2026-07-25,07/25/2026,Shipped,5
WO0004398,South-4,Home Goods,2026-07-23,2026-07-26,07/26/2026,SHIPPED,5
WO0004399,Northeast-1,Outdoor,2026-07-23,2026-07-25,07/25/2026, Shipped,3
WO0004400,Midwest-2,Office Supplies,07/23/2026,2026-07-24,2026-07-27,DELAYED,2
WO0004401,Northeast-1,Apparel,07/23/2026,2026-07-24,2026-07-23,SHIPPED,8
WO0004402,Northeast-1,Outdoor,2026-07-23,2026-07-25,07/24/2026,shipped,6
WO0004403,Northeast-1,Home Goods,07/23/2026,07/24/2026,2026-07-24, Shipped,7
WO0004404,South-4,Office Supplies,2026-07-23,2026-07-25,07/24/2026, Shipped,5
WO0004405,Midwest-2,Office Supplies,2026-07-23,2026-07-26,07/26/2026,SHIPPED,5
WO0004406,South-4,Office Supplies,07/23/2026,07/24/2026,2026-07-24,Shipped,3
WO0004407,West-3,Home Goods,07/23/2026,2026-07-26,07/26/2026,Shipped,5
WO0004408,West-3,Outdoor,07/23/2026,07/26/2026,07/26/2026, Shipped,6
WO0004409,Midwest-2,Apparel,2026-07-23,2026-07-26,2026-07-25,shipped,3
WO0004410,South-4,Apparel,2026-07-23,07/24/2026,2026-07-23,Shipped,9
WO0004411,West-3,Outdoor,2026-07-23,2026-07-26,07/25/2026,SHIPPED,6
WO0004412,Midwest-2,Home Goods,2026-07-23,2026-07-24,2026-07-24,shipped,4
WO0004413,Midwest-2,Office Supplies,2026-07-23,07/25/2026,2026-07-24,SHIPPED,6
WO0004414,West-3,Outdoor,07/23/2026,2026-07-24,2026-07-23,SHIPPED,8
WO0004415,Northeast-1,Office Supplies,07/23/2026,2026-07-25,,Delayed,6
WO0004416,Northeast-1,Electronics,2026-07-23,07/26/2026,2026-07-26,Shipped,11
WO0004417,Northeast-1,Electronics,07/23/2026,07/24/2026,07/23/2026,Shipped,5
WO0004418,South-4,Electronics,2026-07-23,2026-07-24,2026-07-23, Shipped,8
WO0004419,South-4,Electronics,07/23/2026,2026-07-24,2026-07-23, Shipped,2
WO0004420,Midwest-2,Outdoor,07/23/2026,07/25/2026,2026-07-24,SHIPPED,9
WO0004421,South-4,Office Supplies,2026-07-23,07/25/2026,2026-07-24,Shipped,7
WO0004422,Northeast-1,Home Goods,07/23/2026,2026-07-26,,DELAYED,8
WO0004423,West-3,Home Goods,07/23/2026,2026-07-25,2026-07-24,SHIPPED,7
WO0004424,South-4,Apparel,07/23/2026,07/26/2026,,Delayed,5
WO0004425,Midwest-2,Home Goods,07/23/2026,2026-07-25,,Delayed,5
WO0004426,Midwest-2,Outdoor,07/23/2026,2026-07-25,2026-07-25,shipped,4
WO0004427,South-4,Electronics,07/23/2026,07/26/2026,2026-07-26,shipped,6
WO0004428,Midwest-2,Electronics,07/23/2026,2026-07-25,07/25/2026,SHIPPED,6
WO0004429,South-4,Office Supplies,07/23/2026,2026-07-24,07/24/2026,SHIPPED,11
WO0004430,South-4,Office Supplies,07/23/2026,2026-07-24,2026-07-24,SHIPPED,9
WO0004431,West-3,Home Goods,2026-07-23,2026-07-26,2026-07-26,SHIPPED,2
WO0004432,West-3,Outdoor,2026-07-23,2026-07-26,,DELAYED,4
WO0004433,Northeast-1,Apparel,2026-07-23,2026-07-26,07/26/2026, Shipped,4
WO0004434,Midwest-2,Electronics,07/23/2026,2026-07-25,07/24/2026,Shipped,4
WO0004435,Midwest-2,Apparel,2026-07-23,2026-07-24,2026-07-24,Shipped,3
WO0004436,South-4,Electronics,2026-07-23,2026-07-26,2026-07-27,delayed,3
WO0004437,West-3,Office Supplies,07/23/2026,07/26/2026,07/25/2026,Shipped,2
WO0004438,South-4,Office Supplies,07/23/2026,07/26/2026,07/26/2026,SHIPPED,1
WO0004439,South-4,Office Supplies,07/23/2026,07/24/2026,2026-07-24,Shipped,3
WO0004440,West-3,Apparel,07/23/2026,07/26/2026,07/26/2026,Shipped,6
WO0004441,Northeast-1,Outdoor,2026-07-23,2026-07-26,2026-07-26,Shipped,8
WO0004442,Northeast-1,Outdoor,2026-07-23,2026-07-25,07/25/2026,SHIPPED,1
WO0004443,Northeast-1,Apparel,2026-07-23,07/25/2026,2026-07-25,Shipped,5
WO0004444,Northeast-1,Office Supplies,2026-07-23,2026-07-25,,DELAYED,2
WO0004445,Northeast-1,Office Supplies,07/23/2026,07/25/2026,07/25/2026,shipped,8
WO0004446,Midwest-2,Home Goods,2026-07-23,2026-07-25,07/25/2026, Shipped,9
WO0004447,West-3,Office Supplies,2026-07-23,07/25/2026,07/25/2026,Shipped,8
WO0004448,South-4,Home Goods,07/23/2026,07/24/2026,2026-07-24,shipped,3
WO0004449,South-4,Apparel,07/23/2026,2026-07-26,07/25/2026,SHIPPED,8
WO0004450,West-3,Outdoor,2026-07-23,07/26/2026,07/26/2026,Shipped,7
WO0004451,Northeast-1,Outdoor,07/23/2026,2026-07-25,2026-07-25,Shipped,4
WO0004452,South-4,Office Supplies,07/23/2026,07/24/2026,2026-07-23,SHIPPED,10
WO0004453,West-3,Office Supplies,07/23/2026,2026-07-25,2026-07-24,Shipped,3
WO0004454,South-4,Office Supplies,07/23/2026,2026-07-25,,DELAYED,4
WO0004455,South-4,Home Goods,07/23/2026,2026-07-24,2026-07-24, Shipped,10
WO0004456,Northeast-1,Outdoor,07/23/2026,07/25/2026,2026-07-24, Shipped,7
WO0004457,Midwest-2,Outdoor,07/23/2026,2026-07-24,2026-07-23,SHIPPED,2
WO0004458,West-3,Electronics,07/23/2026,07/26/2026,07/26/2026,Shipped,10
WO0004459,West-3,Electronics,07/23/2026,07/26/2026,07/26/2026,Shipped,-1
WO0004460,West-3,Outdoor,2026-07-23,2026-07-24,2026-07-24,shipped,6
WO0004461,Midwest-2,Home Goods,2026-07-23,07/26/2026,07/25/2026,Shipped,6
WO0004462,Midwest-2,Apparel,2026-07-23,2026-07-25,07/25/2026,Shipped,8
WO0004463,South-4,Electronics,2026-07-23,07/26/2026,,Delayed,1
WO0004464,West-3,Home Goods,07/23/2026,2026-07-24,2026-07-24,shipped,5
WO0004465,Northeast-1,Office Supplies,2026-07-23,2026-07-24,2026-07-24,shipped,9
WO0004466,Midwest-2,Home Goods,07/23/2026,07/26/2026,2026-07-25,shipped,10
WO0004467,Northeast-1,Home Goods,07/23/2026,2026-07-26,2026-07-26,Shipped,6
WO0004468,West-3,Office Supplies,07/23/2026,07/25/2026,07/24/2026,Shipped,4
WO0004469,Northeast-1,Apparel,2026-07-23,07/24/2026,2026-07-23,SHIPPED,9
WO0004470,,Apparel,2026-07-23,07/24/2026,2026-07-23,SHIPPED,9
WO0004471,West-3,Apparel,07/23/2026,07/24/2026,07/25/2026,Delayed,3
WO0004472,Midwest-2,Apparel,2026-07-23,07/24/2026,07/23/2026,Shipped,10
WO0004473,West-3,Outdoor,2026-07-23,2026-07-26,2026-07-25,SHIPPED,5
WO0004474,Northeast-1,Home Goods,07/23/2026,07/26/2026,2026-07-25,shipped,10
WO0004475,Northeast-1,Home Goods,2026-07-23,2026-07-26,2026-07-25,Shipped,3
WO0004476,Midwest-2,Outdoor,07/23/2026,07/26/2026,2026-07-26,SHIPPED,8
WO0004477,Northeast-1,Outdoor,07/23/2026,07/24/2026,2026-07-24,shipped,4
WO0004478,South-4,Apparel,07/23/2026,07/25/2026,07/24/2026,shipped,8
WO0004479,Northeast-1,Outdoor,2026-07-23,2026-07-24,07/24/2026,SHIPPED,11
WO0004480,West-3,Electronics,07/23/2026,07/26/2026,2026-07-25,Shipped,5
WO0004481,Northeast-1,Apparel,2026-07-23,2026-07-25,2026-07-25,Shipped,8
WO0004482,Midwest-2,Electronics,07/23/2026,07/26/2026,2026-07-25, Shipped,11
WO0004483,Northeast-1,Electronics,2026-07-23,2026-07-24,2026-07-23, Shipped,3
WO0004484,South-4,Outdoor,07/23/2026,07/24/2026,,delayed,9
WO0004485,Midwest-2,Outdoor,2026-07-23,2026-07-25,2026-07-24, Shipped,11
WO0004486,Midwest-2,Electronics,07/23/2026,07/25/2026,07/25/2026,SHIPPED,11
WO0004487,Midwest-2,Home Goods,07/23/2026,07/26/2026,2026-07-25,shipped,10
WO0004488,West-3,Apparel,2026-07-23,07/24/2026,07/24/2026,shipped,11
WO0004489,Northeast-1,Electronics,07/23/2026,2026-07-26,2026-07-25,SHIPPED,4
WO0004490,Midwest-2,Outdoor,07/23/2026,07/26/2026,07/25/2026,Shipped,6
WO0004491,Midwest-2,Office Supplies,07/24/2026,2026-07-27,2026-07-27,SHIPPED,9
WO0004492,South-4,Home Goods,2026-07-24,2026-07-25,07/24/2026,Shipped,10
WO0004493,Midwest-2,Outdoor,2026-07-24,07/27/2026,2026-07-26,SHIPPED,5
WO0004494,Northeast-1,Office Supplies,07/24/2026,07/26/2026,07/25/2026,shipped,10
WO0004495,Midwest-2,Office Supplies,07/24/2026,2026-07-26,07/26/2026, Shipped,10
WO0004496,Northeast-1,Office Supplies,2026-07-24,2026-07-27,07/26/2026,shipped,4
WO0004497,Midwest-2,Office Supplies,07/24/2026,07/25/2026,07/24/2026,SHIPPED,7
WO0004498,,Office Supplies,07/24/2026,07/25/2026,07/24/2026,SHIPPED,7
WO0004499,South-4,Electronics,07/24/2026,07/26/2026,2026-07-26,SHIPPED,11
WO0004500,Midwest-2,Office Supplies,2026-07-24,07/26/2026,07/25/2026,Shipped,10
WO0004501,Northeast-1,Office Supplies,07/24/2026,07/25/2026,2026-07-24,shipped,9
WO0004502,West-3,Home Goods,2026-07-24,07/27/2026,,Delayed,9
WO0004503,West-3,Outdoor,07/24/2026,2026-07-27,2026-07-27, Shipped,9
WO0004504,West-3,Home Goods,07/24/2026,07/25/2026,2026-07-25, Shipped,2
WO0004505,Midwest-2,Electronics,07/24/2026,07/26/2026,07/25/2026,Shipped,10
WO0004506,Midwest-2,Home Goods,07/24/2026,07/26/2026,2026-07-26,Shipped,4
WO0004507,West-3,Apparel,2026-07-24,07/26/2026,07/26/2026,Shipped,7
WO0004508,South-4,Outdoor,2026-07-24,07/26/2026,07/26/2026,shipped,4
WO0004509,South-4,Apparel,07/24/2026,2026-07-26,07/26/2026, Shipped,4
WO0004510,Midwest-2,Home Goods,07/24/2026,07/26/2026,07/25/2026,SHIPPED,4
WO0004511,Northeast-1,Apparel,2026-07-24,2026-07-26,2026-07-25,shipped,6
WO0004512,Midwest-2,Outdoor,2026-07-24,2026-07-26,2026-07-25,SHIPPED,5
WO0004513,West-3,Electronics,07/24/2026,2026-07-25,2026-07-25, Shipped,5
WO0004514,Northeast-1,Office Supplies,07/24/2026,2026-07-26,07/25/2026,SHIPPED,7
WO0004515,Northeast-1,Outdoor,07/24/2026,07/25/2026,2026-07-25,SHIPPED,8
WO0004516,Northeast-1,Apparel,2026-07-24,2026-07-25,07/24/2026, Shipped,2
WO0004517,West-3,Electronics,2026-07-24,2026-07-25,2026-07-24,Shipped,4
WO0004518,South-4,Outdoor,07/24/2026,07/26/2026,2026-07-26,Shipped,5
WO0004519,Midwest-2,Electronics,07/24/2026,2026-07-25,2026-07-24,shipped,7
WO0004520,Midwest-2,Apparel,2026-07-24,07/27/2026,2026-07-27,SHIPPED,1
WO0004521,South-4,Home Goods,07/24/2026,2026-07-26,07/26/2026,Shipped,7
WO0004522,Midwest-2,Home Goods,2026-07-24,2026-07-25,07/24/2026, Shipped,1
WO0004523,Northeast-1,Office Supplies,07/24/2026,2026-07-26,2026-07-26,SHIPPED,8
WO0004523,Northeast-1,Office Supplies,07/24/2026,2026-07-26,2026-07-26,SHIPPED,8
WO0004524,West-3,Electronics,07/24/2026,2026-07-25,07/25/2026,SHIPPED,6
WO0004525,West-3,Home Goods,2026-07-24,07/27/2026,2026-07-27, Shipped,3
WO0004526,West-3,Office Supplies,2026-07-24,2026-07-26,07/26/2026,Shipped,8
WO0004527,Northeast-1,Home Goods,2026-07-24,2026-07-27,07/26/2026, Shipped,4
WO0004528,West-3,Office Supplies,07/24/2026,2026-07-27,07/27/2026,Shipped,5
WO0004529,Midwest-2,Electronics,2026-07-24,2026-07-26,2026-07-26, Shipped,10
WO0004530,West-3,Outdoor,2026-07-24,2026-07-25,07/25/2026,Shipped,2
WO0004531,South-4,Apparel,07/24/2026,2026-07-27,07/26/2026,SHIPPED,4
WO0004532,West-3,Office Supplies,2026-07-24,07/26/2026,2026-07-26,Shipped,3
WO0004533,Midwest-2,Home Goods,2026-07-24,07/25/2026,2026-07-24,SHIPPED,10
WO0004534,Northeast-1,Office Supplies,07/24/2026,2026-07-25,2026-07-25,SHIPPED,9
WO0004535,Northeast-1,Apparel,07/24/2026,07/26/2026,2026-07-25,SHIPPED,10
WO0004536,West-3,Office Supplies,07/24/2026,2026-07-27,07/27/2026, Shipped,5
WO0004537,West-3,Office Supplies,2026-07-24,07/26/2026,07/27/2026,Delayed,2
WO0004538,West-3,Electronics,2026-07-24,07/26/2026,07/25/2026,shipped,10
WO0004539,West-3,Electronics,07/24/2026,2026-07-26,2026-07-25,shipped,5
WO0004540,South-4,Home Goods,07/24/2026,07/25/2026,2026-07-24,SHIPPED,10
WO0004541,South-4,Office Supplies,2026-07-24,2026-07-25,2026-07-24,SHIPPED,3
WO0004542,South-4,Outdoor,07/24/2026,2026-07-27,2026-07-26,shipped,10
WO0004543,West-3,Apparel,2026-07-24,07/25/2026,07/24/2026,shipped,10
WO0004544,Northeast-1,Office Supplies,07/24/2026,2026-07-27,2026-07-26,shipped,8
WO0004545,West-3,Home Goods,07/24/2026,2026-07-25,2026-07-25,Shipped,11
WO0004546,Northeast-1,Apparel,07/24/2026,07/25/2026,2026-07-24,shipped,2
WO0004547,South-4,Office Supplies,07/24/2026,2026-07-25,2026-07-24,SHIPPED,2
WO0004548,South-4,Electronics,2026-07-24,07/27/2026,07/27/2026,SHIPPED,8
WO0004549,Midwest-2,Outdoor,2026-07-24,2026-07-27,2026-07-26,SHIPPED,1
WO0004550,Midwest-2,Office Supplies,2026-07-24,07/25/2026,2026-07-25, Shipped,4
WO0004551,Northeast-1,Electronics,2026-07-24,07/25/2026,07/25/2026,SHIPPED,5
WO0004552,South-4,Home Goods,2026-07-24,2026-07-27,2026-07-26,SHIPPED,2
WO0004553,Midwest-2,Office Supplies,07/24/2026,2026-07-26,07/31/2026,Delayed,11
WO0004554,Northeast-1,Electronics,07/24/2026,07/25/2026,,cancelled,4
WO0004555,Midwest-2,Outdoor,07/24/2026,2026-07-26,2026-07-25, Shipped,5
WO0004556,Northeast-1,Electronics,07/24/2026,07/27/2026,07/27/2026,Shipped,8
WO0004557,Northeast-1,Office Supplies,07/24/2026,2026-07-27,2026-07-27,SHIPPED,5
WO0004558,Northeast-1,Home Goods,07/24/2026,2026-07-25,2026-07-24,SHIPPED,4
WO0004559,South-4,Home Goods,2026-07-24,07/27/2026,2026-07-27,SHIPPED,3
WO0004560,South-4,Apparel,07/24/2026,2026-07-26,07/25/2026,SHIPPED,11
WO0004561,South-4,Outdoor,07/24/2026,2026-07-25,2026-07-24,Shipped,5
WO0004562,Midwest-2,Office Supplies,07/24/2026,2026-07-25,2026-07-25,SHIPPED,8
WO0004563,West-3,Home Goods,07/24/2026,07/27/2026,07/26/2026, Shipped,7
WO0004564,Northeast-1,Home Goods,2026-07-24,2026-07-25,07/24/2026,shipped,4
WO0004565,Northeast-1,Apparel,2026-07-24,2026-07-27,07/27/2026,SHIPPED,6
WO0004566,South-4,Electronics,2026-07-24,07/27/2026,07/27/2026,SHIPPED,5
WO0004567,Northeast-1,Office Supplies,07/24/2026,2026-07-27,07/26/2026,SHIPPED,10
WO0004568,Northeast-1,Home Goods,07/24/2026,07/27/2026,2026-07-27, Shipped,9
WO0004569,South-4,Apparel,07/24/2026,2026-07-27,2026-07-26,shipped,7
WO0004570,Northeast-1,Home Goods,2026-07-24,07/26/2026,2026-07-25,SHIPPED,7
WO0004571,South-4,Office Supplies,2026-07-24,07/26/2026,2026-07-25,Shipped,1
WO0004572,West-3,Home Goods,07/24/2026,2026-07-27,2026-07-26,shipped,2
WO0004573,Northeast-1,Home Goods,2026-07-24,07/27/2026,2026-07-27,shipped,5
WO0004574,Midwest-2,Outdoor,07/24/2026,2026-07-25,07/24/2026,SHIPPED,7
WO0004575,Midwest-2,Apparel,2026-07-24,2026-07-25,07/25/2026,shipped,8
WO0004576,Northeast-1,Outdoor,07/24/2026,2026-07-26,07/25/2026,shipped,9
WO0004577,Northeast-1,Electronics,2026-07-24,07/25/2026,07/24/2026,shipped,10
WO0004578,West-3,Home Goods,2026-07-24,2026-07-25,2026-07-25,SHIPPED,9
WO0004579,Midwest-2,Apparel,2026-07-24,07/26/2026,07/26/2026,SHIPPED,2
WO0004580,Midwest-2,Apparel,07/24/2026,07/25/2026,2026-07-25,shipped,11
WO0004581,West-3,Apparel,2026-07-24,2026-07-27,2026-07-27,shipped,1
WO0004582,West-3,Apparel,07/24/2026,2026-07-25,2026-07-25,Shipped,3
WO0004583,Northeast-1,Apparel,2026-07-24,07/25/2026,2026-07-25,Shipped,6
WO0004584,South-4,Outdoor,2026-07-24,2026-07-25,2026-07-25, Shipped,8
WO0004585,Northeast-1,Outdoor,2026-07-24,07/25/2026,07/24/2026,shipped,1
WO0004586,South-4,Apparel,07/24/2026,07/27/2026,2026-07-27,shipped,3
WO0004587,Northeast-1,Home Goods,07/24/2026,07/25/2026,07/24/2026,SHIPPED,4
WO0004588,West-3,Home Goods,07/24/2026,2026-07-25,2026-07-24,SHIPPED,6
WO0004589,West-3,Outdoor,07/24/2026,2026-07-25,,Delayed,4
WO0004590,Midwest-2,Outdoor,2026-07-24,2026-07-25,,Cancelled,8
WO0004591,West-3,Home Goods,2026-07-24,2026-07-25,2026-07-24, Shipped,5
WO0004592,Northeast-1,Home Goods,07/24/2026,07/25/2026,07/24/2026,Shipped,2
WO0004593,Midwest-2,Office Supplies,2026-07-24,07/26/2026,2026-07-26,shipped,1
WO0004594,Midwest-2,Home Goods,2026-07-24,07/26/2026,2026-07-26,shipped,1
WO0004595,Northeast-1,Home Goods,07/24/2026,07/27/2026,07/26/2026,SHIPPED,5
WO0004596,Northeast-1,Home Goods,07/24/2026,07/25/2026,07/25/2026, Shipped,10
WO0004597,South-4,Outdoor,07/24/2026,2026-07-26,07/26/2026,shipped,2
WO0004598,Midwest-2,Electronics,07/24/2026,2026-07-25,07/25/2026, Shipped,1
WO0004599,Midwest-2,Home Goods,07/24/2026,07/27/2026,2026-07-26, Shipped,8
WO0004600,West-3,Outdoor,07/24/2026,07/26/2026,07/26/2026,Shipped,8
WO0004601,Northeast-1,Office Supplies,2026-07-24,07/25/2026,07/25/2026, Shipped,10
WO0004602,West-3,Outdoor,07/24/2026,07/26/2026,2026-07-26,Shipped,7
WO0004603,West-3,Home Goods,2026-07-24,2026-07-26,2026-07-26,shipped,5
WO0004604,West-3,Outdoor,2026-07-24,2026-07-25,2026-07-24,Shipped,5
WO0004605,Northeast-1,Electronics,07/24/2026,07/27/2026,07/27/2026,shipped,7
WO0004606,Midwest-2,Office Supplies,2026-07-24,2026-07-27,07/27/2026,Shipped,2
WO0004607,South-4,Office Supplies,2026-07-24,2026-07-25,2026-07-24,shipped,1
WO0004608,West-3,Electronics,07/24/2026,2026-07-25,07/30/2026,Delayed,5
WO0004609,Northeast-1,Outdoor,2026-07-24,2026-07-27,2026-07-27,Shipped,3
WO0004610,Northeast-1,Office Supplies,07/24/2026,2026-07-26,2026-07-25,SHIPPED,8
WO0004611,Northeast-1,Outdoor,07/24/2026,2026-07-27,,DELAYED,6
WO0004612,West-3,Outdoor,07/24/2026,07/25/2026,,DELAYED,5
WO0004613,West-3,Office Supplies,2026-07-24,2026-07-25,,delayed,11
WO0004614,South-4,Outdoor,07/24/2026,07/25/2026,07/24/2026,shipped,1
WO0004615,Northeast-1,Office Supplies,07/24/2026,2026-07-27,07/27/2026,shipped,2
WO0004616,South-4,Apparel,2026-07-24,2026-07-26,07/25/2026,SHIPPED,8
WO0004617,Northeast-1,Office Supplies,2026-07-24,2026-07-27,08/01/2026,DELAYED,9
WO0004618,Northeast-1,Apparel,07/24/2026,07/27/2026,2026-07-26, Shipped,7
WO0004619,Midwest-2,Office Supplies,07/24/2026,2026-07-27,07/26/2026,Shipped,7
WO0004620,West-3,Apparel,07/24/2026,2026-07-25,07/24/2026,SHIPPED,4
WO0004621,South-4,Outdoor,07/24/2026,2026-07-27,2026-07-27,Shipped,1
WO0004622,South-4,Home Goods,07/24/2026,07/25/2026,,Delayed,5
WO0004623,West-3,Electronics,2026-07-24,07/25/2026,2026-07-25,SHIPPED,4
WO0004624,Midwest-2,Office Supplies,07/24/2026,07/26/2026,07/25/2026,Shipped,11
WO0004625,West-3,Electronics,07/24/2026,2026-07-26,07/25/2026,shipped,1
WO0004626,Northeast-1,Home Goods,2026-07-24,07/26/2026,2026-07-25,Shipped,10
WO0004627,Midwest-2,Apparel,07/24/2026,2026-07-26,2026-07-26,Shipped,11
WO0004628,Midwest-2,Outdoor,2026-07-24,07/26/2026,07/26/2026, Shipped,7
WO0004629,South-4,Electronics,2026-07-24,2026-07-25,2026-07-24,SHIPPED,7
WO0004630,Northeast-1,Home Goods,07/24/2026,07/27/2026,07/27/2026,Shipped,7
WO0004631,South-4,Electronics,2026-07-24,2026-07-26,2026-07-26,Shipped,4
WO0004632,West-3,Home Goods,07/24/2026,2026-07-25,2026-07-25,SHIPPED,4
WO0004633,Northeast-1,Electronics,07/24/2026,07/25/2026,07/29/2026,Delayed,2
WO0004634,South-4,Electronics,2026-07-24,07/26/2026,07/26/2026,Shipped,4
WO0004635,,Electronics,2026-07-24,07/26/2026,07/26/2026,Shipped,4
WO0004636,South-4,Apparel,2026-07-24,07/27/2026,2026-07-27,shipped,8
WO0004637,Midwest-2,Apparel,2026-07-25,07/27/2026,2026-07-27,SHIPPED,5
WO0004638,West-3,Electronics,07/25/2026,07/26/2026,07/26/2026,SHIPPED,1
WO0004639,Northeast-1,Electronics,07/25/2026,2026-07-27,,delayed,3
WO0004640,Midwest-2,Electronics,07/25/2026,2026-07-26,2026-07-25,shipped,7
WO0004641,Midwest-2,Electronics,2026-07-25,2026-07-27,2026-07-27,shipped,5
WO0004642,Midwest-2,Office Supplies,2026-07-25,07/28/2026,2026-07-27,SHIPPED,10
WO0004643,South-4,Electronics,07/25/2026,2026-07-28,2026-07-28,shipped,7
WO0004644,West-3,Outdoor,07/25/2026,07/26/2026,2026-07-26,shipped,6
WO0004645,Northeast-1,Apparel,07/25/2026,2026-07-28,2026-07-28,shipped,9
WO0004646,Midwest-2,Apparel,2026-07-25,2026-07-28,,delayed,3
WO0004647,South-4,Apparel,07/25/2026,2026-07-28,2026-07-28, Shipped,1
WO0004648,Midwest-2,Apparel,07/25/2026,2026-07-26,2026-07-26, Shipped,4
WO0004649,Northeast-1,Electronics,07/25/2026,2026-07-27,07/26/2026, Shipped,5
WO0004650,West-3,Office Supplies,2026-07-25,2026-07-26,07/26/2026,Shipped,4
WO0004651,Midwest-2,Office Supplies,07/25/2026,07/28/2026,2026-07-27,SHIPPED,4
WO0004652,West-3,Electronics,2026-07-25,07/28/2026,2026-07-27,Shipped,10
WO0004653,West-3,Outdoor,2026-07-25,2026-07-28,2026-07-28, Shipped,7
WO0004654,Northeast-1,Office Supplies,2026-07-25,2026-07-26,07/25/2026, Shipped,5
WO0004655,Midwest-2,Office Supplies,2026-07-25,2026-07-26,2026-07-25,Shipped,1
WO0004656,South-4,Outdoor,07/25/2026,07/28/2026,2026-07-27,SHIPPED,5
WO0004657,Midwest-2,Apparel,2026-07-25,07/26/2026,2026-07-25,SHIPPED,5
WO0004658,Northeast-1,Outdoor,07/25/2026,2026-07-28,2026-07-28,SHIPPED,5
WO0004659,Northeast-1,Office Supplies,07/25/2026,07/26/2026,2026-07-26, Shipped,11
WO0004660,Northeast-1,Home Goods,2026-07-25,2026-07-28,2026-07-27,shipped,5
WO0004661,South-4,Outdoor,07/25/2026,07/27/2026,07/27/2026,Shipped,10
WO0004662,Midwest-2,Office Supplies,2026-07-25,07/27/2026,07/26/2026,SHIPPED,7
WO0004663,South-4,Office Supplies,07/25/2026,07/26/2026,,delayed,7
WO0004664,Midwest-2,Apparel,07/25/2026,2026-07-26,07/25/2026, Shipped,6
WO0004665,South-4,Office Supplies,2026-07-25,07/27/2026,07/27/2026, Shipped,3
WO0004666,Midwest-2,Apparel,2026-07-25,2026-07-27,07/26/2026,SHIPPED,8
WO0004667,South-4,Home Goods,07/25/2026,07/28/2026,2026-07-28,Shipped,6
WO0004668,South-4,Electronics,07/25/2026,07/28/2026,2026-07-28, Shipped,5
WO0004669,Midwest-2,Apparel,2026-07-25,07/27/2026,07/27/2026,Shipped,8
WO0004670,Northeast-1,Apparel,07/25/2026,2026-07-27,07/26/2026, Shipped,5
WO0004671,South-4,Home Goods,07/25/2026,2026-07-27,2026-07-26,shipped,10
WO0004672,Midwest-2,Home Goods,2026-07-25,07/26/2026,07/25/2026, Shipped,7
WO0004673,South-4,Electronics,2026-07-25,2026-07-27,07/27/2026,SHIPPED,10
WO0004674,Midwest-2,Office Supplies,07/25/2026,2026-07-28,07/28/2026, Shipped,1
WO0004675,West-3,Outdoor,07/25/2026,2026-07-27,07/26/2026,Shipped,4
WO0004676,Midwest-2,Home Goods,07/25/2026,2026-07-28,07/28/2026,SHIPPED,1
WO0004677,West-3,Apparel,07/25/2026,2026-07-27,07/27/2026, Shipped,3
WO0004678,Northeast-1,Outdoor,2026-07-25,07/28/2026,2026-07-28,SHIPPED,6
WO0004679,Midwest-2,Electronics,2026-07-25,07/28/2026,2026-07-28, Shipped,1
WO0004680,South-4,Office Supplies,07/25/2026,2026-07-27,07/27/2026,SHIPPED,7
WO0004681,Northeast-1,Apparel,07/25/2026,2026-07-28,07/28/2026,shipped,5
WO0004682,Midwest-2,Outdoor,07/25/2026,2026-07-26,2026-07-25,SHIPPED,8
WO0004683,South-4,Home Goods,2026-07-25,07/26/2026,07/26/2026, Shipped,3
WO0004684,Northeast-1,Outdoor,07/25/2026,07/27/2026,,DELAYED,7
WO0004685,Northeast-1,Office Supplies,07/25/2026,2026-07-26,,Cancelled,2
WO0004686,South-4,Electronics,07/25/2026,07/26/2026,07/26/2026,shipped,9
WO0004687,Midwest-2,Home Goods,07/25/2026,2026-07-27,07/27/2026,shipped,1
WO0004688,Northeast-1,Electronics,07/25/2026,07/27/2026,07/26/2026, Shipped,4
WO0004689,Midwest-2,Home Goods,07/25/2026,2026-07-28,07/28/2026,shipped,8
WO0004690,West-3,Apparel,2026-07-25,07/28/2026,2026-07-27,shipped,7
WO0004691,West-3,Home Goods,2026-07-25,2026-07-26,07/26/2026, Shipped,6
WO0004692,South-4,Office Supplies,2026-07-25,2026-07-28,2026-07-28,Shipped,1
WO0004693,Northeast-1,Outdoor,2026-07-25,2026-07-27,07/27/2026, Shipped,10
WO0004694,Northeast-1,Outdoor,07/25/2026,2026-07-28,07/27/2026,Shipped,2
WO0004695,West-3,Home Goods,2026-07-25,2026-07-26,2026-07-26,shipped,3
WO0004696,West-3,Apparel,07/25/2026,2026-07-28,2026-07-27,Shipped,2
WO0004697,South-4,Electronics,07/25/2026,2026-07-26,07/26/2026,shipped,10
WO0004698,South-4,Apparel,2026-07-25,2026-07-27,2026-07-26,shipped,9
WO0004699,Midwest-2,Apparel,07/25/2026,07/26/2026,07/26/2026,Shipped,9
WO0004700,Midwest-2,Home Goods,07/25/2026,07/26/2026,2026-07-25,Shipped,9
WO0004701,Northeast-1,Outdoor,2026-07-25,2026-07-28,07/30/2026,delayed,11
WO0004702,Midwest-2,Office Supplies,07/25/2026,2026-07-27,07/26/2026,SHIPPED,2
WO0004703,Midwest-2,Home Goods,07/25/2026,07/28/2026,2026-07-28,shipped,5
WO0004704,South-4,Electronics,2026-07-25,07/27/2026,07/26/2026,SHIPPED,2
WO0004705,,Electronics,2026-07-25,07/27/2026,07/26/2026,SHIPPED,2
WO0004706,Midwest-2,Apparel,07/25/2026,2026-07-28,2026-07-27,SHIPPED,11
WO0004707,Midwest-2,Electronics,07/25/2026,07/27/2026,07/26/2026,Shipped,2
WO0004708,Midwest-2,Outdoor,2026-07-25,2026-07-28,07/27/2026,Shipped,2
WO0004709,Northeast-1,Electronics,2026-07-25,2026-07-27,07/27/2026, Shipped,11
WO0004710,Midwest-2,Home Goods,2026-07-25,2026-07-28,2026-07-28, Shipped,7
WO0004711,Midwest-2,Electronics,07/25/2026,2026-07-28,07/27/2026, Shipped,11
WO0004712,Midwest-2,Office Supplies,07/25/2026,07/28/2026,07/27/2026,shipped,10
WO0004713,South-4,Home Goods,07/25/2026,2026-07-26,07/25/2026, Shipped,4
WO0004714,Midwest-2,Home Goods,2026-07-25,2026-07-27,,DELAYED,10
WO0004715,Northeast-1,Outdoor,2026-07-25,07/26/2026,2026-07-25, Shipped,2
WO0004716,West-3,Electronics,07/25/2026,07/28/2026,07/28/2026,shipped,8
WO0004717,Midwest-2,Apparel,2026-07-25,2026-07-28,2026-07-28,shipped,5
WO0004718,Midwest-2,Home Goods,2026-07-25,07/28/2026,2026-07-28,SHIPPED,6
WO0004719,West-3,Apparel,2026-07-25,07/28/2026,07/28/2026,shipped,4
WO0004720,West-3,Outdoor,07/25/2026,2026-07-26,07/26/2026,SHIPPED,8
WO0004721,Midwest-2,Home Goods,07/25/2026,2026-07-27,2026-07-26,SHIPPED,8
WO0004722,Midwest-2,Home Goods,07/25/2026,2026-07-27,2026-07-26,SHIPPED,-1
WO0004723,Midwest-2,Home Goods,2026-07-25,2026-07-27,2026-07-28,Delayed,4
WO0004724,Midwest-2,Office Supplies,07/25/2026,2026-07-28,2026-07-28, Shipped,7
WO0004725,South-4,Electronics,2026-07-25,07/28/2026,2026-07-28,SHIPPED,7
WO0004726,West-3,Outdoor,07/25/2026,2026-07-28,2026-07-27,shipped,6
WO0004727,West-3,Outdoor,2026-07-25,2026-07-27,,Delayed,5
WO0004728,South-4,Office Supplies,2026-07-25,07/26/2026,07/25/2026,Shipped,2
WO0004729,West-3,Electronics,07/25/2026,07/27/2026,,DELAYED,7
WO0004730,West-3,Outdoor,07/25/2026,2026-07-26,2026-07-31,Delayed,5
WO0004731,Midwest-2,Home Goods,2026-07-25,2026-07-26,2026-07-25,shipped,4
WO0004732,,Home Goods,2026-07-25,2026-07-26,2026-07-25,shipped,4
WO0004733,South-4,Outdoor,2026-07-25,2026-07-26,2026-07-26,shipped,11
WO0004734,West-3,Office Supplies,07/25/2026,07/28/2026,07/28/2026,SHIPPED,2
WO0004735,West-3,Electronics,2026-07-25,07/27/2026,2026-07-26,Shipped,10
WO0004736,West-3,Electronics,2026-07-25,07/27/2026,2026-07-27,SHIPPED,7
WO0004737,Northeast-1,Outdoor,07/25/2026,07/28/2026,07/28/2026, Shipped,4
WO0004738,Midwest-2,Home Goods,07/25/2026,07/27/2026,2026-07-27,Shipped,4
WO0004739,Northeast-1,Office Supplies,07/25/2026,2026-07-26,07/26/2026, Shipped,2
WO0004740,South-4,Apparel,07/25/2026,07/26/2026,07/25/2026,Shipped,1
WO0004741,Northeast-1,Electronics,07/25/2026,2026-07-27,2026-07-27,SHIPPED,7
WO0004742,Midwest-2,Electronics,07/25/2026,07/27/2026,2026-07-26,shipped,2
WO0004743,Midwest-2,Office Supplies,07/25/2026,07/28/2026,07/28/2026,Shipped,2
WO0004744,South-4,Electronics,07/25/2026,2026-07-27,2026-07-26, Shipped,9
WO0004745,Northeast-1,Home Goods,07/25/2026,2026-07-28,07/27/2026,SHIPPED,10
WO0004746,South-4,Apparel,2026-07-25,07/28/2026,2026-07-28,Shipped,5
WO0004747,Northeast-1,Office Supplies,2026-07-25,07/27/2026,2026-07-27,SHIPPED,9
WO0004748,Northeast-1,Apparel,07/25/2026,07/28/2026,2026-07-28,SHIPPED,5
WO0004749,Midwest-2,Electronics,2026-07-25,07/28/2026,07/27/2026,Shipped,2
WO0004750,Midwest-2,Home Goods,07/25/2026,07/27/2026,2026-07-26, Shipped,10
WO0004751,Midwest-2,Office Supplies,2026-07-25,07/26/2026,2026-07-25,shipped,9
WO0004752,Midwest-2,Office Supplies,2026-07-25,2026-07-28,07/28/2026,Shipped,8
WO0004753,Northeast-1,Outdoor,07/25/2026,2026-07-27,07/27/2026,shipped,11
WO0004754,South-4,Home Goods,07/25/2026,2026-07-28,07/27/2026, Shipped,9
WO0004755,Midwest-2,Outdoor,2026-07-25,2026-07-26,,DELAYED,5
WO0004756,South-4,Outdoor,07/25/2026,07/27/2026,2026-07-26, Shipped,11
WO0004757,Northeast-1,Office Supplies,07/25/2026,2026-07-27,2026-07-27, Shipped,1
WO0004758,Midwest-2,Office Supplies,07/25/2026,2026-07-28,2026-07-27,shipped,11
WO0004759,Northeast-1,Apparel,07/25/2026,07/27/2026,07/27/2026,SHIPPED,7
WO0004760,West-3,Home Goods,2026-07-25,2026-07-27,2026-07-27,Shipped,5
WO0004761,Northeast-1,Office Supplies,07/25/2026,07/27/2026,2026-07-31,DELAYED,2
WO0004762,Midwest-2,Electronics,07/25/2026,07/28/2026,2026-07-27,shipped,2
WO0004763,South-4,Electronics,07/25/2026,2026-07-27,2026-07-26, Shipped,2
WO0004764,,Electronics,07/25/2026,2026-07-27,2026-07-26, Shipped,2
WO0004765,Northeast-1,Outdoor,07/25/2026,07/26/2026,2026-07-26, Shipped,6
WO0004766,South-4,Office Supplies,07/25/2026,2026-07-28,07/28/2026,SHIPPED,3
WO0004767,West-3,Office Supplies,07/25/2026,07/28/2026,07/28/2026, Shipped,1
WO0004768,South-4,Office Supplies,2026-07-25,07/27/2026,07/27/2026,Shipped,3
WO0004769,Midwest-2,Apparel,2026-07-25,07/28/2026,2026-07-27, Shipped,2
WO0004770,South-4,Office Supplies,07/25/2026,2026-07-27,,Delayed,11
WO0004771,Midwest-2,Apparel,2026-07-25,07/28/2026,2026-07-27, Shipped,5
WO0004772,South-4,Home Goods,2026-07-25,07/27/2026,07/27/2026,shipped,11
WO0004773,West-3,Home Goods,07/25/2026,2026-07-26,07/25/2026,Shipped,1
WO0004774,West-3,Outdoor,2026-07-25,07/27/2026,07/27/2026,SHIPPED,9
WO0004775,South-4,Electronics,2026-07-25,2026-07-27,07/26/2026,SHIPPED,10
WO0004776,West-3,Outdoor,2026-07-26,07/27/2026,07/26/2026,Shipped,7
WO0004777,West-3,Electronics,2026-07-26,2026-07-29,2026-07-28,shipped,3
WO0004778,South-4,Apparel,07/26/2026,07/28/2026,07/27/2026,Shipped,1
WO0004779,South-4,Home Goods,2026-07-26,07/27/2026,2026-07-27,Shipped,7
WO0004780,West-3,Office Supplies,07/26/2026,07/28/2026,07/31/2026,delayed,8
WO0004781,South-4,Apparel,2026-07-26,2026-07-29,2026-07-28, Shipped,8
WO0004782,South-4,Office Supplies,2026-07-26,07/29/2026,2026-07-29,Shipped,10
WO0004783,Northeast-1,Electronics,07/26/2026,07/28/2026,2026-07-28,shipped,10
WO0004784,West-3,Electronics,2026-07-26,2026-07-28,07/27/2026, Shipped,2
WO0004785,Midwest-2,Home Goods,07/26/2026,07/29/2026,2026-07-29, Shipped,1
WO0004786,West-3,Home Goods,2026-07-26,2026-07-28,07/27/2026, Shipped,9
WO0004787,Northeast-1,Outdoor,2026-07-26,2026-07-27,2026-07-26,shipped,5
WO0004788,Midwest-2,Apparel,2026-07-26,2026-07-29,2026-07-29,shipped,9
WO0004789,West-3,Home Goods,2026-07-26,07/29/2026,08/01/2026,Delayed,1
WO0004790,Northeast-1,Office Supplies,07/26/2026,2026-07-27,2026-07-27,shipped,4
WO0004791,Northeast-1,Apparel,07/26/2026,07/28/2026,2026-07-27,shipped,2
WO0004792,Midwest-2,Home Goods,2026-07-26,2026-07-27,07/27/2026,shipped,7
WO0004793,Midwest-2,Apparel,2026-07-26,07/29/2026,07/29/2026,SHIPPED,6
WO0004794,Midwest-2,Outdoor,07/26/2026,07/27/2026,,cancelled,2
WO0004795,West-3,Apparel,2026-07-26,07/27/2026,2026-07-26,Shipped,9
WO0004796,Northeast-1,Apparel,2026-07-26,2026-07-29,2026-07-29,Shipped,6
WO0004797,South-4,Outdoor,07/26/2026,2026-07-28,07/28/2026,shipped,6
WO0004798,Midwest-2,Electronics,07/26/2026,07/29/2026,07/29/2026,shipped,8
WO0004799,South-4,Home Goods,07/26/2026,2026-07-27,07/26/2026, Shipped,1
WO0004800,South-4,Electronics,2026-07-26,2026-07-29,2026-07-29,shipped,7
WO0004801,South-4,Office Supplies,07/26/2026,2026-07-27,2026-07-26, Shipped,5
WO0004802,West-3,Home Goods,07/26/2026,07/28/2026,07/27/2026,SHIPPED,7
WO0004803,South-4,Home Goods,2026-07-26,07/28/2026,2026-07-27, Shipped,11
WO0004804,Midwest-2,Electronics,2026-07-26,07/29/2026,2026-07-29,SHIPPED,2
WO0004805,Northeast-1,Outdoor,07/26/2026,2026-07-27,07/26/2026,shipped,3
WO0004806,Northeast-1,Electronics,2026-07-26,2026-07-29,07/28/2026,shipped,10
WO0004807,Northeast-1,Outdoor,2026-07-26,07/29/2026,07/28/2026,Shipped,9
WO0004808,South-4,Electronics,07/26/2026,07/29/2026,2026-07-28,Shipped,5
WO0004809,West-3,Office Supplies,2026-07-26,2026-07-28,07/28/2026,shipped,5
WO0004810,Northeast-1,Home Goods,2026-07-26,2026-07-29,2026-07-28,shipped,1
WO0004811,Midwest-2,Electronics,07/26/2026,07/29/2026,07/28/2026,SHIPPED,4
WO0004812,Midwest-2,Outdoor,2026-07-26,2026-07-29,2026-07-28,Shipped,9
WO0004813,Northeast-1,Home Goods,07/26/2026,2026-07-28,2026-07-27,shipped,7
WO0004814,West-3,Office Supplies,07/26/2026,07/27/2026,2026-07-26,SHIPPED,11
WO0004815,Midwest-2,Office Supplies,2026-07-26,07/29/2026,07/28/2026,SHIPPED,9
WO0004816,West-3,Electronics,2026-07-26,2026-07-28,2026-07-27,SHIPPED,11
WO0004817,Northeast-1,Apparel,07/26/2026,2026-07-28,2026-07-28,Shipped,9
WO0004818,Midwest-2,Electronics,2026-07-26,2026-07-28,2026-07-27,Shipped,7
WO0004818,Midwest-2,Electronics,2026-07-26,2026-07-28,2026-07-27,Shipped,7
WO0004819,West-3,Office Supplies,2026-07-26,2026-07-28,07/27/2026, Shipped,6
WO0004820,South-4,Home Goods,07/26/2026,07/27/2026,2026-07-26,shipped,3
WO0004821,South-4,Apparel,07/26/2026,2026-07-27,07/27/2026, Shipped,11
WO0004822,Midwest-2,Outdoor,2026-07-26,07/27/2026,07/26/2026, Shipped,1
WO0004823,Northeast-1,Apparel,2026-07-26,2026-07-27,2026-07-27,shipped,2
WO0004824,Midwest-2,Home Goods,2026-07-26,07/29/2026,07/28/2026, Shipped,6
WO0004825,South-4,Apparel,2026-07-26,2026-07-29,07/29/2026,shipped,4
WO0004826,South-4,Outdoor,07/26/2026,07/29/2026,2026-07-29,shipped,11
WO0004827,West-3,Home Goods,2026-07-26,2026-07-27,08/01/2026,Delayed,8
WO0004828,Midwest-2,Home Goods,07/26/2026,2026-07-28,2026-07-27, Shipped,2
WO0004829,Midwest-2,Home Goods,2026-07-26,07/27/2026,2026-08-01,Delayed,1
WO0004830,Northeast-1,Electronics,2026-07-26,2026-07-27,07/27/2026,Shipped,6
WO0004831,West-3,Electronics,07/26/2026,07/29/2026,07/28/2026,SHIPPED,7
WO0004831,West-3,Electronics,07/26/2026,07/29/2026,07/28/2026,SHIPPED,7
WO0004832,Northeast-1,Office Supplies,2026-07-26,2026-07-27,07/26/2026,SHIPPED,11
WO0004833,Northeast-1,Apparel,2026-07-26,07/28/2026,07/27/2026, Shipped,1
WO0004834,Midwest-2,Outdoor,07/26/2026,07/27/2026,,Delayed,11
WO0004835,Midwest-2,Home Goods,07/26/2026,2026-07-27,,DELAYED,6
WO0004836,Northeast-1,Office Supplies,07/26/2026,2026-07-29,,delayed,10
WO0004837,Northeast-1,Home Goods,2026-07-26,2026-07-28,07/28/2026,shipped,4
WO0004838,Northeast-1,Apparel,07/26/2026,2026-07-28,2026-07-27, Shipped,3
WO0004839,Midwest-2,Office Supplies,2026-07-26,2026-07-29,2026-07-29,Shipped,10
WO0004840,Midwest-2,Apparel,2026-07-26,07/27/2026,2026-07-27,SHIPPED,3
WO0004841,South-4,Outdoor,07/26/2026,2026-07-27,07/26/2026, Shipped,8
WO0004842,South-4,Home Goods,07/26/2026,07/27/2026,2026-07-27,Shipped,5
WO0004843,Midwest-2,Home Goods,2026-07-26,2026-07-27,07/27/2026,SHIPPED,6
WO0004844,Midwest-2,Outdoor,07/26/2026,2026-07-29,07/29/2026,shipped,8
WO0004845,West-3,Office Supplies,2026-07-26,07/28/2026,,cancelled,9
WO0004846,South-4,Electronics,07/26/2026,07/28/2026,07/27/2026,shipped,2
WO0004847,West-3,Office Supplies,07/26/2026,07/29/2026,07/29/2026, Shipped,7
WO0004848,West-3,Outdoor,07/26/2026,07/28/2026,2026-07-27,shipped,10
WO0004849,Northeast-1,Apparel,2026-07-26,07/27/2026,2026-07-26,shipped,10
WO0004850,Northeast-1,Home Goods,2026-07-26,2026-07-28,2026-07-27,shipped,10
WO0004851,West-3,Outdoor,2026-07-26,07/27/2026,2026-07-26, Shipped,4
WO0004852,Midwest-2,Apparel,07/26/2026,2026-07-27,07/26/2026, Shipped,8
WO0004853,Northeast-1,Electronics,2026-07-26,07/27/2026,07/27/2026, Shipped,3
WO0004854,South-4,Outdoor,2026-07-26,2026-07-29,2026-07-28,SHIPPED,11
WO0004855,Midwest-2,Electronics,2026-07-26,2026-07-29,2026-07-30,DELAYED,8
WO0004856,Northeast-1,Outdoor,07/26/2026,2026-07-28,07/28/2026,Shipped,9
WO0004857,Midwest-2,Electronics,2026-07-26,07/29/2026,,DELAYED,3
WO0004858,South-4,Home Goods,2026-07-26,2026-07-29,07/28/2026,Shipped,7
WO0004859,Midwest-2,Office Supplies,2026-07-26,2026-07-27,2026-07-26,Shipped,10
WO0004860,Midwest-2,Office Supplies,07/26/2026,07/28/2026,2026-07-28,SHIPPED,4
WO0004861,West-3,Electronics,2026-07-26,2026-07-28,07/27/2026,SHIPPED,8
WO0004862,Northeast-1,Office Supplies,07/26/2026,2026-07-27,2026-07-26,Shipped,4
WO0004863,Northeast-1,Electronics,07/26/2026,07/27/2026,2026-07-26,Shipped,7
WO0004864,South-4,Apparel,2026-07-26,2026-07-29,07/28/2026,SHIPPED,2
WO0004865,Northeast-1,Electronics,07/26/2026,07/28/2026,07/27/2026,shipped,4
WO0004866,Midwest-2,Office Supplies,2026-07-26,2026-07-27,2026-07-26, Shipped,5
WO0004867,Northeast-1,Home Goods,07/26/2026,07/29/2026,2026-07-28,Shipped,9
WO0004868,South-4,Office Supplies,2026-07-26,07/27/2026,07/27/2026,shipped,3
WO0004869,Midwest-2,Office Supplies,07/26/2026,07/29/2026,07/29/2026,SHIPPED,11
WO0004870,West-3,Electronics,07/26/2026,2026-07-29,2026-07-28,shipped,7
WO0004871,Northeast-1,Apparel,07/26/2026,07/28/2026,2026-07-28,shipped,9
WO0004872,Midwest-2,Home Goods,2026-07-26,07/28/2026,2026-07-30,DELAYED,8
WO0004873,Northeast-1,Office Supplies,07/26/2026,07/27/2026,07/26/2026, Shipped,9
WO0004873,Northeast-1,Office Supplies,07/26/2026,07/27/2026,07/26/2026, Shipped,9
WO0004874,Northeast-1,Electronics,07/26/2026,2026-07-27,2026-07-26,SHIPPED,4
WO0004875,South-4,Outdoor,07/26/2026,2026-07-29,,delayed,10
WO0004876,Midwest-2,Apparel,2026-07-26,07/27/2026,07/26/2026,shipped,8
WO0004877,Midwest-2,Outdoor,07/26/2026,2026-07-27,07/26/2026,SHIPPED,2
WO0004878,South-4,Outdoor,07/26/2026,2026-07-28,,DELAYED,4
WO0004879,West-3,Office Supplies,2026-07-26,07/29/2026,07/28/2026,SHIPPED,4
WO0004880,West-3,Office Supplies,07/26/2026,2026-07-27,2026-07-26,Shipped,4
WO0004881,Midwest-2,Apparel,2026-07-26,07/29/2026,2026-07-28,SHIPPED,4
WO0004882,West-3,Home Goods,2026-07-26,07/28/2026,07/28/2026,Shipped,11
WO0004883,Northeast-1,Apparel,2026-07-26,07/29/2026,07/29/2026, Shipped,4
WO0004884,South-4,Office Supplies,07/26/2026,2026-07-29,07/28/2026, Shipped,9
WO0004885,Midwest-2,Outdoor,07/26/2026,07/28/2026,07/28/2026,SHIPPED,5
WO0004886,Northeast-1,Outdoor,2026-07-26,07/29/2026,,delayed,6
WO0004887,Midwest-2,Outdoor,2026-07-26,07/28/2026,2026-07-28, Shipped,2
WO0004888,South-4,Electronics,2026-07-26,07/27/2026,07/27/2026,SHIPPED,11
WO0004889,Northeast-1,Electronics,07/26/2026,2026-07-29,07/29/2026, Shipped,3
WO0004890,Northeast-1,Electronics,07/26/2026,07/28/2026,07/28/2026,SHIPPED,2
WO0004891,Northeast-1,Office Supplies,2026-07-26,07/28/2026,07/28/2026,shipped,8
WO0004892,South-4,Electronics,07/26/2026,2026-07-27,2026-07-26,shipped,2
WO0004893,Northeast-1,Electronics,2026-07-26,07/27/2026,2026-07-26,Shipped,9
WO0004894,Midwest-2,Apparel,2026-07-26,2026-07-28,2026-07-28, Shipped,8
WO0004895,West-3,Office Supplies,2026-07-26,2026-07-27,2026-07-26,shipped,1
WO0004896,Midwest-2,Office Supplies,2026-07-26,07/27/2026,2026-07-27, Shipped,9
WO0004897,Northeast-1,Outdoor,2026-07-26,07/27/2026,07/26/2026,SHIPPED,3
WO0004898,Midwest-2,Electronics,2026-07-26,07/28/2026,07/27/2026,Shipped,5
WO0004899,Northeast-1,Home Goods,2026-07-26,07/28/2026,2026-07-27,SHIPPED,10
WO0004900,Midwest-2,Office Supplies,07/26/2026,07/28/2026,2026-07-27, Shipped,1
WO0004901,Northeast-1,Apparel,2026-07-26,07/27/2026,2026-07-27,SHIPPED,5
WO0004902,Midwest-2,Office Supplies,2026-07-26,2026-07-29,07/29/2026,SHIPPED,1
WO0004903,Northeast-1,Outdoor,2026-07-26,07/29/2026,07/29/2026,shipped,6
WO0004904,West-3,Office Supplies,2026-07-26,07/27/2026,07/26/2026,SHIPPED,2
WO0004905,South-4,Home Goods,07/26/2026,2026-07-28,2026-07-27,shipped,11
WO0004905,South-4,Home Goods,07/26/2026,2026-07-28,2026-07-27,shipped,11
WO0004906,Midwest-2,Apparel,07/26/2026,2026-07-28,2026-07-27,shipped,1
WO0004907,West-3,Electronics,07/26/2026,2026-07-29,07/28/2026,shipped,3
WO0004908,Northeast-1,Outdoor,07/27/2026,07/30/2026,2026-07-29, Shipped,10
WO0004909,Midwest-2,Electronics,07/27/2026,07/30/2026,07/30/2026, Shipped,6
WO0004910,West-3,Home Goods,07/27/2026,2026-07-29,2026-07-29, Shipped,6
WO0004911,South-4,Electronics,07/27/2026,07/29/2026,2026-07-28,SHIPPED,8
WO0004912,Northeast-1,Apparel,2026-07-27,2026-07-28,2026-07-28, Shipped,6
WO0004913,Midwest-2,Home Goods,2026-07-27,07/28/2026,07/27/2026,Shipped,11
WO0004914,Northeast-1,Electronics,2026-07-27,2026-07-29,2026-07-29,SHIPPED,8
WO0004915,South-4,Apparel,07/27/2026,2026-07-30,2026-07-29,shipped,3
WO0004916,Midwest-2,Apparel,07/27/2026,2026-07-30,07/30/2026,shipped,7
WO0004917,Midwest-2,Electronics,07/27/2026,2026-07-29,2026-07-28,shipped,7
WO0004918,South-4,Outdoor,07/27/2026,07/30/2026,2026-07-29,shipped,1
WO0004919,West-3,Office Supplies,07/27/2026,07/30/2026,07/29/2026,SHIPPED,4
WO0004920,Northeast-1,Office Supplies,07/27/2026,2026-07-29,07/28/2026,SHIPPED,5
WO0004921,West-3,Apparel,07/27/2026,07/30/2026,2026-07-30,SHIPPED,5
WO0004922,South-4,Outdoor,07/27/2026,2026-07-29,07/29/2026, Shipped,9
WO0004923,Midwest-2,Outdoor,07/27/2026,2026-07-28,07/28/2026,Shipped,1
WO0004923,Midwest-2,Outdoor,07/27/2026,2026-07-28,07/28/2026,Shipped,1
WO0004924,South-4,Electronics,07/27/2026,07/29/2026,07/29/2026,Shipped,8
WO0004925,South-4,Home Goods,2026-07-27,2026-07-28,2026-07-28,shipped,2
WO0004926,Northeast-1,Electronics,07/27/2026,07/28/2026,2026-07-28,Shipped,3
WO0004927,South-4,Home Goods,2026-07-27,2026-07-28,2026-07-28,SHIPPED,4
WO0004928,Northeast-1,Apparel,07/27/2026,07/30/2026,,DELAYED,1
WO0004929,Midwest-2,Apparel,07/27/2026,07/29/2026,2026-07-28, Shipped,5
WO0004930,Midwest-2,Home Goods,2026-07-27,07/28/2026,2026-07-27, Shipped,11
WO0004931,Northeast-1,Outdoor,07/27/2026,2026-07-29,2026-07-28, Shipped,9
WO0004932,Northeast-1,Office Supplies,07/27/2026,2026-07-29,2026-07-28,SHIPPED,2
WO0004933,Northeast-1,Electronics,2026-07-27,2026-07-28,07/27/2026,Shipped,1
WO0004934,Northeast-1,Outdoor,2026-07-27,07/28/2026,2026-07-28,Shipped,3
WO0004935,Midwest-2,Outdoor,07/27/2026,07/30/2026,2026-07-29, Shipped,2
WO0004936,South-4,Outdoor,07/27/2026,2026-07-28,2026-07-28, Shipped,10
WO0004937,Midwest-2,Home Goods,07/27/2026,07/29/2026,2026-07-29,Shipped,11
WO0004938,South-4,Office Supplies,2026-07-27,07/29/2026,2026-07-29,shipped,3
WO0004939,Northeast-1,Outdoor,2026-07-27,07/30/2026,07/30/2026,SHIPPED,10
WO0004940,Northeast-1,Office Supplies,2026-07-27,07/28/2026,,Delayed,5
WO0004941,Northeast-1,Office Supplies,07/27/2026,2026-07-28,07/27/2026,Shipped,6
WO0004942,West-3,Office Supplies,07/27/2026,07/30/2026,2026-07-29,Shipped,4
WO0004943,South-4,Apparel,2026-07-27,07/29/2026,07/29/2026,Shipped,2
WO0004944,West-3,Home Goods,07/27/2026,2026-07-28,07/31/2026,DELAYED,4
WO0004945,Northeast-1,Electronics,07/27/2026,2026-07-30,,delayed,11
WO0004946,South-4,Apparel,07/27/2026,07/28/2026,2026-07-28,Shipped,9
WO0004947,Northeast-1,Outdoor,2026-07-27,07/29/2026,,cancelled,10
WO0004948,South-4,Apparel,2026-07-27,07/29/2026,2026-07-29, Shipped,4
WO0004949,Midwest-2,Outdoor,2026-07-27,2026-07-29,07/28/2026,SHIPPED,3
WO0004950,West-3,Home Goods,2026-07-27,2026-07-29,2026-07-29, Shipped,11
WO0004951,Midwest-2,Office Supplies,07/27/2026,07/29/2026,2026-07-28,Shipped,2
WO0004952,Midwest-2,Apparel,07/27/2026,2026-07-29,2026-07-28, Shipped,3
WO0004953,West-3,Apparel,2026-07-27,2026-07-28,2026-07-27,SHIPPED,9
WO0004954,Northeast-1,Home Goods,07/27/2026,2026-07-30,2026-07-30,Shipped,9
WO0004955,Midwest-2,Outdoor,2026-07-27,2026-07-30,07/30/2026,Shipped,6
WO0004956,Midwest-2,Electronics,07/27/2026,2026-07-29,2026-07-29, Shipped,3
WO0004957,West-3,Apparel,2026-07-27,07/30/2026,2026-07-29,shipped,9
WO0004958,Northeast-1,Apparel,07/27/2026,2026-07-28,07/28/2026,shipped,10
WO0004959,South-4,Home Goods,2026-07-27,07/28/2026,2026-08-01,delayed,6
WO0004960,South-4,Office Supplies,2026-07-27,07/30/2026,07/30/2026,shipped,9
WO0004961,South-4,Outdoor,07/27/2026,07/30/2026,2026-07-29,SHIPPED,3
WO0004962,South-4,Apparel,07/27/2026,07/28/2026,2026-07-28,shipped,9
WO0004963,South-4,Home Goods,07/27/2026,07/29/2026,2026-07-28,shipped,10
WO0004964,West-3,Apparel,07/27/2026,2026-07-30,,DELAYED,11
WO0004965,South-4,Home Goods,2026-07-27,2026-07-28,07/28/2026,Shipped,9
WO0004966,South-4,Electronics,07/27/2026,2026-07-28,07/27/2026,Shipped,6
WO0004967,West-3,Outdoor,2026-07-27,2026-07-28,07/27/2026,Shipped,3
WO0004968,West-3,Electronics,07/27/2026,07/29/2026,2026-07-29,Shipped,5
WO0004969,South-4,Home Goods,07/27/2026,07/28/2026,2026-07-28, Shipped,2
WO0004970,Northeast-1,Apparel,07/27/2026,2026-07-29,07/28/2026, Shipped,3
WO0004971,Northeast-1,Electronics,2026-07-27,07/29/2026,2026-07-28,Shipped,1
WO0004972,Northeast-1,Office Supplies,07/27/2026,07/30/2026,2026-07-30,shipped,9
WO0004973,West-3,Apparel,2026-07-27,2026-07-29,07/28/2026,SHIPPED,3
WO0004974,South-4,Electronics,07/27/2026,2026-07-30,07/30/2026,SHIPPED,3
WO0004975,South-4,Outdoor,07/27/2026,07/30/2026,07/29/2026,shipped,7
WO0004976,South-4,Home Goods,07/27/2026,07/28/2026,2026-07-27,Shipped,6
WO0004977,West-3,Office Supplies,2026-07-27,07/29/2026,07/29/2026,shipped,4
WO0004978,West-3,Home Goods,07/27/2026,07/30/2026,07/30/2026,shipped,1
WO0004979,Northeast-1,Outdoor,07/27/2026,07/29/2026,07/31/2026,DELAYED,4
WO0004980,West-3,Apparel,2026-07-27,07/28/2026,2026-07-27, Shipped,10
WO0004981,South-4,Apparel,07/27/2026,2026-07-28,2026-07-28, Shipped,9
WO0004982,Northeast-1,Office Supplies,07/27/2026,2026-07-30,2026-07-29,SHIPPED,5
WO0004982,Northeast-1,Office Supplies,07/27/2026,2026-07-30,2026-07-29,SHIPPED,5
WO0004983,Midwest-2,Home Goods,07/27/2026,07/28/2026,2026-07-27,shipped,11
WO0004984,Northeast-1,Office Supplies,07/27/2026,07/28/2026,07/28/2026,Shipped,7
WO0004985,West-3,Home Goods,07/27/2026,2026-07-30,07/29/2026,SHIPPED,6
WO0004986,Northeast-1,Electronics,2026-07-27,2026-07-29,07/28/2026,Shipped,10
WO0004987,South-4,Apparel,2026-07-27,07/30/2026,2026-07-29, Shipped,3
WO0004988,West-3,Apparel,07/27/2026,2026-07-30,07/30/2026,SHIPPED,10
WO0004989,Northeast-1,Home Goods,07/27/2026,2026-07-28,2026-07-28,shipped,8
WO0004990,West-3,Office Supplies,2026-07-27,2026-07-30,07/30/2026,SHIPPED,9
WO0004991,Northeast-1,Outdoor,07/27/2026,2026-07-29,07/28/2026,SHIPPED,3
WO0004992,West-3,Electronics,07/27/2026,2026-07-29,2026-07-29,Shipped,8
WO0004993,Northeast-1,Office Supplies,2026-07-27,2026-07-28,2026-07-27,SHIPPED,6
WO0004994,West-3,Apparel,07/27/2026,2026-07-30,07/30/2026,SHIPPED,9
WO0004995,Northeast-1,Outdoor,07/27/2026,2026-07-29,2026-07-29,Shipped,7
WO0004996,South-4,Outdoor,07/27/2026,07/28/2026,2026-07-27,SHIPPED,8
WO0004997,South-4,Outdoor,07/27/2026,07/30/2026,07/30/2026,Shipped,5
WO0004998,West-3,Office Supplies,2026-07-27,07/28/2026,07/28/2026,shipped,5
WO0004999,South-4,Electronics,2026-07-27,07/28/2026,2026-07-27,SHIPPED,8
WO0005000,Northeast-1,Office Supplies,2026-07-27,07/28/2026,2026-07-28, Shipped,6
WO0005001,South-4,Office Supplies,2026-07-27,07/29/2026,07/29/2026,shipped,2
WO0005002,Northeast-1,Home Goods,2026-07-27,2026-07-30,08/03/2026,delayed,3
WO0005003,Northeast-1,Office Supplies,07/27/2026,2026-07-30,07/29/2026, Shipped,8
WO0005004,South-4,Home Goods,07/27/2026,07/30/2026,07/30/2026,SHIPPED,11
WO0005005,South-4,Office Supplies,07/27/2026,2026-07-30,07/30/2026,shipped,7
WO0005006,Northeast-1,Office Supplies,07/27/2026,2026-07-29,2026-07-29,SHIPPED,7
WO0005007,South-4,Apparel,2026-07-27,2026-07-30,07/29/2026, Shipped,8
WO0005008,South-4,Home Goods,2026-07-27,2026-07-29,2026-07-28,SHIPPED,7
WO0005009,Northeast-1,Outdoor,2026-07-27,2026-07-28,07/27/2026,SHIPPED,5
WO0005010,South-4,Office Supplies,2026-07-27,2026-07-29,07/28/2026,SHIPPED,1
WO0005011,Northeast-1,Apparel,07/27/2026,07/29/2026,2026-07-28,Shipped,3
WO0005012,West-3,Electronics,2026-07-27,2026-07-30,07/30/2026, Shipped,8
WO0005013,Northeast-1,Office Supplies,07/27/2026,07/28/2026,2026-08-01,DELAYED,10
WO0005014,Midwest-2,Electronics,07/27/2026,2026-07-29,2026-07-28, Shipped,4
WO0005015,Northeast-1,Outdoor,07/27/2026,07/29/2026,2026-07-28,Shipped,6
WO0005016,South-4,Outdoor,2026-07-27,2026-07-30,2026-07-30,SHIPPED,7
WO0005017,Northeast-1,Apparel,07/27/2026,07/29/2026,2026-07-28,Shipped,1
WO0005018,South-4,Electronics,07/27/2026,07/28/2026,2026-07-28,SHIPPED,10
WO0005019,South-4,Apparel,2026-07-27,2026-07-29,07/31/2026,Delayed,8
WO0005020,Northeast-1,Office Supplies,2026-07-27,07/29/2026,07/29/2026,shipped,1
WO0005021,West-3,Home Goods,2026-07-27,2026-07-29,2026-07-29,shipped,4
WO0005022,South-4,Outdoor,2026-07-27,2026-07-30,2026-07-29,shipped,4
WO0005023,Northeast-1,Office Supplies,2026-07-27,07/28/2026,07/27/2026, Shipped,5
WO0005024,West-3,Electronics,07/27/2026,2026-07-30,07/30/2026,SHIPPED,10
WO0005025,Midwest-2,Home Goods,07/27/2026,07/30/2026,07/30/2026,shipped,10
WO0005026,West-3,Outdoor,07/27/2026,2026-07-28,2026-07-28,shipped,10
WO0005027,South-4,Home Goods,2026-07-27,2026-07-28,07/28/2026,shipped,2
WO0005028,West-3,Electronics,07/27/2026,2026-07-28,2026-07-28, Shipped,4
WO0005029,Midwest-2,Apparel,07/27/2026,2026-07-28,2026-07-28, Shipped,4
WO0005030,West-3,Home Goods,07/27/2026,2026-07-28,07/28/2026,SHIPPED,3
WO0005031,West-3,Electronics,2026-07-27,2026-07-30,07/30/2026,Shipped,1
WO0005032,South-4,Outdoor,2026-07-27,07/29/2026,07/28/2026,shipped,8
WO0005033,South-4,Outdoor,07/27/2026,2026-07-28,2026-07-27,SHIPPED,9
WO0005034,Midwest-2,Apparel,07/27/2026,07/29/2026,07/28/2026,SHIPPED,6
WO0005035,West-3,Outdoor,07/27/2026,07/30/2026,2026-07-29,SHIPPED,4
WO0005036,South-4,Home Goods,2026-07-27,2026-07-29,2026-07-29,SHIPPED,5
WO0005037,South-4,Office Supplies,07/27/2026,07/28/2026,07/28/2026, Shipped,7
WO0005038,Northeast-1,Office Supplies,07/27/2026,07/28/2026,07/27/2026,shipped,7
WO0005039,Midwest-2,Electronics,07/27/2026,2026-07-29,2026-07-28,Shipped,5
WO0005040,Northeast-1,Office Supplies,2026-07-27,2026-07-30,07/29/2026, Shipped,2
WO0005041,West-3,Home Goods,2026-07-27,07/28/2026,07/27/2026,SHIPPED,1
WO0005042,Midwest-2,Apparel,2026-07-27,2026-07-29,07/29/2026, Shipped,9
WO0005043,South-4,Home Goods,07/27/2026,07/29/2026,,Delayed,11
WO0005044,West-3,Outdoor,2026-07-27,07/29/2026,07/28/2026,SHIPPED,2
WO0005045,Northeast-1,Electronics,2026-07-27,2026-07-28,2026-07-28, Shipped,3
WO0005045,Northeast-1,Electronics,2026-07-27,2026-07-28,2026-07-28, Shipped,3
WO0005046,Midwest-2,Electronics,2026-07-27,07/29/2026,2026-08-01,DELAYED,4
WO0005047,Northeast-1,Home Goods,2026-07-27,2026-07-30,07/29/2026, Shipped,3
WO0005048,Northeast-1,Outdoor,2026-07-27,2026-07-29,07/28/2026, Shipped,9
WO0005049,Midwest-2,Electronics,2026-07-27,07/30/2026,07/29/2026,Shipped,4
WO0005050,Midwest-2,Apparel,2026-07-27,07/29/2026,07/29/2026,shipped,6
WO0005051,Northeast-1,Apparel,2026-07-27,07/30/2026,07/30/2026,SHIPPED,2
WO0005052,South-4,Home Goods,07/27/2026,2026-07-28,2026-07-27,Shipped,2
WO0005053,Midwest-2,Outdoor,2026-07-27,07/30/2026,2026-07-31,Delayed,11
WO0005054,South-4,Electronics,07/27/2026,07/29/2026,2026-07-28, Shipped,11
WO0005055,West-3,Outdoor,07/27/2026,2026-07-29,07/29/2026, Shipped,7
WO0005056,Northeast-1,Home Goods,07/27/2026,07/30/2026,2026-07-29,Shipped,8
WO0005057,South-4,Outdoor,2026-07-27,07/30/2026,2026-07-30, Shipped,2
WO0005058,Midwest-2,Apparel,2026-07-28,07/29/2026,2026-08-02,delayed,2
WO0005059,South-4,Electronics,07/28/2026,2026-07-29,2026-07-28, Shipped,1
WO0005060,Northeast-1,Office Supplies,2026-07-28,2026-07-30,,DELAYED,4
WO0005061,West-3,Office Supplies,2026-07-28,07/29/2026,2026-07-28,SHIPPED,10
WO0005062,Northeast-1,Electronics,2026-07-28,2026-07-30,2026-08-03,DELAYED,8
WO0005063,West-3,Office Supplies,2026-07-28,07/29/2026,2026-07-28,SHIPPED,2
WO0005064,West-3,Home Goods,2026-07-28,2026-07-30,07/29/2026, Shipped,9
WO0005065,South-4,Office Supplies,2026-07-28,07/29/2026,2026-07-29,shipped,1
WO0005066,West-3,Outdoor,07/28/2026,07/31/2026,07/30/2026,shipped,3
WO0005067,Northeast-1,Office Supplies,2026-07-28,2026-07-31,2026-07-31,Shipped,6
WO0005068,Midwest-2,Outdoor,07/28/2026,07/31/2026,2026-07-31,SHIPPED,3
WO0005069,West-3,Outdoor,2026-07-28,2026-07-29,07/28/2026,SHIPPED,6
WO0005070,Northeast-1,Outdoor,07/28/2026,07/30/2026,,Delayed,2
WO0005071,West-3,Home Goods,2026-07-28,2026-07-31,07/30/2026,SHIPPED,7
WO0005072,Midwest-2,Outdoor,2026-07-28,2026-07-30,07/29/2026,shipped,10
WO0005073,Northeast-1,Home Goods,2026-07-28,07/29/2026,2026-07-29, Shipped,11
WO0005074,Midwest-2,Electronics,07/28/2026,07/30/2026,2026-07-30,Shipped,9
WO0005075,West-3,Office Supplies,2026-07-28,2026-07-30,2026-07-29,SHIPPED,7
WO0005075,West-3,Office Supplies,2026-07-28,2026-07-30,2026-07-29,SHIPPED,7
WO0005076,Midwest-2,Home Goods,2026-07-28,07/31/2026,07/30/2026,Shipped,6
WO0005077,South-4,Electronics,2026-07-28,07/30/2026,2026-07-29,SHIPPED,2
WO0005078,West-3,Electronics,2026-07-28,2026-07-29,07/28/2026,SHIPPED,8
WO0005079,Midwest-2,Apparel,07/28/2026,07/29/2026,07/28/2026,shipped,4
WO0005080,South-4,Apparel,07/28/2026,2026-07-29,07/29/2026,Shipped,3
WO0005081,Midwest-2,Outdoor,07/28/2026,07/31/2026,2026-07-31,shipped,1
WO0005082,West-3,Outdoor,07/28/2026,07/30/2026,07/29/2026,Shipped,1
WO0005083,South-4,Apparel,07/28/2026,2026-07-29,07/28/2026,Shipped,2
WO0005084,South-4,Home Goods,07/28/2026,07/31/2026,2026-07-30,Shipped,10
WO0005085,Northeast-1,Outdoor,2026-07-28,07/29/2026,2026-07-29,shipped,7
WO0005086,South-4,Apparel,2026-07-28,2026-07-30,2026-07-29,SHIPPED,8
WO0005087,West-3,Outdoor,07/28/2026,2026-07-29,2026-07-28,Shipped,9
WO0005088,South-4,Electronics,07/28/2026,07/31/2026,2026-07-31,SHIPPED,2
WO0005089,Northeast-1,Apparel,2026-07-28,2026-07-31,2026-07-30,SHIPPED,2
WO0005090,Northeast-1,Apparel,07/28/2026,07/29/2026,2026-07-28,shipped,5
WO0005091,South-4,Electronics,07/28/2026,2026-07-31,2026-07-30,Shipped,2
WO0005092,Midwest-2,Electronics,07/28/2026,07/29/2026,07/29/2026,Shipped,6
WO0005093,Midwest-2,Outdoor,07/28/2026,07/31/2026,07/31/2026, Shipped,3
WO0005094,Northeast-1,Electronics,07/28/2026,07/30/2026,2026-07-29,shipped,9
WO0005095,South-4,Electronics,07/28/2026,07/31/2026,2026-07-31,Shipped,11
WO0005096,West-3,Outdoor,2026-07-28,2026-07-30,2026-07-29,shipped,6
WO0005097,South-4,Home Goods,07/28/2026,07/29/2026,07/28/2026,shipped,10
WO0005098,Northeast-1,Office Supplies,2026-07-28,2026-07-31,2026-07-31,shipped,7
WO0005099,West-3,Home Goods,2026-07-28,2026-07-29,2026-07-30,DELAYED,1
WO0005100,Northeast-1,Office Supplies,07/28/2026,2026-07-29,2026-07-28,shipped,5
WO0005100,Northeast-1,Office Supplies,07/28/2026,2026-07-29,2026-07-28,shipped,5
WO0005101,Northeast-1,Apparel,07/28/2026,2026-07-31,,DELAYED,5
WO0005102,Northeast-1,Office Supplies,07/28/2026,2026-07-30,2026-07-30,shipped,5
WO0005103,Northeast-1,Electronics,07/28/2026,07/29/2026,08/01/2026,Delayed,2
WO0005104,South-4,Apparel,2026-07-28,07/30/2026,2026-07-29,shipped,4
WO0005105,Midwest-2,Outdoor,2026-07-28,07/30/2026,07/30/2026,SHIPPED,5
WO0005106,South-4,Apparel,07/28/2026,07/31/2026,07/31/2026, Shipped,9
WO0005107,Midwest-2,Office Supplies,2026-07-28,2026-07-29,2026-07-29,SHIPPED,5
WO0005108,South-4,Electronics,2026-07-28,07/29/2026,07/29/2026,Shipped,7
WO0005109,Northeast-1,Apparel,07/28/2026,07/31/2026,2026-07-30, Shipped,3
WO0005110,Northeast-1,Home Goods,2026-07-28,07/30/2026,2026-07-30,Shipped,4
WO0005111,Midwest-2,Office Supplies,2026-07-28,2026-07-31,07/30/2026,SHIPPED,11
WO0005112,Midwest-2,Electronics,2026-07-28,07/29/2026,07/28/2026,shipped,8
WO0005113,South-4,Outdoor,07/28/2026,07/31/2026,2026-07-30,shipped,11
WO0005114,Northeast-1,Home Goods,2026-07-28,07/30/2026,,DELAYED,8
WO0005115,South-4,Outdoor,07/28/2026,2026-07-30,2026-08-04,DELAYED,1
WO0005116,Midwest-2,Electronics,2026-07-28,2026-07-30,2026-07-29,Shipped,3
WO0005117,South-4,Home Goods,2026-07-28,2026-07-30,07/29/2026,shipped,1
WO0005118,Northeast-1,Electronics,2026-07-28,07/30/2026,07/29/2026,Shipped,4
WO0005119,West-3,Office Supplies,07/28/2026,2026-07-30,2026-07-29,SHIPPED,2
WO0005120,West-3,Office Supplies,07/28/2026,2026-07-30,2026-07-29,SHIPPED,-1
WO0005121,South-4,Office Supplies,2026-07-28,2026-07-29,2026-07-29,SHIPPED,7
WO0005122,West-3,Apparel,2026-07-28,07/31/2026,07/30/2026,Shipped,6
WO0005123,South-4,Electronics,2026-07-28,07/30/2026,07/29/2026,SHIPPED,10
WO0005124,West-3,Apparel,2026-07-28,2026-07-29,07/28/2026,SHIPPED,8
WO0005125,West-3,Office Supplies,07/28/2026,2026-07-31,,cancelled,5
WO0005126,West-3,Office Supplies,07/28/2026,2026-07-31,,cancelled,-1
WO0005127,Northeast-1,Apparel,2026-07-28,2026-07-29,2026-07-29,Shipped,4
WO0005128,Midwest-2,Electronics,2026-07-28,07/31/2026,08/02/2026,delayed,7
WO0005129,West-3,Outdoor,07/28/2026,2026-07-31,,Delayed,10
WO0005130,Northeast-1,Office Supplies,2026-07-28,07/29/2026,2026-07-29, Shipped,7
WO0005131,Northeast-1,Electronics,07/28/2026,2026-07-31,2026-07-30, Shipped,1
WO0005132,South-4,Apparel,2026-07-28,07/30/2026,2026-07-29, Shipped,9
WO0005133,South-4,Electronics,07/28/2026,07/29/2026,07/28/2026, Shipped,8
WO0005134,Midwest-2,Apparel,07/28/2026,2026-07-31,2026-08-03,delayed,5
WO0005135,Northeast-1,Outdoor,2026-07-28,2026-07-30,07/29/2026,Shipped,4
WO0005136,West-3,Office Supplies,2026-07-28,2026-07-29,07/28/2026,Shipped,2
WO0005137,West-3,Apparel,07/28/2026,2026-07-29,07/29/2026,Shipped,10
WO0005138,West-3,Outdoor,07/28/2026,2026-07-29,07/29/2026,shipped,9
WO0005139,Northeast-1,Home Goods,2026-07-28,07/31/2026,07/31/2026,shipped,2
WO0005140,Northeast-1,Apparel,07/28/2026,07/29/2026,2026-07-29, Shipped,10
WO0005141,South-4,Apparel,2026-07-28,2026-07-31,2026-07-31,shipped,1
WO0005142,Midwest-2,Electronics,2026-07-28,2026-07-31,2026-07-30,Shipped,1
WO0005143,South-4,Outdoor,07/28/2026,07/31/2026,2026-07-31,SHIPPED,11
WO0005144,West-3,Home Goods,2026-07-28,2026-07-30,07/30/2026,shipped,6
WO0005145,South-4,Electronics,2026-07-28,07/30/2026,07/29/2026,Shipped,10
WO0005146,South-4,Home Goods,2026-07-28,07/30/2026,07/30/2026,Shipped,10
WO0005147,South-4,Outdoor,07/28/2026,2026-07-30,,Cancelled,6
WO0005148,Northeast-1,Office Supplies,07/28/2026,2026-07-31,2026-07-31,shipped,8
WO0005149,Midwest-2,Outdoor,2026-07-28,2026-07-30,2026-07-30,shipped,8
WO0005150,Northeast-1,Outdoor,07/28/2026,2026-07-29,,delayed,6
WO0005151,Northeast-1,Outdoor,07/28/2026,2026-07-30,2026-07-30,Shipped,10
WO0005152,Midwest-2,Apparel,07/28/2026,07/30/2026,07/30/2026, Shipped,10
WO0005153,South-4,Outdoor,07/28/2026,2026-07-30,,DELAYED,8
WO0005154,Northeast-1,Electronics,2026-07-28,07/30/2026,2026-07-29,shipped,7
WO0005155,Midwest-2,Office Supplies,07/28/2026,2026-07-29,08/01/2026,DELAYED,10
WO0005156,Northeast-1,Office Supplies,07/28/2026,2026-07-31,2026-07-31,shipped,1
WO0005157,South-4,Home Goods,2026-07-28,2026-07-29,2026-07-29, Shipped,3
WO0005158,Northeast-1,Home Goods,07/28/2026,07/29/2026,2026-08-01,DELAYED,8
WO0005159,Midwest-2,Outdoor,07/28/2026,07/30/2026,07/29/2026,Shipped,4
WO0005160,South-4,Home Goods,2026-07-28,07/31/2026,07/30/2026, Shipped,9
WO0005161,Midwest-2,Home Goods,07/28/2026,2026-07-31,2026-07-30,shipped,2
WO0005162,South-4,Outdoor,2026-07-28,07/30/2026,2026-07-30, Shipped,11
WO0005163,West-3,Outdoor,2026-07-28,2026-07-30,2026-07-29, Shipped,1
WO0005164,West-3,Electronics,07/28/2026,07/30/2026,07/29/2026,Shipped,3
WO0005165,South-4,Apparel,2026-07-28,2026-07-29,2026-07-28,SHIPPED,8
WO0005166,West-3,Outdoor,07/28/2026,07/30/2026,2026-07-29,shipped,4
WO0005167,West-3,Office Supplies,07/28/2026,07/30/2026,2026-07-30,Shipped,8
WO0005168,South-4,Office Supplies,07/28/2026,2026-07-29,2026-07-29,Shipped,4
WO0005169,South-4,Electronics,07/28/2026,07/29/2026,2026-07-28,SHIPPED,6
WO0005170,West-3,Apparel,2026-07-28,2026-07-30,07/30/2026,Shipped,3
WO0005171,Northeast-1,Electronics,07/28/2026,2026-07-31,2026-07-30,Shipped,11
WO0005172,South-4,Home Goods,2026-07-28,2026-07-29,2026-07-28, Shipped,1
WO0005173,South-4,Outdoor,2026-07-28,07/29/2026,2026-08-01,Delayed,4
WO0005174,,Outdoor,2026-07-28,07/29/2026,2026-08-01,Delayed,4
WO0005175,Northeast-1,Office Supplies,2026-07-28,07/30/2026,07/29/2026,shipped,10
WO0005176,West-3,Office Supplies,07/28/2026,2026-07-29,2026-07-28, Shipped,4
WO0005177,South-4,Office Supplies,2026-07-28,07/29/2026,07/29/2026,shipped,5
WO0005178,South-4,Electronics,2026-07-28,07/29/2026,2026-07-28,SHIPPED,5
WO0005179,South-4,Electronics,07/28/2026,07/30/2026,07/29/2026, Shipped,1
WO0005180,West-3,Apparel,07/28/2026,2026-07-29,2026-07-29,shipped,6
WO0005181,Northeast-1,Outdoor,07/28/2026,2026-07-31,2026-07-30,SHIPPED,8
WO0005182,Midwest-2,Office Supplies,07/28/2026,2026-07-30,2026-07-30,SHIPPED,6
WO0005183,West-3,Apparel,2026-07-28,07/29/2026,2026-07-29,Shipped,3
WO0005184,South-4,Office Supplies,07/28/2026,2026-07-30,2026-07-30, Shipped,11
WO0005185,West-3,Office Supplies,2026-07-28,2026-07-29,07/28/2026,shipped,3
WO0005186,Midwest-2,Outdoor,2026-07-28,2026-07-31,2026-07-31,SHIPPED,3
WO0005187,South-4,Office Supplies,2026-07-28,2026-07-30,07/30/2026,shipped,6
WO0005188,Midwest-2,Electronics,2026-07-28,07/31/2026,2026-07-30,shipped,3
WO0005189,Midwest-2,Home Goods,07/28/2026,2026-07-31,2026-07-31,SHIPPED,1
WO0005190,South-4,Outdoor,2026-07-28,07/30/2026,2026-07-29,Shipped,4
WO0005190,South-4,Outdoor,2026-07-28,07/30/2026,2026-07-29,Shipped,4
WO0005191,Midwest-2,Outdoor,07/28/2026,2026-07-31,,delayed,6
WO0005192,West-3,Home Goods,2026-07-28,2026-07-29,2026-07-28,Shipped,3
WO0005193,West-3,Apparel,2026-07-28,2026-07-29,07/29/2026,shipped,10
WO0005194,Northeast-1,Apparel,2026-07-28,2026-07-31,2026-07-31,SHIPPED,2
WO0005195,South-4,Outdoor,2026-07-28,2026-07-30,2026-07-30,Shipped,10
WO0005196,South-4,Home Goods,2026-07-28,07/29/2026,2026-07-29,SHIPPED,5
WO0005197,Midwest-2,Office Supplies,07/28/2026,2026-07-30,07/29/2026,Shipped,11
WO0005198,Northeast-1,Office Supplies,2026-07-29,07/30/2026,2026-07-30,Shipped,8
WO0005199,Northeast-1,Apparel,07/29/2026,2026-08-01,2026-07-31,SHIPPED,3
WO0005200,West-3,Office Supplies,07/29/2026,08/01/2026,2026-08-02,DELAYED,2
WO0005201,Northeast-1,Apparel,07/29/2026,2026-07-31,2026-07-31,SHIPPED,10
WO0005202,West-3,Outdoor,07/29/2026,07/31/2026,2026-07-31,Shipped,1
WO0005203,South-4,Apparel,2026-07-29,08/01/2026,,delayed,1
WO0005204,South-4,Home Goods,07/29/2026,2026-07-31,2026-07-30,shipped,3
WO0005205,Midwest-2,Outdoor,2026-07-29,07/31/2026,07/31/2026,SHIPPED,9
WO0005206,Midwest-2,Home Goods,07/29/2026,2026-08-01,08/01/2026,Shipped,2
WO0005207,Northeast-1,Electronics,07/29/2026,07/31/2026,2026-07-31,shipped,1
WO0005208,West-3,Electronics,2026-07-29,2026-08-01,07/31/2026,shipped,10
WO0005209,South-4,Electronics,07/29/2026,2026-08-01,08/01/2026,shipped,8
WO0005210,South-4,Electronics,2026-07-29,2026-07-31,2026-08-04,delayed,11
WO0005210,South-4,Electronics,2026-07-29,2026-07-31,2026-08-04,delayed,11
WO0005211,South-4,Office Supplies,07/29/2026,2026-08-01,08/01/2026,SHIPPED,8
WO0005212,Midwest-2,Electronics,2026-07-29,2026-07-30,2026-07-30, Shipped,4
WO0005213,West-3,Electronics,2026-07-29,07/30/2026,07/30/2026,shipped,6
WO0005214,West-3,Office Supplies,07/29/2026,2026-08-01,08/01/2026,shipped,5
WO0005215,Midwest-2,Office Supplies,07/29/2026,2026-07-31,,delayed,8
WO0005216,Midwest-2,Apparel,07/29/2026,2026-07-30,07/29/2026,SHIPPED,1
WO0005217,Northeast-1,Electronics,2026-07-29,2026-08-01,2026-08-01,SHIPPED,9
WO0005218,Northeast-1,Apparel,07/29/2026,2026-08-01,2026-08-01,shipped,8
WO0005219,Midwest-2,Home Goods,2026-07-29,07/31/2026,07/30/2026,Shipped,10
WO0005219,Midwest-2,Home Goods,2026-07-29,07/31/2026,07/30/2026,Shipped,10
WO0005220,South-4,Outdoor,2026-07-29,2026-07-31,07/30/2026,shipped,8
WO0005221,Midwest-2,Apparel,07/29/2026,08/01/2026,08/01/2026,Shipped,8
WO0005222,Midwest-2,Home Goods,07/29/2026,2026-07-31,07/31/2026,Shipped,3
WO0005223,South-4,Home Goods,2026-07-29,2026-07-31,2026-07-30,SHIPPED,1
WO0005224,Midwest-2,Office Supplies,07/29/2026,2026-08-01,2026-08-01,shipped,6
WO0005225,South-4,Apparel,2026-07-29,07/31/2026,,DELAYED,2
WO0005226,Northeast-1,Apparel,07/29/2026,2026-07-31,07/31/2026,shipped,2
WO0005227,Northeast-1,Home Goods,2026-07-29,08/01/2026,2026-07-31,shipped,8
WO0005228,Northeast-1,Outdoor,07/29/2026,2026-07-30,2026-07-29, Shipped,1
WO0005229,Northeast-1,Office Supplies,2026-07-29,2026-08-01,08/01/2026,SHIPPED,1
WO0005230,Northeast-1,Electronics,2026-07-29,07/31/2026,,Delayed,9
WO0005231,Northeast-1,Apparel,2026-07-29,2026-07-31,07/30/2026,Shipped,10
WO0005232,Midwest-2,Outdoor,07/29/2026,08/01/2026,2026-07-31,Shipped,3
WO0005233,Midwest-2,Outdoor,2026-07-29,08/01/2026,2026-08-01,SHIPPED,6
WO0005234,Midwest-2,Outdoor,07/29/2026,2026-08-01,2026-07-31,SHIPPED,6
WO0005235,Midwest-2,Apparel,07/29/2026,2026-08-01,2026-07-31,shipped,7
WO0005236,Midwest-2,Home Goods,2026-07-29,2026-07-30,07/30/2026,SHIPPED,4
WO0005237,South-4,Outdoor,2026-07-29,08/01/2026,2026-08-01,SHIPPED,10
WO0005238,South-4,Home Goods,2026-07-29,2026-07-30,2026-07-30, Shipped,2
WO0005239,West-3,Electronics,2026-07-29,08/01/2026,2026-07-31, Shipped,11
WO0005239,West-3,Electronics,2026-07-29,08/01/2026,2026-07-31, Shipped,11
WO0005240,Northeast-1,Office Supplies,07/29/2026,2026-07-30,07/30/2026,SHIPPED,1
WO0005241,Northeast-1,Outdoor,07/29/2026,08/01/2026,2026-08-01, Shipped,10
WO0005242,Midwest-2,Electronics,07/29/2026,2026-07-30,2026-07-30, Shipped,5
WO0005243,Northeast-1,Home Goods,2026-07-29,07/31/2026,,DELAYED,1
WO0005244,South-4,Outdoor,2026-07-29,2026-07-31,07/31/2026,shipped,6
WO0005245,West-3,Home Goods,2026-07-29,2026-08-01,2026-08-01, Shipped,10
WO0005246,Midwest-2,Outdoor,2026-07-29,07/30/2026,07/30/2026,shipped,11
WO0005247,South-4,Home Goods,2026-07-29,2026-08-01,08/01/2026,shipped,9
WO0005248,,Home Goods,2026-07-29,2026-08-01,08/01/2026,shipped,9
WO0005249,Northeast-1,Electronics,07/29/2026,2026-07-31,2026-07-30,Shipped,1
WO0005250,West-3,Home Goods,07/29/2026,07/30/2026,2026-07-30,SHIPPED,6
WO0005250,West-3,Home Goods,07/29/2026,07/30/2026,2026-07-30,SHIPPED,6
WO0005251,Midwest-2,Electronics,07/29/2026,08/01/2026,2026-08-01,SHIPPED,9
WO0005251,Midwest-2,Electronics,07/29/2026,08/01/2026,2026-08-01,SHIPPED,9
WO0005252,Midwest-2,Apparel,07/29/2026,2026-08-01,2026-08-01,Shipped,7
WO0005253,South-4,Apparel,2026-07-29,08/01/2026,08/05/2026,Delayed,3
WO0005254,Northeast-1,Apparel,2026-07-29,07/31/2026,2026-07-30,SHIPPED,1
WO0005255,Midwest-2,Apparel,2026-07-29,2026-07-30,2026-07-30,Shipped,6
WO0005256,Northeast-1,Electronics,2026-07-29,07/31/2026,07/31/2026,shipped,2
WO0005257,South-4,Outdoor,07/29/2026,2026-07-31,08/05/2026,Delayed,11
WO0005258,South-4,Apparel,2026-07-29,07/31/2026,07/30/2026,Shipped,10
WO0005259,West-3,Electronics,2026-07-29,08/01/2026,08/05/2026,DELAYED,9
WO0005260,West-3,Home Goods,07/29/2026,2026-08-01,07/31/2026,shipped,1
WO0005261,South-4,Home Goods,2026-07-29,08/01/2026,2026-07-31,shipped,11
WO0005262,Midwest-2,Apparel,07/29/2026,2026-08-01,07/31/2026,shipped,4
WO0005263,West-3,Office Supplies,2026-07-29,07/31/2026,2026-07-30,shipped,5
WO0005264,Northeast-1,Office Supplies,07/29/2026,2026-07-30,2026-07-30,shipped,6
WO0005265,South-4,Outdoor,07/29/2026,07/30/2026,07/30/2026,Shipped,11
WO0005266,West-3,Home Goods,07/29/2026,2026-07-31,2026-07-31,Shipped,11
WO0005267,South-4,Home Goods,2026-07-29,07/30/2026,2026-07-29,Shipped,4
WO0005268,Northeast-1,Apparel,2026-07-29,08/01/2026,08/01/2026,Shipped,6
WO0005269,West-3,Home Goods,2026-07-29,07/31/2026,2026-07-30, Shipped,5
WO0005270,Northeast-1,Home Goods,2026-07-29,2026-07-30,07/29/2026,Shipped,7
WO0005271,Midwest-2,Electronics,2026-07-29,07/30/2026,2026-07-30,shipped,6
WO0005272,Northeast-1,Outdoor,2026-07-29,2026-08-01,07/31/2026,shipped,3
WO0005273,Northeast-1,Office Supplies,2026-07-29,2026-07-31,07/31/2026,SHIPPED,10
WO0005274,South-4,Home Goods,07/29/2026,2026-07-31,2026-07-30,shipped,10
WO0005275,Northeast-1,Outdoor,07/29/2026,2026-07-30,2026-08-02,delayed,11
WO0005276,Northeast-1,Electronics,2026-07-29,2026-07-30,07/30/2026, Shipped,10
WO0005277,South-4,Office Supplies,2026-07-29,2026-07-31,07/30/2026, Shipped,5
WO0005278,South-4,Electronics,2026-07-29,07/31/2026,07/31/2026, Shipped,1
WO0005279,Northeast-1,Home Goods,07/29/2026,07/31/2026,07/31/2026,shipped,6
WO0005280,West-3,Apparel,07/29/2026,2026-08-01,2026-07-31, Shipped,9
WO0005281,South-4,Apparel,07/29/2026,07/30/2026,2026-07-30,shipped,7
WO0005282,Midwest-2,Outdoor,2026-07-29,2026-07-31,07/30/2026, Shipped,2
WO0005283,South-4,Outdoor,07/29/2026,2026-08-01,2026-07-31,Shipped,9
WO0005284,Midwest-2,Outdoor,2026-07-29,07/30/2026,07/30/2026,shipped,7
WO0005285,Midwest-2,Outdoor,2026-07-29,2026-08-01,08/01/2026, Shipped,9
WO0005285,Midwest-2,Outdoor,2026-07-29,2026-08-01,08/01/2026, Shipped,9
WO0005286,Midwest-2,Office Supplies,2026-07-29,2026-07-31,2026-07-31,Shipped,3
WO0005287,Northeast-1,Apparel,07/29/2026,07/30/2026,07/30/2026,Shipped,9
WO0005288,West-3,Electronics,07/29/2026,07/31/2026,2026-07-30,shipped,5
WO0005289,West-3,Office Supplies,2026-07-29,08/01/2026,08/01/2026,Shipped,1
WO0005290,West-3,Home Goods,2026-07-29,2026-07-30,07/29/2026,shipped,10
WO0005291,Northeast-1,Apparel,2026-07-29,2026-07-30,2026-07-29, Shipped,5
WO0005292,Northeast-1,Apparel,07/29/2026,2026-07-31,07/30/2026, Shipped,5
WO0005293,Northeast-1,Home Goods,07/29/2026,07/30/2026,2026-08-01,DELAYED,9
WO0005294,Midwest-2,Home Goods,07/29/2026,2026-07-30,2026-07-29,SHIPPED,6
WO0005295,South-4,Electronics,07/29/2026,2026-07-31,07/31/2026, Shipped,1
WO0005295,South-4,Electronics,07/29/2026,2026-07-31,07/31/2026, Shipped,1
WO0005296,South-4,Electronics,2026-07-29,07/31/2026,07/30/2026, Shipped,2
WO0005297,South-4,Electronics,2026-07-29,07/31/2026,,Cancelled,5
WO0005298,South-4,Apparel,07/29/2026,08/01/2026,2026-07-31, Shipped,7
WO0005299,Midwest-2,Home Goods,2026-07-29,08/01/2026,2026-07-31,SHIPPED,3
WO0005300,Midwest-2,Office Supplies,2026-07-29,07/31/2026,07/31/2026,shipped,5
WO0005301,Midwest-2,Office Supplies,07/29/2026,2026-07-31,2026-07-31,shipped,7
WO0005302,West-3,Home Goods,2026-07-29,2026-08-01,2026-07-31, Shipped,3
WO0005303,South-4,Outdoor,07/29/2026,2026-07-31,2026-07-31,shipped,3
WO0005304,Midwest-2,Home Goods,07/29/2026,2026-07-31,2026-07-31, Shipped,10
WO0005305,Midwest-2,Office Supplies,07/29/2026,2026-08-01,08/01/2026,shipped,8
WO0005306,West-3,Electronics,07/29/2026,2026-08-01,2026-07-31,shipped,5
WO0005307,South-4,Home Goods,07/29/2026,2026-08-01,2026-08-01, Shipped,3
WO0005308,West-3,Apparel,2026-07-29,08/01/2026,2026-08-01,Shipped,5
WO0005309,Midwest-2,Outdoor,2026-07-29,07/31/2026,07/30/2026,Shipped,9
WO0005310,Northeast-1,Electronics,07/29/2026,08/01/2026,07/31/2026, Shipped,6
WO0005311,West-3,Apparel,2026-07-29,07/30/2026,07/30/2026,SHIPPED,6
WO0005312,Midwest-2,Electronics,2026-07-29,08/01/2026,2026-07-31, Shipped,2
WO0005313,Midwest-2,Apparel,07/29/2026,07/31/2026,2026-07-31,Shipped,10
WO0005314,Midwest-2,Electronics,07/29/2026,2026-08-01,2026-08-01,shipped,8
WO0005315,South-4,Home Goods,2026-07-29,2026-08-01,08/01/2026,SHIPPED,7
WO0005316,Midwest-2,Electronics,2026-07-29,07/30/2026,07/29/2026,Shipped,8
WO0005317,Midwest-2,Office Supplies,07/29/2026,2026-07-30,08/01/2026,DELAYED,1
WO0005318,Northeast-1,Outdoor,2026-07-29,2026-08-01,08/01/2026,SHIPPED,10
WO0005319,Midwest-2,Apparel,07/30/2026,08/01/2026,08/02/2026,Delayed,11
WO0005320,West-3,Outdoor,07/30/2026,2026-08-01,2026-08-01, Shipped,1
WO0005321,Northeast-1,Outdoor,2026-07-30,08/02/2026,08/06/2026,delayed,5
WO0005321,Northeast-1,Outdoor,2026-07-30,08/02/2026,08/06/2026,delayed,5
WO0005322,West-3,Outdoor,07/30/2026,08/02/2026,,cancelled,4
WO0005323,South-4,Office Supplies,2026-07-30,07/31/2026,07/30/2026,Shipped,2
WO0005324,South-4,Apparel,2026-07-30,08/02/2026,2026-08-01,SHIPPED,10
WO0005325,Northeast-1,Electronics,07/30/2026,2026-08-01,2026-07-31,shipped,4
WO0005326,Midwest-2,Home Goods,07/30/2026,2026-08-02,08/02/2026,shipped,6
WO0005327,Northeast-1,Office Supplies,2026-07-30,07/31/2026,2026-07-30, Shipped,10
WO0005328,Midwest-2,Outdoor,2026-07-30,07/31/2026,07/30/2026,shipped,2
WO0005329,Northeast-1,Office Supplies,2026-07-30,2026-07-31,2026-07-30, Shipped,4
WO0005330,South-4,Office Supplies,07/30/2026,2026-08-01,07/31/2026, Shipped,1
WO0005331,West-3,Office Supplies,2026-07-30,2026-08-02,08/01/2026,shipped,4
WO0005332,Northeast-1,Electronics,07/30/2026,2026-08-01,07/31/2026,SHIPPED,10
WO0005333,Midwest-2,Home Goods,07/30/2026,2026-08-02,08/01/2026,shipped,2
WO0005334,Midwest-2,Home Goods,2026-07-30,08/01/2026,08/01/2026,shipped,1
WO0005335,South-4,Office Supplies,07/30/2026,08/01/2026,2026-08-01,SHIPPED,8
WO0005336,West-3,Home Goods,2026-07-30,08/01/2026,08/01/2026,SHIPPED,1
WO0005337,Northeast-1,Office Supplies,2026-07-30,2026-08-01,2026-08-01,Shipped,1
WO0005338,South-4,Home Goods,07/30/2026,2026-08-01,08/01/2026,Shipped,6
WO0005339,Midwest-2,Office Supplies,2026-07-30,08/01/2026,2026-07-31,SHIPPED,11
WO0005340,Midwest-2,Outdoor,2026-07-30,2026-08-02,2026-08-02,Shipped,2
WO0005341,Northeast-1,Home Goods,2026-07-30,2026-07-31,2026-07-31,Shipped,2
WO0005342,Northeast-1,Apparel,07/30/2026,2026-08-02,2026-08-02, Shipped,9
WO0005343,South-4,Home Goods,07/30/2026,2026-07-31,07/31/2026, Shipped,2
WO0005344,South-4,Apparel,2026-07-30,2026-08-02,08/02/2026,shipped,1
WO0005345,West-3,Electronics,07/30/2026,07/31/2026,2026-07-30, Shipped,8
WO0005346,Midwest-2,Office Supplies,2026-07-30,07/31/2026,07/30/2026, Shipped,3
WO0005347,West-3,Office Supplies,07/30/2026,2026-08-01,2026-07-31,Shipped,10
WO0005348,Midwest-2,Electronics,2026-07-30,08/02/2026,08/02/2026, Shipped,5
WO0005349,West-3,Home Goods,2026-07-30,2026-08-01,,DELAYED,1
WO0005350,Midwest-2,Outdoor,07/30/2026,07/31/2026,2026-07-31,Shipped,11
WO0005351,Midwest-2,Electronics,07/30/2026,08/01/2026,2026-07-31, Shipped,8
WO0005352,South-4,Electronics,07/30/2026,07/31/2026,2026-07-30,shipped,3
WO0005353,South-4,Home Goods,2026-07-30,08/02/2026,2026-08-02,shipped,5
WO0005354,Midwest-2,Apparel,2026-07-30,2026-08-01,2026-07-31,shipped,11
WO0005355,South-4,Outdoor,07/30/2026,08/01/2026,2026-08-01,shipped,3
WO0005356,Midwest-2,Electronics,07/30/2026,2026-07-31,2026-07-31, Shipped,4
WO0005357,South-4,Office Supplies,07/30/2026,08/02/2026,2026-08-02,Shipped,7
WO0005358,Northeast-1,Electronics,07/30/2026,2026-08-01,2026-07-31, Shipped,6
WO0005359,West-3,Home Goods,07/30/2026,08/01/2026,08/01/2026,Shipped,8
WO0005360,Midwest-2,Home Goods,07/30/2026,07/31/2026,2026-07-31,Shipped,5
WO0005361,Midwest-2,Office Supplies,07/30/2026,07/31/2026,2026-08-05,Delayed,4
WO0005362,Midwest-2,Home Goods,07/30/2026,07/31/2026,2026-07-30,shipped,9
WO0005363,South-4,Apparel,07/30/2026,2026-08-01,08/03/2026,Delayed,1
WO0005364,West-3,Apparel,07/30/2026,2026-08-02,,DELAYED,11
WO0005365,South-4,Outdoor,2026-07-30,2026-07-31,2026-07-30,shipped,9
WO0005366,West-3,Electronics,2026-07-30,08/02/2026,08/01/2026,SHIPPED,11
WO0005367,Northeast-1,Outdoor,07/30/2026,08/02/2026,2026-08-01,SHIPPED,3
WO0005368,Midwest-2,Outdoor,07/30/2026,08/02/2026,08/01/2026,shipped,10
WO0005369,Northeast-1,Home Goods,2026-07-30,07/31/2026,,Canceled,1
WO0005370,Northeast-1,Outdoor,2026-07-30,08/02/2026,08/01/2026,Shipped,2
WO0005371,Midwest-2,Home Goods,2026-07-30,2026-08-02,08/01/2026, Shipped,6
WO0005372,South-4,Outdoor,07/30/2026,2026-07-31,07/31/2026,Shipped,1
WO0005373,Northeast-1,Electronics,2026-07-30,08/01/2026,08/01/2026,Shipped,8
WO0005374,South-4,Electronics,07/30/2026,08/02/2026,2026-08-01,Shipped,7
WO0005375,South-4,Outdoor,07/30/2026,07/31/2026,2026-08-04,DELAYED,2
WO0005376,West-3,Electronics,07/30/2026,2026-07-31,07/31/2026,shipped,8
WO0005377,West-3,Home Goods,2026-07-30,08/02/2026,2026-08-01, Shipped,5
WO0005378,West-3,Electronics,2026-07-30,2026-08-02,2026-08-01,SHIPPED,1
WO0005379,South-4,Home Goods,2026-07-30,2026-08-01,08/01/2026,Shipped,3
WO0005380,South-4,Electronics,07/30/2026,2026-08-02,2026-08-02,SHIPPED,3
WO0005381,South-4,Electronics,07/30/2026,08/01/2026,2026-08-01,Shipped,9
WO0005382,West-3,Office Supplies,07/30/2026,07/31/2026,07/30/2026,Shipped,9
WO0005383,West-3,Home Goods,07/30/2026,2026-07-31,07/31/2026,shipped,9
WO0005384,Midwest-2,Office Supplies,2026-07-30,2026-07-31,2026-07-30, Shipped,3
WO0005385,West-3,Home Goods,07/30/2026,08/01/2026,,cancelled,5
WO0005386,West-3,Outdoor,2026-07-30,2026-07-31,07/30/2026,shipped,5
WO0005387,Northeast-1,Apparel,07/30/2026,2026-07-31,07/30/2026, Shipped,11
WO0005388,Northeast-1,Apparel,2026-07-30,2026-08-01,08/01/2026,SHIPPED,8
WO0005389,West-3,Electronics,07/30/2026,08/01/2026,08/01/2026, Shipped,5
WO0005390,Northeast-1,Apparel,2026-07-30,2026-08-02,2026-08-02,Shipped,9
WO0005391,West-3,Electronics,2026-07-30,08/01/2026,07/31/2026, Shipped,9
WO0005392,Northeast-1,Outdoor,2026-07-30,2026-08-02,2026-08-02,shipped,3
WO0005393,Northeast-1,Outdoor,2026-07-30,2026-08-01,2026-08-01, Shipped,2
WO0005394,West-3,Outdoor,07/30/2026,08/01/2026,,DELAYED,5
WO0005395,West-3,Office Supplies,2026-07-30,07/31/2026,07/30/2026, Shipped,4
WO0005396,Midwest-2,Home Goods,2026-07-30,08/02/2026,08/02/2026,SHIPPED,8
WO0005397,Northeast-1,Home Goods,07/30/2026,2026-07-31,2026-07-30,SHIPPED,5
WO0005398,Northeast-1,Outdoor,2026-07-30,2026-08-01,08/01/2026,shipped,11
WO0005399,West-3,Electronics,2026-07-30,07/31/2026,07/31/2026,Shipped,4
WO0005400,West-3,Electronics,07/30/2026,2026-08-01,07/31/2026,shipped,1
WO0005401,South-4,Electronics,2026-07-30,08/01/2026,2026-08-01, Shipped,11
WO0005402,Midwest-2,Outdoor,07/30/2026,2026-08-02,08/02/2026,shipped,7
WO0005403,West-3,Apparel,07/30/2026,2026-08-01,08/01/2026, Shipped,10
WO0005403,West-3,Apparel,07/30/2026,2026-08-01,08/01/2026, Shipped,10
WO0005404,Midwest-2,Home Goods,07/30/2026,08/01/2026,08/01/2026, Shipped,6
WO0005405,Midwest-2,Home Goods,07/30/2026,2026-08-01,2026-08-01,Shipped,11
WO0005406,Midwest-2,Home Goods,07/30/2026,08/01/2026,2026-07-31,SHIPPED,6
WO0005407,West-3,Office Supplies,07/30/2026,08/01/2026,2026-08-01, Shipped,11
WO0005408,South-4,Outdoor,07/30/2026,2026-08-01,08/01/2026,SHIPPED,7
WO0005409,South-4,Home Goods,07/30/2026,2026-08-02,2026-08-01,Shipped,10
WO0005410,Midwest-2,Home Goods,2026-07-30,2026-07-31,2026-07-31,SHIPPED,3
WO0005411,West-3,Outdoor,07/30/2026,07/31/2026,07/31/2026,shipped,8
WO0005412,West-3,Electronics,2026-07-30,2026-08-02,08/01/2026, Shipped,11
WO0005413,Midwest-2,Office Supplies,07/30/2026,08/01/2026,08/01/2026,SHIPPED,7
WO0005413,Midwest-2,Office Supplies,07/30/2026,08/01/2026,08/01/2026,SHIPPED,7
WO0005414,West-3,Apparel,07/30/2026,07/31/2026,07/30/2026,shipped,10
WO0005415,South-4,Outdoor,07/30/2026,08/01/2026,2026-08-01,Shipped,9
WO0005416,Midwest-2,Home Goods,2026-07-30,08/02/2026,2026-08-02,shipped,6
WO0005417,South-4,Electronics,07/30/2026,07/31/2026,2026-07-30,SHIPPED,4
WO0005418,West-3,Apparel,07/30/2026,08/02/2026,2026-08-01, Shipped,11
WO0005419,Northeast-1,Home Goods,2026-07-30,2026-08-01,2026-08-05,Delayed,5
WO0005419,Northeast-1,Home Goods,2026-07-30,2026-08-01,2026-08-05,Delayed,5
WO0005420,Northeast-1,Office Supplies,2026-07-30,2026-08-01,07/31/2026,SHIPPED,9
WO0005421,West-3,Outdoor,2026-07-30,2026-08-02,2026-08-01,SHIPPED,10
WO0005422,Midwest-2,Electronics,2026-07-30,08/01/2026,2026-07-31,shipped,10
WO0005423,West-3,Office Supplies,2026-07-30,08/01/2026,2026-08-01,shipped,10
WO0005424,West-3,Outdoor,2026-07-30,08/01/2026,,DELAYED,3
WO0005425,South-4,Office Supplies,2026-07-30,2026-08-01,,delayed,8
WO0005426,Midwest-2,Outdoor,2026-07-30,2026-08-01,08/01/2026,Shipped,4
WO0005427,West-3,Electronics,07/30/2026,07/31/2026,07/31/2026,SHIPPED,7
WO0005428,South-4,Electronics,2026-07-30,07/31/2026,2026-07-30, Shipped,8
WO0005429,Northeast-1,Office Supplies,07/30/2026,2026-08-01,07/31/2026,Shipped,8
WO0005430,South-4,Home Goods,2026-07-30,07/31/2026,07/31/2026,Shipped,9
WO0005431,Northeast-1,Office Supplies,2026-07-30,2026-08-02,08/02/2026, Shipped,1
WO0005432,Midwest-2,Outdoor,07/30/2026,2026-07-31,2026-08-04,Delayed,3
WO0005433,South-4,Home Goods,07/30/2026,2026-08-02,2026-08-01,Shipped,4
WO0005434,Midwest-2,Apparel,2026-07-30,2026-08-02,08/02/2026,shipped,10
WO0005435,West-3,Office Supplies,2026-07-30,08/02/2026,2026-08-01,SHIPPED,2
WO0005436,West-3,Outdoor,07/30/2026,2026-08-01,08/01/2026,shipped,9
WO0005437,South-4,Home Goods,2026-07-30,07/31/2026,07/30/2026, Shipped,3
WO0005438,Northeast-1,Electronics,07/30/2026,07/31/2026,2026-07-31,Shipped,3
WO0005439,South-4,Office Supplies,07/30/2026,08/01/2026,2026-08-01, Shipped,1
WO0005440,Midwest-2,Electronics,07/30/2026,08/01/2026,08/01/2026,Shipped,7
WO0005441,South-4,Outdoor,07/30/2026,08/01/2026,2026-07-31,Shipped,8
WO0005442,South-4,Outdoor,07/30/2026,08/01/2026,2026-07-31,Shipped,-1
WO0005443,West-3,Home Goods,07/31/2026,08/02/2026,2026-08-01, Shipped,6
WO0005444,West-3,Home Goods,07/31/2026,2026-08-02,2026-08-02,Shipped,3
WO0005445,Midwest-2,Office Supplies,2026-07-31,2026-08-01,2026-08-01,shipped,10
WO0005446,South-4,Electronics,07/31/2026,2026-08-03,08/02/2026, Shipped,10
WO0005447,Midwest-2,Electronics,2026-07-31,08/02/2026,2026-08-01,Shipped,5
WO0005448,Northeast-1,Outdoor,07/31/2026,2026-08-03,2026-08-02,shipped,7
WO0005449,Midwest-2,Office Supplies,07/31/2026,2026-08-02,2026-08-02,SHIPPED,4
WO0005450,South-4,Office Supplies,2026-07-31,2026-08-02,08/01/2026,Shipped,2
WO0005450,South-4,Office Supplies,2026-07-31,2026-08-02,08/01/2026,Shipped,2
WO0005451,Northeast-1,Apparel,2026-07-31,08/03/2026,2026-08-03,SHIPPED,4
WO0005452,Midwest-2,Outdoor,07/31/2026,2026-08-02,08/01/2026,SHIPPED,10
WO0005453,South-4,Electronics,07/31/2026,08/03/2026,08/02/2026,SHIPPED,7
WO0005454,Northeast-1,Office Supplies,07/31/2026,08/01/2026,2026-07-31, Shipped,10
WO0005455,Midwest-2,Office Supplies,07/31/2026,08/02/2026,,DELAYED,7
WO0005456,West-3,Home Goods,07/31/2026,08/01/2026,07/31/2026,shipped,4
WO0005457,West-3,Office Supplies,2026-07-31,2026-08-02,2026-08-02, Shipped,6
WO0005458,South-4,Electronics,2026-07-31,08/01/2026,2026-08-01,Shipped,7
WO0005459,West-3,Home Goods,2026-07-31,2026-08-02,2026-08-02,SHIPPED,4
WO0005460,Midwest-2,Office Supplies,07/31/2026,08/01/2026,08/01/2026,Shipped,10
WO0005461,South-4,Home Goods,2026-07-31,2026-08-03,08/03/2026,Shipped,5
WO0005462,West-3,Outdoor,07/31/2026,2026-08-02,08/02/2026,shipped,9
WO0005463,Midwest-2,Office Supplies,07/31/2026,08/02/2026,08/01/2026, Shipped,11
WO0005464,South-4,Apparel,07/31/2026,2026-08-02,,Delayed,8
WO0005465,Midwest-2,Office Supplies,07/31/2026,08/02/2026,08/01/2026,SHIPPED,6
WO0005466,South-4,Outdoor,2026-07-31,2026-08-02,2026-08-01, Shipped,5
WO0005467,Midwest-2,Electronics,07/31/2026,08/02/2026,2026-08-02,Shipped,2
WO0005468,West-3,Home Goods,2026-07-31,2026-08-02,08/02/2026,shipped,9
WO0005469,West-3,Outdoor,2026-07-31,08/03/2026,2026-08-03,Shipped,3
WO0005470,Northeast-1,Apparel,2026-07-31,08/01/2026,08/01/2026,SHIPPED,1
WO0005471,South-4,Office Supplies,07/31/2026,08/02/2026,08/02/2026, Shipped,6
WO0005472,West-3,Home Goods,2026-07-31,2026-08-03,2026-08-03,Shipped,6
WO0005473,Northeast-1,Office Supplies,2026-07-31,08/01/2026,2026-08-01,shipped,6
WO0005474,Northeast-1,Office Supplies,2026-07-31,08/01/2026,2026-08-01,shipped,-1
WO0005475,Northeast-1,Office Supplies,2026-07-31,2026-08-03,08/03/2026,Shipped,4
WO0005476,Northeast-1,Outdoor,2026-07-31,08/02/2026,2026-08-02, Shipped,1
WO0005477,Midwest-2,Home Goods,2026-07-31,08/02/2026,08/01/2026,SHIPPED,3
WO0005478,South-4,Outdoor,2026-07-31,2026-08-02,2026-08-01,SHIPPED,3
WO0005479,South-4,Apparel,07/31/2026,2026-08-01,07/31/2026,shipped,9
WO0005480,West-3,Home Goods,2026-07-31,08/03/2026,08/02/2026, Shipped,8
WO0005481,Midwest-2,Apparel,07/31/2026,2026-08-01,2026-08-01,shipped,9
WO0005482,Midwest-2,Home Goods,07/31/2026,2026-08-02,08/02/2026, Shipped,8
WO0005483,Midwest-2,Outdoor,2026-07-31,2026-08-03,08/03/2026,Shipped,6
WO0005484,West-3,Electronics,07/31/2026,08/01/2026,08/01/2026,SHIPPED,7
WO0005485,Northeast-1,Outdoor,2026-07-31,08/03/2026,08/03/2026, Shipped,4
WO0005486,Northeast-1,Electronics,07/31/2026,08/01/2026,2026-07-31,Shipped,1
WO0005487,Northeast-1,Apparel,07/31/2026,08/03/2026,2026-08-02, Shipped,6
WO0005488,West-3,Apparel,2026-07-31,08/03/2026,2026-08-02,SHIPPED,3
WO0005489,West-3,Office Supplies,07/31/2026,2026-08-02,08/01/2026,Shipped,4
WO0005490,South-4,Home Goods,2026-07-31,2026-08-01,2026-08-01,Shipped,10
WO0005491,Midwest-2,Outdoor,2026-07-31,08/03/2026,2026-08-02,shipped,5
WO0005492,Northeast-1,Office Supplies,07/31/2026,08/02/2026,2026-08-02,shipped,3
WO0005493,Midwest-2,Apparel,07/31/2026,08/03/2026,,Delayed,8
WO0005494,West-3,Electronics,07/31/2026,08/02/2026,08/01/2026,SHIPPED,11
WO0005495,Northeast-1,Electronics,2026-07-31,08/02/2026,08/01/2026,shipped,6
WO0005496,Midwest-2,Outdoor,2026-07-31,2026-08-01,,DELAYED,8
WO0005497,Midwest-2,Office Supplies,2026-07-31,2026-08-01,07/31/2026, Shipped,7
WO0005498,West-3,Outdoor,2026-07-31,08/01/2026,07/31/2026,Shipped,11
WO0005498,West-3,Outdoor,2026-07-31,08/01/2026,07/31/2026,Shipped,11
WO0005499,Northeast-1,Home Goods,07/31/2026,08/01/2026,2026-08-01, Shipped,9
WO0005500,Midwest-2,Office Supplies,07/31/2026,2026-08-03,08/03/2026,shipped,10
WO0005501,West-3,Electronics,2026-07-31,2026-08-01,2026-08-01, Shipped,1
WO0005502,West-3,Home Goods,07/31/2026,08/02/2026,2026-08-01,shipped,7
WO0005503,Midwest-2,Office Supplies,2026-07-31,2026-08-03,2026-08-02, Shipped,5
WO0005504,South-4,Office Supplies,2026-07-31,08/03/2026,08/03/2026,shipped,10
WO0005505,South-4,Apparel,07/31/2026,2026-08-01,08/01/2026,shipped,1
WO0005506,West-3,Office Supplies,07/31/2026,08/02/2026,2026-08-02,Shipped,7
WO0005507,Northeast-1,Electronics,07/31/2026,08/02/2026,,DELAYED,3
WO0005508,West-3,Outdoor,2026-07-31,2026-08-03,08/02/2026,Shipped,5
WO0005509,,Outdoor,2026-07-31,2026-08-03,08/02/2026,Shipped,5
WO0005510,Northeast-1,Electronics,2026-07-31,08/02/2026,08/01/2026,SHIPPED,11
WO0005510,Northeast-1,Electronics,2026-07-31,08/02/2026,08/01/2026,SHIPPED,11
WO0005511,Northeast-1,Apparel,07/31/2026,08/03/2026,2026-08-03,Shipped,11
WO0005512,West-3,Electronics,07/31/2026,08/01/2026,08/01/2026, Shipped,10
WO0005513,Northeast-1,Home Goods,07/31/2026,08/03/2026,2026-08-02,shipped,8
WO0005514,West-3,Office Supplies,2026-07-31,2026-08-03,2026-08-02, Shipped,1
WO0005515,West-3,Office Supplies,2026-07-31,2026-08-02,2026-08-02,Shipped,7
WO0005516,West-3,Apparel,2026-07-31,08/02/2026,08/01/2026,SHIPPED,2
WO0005517,Northeast-1,Electronics,07/31/2026,2026-08-01,08/01/2026, Shipped,4
WO0005517,Northeast-1,Electronics,07/31/2026,2026-08-01,08/01/2026, Shipped,4
WO0005518,Northeast-1,Electronics,2026-07-31,08/03/2026,2026-08-02, Shipped,10
WO0005519,Midwest-2,Office Supplies,07/31/2026,08/02/2026,2026-08-01,Shipped,5
WO0005520,South-4,Apparel,07/31/2026,08/03/2026,08/03/2026, Shipped,1
WO0005521,South-4,Outdoor,2026-07-31,2026-08-01,08/01/2026,shipped,9
WO0005522,Northeast-1,Apparel,2026-07-31,2026-08-01,2026-08-01,SHIPPED,5
WO0005523,Midwest-2,Electronics,2026-07-31,08/02/2026,,delayed,5
WO0005524,Northeast-1,Office Supplies,07/31/2026,08/03/2026,08/02/2026,Shipped,5
WO0005525,Northeast-1,Outdoor,2026-07-31,08/01/2026,08/01/2026,shipped,3
WO0005525,Northeast-1,Outdoor,2026-07-31,08/01/2026,08/01/2026,shipped,3
WO0005526,South-4,Electronics,07/31/2026,2026-08-01,2026-07-31,shipped,11
WO0005527,West-3,Electronics,07/31/2026,08/02/2026,08/02/2026,SHIPPED,6
WO0005528,South-4,Apparel,2026-07-31,08/01/2026,07/31/2026,Shipped,3
WO0005529,South-4,Apparel,07/31/2026,2026-08-03,2026-08-03,SHIPPED,7
WO0005530,Midwest-2,Apparel,07/31/2026,2026-08-02,2026-08-01,shipped,3
WO0005531,West-3,Office Supplies,2026-07-31,08/01/2026,07/31/2026,Shipped,11
WO0005532,West-3,Office Supplies,07/31/2026,08/02/2026,2026-08-01,SHIPPED,7
WO0005533,West-3,Apparel,07/31/2026,2026-08-03,2026-08-02,shipped,3
WO0005534,West-3,Apparel,2026-07-31,2026-08-03,2026-08-03,SHIPPED,1
WO0005535,West-3,Electronics,2026-07-31,2026-08-01,2026-08-01,SHIPPED,6
WO0005536,South-4,Apparel,07/31/2026,08/01/2026,08/01/2026,shipped,2
WO0005537,South-4,Electronics,2026-07-31,2026-08-02,2026-08-01,SHIPPED,2
WO0005538,,Electronics,2026-07-31,2026-08-02,2026-08-01,SHIPPED,2
WO0005539,Northeast-1,Home Goods,07/31/2026,08/03/2026,2026-08-03, Shipped,7
WO0005540,West-3,Apparel,2026-07-31,2026-08-02,08/01/2026,shipped,1
WO0005541,Midwest-2,Apparel,07/31/2026,08/01/2026,07/31/2026,SHIPPED,3
WO0005542,South-4,Home Goods,07/31/2026,08/03/2026,2026-08-03,Shipped,8
WO0005543,Northeast-1,Outdoor,2026-07-31,08/02/2026,08/01/2026,SHIPPED,4
WO0005544,Northeast-1,Home Goods,07/31/2026,2026-08-02,08/02/2026,Shipped,6
WO0005545,Northeast-1,Electronics,07/31/2026,2026-08-02,08/02/2026,shipped,7
WO0005546,Midwest-2,Apparel,2026-07-31,2026-08-03,2026-08-03, Shipped,10
WO0005547,South-4,Electronics,07/31/2026,08/01/2026,07/31/2026,Shipped,8
WO0005548,Northeast-1,Outdoor,2026-07-31,08/03/2026,2026-08-03,shipped,11
WO0005549,Northeast-1,Home Goods,07/31/2026,2026-08-01,08/01/2026,Shipped,10
WO0005550,Midwest-2,Outdoor,2026-07-31,2026-08-01,2026-07-31,shipped,11
WO0005551,Midwest-2,Electronics,07/31/2026,08/01/2026,08/01/2026,Shipped,4
WO0005552,West-3,Electronics,2026-07-31,08/02/2026,08/01/2026,SHIPPED,5
WO0005553,West-3,Electronics,07/31/2026,08/01/2026,08/01/2026, Shipped,6
WO0005554,South-4,Home Goods,07/31/2026,08/03/2026,08/02/2026,SHIPPED,10
WO0005555,South-4,Apparel,2026-07-31,2026-08-03,,Canceled,9
WO0005556,Northeast-1,Outdoor,07/31/2026,08/03/2026,2026-08-02,Shipped,3
WO0005557,South-4,Outdoor,07/31/2026,08/02/2026,08/01/2026, Shipped,1
WO0005558,Midwest-2,Outdoor,2026-07-31,2026-08-01,07/31/2026,Shipped,1
WO0005559,Midwest-2,Outdoor,2026-07-31,08/03/2026,08/03/2026, Shipped,8
WO0005560,Midwest-2,Home Goods,07/31/2026,08/02/2026,08/01/2026, Shipped,11
WO0005561,South-4,Electronics,07/31/2026,08/02/2026,2026-08-02,shipped,7
WO0005561,South-4,Electronics,07/31/2026,08/02/2026,2026-08-02,shipped,7
WO0005562,West-3,Home Goods,2026-07-31,2026-08-02,08/01/2026, Shipped,9
WO0005563,Midwest-2,Home Goods,2026-07-31,08/02/2026,08/01/2026,Shipped,2
WO0005564,West-3,Office Supplies,07/31/2026,08/03/2026,08/03/2026,Shipped,9
WO0005565,Midwest-2,Outdoor,2026-07-31,08/01/2026,08/01/2026,SHIPPED,1
WO0005566,West-3,Outdoor,2026-07-31,2026-08-02,08/02/2026, Shipped,11
WO0005567,West-3,Home Goods,2026-07-31,08/01/2026,2026-07-31,SHIPPED,5
WO0005568,Midwest-2,Electronics,2026-07-31,08/01/2026,2026-08-01,Shipped,7
WO0005569,West-3,Apparel,07/31/2026,08/02/2026,08/01/2026,SHIPPED,3
WO0005570,Midwest-2,Home Goods,07/31/2026,08/02/2026,08/02/2026,shipped,7
WO0005571,West-3,Office Supplies,2026-07-31,08/02/2026,08/01/2026,shipped,10
WO0005572,South-4,Office Supplies,2026-07-31,2026-08-01,08/01/2026,shipped,6
WO0005573,Midwest-2,Outdoor,07/31/2026,2026-08-03,2026-08-02,Shipped,9
WO0005574,South-4,Home Goods,2026-07-31,08/01/2026,07/31/2026,SHIPPED,9
WO0005575,West-3,Office Supplies,2026-07-31,2026-08-03,08/02/2026, Shipped,7
WO0005576,West-3,Outdoor,07/31/2026,08/03/2026,08/02/2026,SHIPPED,10
WO0005577,South-4,Apparel,07/31/2026,2026-08-01,08/01/2026,SHIPPED,4
WO0005578,West-3,Electronics,2026-07-31,08/02/2026,2026-08-01,shipped,6
WO0005579,South-4,Apparel,2026-07-31,08/03/2026,08/03/2026,shipped,7
WO0005580,Midwest-2,Home Goods,2026-07-31,2026-08-02,2026-08-02,SHIPPED,7
WO0005581,West-3,Electronics,2026-07-31,08/03/2026,08/06/2026,delayed,4
WO0005582,Northeast-1,Office Supplies,2026-07-31,2026-08-03,08/06/2026,delayed,6
WO0005583,Northeast-1,Home Goods,2026-07-31,2026-08-03,2026-08-03, Shipped,3
WO0005584,West-3,Office Supplies,07/31/2026,08/02/2026,08/02/2026, Shipped,8
WO0005585,West-3,Outdoor,07/31/2026,2026-08-02,08/02/2026,shipped,7
WO0005586,West-3,Outdoor,07/31/2026,2026-08-03,2026-08-02,Shipped,9
WO0005587,West-3,Office Supplies,2026-07-31,08/02/2026,08/02/2026,SHIPPED,2
WO0005588,West-3,Electronics,2026-07-31,2026-08-01,2026-08-01,shipped,2
WO0005589,Northeast-1,Apparel,2026-07-31,2026-08-02,2026-08-01,Shipped,2
WO0005590,Midwest-2,Outdoor,2026-07-31,2026-08-03,08/03/2026, Shipped,10
WO0005591,Northeast-1,Outdoor,2026-07-31,2026-08-03,2026-08-02, Shipped,11
WO0005592,West-3,Outdoor,2026-07-31,2026-08-02,2026-08-02, Shipped,10
WO0005593,Midwest-2,Home Goods,07/31/2026,2026-08-02,2026-08-02,shipped,3
WO0005594,,Home Goods,07/31/2026,2026-08-02,2026-08-02,shipped,3
WO0005595,South-4,Apparel,07/31/2026,08/03/2026,08/03/2026, Shipped,11
WO0005596,South-4,Apparel,07/31/2026,08/03/2026,08/03/2026, Shipped,-1
WO0005597,South-4,Outdoor,2026-07-31,08/01/2026,2026-08-01, Shipped,11
WO0005598,Midwest-2,Outdoor,2026-07-31,08/01/2026,2026-08-01, Shipped,4
WO0005599,,Outdoor,2026-07-31,08/01/2026,2026-08-01, Shipped,4
WO0005600,South-4,Home Goods,2026-07-31,2026-08-03,08/02/2026,shipped,11
WO0005601,South-4,Home Goods,2026-07-31,2026-08-03,08/02/2026,shipped,-1
WO0005602,South-4,Apparel,07/31/2026,2026-08-03,2026-08-02, Shipped,4
WO0005603,Northeast-1,Home Goods,07/31/2026,2026-08-03,08/03/2026, Shipped,3
WO0005604,Midwest-2,Outdoor,07/31/2026,2026-08-02,2026-08-02,SHIPPED,4
WO0005605,West-3,Outdoor,2026-07-31,08/01/2026,07/31/2026,SHIPPED,9
WO0005606,Midwest-2,Outdoor,08/01/2026,08/04/2026,2026-08-04,SHIPPED,2
WO0005607,West-3,Home Goods,2026-08-01,08/02/2026,2026-08-02,shipped,4
WO0005608,South-4,Apparel,2026-08-01,08/04/2026,08/04/2026,Shipped,1
WO0005609,Midwest-2,Outdoor,2026-08-01,08/03/2026,08/03/2026,SHIPPED,7
WO0005610,South-4,Home Goods,08/01/2026,2026-08-03,08/03/2026, Shipped,3
WO0005611,West-3,Electronics,08/01/2026,08/02/2026,08/01/2026,SHIPPED,4
WO0005612,Midwest-2,Office Supplies,08/01/2026,08/03/2026,08/03/2026,shipped,7
WO0005613,South-4,Office Supplies,2026-08-01,2026-08-03,2026-08-02,Shipped,3
WO0005614,South-4,Outdoor,2026-08-01,2026-08-03,08/02/2026,SHIPPED,10
WO0005615,West-3,Home Goods,2026-08-01,08/03/2026,2026-08-03, Shipped,7
WO0005616,West-3,Electronics,08/01/2026,08/02/2026,2026-08-02,shipped,1
WO0005617,South-4,Office Supplies,2026-08-01,2026-08-02,08/01/2026,SHIPPED,3
WO0005618,Midwest-2,Apparel,2026-08-01,2026-08-02,08/01/2026,shipped,4
WO0005619,South-4,Outdoor,08/01/2026,08/04/2026,2026-08-04,shipped,4
WO0005620,,Outdoor,08/01/2026,08/04/2026,2026-08-04,shipped,4
WO0005621,South-4,Office Supplies,2026-08-01,2026-08-03,2026-08-02,shipped,4
WO0005622,Midwest-2,Electronics,2026-08-01,08/04/2026,2026-08-03, Shipped,10
WO0005623,Midwest-2,Apparel,2026-08-01,08/03/2026,08/03/2026,shipped,1
WO0005624,Midwest-2,Apparel,2026-08-01,08/03/2026,08/03/2026,shipped,-1
WO0005625,Northeast-1,Electronics,2026-08-01,2026-08-03,08/03/2026,Shipped,6
WO0005626,Northeast-1,Outdoor,2026-08-01,08/04/2026,2026-08-03,Shipped,2
WO0005627,Northeast-1,Electronics,2026-08-01,08/03/2026,2026-08-03,SHIPPED,3
WO0005628,Northeast-1,Outdoor,2026-08-01,2026-08-02,2026-08-02,shipped,8
WO0005629,Midwest-2,Home Goods,2026-08-01,08/03/2026,08/02/2026,SHIPPED,5
WO0005630,Midwest-2,Home Goods,2026-08-01,2026-08-02,2026-08-01,shipped,2
WO0005631,Northeast-1,Electronics,08/01/2026,2026-08-04,2026-08-03,Shipped,7
WO0005632,Northeast-1,Office Supplies,2026-08-01,08/04/2026,2026-08-03, Shipped,3
WO0005633,Northeast-1,Outdoor,08/01/2026,08/02/2026,2026-08-02,SHIPPED,3
WO0005634,Northeast-1,Electronics,2026-08-01,2026-08-02,2026-08-07,Delayed,3
WO0005635,South-4,Office Supplies,2026-08-01,08/04/2026,2026-08-03,Shipped,10
WO0005636,South-4,Home Goods,08/01/2026,2026-08-02,08/01/2026, Shipped,1
WO0005637,Midwest-2,Outdoor,2026-08-01,2026-08-03,08/03/2026,shipped,2
WO0005638,Midwest-2,Outdoor,08/01/2026,2026-08-03,08/02/2026,shipped,8
WO0005639,Midwest-2,Apparel,08/01/2026,2026-08-02,08/01/2026,SHIPPED,6
WO0005640,South-4,Home Goods,2026-08-01,2026-08-02,08/02/2026,SHIPPED,5
WO0005641,West-3,Office Supplies,08/01/2026,2026-08-03,08/03/2026,Shipped,1
WO0005642,South-4,Office Supplies,2026-08-01,08/04/2026,08/04/2026,Shipped,1
WO0005643,Northeast-1,Apparel,08/01/2026,2026-08-03,08/02/2026, Shipped,7
WO0005644,Northeast-1,Apparel,2026-08-01,08/02/2026,08/02/2026,SHIPPED,9
WO0005645,South-4,Home Goods,2026-08-01,2026-08-04,08/03/2026,Shipped,3
WO0005646,West-3,Office Supplies,2026-08-01,2026-08-02,2026-08-01,Shipped,7
WO0005647,West-3,Outdoor,2026-08-01,2026-08-04,08/03/2026, Shipped,8
WO0005648,South-4,Office Supplies,08/01/2026,2026-08-03,2026-08-02, Shipped,8
WO0005649,South-4,Outdoor,08/01/2026,2026-08-04,2026-08-04,SHIPPED,11
WO0005650,Northeast-1,Home Goods,2026-08-01,08/02/2026,2026-08-02,shipped,7
WO0005651,Northeast-1,Home Goods,08/01/2026,08/04/2026,2026-08-04,Shipped,4
WO0005652,South-4,Outdoor,2026-08-01,08/04/2026,,DELAYED,4
WO0005653,Northeast-1,Electronics,08/01/2026,08/04/2026,08/04/2026, Shipped,4
WO0005654,West-3,Outdoor,2026-08-01,08/02/2026,2026-08-01,SHIPPED,4
WO0005655,Northeast-1,Office Supplies,2026-08-01,2026-08-04,2026-08-04,SHIPPED,9
WO0005656,Northeast-1,Office Supplies,2026-08-01,2026-08-03,08/03/2026,SHIPPED,8
WO0005657,West-3,Electronics,08/01/2026,2026-08-03,2026-08-02,SHIPPED,5
WO0005658,West-3,Electronics,08/01/2026,08/02/2026,2026-08-01,shipped,7
WO0005659,Midwest-2,Office Supplies,08/01/2026,2026-08-04,2026-08-03,Shipped,1
WO0005660,Midwest-2,Home Goods,08/01/2026,08/04/2026,08/03/2026,Shipped,10
WO0005661,West-3,Electronics,08/01/2026,08/03/2026,08/02/2026, Shipped,5
WO0005662,South-4,Apparel,08/01/2026,08/02/2026,08/01/2026,Shipped,5
WO0005663,Northeast-1,Outdoor,08/01/2026,08/03/2026,2026-08-03, Shipped,11
WO0005664,South-4,Home Goods,2026-08-01,08/03/2026,08/02/2026,Shipped,9
WO0005665,South-4,Home Goods,2026-08-01,08/03/2026,08/02/2026,Shipped,-1
WO0005666,Midwest-2,Outdoor,08/01/2026,2026-08-02,2026-08-02,Shipped,2
WO0005667,South-4,Home Goods,2026-08-01,2026-08-04,2026-08-03, Shipped,7
WO0005668,South-4,Home Goods,08/01/2026,08/03/2026,08/02/2026,SHIPPED,7
WO0005669,West-3,Outdoor,08/01/2026,2026-08-02,08/02/2026,shipped,6
WO0005670,Midwest-2,Electronics,2026-08-01,2026-08-03,08/03/2026, Shipped,6
WO0005671,West-3,Apparel,2026-08-01,2026-08-03,08/03/2026,shipped,6
WO0005672,West-3,Home Goods,2026-08-01,08/04/2026,08/04/2026,Shipped,10
WO0005673,South-4,Apparel,2026-08-01,08/03/2026,08/03/2026,Shipped,6
WO0005674,South-4,Apparel,08/01/2026,2026-08-02,2026-08-02,shipped,7
WO0005675,South-4,Home Goods,08/01/2026,08/04/2026,2026-08-04,Shipped,5
WO0005676,Midwest-2,Home Goods,08/01/2026,08/03/2026,,Cancelled,10
WO0005677,West-3,Home Goods,2026-08-01,2026-08-04,2026-08-04, Shipped,11
WO0005678,Midwest-2,Outdoor,2026-08-01,08/03/2026,2026-08-07,delayed,5
WO0005679,Midwest-2,Electronics,08/01/2026,2026-08-03,2026-08-02,SHIPPED,8
WO0005680,Midwest-2,Apparel,08/01/2026,08/02/2026,08/01/2026,Shipped,1
WO0005681,South-4,Outdoor,2026-08-01,2026-08-04,08/04/2026,shipped,11
WO0005682,Northeast-1,Office Supplies,2026-08-01,08/04/2026,2026-08-04,shipped,3
WO0005683,Midwest-2,Office Supplies,2026-08-01,2026-08-02,08/02/2026,shipped,2
WO0005684,Midwest-2,Electronics,2026-08-01,08/02/2026,2026-08-02, Shipped,3
WO0005685,Midwest-2,Apparel,2026-08-01,2026-08-02,2026-08-01,Shipped,10
WO0005686,South-4,Apparel,08/01/2026,2026-08-03,2026-08-03,SHIPPED,6
WO0005687,Northeast-1,Office Supplies,08/01/2026,2026-08-04,08/04/2026,SHIPPED,2
WO0005688,Northeast-1,Electronics,2026-08-01,2026-08-02,2026-08-01,Shipped,6
WO0005689,West-3,Apparel,08/01/2026,08/04/2026,08/03/2026,SHIPPED,7
WO0005690,South-4,Office Supplies,08/01/2026,08/03/2026,,delayed,6
WO0005691,Northeast-1,Outdoor,2026-08-01,2026-08-03,2026-08-02,SHIPPED,1
WO0005692,South-4,Office Supplies,2026-08-01,08/04/2026,08/04/2026,SHIPPED,8
WO0005693,Midwest-2,Outdoor,08/01/2026,08/04/2026,2026-08-04, Shipped,10
WO0005694,West-3,Apparel,08/01/2026,2026-08-04,,delayed,9
WO0005695,South-4,Office Supplies,08/01/2026,08/02/2026,2026-08-02,shipped,11
WO0005696,Northeast-1,Outdoor,08/01/2026,08/04/2026,08/04/2026,SHIPPED,1
WO0005697,Northeast-1,Electronics,2026-08-01,08/02/2026,08/02/2026,Shipped,2
WO0005698,Northeast-1,Electronics,2026-08-01,2026-08-02,2026-08-01, Shipped,2
WO0005699,Northeast-1,Office Supplies,2026-08-01,2026-08-02,2026-08-02,Shipped,11
WO0005700,West-3,Outdoor,08/01/2026,2026-08-03,08/02/2026,SHIPPED,9
WO0005701,Midwest-2,Outdoor,08/01/2026,2026-08-04,2026-08-03,shipped,1
WO0005702,West-3,Electronics,2026-08-01,2026-08-03,08/03/2026,Shipped,6
WO0005703,West-3,Electronics,08/01/2026,2026-08-04,08/04/2026, Shipped,11
WO0005704,Northeast-1,Apparel,2026-08-01,2026-08-03,2026-08-03,SHIPPED,4
WO0005705,South-4,Office Supplies,2026-08-01,08/02/2026,2026-08-02,SHIPPED,8
WO0005706,Midwest-2,Electronics,08/01/2026,2026-08-02,2026-08-02, Shipped,4
WO0005707,Northeast-1,Apparel,08/01/2026,2026-08-04,2026-08-04,SHIPPED,3
WO0005708,Midwest-2,Outdoor,08/01/2026,2026-08-03,2026-08-02, Shipped,1
WO0005709,West-3,Apparel,08/01/2026,08/04/2026,08/04/2026, Shipped,1
WO0005710,South-4,Home Goods,08/01/2026,08/03/2026,2026-08-03,Shipped,4
WO0005711,Midwest-2,Home Goods,08/01/2026,08/02/2026,08/01/2026, Shipped,5
WO0005712,South-4,Home Goods,08/01/2026,08/04/2026,08/04/2026,SHIPPED,11
WO0005713,South-4,Office Supplies,08/01/2026,08/04/2026,2026-08-04,SHIPPED,7
WO0005714,South-4,Office Supplies,08/01/2026,08/02/2026,08/02/2026, Shipped,4
WO0005715,Midwest-2,Outdoor,2026-08-01,08/03/2026,,Delayed,2
WO0005716,West-3,Home Goods,2026-08-01,08/02/2026,2026-08-02,shipped,6
WO0005717,West-3,Electronics,2026-08-01,08/02/2026,08/01/2026,SHIPPED,11
WO0005718,Northeast-1,Home Goods,08/01/2026,2026-08-02,08/02/2026,shipped,6
WO0005719,Midwest-2,Outdoor,08/01/2026,08/02/2026,2026-08-02, Shipped,8
WO0005720,West-3,Electronics,2026-08-01,08/03/2026,2026-08-03,Shipped,2
WO0005721,Northeast-1,Home Goods,08/01/2026,08/03/2026,,Delayed,9
WO0005722,Midwest-2,Outdoor,08/01/2026,2026-08-03,2026-08-02,shipped,3
WO0005723,South-4,Apparel,2026-08-01,2026-08-02,08/02/2026, Shipped,11
WO0005724,West-3,Office Supplies,08/01/2026,08/03/2026,2026-08-02, Shipped,5
WO0005725,Northeast-1,Electronics,08/01/2026,08/02/2026,2026-08-01,Shipped,5
WO0005726,Midwest-2,Home Goods,2026-08-01,2026-08-04,2026-08-03,SHIPPED,11
WO0005727,West-3,Outdoor,2026-08-01,08/02/2026,08/01/2026, Shipped,8
WO0005728,Midwest-2,Outdoor,08/01/2026,2026-08-03,08/03/2026,Shipped,3
WO0005729,West-3,Home Goods,08/01/2026,2026-08-03,,delayed,11
WO0005730,West-3,Office Supplies,2026-08-01,08/03/2026,2026-08-03,shipped,5
WO0005731,Northeast-1,Outdoor,08/01/2026,2026-08-02,2026-08-01,Shipped,10
WO0005732,Midwest-2,Electronics,08/01/2026,2026-08-02,08/02/2026, Shipped,3
WO0005733,West-3,Home Goods,2026-08-01,08/03/2026,2026-08-02,Shipped,2
WO0005734,West-3,Apparel,2026-08-01,2026-08-04,08/04/2026, Shipped,4
WO0005735,Midwest-2,Home Goods,08/01/2026,2026-08-03,2026-08-02, Shipped,5
WO0005736,South-4,Home Goods,08/01/2026,2026-08-04,2026-08-04,shipped,10
WO0005737,West-3,Apparel,2026-08-01,08/03/2026,08/05/2026,delayed,4
WO0005738,,Apparel,2026-08-01,08/03/2026,08/05/2026,delayed,4
WO0005739,Northeast-1,Home Goods,08/01/2026,2026-08-04,,delayed,1
WO0005740,West-3,Outdoor,2026-08-01,2026-08-03,2026-08-03,Shipped,10
WO0005741,Northeast-1,Office Supplies,08/01/2026,2026-08-04,08/03/2026,Shipped,4
WO0005742,Midwest-2,Electronics,2026-08-02,08/03/2026,2026-08-03, Shipped,8
WO0005743,West-3,Outdoor,08/02/2026,2026-08-03,2026-08-03, Shipped,9
WO0005744,Midwest-2,Home Goods,2026-08-02,08/04/2026,08/03/2026,shipped,4
WO0005745,West-3,Apparel,08/02/2026,08/03/2026,08/03/2026,Shipped,11
WO0005746,West-3,Electronics,2026-08-02,2026-08-03,08/04/2026,delayed,6
WO0005747,South-4,Office Supplies,2026-08-02,2026-08-04,2026-08-04,Shipped,11
WO0005748,South-4,Office Supplies,08/02/2026,2026-08-04,2026-08-06,delayed,5
WO0005749,Midwest-2,Electronics,2026-08-02,08/03/2026,2026-08-02,SHIPPED,4
WO0005750,Midwest-2,Apparel,2026-08-02,2026-08-05,08/05/2026,Shipped,3
WO0005751,West-3,Apparel,2026-08-02,2026-08-03,2026-08-03,Shipped,5
WO0005752,West-3,Outdoor,2026-08-02,08/04/2026,2026-08-03,shipped,4
WO0005753,Midwest-2,Outdoor,2026-08-02,2026-08-04,2026-08-04, Shipped,9
WO0005754,Midwest-2,Home Goods,08/02/2026,2026-08-04,08/04/2026, Shipped,4
WO0005755,Midwest-2,Office Supplies,08/02/2026,2026-08-05,2026-08-05, Shipped,9
WO0005756,Northeast-1,Office Supplies,08/02/2026,2026-08-03,08/03/2026,SHIPPED,7
WO0005757,Midwest-2,Apparel,08/02/2026,08/05/2026,,delayed,8
WO0005758,South-4,Electronics,08/02/2026,08/03/2026,2026-08-03,SHIPPED,9
WO0005759,Northeast-1,Electronics,2026-08-02,2026-08-03,08/02/2026, Shipped,9
WO0005760,Midwest-2,Office Supplies,08/02/2026,2026-08-03,2026-08-02,Shipped,4
WO0005761,South-4,Apparel,08/02/2026,2026-08-04,08/03/2026,SHIPPED,6
WO0005762,Midwest-2,Electronics,2026-08-02,2026-08-05,2026-08-05,Shipped,2
WO0005763,South-4,Home Goods,08/02/2026,08/03/2026,08/02/2026, Shipped,9
WO0005764,West-3,Outdoor,08/02/2026,2026-08-03,2026-08-03,SHIPPED,11
WO0005765,Northeast-1,Electronics,2026-08-02,2026-08-03,2026-08-03,shipped,9
WO0005766,West-3,Outdoor,2026-08-02,08/03/2026,08/02/2026,SHIPPED,11
WO0005767,Midwest-2,Apparel,08/02/2026,2026-08-05,2026-08-05,SHIPPED,11
WO0005768,Midwest-2,Apparel,08/02/2026,2026-08-05,08/05/2026,Shipped,11
WO0005769,Northeast-1,Electronics,08/02/2026,08/05/2026,08/04/2026,SHIPPED,4
WO0005770,South-4,Apparel,2026-08-02,08/05/2026,2026-08-04,SHIPPED,5
WO0005771,West-3,Apparel,08/02/2026,08/03/2026,,Delayed,4
WO0005772,Northeast-1,Apparel,2026-08-02,2026-08-03,08/03/2026,Shipped,8
WO0005773,Northeast-1,Apparel,2026-08-02,2026-08-05,,Delayed,11
WO0005774,Midwest-2,Office Supplies,2026-08-02,08/05/2026,2026-08-05,shipped,3
WO0005775,South-4,Office Supplies,08/02/2026,08/04/2026,2026-08-03,shipped,3
WO0005776,West-3,Electronics,2026-08-02,2026-08-05,08/05/2026, Shipped,3
WO0005777,Northeast-1,Outdoor,08/02/2026,08/04/2026,2026-08-03,shipped,9
WO0005778,Midwest-2,Home Goods,08/02/2026,2026-08-04,08/03/2026,Shipped,7
WO0005779,Midwest-2,Electronics,2026-08-02,08/05/2026,2026-08-05,shipped,1
WO0005780,South-4,Electronics,2026-08-02,08/05/2026,08/07/2026,Delayed,7
WO0005781,West-3,Electronics,2026-08-02,2026-08-04,2026-08-03,SHIPPED,2
WO0005782,South-4,Outdoor,2026-08-02,08/05/2026,2026-08-04, Shipped,8
WO0005783,Midwest-2,Office Supplies,08/02/2026,2026-08-04,2026-08-03, Shipped,8
WO0005784,Northeast-1,Home Goods,08/02/2026,2026-08-04,08/03/2026,SHIPPED,2
WO0005784,Northeast-1,Home Goods,08/02/2026,2026-08-04,08/03/2026,SHIPPED,2
WO0005785,Northeast-1,Home Goods,2026-08-02,08/04/2026,2026-08-03,Shipped,5
WO0005786,South-4,Home Goods,08/02/2026,2026-08-04,2026-08-04, Shipped,3
WO0005787,Northeast-1,Office Supplies,08/02/2026,08/05/2026,08/04/2026,SHIPPED,11
WO0005788,Northeast-1,Home Goods,08/02/2026,2026-08-03,2026-08-03,shipped,1
WO0005789,West-3,Electronics,08/02/2026,08/03/2026,2026-08-02, Shipped,5
WO0005790,South-4,Home Goods,2026-08-02,08/04/2026,2026-08-03,SHIPPED,10
WO0005791,South-4,Home Goods,2026-08-02,2026-08-03,08/02/2026,SHIPPED,11
WO0005792,West-3,Office Supplies,2026-08-02,08/04/2026,2026-08-03, Shipped,10
WO0005793,West-3,Home Goods,08/02/2026,08/05/2026,08/05/2026,Shipped,3
WO0005794,South-4,Home Goods,08/02/2026,2026-08-05,2026-08-05, Shipped,10
WO0005795,South-4,Electronics,2026-08-02,08/05/2026,08/05/2026,SHIPPED,3
WO0005796,Midwest-2,Apparel,08/02/2026,2026-08-05,2026-08-04, Shipped,10
WO0005797,Northeast-1,Electronics,08/02/2026,08/05/2026,08/05/2026,Shipped,5
WO0005798,Northeast-1,Outdoor,2026-08-02,2026-08-03,08/03/2026,SHIPPED,6
WO0005799,Northeast-1,Home Goods,2026-08-02,2026-08-04,2026-08-04, Shipped,3
WO0005800,South-4,Office Supplies,2026-08-02,2026-08-05,2026-08-05,Shipped,2
WO0005801,Midwest-2,Office Supplies,08/02/2026,08/03/2026,08/02/2026, Shipped,7
WO0005802,Northeast-1,Electronics,2026-08-02,2026-08-05,08/04/2026, Shipped,4
WO0005803,West-3,Office Supplies,08/02/2026,08/03/2026,2026-08-02,Shipped,2
WO0005804,Northeast-1,Outdoor,08/02/2026,08/03/2026,2026-08-02,shipped,11
WO0005805,South-4,Home Goods,08/02/2026,2026-08-05,08/05/2026,SHIPPED,3
WO0005806,South-4,Electronics,08/02/2026,08/05/2026,08/04/2026,Shipped,8
WO0005807,South-4,Apparel,2026-08-02,2026-08-04,2026-08-04,Shipped,2
WO0005808,Midwest-2,Home Goods,2026-08-02,2026-08-03,2026-08-02, Shipped,9
WO0005809,South-4,Home Goods,08/02/2026,08/05/2026,2026-08-04, Shipped,3
WO0005809,South-4,Home Goods,08/02/2026,08/05/2026,2026-08-04, Shipped,3
WO0005810,South-4,Apparel,08/02/2026,08/03/2026,2026-08-02,shipped,3
WO0005811,West-3,Apparel,08/02/2026,2026-08-03,08/03/2026,shipped,8
WO0005812,South-4,Outdoor,08/02/2026,2026-08-05,08/05/2026,Shipped,2
WO0005813,Midwest-2,Outdoor,2026-08-02,2026-08-05,08/05/2026, Shipped,6
WO0005814,Northeast-1,Home Goods,2026-08-02,08/04/2026,2026-08-03,shipped,9
WO0005815,West-3,Home Goods,08/02/2026,2026-08-05,2026-08-05,shipped,10
WO0005816,Midwest-2,Office Supplies,08/02/2026,08/03/2026,08/03/2026, Shipped,11
WO0005817,,Office Supplies,08/02/2026,08/03/2026,08/03/2026, Shipped,11
WO0005818,South-4,Office Supplies,08/02/2026,08/05/2026,08/04/2026,Shipped,7
WO0005819,Midwest-2,Office Supplies,08/02/2026,08/03/2026,,delayed,1
WO0005820,South-4,Office Supplies,2026-08-02,2026-08-04,2026-08-04,shipped,10
WO0005821,West-3,Outdoor,2026-08-02,08/05/2026,2026-08-05, Shipped,4
WO0005822,Northeast-1,Office Supplies,08/02/2026,08/04/2026,2026-08-04,shipped,10
WO0005823,,Office Supplies,08/02/2026,08/04/2026,2026-08-04,shipped,10
WO0005824,Northeast-1,Electronics,08/02/2026,08/03/2026,08/02/2026,SHIPPED,11
WO0005825,West-3,Apparel,08/02/2026,2026-08-03,2026-08-02,SHIPPED,11
WO0005826,Midwest-2,Electronics,08/02/2026,2026-08-04,2026-08-04,SHIPPED,4
WO0005827,Midwest-2,Apparel,2026-08-02,2026-08-04,2026-08-03,Shipped,5
WO0005828,Northeast-1,Apparel,08/02/2026,2026-08-05,08/04/2026, Shipped,10
WO0005829,West-3,Outdoor,08/02/2026,2026-08-03,08/03/2026,SHIPPED,3
WO0005830,Northeast-1,Office Supplies,08/02/2026,2026-08-05,2026-08-05, Shipped,11
WO0005831,Midwest-2,Apparel,08/02/2026,2026-08-03,2026-08-02,Shipped,6
WO0005832,South-4,Electronics,2026-08-02,2026-08-04,08/04/2026,shipped,7
WO0005833,West-3,Office Supplies,2026-08-02,2026-08-03,08/03/2026,shipped,6
WO0005834,South-4,Home Goods,08/02/2026,08/03/2026,2026-08-03,Shipped,1
WO0005835,South-4,Apparel,08/02/2026,08/04/2026,08/03/2026,shipped,9
WO0005836,West-3,Office Supplies,2026-08-02,2026-08-03,2026-08-03,shipped,10
WO0005837,Northeast-1,Electronics,08/02/2026,08/03/2026,2026-08-02,Shipped,7
WO0005838,Midwest-2,Outdoor,2026-08-02,2026-08-03,2026-08-03,SHIPPED,6
WO0005839,West-3,Home Goods,2026-08-02,08/04/2026,2026-08-04, Shipped,3
WO0005840,West-3,Home Goods,2026-08-02,08/03/2026,2026-08-02,Shipped,2
WO0005841,South-4,Apparel,2026-08-02,2026-08-05,08/04/2026,Shipped,4
WO0005842,Northeast-1,Electronics,2026-08-02,2026-08-03,,delayed,10
WO0005843,Northeast-1,Office Supplies,2026-08-02,08/04/2026,2026-08-04,shipped,3
WO0005844,South-4,Home Goods,08/02/2026,2026-08-03,08/02/2026, Shipped,4
WO0005844,South-4,Home Goods,08/02/2026,2026-08-03,08/02/2026, Shipped,4
WO0005845,West-3,Apparel,08/02/2026,2026-08-04,08/04/2026,shipped,5
WO0005846,Northeast-1,Outdoor,08/02/2026,2026-08-05,08/05/2026,shipped,1
WO0005847,West-3,Home Goods,08/02/2026,2026-08-05,08/05/2026,SHIPPED,9
WO0005848,West-3,Office Supplies,2026-08-02,2026-08-05,2026-08-04,shipped,1
WO0005849,Northeast-1,Apparel,2026-08-02,08/05/2026,08/04/2026,shipped,6
WO0005850,West-3,Outdoor,08/02/2026,2026-08-03,2026-08-03,SHIPPED,6
WO0005851,West-3,Apparel,2026-08-02,2026-08-03,,DELAYED,3
WO0005852,West-3,Electronics,08/02/2026,2026-08-03,2026-08-02,Shipped,8
WO0005853,Northeast-1,Apparel,2026-08-02,08/05/2026,2026-08-04,shipped,7
WO0005854,Northeast-1,Outdoor,08/02/2026,2026-08-05,08/05/2026,Shipped,2
WO0005855,Northeast-1,Electronics,08/02/2026,08/03/2026,08/06/2026,DELAYED,1
WO0005856,West-3,Outdoor,08/02/2026,08/03/2026,08/02/2026,shipped,10
WO0005857,Midwest-2,Office Supplies,08/02/2026,08/04/2026,08/03/2026,shipped,10
WO0005858,Northeast-1,Home Goods,08/02/2026,08/04/2026,2026-08-04,Shipped,6
WO0005859,Midwest-2,Outdoor,2026-08-02,2026-08-05,08/05/2026, Shipped,6
WO0005860,Midwest-2,Apparel,2026-08-02,08/04/2026,2026-08-04,shipped,7
WO0005861,Northeast-1,Office Supplies,2026-08-02,2026-08-03,08/03/2026, Shipped,6
WO0005862,Northeast-1,Office Supplies,2026-08-02,08/04/2026,2026-08-04,shipped,11
WO0005863,West-3,Apparel,2026-08-02,2026-08-05,08/04/2026,Shipped,8
WO0005864,Midwest-2,Home Goods,08/02/2026,2026-08-05,2026-08-05,Shipped,3
WO0005865,Northeast-1,Home Goods,2026-08-02,2026-08-03,2026-08-02,SHIPPED,9
WO0005866,South-4,Apparel,2026-08-02,08/03/2026,2026-08-02,SHIPPED,7
WO0005867,Midwest-2,Apparel,2026-08-02,2026-08-04,2026-08-04, Shipped,8
WO0005868,West-3,Electronics,08/02/2026,08/03/2026,08/03/2026,Shipped,11
WO0005869,West-3,Electronics,2026-08-02,2026-08-04,2026-08-03, Shipped,2
WO0005870,South-4,Home Goods,2026-08-02,2026-08-03,2026-08-03,Shipped,1
WO0005871,Northeast-1,Outdoor,2026-08-02,2026-08-04,2026-08-04,shipped,10
WO0005872,Midwest-2,Office Supplies,2026-08-02,2026-08-05,2026-08-04,SHIPPED,1
WO0005873,South-4,Home Goods,08/02/2026,2026-08-05,2026-08-04,Shipped,8
WO0005874,West-3,Home Goods,2026-08-02,2026-08-03,,delayed,11
WO0005875,Northeast-1,Home Goods,2026-08-02,2026-08-03,08/06/2026,delayed,8
WO0005876,South-4,Electronics,08/02/2026,2026-08-04,,delayed,1
WO0005877,West-3,Office Supplies,08/02/2026,08/04/2026,08/04/2026, Shipped,1
WO0005878,Northeast-1,Office Supplies,2026-08-02,2026-08-04,2026-08-03, Shipped,3
WO0005879,Northeast-1,Outdoor,08/02/2026,2026-08-05,08/04/2026,Shipped,2
WO0005880,Midwest-2,Apparel,2026-08-02,2026-08-03,2026-08-02, Shipped,6
WO0005881,Northeast-1,Office Supplies,08/03/2026,08/05/2026,2026-08-04,Shipped,11
WO0005882,Northeast-1,Outdoor,2026-08-03,08/06/2026,2026-08-06,shipped,11
WO0005883,West-3,Apparel,08/03/2026,08/06/2026,08/05/2026,SHIPPED,3
WO0005884,Midwest-2,Outdoor,08/03/2026,08/04/2026,08/04/2026,SHIPPED,6
WO0005885,West-3,Office Supplies,08/03/2026,2026-08-06,08/06/2026,shipped,1
WO0005886,West-3,Outdoor,08/03/2026,2026-08-04,08/04/2026, Shipped,7
WO0005887,Midwest-2,Home Goods,2026-08-03,2026-08-04,,Delayed,8
WO0005888,West-3,Apparel,2026-08-03,2026-08-04,08/03/2026, Shipped,7
WO0005889,Midwest-2,Office Supplies,08/03/2026,2026-08-06,2026-08-08,delayed,5
WO0005890,Midwest-2,Apparel,08/03/2026,2026-08-05,2026-08-04,SHIPPED,7
WO0005891,Midwest-2,Electronics,08/03/2026,08/04/2026,08/04/2026,shipped,7
WO0005892,Midwest-2,Outdoor,2026-08-03,08/06/2026,,delayed,2
WO0005893,Northeast-1,Electronics,2026-08-03,08/05/2026,2026-08-05, Shipped,9
WO0005894,Midwest-2,Office Supplies,08/03/2026,2026-08-04,08/03/2026,shipped,11
WO0005895,West-3,Outdoor,2026-08-03,08/05/2026,08/05/2026, Shipped,10
WO0005896,Midwest-2,Outdoor,08/03/2026,08/06/2026,2026-08-05, Shipped,9
WO0005897,West-3,Outdoor,08/03/2026,08/06/2026,08/05/2026, Shipped,1
WO0005898,South-4,Electronics,2026-08-03,2026-08-05,08/05/2026,shipped,3
WO0005899,Midwest-2,Home Goods,2026-08-03,08/04/2026,08/04/2026,SHIPPED,3
WO0005900,West-3,Apparel,2026-08-03,2026-08-04,08/03/2026, Shipped,9
WO0005901,Midwest-2,Home Goods,08/03/2026,08/04/2026,2026-08-03,Shipped,9
WO0005902,South-4,Electronics,2026-08-03,2026-08-05,2026-08-04, Shipped,2
WO0005903,South-4,Home Goods,2026-08-03,2026-08-06,2026-08-05,Shipped,3
WO0005904,West-3,Outdoor,08/03/2026,2026-08-06,08/06/2026,shipped,9
WO0005905,Northeast-1,Home Goods,2026-08-03,08/04/2026,08/04/2026, Shipped,4
WO0005906,South-4,Home Goods,2026-08-03,2026-08-06,08/05/2026,Shipped,5
WO0005907,Northeast-1,Home Goods,2026-08-03,2026-08-05,2026-08-05,SHIPPED,7
WO0005907,Northeast-1,Home Goods,2026-08-03,2026-08-05,2026-08-05,SHIPPED,7
WO0005908,South-4,Apparel,2026-08-03,2026-08-06,2026-08-05,Shipped,1
WO0005909,West-3,Home Goods,2026-08-03,2026-08-04,,Canceled,10
WO0005910,West-3,Office Supplies,08/03/2026,2026-08-05,08/04/2026, Shipped,11
WO0005911,Northeast-1,Apparel,08/03/2026,2026-08-04,08/08/2026,DELAYED,3
WO0005912,West-3,Outdoor,08/03/2026,08/04/2026,08/03/2026,SHIPPED,10
WO0005913,West-3,Electronics,08/03/2026,08/05/2026,2026-08-04,Shipped,10
WO0005914,West-3,Electronics,08/03/2026,08/06/2026,08/05/2026,shipped,4
WO0005915,West-3,Outdoor,2026-08-03,08/06/2026,08/06/2026,shipped,6
WO0005916,South-4,Home Goods,08/03/2026,08/04/2026,08/03/2026,Shipped,2
WO0005917,Northeast-1,Outdoor,2026-08-03,08/04/2026,08/04/2026,Shipped,2
WO0005918,West-3,Office Supplies,2026-08-03,2026-08-06,08/05/2026,Shipped,8
WO0005919,West-3,Apparel,08/03/2026,2026-08-04,2026-08-04, Shipped,2
WO0005920,South-4,Outdoor,2026-08-03,2026-08-04,08/03/2026, Shipped,10
WO0005921,Midwest-2,Apparel,2026-08-03,08/04/2026,08/04/2026,SHIPPED,3
WO0005922,Midwest-2,Office Supplies,2026-08-03,08/04/2026,2026-08-04,SHIPPED,9
WO0005923,Northeast-1,Apparel,2026-08-03,2026-08-05,08/04/2026,Shipped,7
WO0005924,West-3,Apparel,08/03/2026,08/06/2026,2026-08-05,Shipped,1
WO0005925,West-3,Office Supplies,2026-08-03,08/05/2026,08/10/2026,delayed,11
WO0005926,Midwest-2,Outdoor,08/03/2026,2026-08-04,2026-08-04,shipped,1
WO0005927,South-4,Office Supplies,2026-08-03,2026-08-04,08/03/2026,shipped,7
WO0005928,Midwest-2,Apparel,2026-08-03,08/06/2026,2026-08-06,SHIPPED,3
WO0005929,Northeast-1,Outdoor,08/03/2026,08/05/2026,2026-08-05, Shipped,9
WO0005930,West-3,Apparel,2026-08-03,08/05/2026,2026-08-05,Shipped,6
WO0005931,South-4,Apparel,2026-08-03,08/04/2026,2026-08-04,SHIPPED,5
WO0005932,South-4,Home Goods,08/03/2026,2026-08-04,2026-08-04, Shipped,1
WO0005933,Northeast-1,Outdoor,2026-08-03,08/04/2026,2026-08-04,shipped,2
WO0005934,Northeast-1,Outdoor,08/03/2026,2026-08-06,2026-08-06,SHIPPED,10
WO0005935,West-3,Home Goods,08/03/2026,08/06/2026,08/06/2026,shipped,2
WO0005936,Midwest-2,Home Goods,2026-08-03,08/05/2026,2026-08-04,SHIPPED,3
WO0005937,Northeast-1,Outdoor,08/03/2026,2026-08-05,2026-08-05, Shipped,3
WO0005938,South-4,Home Goods,2026-08-03,08/04/2026,08/03/2026, Shipped,5
WO0005939,West-3,Electronics,2026-08-03,2026-08-05,2026-08-05,shipped,1
WO0005940,Northeast-1,Home Goods,08/03/2026,08/04/2026,08/03/2026,shipped,4
WO0005941,West-3,Apparel,2026-08-03,2026-08-04,2026-08-03,SHIPPED,9
WO0005942,West-3,Electronics,2026-08-03,08/04/2026,2026-08-03,Shipped,10
WO0005943,Midwest-2,Electronics,08/03/2026,08/04/2026,2026-08-04,shipped,8
WO0005944,South-4,Electronics,2026-08-03,08/05/2026,2026-08-04,shipped,9
WO0005945,South-4,Electronics,2026-08-03,08/06/2026,08/06/2026,SHIPPED,3
WO0005946,Northeast-1,Outdoor,2026-08-03,08/05/2026,2026-08-04,Shipped,9
WO0005947,Northeast-1,Apparel,08/03/2026,2026-08-05,2026-08-05, Shipped,5
WO0005948,West-3,Apparel,2026-08-03,08/05/2026,2026-08-04,SHIPPED,9
WO0005949,Northeast-1,Home Goods,2026-08-03,2026-08-04,08/04/2026,Shipped,1
WO0005950,South-4,Apparel,08/03/2026,08/04/2026,08/03/2026, Shipped,2
WO0005951,Midwest-2,Office Supplies,2026-08-03,08/06/2026,08/05/2026,shipped,10
WO0005952,Northeast-1,Office Supplies,08/03/2026,2026-08-04,08/03/2026, Shipped,10
WO0005953,Northeast-1,Apparel,2026-08-03,2026-08-05,2026-08-04,Shipped,2
WO0005954,West-3,Apparel,08/03/2026,2026-08-04,08/03/2026,Shipped,8
WO0005955,West-3,Electronics,2026-08-03,08/04/2026,2026-08-03,shipped,5
WO0005956,Midwest-2,Electronics,08/03/2026,2026-08-04,2026-08-04,SHIPPED,5
WO0005957,Northeast-1,Electronics,2026-08-03,2026-08-05,08/05/2026, Shipped,11
WO0005958,West-3,Outdoor,2026-08-03,2026-08-04,08/04/2026,SHIPPED,5
WO0005959,South-4,Home Goods,2026-08-03,2026-08-05,2026-08-05,shipped,8
WO0005960,Northeast-1,Home Goods,2026-08-03,08/04/2026,2026-08-03,SHIPPED,11
WO0005961,Midwest-2,Outdoor,2026-08-03,08/04/2026,2026-08-08,Delayed,3
WO0005962,Northeast-1,Office Supplies,2026-08-03,2026-08-05,2026-08-04,SHIPPED,4
WO0005963,West-3,Office Supplies,08/03/2026,08/05/2026,08/04/2026,SHIPPED,10
WO0005964,Northeast-1,Apparel,08/03/2026,08/05/2026,08/05/2026, Shipped,5
WO0005964,Northeast-1,Apparel,08/03/2026,08/05/2026,08/05/2026, Shipped,5
WO0005965,Midwest-2,Outdoor,08/03/2026,08/04/2026,08/03/2026,shipped,7
WO0005966,South-4,Office Supplies,08/03/2026,2026-08-06,2026-08-05,SHIPPED,6
WO0005967,Northeast-1,Home Goods,08/03/2026,08/06/2026,,Canceled,9
WO0005968,Northeast-1,Office Supplies,08/03/2026,2026-08-05,2026-08-05, Shipped,9
WO0005969,Northeast-1,Electronics,2026-08-03,2026-08-06,2026-08-05,shipped,6
WO0005970,West-3,Outdoor,2026-08-03,08/06/2026,08/05/2026,Shipped,7
WO0005971,South-4,Electronics,08/03/2026,2026-08-05,2026-08-05,SHIPPED,10
WO0005972,Midwest-2,Office Supplies,2026-08-03,2026-08-06,08/05/2026,SHIPPED,9
WO0005973,Midwest-2,Outdoor,08/03/2026,2026-08-06,08/06/2026,Shipped,3
WO0005974,South-4,Home Goods,2026-08-03,08/04/2026,08/03/2026,SHIPPED,7
WO0005975,Midwest-2,Electronics,08/03/2026,08/05/2026,08/04/2026,SHIPPED,7
WO0005976,West-3,Outdoor,2026-08-03,08/04/2026,2026-08-03,shipped,9
WO0005977,Midwest-2,Electronics,08/03/2026,2026-08-05,08/04/2026, Shipped,2
WO0005978,South-4,Office Supplies,2026-08-03,08/05/2026,08/04/2026,SHIPPED,8
WO0005979,South-4,Apparel,2026-08-03,08/06/2026,2026-08-06,SHIPPED,5
WO0005980,West-3,Outdoor,08/03/2026,2026-08-04,2026-08-03,shipped,5
WO0005981,Midwest-2,Home Goods,2026-08-03,2026-08-06,,cancelled,4
WO0005982,South-4,Apparel,08/03/2026,08/05/2026,08/04/2026, Shipped,5
WO0005983,Northeast-1,Outdoor,2026-08-03,08/04/2026,2026-08-03, Shipped,6
WO0005984,Midwest-2,Electronics,08/03/2026,08/04/2026,2026-08-04, Shipped,10
WO0005985,West-3,Apparel,08/03/2026,2026-08-06,08/05/2026,Shipped,11
WO0005986,South-4,Home Goods,2026-08-03,2026-08-04,2026-08-03,SHIPPED,6
WO0005987,,Home Goods,2026-08-03,2026-08-04,2026-08-03,SHIPPED,6
WO0005988,West-3,Office Supplies,08/03/2026,2026-08-04,2026-08-03,shipped,10
WO0005989,Northeast-1,Electronics,2026-08-03,08/04/2026,08/04/2026,SHIPPED,1
WO0005990,Northeast-1,Electronics,08/03/2026,08/04/2026,2026-08-03,shipped,8
WO0005991,Northeast-1,Electronics,08/03/2026,08/05/2026,2026-08-04,Shipped,11
WO0005992,Northeast-1,Office Supplies,08/03/2026,08/06/2026,2026-08-05, Shipped,8
WO0005993,Midwest-2,Apparel,2026-08-03,08/06/2026,2026-08-06,Shipped,5
WO0005994,South-4,Office Supplies,08/03/2026,08/06/2026,2026-08-05,SHIPPED,4
WO0005995,Northeast-1,Home Goods,08/03/2026,08/05/2026,2026-08-05,Shipped,11
WO0005996,West-3,Office Supplies,2026-08-03,2026-08-06,2026-08-05,shipped,4
WO0005997,Northeast-1,Home Goods,2026-08-03,2026-08-05,2026-08-05,SHIPPED,9
WO0005998,,Home Goods,2026-08-03,2026-08-05,2026-08-05,SHIPPED,9
WO0005999,Midwest-2,Apparel,08/03/2026,08/04/2026,2026-08-03, Shipped,7
WO0006000,South-4,Outdoor,2026-08-03,08/05/2026,2026-08-04,Shipped,10
WO0006001,South-4,Outdoor,08/03/2026,2026-08-05,2026-08-05,shipped,11
WO0006002,South-4,Office Supplies,2026-08-03,08/05/2026,2026-08-04,SHIPPED,7
WO0006003,West-3,Electronics,08/03/2026,08/06/2026,08/05/2026,shipped,5
WO0006003,West-3,Electronics,08/03/2026,08/06/2026,08/05/2026,shipped,5
WO0006004,West-3,Electronics,2026-08-03,2026-08-04,08/03/2026,shipped,2
WO0006005,Midwest-2,Apparel,08/03/2026,08/05/2026,2026-08-05, Shipped,9
WO0006006,Midwest-2,Office Supplies,08/03/2026,08/04/2026,08/04/2026, Shipped,5
WO0006007,South-4,Outdoor,08/03/2026,2026-08-06,2026-08-05,SHIPPED,3
WO0006008,South-4,Office Supplies,2026-08-04,2026-08-05,2026-08-04, Shipped,2
WO0006009,Midwest-2,Outdoor,08/04/2026,08/05/2026,08/04/2026,Shipped,11
WO0006010,South-4,Apparel,08/04/2026,2026-08-05,2026-08-05, Shipped,1
WO0006011,South-4,Electronics,2026-08-04,08/07/2026,08/06/2026, Shipped,1
WO0006012,Northeast-1,Office Supplies,08/04/2026,08/06/2026,2026-08-05,shipped,8
WO0006013,South-4,Office Supplies,2026-08-04,08/07/2026,2026-08-06,shipped,3
WO0006014,West-3,Home Goods,2026-08-04,2026-08-05,08/04/2026,shipped,7
WO0006015,Midwest-2,Electronics,2026-08-04,2026-08-07,08/07/2026,shipped,7
WO0006016,Northeast-1,Home Goods,2026-08-04,08/06/2026,2026-08-05,SHIPPED,5
WO0006017,South-4,Home Goods,2026-08-04,08/07/2026,08/07/2026,SHIPPED,4
WO0006017,South-4,Home Goods,2026-08-04,08/07/2026,08/07/2026,SHIPPED,4
WO0006018,South-4,Apparel,08/04/2026,08/07/2026,08/10/2026,DELAYED,4
WO0006019,West-3,Electronics,2026-08-04,2026-08-07,2026-08-06, Shipped,2
WO0006020,Midwest-2,Electronics,2026-08-04,08/05/2026,2026-08-04,Shipped,2
WO0006021,Midwest-2,Office Supplies,2026-08-04,2026-08-07,2026-08-07,shipped,4
WO0006021,Midwest-2,Office Supplies,2026-08-04,2026-08-07,2026-08-07,shipped,4
WO0006022,South-4,Outdoor,2026-08-04,08/07/2026,08/06/2026,Shipped,2
WO0006023,Midwest-2,Home Goods,08/04/2026,08/05/2026,2026-08-04,Shipped,7
WO0006024,Midwest-2,Outdoor,08/04/2026,2026-08-07,2026-08-11,Delayed,5
WO0006025,Midwest-2,Home Goods,08/04/2026,08/07/2026,2026-08-06,SHIPPED,5
WO0006026,Midwest-2,Electronics,2026-08-04,2026-08-06,08/06/2026,shipped,5
WO0006027,South-4,Outdoor,2026-08-04,2026-08-05,08/05/2026, Shipped,4
WO0006028,Midwest-2,Office Supplies,2026-08-04,08/05/2026,2026-08-05,shipped,5
WO0006029,South-4,Electronics,2026-08-04,2026-08-07,,DELAYED,3
WO0006030,Midwest-2,Outdoor,08/04/2026,08/06/2026,08/06/2026,Shipped,7
WO0006031,Northeast-1,Office Supplies,2026-08-04,2026-08-07,2026-08-07, Shipped,1
WO0006032,Midwest-2,Apparel,08/04/2026,2026-08-06,2026-08-06,shipped,4
WO0006033,Midwest-2,Electronics,08/04/2026,2026-08-07,2026-08-11,Delayed,2
WO0006034,Midwest-2,Electronics,2026-08-04,2026-08-06,2026-08-05, Shipped,10
WO0006035,South-4,Apparel,2026-08-04,08/07/2026,2026-08-09,Delayed,5
WO0006036,Midwest-2,Apparel,2026-08-04,2026-08-06,08/05/2026, Shipped,4
WO0006037,South-4,Apparel,2026-08-04,08/05/2026,2026-08-04,Shipped,6
WO0006038,Northeast-1,Outdoor,2026-08-04,08/05/2026,08/05/2026,shipped,4
WO0006039,South-4,Home Goods,08/04/2026,2026-08-07,2026-08-06,Shipped,2
WO0006040,West-3,Outdoor,08/04/2026,08/05/2026,08/08/2026,delayed,5
WO0006041,Midwest-2,Outdoor,08/04/2026,08/05/2026,08/05/2026,Shipped,7
WO0006042,West-3,Apparel,2026-08-04,08/07/2026,2026-08-06,Shipped,2
WO0006043,South-4,Home Goods,08/04/2026,2026-08-05,08/04/2026,shipped,5
WO0006044,Midwest-2,Apparel,08/04/2026,08/05/2026,08/04/2026,shipped,6
WO0006044,Midwest-2,Apparel,08/04/2026,08/05/2026,08/04/2026,shipped,6
WO0006045,West-3,Apparel,08/04/2026,2026-08-07,08/07/2026,SHIPPED,5
WO0006046,Midwest-2,Office Supplies,2026-08-04,2026-08-07,2026-08-06, Shipped,9
WO0006047,Northeast-1,Outdoor,2026-08-04,2026-08-05,2026-08-04,SHIPPED,9
WO0006048,Northeast-1,Outdoor,2026-08-04,08/07/2026,2026-08-07, Shipped,1
WO0006049,Northeast-1,Office Supplies,2026-08-04,08/07/2026,08/07/2026,Shipped,8
WO0006050,South-4,Office Supplies,2026-08-04,08/07/2026,2026-08-07,SHIPPED,6
WO0006051,West-3,Apparel,2026-08-04,2026-08-06,2026-08-06,Shipped,10
WO0006052,Northeast-1,Outdoor,08/04/2026,2026-08-06,2026-08-06, Shipped,5
WO0006053,Northeast-1,Electronics,2026-08-04,08/06/2026,08/06/2026,Shipped,5
WO0006054,Midwest-2,Apparel,08/04/2026,2026-08-06,08/05/2026,shipped,4
WO0006055,South-4,Office Supplies,08/04/2026,08/05/2026,2026-08-05,shipped,2
WO0006056,West-3,Electronics,08/04/2026,08/05/2026,2026-08-04, Shipped,7
WO0006057,Northeast-1,Home Goods,08/04/2026,2026-08-05,08/04/2026,shipped,5
WO0006058,Northeast-1,Apparel,2026-08-04,08/07/2026,2026-08-06,SHIPPED,2
WO0006059,Midwest-2,Outdoor,2026-08-04,08/06/2026,2026-08-05,SHIPPED,5
WO0006060,Midwest-2,Office Supplies,08/04/2026,2026-08-07,2026-08-06, Shipped,3
WO0006061,Northeast-1,Apparel,2026-08-04,2026-08-07,2026-08-07, Shipped,8
WO0006062,South-4,Apparel,08/04/2026,08/05/2026,08/04/2026, Shipped,4
WO0006063,,Apparel,08/04/2026,08/05/2026,08/04/2026, Shipped,4
WO0006064,Northeast-1,Home Goods,2026-08-04,2026-08-07,2026-08-06,Shipped,5
WO0006065,Northeast-1,Apparel,2026-08-04,2026-08-05,2026-08-05,shipped,5
WO0006066,South-4,Home Goods,08/04/2026,2026-08-05,08/05/2026,Shipped,3
WO0006067,West-3,Outdoor,2026-08-04,08/05/2026,2026-08-04,SHIPPED,6
WO0006068,Midwest-2,Outdoor,08/04/2026,08/07/2026,2026-08-07,SHIPPED,7
WO0006069,Midwest-2,Electronics,2026-08-04,2026-08-06,,DELAYED,1
WO0006070,South-4,Home Goods,08/04/2026,2026-08-07,08/06/2026, Shipped,7
WO0006071,Midwest-2,Apparel,2026-08-04,2026-08-05,2026-08-05,Shipped,1
WO0006072,West-3,Apparel,2026-08-04,08/05/2026,08/05/2026,SHIPPED,10
WO0006073,South-4,Apparel,08/04/2026,2026-08-06,2026-08-05, Shipped,7
WO0006074,Midwest-2,Office Supplies,2026-08-04,08/05/2026,08/04/2026,Shipped,6
WO0006075,Northeast-1,Apparel,08/04/2026,2026-08-06,2026-08-06,Shipped,5
WO0006076,Northeast-1,Apparel,08/04/2026,08/06/2026,08/07/2026,Delayed,8
WO0006077,South-4,Home Goods,08/04/2026,2026-08-06,08/05/2026,SHIPPED,8
WO0006078,Midwest-2,Office Supplies,2026-08-04,08/06/2026,2026-08-05,Shipped,7
WO0006079,South-4,Electronics,2026-08-04,2026-08-07,08/07/2026,shipped,2
WO0006080,West-3,Office Supplies,2026-08-04,08/07/2026,2026-08-07,Shipped,3
WO0006081,Northeast-1,Apparel,08/04/2026,2026-08-06,2026-08-06,Shipped,7
WO0006082,South-4,Home Goods,08/04/2026,08/07/2026,2026-08-07,shipped,2
WO0006083,Midwest-2,Outdoor,08/04/2026,08/06/2026,2026-08-05,Shipped,3
WO0006084,Midwest-2,Apparel,2026-08-04,08/07/2026,2026-08-07,SHIPPED,9
WO0006085,Northeast-1,Outdoor,08/04/2026,08/07/2026,2026-08-06,shipped,3
WO0006086,Midwest-2,Electronics,2026-08-04,08/05/2026,2026-08-04, Shipped,9
WO0006087,West-3,Home Goods,2026-08-04,2026-08-06,08/05/2026,Shipped,6
WO0006088,South-4,Office Supplies,08/04/2026,2026-08-07,2026-08-07,Shipped,1
WO0006089,Northeast-1,Apparel,08/04/2026,2026-08-07,2026-08-07,SHIPPED,3
WO0006090,Northeast-1,Outdoor,2026-08-04,08/05/2026,2026-08-05,Shipped,3
WO0006091,Northeast-1,Electronics,08/04/2026,2026-08-06,2026-08-06,Shipped,6
WO0006092,Northeast-1,Apparel,08/04/2026,2026-08-06,2026-08-06,Shipped,10
WO0006093,West-3,Apparel,2026-08-04,2026-08-06,2026-08-05,Shipped,7
WO0006093,West-3,Apparel,2026-08-04,2026-08-06,2026-08-05,Shipped,7
WO0006094,Northeast-1,Outdoor,2026-08-04,08/05/2026,2026-08-05,SHIPPED,1
WO0006095,South-4,Office Supplies,2026-08-04,2026-08-06,2026-08-05,shipped,3
WO0006096,Northeast-1,Electronics,08/04/2026,08/06/2026,2026-08-05,Shipped,4
WO0006096,Northeast-1,Electronics,08/04/2026,08/06/2026,2026-08-05,Shipped,4
WO0006097,Midwest-2,Office Supplies,2026-08-04,08/07/2026,08/07/2026,shipped,1
WO0006098,West-3,Outdoor,2026-08-04,08/05/2026,08/05/2026,SHIPPED,4
WO0006099,Midwest-2,Outdoor,08/04/2026,2026-08-07,2026-08-07, Shipped,8
WO0006100,South-4,Outdoor,2026-08-04,08/06/2026,08/06/2026,shipped,5
WO0006101,Midwest-2,Office Supplies,08/04/2026,2026-08-05,08/04/2026,SHIPPED,6
WO0006102,Northeast-1,Office Supplies,08/04/2026,08/07/2026,08/07/2026,Shipped,2
WO0006103,South-4,Apparel,08/04/2026,2026-08-06,08/05/2026,Shipped,3
WO0006104,South-4,Apparel,08/04/2026,08/06/2026,08/05/2026,SHIPPED,6
WO0006105,,Apparel,08/04/2026,08/06/2026,08/05/2026,SHIPPED,6
WO0006106,Midwest-2,Office Supplies,2026-08-04,08/07/2026,08/06/2026,SHIPPED,9
WO0006107,Northeast-1,Apparel,08/04/2026,2026-08-06,2026-08-06,shipped,4
WO0006108,South-4,Outdoor,08/04/2026,08/05/2026,2026-08-05, Shipped,3
WO0006109,Northeast-1,Electronics,2026-08-04,2026-08-07,2026-08-06,Shipped,7
WO0006110,Northeast-1,Outdoor,08/04/2026,2026-08-05,2026-08-04, Shipped,10
WO0006111,South-4,Electronics,2026-08-04,08/06/2026,08/06/2026, Shipped,7
WO0006112,South-4,Electronics,08/04/2026,08/07/2026,08/06/2026,Shipped,1
WO0006113,South-4,Office Supplies,08/04/2026,2026-08-05,2026-08-04,Shipped,1
WO0006114,Midwest-2,Apparel,2026-08-04,2026-08-07,2026-08-06,SHIPPED,6
WO0006115,,Apparel,2026-08-04,2026-08-07,2026-08-06,SHIPPED,6
WO0006116,West-3,Electronics,08/04/2026,2026-08-05,08/05/2026,SHIPPED,11
WO0006117,South-4,Electronics,2026-08-04,2026-08-05,2026-08-04, Shipped,5
WO0006118,Midwest-2,Office Supplies,2026-08-04,08/05/2026,2026-08-04,SHIPPED,7
WO0006119,South-4,Electronics,08/04/2026,08/05/2026,08/04/2026,Shipped,9
WO0006120,West-3,Apparel,08/04/2026,2026-08-05,2026-08-05,shipped,6
WO0006121,Northeast-1,Outdoor,08/04/2026,08/06/2026,2026-08-05,Shipped,5
WO0006122,West-3,Electronics,2026-08-04,08/05/2026,08/04/2026,Shipped,5
WO0006123,South-4,Home Goods,08/04/2026,2026-08-05,08/05/2026,SHIPPED,7
WO0006124,South-4,Electronics,2026-08-04,2026-08-07,08/07/2026, Shipped,11
WO0006125,South-4,Apparel,2026-08-04,2026-08-07,08/06/2026, Shipped,1
WO0006126,Northeast-1,Home Goods,2026-08-04,08/06/2026,08/06/2026,shipped,7
WO0006127,West-3,Home Goods,2026-08-04,2026-08-06,08/06/2026,Shipped,6
WO0006128,Northeast-1,Outdoor,08/04/2026,08/05/2026,2026-08-05, Shipped,4
WO0006129,Midwest-2,Home Goods,2026-08-04,2026-08-07,08/06/2026, Shipped,2
WO0006130,South-4,Apparel,2026-08-04,08/06/2026,08/05/2026, Shipped,9
WO0006131,Northeast-1,Outdoor,08/04/2026,08/06/2026,2026-08-06,Shipped,4
WO0006132,West-3,Electronics,08/04/2026,08/06/2026,08/05/2026,Shipped,2
WO0006133,Midwest-2,Electronics,2026-08-04,08/06/2026,2026-08-06, Shipped,8
WO0006134,Northeast-1,Home Goods,2026-08-04,08/06/2026,2026-08-06,SHIPPED,5
WO0006135,South-4,Electronics,08/04/2026,08/05/2026,2026-08-04,SHIPPED,11
WO0006136,West-3,Apparel,2026-08-04,2026-08-06,2026-08-05,shipped,3
WO0006137,South-4,Electronics,08/04/2026,2026-08-07,2026-08-07, Shipped,10
WO0006138,Midwest-2,Home Goods,08/04/2026,08/06/2026,,Delayed,1
WO0006139,Midwest-2,Electronics,08/04/2026,2026-08-06,2026-08-07,delayed,1
WO0006140,Midwest-2,Electronics,08/04/2026,2026-08-05,08/04/2026,shipped,5
WO0006141,Midwest-2,Electronics,2026-08-04,2026-08-06,2026-08-05,Shipped,5
WO0006142,Northeast-1,Apparel,08/04/2026,2026-08-07,2026-08-06, Shipped,8
WO0006143,West-3,Outdoor,08/04/2026,2026-08-05,2026-08-05,shipped,7
WO0006144,West-3,Outdoor,2026-08-04,2026-08-06,08/06/2026,shipped,2
WO0006145,West-3,Electronics,08/04/2026,2026-08-05,2026-08-04,SHIPPED,5
WO0006146,South-4,Home Goods,2026-08-04,08/05/2026,2026-08-06,DELAYED,11
WO0006147,Northeast-1,Home Goods,08/04/2026,08/07/2026,08/06/2026,shipped,1
WO0006148,Midwest-2,Electronics,08/04/2026,08/07/2026,2026-08-06,shipped,2
WO0006149,South-4,Office Supplies,2026-08-04,08/07/2026,08/06/2026,shipped,4
WO0006150,Northeast-1,Electronics,08/04/2026,08/07/2026,08/07/2026,Shipped,2
WO0006151,Northeast-1,Electronics,08/04/2026,08/07/2026,2026-08-07,Shipped,7
WO0006152,West-3,Outdoor,2026-08-04,08/05/2026,,delayed,9
WO0006153,South-4,Home Goods,08/04/2026,2026-08-07,08/06/2026,Shipped,4
WO0006154,Northeast-1,Electronics,08/04/2026,2026-08-06,2026-08-05,shipped,10
WO0006155,Midwest-2,Office Supplies,2026-08-04,2026-08-05,2026-08-04, Shipped,7
WO0006156,Midwest-2,Home Goods,08/04/2026,08/06/2026,2026-08-06, Shipped,6
WO0006157,Northeast-1,Office Supplies,2026-08-04,2026-08-06,2026-08-05, Shipped,7
WO0006158,Northeast-1,Home Goods,08/04/2026,2026-08-07,08/06/2026, Shipped,5
WO0006159,West-3,Home Goods,2026-08-04,08/07/2026,08/07/2026,SHIPPED,6
WO0006160,South-4,Electronics,2026-08-04,2026-08-05,2026-08-05,SHIPPED,8
WO0006161,West-3,Home Goods,08/04/2026,08/06/2026,08/06/2026,shipped,10
WO0006162,Northeast-1,Office Supplies,08/04/2026,08/07/2026,08/06/2026,SHIPPED,9
WO0006163,South-4,Outdoor,08/04/2026,2026-08-06,08/08/2026,Delayed,4
WO0006164,Northeast-1,Apparel,2026-08-04,2026-08-05,2026-08-04,SHIPPED,2
WO0006165,Northeast-1,Outdoor,2026-08-05,08/08/2026,08/08/2026, Shipped,4
WO0006166,West-3,Home Goods,08/05/2026,2026-08-08,2026-08-07,shipped,7
WO0006167,Midwest-2,Outdoor,08/05/2026,08/08/2026,2026-08-08,Shipped,6
WO0006168,Northeast-1,Electronics,08/05/2026,2026-08-08,08/07/2026,SHIPPED,3
WO0006169,West-3,Outdoor,2026-08-05,2026-08-07,2026-08-06,SHIPPED,3
WO0006170,West-3,Electronics,08/05/2026,2026-08-08,08/08/2026,shipped,1
WO0006171,West-3,Outdoor,2026-08-05,2026-08-08,08/07/2026,shipped,3
WO0006172,West-3,Outdoor,2026-08-05,08/06/2026,08/05/2026,Shipped,10
WO0006173,Midwest-2,Outdoor,2026-08-05,08/06/2026,08/06/2026, Shipped,3
WO0006174,Northeast-1,Electronics,08/05/2026,08/06/2026,08/05/2026,shipped,4
WO0006175,South-4,Electronics,2026-08-05,2026-08-06,08/06/2026,SHIPPED,5
WO0006176,Northeast-1,Apparel,08/05/2026,08/07/2026,2026-08-06, Shipped,2
WO0006177,West-3,Outdoor,08/05/2026,08/08/2026,2026-08-08,Shipped,2
WO0006178,Northeast-1,Electronics,08/05/2026,2026-08-06,08/06/2026,Shipped,3
WO0006179,Northeast-1,Office Supplies,08/05/2026,08/07/2026,2026-08-06,SHIPPED,4
WO0006180,Midwest-2,Apparel,08/05/2026,08/08/2026,2026-08-07,Shipped,3
WO0006181,Midwest-2,Home Goods,08/05/2026,08/08/2026,2026-08-08, Shipped,2
WO0006182,Midwest-2,Apparel,2026-08-05,2026-08-07,2026-08-06,Shipped,2
WO0006183,Northeast-1,Office Supplies,2026-08-05,08/07/2026,2026-08-06,shipped,8
WO0006184,Midwest-2,Home Goods,2026-08-05,08/08/2026,2026-08-07,shipped,4
WO0006185,West-3,Outdoor,2026-08-05,2026-08-06,08/06/2026,shipped,1
WO0006186,Northeast-1,Office Supplies,2026-08-05,08/06/2026,08/06/2026,SHIPPED,4
WO0006187,West-3,Electronics,08/05/2026,2026-08-08,2026-08-07,SHIPPED,10
WO0006188,West-3,Home Goods,08/05/2026,08/06/2026,2026-08-06,SHIPPED,2
WO0006189,South-4,Outdoor,2026-08-05,08/08/2026,08/08/2026,shipped,3
WO0006190,Northeast-1,Outdoor,2026-08-05,08/08/2026,2026-08-07,Shipped,9
WO0006191,West-3,Outdoor,08/05/2026,2026-08-06,08/05/2026,Shipped,9
WO0006192,Midwest-2,Home Goods,08/05/2026,08/08/2026,,DELAYED,11
WO0006193,Northeast-1,Electronics,2026-08-05,08/08/2026,,Cancelled,5
WO0006194,Midwest-2,Outdoor,2026-08-05,2026-08-07,08/06/2026,shipped,4
WO0006195,Northeast-1,Apparel,2026-08-05,08/07/2026,08/07/2026, Shipped,2
WO0006196,South-4,Outdoor,2026-08-05,2026-08-07,08/09/2026,delayed,8
WO0006197,South-4,Apparel,08/05/2026,2026-08-06,08/06/2026,SHIPPED,10
WO0006198,Northeast-1,Electronics,2026-08-05,08/06/2026,2026-08-06, Shipped,5
WO0006199,West-3,Outdoor,2026-08-05,08/06/2026,08/05/2026,Shipped,10
WO0006200,South-4,Outdoor,2026-08-05,2026-08-07,08/06/2026,shipped,10
WO0006201,South-4,Home Goods,08/05/2026,08/08/2026,08/07/2026,Shipped,9
WO0006202,South-4,Electronics,2026-08-05,08/07/2026,2026-08-07,Shipped,3
WO0006203,South-4,Home Goods,2026-08-05,08/08/2026,08/08/2026,Shipped,4
WO0006204,Midwest-2,Apparel,08/05/2026,2026-08-07,2026-08-06,SHIPPED,9
WO0006205,Midwest-2,Apparel,2026-08-05,08/07/2026,08/06/2026, Shipped,3
WO0006206,South-4,Home Goods,08/05/2026,2026-08-07,08/07/2026,Shipped,6
WO0006207,West-3,Home Goods,2026-08-05,08/06/2026,2026-08-05,Shipped,8
WO0006208,West-3,Electronics,2026-08-05,2026-08-08,08/08/2026,Shipped,5
WO0006209,Midwest-2,Apparel,2026-08-05,2026-08-07,2026-08-07,Shipped,4
WO0006210,South-4,Apparel,08/05/2026,08/08/2026,08/08/2026, Shipped,8
WO0006211,West-3,Home Goods,08/05/2026,08/06/2026,08/06/2026,SHIPPED,8
WO0006212,South-4,Office Supplies,2026-08-05,2026-08-08,2026-08-07, Shipped,9
WO0006213,South-4,Home Goods,08/05/2026,2026-08-07,08/07/2026,SHIPPED,9
WO0006214,Northeast-1,Home Goods,08/05/2026,08/07/2026,2026-08-06,shipped,11
WO0006215,South-4,Office Supplies,2026-08-05,08/08/2026,2026-08-08,Shipped,2
WO0006216,West-3,Apparel,2026-08-05,2026-08-06,,Delayed,10
WO0006217,West-3,Home Goods,2026-08-05,08/08/2026,08/07/2026,shipped,4
WO0006218,Northeast-1,Electronics,08/05/2026,08/06/2026,08/06/2026, Shipped,5
WO0006219,South-4,Office Supplies,2026-08-05,2026-08-07,08/08/2026,Delayed,8
WO0006220,Northeast-1,Office Supplies,2026-08-05,2026-08-06,2026-08-06,Shipped,7
WO0006221,West-3,Home Goods,2026-08-05,08/08/2026,2026-08-07,SHIPPED,5
WO0006222,South-4,Electronics,08/05/2026,08/07/2026,2026-08-06,Shipped,8
WO0006223,Northeast-1,Office Supplies,2026-08-05,2026-08-06,2026-08-05,Shipped,5
WO0006224,West-3,Electronics,2026-08-05,2026-08-06,08/05/2026,Shipped,5
WO0006225,West-3,Home Goods,08/05/2026,08/07/2026,08/06/2026,shipped,9
WO0006226,Midwest-2,Electronics,2026-08-05,08/06/2026,2026-08-05,shipped,2
WO0006227,South-4,Apparel,2026-08-05,2026-08-07,08/07/2026, Shipped,9
WO0006228,West-3,Apparel,2026-08-05,08/07/2026,08/06/2026,SHIPPED,5
WO0006229,West-3,Outdoor,2026-08-05,08/08/2026,2026-08-07,Shipped,2
WO0006230,West-3,Electronics,2026-08-05,2026-08-07,2026-08-07,Shipped,9
WO0006231,South-4,Office Supplies,2026-08-05,2026-08-07,2026-08-06,SHIPPED,11
WO0006232,South-4,Outdoor,2026-08-05,2026-08-08,2026-08-08,shipped,5
WO0006233,Midwest-2,Electronics,08/05/2026,08/06/2026,2026-08-06,Shipped,3
WO0006234,Northeast-1,Electronics,2026-08-05,2026-08-08,2026-08-07,shipped,7
WO0006235,Midwest-2,Office Supplies,2026-08-05,08/07/2026,2026-08-06,shipped,3
WO0006236,Midwest-2,Electronics,2026-08-05,2026-08-06,08/06/2026,SHIPPED,1
WO0006237,Midwest-2,Outdoor,2026-08-05,08/07/2026,2026-08-07,Shipped,5
WO0006238,West-3,Electronics,2026-08-05,08/07/2026,08/07/2026, Shipped,6
WO0006239,South-4,Outdoor,08/05/2026,2026-08-08,08/07/2026,shipped,1
WO0006240,Midwest-2,Electronics,2026-08-05,08/07/2026,2026-08-06,shipped,2
WO0006241,Northeast-1,Home Goods,2026-08-05,08/08/2026,08/08/2026,shipped,1
WO0006242,Northeast-1,Electronics,08/05/2026,08/06/2026,08/05/2026,SHIPPED,5
WO0006243,Midwest-2,Home Goods,2026-08-05,2026-08-07,2026-08-07,Shipped,1
WO0006244,South-4,Apparel,08/05/2026,08/06/2026,08/08/2026,Delayed,11
WO0006244,South-4,Apparel,08/05/2026,08/06/2026,08/08/2026,Delayed,11
WO0006245,West-3,Office Supplies,2026-08-05,2026-08-06,08/06/2026,shipped,9
WO0006246,Midwest-2,Electronics,08/05/2026,08/08/2026,08/08/2026,shipped,4
WO0006247,Northeast-1,Outdoor,08/05/2026,2026-08-07,08/07/2026,SHIPPED,7
WO0006248,Midwest-2,Home Goods,2026-08-05,08/07/2026,08/07/2026,SHIPPED,7
WO0006249,Midwest-2,Home Goods,2026-08-05,2026-08-06,2026-08-06,SHIPPED,3
WO0006250,West-3,Apparel,08/05/2026,08/06/2026,08/06/2026,Shipped,3
WO0006251,Midwest-2,Apparel,08/05/2026,2026-08-07,2026-08-07,SHIPPED,8
WO0006252,South-4,Electronics,2026-08-05,08/08/2026,,Delayed,1
WO0006253,South-4,Office Supplies,08/05/2026,2026-08-06,,Delayed,1
WO0006254,West-3,Electronics,08/05/2026,08/08/2026,08/08/2026, Shipped,6
WO0006255,Northeast-1,Electronics,2026-08-05,2026-08-08,08/07/2026, Shipped,8
WO0006256,West-3,Electronics,08/05/2026,08/06/2026,2026-08-06,Shipped,9
WO0006257,South-4,Office Supplies,08/05/2026,08/07/2026,2026-08-07,SHIPPED,7
WO0006258,South-4,Office Supplies,2026-08-05,08/08/2026,,Delayed,1
WO0006259,Northeast-1,Home Goods,08/05/2026,2026-08-08,2026-08-07,shipped,2
WO0006260,Northeast-1,Home Goods,2026-08-05,08/07/2026,2026-08-07,SHIPPED,4
WO0006261,South-4,Office Supplies,08/05/2026,08/06/2026,08/06/2026,Shipped,10
WO0006262,Midwest-2,Home Goods,08/05/2026,08/06/2026,08/06/2026,Shipped,11
WO0006262,Midwest-2,Home Goods,08/05/2026,08/06/2026,08/06/2026,Shipped,11
WO0006263,West-3,Apparel,2026-08-05,2026-08-08,08/07/2026, Shipped,4
WO0006264,Midwest-2,Outdoor,08/05/2026,08/06/2026,2026-08-05,SHIPPED,4
WO0006265,South-4,Office Supplies,2026-08-05,2026-08-06,08/06/2026,Shipped,3
WO0006266,West-3,Outdoor,2026-08-05,08/07/2026,2026-08-07, Shipped,7
WO0006267,West-3,Apparel,08/05/2026,08/07/2026,2026-08-06,SHIPPED,11
WO0006268,West-3,Office Supplies,08/05/2026,08/07/2026,2026-08-07,Shipped,5
WO0006269,South-4,Apparel,2026-08-05,2026-08-06,2026-08-05,shipped,2
WO0006270,West-3,Outdoor,08/05/2026,2026-08-08,2026-08-08,Shipped,3
WO0006271,West-3,Office Supplies,2026-08-05,2026-08-08,08/07/2026, Shipped,7
WO0006272,Northeast-1,Office Supplies,08/05/2026,2026-08-08,2026-08-08, Shipped,2
WO0006272,Northeast-1,Office Supplies,08/05/2026,2026-08-08,2026-08-08, Shipped,2
WO0006273,South-4,Outdoor,2026-08-05,08/07/2026,08/07/2026,Shipped,11
WO0006274,Midwest-2,Apparel,08/05/2026,2026-08-06,08/05/2026, Shipped,11
WO0006275,Northeast-1,Office Supplies,08/05/2026,2026-08-08,2026-08-08, Shipped,5
WO0006276,Midwest-2,Apparel,08/05/2026,2026-08-06,08/05/2026,Shipped,9
WO0006277,South-4,Outdoor,08/05/2026,08/06/2026,2026-08-06,SHIPPED,3
WO0006277,South-4,Outdoor,08/05/2026,08/06/2026,2026-08-06,SHIPPED,3
WO0006278,South-4,Home Goods,2026-08-05,2026-08-07,08/07/2026,Shipped,5
WO0006279,Midwest-2,Office Supplies,2026-08-05,08/07/2026,2026-08-07, Shipped,5
WO0006280,Midwest-2,Electronics,2026-08-05,2026-08-08,08/08/2026, Shipped,8
WO0006281,South-4,Electronics,2026-08-05,2026-08-08,2026-08-07,SHIPPED,6
WO0006282,South-4,Home Goods,08/05/2026,08/06/2026,2026-08-05,shipped,1
WO0006283,South-4,Apparel,08/05/2026,08/07/2026,08/06/2026, Shipped,7
WO0006284,Midwest-2,Office Supplies,08/05/2026,2026-08-06,2026-08-10,DELAYED,3
WO0006285,West-3,Outdoor,08/05/2026,08/06/2026,,Delayed,11
WO0006286,Midwest-2,Office Supplies,08/05/2026,2026-08-06,,Cancelled,4
WO0006287,West-3,Outdoor,2026-08-05,2026-08-07,2026-08-06,shipped,7
WO0006287,West-3,Outdoor,2026-08-05,2026-08-07,2026-08-06,shipped,7
WO0006288,Northeast-1,Apparel,2026-08-05,2026-08-06,08/05/2026,SHIPPED,9
WO0006289,South-4,Electronics,2026-08-05,08/08/2026,08/07/2026,SHIPPED,2
WO0006290,Northeast-1,Apparel,08/05/2026,2026-08-06,2026-08-06, Shipped,9
WO0006291,Northeast-1,Outdoor,2026-08-05,2026-08-06,08/06/2026,Shipped,6
WO0006292,Midwest-2,Electronics,2026-08-05,2026-08-07,08/07/2026,SHIPPED,10
WO0006293,Midwest-2,Electronics,08/05/2026,2026-08-08,2026-08-08,Shipped,11
WO0006294,South-4,Outdoor,2026-08-05,2026-08-08,2026-08-07,shipped,8
WO0006295,West-3,Electronics,2026-08-05,08/06/2026,,Canceled,3
WO0006296,West-3,Office Supplies,2026-08-05,08/06/2026,2026-08-05,shipped,5
WO0006297,South-4,Outdoor,2026-08-05,08/08/2026,08/08/2026,SHIPPED,8
WO0006298,Midwest-2,Outdoor,08/05/2026,08/06/2026,08/05/2026,Shipped,3
WO0006299,South-4,Apparel,08/05/2026,08/07/2026,08/06/2026,Shipped,5
WO0006300,South-4,Apparel,2026-08-05,08/08/2026,08/08/2026,Shipped,5
WO0006301,Northeast-1,Office Supplies,2026-08-05,2026-08-08,08/08/2026,SHIPPED,3
WO0006302,Northeast-1,Apparel,08/05/2026,2026-08-08,08/08/2026,SHIPPED,11
WO0006303,West-3,Electronics,2026-08-06,2026-08-09,2026-08-09,SHIPPED,8
WO0006304,West-3,Outdoor,2026-08-06,08/07/2026,08/07/2026,shipped,10
WO0006305,South-4,Apparel,08/06/2026,08/07/2026,08/07/2026, Shipped,4
WO0006306,Midwest-2,Outdoor,08/06/2026,08/09/2026,2026-08-08,SHIPPED,1
WO0006306,Midwest-2,Outdoor,08/06/2026,08/09/2026,2026-08-08,SHIPPED,1
WO0006307,West-3,Electronics,2026-08-06,08/07/2026,08/06/2026, Shipped,6
WO0006308,Midwest-2,Outdoor,08/06/2026,08/07/2026,2026-08-06, Shipped,4
WO0006309,Midwest-2,Home Goods,2026-08-06,2026-08-07,2026-08-06,shipped,1
WO0006310,West-3,Apparel,2026-08-06,2026-08-07,08/06/2026,SHIPPED,3
WO0006311,South-4,Apparel,2026-08-06,08/09/2026,2026-08-08, Shipped,3
WO0006312,Midwest-2,Home Goods,08/06/2026,2026-08-08,2026-08-08, Shipped,7
WO0006313,Northeast-1,Outdoor,08/06/2026,08/07/2026,08/06/2026, Shipped,4
WO0006314,South-4,Office Supplies,08/06/2026,08/09/2026,2026-08-08,SHIPPED,9
WO0006315,West-3,Home Goods,08/06/2026,2026-08-08,2026-08-08,shipped,1
WO0006316,South-4,Electronics,08/06/2026,2026-08-07,2026-08-07,Shipped,2
WO0006317,South-4,Outdoor,08/06/2026,2026-08-07,2026-08-07,Shipped,7
WO0006318,Northeast-1,Electronics,08/06/2026,08/09/2026,2026-08-09,SHIPPED,2
WO0006319,South-4,Electronics,08/06/2026,08/09/2026,08/08/2026, Shipped,1
WO0006320,West-3,Office Supplies,2026-08-06,08/07/2026,2026-08-06,SHIPPED,5
WO0006321,West-3,Home Goods,08/06/2026,2026-08-08,2026-08-07,shipped,11
WO0006322,West-3,Electronics,2026-08-06,08/08/2026,08/07/2026,shipped,10
WO0006323,Northeast-1,Outdoor,08/06/2026,08/09/2026,2026-08-08,shipped,1
WO0006324,West-3,Apparel,2026-08-06,2026-08-07,08/06/2026,SHIPPED,3
WO0006325,Midwest-2,Apparel,08/06/2026,2026-08-09,2026-08-08,SHIPPED,9
WO0006326,West-3,Outdoor,08/06/2026,08/08/2026,2026-08-08, Shipped,9
WO0006327,West-3,Home Goods,2026-08-06,08/09/2026,2026-08-08,SHIPPED,5
WO0006328,West-3,Outdoor,2026-08-06,08/09/2026,08/08/2026,SHIPPED,8
WO0006329,West-3,Outdoor,08/06/2026,08/09/2026,2026-08-08,Shipped,1
WO0006330,Northeast-1,Home Goods,2026-08-06,08/08/2026,2026-08-07, Shipped,10
WO0006331,Northeast-1,Apparel,08/06/2026,08/08/2026,08/08/2026,Shipped,2
WO0006332,Northeast-1,Home Goods,2026-08-06,08/08/2026,08/07/2026,SHIPPED,2
WO0006333,South-4,Home Goods,08/06/2026,08/08/2026,08/07/2026,SHIPPED,4
WO0006334,Midwest-2,Office Supplies,2026-08-06,08/09/2026,08/09/2026,shipped,8
WO0006335,West-3,Apparel,2026-08-06,2026-08-09,08/09/2026,Shipped,3
WO0006336,Midwest-2,Home Goods,2026-08-06,08/09/2026,2026-08-09,Shipped,4
WO0006337,South-4,Electronics,2026-08-06,2026-08-07,2026-08-07,shipped,6
WO0006338,South-4,Apparel,2026-08-06,2026-08-08,2026-08-08,SHIPPED,4
WO0006339,Midwest-2,Outdoor,2026-08-06,2026-08-09,2026-08-09, Shipped,7
WO0006340,South-4,Outdoor,2026-08-06,08/07/2026,2026-08-07,SHIPPED,11
WO0006341,Northeast-1,Office Supplies,2026-08-06,2026-08-09,2026-08-09,SHIPPED,4
WO0006342,West-3,Apparel,08/06/2026,2026-08-09,2026-08-09,shipped,5
WO0006343,Northeast-1,Apparel,08/06/2026,08/07/2026,08/07/2026,Shipped,7
WO0006344,Midwest-2,Office Supplies,2026-08-06,2026-08-09,08/09/2026,SHIPPED,5
WO0006344,Midwest-2,Office Supplies,2026-08-06,2026-08-09,08/09/2026,SHIPPED,5
WO0006345,Northeast-1,Electronics,08/06/2026,08/09/2026,08/09/2026, Shipped,2
WO0006346,South-4,Home Goods,08/06/2026,2026-08-09,2026-08-08,SHIPPED,8
WO0006347,West-3,Electronics,08/06/2026,08/07/2026,,Canceled,1
WO0006348,West-3,Apparel,08/06/2026,2026-08-08,08/07/2026,shipped,9
WO0006349,South-4,Outdoor,08/06/2026,08/07/2026,08/07/2026, Shipped,5
WO0006350,South-4,Outdoor,08/06/2026,2026-08-09,08/08/2026, Shipped,6
WO0006351,Midwest-2,Apparel,08/06/2026,08/09/2026,,Canceled,5
WO0006352,South-4,Home Goods,2026-08-06,2026-08-08,08/08/2026,Shipped,7
WO0006353,South-4,Apparel,2026-08-06,2026-08-08,08/07/2026, Shipped,5
WO0006354,Northeast-1,Apparel,08/06/2026,2026-08-09,2026-08-08,SHIPPED,4
WO0006355,South-4,Electronics,08/06/2026,08/08/2026,2026-08-07,Shipped,6
WO0006356,Northeast-1,Electronics,2026-08-06,08/07/2026,08/07/2026,shipped,5
WO0006357,Northeast-1,Home Goods,08/06/2026,08/08/2026,08/08/2026,shipped,7
WO0006358,Northeast-1,Electronics,08/06/2026,08/08/2026,2026-08-08, Shipped,3
WO0006359,South-4,Apparel,2026-08-06,2026-08-07,08/07/2026,shipped,4
WO0006360,Northeast-1,Home Goods,2026-08-06,08/09/2026,2026-08-09,Shipped,1
WO0006361,Northeast-1,Apparel,2026-08-06,2026-08-09,,delayed,2
WO0006362,Northeast-1,Home Goods,08/06/2026,2026-08-07,2026-08-06, Shipped,5
WO0006363,Midwest-2,Electronics,2026-08-06,2026-08-07,2026-08-07,SHIPPED,1
WO0006364,Midwest-2,Office Supplies,2026-08-06,08/09/2026,08/09/2026,shipped,7
WO0006365,West-3,Outdoor,2026-08-06,2026-08-09,,Canceled,1
WO0006366,Midwest-2,Electronics,08/06/2026,08/08/2026,2026-08-09,Delayed,4
WO0006367,Northeast-1,Office Supplies,08/06/2026,2026-08-09,2026-08-08,SHIPPED,2
WO0006368,Northeast-1,Outdoor,08/06/2026,2026-08-09,2026-08-08,SHIPPED,9
WO0006369,,Outdoor,08/06/2026,2026-08-09,2026-08-08,SHIPPED,9
WO0006370,South-4,Office Supplies,08/06/2026,08/09/2026,2026-08-09, Shipped,10
WO0006371,Midwest-2,Home Goods,2026-08-06,08/07/2026,08/07/2026,shipped,1
WO0006372,Northeast-1,Office Supplies,2026-08-06,2026-08-07,2026-08-06,SHIPPED,1
WO0006373,South-4,Electronics,08/06/2026,2026-08-07,2026-08-07,SHIPPED,1
WO0006374,Midwest-2,Apparel,08/06/2026,2026-08-08,2026-08-08, Shipped,2
WO0006375,Northeast-1,Apparel,08/06/2026,08/08/2026,2026-08-07,SHIPPED,2
WO0006376,West-3,Outdoor,08/06/2026,2026-08-09,2026-08-08,SHIPPED,8
WO0006377,Northeast-1,Home Goods,2026-08-06,2026-08-09,2026-08-09,Shipped,1
WO0006378,Midwest-2,Electronics,2026-08-06,08/09/2026,2026-08-08, Shipped,5
WO0006379,South-4,Outdoor,2026-08-06,2026-08-07,2026-08-06,Shipped,5
WO0006380,South-4,Outdoor,08/06/2026,2026-08-08,2026-08-08,Shipped,2
WO0006381,West-3,Office Supplies,08/06/2026,2026-08-08,2026-08-07,SHIPPED,4
WO0006382,South-4,Outdoor,2026-08-06,08/08/2026,2026-08-07, Shipped,1
WO0006383,Midwest-2,Office Supplies,2026-08-06,08/09/2026,08/09/2026,shipped,7
WO0006384,West-3,Apparel,2026-08-06,08/08/2026,2026-08-07, Shipped,5
WO0006385,Midwest-2,Apparel,08/06/2026,2026-08-08,08/07/2026,SHIPPED,7
WO0006386,Northeast-1,Apparel,2026-08-06,08/08/2026,2026-08-07,shipped,7
WO0006387,West-3,Office Supplies,08/06/2026,2026-08-08,2026-08-08,SHIPPED,5
WO0006388,West-3,Apparel,2026-08-06,2026-08-09,08/09/2026,SHIPPED,6
WO0006389,West-3,Office Supplies,08/06/2026,2026-08-09,2026-08-09,SHIPPED,6
WO0006390,West-3,Apparel,08/06/2026,08/08/2026,08/07/2026, Shipped,1
WO0006391,West-3,Apparel,2026-08-06,2026-08-08,2026-08-07, Shipped,9
WO0006392,South-4,Home Goods,08/06/2026,2026-08-07,08/07/2026,SHIPPED,10
WO0006393,West-3,Home Goods,2026-08-06,2026-08-08,2026-08-08,shipped,6
WO0006394,Northeast-1,Office Supplies,08/06/2026,08/08/2026,08/07/2026,shipped,5
WO0006395,West-3,Electronics,2026-08-06,2026-08-09,2026-08-08, Shipped,10
WO0006396,Midwest-2,Outdoor,08/06/2026,08/07/2026,,DELAYED,10
WO0006397,West-3,Home Goods,2026-08-06,2026-08-07,08/07/2026,shipped,3
WO0006398,Midwest-2,Electronics,08/06/2026,08/07/2026,08/07/2026, Shipped,8
WO0006399,Midwest-2,Outdoor,2026-08-06,08/07/2026,2026-08-07,shipped,1
WO0006400,Midwest-2,Home Goods,08/06/2026,2026-08-08,,delayed,5
WO0006401,Midwest-2,Outdoor,08/06/2026,08/07/2026,08/06/2026,shipped,10
WO0006402,West-3,Outdoor,08/06/2026,08/07/2026,08/07/2026, Shipped,1
WO0006403,West-3,Electronics,08/06/2026,2026-08-07,08/06/2026,Shipped,2
WO0006404,Midwest-2,Outdoor,2026-08-06,08/09/2026,2026-08-08,shipped,1
WO0006405,Midwest-2,Office Supplies,08/06/2026,08/09/2026,08/08/2026,SHIPPED,2
WO0006406,West-3,Office Supplies,2026-08-06,2026-08-09,08/09/2026,shipped,3
WO0006407,South-4,Home Goods,08/06/2026,08/08/2026,08/08/2026,Shipped,6
WO0006408,Midwest-2,Home Goods,08/06/2026,08/09/2026,2026-08-08,SHIPPED,7
WO0006409,West-3,Home Goods,2026-08-06,2026-08-07,08/07/2026,Shipped,8
WO0006410,South-4,Electronics,08/06/2026,08/07/2026,2026-08-06, Shipped,2
WO0006411,West-3,Home Goods,2026-08-06,2026-08-07,2026-08-07, Shipped,6
WO0006412,Northeast-1,Electronics,2026-08-06,2026-08-07,2026-08-07,SHIPPED,1
WO0006413,Midwest-2,Outdoor,08/06/2026,2026-08-09,2026-08-08,SHIPPED,2
WO0006414,West-3,Outdoor,08/06/2026,08/09/2026,08/08/2026,SHIPPED,10
WO0006415,West-3,Apparel,2026-08-06,2026-08-09,2026-08-09, Shipped,10
WO0006416,South-4,Electronics,08/06/2026,2026-08-08,2026-08-08,Shipped,6
WO0006417,South-4,Home Goods,2026-08-06,08/07/2026,2026-08-07,shipped,10
WO0006418,West-3,Electronics,2026-08-06,2026-08-09,2026-08-09,SHIPPED,4
WO0006419,Northeast-1,Outdoor,08/06/2026,2026-08-09,2026-08-09,SHIPPED,11
WO0006420,Midwest-2,Electronics,08/06/2026,2026-08-07,2026-08-06, Shipped,2
WO0006421,South-4,Electronics,08/06/2026,08/08/2026,,DELAYED,10
WO0006422,Midwest-2,Home Goods,08/06/2026,2026-08-08,2026-08-07,SHIPPED,8
WO0006423,South-4,Office Supplies,08/06/2026,08/07/2026,2026-08-07,Shipped,6
WO0006424,Northeast-1,Apparel,2026-08-06,08/08/2026,08/08/2026,SHIPPED,4
WO0006425,Northeast-1,Apparel,2026-08-06,08/07/2026,08/07/2026,SHIPPED,10
WO0006426,Midwest-2,Apparel,2026-08-06,08/09/2026,2026-08-08, Shipped,8
WO0006427,West-3,Home Goods,08/06/2026,08/08/2026,08/07/2026,Shipped,7
WO0006428,Midwest-2,Home Goods,08/06/2026,2026-08-07,2026-08-06,Shipped,7
WO0006429,Northeast-1,Home Goods,08/06/2026,2026-08-08,08/07/2026,Shipped,7
WO0006430,South-4,Office Supplies,2026-08-06,2026-08-09,2026-08-08,Shipped,1
WO0006431,South-4,Home Goods,2026-08-06,2026-08-08,2026-08-07,Shipped,2
WO0006432,West-3,Electronics,08/06/2026,08/09/2026,2026-08-09,SHIPPED,1
WO0006433,South-4,Outdoor,08/06/2026,08/08/2026,2026-08-08, Shipped,1
WO0006434,West-3,Electronics,08/06/2026,08/08/2026,2026-08-07,SHIPPED,4
WO0006435,West-3,Home Goods,2026-08-06,08/09/2026,08/08/2026,shipped,2
WO0006436,Northeast-1,Home Goods,08/06/2026,2026-08-07,2026-08-06,SHIPPED,1
WO0006437,West-3,Electronics,2026-08-06,08/09/2026,2026-08-08,SHIPPED,1
WO0006438,Midwest-2,Apparel,2026-08-06,08/08/2026,2026-08-07,Shipped,7
WO0006439,South-4,Apparel,08/07/2026,08/10/2026,08/10/2026,SHIPPED,6
WO0006440,South-4,Home Goods,08/07/2026,2026-08-08,2026-08-07, Shipped,7
WO0006441,Northeast-1,Office Supplies,08/07/2026,08/10/2026,,Canceled,3
WO0006442,Midwest-2,Apparel,08/07/2026,08/09/2026,,Canceled,7
WO0006443,South-4,Apparel,2026-08-07,2026-08-10,08/10/2026, Shipped,3
WO0006444,South-4,Office Supplies,2026-08-07,2026-08-08,08/07/2026,Shipped,11
WO0006445,Northeast-1,Electronics,2026-08-07,08/10/2026,08/09/2026, Shipped,7
WO0006446,Northeast-1,Apparel,2026-08-07,08/09/2026,2026-08-08,Shipped,8
WO0006447,Northeast-1,Electronics,2026-08-07,2026-08-08,08/10/2026,delayed,3
WO0006448,South-4,Office Supplies,08/07/2026,2026-08-09,08/09/2026,SHIPPED,6
WO0006448,South-4,Office Supplies,08/07/2026,2026-08-09,08/09/2026,SHIPPED,6
WO0006449,Northeast-1,Electronics,08/07/2026,2026-08-10,08/09/2026,shipped,9
WO0006450,Midwest-2,Outdoor,08/07/2026,2026-08-08,08/07/2026, Shipped,3
WO0006451,West-3,Electronics,2026-08-07,2026-08-08,08/08/2026,Shipped,2
WO0006452,West-3,Apparel,2026-08-07,2026-08-08,08/07/2026, Shipped,5
WO0006453,West-3,Outdoor,08/07/2026,2026-08-10,2026-08-09, Shipped,10
WO0006454,South-4,Electronics,2026-08-07,08/10/2026,08/10/2026,shipped,3
WO0006455,Midwest-2,Electronics,2026-08-07,08/10/2026,08/09/2026, Shipped,7
WO0006456,Northeast-1,Outdoor,08/07/2026,08/08/2026,2026-08-08,SHIPPED,1
WO0006457,Northeast-1,Office Supplies,08/07/2026,08/10/2026,2026-08-10,SHIPPED,7
WO0006458,West-3,Office Supplies,08/07/2026,08/10/2026,08/09/2026,shipped,3
WO0006459,West-3,Apparel,2026-08-07,2026-08-09,2026-08-08,SHIPPED,6
WO0006460,Northeast-1,Home Goods,08/07/2026,2026-08-10,,Cancelled,3
WO0006461,West-3,Apparel,2026-08-07,2026-08-09,08/08/2026,SHIPPED,1
WO0006462,West-3,Office Supplies,08/07/2026,2026-08-08,08/08/2026,Shipped,4
WO0006463,Northeast-1,Electronics,2026-08-07,08/08/2026,08/08/2026,Shipped,11
WO0006464,West-3,Electronics,08/07/2026,2026-08-09,08/08/2026,Shipped,9
WO0006465,West-3,Electronics,2026-08-07,08/09/2026,08/08/2026,SHIPPED,7
WO0006466,South-4,Outdoor,2026-08-07,08/10/2026,08/10/2026,SHIPPED,4
WO0006467,West-3,Office Supplies,2026-08-07,08/10/2026,08/10/2026, Shipped,1
WO0006468,Northeast-1,Electronics,2026-08-07,08/10/2026,08/10/2026,shipped,3
WO0006469,South-4,Office Supplies,08/07/2026,08/10/2026,2026-08-09, Shipped,2
WO0006470,South-4,Electronics,2026-08-07,2026-08-08,2026-08-08,SHIPPED,5
WO0006471,South-4,Electronics,08/07/2026,08/09/2026,08/08/2026,Shipped,8
WO0006472,Midwest-2,Apparel,2026-08-07,2026-08-09,08/08/2026,SHIPPED,9
WO0006473,Midwest-2,Office Supplies,08/07/2026,2026-08-09,08/08/2026,SHIPPED,6
WO0006474,West-3,Electronics,2026-08-07,08/09/2026,08/09/2026,Shipped,8
WO0006475,South-4,Apparel,08/07/2026,2026-08-10,2026-08-10,SHIPPED,3
WO0006476,South-4,Home Goods,08/07/2026,08/09/2026,08/08/2026, Shipped,3
WO0006477,South-4,Outdoor,2026-08-07,08/10/2026,08/09/2026, Shipped,6
WO0006478,Midwest-2,Home Goods,2026-08-07,2026-08-09,08/12/2026,Delayed,2
WO0006479,South-4,Outdoor,08/07/2026,2026-08-09,08/09/2026,Shipped,6
WO0006480,West-3,Electronics,2026-08-07,08/10/2026,,delayed,7
WO0006481,Northeast-1,Outdoor,2026-08-07,2026-08-09,2026-08-09,shipped,8
WO0006482,South-4,Apparel,2026-08-07,08/09/2026,08/09/2026,Shipped,5
WO0006483,South-4,Outdoor,2026-08-07,08/09/2026,08/09/2026,shipped,2
WO0006484,South-4,Outdoor,08/07/2026,2026-08-08,2026-08-08,Shipped,2
WO0006485,Northeast-1,Office Supplies,08/07/2026,2026-08-10,2026-08-09,Shipped,5
WO0006486,South-4,Home Goods,08/07/2026,2026-08-09,08/14/2026,DELAYED,2
WO0006487,Northeast-1,Outdoor,08/07/2026,2026-08-08,08/10/2026,Delayed,3
WO0006488,South-4,Home Goods,2026-08-07,2026-08-10,2026-08-15,Delayed,2
WO0006489,West-3,Apparel,08/07/2026,08/09/2026,08/09/2026,Shipped,8
WO0006490,South-4,Home Goods,08/07/2026,08/08/2026,08/08/2026, Shipped,1
WO0006491,Northeast-1,Home Goods,08/07/2026,2026-08-09,08/09/2026,SHIPPED,3
WO0006492,Midwest-2,Home Goods,08/07/2026,2026-08-08,2026-08-08,shipped,10
WO0006493,Northeast-1,Electronics,08/07/2026,08/10/2026,2026-08-10,Shipped,5
WO0006494,Northeast-1,Apparel,2026-08-07,08/08/2026,08/08/2026,SHIPPED,6
WO0006495,South-4,Home Goods,08/07/2026,2026-08-08,08/07/2026, Shipped,9
WO0006496,West-3,Outdoor,2026-08-07,08/08/2026,08/08/2026,shipped,7
WO0006497,West-3,Outdoor,2026-08-07,08/08/2026,08/08/2026,shipped,-1
WO0006498,Northeast-1,Electronics,08/07/2026,08/08/2026,2026-08-08,shipped,7
WO0006499,South-4,Home Goods,2026-08-07,08/08/2026,08/07/2026, Shipped,6
WO0006499,South-4,Home Goods,2026-08-07,08/08/2026,08/07/2026, Shipped,6
WO0006500,West-3,Outdoor,08/07/2026,2026-08-09,2026-08-08,Shipped,10
WO0006501,Midwest-2,Office Supplies,2026-08-07,2026-08-09,2026-08-08,SHIPPED,3
WO0006502,South-4,Electronics,08/07/2026,08/09/2026,08/09/2026, Shipped,11
WO0006503,Midwest-2,Outdoor,08/07/2026,2026-08-10,2026-08-10,Shipped,10
WO0006504,Northeast-1,Electronics,08/07/2026,2026-08-08,08/07/2026, Shipped,7
WO0006505,Northeast-1,Apparel,2026-08-07,08/09/2026,2026-08-08,shipped,7
WO0006506,Northeast-1,Outdoor,08/07/2026,2026-08-10,08/10/2026,SHIPPED,1
WO0006507,South-4,Home Goods,2026-08-07,2026-08-09,08/09/2026,SHIPPED,3
WO0006508,South-4,Office Supplies,2026-08-07,2026-08-08,08/08/2026,shipped,10
WO0006509,Midwest-2,Office Supplies,08/07/2026,2026-08-10,2026-08-09,SHIPPED,2
WO0006510,Northeast-1,Outdoor,2026-08-07,08/08/2026,2026-08-08,Shipped,10
WO0006511,Midwest-2,Office Supplies,2026-08-07,08/08/2026,08/08/2026,SHIPPED,6
WO0006512,Northeast-1,Electronics,08/07/2026,2026-08-09,08/09/2026, Shipped,3
WO0006513,Midwest-2,Outdoor,08/07/2026,2026-08-08,2026-08-08,SHIPPED,5
WO0006514,West-3,Office Supplies,2026-08-07,08/10/2026,2026-08-09,SHIPPED,11
WO0006515,Midwest-2,Office Supplies,08/07/2026,08/10/2026,2026-08-09,shipped,4
WO0006516,South-4,Office Supplies,2026-08-07,2026-08-10,2026-08-09,Shipped,9
WO0006517,South-4,Home Goods,2026-08-07,2026-08-10,08/10/2026,shipped,1
WO0006518,West-3,Office Supplies,08/07/2026,08/08/2026,2026-08-07,shipped,7
WO0006519,Northeast-1,Electronics,2026-08-07,08/10/2026,08/09/2026,SHIPPED,10
WO0006520,West-3,Electronics,08/07/2026,2026-08-08,,Delayed,6
WO0006521,Northeast-1,Apparel,08/07/2026,2026-08-10,08/10/2026,SHIPPED,1
WO0006522,Midwest-2,Home Goods,2026-08-07,08/09/2026,08/08/2026,SHIPPED,9
WO0006522,Midwest-2,Home Goods,2026-08-07,08/09/2026,08/08/2026,SHIPPED,9
WO0006523,South-4,Outdoor,2026-08-07,08/09/2026,2026-08-08,shipped,4
WO0006524,South-4,Home Goods,2026-08-07,2026-08-09,08/08/2026,SHIPPED,3
WO0006525,Northeast-1,Outdoor,2026-08-07,08/10/2026,2026-08-10, Shipped,7
WO0006526,Northeast-1,Home Goods,2026-08-07,08/10/2026,2026-08-10,SHIPPED,7
WO0006527,Midwest-2,Outdoor,2026-08-07,08/10/2026,2026-08-10,SHIPPED,1
WO0006528,Northeast-1,Office Supplies,2026-08-07,08/10/2026,2026-08-10, Shipped,7
WO0006529,Northeast-1,Home Goods,2026-08-07,08/08/2026,08/07/2026,shipped,7
WO0006530,Northeast-1,Home Goods,2026-08-07,2026-08-09,,cancelled,7
WO0006531,Midwest-2,Outdoor,08/07/2026,2026-08-08,2026-08-08,SHIPPED,10
WO0006532,Northeast-1,Apparel,08/07/2026,08/10/2026,2026-08-09,Shipped,5
WO0006533,Midwest-2,Apparel,2026-08-07,2026-08-08,08/08/2026,Shipped,10
WO0006534,Northeast-1,Home Goods,2026-08-07,08/10/2026,,Delayed,7
WO0006535,Northeast-1,Home Goods,2026-08-07,08/10/2026,2026-08-10,shipped,4
WO0006536,South-4,Electronics,08/07/2026,08/10/2026,08/10/2026, Shipped,10
WO0006537,South-4,Electronics,08/07/2026,08/10/2026,2026-08-09,SHIPPED,9
WO0006538,West-3,Office Supplies,08/07/2026,08/10/2026,08/10/2026,SHIPPED,11
WO0006539,South-4,Home Goods,08/07/2026,2026-08-09,08/08/2026,SHIPPED,11
WO0006540,West-3,Home Goods,2026-08-07,08/10/2026,2026-08-09,shipped,9
WO0006541,West-3,Office Supplies,2026-08-07,08/10/2026,08/10/2026,Shipped,6
WO0006542,West-3,Outdoor,2026-08-07,08/10/2026,08/10/2026,SHIPPED,2
WO0006543,Northeast-1,Electronics,08/07/2026,08/10/2026,08/09/2026,Shipped,10
WO0006544,Midwest-2,Apparel,2026-08-07,08/08/2026,08/13/2026,Delayed,5
WO0006545,Northeast-1,Home Goods,2026-08-07,08/10/2026,08/10/2026, Shipped,1
WO0006546,South-4,Apparel,2026-08-07,2026-08-08,08/07/2026, Shipped,6
WO0006547,West-3,Outdoor,08/07/2026,08/08/2026,08/08/2026,SHIPPED,8
WO0006548,West-3,Home Goods,08/07/2026,08/10/2026,2026-08-09,SHIPPED,6
WO0006549,Midwest-2,Home Goods,08/07/2026,08/08/2026,08/11/2026,DELAYED,6
WO0006550,Northeast-1,Outdoor,08/07/2026,08/08/2026,08/08/2026,Shipped,4
WO0006551,West-3,Electronics,08/07/2026,2026-08-10,,Cancelled,7
WO0006552,,Electronics,08/07/2026,2026-08-10,,Cancelled,7
WO0006553,South-4,Outdoor,2026-08-07,2026-08-09,08/11/2026,DELAYED,10
WO0006554,Midwest-2,Apparel,2026-08-07,08/10/2026,08/09/2026,SHIPPED,5
WO0006555,Midwest-2,Apparel,2026-08-07,2026-08-10,08/09/2026,Shipped,8
WO0006556,West-3,Outdoor,2026-08-07,08/09/2026,08/08/2026,SHIPPED,1
WO0006557,South-4,Apparel,2026-08-07,08/08/2026,2026-08-07,shipped,4
WO0006558,Midwest-2,Apparel,2026-08-07,2026-08-10,08/10/2026,shipped,2
WO0006559,West-3,Outdoor,2026-08-07,2026-08-10,2026-08-09,SHIPPED,10
WO0006560,West-3,Home Goods,08/07/2026,2026-08-08,08/07/2026, Shipped,6
WO0006561,South-4,Home Goods,08/07/2026,2026-08-10,08/09/2026,shipped,11
WO0006562,Northeast-1,Electronics,2026-08-07,08/10/2026,2026-08-09,Shipped,1
WO0006563,Midwest-2,Office Supplies,2026-08-07,08/10/2026,,DELAYED,10
WO0006564,Midwest-2,Outdoor,2026-08-07,2026-08-08,2026-08-08,shipped,2
WO0006565,Midwest-2,Outdoor,08/07/2026,2026-08-08,08/08/2026,shipped,3
WO0006566,West-3,Office Supplies,08/07/2026,2026-08-10,08/10/2026, Shipped,6
WO0006567,Northeast-1,Outdoor,08/07/2026,2026-08-09,08/09/2026, Shipped,4
WO0006568,Midwest-2,Home Goods,08/07/2026,2026-08-09,08/08/2026,SHIPPED,6
WO0006569,Midwest-2,Home Goods,08/07/2026,08/10/2026,08/09/2026,Shipped,1
WO0006570,West-3,Office Supplies,2026-08-07,2026-08-10,2026-08-10, Shipped,7
WO0006571,Midwest-2,Office Supplies,2026-08-07,08/10/2026,,Delayed,5
WO0006572,Midwest-2,Home Goods,08/07/2026,2026-08-08,08/08/2026,Shipped,5
WO0006573,Northeast-1,Apparel,08/07/2026,08/10/2026,08/10/2026,SHIPPED,9
WO0006574,,Apparel,08/07/2026,08/10/2026,08/10/2026,SHIPPED,9
WO0006575,South-4,Outdoor,2026-08-07,2026-08-10,08/10/2026, Shipped,8
WO0006575,South-4,Outdoor,2026-08-07,2026-08-10,08/10/2026, Shipped,8
WO0006576,West-3,Office Supplies,2026-08-07,2026-08-08,,delayed,4
WO0006577,West-3,Office Supplies,2026-08-07,2026-08-08,,delayed,-1
WO0006578,West-3,Outdoor,2026-08-07,2026-08-08,2026-08-08, Shipped,2
WO0006579,Midwest-2,Outdoor,08/07/2026,2026-08-10,08/09/2026,SHIPPED,10
WO0006580,Northeast-1,Apparel,08/07/2026,2026-08-10,2026-08-10,shipped,5
WO0006581,West-3,Home Goods,08/07/2026,08/09/2026,2026-08-09,shipped,3
WO0006582,Midwest-2,Electronics,2026-08-07,08/09/2026,08/09/2026,shipped,9
WO0006583,South-4,Electronics,08/07/2026,2026-08-09,2026-08-08, Shipped,9
WO0006584,Northeast-1,Outdoor,08/07/2026,2026-08-08,08/08/2026,Shipped,1
WO0006585,Northeast-1,Home Goods,2026-08-07,08/10/2026,08/10/2026, Shipped,6
WO0006586,,Home Goods,2026-08-07,08/10/2026,08/10/2026, Shipped,6
WO0006587,South-4,Outdoor,08/07/2026,2026-08-08,2026-08-10,Delayed,3
WO0006588,Midwest-2,Office Supplies,2026-08-07,2026-08-10,08/09/2026,Shipped,6
WO0006589,South-4,Home Goods,08/07/2026,2026-08-10,08/09/2026,SHIPPED,9
WO0006590,West-3,Apparel,2026-08-07,08/10/2026,08/09/2026, Shipped,2
WO0006591,South-4,Electronics,08/07/2026,2026-08-08,2026-08-07,Shipped,8
WO0006592,South-4,Outdoor,08/07/2026,2026-08-10,2026-08-10,SHIPPED,2
WO0006593,Northeast-1,Office Supplies,2026-08-07,08/08/2026,2026-08-07,SHIPPED,6
WO0006594,Midwest-2,Apparel,2026-08-07,08/09/2026,2026-08-08,shipped,9
WO0006595,Midwest-2,Outdoor,08/08/2026,08/10/2026,2026-08-10,shipped,2
WO0006596,Midwest-2,Office Supplies,2026-08-08,08/10/2026,08/10/2026, Shipped,2
WO0006597,Northeast-1,Electronics,08/08/2026,2026-08-10,08/09/2026,shipped,1
WO0006598,South-4,Apparel,08/08/2026,2026-08-11,08/11/2026, Shipped,5
WO0006599,West-3,Home Goods,2026-08-08,2026-08-09,08/09/2026,shipped,4
WO0006600,West-3,Outdoor,08/08/2026,2026-08-11,2026-08-10, Shipped,9
WO0006601,South-4,Office Supplies,08/08/2026,08/09/2026,08/08/2026,shipped,5
WO0006602,South-4,Outdoor,08/08/2026,2026-08-10,2026-08-10,SHIPPED,6
WO0006603,Midwest-2,Office Supplies,08/08/2026,2026-08-09,08/09/2026,SHIPPED,10
WO0006604,Midwest-2,Office Supplies,2026-08-08,08/11/2026,2026-08-10,Shipped,10
WO0006605,West-3,Outdoor,2026-08-08,2026-08-09,2026-08-08,Shipped,2
WO0006606,Midwest-2,Electronics,08/08/2026,2026-08-11,2026-08-11,SHIPPED,7
WO0006607,Midwest-2,Office Supplies,08/08/2026,2026-08-09,08/09/2026, Shipped,9
WO0006608,West-3,Outdoor,2026-08-08,2026-08-10,08/09/2026, Shipped,10
WO0006609,Northeast-1,Electronics,2026-08-08,2026-08-11,2026-08-11,Shipped,2
WO0006610,Northeast-1,Electronics,2026-08-08,08/11/2026,2026-08-10,SHIPPED,3
WO0006611,Midwest-2,Electronics,2026-08-08,2026-08-09,2026-08-08, Shipped,4
WO0006612,Midwest-2,Outdoor,08/08/2026,08/11/2026,,delayed,2
WO0006613,South-4,Apparel,2026-08-08,08/11/2026,08/11/2026,SHIPPED,2
WO0006614,South-4,Home Goods,2026-08-08,08/10/2026,2026-08-09, Shipped,6
WO0006615,Northeast-1,Office Supplies,2026-08-08,08/11/2026,08/10/2026, Shipped,10
WO0006616,Northeast-1,Electronics,08/08/2026,2026-08-11,2026-08-16,Delayed,5
WO0006617,West-3,Office Supplies,2026-08-08,08/10/2026,2026-08-09, Shipped,10
WO0006618,West-3,Outdoor,2026-08-08,08/09/2026,2026-08-08,shipped,6
WO0006619,South-4,Office Supplies,08/08/2026,08/11/2026,,delayed,11
WO0006620,South-4,Home Goods,2026-08-08,08/09/2026,08/08/2026,Shipped,9
WO0006621,South-4,Home Goods,2026-08-08,2026-08-09,08/08/2026,Shipped,11
WO0006622,Northeast-1,Electronics,2026-08-08,08/10/2026,2026-08-10,shipped,11
WO0006623,South-4,Apparel,08/08/2026,08/11/2026,08/11/2026, Shipped,3
WO0006623,South-4,Apparel,08/08/2026,08/11/2026,08/11/2026, Shipped,3
WO0006624,South-4,Outdoor,2026-08-08,08/10/2026,2026-08-09,shipped,1
WO0006625,West-3,Home Goods,08/08/2026,2026-08-10,2026-08-09,shipped,4
WO0006626,West-3,Outdoor,2026-08-08,08/10/2026,2026-08-09,SHIPPED,4
WO0006627,South-4,Apparel,08/08/2026,2026-08-11,2026-08-11,Shipped,1
WO0006628,Northeast-1,Apparel,08/08/2026,08/11/2026,08/10/2026,SHIPPED,8
WO0006629,South-4,Office Supplies,2026-08-08,2026-08-11,2026-08-11,shipped,3
WO0006630,Northeast-1,Apparel,2026-08-08,2026-08-11,2026-08-11, Shipped,5
WO0006631,Midwest-2,Outdoor,08/08/2026,08/09/2026,08/13/2026,delayed,1
WO0006632,Midwest-2,Office Supplies,2026-08-08,2026-08-10,08/09/2026, Shipped,1
WO0006633,South-4,Outdoor,2026-08-08,2026-08-09,,DELAYED,6
WO0006634,Northeast-1,Outdoor,2026-08-08,2026-08-10,2026-08-09,shipped,11
WO0006635,Northeast-1,Office Supplies,2026-08-08,2026-08-11,08/10/2026,Shipped,4
WO0006636,Northeast-1,Apparel,08/08/2026,08/10/2026,2026-08-10, Shipped,9
WO0006637,West-3,Office Supplies,2026-08-08,2026-08-10,08/10/2026,Shipped,8
WO0006638,Midwest-2,Office Supplies,08/08/2026,2026-08-10,2026-08-10, Shipped,3
WO0006639,Northeast-1,Electronics,08/08/2026,2026-08-09,08/12/2026,Delayed,8
WO0006640,Northeast-1,Home Goods,08/08/2026,08/09/2026,08/09/2026,shipped,11
WO0006641,South-4,Apparel,08/08/2026,08/10/2026,08/10/2026,shipped,5
WO0006642,South-4,Apparel,2026-08-08,2026-08-10,2026-08-10,shipped,10
WO0006643,Midwest-2,Home Goods,2026-08-08,08/10/2026,2026-08-09,Shipped,1
WO0006644,South-4,Office Supplies,08/08/2026,2026-08-11,2026-08-11,Shipped,3
WO0006644,South-4,Office Supplies,08/08/2026,2026-08-11,2026-08-11,Shipped,3
WO0006645,West-3,Home Goods,08/08/2026,08/11/2026,2026-08-10, Shipped,9
WO0006646,Midwest-2,Electronics,08/08/2026,08/10/2026,2026-08-09,Shipped,7
WO0006647,South-4,Apparel,08/08/2026,08/09/2026,2026-08-08, Shipped,1
WO0006648,West-3,Electronics,08/08/2026,2026-08-09,2026-08-08,shipped,9
WO0006649,Midwest-2,Apparel,08/08/2026,08/10/2026,2026-08-10, Shipped,6
WO0006650,Northeast-1,Outdoor,08/08/2026,08/11/2026,08/11/2026,shipped,8
WO0006651,Midwest-2,Office Supplies,2026-08-08,2026-08-09,08/09/2026, Shipped,11
WO0006652,West-3,Electronics,08/08/2026,08/10/2026,2026-08-10, Shipped,7
WO0006653,West-3,Apparel,2026-08-08,08/11/2026,2026-08-10,Shipped,2
WO0006654,Northeast-1,Outdoor,2026-08-08,08/11/2026,08/11/2026, Shipped,2
WO0006655,South-4,Home Goods,2026-08-08,08/09/2026,2026-08-08,SHIPPED,7
WO0006656,Northeast-1,Electronics,2026-08-08,2026-08-11,2026-08-10, Shipped,9
WO0006657,South-4,Home Goods,2026-08-08,08/10/2026,2026-08-09,shipped,8
WO0006658,West-3,Apparel,2026-08-08,08/09/2026,2026-08-08,shipped,8
WO0006659,Midwest-2,Outdoor,08/08/2026,2026-08-11,08/11/2026, Shipped,3
WO0006660,Midwest-2,Apparel,08/08/2026,2026-08-10,08/10/2026,shipped,4
WO0006661,Northeast-1,Outdoor,2026-08-08,2026-08-09,,Cancelled,4
WO0006662,Northeast-1,Home Goods,08/08/2026,2026-08-11,2026-08-10,Shipped,9
WO0006663,Midwest-2,Apparel,2026-08-08,08/10/2026,2026-08-10, Shipped,8
WO0006664,Northeast-1,Apparel,2026-08-08,2026-08-09,2026-08-08, Shipped,2
WO0006665,Northeast-1,Apparel,2026-08-08,2026-08-10,,cancelled,11
WO0006666,Northeast-1,Office Supplies,08/08/2026,08/09/2026,08/08/2026,shipped,6
WO0006667,,Office Supplies,08/08/2026,08/09/2026,08/08/2026,shipped,6
WO0006668,South-4,Apparel,08/08/2026,2026-08-09,08/09/2026,shipped,2
WO0006669,Northeast-1,Apparel,08/08/2026,2026-08-09,,Delayed,6
WO0006670,Midwest-2,Apparel,08/08/2026,08/11/2026,08/11/2026,shipped,4
WO0006671,South-4,Outdoor,08/08/2026,08/10/2026,08/10/2026,Shipped,1
WO0006672,West-3,Home Goods,08/08/2026,2026-08-09,08/08/2026, Shipped,4
WO0006673,West-3,Office Supplies,2026-08-08,08/11/2026,2026-08-11,Shipped,10
WO0006674,Midwest-2,Office Supplies,2026-08-08,08/10/2026,2026-08-10,Shipped,2
WO0006675,Midwest-2,Outdoor,2026-08-08,08/09/2026,08/08/2026, Shipped,3
WO0006676,South-4,Home Goods,2026-08-08,2026-08-10,,Canceled,11
WO0006677,South-4,Office Supplies,08/08/2026,08/09/2026,2026-08-09,SHIPPED,6
WO0006678,Midwest-2,Office Supplies,08/08/2026,08/10/2026,2026-08-10, Shipped,11
WO0006679,Northeast-1,Office Supplies,2026-08-08,08/09/2026,2026-08-08,Shipped,6
WO0006680,Midwest-2,Apparel,08/08/2026,08/11/2026,2026-08-10,shipped,10
WO0006681,West-3,Office Supplies,2026-08-08,2026-08-09,2026-08-09,shipped,3
WO0006682,West-3,Home Goods,2026-08-08,2026-08-09,08/09/2026,Shipped,4
WO0006683,Northeast-1,Office Supplies,2026-08-08,2026-08-11,2026-08-10, Shipped,9
WO0006684,Northeast-1,Home Goods,08/08/2026,08/11/2026,08/14/2026,Delayed,2
WO0006685,South-4,Office Supplies,08/08/2026,2026-08-11,2026-08-11, Shipped,10
WO0006686,Midwest-2,Office Supplies,2026-08-08,08/11/2026,2026-08-11,SHIPPED,2
WO0006687,West-3,Electronics,2026-08-08,08/11/2026,08/10/2026,Shipped,7
WO0006688,South-4,Apparel,2026-08-08,08/10/2026,08/09/2026, Shipped,6
WO0006689,Northeast-1,Electronics,2026-08-08,08/09/2026,08/09/2026,Shipped,2
WO0006690,West-3,Apparel,2026-08-08,08/09/2026,2026-08-09,SHIPPED,7
WO0006691,South-4,Home Goods,08/08/2026,2026-08-11,08/11/2026,shipped,7
WO0006692,West-3,Office Supplies,08/08/2026,2026-08-09,08/08/2026,SHIPPED,9
WO0006693,South-4,Apparel,08/08/2026,08/09/2026,08/08/2026,SHIPPED,1
WO0006694,South-4,Electronics,2026-08-08,2026-08-11,08/10/2026,Shipped,10
WO0006695,Northeast-1,Apparel,08/08/2026,2026-08-11,08/11/2026,Shipped,6
WO0006696,Midwest-2,Home Goods,2026-08-08,08/11/2026,08/11/2026, Shipped,8
WO0006697,West-3,Office Supplies,2026-08-08,08/09/2026,08/09/2026,shipped,10
WO0006698,Midwest-2,Electronics,2026-08-08,2026-08-11,,DELAYED,5
WO0006699,Midwest-2,Home Goods,2026-08-08,08/09/2026,2026-08-08,SHIPPED,6
WO0006700,Northeast-1,Apparel,2026-08-08,08/10/2026,08/09/2026, Shipped,6
WO0006701,Northeast-1,Home Goods,2026-08-08,08/10/2026,2026-08-09,shipped,11
WO0006702,Northeast-1,Home Goods,2026-08-08,2026-08-11,2026-08-11,SHIPPED,8
WO0006703,Northeast-1,Apparel,08/08/2026,2026-08-10,2026-08-09,Shipped,2
WO0006704,South-4,Outdoor,2026-08-08,08/10/2026,08/10/2026,shipped,8
WO0006705,Midwest-2,Home Goods,08/08/2026,08/11/2026,2026-08-11,Shipped,4
WO0006706,Midwest-2,Home Goods,08/08/2026,08/09/2026,,Delayed,10
WO0006707,Northeast-1,Office Supplies,08/08/2026,2026-08-10,2026-08-09,Shipped,5
WO0006708,Midwest-2,Outdoor,2026-08-08,2026-08-09,2026-08-08, Shipped,8
WO0006709,Northeast-1,Home Goods,08/08/2026,2026-08-10,08/09/2026, Shipped,4
WO0006710,Northeast-1,Electronics,2026-08-08,2026-08-10,2026-08-10,shipped,11
WO0006711,West-3,Outdoor,2026-08-08,2026-08-09,08/08/2026, Shipped,10
WO0006712,Midwest-2,Home Goods,2026-08-08,08/10/2026,08/09/2026,shipped,8
WO0006713,West-3,Electronics,08/08/2026,08/10/2026,2026-08-09,shipped,7
WO0006714,West-3,Office Supplies,2026-08-08,2026-08-09,2026-08-08,SHIPPED,7
WO0006715,West-3,Apparel,2026-08-08,2026-08-10,,DELAYED,2
WO0006716,Northeast-1,Outdoor,2026-08-08,08/11/2026,08/11/2026, Shipped,2
WO0006717,West-3,Home Goods,08/08/2026,2026-08-09,08/08/2026,SHIPPED,7
WO0006718,Northeast-1,Home Goods,08/08/2026,08/09/2026,08/09/2026,shipped,11
WO0006719,Midwest-2,Office Supplies,08/08/2026,2026-08-10,08/10/2026,shipped,11
WO0006720,West-3,Apparel,2026-08-08,2026-08-09,2026-08-08,shipped,1
WO0006721,,Apparel,2026-08-08,2026-08-09,2026-08-08,shipped,1
WO0006722,Midwest-2,Office Supplies,08/08/2026,08/11/2026,08/10/2026,Shipped,1
WO0006723,South-4,Apparel,2026-08-08,08/11/2026,2026-08-10,shipped,4
WO0006724,South-4,Apparel,08/08/2026,08/10/2026,2026-08-09,Shipped,3
WO0006725,Northeast-1,Home Goods,2026-08-08,08/09/2026,2026-08-08, Shipped,6
WO0006726,West-3,Outdoor,2026-08-08,08/10/2026,08/12/2026,Delayed,4
WO0006727,West-3,Apparel,2026-08-08,08/09/2026,08/08/2026, Shipped,11
WO0006728,Northeast-1,Apparel,2026-08-08,2026-08-11,2026-08-10, Shipped,3
WO0006729,West-3,Office Supplies,2026-08-08,2026-08-11,2026-08-11, Shipped,9
WO0006730,Northeast-1,Apparel,08/08/2026,08/09/2026,08/09/2026,SHIPPED,10
WO0006731,Midwest-2,Outdoor,08/08/2026,2026-08-11,08/11/2026, Shipped,3
WO0006732,South-4,Office Supplies,2026-08-08,08/10/2026,08/09/2026,shipped,4
WO0006733,Midwest-2,Home Goods,08/08/2026,08/09/2026,2026-08-08,Shipped,1
WO0006734,Midwest-2,Office Supplies,2026-08-08,08/09/2026,2026-08-09,Shipped,2
WO0006735,Midwest-2,Outdoor,08/08/2026,2026-08-11,08/11/2026,shipped,6
WO0006736,West-3,Apparel,08/08/2026,08/09/2026,2026-08-09,Shipped,7
WO0006737,South-4,Electronics,08/08/2026,08/10/2026,08/09/2026,shipped,9
WO0006738,South-4,Outdoor,08/08/2026,2026-08-10,,DELAYED,11
WO0006739,Midwest-2,Electronics,08/08/2026,08/11/2026,,DELAYED,11
WO0006740,Northeast-1,Electronics,2026-08-09,2026-08-11,2026-08-16,Delayed,2
WO0006741,South-4,Outdoor,08/09/2026,2026-08-11,08/10/2026, Shipped,2
WO0006742,Midwest-2,Apparel,08/09/2026,2026-08-10,2026-08-10,Shipped,8
WO0006743,Northeast-1,Office Supplies,08/09/2026,08/11/2026,08/11/2026,Shipped,3
WO0006744,West-3,Outdoor,08/09/2026,2026-08-12,08/11/2026, Shipped,1
WO0006745,Midwest-2,Outdoor,2026-08-09,08/10/2026,2026-08-09, Shipped,2
WO0006745,Midwest-2,Outdoor,2026-08-09,08/10/2026,2026-08-09, Shipped,2
WO0006746,Northeast-1,Apparel,08/09/2026,08/12/2026,2026-08-11,Shipped,3
WO0006747,South-4,Home Goods,08/09/2026,2026-08-10,2026-08-10,SHIPPED,9
WO0006748,Northeast-1,Electronics,08/09/2026,2026-08-11,2026-08-10, Shipped,6
WO0006749,Midwest-2,Apparel,2026-08-09,2026-08-11,2026-08-10,Shipped,7
WO0006750,Midwest-2,Apparel,08/09/2026,08/12/2026,08/17/2026,Delayed,3
WO0006751,West-3,Outdoor,2026-08-09,2026-08-11,08/11/2026,SHIPPED,10
WO0006752,Northeast-1,Apparel,08/09/2026,08/11/2026,08/10/2026,shipped,11
WO0006753,South-4,Apparel,2026-08-09,08/11/2026,08/10/2026,shipped,4
WO0006754,Midwest-2,Electronics,2026-08-09,2026-08-11,2026-08-10,Shipped,2
WO0006755,West-3,Outdoor,2026-08-09,2026-08-10,2026-08-10,shipped,10
WO0006756,West-3,Home Goods,08/09/2026,08/11/2026,08/10/2026,shipped,3
WO0006757,Northeast-1,Electronics,2026-08-09,08/11/2026,2026-08-10,Shipped,11
WO0006758,,Electronics,2026-08-09,08/11/2026,2026-08-10,Shipped,11
WO0006759,Northeast-1,Office Supplies,08/09/2026,2026-08-11,08/13/2026,delayed,7
WO0006760,Midwest-2,Apparel,2026-08-09,2026-08-10,2026-08-13,Delayed,4
WO0006761,Midwest-2,Apparel,2026-08-09,2026-08-12,2026-08-12, Shipped,1
WO0006762,West-3,Office Supplies,2026-08-09,2026-08-11,2026-08-10, Shipped,3
WO0006763,Midwest-2,Apparel,08/09/2026,08/12/2026,08/12/2026, Shipped,6
WO0006764,West-3,Apparel,2026-08-09,08/12/2026,2026-08-11,SHIPPED,9
WO0006765,West-3,Home Goods,08/09/2026,08/11/2026,08/11/2026,shipped,9
WO0006766,Northeast-1,Home Goods,08/09/2026,2026-08-12,08/11/2026,Shipped,1
WO0006766,Northeast-1,Home Goods,08/09/2026,2026-08-12,08/11/2026,Shipped,1
WO0006767,Northeast-1,Home Goods,2026-08-09,2026-08-11,2026-08-10,SHIPPED,5
WO0006768,South-4,Electronics,2026-08-09,08/12/2026,2026-08-12, Shipped,1
WO0006769,South-4,Outdoor,2026-08-09,08/11/2026,2026-08-10,Shipped,10
WO0006769,South-4,Outdoor,2026-08-09,08/11/2026,2026-08-10,Shipped,10
WO0006770,West-3,Office Supplies,08/09/2026,2026-08-10,08/10/2026,Shipped,3
WO0006771,Midwest-2,Office Supplies,08/09/2026,2026-08-12,08/11/2026, Shipped,2
WO0006772,West-3,Outdoor,2026-08-09,2026-08-10,08/10/2026,Shipped,2
WO0006773,South-4,Electronics,08/09/2026,2026-08-10,2026-08-09,shipped,6
WO0006774,South-4,Outdoor,2026-08-09,2026-08-12,08/12/2026,Shipped,4
WO0006775,Midwest-2,Outdoor,2026-08-09,2026-08-11,2026-08-10, Shipped,5
WO0006776,West-3,Outdoor,2026-08-09,2026-08-12,2026-08-12, Shipped,3
WO0006777,Northeast-1,Outdoor,2026-08-09,2026-08-10,2026-08-10,Shipped,7
WO0006778,Northeast-1,Outdoor,2026-08-09,2026-08-12,08/12/2026,shipped,8
WO0006779,Midwest-2,Home Goods,2026-08-09,2026-08-10,08/10/2026,shipped,9
WO0006780,South-4,Electronics,2026-08-09,08/11/2026,08/10/2026,shipped,11
WO0006781,Northeast-1,Home Goods,2026-08-09,2026-08-10,,DELAYED,1
WO0006782,Northeast-1,Home Goods,08/09/2026,08/12/2026,2026-08-11,shipped,7
WO0006783,Midwest-2,Office Supplies,2026-08-09,2026-08-10,08/09/2026, Shipped,9
WO0006784,Northeast-1,Electronics,08/09/2026,2026-08-11,2026-08-10, Shipped,2
WO0006785,,Electronics,08/09/2026,2026-08-11,2026-08-10, Shipped,2
WO0006786,Northeast-1,Home Goods,08/09/2026,08/10/2026,08/09/2026,SHIPPED,9
WO0006787,South-4,Outdoor,08/09/2026,08/11/2026,2026-08-11,Shipped,3
WO0006788,Midwest-2,Apparel,2026-08-09,2026-08-11,2026-08-11,Shipped,7
WO0006789,West-3,Electronics,08/09/2026,2026-08-10,2026-08-10,Shipped,1
WO0006790,South-4,Apparel,2026-08-09,08/10/2026,08/09/2026, Shipped,6
WO0006791,Midwest-2,Office Supplies,2026-08-09,08/12/2026,08/12/2026, Shipped,3
WO0006792,,Office Supplies,2026-08-09,08/12/2026,08/12/2026, Shipped,3
WO0006793,Northeast-1,Office Supplies,08/09/2026,2026-08-11,2026-08-16,delayed,5
WO0006794,Midwest-2,Home Goods,08/09/2026,08/12/2026,2026-08-11,Shipped,7
WO0006795,West-3,Outdoor,2026-08-09,2026-08-11,2026-08-10,Shipped,3
WO0006796,South-4,Office Supplies,2026-08-09,2026-08-10,08/09/2026,Shipped,11
WO0006797,South-4,Home Goods,08/09/2026,2026-08-12,2026-08-11,SHIPPED,8
WO0006798,Northeast-1,Apparel,08/09/2026,08/12/2026,08/12/2026,Shipped,3
WO0006799,West-3,Electronics,08/09/2026,08/12/2026,2026-08-12, Shipped,1
WO0006800,Midwest-2,Apparel,08/09/2026,2026-08-11,2026-08-11, Shipped,5
WO0006801,West-3,Outdoor,08/09/2026,2026-08-11,2026-08-11,Shipped,3
WO0006802,Northeast-1,Outdoor,08/09/2026,2026-08-11,08/10/2026,shipped,8
WO0006803,South-4,Electronics,2026-08-09,08/12/2026,2026-08-12, Shipped,1
WO0006804,Northeast-1,Electronics,08/09/2026,08/10/2026,2026-08-11,Delayed,4
WO0006805,Midwest-2,Outdoor,08/09/2026,08/11/2026,08/11/2026,Shipped,2
WO0006806,South-4,Apparel,08/09/2026,2026-08-12,08/11/2026,Shipped,2
WO0006807,Midwest-2,Home Goods,2026-08-09,08/12/2026,2026-08-14,Delayed,11
WO0006808,West-3,Apparel,2026-08-09,08/11/2026,,Canceled,1
WO0006809,South-4,Home Goods,08/09/2026,2026-08-11,08/11/2026,Shipped,11
WO0006810,Northeast-1,Home Goods,2026-08-09,08/10/2026,08/10/2026,Shipped,5
WO0006811,South-4,Home Goods,2026-08-09,08/11/2026,,delayed,8
WO0006812,West-3,Home Goods,2026-08-09,2026-08-11,2026-08-10, Shipped,5
WO0006813,West-3,Office Supplies,2026-08-09,08/11/2026,2026-08-11,shipped,2
WO0006814,South-4,Electronics,2026-08-09,2026-08-12,08/12/2026,SHIPPED,2
WO0006815,West-3,Apparel,2026-08-09,08/12/2026,2026-08-12,shipped,3
WO0006816,West-3,Apparel,08/09/2026,2026-08-12,08/11/2026,SHIPPED,11
WO0006817,Northeast-1,Electronics,2026-08-09,2026-08-11,08/10/2026, Shipped,4
WO0006818,Midwest-2,Electronics,2026-08-09,2026-08-12,08/11/2026,shipped,10
WO0006819,South-4,Office Supplies,2026-08-09,2026-08-12,2026-08-12,Shipped,10
WO0006820,South-4,Electronics,08/09/2026,2026-08-10,2026-08-09,shipped,4
WO0006821,West-3,Apparel,08/09/2026,2026-08-12,08/11/2026,SHIPPED,11
WO0006822,Midwest-2,Office Supplies,2026-08-09,2026-08-10,2026-08-10,SHIPPED,3
WO0006823,Northeast-1,Outdoor,2026-08-09,2026-08-12,2026-08-12, Shipped,7
WO0006824,Northeast-1,Outdoor,08/09/2026,08/12/2026,08/11/2026,SHIPPED,2
WO0006825,West-3,Outdoor,08/09/2026,2026-08-11,2026-08-10,SHIPPED,3
WO0006826,Midwest-2,Office Supplies,2026-08-09,08/10/2026,2026-08-09,shipped,10
WO0006827,West-3,Outdoor,2026-08-09,2026-08-10,2026-08-09,Shipped,2
WO0006828,Northeast-1,Office Supplies,2026-08-09,2026-08-10,2026-08-10,Shipped,11
WO0006829,Northeast-1,Office Supplies,08/09/2026,08/10/2026,2026-08-10,Shipped,6
WO0006830,Midwest-2,Office Supplies,2026-08-09,08/11/2026,2026-08-10,Shipped,5
WO0006830,Midwest-2,Office Supplies,2026-08-09,08/11/2026,2026-08-10,Shipped,5
WO0006831,West-3,Electronics,2026-08-09,08/12/2026,2026-08-12,Shipped,3
WO0006832,Northeast-1,Apparel,2026-08-09,08/12/2026,2026-08-12,Shipped,1
WO0006833,Northeast-1,Home Goods,08/09/2026,08/12/2026,08/17/2026,DELAYED,11
WO0006834,Northeast-1,Home Goods,2026-08-09,2026-08-11,08/10/2026, Shipped,9
WO0006835,West-3,Home Goods,08/09/2026,2026-08-12,2026-08-12, Shipped,5
WO0006836,Northeast-1,Home Goods,08/09/2026,2026-08-10,2026-08-09,Shipped,11
WO0006837,Northeast-1,Electronics,08/09/2026,2026-08-12,2026-08-11,SHIPPED,8
WO0006838,Northeast-1,Office Supplies,2026-08-09,2026-08-11,08/10/2026,SHIPPED,2
WO0006839,Midwest-2,Apparel,2026-08-09,08/12/2026,2026-08-11,SHIPPED,4
WO0006840,Midwest-2,Apparel,2026-08-09,2026-08-10,,Canceled,10
WO0006841,West-3,Outdoor,08/09/2026,08/10/2026,08/11/2026,Delayed,3
WO0006842,West-3,Outdoor,08/09/2026,08/12/2026,08/11/2026,shipped,9
WO0006843,South-4,Outdoor,08/09/2026,2026-08-12,08/11/2026,Shipped,5
WO0006844,South-4,Apparel,2026-08-09,08/10/2026,08/09/2026, Shipped,7
WO0006845,Northeast-1,Apparel,08/09/2026,2026-08-12,2026-08-11, Shipped,11
WO0006846,Midwest-2,Office Supplies,2026-08-09,08/12/2026,2026-08-12, Shipped,9
WO0006847,West-3,Outdoor,08/09/2026,2026-08-11,,Canceled,2
WO0006848,Northeast-1,Office Supplies,2026-08-09,2026-08-11,08/11/2026,Shipped,6
WO0006849,Midwest-2,Office Supplies,08/09/2026,2026-08-10,2026-08-09,Shipped,3
WO0006850,Northeast-1,Outdoor,2026-08-10,2026-08-12,08/12/2026,Shipped,10
WO0006851,West-3,Home Goods,08/10/2026,2026-08-12,2026-08-16,Delayed,4
WO0006852,South-4,Outdoor,2026-08-10,08/11/2026,08/11/2026,SHIPPED,5
WO0006852,South-4,Outdoor,2026-08-10,08/11/2026,08/11/2026,SHIPPED,5
WO0006853,Northeast-1,Office Supplies,08/10/2026,08/13/2026,2026-08-13,SHIPPED,8
WO0006854,West-3,Apparel,2026-08-10,08/13/2026,2026-08-13,SHIPPED,6
WO0006855,Northeast-1,Outdoor,2026-08-10,08/13/2026,08/12/2026,shipped,3
WO0006856,West-3,Home Goods,2026-08-10,08/13/2026,2026-08-13,Shipped,11
WO0006857,South-4,Home Goods,2026-08-10,08/13/2026,08/12/2026, Shipped,1
WO0006858,West-3,Office Supplies,08/10/2026,08/12/2026,08/11/2026, Shipped,8
WO0006859,Midwest-2,Apparel,08/10/2026,08/11/2026,2026-08-11,Shipped,6
WO0006860,Midwest-2,Apparel,08/10/2026,08/11/2026,08/11/2026,shipped,10
WO0006861,Northeast-1,Home Goods,08/10/2026,2026-08-12,2026-08-11,shipped,5
WO0006862,South-4,Outdoor,2026-08-10,08/13/2026,08/13/2026,Shipped,5
WO0006863,West-3,Apparel,08/10/2026,2026-08-13,2026-08-12,shipped,3
WO0006864,South-4,Home Goods,2026-08-10,2026-08-11,2026-08-11, Shipped,9
WO0006865,West-3,Electronics,2026-08-10,08/12/2026,08/15/2026,delayed,2
WO0006866,Midwest-2,Apparel,08/10/2026,2026-08-13,08/12/2026,Shipped,4
WO0006867,Midwest-2,Electronics,08/10/2026,2026-08-11,2026-08-11,SHIPPED,4
WO0006868,West-3,Home Goods,08/10/2026,08/13/2026,08/12/2026,shipped,10
WO0006869,West-3,Apparel,08/10/2026,2026-08-13,2026-08-13,Shipped,5
WO0006870,West-3,Outdoor,2026-08-10,08/13/2026,2026-08-13,shipped,7
WO0006871,Northeast-1,Office Supplies,08/10/2026,2026-08-12,08/11/2026, Shipped,5
WO0006872,Northeast-1,Home Goods,08/10/2026,08/13/2026,,delayed,10
WO0006873,West-3,Office Supplies,2026-08-10,08/12/2026,2026-08-12,shipped,11
WO0006874,West-3,Home Goods,08/10/2026,08/11/2026,2026-08-11,Shipped,7
WO0006875,Midwest-2,Electronics,2026-08-10,2026-08-11,2026-08-10,Shipped,3
WO0006876,Midwest-2,Office Supplies,08/10/2026,2026-08-11,2026-08-10,SHIPPED,1
WO0006877,South-4,Home Goods,2026-08-10,08/13/2026,2026-08-12, Shipped,9
WO0006878,Northeast-1,Apparel,2026-08-10,08/12/2026,2026-08-12,SHIPPED,1
WO0006879,West-3,Apparel,08/10/2026,08/12/2026,08/12/2026,shipped,5
WO0006880,Midwest-2,Apparel,08/10/2026,2026-08-11,08/11/2026,SHIPPED,11
WO0006881,West-3,Apparel,08/10/2026,08/12/2026,08/11/2026,Shipped,10
WO0006882,West-3,Electronics,08/10/2026,08/12/2026,2026-08-11,shipped,9
WO0006883,Midwest-2,Office Supplies,2026-08-10,2026-08-13,2026-08-13,SHIPPED,11
WO0006884,South-4,Home Goods,2026-08-10,08/12/2026,08/11/2026,Shipped,8
WO0006885,Northeast-1,Office Supplies,08/10/2026,08/12/2026,2026-08-11, Shipped,7
WO0006886,Midwest-2,Outdoor,2026-08-10,2026-08-11,2026-08-11,Shipped,7
WO0006887,West-3,Home Goods,2026-08-10,08/12/2026,08/11/2026,SHIPPED,2
WO0006888,South-4,Office Supplies,08/10/2026,08/13/2026,2026-08-13,Shipped,10
WO0006888,South-4,Office Supplies,08/10/2026,08/13/2026,2026-08-13,Shipped,10
WO0006889,South-4,Outdoor,08/10/2026,2026-08-11,08/10/2026,SHIPPED,6
WO0006890,West-3,Outdoor,08/10/2026,08/12/2026,2026-08-11, Shipped,5
WO0006891,South-4,Home Goods,08/10/2026,08/12/2026,08/11/2026,SHIPPED,5
WO0006892,Midwest-2,Home Goods,2026-08-10,2026-08-12,2026-08-11,Shipped,10
WO0006893,Midwest-2,Office Supplies,08/10/2026,2026-08-13,08/12/2026,SHIPPED,10
WO0006894,Northeast-1,Outdoor,2026-08-10,08/13/2026,2026-08-13,SHIPPED,4
WO0006895,Midwest-2,Electronics,2026-08-10,2026-08-12,,delayed,10
WO0006896,Midwest-2,Apparel,08/10/2026,08/11/2026,08/10/2026, Shipped,4
WO0006897,Midwest-2,Electronics,2026-08-10,08/13/2026,08/13/2026,SHIPPED,9
WO0006898,Northeast-1,Electronics,08/10/2026,08/11/2026,08/10/2026, Shipped,5
WO0006899,Northeast-1,Home Goods,08/10/2026,08/13/2026,2026-08-13,SHIPPED,11
WO0006900,Midwest-2,Electronics,2026-08-10,08/13/2026,2026-08-12,SHIPPED,9
WO0006901,West-3,Outdoor,08/10/2026,08/11/2026,2026-08-11,shipped,4
WO0006902,West-3,Outdoor,2026-08-10,08/11/2026,08/10/2026,SHIPPED,11
WO0006903,West-3,Apparel,2026-08-10,08/12/2026,08/11/2026,shipped,8
WO0006904,West-3,Office Supplies,08/10/2026,2026-08-13,08/12/2026,SHIPPED,7
WO0006905,Midwest-2,Office Supplies,08/10/2026,2026-08-11,2026-08-11, Shipped,2
WO0006906,Midwest-2,Outdoor,2026-08-10,2026-08-13,2026-08-12,Shipped,7
WO0006907,Midwest-2,Electronics,08/10/2026,08/12/2026,08/11/2026,shipped,11
WO0006908,South-4,Office Supplies,2026-08-10,2026-08-11,,delayed,9
WO0006909,Midwest-2,Office Supplies,2026-08-10,2026-08-13,2026-08-13,Shipped,4
WO0006910,Midwest-2,Electronics,2026-08-10,2026-08-11,2026-08-10,SHIPPED,7
WO0006911,Midwest-2,Apparel,08/10/2026,08/11/2026,08/11/2026,SHIPPED,3
WO0006912,Midwest-2,Apparel,08/10/2026,08/11/2026,2026-08-11,Shipped,11
WO0006913,South-4,Apparel,2026-08-10,2026-08-13,08/12/2026,Shipped,5
WO0006914,Midwest-2,Home Goods,2026-08-10,08/11/2026,2026-08-10, Shipped,7
WO0006915,Midwest-2,Outdoor,08/10/2026,08/13/2026,08/13/2026,shipped,10
WO0006916,Midwest-2,Electronics,2026-08-10,08/13/2026,,Delayed,4
WO0006917,West-3,Apparel,2026-08-10,2026-08-11,2026-08-11,SHIPPED,5
WO0006918,West-3,Home Goods,2026-08-10,2026-08-13,08/12/2026, Shipped,9
WO0006919,West-3,Electronics,2026-08-10,08/13/2026,08/13/2026, Shipped,4
WO0006920,West-3,Office Supplies,2026-08-10,08/11/2026,2026-08-10,SHIPPED,11
WO0006921,West-3,Electronics,08/10/2026,08/11/2026,08/11/2026,SHIPPED,6
WO0006922,West-3,Apparel,08/10/2026,08/11/2026,2026-08-10,SHIPPED,3
WO0006923,Midwest-2,Home Goods,2026-08-10,08/12/2026,08/12/2026, Shipped,2
WO0006924,South-4,Apparel,2026-08-10,2026-08-11,08/11/2026,Shipped,2
WO0006925,Midwest-2,Office Supplies,2026-08-10,08/12/2026,2026-08-11, Shipped,7
WO0006926,Northeast-1,Office Supplies,2026-08-10,2026-08-12,08/11/2026, Shipped,1
WO0006927,Northeast-1,Outdoor,08/10/2026,2026-08-11,08/10/2026,SHIPPED,8
WO0006928,South-4,Apparel,08/10/2026,08/11/2026,2026-08-10, Shipped,2
WO0006929,South-4,Apparel,08/10/2026,08/11/2026,2026-08-10, Shipped,2
WO0006930,West-3,Apparel,2026-08-10,08/12/2026,2026-08-11, Shipped,6
WO0006931,Northeast-1,Apparel,2026-08-10,2026-08-12,2026-08-12,Shipped,11
WO0006932,West-3,Electronics,08/10/2026,2026-08-12,2026-08-11,SHIPPED,4
WO0006933,South-4,Apparel,08/10/2026,08/12/2026,08/12/2026,Shipped,9
WO0006934,Midwest-2,Electronics,08/10/2026,2026-08-13,,DELAYED,9
WO0006935,Northeast-1,Home Goods,2026-08-10,2026-08-11,08/11/2026,shipped,7
WO0006936,Northeast-1,Outdoor,08/10/2026,08/11/2026,08/10/2026,Shipped,3
WO0006937,Northeast-1,Home Goods,08/10/2026,2026-08-13,2026-08-12,shipped,4
WO0006938,South-4,Home Goods,2026-08-10,2026-08-12,2026-08-11,SHIPPED,6
WO0006939,Northeast-1,Home Goods,08/10/2026,08/12/2026,08/12/2026,shipped,11
WO0006940,South-4,Home Goods,08/10/2026,2026-08-12,08/11/2026, Shipped,9
WO0006941,Midwest-2,Home Goods,2026-08-10,2026-08-12,2026-08-12,SHIPPED,10
WO0006942,South-4,Apparel,08/10/2026,2026-08-13,2026-08-13,Shipped,4
WO0006943,West-3,Office Supplies,2026-08-10,2026-08-12,08/11/2026,Shipped,10
WO0006944,Midwest-2,Apparel,2026-08-10,08/11/2026,08/10/2026,Shipped,8
WO0006945,South-4,Apparel,2026-08-10,08/13/2026,2026-08-12,shipped,11
WO0006946,West-3,Home Goods,2026-08-10,08/12/2026,2026-08-11,shipped,8
WO0006947,South-4,Apparel,08/10/2026,2026-08-11,08/10/2026,Shipped,11
WO0006948,South-4,Outdoor,2026-08-10,08/12/2026,2026-08-12,SHIPPED,9
WO0006949,Midwest-2,Office Supplies,2026-08-10,2026-08-12,2026-08-11, Shipped,2
WO0006950,Northeast-1,Home Goods,08/10/2026,2026-08-13,08/12/2026,Shipped,11
WO0006951,West-3,Outdoor,08/10/2026,08/12/2026,2026-08-11,shipped,10
WO0006952,Midwest-2,Electronics,08/10/2026,2026-08-12,2026-08-12,SHIPPED,11
WO0006953,Midwest-2,Outdoor,08/10/2026,08/12/2026,08/12/2026,Shipped,10
WO0006954,Midwest-2,Apparel,08/10/2026,2026-08-13,08/13/2026,Shipped,6
WO0006955,West-3,Office Supplies,08/10/2026,08/11/2026,08/11/2026, Shipped,7
WO0006956,Northeast-1,Office Supplies,2026-08-10,08/12/2026,2026-08-12,shipped,2
WO0006957,Northeast-1,Electronics,2026-08-10,2026-08-12,2026-08-11,SHIPPED,1
WO0006958,South-4,Office Supplies,08/10/2026,08/11/2026,08/11/2026,Shipped,9
WO0006959,Midwest-2,Office Supplies,2026-08-10,08/11/2026,08/11/2026,SHIPPED,3
WO0006960,West-3,Office Supplies,08/10/2026,08/11/2026,2026-08-10,Shipped,9
WO0006961,,Office Supplies,08/10/2026,08/11/2026,2026-08-10,Shipped,9
WO0006962,West-3,Electronics,2026-08-10,2026-08-13,08/13/2026,Shipped,1
WO0006963,South-4,Apparel,2026-08-10,2026-08-11,08/11/2026, Shipped,7
WO0006964,South-4,Office Supplies,08/10/2026,08/12/2026,08/12/2026,Shipped,11
WO0006965,Midwest-2,Electronics,08/10/2026,2026-08-12,08/11/2026, Shipped,11
WO0006966,Midwest-2,Office Supplies,08/10/2026,08/13/2026,2026-08-13,SHIPPED,4
WO0006967,West-3,Home Goods,2026-08-10,08/13/2026,2026-08-13,Shipped,6
WO0006968,West-3,Office Supplies,2026-08-10,08/13/2026,,delayed,10
WO0006969,Northeast-1,Office Supplies,08/10/2026,2026-08-12,08/11/2026, Shipped,6
WO0006970,Northeast-1,Outdoor,2026-08-10,08/12/2026,2026-08-12,shipped,7
WO0006971,West-3,Home Goods,2026-08-10,2026-08-13,2026-08-13,Shipped,7
WO0006972,West-3,Electronics,2026-08-10,2026-08-12,08/11/2026, Shipped,4
WO0006973,West-3,Electronics,2026-08-10,2026-08-11,2026-08-11,shipped,7
WO0006974,Midwest-2,Apparel,2026-08-10,08/12/2026,08/11/2026, Shipped,11
WO0006975,South-4,Home Goods,08/10/2026,2026-08-12,2026-08-12, Shipped,6
WO0006976,South-4,Home Goods,08/10/2026,2026-08-13,2026-08-13,SHIPPED,2
WO0006977,Northeast-1,Electronics,2026-08-10,08/13/2026,,Delayed,9
WO0006978,Midwest-2,Outdoor,2026-08-10,08/12/2026,2026-08-12,SHIPPED,1
WO0006979,Northeast-1,Office Supplies,2026-08-10,08/11/2026,2026-08-11,Shipped,1
WO0006980,Northeast-1,Home Goods,2026-08-10,2026-08-13,08/13/2026,SHIPPED,10
WO0006981,South-4,Office Supplies,08/10/2026,08/13/2026,08/13/2026,shipped,8
WO0006982,Midwest-2,Apparel,2026-08-10,2026-08-12,2026-08-12,SHIPPED,6
WO0006983,Northeast-1,Home Goods,2026-08-10,2026-08-12,08/11/2026,shipped,6
WO0006984,West-3,Electronics,2026-08-10,2026-08-11,08/10/2026,SHIPPED,8
WO0006984,West-3,Electronics,2026-08-10,2026-08-11,08/10/2026,SHIPPED,8
WO0006985,South-4,Electronics,08/10/2026,08/12/2026,2026-08-11,SHIPPED,3
WO0006986,Midwest-2,Outdoor,08/10/2026,2026-08-12,2026-08-11,Shipped,4
WO0006987,South-4,Outdoor,08/10/2026,08/12/2026,2026-08-12, Shipped,5
WO0006988,Northeast-1,Home Goods,2026-08-10,08/13/2026,08/12/2026,Shipped,8
WO0006989,Northeast-1,Home Goods,08/10/2026,2026-08-13,08/12/2026,shipped,1
WO0006990,Midwest-2,Home Goods,08/10/2026,08/11/2026,08/11/2026, Shipped,7
WO0006991,West-3,Office Supplies,08/10/2026,08/13/2026,08/13/2026,SHIPPED,5
WO0006992,West-3,Home Goods,08/10/2026,08/13/2026,08/13/2026,Shipped,3
WO0006993,West-3,Outdoor,08/10/2026,2026-08-11,2026-08-10,SHIPPED,10
WO0006994,South-4,Electronics,2026-08-10,2026-08-11,08/11/2026,SHIPPED,8
WO0006995,South-4,Home Goods,2026-08-10,08/13/2026,2026-08-13,shipped,6
WO0006996,Midwest-2,Office Supplies,2026-08-10,2026-08-11,08/10/2026,Shipped,6
WO0006997,West-3,Home Goods,08/11/2026,08/12/2026,2026-08-11, Shipped,6
WO0006998,Northeast-1,Home Goods,2026-08-11,08/14/2026,08/13/2026, Shipped,2
WO0006999,Midwest-2,Outdoor,08/11/2026,2026-08-12,2026-08-12,shipped,2
WO0007000,West-3,Office Supplies,2026-08-11,08/13/2026,2026-08-12,Shipped,4
WO0007001,Northeast-1,Outdoor,2026-08-11,08/14/2026,2026-08-14,SHIPPED,10
WO0007002,Northeast-1,Apparel,2026-08-11,08/13/2026,08/13/2026, Shipped,11
WO0007003,Northeast-1,Outdoor,2026-08-11,2026-08-14,2026-08-14,SHIPPED,1
WO0007004,West-3,Home Goods,2026-08-11,08/14/2026,08/14/2026,SHIPPED,11
WO0007005,Northeast-1,Apparel,08/11/2026,08/14/2026,08/13/2026,SHIPPED,9
WO0007006,Northeast-1,Electronics,2026-08-11,2026-08-14,08/13/2026,shipped,10
WO0007007,Midwest-2,Office Supplies,2026-08-11,2026-08-14,2026-08-14,shipped,10
WO0007008,Midwest-2,Electronics,2026-08-11,2026-08-12,2026-08-12,SHIPPED,4
WO0007009,Northeast-1,Home Goods,08/11/2026,2026-08-12,2026-08-12,Shipped,11
WO0007010,Northeast-1,Home Goods,2026-08-11,08/12/2026,2026-08-12,SHIPPED,6
WO0007011,West-3,Electronics,2026-08-11,08/12/2026,08/11/2026,SHIPPED,9
WO0007012,Northeast-1,Apparel,08/11/2026,2026-08-12,2026-08-12, Shipped,10
WO0007013,Midwest-2,Office Supplies,08/11/2026,08/14/2026,08/14/2026,shipped,7
WO0007014,West-3,Electronics,08/11/2026,08/12/2026,08/11/2026,shipped,8
WO0007015,West-3,Home Goods,08/11/2026,08/12/2026,08/11/2026,shipped,7
WO0007016,Northeast-1,Apparel,2026-08-11,08/14/2026,08/14/2026, Shipped,8
WO0007017,South-4,Office Supplies,2026-08-11,08/14/2026,08/13/2026, Shipped,9
WO0007018,Midwest-2,Outdoor,2026-08-11,2026-08-14,08/14/2026, Shipped,8
WO0007019,South-4,Electronics,2026-08-11,08/12/2026,08/11/2026,SHIPPED,9
WO0007020,Northeast-1,Office Supplies,2026-08-11,2026-08-13,08/13/2026, Shipped,7
WO0007021,Northeast-1,Home Goods,2026-08-11,08/13/2026,2026-08-12,Shipped,5
WO0007022,West-3,Outdoor,2026-08-11,2026-08-12,08/11/2026,SHIPPED,9
WO0007023,West-3,Outdoor,08/11/2026,2026-08-14,2026-08-13,shipped,6
WO0007024,West-3,Home Goods,08/11/2026,2026-08-13,2026-08-12,Shipped,3
WO0007025,Midwest-2,Home Goods,2026-08-11,08/14/2026,08/13/2026,shipped,8
WO0007026,West-3,Home Goods,2026-08-11,2026-08-13,2026-08-13,Shipped,6
WO0007027,South-4,Apparel,2026-08-11,2026-08-12,08/11/2026,shipped,5
WO0007028,Midwest-2,Home Goods,2026-08-11,2026-08-12,08/11/2026,shipped,11
WO0007029,Northeast-1,Outdoor,08/11/2026,2026-08-12,2026-08-11,SHIPPED,1
WO0007030,Northeast-1,Office Supplies,08/11/2026,08/13/2026,08/13/2026,shipped,4
WO0007031,Midwest-2,Outdoor,2026-08-11,08/12/2026,2026-08-17,Delayed,5
WO0007032,South-4,Apparel,2026-08-11,2026-08-12,08/12/2026,SHIPPED,5
WO0007033,Northeast-1,Outdoor,08/11/2026,08/14/2026,08/13/2026, Shipped,8
WO0007034,South-4,Outdoor,2026-08-11,2026-08-12,2026-08-11,SHIPPED,3
WO0007035,South-4,Electronics,08/11/2026,2026-08-13,08/13/2026, Shipped,6
WO0007036,Midwest-2,Home Goods,2026-08-11,2026-08-13,08/13/2026,SHIPPED,10
WO0007037,South-4,Office Supplies,2026-08-11,08/12/2026,,Canceled,6
WO0007038,Midwest-2,Apparel,2026-08-11,2026-08-14,2026-08-13,SHIPPED,1
WO0007039,West-3,Apparel,08/11/2026,08/13/2026,2026-08-12, Shipped,5
WO0007040,South-4,Apparel,08/11/2026,08/14/2026,2026-08-13, Shipped,9
WO0007041,Northeast-1,Apparel,2026-08-11,2026-08-12,2026-08-12,Shipped,2
WO0007041,Northeast-1,Apparel,2026-08-11,2026-08-12,2026-08-12,Shipped,2
WO0007042,Northeast-1,Office Supplies,08/11/2026,2026-08-14,2026-08-14,Shipped,5
WO0007043,Midwest-2,Home Goods,08/11/2026,08/12/2026,08/12/2026,Shipped,6
WO0007044,Midwest-2,Apparel,2026-08-11,08/14/2026,2026-08-14,shipped,2
WO0007045,Midwest-2,Apparel,2026-08-11,08/14/2026,2026-08-14,shipped,-1
WO0007046,Midwest-2,Electronics,08/11/2026,08/14/2026,08/14/2026,shipped,11
WO0007047,West-3,Electronics,08/11/2026,08/13/2026,2026-08-12, Shipped,10
WO0007048,West-3,Outdoor,08/11/2026,08/13/2026,2026-08-13,shipped,5
WO0007049,Northeast-1,Electronics,08/11/2026,2026-08-12,08/12/2026,shipped,3
WO0007050,South-4,Home Goods,2026-08-11,2026-08-13,08/13/2026, Shipped,7
WO0007051,Midwest-2,Home Goods,2026-08-11,08/12/2026,2026-08-11,shipped,9
WO0007052,Midwest-2,Home Goods,08/11/2026,08/14/2026,08/15/2026,DELAYED,5
WO0007053,Midwest-2,Electronics,08/11/2026,2026-08-14,2026-08-14,Shipped,1
WO0007054,South-4,Electronics,08/11/2026,2026-08-13,08/13/2026, Shipped,3
WO0007055,West-3,Apparel,2026-08-11,08/13/2026,08/12/2026,shipped,5
WO0007056,Northeast-1,Home Goods,2026-08-11,2026-08-13,08/13/2026,Shipped,6
WO0007057,West-3,Office Supplies,2026-08-11,2026-08-14,08/13/2026,SHIPPED,3
WO0007058,Northeast-1,Electronics,2026-08-11,08/12/2026,2026-08-12,shipped,3
WO0007059,Northeast-1,Electronics,2026-08-11,08/12/2026,2026-08-12,shipped,-1
WO0007060,West-3,Electronics,2026-08-11,08/12/2026,08/11/2026,shipped,1
WO0007061,South-4,Electronics,2026-08-11,08/14/2026,08/14/2026,shipped,7
WO0007062,Northeast-1,Outdoor,2026-08-11,2026-08-12,2026-08-12,Shipped,5
WO0007063,South-4,Office Supplies,2026-08-11,08/12/2026,,DELAYED,11
WO0007064,Midwest-2,Electronics,08/11/2026,08/12/2026,2026-08-12,Shipped,11
WO0007065,Northeast-1,Apparel,2026-08-11,2026-08-14,2026-08-13,SHIPPED,2
WO0007066,Midwest-2,Apparel,08/11/2026,2026-08-14,,Delayed,7
WO0007067,West-3,Apparel,2026-08-11,08/14/2026,2026-08-13,shipped,6
WO0007068,Midwest-2,Apparel,08/11/2026,2026-08-12,08/11/2026,shipped,2
WO0007069,Midwest-2,Apparel,2026-08-11,2026-08-14,08/14/2026,SHIPPED,4
WO0007070,West-3,Outdoor,2026-08-11,2026-08-12,2026-08-12,Shipped,11
WO0007071,Midwest-2,Office Supplies,08/11/2026,08/12/2026,2026-08-12,shipped,4
WO0007072,Midwest-2,Home Goods,08/11/2026,08/14/2026,,Delayed,5
WO0007073,South-4,Home Goods,2026-08-11,08/12/2026,08/11/2026,Shipped,11
WO0007074,South-4,Home Goods,08/11/2026,2026-08-13,2026-08-12, Shipped,10
WO0007075,West-3,Office Supplies,08/11/2026,08/14/2026,08/14/2026,shipped,3
WO0007076,South-4,Electronics,08/11/2026,2026-08-14,2026-08-14,Shipped,9
WO0007077,Midwest-2,Apparel,2026-08-11,2026-08-12,08/11/2026,Shipped,1
WO0007078,West-3,Electronics,2026-08-11,08/13/2026,2026-08-13,SHIPPED,4
WO0007079,West-3,Outdoor,2026-08-11,2026-08-14,2026-08-14, Shipped,8
WO0007080,Northeast-1,Home Goods,08/11/2026,2026-08-12,08/11/2026,Shipped,5
WO0007081,Midwest-2,Apparel,2026-08-11,08/14/2026,08/14/2026, Shipped,9
WO0007082,West-3,Office Supplies,08/11/2026,08/14/2026,08/14/2026,Shipped,3
WO0007083,Northeast-1,Office Supplies,2026-08-11,2026-08-14,2026-08-13,SHIPPED,2
WO0007084,Midwest-2,Outdoor,2026-08-11,08/14/2026,08/13/2026, Shipped,11
WO0007085,South-4,Office Supplies,2026-08-11,2026-08-12,08/11/2026,Shipped,3
WO0007086,West-3,Electronics,08/11/2026,2026-08-13,08/12/2026,SHIPPED,9
WO0007087,Midwest-2,Apparel,2026-08-11,2026-08-13,2026-08-12,shipped,6
WO0007088,Northeast-1,Office Supplies,08/11/2026,2026-08-14,08/14/2026,shipped,1
WO0007089,Northeast-1,Electronics,08/11/2026,08/14/2026,2026-08-14,SHIPPED,8
WO0007090,Northeast-1,Home Goods,2026-08-11,08/13/2026,08/12/2026,SHIPPED,5
WO0007091,Midwest-2,Electronics,08/11/2026,08/13/2026,2026-08-12,Shipped,3
WO0007092,South-4,Electronics,2026-08-11,2026-08-13,2026-08-12,SHIPPED,4
WO0007093,South-4,Apparel,2026-08-11,08/13/2026,08/13/2026,Shipped,5
WO0007094,Midwest-2,Outdoor,08/11/2026,2026-08-14,08/13/2026,SHIPPED,11
WO0007095,South-4,Electronics,2026-08-11,2026-08-12,2026-08-11,Shipped,11
WO0007096,Northeast-1,Outdoor,2026-08-11,08/12/2026,2026-08-11, Shipped,3
WO0007097,West-3,Electronics,08/11/2026,08/14/2026,2026-08-14,SHIPPED,5
WO0007098,South-4,Apparel,08/11/2026,08/12/2026,08/12/2026,shipped,5
WO0007099,West-3,Home Goods,2026-08-11,2026-08-13,2026-08-13,shipped,9
WO0007100,Midwest-2,Home Goods,08/11/2026,2026-08-13,2026-08-13,SHIPPED,10
WO0007101,West-3,Home Goods,08/11/2026,2026-08-12,2026-08-12,SHIPPED,5
WO0007102,Midwest-2,Electronics,2026-08-11,08/13/2026,08/13/2026, Shipped,8
WO0007103,West-3,Outdoor,2026-08-11,2026-08-13,2026-08-13,SHIPPED,3
WO0007104,Northeast-1,Electronics,2026-08-11,08/12/2026,08/11/2026,shipped,7
WO0007105,West-3,Electronics,2026-08-11,08/13/2026,2026-08-12,shipped,7
WO0007106,,Electronics,2026-08-11,08/13/2026,2026-08-12,shipped,7
WO0007107,West-3,Apparel,2026-08-11,08/13/2026,2026-08-12,Shipped,9
WO0007108,Northeast-1,Office Supplies,2026-08-11,08/13/2026,2026-08-12, Shipped,4
WO0007109,Northeast-1,Apparel,2026-08-11,2026-08-13,08/13/2026,Shipped,8
WO0007110,West-3,Outdoor,2026-08-11,08/13/2026,2026-08-12,shipped,1
WO0007111,South-4,Home Goods,2026-08-11,08/12/2026,2026-08-12,Shipped,4
WO0007112,West-3,Outdoor,2026-08-11,2026-08-13,08/12/2026, Shipped,8
WO0007113,Midwest-2,Electronics,08/11/2026,2026-08-14,2026-08-14,Shipped,4
WO0007114,Midwest-2,Outdoor,08/11/2026,08/12/2026,08/12/2026,SHIPPED,11
WO0007115,West-3,Outdoor,2026-08-11,2026-08-12,2026-08-11,shipped,1
WO0007116,South-4,Home Goods,08/11/2026,08/14/2026,2026-08-13,SHIPPED,1
WO0007117,Midwest-2,Office Supplies,2026-08-11,08/14/2026,2026-08-14,SHIPPED,1
WO0007118,West-3,Office Supplies,08/11/2026,2026-08-12,08/12/2026, Shipped,1
WO0007119,Northeast-1,Office Supplies,08/11/2026,2026-08-14,08/14/2026,shipped,8
WO0007120,South-4,Office Supplies,2026-08-11,2026-08-13,2026-08-12, Shipped,10
WO0007121,Midwest-2,Apparel,2026-08-11,2026-08-12,08/12/2026,SHIPPED,4
WO0007122,South-4,Office Supplies,2026-08-11,2026-08-12,08/12/2026, Shipped,5
WO0007123,West-3,Outdoor,08/11/2026,08/13/2026,2026-08-13, Shipped,8
WO0007124,West-3,Electronics,2026-08-11,2026-08-13,2026-08-13,Shipped,2
WO0007125,Northeast-1,Outdoor,2026-08-11,08/13/2026,08/13/2026,Shipped,9
WO0007126,South-4,Home Goods,2026-08-11,2026-08-13,08/12/2026,Shipped,1
WO0007127,Northeast-1,Office Supplies,08/11/2026,08/12/2026,08/11/2026,Shipped,6
WO0007128,South-4,Outdoor,2026-08-11,08/14/2026,08/13/2026,shipped,5
WO0007129,West-3,Apparel,2026-08-11,08/12/2026,2026-08-11,shipped,3
WO0007130,Midwest-2,Home Goods,2026-08-12,2026-08-14,08/14/2026,SHIPPED,11
WO0007131,West-3,Home Goods,08/12/2026,08/13/2026,08/12/2026, Shipped,2
WO0007132,Midwest-2,Outdoor,2026-08-12,08/14/2026,08/18/2026,Delayed,11
WO0007133,West-3,Electronics,08/12/2026,2026-08-15,2026-08-15, Shipped,1
WO0007134,West-3,Outdoor,2026-08-12,2026-08-14,08/13/2026,Shipped,1
WO0007135,South-4,Electronics,2026-08-12,2026-08-15,2026-08-15,shipped,10
WO0007136,South-4,Electronics,08/12/2026,2026-08-15,08/15/2026,SHIPPED,10
WO0007136,South-4,Electronics,08/12/2026,2026-08-15,08/15/2026,SHIPPED,10
WO0007137,Midwest-2,Office Supplies,2026-08-12,08/14/2026,08/17/2026,Delayed,2
WO0007138,South-4,Outdoor,2026-08-12,08/13/2026,2026-08-13,SHIPPED,8
WO0007139,South-4,Electronics,2026-08-12,08/13/2026,08/13/2026,SHIPPED,8
WO0007140,South-4,Apparel,08/12/2026,08/13/2026,08/13/2026,Shipped,11
WO0007141,Northeast-1,Outdoor,08/12/2026,2026-08-14,,Cancelled,7
WO0007142,Northeast-1,Electronics,2026-08-12,2026-08-13,2026-08-12,shipped,7
WO0007143,Midwest-2,Outdoor,08/12/2026,2026-08-14,2026-08-13,SHIPPED,3
WO0007144,Northeast-1,Home Goods,2026-08-12,2026-08-15,2026-08-14,SHIPPED,9
WO0007145,Midwest-2,Apparel,2026-08-12,2026-08-14,08/13/2026,Shipped,3
WO0007146,Midwest-2,Home Goods,08/12/2026,08/15/2026,08/15/2026, Shipped,7
WO0007147,South-4,Home Goods,2026-08-12,2026-08-13,2026-08-12,Shipped,7
WO0007148,,Home Goods,2026-08-12,2026-08-13,2026-08-12,Shipped,7
WO0007149,Northeast-1,Home Goods,08/12/2026,08/14/2026,2026-08-13,SHIPPED,8
WO0007150,Midwest-2,Office Supplies,08/12/2026,08/15/2026,2026-08-14,SHIPPED,3
WO0007151,Midwest-2,Outdoor,2026-08-12,2026-08-15,2026-08-14,shipped,10
WO0007152,West-3,Office Supplies,08/12/2026,08/13/2026,08/15/2026,DELAYED,7
WO0007153,Northeast-1,Outdoor,08/12/2026,08/15/2026,08/14/2026, Shipped,11
WO0007154,Northeast-1,Outdoor,08/12/2026,2026-08-15,,delayed,10
WO0007154,Northeast-1,Outdoor,08/12/2026,2026-08-15,,delayed,10
WO0007155,West-3,Apparel,08/12/2026,2026-08-14,08/14/2026, Shipped,4
WO0007156,West-3,Home Goods,08/12/2026,08/13/2026,08/13/2026, Shipped,7
WO0007157,Northeast-1,Outdoor,2026-08-12,08/15/2026,2026-08-14,Shipped,7
WO0007158,Northeast-1,Apparel,08/12/2026,08/13/2026,08/13/2026,shipped,3
WO0007159,West-3,Office Supplies,08/12/2026,08/15/2026,2026-08-14, Shipped,4
WO0007160,South-4,Electronics,08/12/2026,08/13/2026,,delayed,8
WO0007161,West-3,Outdoor,08/12/2026,2026-08-13,08/13/2026,Shipped,5
WO0007162,West-3,Outdoor,2026-08-12,2026-08-15,08/14/2026, Shipped,7
WO0007163,Midwest-2,Home Goods,08/12/2026,2026-08-14,2026-08-13,shipped,11
WO0007164,South-4,Office Supplies,08/12/2026,2026-08-13,2026-08-12,Shipped,2
WO0007165,Northeast-1,Apparel,2026-08-12,08/15/2026,08/15/2026,Shipped,9
WO0007166,Northeast-1,Apparel,08/12/2026,08/15/2026,08/15/2026,shipped,5
WO0007167,West-3,Outdoor,08/12/2026,08/14/2026,2026-08-14, Shipped,8
WO0007168,Northeast-1,Outdoor,2026-08-12,2026-08-15,08/15/2026,shipped,10
WO0007169,Northeast-1,Apparel,2026-08-12,2026-08-15,2026-08-14,Shipped,3
WO0007170,Midwest-2,Outdoor,2026-08-12,2026-08-13,08/13/2026,SHIPPED,11
WO0007171,,Outdoor,2026-08-12,2026-08-13,08/13/2026,SHIPPED,11
WO0007172,Northeast-1,Office Supplies,08/12/2026,2026-08-15,08/15/2026,shipped,3
WO0007173,,Office Supplies,08/12/2026,2026-08-15,08/15/2026,shipped,3
WO0007174,South-4,Apparel,08/12/2026,2026-08-15,2026-08-15, Shipped,9
WO0007175,Midwest-2,Home Goods,08/12/2026,2026-08-14,2026-08-13,Shipped,4
WO0007176,West-3,Outdoor,2026-08-12,08/14/2026,08/14/2026,shipped,11
WO0007177,West-3,Home Goods,08/12/2026,08/15/2026,2026-08-14,shipped,3
WO0007178,South-4,Outdoor,2026-08-12,2026-08-15,08/14/2026, Shipped,9
WO0007179,Midwest-2,Home Goods,2026-08-12,08/13/2026,2026-08-12,Shipped,10
WO0007179,Midwest-2,Home Goods,2026-08-12,08/13/2026,2026-08-12,Shipped,10
WO0007180,South-4,Outdoor,08/12/2026,2026-08-14,08/13/2026, Shipped,10
WO0007181,West-3,Office Supplies,08/12/2026,2026-08-15,08/14/2026,SHIPPED,3
WO0007182,South-4,Home Goods,08/12/2026,2026-08-14,2026-08-13,SHIPPED,11
WO0007183,Northeast-1,Home Goods,2026-08-12,2026-08-13,08/12/2026,SHIPPED,8
WO0007183,Northeast-1,Home Goods,2026-08-12,2026-08-13,08/12/2026,SHIPPED,8
WO0007184,South-4,Home Goods,08/12/2026,08/13/2026,08/12/2026, Shipped,3
WO0007185,South-4,Outdoor,08/12/2026,08/14/2026,08/14/2026, Shipped,1
WO0007186,Midwest-2,Outdoor,2026-08-12,2026-08-14,2026-08-14,shipped,7
WO0007187,Northeast-1,Electronics,08/12/2026,08/13/2026,2026-08-13,Shipped,10
WO0007188,Midwest-2,Home Goods,08/12/2026,2026-08-14,08/14/2026, Shipped,10
WO0007189,West-3,Apparel,2026-08-12,08/14/2026,08/14/2026, Shipped,3
WO0007190,Midwest-2,Electronics,2026-08-12,2026-08-15,2026-08-15,SHIPPED,6
WO0007191,Northeast-1,Outdoor,08/12/2026,08/15/2026,08/14/2026,shipped,6
WO0007192,West-3,Electronics,2026-08-12,2026-08-15,2026-08-14,shipped,3
WO0007193,Northeast-1,Outdoor,08/12/2026,2026-08-13,2026-08-12, Shipped,8
WO0007194,Northeast-1,Apparel,2026-08-12,2026-08-13,2026-08-12,shipped,4
WO0007195,,Apparel,2026-08-12,2026-08-13,2026-08-12,shipped,4
WO0007196,Northeast-1,Office Supplies,08/12/2026,2026-08-14,08/14/2026,SHIPPED,8
WO0007197,West-3,Office Supplies,08/12/2026,08/14/2026,08/18/2026,DELAYED,10
WO0007198,South-4,Home Goods,08/12/2026,08/14/2026,08/13/2026,Shipped,7
WO0007199,South-4,Apparel,2026-08-12,2026-08-15,2026-08-14, Shipped,3
WO0007200,West-3,Office Supplies,08/12/2026,2026-08-13,2026-08-12, Shipped,1
WO0007201,West-3,Electronics,08/12/2026,08/15/2026,2026-08-14, Shipped,9
WO0007202,West-3,Outdoor,08/12/2026,08/13/2026,08/13/2026, Shipped,3
WO0007203,Northeast-1,Office Supplies,08/12/2026,2026-08-13,2026-08-12,shipped,3
WO0007204,West-3,Outdoor,2026-08-12,08/14/2026,08/14/2026,shipped,2
WO0007205,West-3,Office Supplies,2026-08-12,08/13/2026,2026-08-13,shipped,2
WO0007206,Northeast-1,Outdoor,2026-08-12,2026-08-13,08/12/2026, Shipped,1
WO0007206,Northeast-1,Outdoor,2026-08-12,2026-08-13,08/12/2026, Shipped,1
WO0007207,South-4,Office Supplies,2026-08-12,2026-08-14,08/14/2026,Shipped,11
WO0007208,West-3,Outdoor,08/12/2026,2026-08-15,08/15/2026, Shipped,6
WO0007209,Midwest-2,Apparel,2026-08-12,08/13/2026,08/12/2026,SHIPPED,10
WO0007210,South-4,Office Supplies,2026-08-12,2026-08-13,2026-08-13,SHIPPED,3
WO0007211,Midwest-2,Office Supplies,2026-08-12,08/13/2026,,cancelled,11
WO0007212,Midwest-2,Home Goods,08/12/2026,2026-08-15,2026-08-15,shipped,7
WO0007213,Midwest-2,Home Goods,08/12/2026,2026-08-15,08/14/2026, Shipped,4
WO0007214,Northeast-1,Outdoor,2026-08-12,08/15/2026,2026-08-15,SHIPPED,4
WO0007215,West-3,Apparel,08/12/2026,2026-08-14,08/14/2026,shipped,8
WO0007216,Midwest-2,Home Goods,08/12/2026,2026-08-14,08/19/2026,delayed,10
WO0007217,Midwest-2,Office Supplies,08/12/2026,2026-08-15,08/14/2026,shipped,11
WO0007218,West-3,Home Goods,2026-08-12,08/15/2026,2026-08-15,Shipped,10
WO0007219,West-3,Office Supplies,08/12/2026,2026-08-15,08/15/2026,shipped,1
WO0007220,West-3,Office Supplies,2026-08-12,08/13/2026,2026-08-13,shipped,3
WO0007221,West-3,Apparel,2026-08-12,08/14/2026,08/14/2026,SHIPPED,7
WO0007222,Midwest-2,Home Goods,08/12/2026,08/13/2026,2026-08-13,Shipped,2
WO0007223,South-4,Apparel,08/12/2026,08/14/2026,08/13/2026,Shipped,3
WO0007224,West-3,Apparel,2026-08-12,2026-08-15,08/14/2026,Shipped,10
WO0007225,Midwest-2,Outdoor,2026-08-12,08/15/2026,08/15/2026,Shipped,7
WO0007226,South-4,Apparel,08/12/2026,2026-08-13,08/12/2026,shipped,4
WO0007227,Northeast-1,Outdoor,08/12/2026,2026-08-15,2026-08-15,Shipped,7
WO0007228,South-4,Electronics,2026-08-12,2026-08-14,08/14/2026, Shipped,9
WO0007229,Northeast-1,Office Supplies,08/12/2026,08/14/2026,2026-08-13,shipped,6
WO0007230,Midwest-2,Outdoor,08/12/2026,2026-08-14,08/17/2026,Delayed,8
WO0007231,Northeast-1,Apparel,08/12/2026,2026-08-14,2026-08-14,SHIPPED,5
WO0007232,South-4,Electronics,2026-08-12,08/15/2026,2026-08-16,delayed,11
WO0007233,Midwest-2,Outdoor,2026-08-12,2026-08-14,08/13/2026,Shipped,8
WO0007234,Northeast-1,Outdoor,08/12/2026,08/15/2026,08/15/2026, Shipped,3
WO0007235,South-4,Home Goods,08/12/2026,08/14/2026,08/13/2026, Shipped,5
WO0007236,West-3,Apparel,08/12/2026,2026-08-13,08/12/2026,shipped,3
WO0007237,Northeast-1,Apparel,2026-08-12,2026-08-13,08/12/2026,shipped,8
WO0007238,West-3,Office Supplies,2026-08-12,2026-08-13,,Delayed,8
WO0007239,Northeast-1,Outdoor,08/12/2026,08/15/2026,2026-08-15,shipped,8
WO0007240,Midwest-2,Outdoor,08/12/2026,08/14/2026,2026-08-13,shipped,6
WO0007241,West-3,Office Supplies,2026-08-12,08/14/2026,08/14/2026, Shipped,4
WO0007242,South-4,Electronics,08/12/2026,2026-08-15,08/14/2026,shipped,8
WO0007243,South-4,Office Supplies,08/12/2026,2026-08-15,2026-08-14,shipped,8
WO0007244,South-4,Apparel,08/12/2026,08/15/2026,,delayed,11
WO0007245,Midwest-2,Home Goods,2026-08-12,2026-08-15,08/14/2026,SHIPPED,11
WO0007246,Midwest-2,Home Goods,2026-08-12,2026-08-14,08/18/2026,DELAYED,8
WO0007247,Midwest-2,Home Goods,2026-08-12,08/14/2026,08/13/2026,shipped,2
WO0007248,West-3,Apparel,2026-08-12,2026-08-14,2026-08-14, Shipped,9
WO0007249,South-4,Office Supplies,08/12/2026,08/15/2026,08/14/2026, Shipped,7
WO0007250,Midwest-2,Office Supplies,08/12/2026,08/15/2026,08/14/2026,Shipped,11
WO0007251,Midwest-2,Electronics,08/12/2026,08/15/2026,2026-08-14,SHIPPED,2
WO0007252,West-3,Electronics,08/12/2026,2026-08-13,2026-08-13, Shipped,10
WO0007253,Northeast-1,Apparel,08/12/2026,08/15/2026,08/14/2026,shipped,9
WO0007254,Midwest-2,Apparel,2026-08-12,2026-08-14,2026-08-14,SHIPPED,10
WO0007255,Midwest-2,Apparel,08/12/2026,2026-08-14,2026-08-13, Shipped,9
WO0007256,Midwest-2,Apparel,2026-08-12,2026-08-13,2026-08-13, Shipped,10
WO0007257,Midwest-2,Electronics,08/12/2026,2026-08-15,,delayed,8
WO0007258,Midwest-2,Home Goods,2026-08-12,2026-08-13,2026-08-13,Shipped,4
WO0007259,South-4,Outdoor,2026-08-12,08/14/2026,2026-08-13,SHIPPED,1
WO0007260,West-3,Office Supplies,2026-08-12,08/13/2026,08/12/2026,shipped,7
WO0007261,Midwest-2,Office Supplies,2026-08-12,2026-08-13,08/12/2026,SHIPPED,10
WO0007262,Midwest-2,Office Supplies,08/12/2026,2026-08-14,08/13/2026, Shipped,10
WO0007263,South-4,Home Goods,2026-08-12,08/14/2026,08/13/2026,Shipped,10
WO0007264,Northeast-1,Outdoor,08/12/2026,2026-08-13,08/12/2026,SHIPPED,4
WO0007265,Northeast-1,Electronics,2026-08-12,08/14/2026,2026-08-13,Shipped,10
WO0007266,Midwest-2,Electronics,2026-08-12,08/13/2026,2026-08-13,Shipped,5
WO0007267,Midwest-2,Outdoor,2026-08-12,2026-08-14,08/14/2026, Shipped,7
WO0007268,Midwest-2,Office Supplies,08/12/2026,2026-08-14,2026-08-13,shipped,4
WO0007269,Northeast-1,Apparel,2026-08-12,2026-08-13,08/12/2026, Shipped,2
WO0007270,Northeast-1,Home Goods,2026-08-12,08/15/2026,2026-08-14,SHIPPED,11
WO0007271,West-3,Office Supplies,08/12/2026,2026-08-13,08/13/2026,SHIPPED,8
WO0007272,South-4,Office Supplies,2026-08-12,08/15/2026,2026-08-14,SHIPPED,11
WO0007273,Midwest-2,Electronics,2026-08-12,08/14/2026,2026-08-14,Shipped,3
WO0007274,West-3,Apparel,2026-08-12,2026-08-13,08/12/2026,Shipped,5
WO0007275,South-4,Electronics,2026-08-12,08/15/2026,08/14/2026,SHIPPED,9
WO0007276,South-4,Outdoor,2026-08-12,2026-08-13,2026-08-12,SHIPPED,10
WO0007277,West-3,Outdoor,08/12/2026,2026-08-13,2026-08-12,Shipped,6
WO0007278,Northeast-1,Electronics,08/12/2026,2026-08-15,2026-08-15,SHIPPED,1
WO0007279,West-3,Apparel,08/12/2026,08/14/2026,08/14/2026,SHIPPED,9
WO0007280,Midwest-2,Outdoor,08/12/2026,08/13/2026,2026-08-16,DELAYED,11
WO0007281,Midwest-2,Office Supplies,2026-08-12,08/15/2026,2026-08-15,shipped,5
WO0007282,West-3,Electronics,2026-08-12,2026-08-15,2026-08-14,SHIPPED,6
WO0007283,West-3,Outdoor,08/12/2026,2026-08-15,2026-08-14,shipped,9
WO0007284,Northeast-1,Home Goods,2026-08-12,08/14/2026,08/13/2026, Shipped,7
WO0007285,Northeast-1,Apparel,2026-08-12,2026-08-14,08/13/2026,shipped,3
WO0007286,South-4,Home Goods,2026-08-12,2026-08-15,08/14/2026,SHIPPED,1
WO0007287,South-4,Office Supplies,08/12/2026,2026-08-13,08/12/2026,shipped,7
WO0007288,Midwest-2,Outdoor,08/13/2026,08/15/2026,2026-08-14,shipped,8
WO0007289,West-3,Office Supplies,08/13/2026,2026-08-15,2026-08-15, Shipped,11
WO0007290,,Office Supplies,08/13/2026,2026-08-15,2026-08-15, Shipped,11
WO0007291,Midwest-2,Apparel,08/13/2026,08/14/2026,,cancelled,6
WO0007292,South-4,Apparel,2026-08-13,2026-08-16,08/16/2026,shipped,4
WO0007293,Midwest-2,Outdoor,2026-08-13,2026-08-16,08/16/2026, Shipped,1
WO0007294,South-4,Office Supplies,08/13/2026,2026-08-14,2026-08-13,shipped,11
WO0007295,West-3,Outdoor,2026-08-13,08/15/2026,,cancelled,10
WO0007296,South-4,Home Goods,08/13/2026,08/15/2026,08/16/2026,delayed,5
WO0007297,Midwest-2,Outdoor,08/13/2026,2026-08-14,2026-08-13,shipped,11
WO0007298,Midwest-2,Office Supplies,2026-08-13,2026-08-15,08/15/2026,SHIPPED,3
WO0007299,Northeast-1,Home Goods,08/13/2026,2026-08-15,08/15/2026, Shipped,7
WO0007300,Northeast-1,Electronics,2026-08-13,08/14/2026,08/14/2026,SHIPPED,2
WO0007301,Northeast-1,Office Supplies,08/13/2026,2026-08-14,08/13/2026,SHIPPED,4
WO0007302,South-4,Outdoor,08/13/2026,2026-08-16,08/15/2026,Shipped,8
WO0007303,Northeast-1,Outdoor,08/13/2026,08/16/2026,2026-08-16,Shipped,11
WO0007304,Northeast-1,Home Goods,08/13/2026,08/14/2026,,DELAYED,4
WO0007305,,Home Goods,08/13/2026,08/14/2026,,DELAYED,4
WO0007306,Northeast-1,Outdoor,2026-08-13,08/14/2026,2026-08-14,Shipped,10
WO0007307,South-4,Home Goods,08/13/2026,08/15/2026,08/14/2026, Shipped,8
WO0007308,Midwest-2,Apparel,08/13/2026,2026-08-16,08/15/2026, Shipped,6
WO0007309,Midwest-2,Electronics,2026-08-13,2026-08-14,2026-08-14,Shipped,10
WO0007310,Midwest-2,Office Supplies,2026-08-13,2026-08-15,08/15/2026,SHIPPED,8
WO0007311,Midwest-2,Home Goods,2026-08-13,2026-08-16,2026-08-16,SHIPPED,4
WO0007312,Northeast-1,Outdoor,08/13/2026,08/15/2026,08/14/2026, Shipped,9
WO0007313,West-3,Outdoor,08/13/2026,08/15/2026,2026-08-14,SHIPPED,7
WO0007314,Midwest-2,Home Goods,08/13/2026,08/16/2026,08/16/2026,Shipped,10
WO0007315,South-4,Office Supplies,2026-08-13,2026-08-16,08/16/2026,shipped,2
WO0007316,West-3,Apparel,2026-08-13,2026-08-15,2026-08-15,shipped,8
WO0007317,South-4,Office Supplies,2026-08-13,08/14/2026,08/13/2026, Shipped,4
WO0007318,West-3,Apparel,08/13/2026,08/15/2026,2026-08-14,Shipped,10
WO0007319,Midwest-2,Office Supplies,08/13/2026,08/16/2026,08/16/2026,Shipped,5
WO0007320,Midwest-2,Electronics,2026-08-13,2026-08-15,2026-08-15,SHIPPED,10
WO0007321,Midwest-2,Apparel,08/13/2026,2026-08-15,,cancelled,8
WO0007322,Midwest-2,Apparel,2026-08-13,08/16/2026,2026-08-15,SHIPPED,8
WO0007323,West-3,Office Supplies,2026-08-13,2026-08-14,08/14/2026,SHIPPED,11
WO0007324,South-4,Office Supplies,08/13/2026,2026-08-15,08/15/2026,Shipped,4
WO0007325,Midwest-2,Apparel,2026-08-13,2026-08-16,08/16/2026,Shipped,2
WO0007326,Midwest-2,Electronics,2026-08-13,08/14/2026,08/13/2026,shipped,3
WO0007327,Midwest-2,Outdoor,08/13/2026,2026-08-16,08/16/2026,SHIPPED,5
WO0007328,South-4,Outdoor,2026-08-13,08/15/2026,08/14/2026,shipped,7
WO0007329,Midwest-2,Office Supplies,2026-08-13,08/16/2026,2026-08-15,SHIPPED,1
WO0007330,South-4,Home Goods,08/13/2026,08/14/2026,2026-08-13, Shipped,6
WO0007331,South-4,Electronics,08/13/2026,2026-08-15,08/15/2026, Shipped,9
WO0007332,West-3,Office Supplies,2026-08-13,08/16/2026,08/16/2026,shipped,3
WO0007333,Midwest-2,Office Supplies,2026-08-13,2026-08-16,2026-08-16,Shipped,3
WO0007334,Midwest-2,Office Supplies,08/13/2026,2026-08-15,2026-08-15,Shipped,10
WO0007335,Northeast-1,Home Goods,2026-08-13,08/14/2026,08/14/2026,Shipped,10
WO0007336,South-4,Electronics,2026-08-13,2026-08-15,,Delayed,8
WO0007337,Midwest-2,Office Supplies,08/13/2026,2026-08-16,08/15/2026,SHIPPED,1
WO0007338,Midwest-2,Electronics,08/13/2026,08/14/2026,08/14/2026, Shipped,8
WO0007339,South-4,Electronics,2026-08-13,08/15/2026,2026-08-14, Shipped,6
WO0007340,South-4,Outdoor,2026-08-13,08/15/2026,08/15/2026,shipped,8
WO0007341,South-4,Home Goods,08/13/2026,2026-08-14,08/14/2026, Shipped,6
WO0007342,Midwest-2,Outdoor,08/13/2026,08/16/2026,2026-08-15,shipped,5
WO0007343,South-4,Outdoor,08/13/2026,2026-08-15,08/14/2026,Shipped,8
WO0007344,South-4,Home Goods,08/13/2026,2026-08-14,2026-08-14,SHIPPED,2
WO0007345,West-3,Home Goods,2026-08-13,2026-08-16,2026-08-16,shipped,5
WO0007346,West-3,Office Supplies,08/13/2026,08/14/2026,08/14/2026,SHIPPED,2
WO0007347,Midwest-2,Office Supplies,08/13/2026,2026-08-15,08/14/2026, Shipped,4
WO0007348,South-4,Office Supplies,08/13/2026,08/16/2026,08/16/2026,Shipped,11
WO0007349,Northeast-1,Office Supplies,08/13/2026,08/16/2026,08/19/2026,delayed,11
WO0007350,South-4,Electronics,2026-08-13,08/15/2026,08/14/2026, Shipped,1
WO0007351,South-4,Electronics,2026-08-13,08/15/2026,08/14/2026, Shipped,-1
WO0007352,South-4,Apparel,08/13/2026,2026-08-16,08/15/2026,Shipped,9
WO0007353,Midwest-2,Outdoor,2026-08-13,2026-08-15,08/14/2026,SHIPPED,5
WO0007354,Northeast-1,Office Supplies,2026-08-13,08/14/2026,2026-08-14,shipped,7
WO0007355,West-3,Home Goods,2026-08-13,08/14/2026,2026-08-13, Shipped,2
WO0007356,Midwest-2,Office Supplies,08/13/2026,2026-08-16,2026-08-15,shipped,10
WO0007357,,Office Supplies,08/13/2026,2026-08-16,2026-08-15,shipped,10
WO0007358,West-3,Office Supplies,2026-08-13,2026-08-16,2026-08-15,shipped,7
WO0007359,Midwest-2,Home Goods,08/13/2026,08/16/2026,2026-08-15, Shipped,8
WO0007360,Midwest-2,Outdoor,2026-08-13,2026-08-14,2026-08-14,shipped,5
WO0007361,Midwest-2,Home Goods,08/13/2026,2026-08-16,2026-08-16,Shipped,11
WO0007362,Northeast-1,Home Goods,08/13/2026,2026-08-14,2026-08-14,SHIPPED,11
WO0007363,South-4,Outdoor,08/13/2026,08/16/2026,08/16/2026,Shipped,10
WO0007364,South-4,Outdoor,08/13/2026,08/16/2026,08/16/2026,Shipped,-1
WO0007365,South-4,Electronics,08/13/2026,2026-08-14,,DELAYED,2
WO0007366,Midwest-2,Outdoor,08/13/2026,08/14/2026,08/13/2026,Shipped,7
WO0007367,Midwest-2,Electronics,2026-08-13,08/16/2026,08/16/2026, Shipped,1
WO0007368,Midwest-2,Outdoor,08/13/2026,08/14/2026,08/14/2026,SHIPPED,7
WO0007369,Northeast-1,Apparel,2026-08-13,2026-08-16,2026-08-15, Shipped,8
WO0007370,Midwest-2,Electronics,2026-08-13,2026-08-16,2026-08-17,delayed,2
WO0007371,Midwest-2,Electronics,08/13/2026,2026-08-14,08/13/2026,Shipped,10
WO0007372,Northeast-1,Office Supplies,08/13/2026,2026-08-14,2026-08-14, Shipped,3
WO0007373,Northeast-1,Outdoor,2026-08-13,2026-08-14,08/13/2026,SHIPPED,9
WO0007374,Northeast-1,Office Supplies,08/13/2026,2026-08-16,2026-08-15,Shipped,5
WO0007375,Northeast-1,Apparel,08/13/2026,2026-08-15,08/14/2026,SHIPPED,2
WO0007376,South-4,Office Supplies,08/13/2026,08/14/2026,2026-08-13,Shipped,7
WO0007377,West-3,Office Supplies,2026-08-13,08/16/2026,2026-08-16,SHIPPED,9
WO0007378,South-4,Outdoor,08/13/2026,08/15/2026,08/15/2026,SHIPPED,5
WO0007379,Northeast-1,Home Goods,08/13/2026,2026-08-16,08/15/2026,Shipped,6
WO0007380,South-4,Outdoor,08/13/2026,2026-08-14,08/14/2026,Shipped,9
WO0007381,West-3,Office Supplies,08/13/2026,2026-08-15,08/15/2026,shipped,5
WO0007382,Northeast-1,Office Supplies,08/13/2026,2026-08-15,08/15/2026,SHIPPED,6
WO0007383,Midwest-2,Home Goods,2026-08-13,08/14/2026,2026-08-13,Shipped,5
WO0007384,West-3,Home Goods,2026-08-13,2026-08-15,08/15/2026, Shipped,7
WO0007385,Northeast-1,Outdoor,2026-08-13,2026-08-14,2026-08-13, Shipped,1
WO0007386,West-3,Apparel,08/13/2026,2026-08-14,08/13/2026,Shipped,10
WO0007387,West-3,Office Supplies,2026-08-13,08/16/2026,08/15/2026, Shipped,4
WO0007388,Midwest-2,Electronics,08/13/2026,2026-08-14,,delayed,10
WO0007389,Northeast-1,Electronics,2026-08-13,2026-08-15,2026-08-15, Shipped,5
WO0007390,Northeast-1,Outdoor,2026-08-13,08/16/2026,08/16/2026, Shipped,5
WO0007391,South-4,Electronics,08/13/2026,08/16/2026,2026-08-16,SHIPPED,6
WO0007391,South-4,Electronics,08/13/2026,08/16/2026,2026-08-16,SHIPPED,6
WO0007392,Northeast-1,Office Supplies,08/13/2026,08/15/2026,2026-08-15,shipped,10
WO0007393,South-4,Electronics,2026-08-13,2026-08-16,08/16/2026,SHIPPED,10
WO0007394,West-3,Home Goods,2026-08-13,2026-08-14,2026-08-13,Shipped,8
WO0007395,Northeast-1,Outdoor,08/13/2026,08/16/2026,2026-08-16,shipped,2
WO0007396,West-3,Outdoor,08/13/2026,2026-08-16,2026-08-16, Shipped,11
WO0007397,South-4,Outdoor,08/13/2026,08/14/2026,2026-08-14,shipped,10
WO0007398,Northeast-1,Apparel,2026-08-13,2026-08-14,08/14/2026,SHIPPED,9
WO0007399,Midwest-2,Electronics,2026-08-13,2026-08-16,2026-08-16,SHIPPED,7
WO0007400,Northeast-1,Home Goods,08/13/2026,2026-08-14,08/14/2026,shipped,11
WO0007401,Midwest-2,Office Supplies,08/13/2026,2026-08-15,2026-08-14,Shipped,9
WO0007402,Northeast-1,Apparel,08/13/2026,08/15/2026,2026-08-14, Shipped,1
WO0007403,Midwest-2,Electronics,08/13/2026,08/15/2026,08/15/2026,Shipped,6
WO0007404,West-3,Electronics,2026-08-13,2026-08-14,08/13/2026,shipped,11
WO0007405,Midwest-2,Electronics,08/13/2026,2026-08-14,2026-08-14,shipped,2
WO0007406,West-3,Apparel,08/13/2026,08/16/2026,2026-08-15,Shipped,11
WO0007407,Midwest-2,Home Goods,2026-08-13,2026-08-14,08/13/2026, Shipped,1
WO0007408,Midwest-2,Apparel,08/13/2026,2026-08-15,,Delayed,4
WO0007409,Northeast-1,Electronics,2026-08-13,2026-08-14,2026-08-13,Shipped,10
WO0007410,West-3,Office Supplies,2026-08-13,2026-08-16,2026-08-15,SHIPPED,1
WO0007411,Northeast-1,Outdoor,08/13/2026,08/15/2026,08/14/2026, Shipped,9
WO0007412,West-3,Home Goods,2026-08-13,2026-08-14,2026-08-14,SHIPPED,10
WO0007413,West-3,Electronics,2026-08-13,2026-08-14,08/13/2026, Shipped,8
WO0007414,South-4,Electronics,2026-08-13,08/16/2026,2026-08-16,Shipped,3
WO0007415,Northeast-1,Home Goods,08/13/2026,2026-08-15,2026-08-15,Shipped,7
WO0007416,South-4,Home Goods,2026-08-13,2026-08-16,08/15/2026,SHIPPED,5
WO0007417,South-4,Apparel,08/13/2026,2026-08-16,2026-08-15,SHIPPED,4
WO0007418,South-4,Outdoor,08/13/2026,2026-08-14,,DELAYED,2
WO0007419,South-4,Home Goods,08/13/2026,08/16/2026,2026-08-16, Shipped,6
WO0007420,Midwest-2,Electronics,2026-08-13,2026-08-14,2026-08-13,Shipped,6
WO0007421,Midwest-2,Outdoor,2026-08-13,08/16/2026,2026-08-16, Shipped,6
WO0007422,Northeast-1,Apparel,08/14/2026,08/17/2026,,delayed,6
WO0007423,South-4,Home Goods,08/14/2026,2026-08-17,2026-08-16,Shipped,4
WO0007424,Northeast-1,Outdoor,2026-08-14,2026-08-17,08/17/2026,shipped,10
WO0007425,Northeast-1,Apparel,2026-08-14,2026-08-15,2026-08-14,shipped,5
WO0007426,West-3,Apparel,2026-08-14,08/15/2026,08/15/2026,shipped,3
WO0007427,Midwest-2,Office Supplies,08/14/2026,2026-08-15,08/14/2026, Shipped,5
WO0007427,Midwest-2,Office Supplies,08/14/2026,2026-08-15,08/14/2026, Shipped,5
WO0007428,West-3,Office Supplies,2026-08-14,08/16/2026,2026-08-15,Shipped,2
WO0007429,South-4,Electronics,2026-08-14,2026-08-17,08/16/2026, Shipped,2
WO0007430,West-3,Apparel,2026-08-14,2026-08-17,2026-08-17, Shipped,2
WO0007431,West-3,Home Goods,2026-08-14,08/15/2026,08/15/2026,Shipped,6
WO0007432,Midwest-2,Apparel,2026-08-14,2026-08-16,08/16/2026,shipped,10
WO0007433,Midwest-2,Outdoor,08/14/2026,08/15/2026,2026-08-19,DELAYED,5
WO0007434,Northeast-1,Home Goods,2026-08-14,08/17/2026,08/17/2026,Shipped,4
WO0007435,West-3,Office Supplies,2026-08-14,2026-08-17,08/17/2026, Shipped,10
WO0007436,Midwest-2,Electronics,08/14/2026,08/15/2026,2026-08-14, Shipped,4
WO0007437,South-4,Electronics,08/14/2026,2026-08-15,2026-08-18,delayed,5
WO0007438,Midwest-2,Outdoor,2026-08-14,08/17/2026,,Delayed,10
WO0007439,Northeast-1,Office Supplies,08/14/2026,2026-08-17,2026-08-16,SHIPPED,4
WO0007440,Northeast-1,Outdoor,08/14/2026,08/15/2026,2026-08-15,SHIPPED,9
WO0007441,South-4,Office Supplies,2026-08-14,08/17/2026,08/17/2026, Shipped,4
WO0007442,Midwest-2,Electronics,08/14/2026,08/16/2026,2026-08-15,shipped,3
WO0007443,Midwest-2,Office Supplies,2026-08-14,08/15/2026,,delayed,3
WO0007444,West-3,Home Goods,08/14/2026,08/16/2026,08/16/2026, Shipped,4
WO0007445,West-3,Electronics,2026-08-14,08/16/2026,,Delayed,8
WO0007446,West-3,Home Goods,2026-08-14,2026-08-15,2026-08-14,shipped,4
WO0007446,West-3,Home Goods,2026-08-14,2026-08-15,2026-08-14,shipped,4
WO0007447,Midwest-2,Outdoor,2026-08-14,08/15/2026,08/15/2026, Shipped,6
WO0007448,South-4,Apparel,08/14/2026,08/16/2026,08/15/2026,shipped,2
WO0007449,South-4,Electronics,08/14/2026,08/15/2026,2026-08-15,Shipped,9
WO0007450,Midwest-2,Home Goods,08/14/2026,2026-08-17,08/16/2026, Shipped,7
WO0007451,Midwest-2,Outdoor,2026-08-14,2026-08-17,08/16/2026,shipped,2
WO0007452,West-3,Apparel,08/14/2026,08/15/2026,08/15/2026, Shipped,2
WO0007453,West-3,Office Supplies,08/14/2026,2026-08-15,,Cancelled,6
WO0007454,South-4,Electronics,08/14/2026,2026-08-15,2026-08-14, Shipped,11
WO0007455,West-3,Office Supplies,08/14/2026,08/16/2026,2026-08-16, Shipped,8
WO0007456,Northeast-1,Outdoor,2026-08-14,2026-08-17,,delayed,2
WO0007457,South-4,Office Supplies,08/14/2026,2026-08-16,08/15/2026,SHIPPED,10
WO0007457,South-4,Office Supplies,08/14/2026,2026-08-16,08/15/2026,SHIPPED,10
WO0007458,South-4,Office Supplies,08/14/2026,2026-08-16,08/15/2026,SHIPPED,10
WO0007459,Midwest-2,Office Supplies,08/14/2026,2026-08-15,08/14/2026,SHIPPED,10
WO0007460,West-3,Outdoor,08/14/2026,08/17/2026,2026-08-22,delayed,3
WO0007461,Northeast-1,Apparel,2026-08-14,2026-08-17,08/17/2026,SHIPPED,6
WO0007462,Midwest-2,Outdoor,08/14/2026,2026-08-17,2026-08-16,SHIPPED,4
WO0007463,West-3,Office Supplies,2026-08-14,2026-08-17,2026-08-16,shipped,7
WO0007464,West-3,Apparel,08/14/2026,2026-08-17,08/17/2026, Shipped,8
WO0007465,Northeast-1,Office Supplies,08/14/2026,2026-08-16,08/15/2026,shipped,4
WO0007466,Midwest-2,Office Supplies,08/14/2026,08/16/2026,08/15/2026,Shipped,9
WO0007467,Midwest-2,Apparel,2026-08-14,2026-08-15,08/14/2026,shipped,7
WO0007468,Northeast-1,Outdoor,08/14/2026,08/15/2026,2026-08-14,Shipped,2
WO0007468,Northeast-1,Outdoor,08/14/2026,08/15/2026,2026-08-14,Shipped,2
WO0007469,South-4,Home Goods,2026-08-14,08/17/2026,2026-08-17,shipped,6
WO0007470,West-3,Office Supplies,2026-08-14,2026-08-15,08/15/2026, Shipped,9
WO0007471,South-4,Apparel,2026-08-14,2026-08-17,2026-08-17,SHIPPED,10
WO0007472,Northeast-1,Outdoor,08/14/2026,08/16/2026,2026-08-15,shipped,2
WO0007472,Northeast-1,Outdoor,08/14/2026,08/16/2026,2026-08-15,shipped,2
WO0007473,West-3,Electronics,08/14/2026,08/15/2026,2026-08-15,SHIPPED,5
WO0007474,Midwest-2,Outdoor,08/14/2026,2026-08-16,2026-08-15, Shipped,3
WO0007475,West-3,Home Goods,08/14/2026,2026-08-17,2026-08-16,SHIPPED,10
WO0007476,South-4,Apparel,2026-08-14,08/17/2026,08/16/2026, Shipped,4
WO0007477,South-4,Home Goods,08/14/2026,2026-08-15,2026-08-14,shipped,10
WO0007478,West-3,Electronics,08/14/2026,2026-08-16,2026-08-15,shipped,10
WO0007479,Northeast-1,Outdoor,2026-08-14,08/15/2026,2026-08-14,SHIPPED,9
WO0007480,South-4,Apparel,08/14/2026,08/16/2026,,delayed,4
WO0007481,West-3,Outdoor,2026-08-14,2026-08-17,08/17/2026, Shipped,1
WO0007482,Midwest-2,Electronics,2026-08-14,2026-08-15,08/14/2026,SHIPPED,11
WO0007483,South-4,Home Goods,08/14/2026,2026-08-17,08/17/2026,Shipped,1
WO0007484,West-3,Electronics,2026-08-14,2026-08-15,2026-08-14,shipped,8
WO0007485,Midwest-2,Outdoor,2026-08-14,2026-08-16,08/16/2026,SHIPPED,3
WO0007486,South-4,Electronics,08/14/2026,2026-08-17,2026-08-16, Shipped,2
WO0007487,Northeast-1,Apparel,2026-08-14,08/17/2026,08/16/2026, Shipped,5
WO0007488,South-4,Office Supplies,08/14/2026,2026-08-15,2026-08-14,SHIPPED,11
WO0007489,Northeast-1,Home Goods,08/14/2026,08/16/2026,2026-08-15,shipped,1
WO0007490,Midwest-2,Home Goods,2026-08-14,08/17/2026,2026-08-17,SHIPPED,11
WO0007491,Northeast-1,Electronics,2026-08-14,2026-08-16,2026-08-15,shipped,7
WO0007492,West-3,Apparel,08/14/2026,2026-08-15,2026-08-14, Shipped,7
WO0007493,Midwest-2,Apparel,08/14/2026,08/17/2026,2026-08-17,Shipped,8
WO0007494,Northeast-1,Electronics,08/14/2026,2026-08-16,08/15/2026,SHIPPED,2
WO0007495,South-4,Outdoor,2026-08-14,08/15/2026,08/15/2026,SHIPPED,2
WO0007496,Northeast-1,Outdoor,2026-08-14,2026-08-17,2026-08-17,Shipped,11
WO0007497,West-3,Outdoor,2026-08-14,08/15/2026,2026-08-15,SHIPPED,7
WO0007498,South-4,Office Supplies,2026-08-14,2026-08-15,08/14/2026,Shipped,7
WO0007499,Northeast-1,Electronics,08/14/2026,08/15/2026,2026-08-14,shipped,11
WO0007500,South-4,Office Supplies,08/14/2026,08/15/2026,08/15/2026,Shipped,2
WO0007501,West-3,Apparel,2026-08-14,2026-08-17,08/16/2026, Shipped,7
WO0007502,Northeast-1,Outdoor,2026-08-14,08/15/2026,2026-08-15,SHIPPED,7
WO0007503,Midwest-2,Electronics,2026-08-14,2026-08-16,2026-08-16, Shipped,3
WO0007504,West-3,Home Goods,2026-08-14,2026-08-16,08/15/2026,shipped,4
WO0007505,South-4,Electronics,08/14/2026,08/15/2026,08/15/2026,SHIPPED,1
WO0007506,Northeast-1,Apparel,08/14/2026,08/17/2026,,DELAYED,9
WO0007507,Midwest-2,Home Goods,08/14/2026,08/15/2026,08/15/2026,SHIPPED,4
WO0007507,Midwest-2,Home Goods,08/14/2026,08/15/2026,08/15/2026,SHIPPED,4
WO0007508,Northeast-1,Electronics,08/14/2026,08/15/2026,2026-08-15, Shipped,5
WO0007509,Midwest-2,Home Goods,2026-08-14,2026-08-16,2026-08-16,shipped,1
WO0007510,West-3,Apparel,08/14/2026,08/17/2026,08/16/2026,SHIPPED,11
WO0007511,West-3,Apparel,2026-08-14,08/16/2026,08/16/2026,Shipped,1
WO0007512,Midwest-2,Electronics,08/14/2026,2026-08-16,2026-08-15,SHIPPED,7
WO0007513,Midwest-2,Electronics,2026-08-14,08/17/2026,2026-08-17,Shipped,7
WO0007514,South-4,Home Goods,2026-08-14,08/16/2026,08/15/2026,SHIPPED,8
WO0007515,South-4,Outdoor,2026-08-14,2026-08-17,08/16/2026,SHIPPED,3
WO0007516,Northeast-1,Office Supplies,2026-08-14,2026-08-17,08/16/2026,Shipped,7
WO0007517,South-4,Electronics,08/14/2026,08/15/2026,08/15/2026,SHIPPED,4
WO0007518,Northeast-1,Home Goods,2026-08-14,08/15/2026,08/15/2026,SHIPPED,5
WO0007519,Midwest-2,Home Goods,08/14/2026,2026-08-16,2026-08-16,Shipped,10
WO0007520,Midwest-2,Apparel,2026-08-14,08/17/2026,2026-08-16,SHIPPED,2
WO0007521,Northeast-1,Outdoor,08/14/2026,2026-08-16,2026-08-15,SHIPPED,5
WO0007522,Northeast-1,Apparel,2026-08-14,08/17/2026,2026-08-16,Shipped,6
WO0007523,South-4,Office Supplies,08/14/2026,2026-08-15,2026-08-14,Shipped,9
WO0007524,Northeast-1,Apparel,08/14/2026,08/16/2026,2026-08-15,shipped,1
WO0007525,West-3,Electronics,08/14/2026,08/17/2026,2026-08-17,SHIPPED,3
WO0007526,Midwest-2,Outdoor,2026-08-14,08/16/2026,08/15/2026,SHIPPED,11
WO0007527,Northeast-1,Outdoor,08/14/2026,2026-08-17,08/16/2026,SHIPPED,2
WO0007528,Northeast-1,Outdoor,2026-08-14,2026-08-15,08/14/2026,SHIPPED,2
WO0007529,Northeast-1,Outdoor,08/14/2026,08/17/2026,2026-08-17, Shipped,8
WO0007530,Midwest-2,Home Goods,08/14/2026,08/17/2026,2026-08-16,Shipped,1
WO0007531,Midwest-2,Home Goods,08/14/2026,08/15/2026,08/15/2026, Shipped,5
WO0007532,South-4,Electronics,08/14/2026,2026-08-15,2026-08-15,Shipped,6
WO0007533,Northeast-1,Electronics,2026-08-14,2026-08-16,08/16/2026,SHIPPED,2
WO0007534,Northeast-1,Electronics,08/14/2026,2026-08-17,08/16/2026,SHIPPED,5
WO0007535,West-3,Electronics,08/14/2026,2026-08-15,08/14/2026,Shipped,4
WO0007536,South-4,Outdoor,08/14/2026,2026-08-17,,cancelled,10
WO0007537,Northeast-1,Outdoor,08/14/2026,08/17/2026,08/17/2026,Shipped,6
WO0007538,South-4,Office Supplies,08/14/2026,2026-08-15,2026-08-14, Shipped,7
WO0007539,Midwest-2,Outdoor,08/14/2026,2026-08-15,08/14/2026,shipped,10
WO0007540,West-3,Electronics,08/14/2026,2026-08-16,2026-08-16,Shipped,11
WO0007541,Northeast-1,Electronics,08/14/2026,08/15/2026,08/15/2026,SHIPPED,11
WO0007542,Midwest-2,Office Supplies,08/14/2026,08/17/2026,08/17/2026,shipped,3
WO0007543,South-4,Outdoor,08/14/2026,08/17/2026,2026-08-16,SHIPPED,7
WO0007544,Midwest-2,Home Goods,08/14/2026,08/15/2026,,delayed,3
WO0007545,Midwest-2,Office Supplies,08/14/2026,08/15/2026,08/14/2026, Shipped,10
WO0007546,West-3,Office Supplies,08/14/2026,08/17/2026,08/17/2026,shipped,4
WO0007547,Northeast-1,Office Supplies,08/14/2026,2026-08-17,08/17/2026, Shipped,9
WO0007548,Northeast-1,Outdoor,2026-08-14,08/15/2026,08/14/2026,SHIPPED,6
WO0007549,West-3,Office Supplies,2026-08-14,2026-08-17,,delayed,3
WO0007550,Northeast-1,Electronics,2026-08-14,08/15/2026,2026-08-14,Shipped,2
WO0007551,Northeast-1,Outdoor,2026-08-14,08/16/2026,,Canceled,11
WO0007552,Northeast-1,Office Supplies,2026-08-14,08/15/2026,2026-08-15,shipped,10
WO0007553,Northeast-1,Office Supplies,2026-08-14,08/17/2026,2026-08-17,SHIPPED,6
WO0007554,West-3,Office Supplies,2026-08-14,2026-08-16,08/16/2026,Shipped,4
WO0007555,Midwest-2,Apparel,2026-08-14,08/15/2026,08/15/2026, Shipped,6
WO0007556,West-3,Apparel,08/14/2026,08/16/2026,08/15/2026,SHIPPED,9
WO0007557,South-4,Apparel,2026-08-14,2026-08-17,08/17/2026, Shipped,3
WO0007558,West-3,Apparel,08/14/2026,08/16/2026,08/16/2026,SHIPPED,4
WO0007559,Midwest-2,Outdoor,08/14/2026,08/17/2026,2026-08-17,SHIPPED,4
WO0007560,Midwest-2,Electronics,2026-08-14,2026-08-16,2026-08-16,Shipped,6
WO0007561,Midwest-2,Home Goods,08/14/2026,08/15/2026,2026-08-15, Shipped,9
WO0007562,South-4,Office Supplies,2026-08-14,08/17/2026,2026-08-16,Shipped,11
WO0007563,South-4,Office Supplies,08/14/2026,2026-08-15,2026-08-15, Shipped,3
WO0007564,Midwest-2,Electronics,2026-08-14,08/15/2026,08/15/2026,shipped,9
WO0007565,West-3,Electronics,2026-08-14,2026-08-16,2026-08-15,Shipped,11
WO0007566,Midwest-2,Electronics,08/14/2026,08/16/2026,08/16/2026, Shipped,9
WO0007567,South-4,Apparel,08/14/2026,2026-08-17,08/17/2026,SHIPPED,9
WO0007568,Northeast-1,Apparel,08/15/2026,2026-08-18,2026-08-17,Shipped,9
WO0007569,Midwest-2,Home Goods,08/15/2026,08/17/2026,08/17/2026,shipped,4
WO0007570,West-3,Electronics,2026-08-15,08/17/2026,08/17/2026,Shipped,9
WO0007571,Midwest-2,Outdoor,08/15/2026,2026-08-18,08/18/2026,shipped,7
WO0007572,Midwest-2,Electronics,2026-08-15,08/18/2026,2026-08-17,Shipped,1
WO0007573,South-4,Outdoor,2026-08-15,2026-08-17,2026-08-17,SHIPPED,9
WO0007574,Midwest-2,Apparel,2026-08-15,08/16/2026,08/15/2026,Shipped,10
WO0007575,,Apparel,2026-08-15,08/16/2026,08/15/2026,Shipped,10
WO0007576,Northeast-1,Home Goods,08/15/2026,2026-08-18,,Delayed,3
WO0007577,West-3,Home Goods,08/15/2026,2026-08-17,08/17/2026,shipped,4
WO0007578,West-3,Office Supplies,2026-08-15,08/18/2026,08/17/2026,Shipped,10
WO0007579,,Office Supplies,2026-08-15,08/18/2026,08/17/2026,Shipped,10
WO0007580,Midwest-2,Apparel,2026-08-15,08/18/2026,2026-08-17,shipped,7
WO0007581,South-4,Office Supplies,08/15/2026,2026-08-17,2026-08-17,Shipped,1
WO0007582,South-4,Electronics,08/15/2026,08/18/2026,08/18/2026,Shipped,2
WO0007582,South-4,Electronics,08/15/2026,08/18/2026,08/18/2026,Shipped,2
WO0007583,Midwest-2,Electronics,08/15/2026,08/16/2026,08/16/2026,shipped,7
WO0007584,Midwest-2,Electronics,2026-08-15,2026-08-16,2026-08-15,Shipped,3
WO0007585,Northeast-1,Office Supplies,08/15/2026,2026-08-18,2026-08-18,SHIPPED,6
WO0007586,South-4,Electronics,08/15/2026,08/18/2026,2026-08-18,Shipped,6
WO0007587,South-4,Home Goods,08/15/2026,2026-08-17,08/19/2026,delayed,6
WO0007588,South-4,Outdoor,08/15/2026,08/16/2026,2026-08-15,Shipped,9
WO0007589,West-3,Electronics,08/15/2026,2026-08-17,2026-08-17,SHIPPED,10
WO0007590,Midwest-2,Outdoor,2026-08-15,08/17/2026,2026-08-17,SHIPPED,1
WO0007591,South-4,Apparel,08/15/2026,08/18/2026,2026-08-18,Shipped,1
WO0007592,South-4,Office Supplies,2026-08-15,2026-08-17,2026-08-16, Shipped,2
WO0007593,Northeast-1,Office Supplies,2026-08-15,08/18/2026,2026-08-18,SHIPPED,9
WO0007594,Midwest-2,Apparel,08/15/2026,08/17/2026,08/17/2026,Shipped,3
WO0007595,South-4,Electronics,2026-08-15,08/18/2026,,DELAYED,9
WO0007596,Northeast-1,Home Goods,2026-08-15,2026-08-18,2026-08-17,SHIPPED,7
WO0007597,West-3,Apparel,2026-08-15,08/17/2026,2026-08-16,Shipped,10
WO0007598,South-4,Office Supplies,08/15/2026,08/17/2026,08/19/2026,delayed,3
WO0007599,Northeast-1,Home Goods,08/15/2026,08/17/2026,08/16/2026,Shipped,1
WO0007600,South-4,Outdoor,2026-08-15,2026-08-16,08/15/2026,Shipped,1
WO0007601,Midwest-2,Home Goods,2026-08-15,08/16/2026,2026-08-15,Shipped,11
WO0007602,West-3,Office Supplies,08/15/2026,2026-08-17,08/16/2026,Shipped,9
WO0007603,,Office Supplies,08/15/2026,2026-08-17,08/16/2026,Shipped,9
WO0007604,South-4,Home Goods,2026-08-15,08/16/2026,,delayed,1
WO0007605,Midwest-2,Home Goods,08/15/2026,2026-08-16,08/16/2026,SHIPPED,8
WO0007606,West-3,Apparel,2026-08-15,2026-08-16,2026-08-16,shipped,5
WO0007607,Northeast-1,Home Goods,08/15/2026,2026-08-18,08/17/2026,Shipped,4
WO0007608,West-3,Electronics,08/15/2026,08/17/2026,08/18/2026,DELAYED,4
WO0007609,Northeast-1,Office Supplies,08/15/2026,08/18/2026,08/17/2026,Shipped,10
WO0007610,South-4,Electronics,08/15/2026,08/18/2026,2026-08-17, Shipped,9
WO0007611,South-4,Home Goods,08/15/2026,08/18/2026,08/18/2026,Shipped,9
WO0007612,West-3,Outdoor,08/15/2026,2026-08-17,08/17/2026,Shipped,5
WO0007613,Northeast-1,Home Goods,08/15/2026,2026-08-17,2026-08-16,Shipped,10
WO0007614,Midwest-2,Outdoor,08/15/2026,08/17/2026,08/16/2026,shipped,8
WO0007615,Midwest-2,Electronics,08/15/2026,2026-08-18,08/18/2026,shipped,2
WO0007616,West-3,Office Supplies,08/15/2026,08/18/2026,2026-08-17,Shipped,7
WO0007617,South-4,Office Supplies,08/15/2026,08/17/2026,08/16/2026,SHIPPED,4
WO0007617,South-4,Office Supplies,08/15/2026,08/17/2026,08/16/2026,SHIPPED,4
WO0007618,South-4,Electronics,2026-08-15,2026-08-18,,delayed,10
WO0007619,Northeast-1,Office Supplies,08/15/2026,08/16/2026,2026-08-15,shipped,3
WO0007620,Midwest-2,Home Goods,08/15/2026,08/18/2026,08/17/2026, Shipped,5
WO0007621,South-4,Electronics,2026-08-15,2026-08-16,08/16/2026,Shipped,8
WO0007622,Midwest-2,Apparel,08/15/2026,08/18/2026,2026-08-18,shipped,8
WO0007623,Northeast-1,Apparel,08/15/2026,08/18/2026,2026-08-17,shipped,8
WO0007624,Midwest-2,Electronics,08/15/2026,08/18/2026,08/17/2026,shipped,4
WO0007625,West-3,Outdoor,2026-08-15,08/17/2026,2026-08-16,shipped,3
WO0007626,West-3,Home Goods,2026-08-15,2026-08-18,2026-08-17, Shipped,3
WO0007627,Northeast-1,Apparel,2026-08-15,2026-08-18,2026-08-17,shipped,1
WO0007628,Northeast-1,Electronics,08/15/2026,2026-08-16,08/16/2026,SHIPPED,1
WO0007629,Midwest-2,Outdoor,08/15/2026,2026-08-16,08/16/2026,SHIPPED,10
WO0007630,West-3,Office Supplies,2026-08-15,2026-08-17,2026-08-16,SHIPPED,5
WO0007631,Midwest-2,Outdoor,08/15/2026,08/18/2026,2026-08-17,shipped,6
WO0007632,Midwest-2,Outdoor,2026-08-15,08/16/2026,2026-08-15,SHIPPED,8
WO0007633,West-3,Outdoor,2026-08-15,2026-08-17,2026-08-17,SHIPPED,6
WO0007634,Midwest-2,Office Supplies,2026-08-15,08/17/2026,,Delayed,2
WO0007635,Midwest-2,Outdoor,2026-08-15,08/16/2026,08/15/2026, Shipped,4
WO0007636,Midwest-2,Electronics,08/15/2026,08/17/2026,2026-08-16, Shipped,11
WO0007637,South-4,Apparel,2026-08-15,08/18/2026,2026-08-18,Shipped,5
WO0007638,Northeast-1,Outdoor,08/15/2026,08/17/2026,2026-08-16,shipped,1
WO0007639,West-3,Outdoor,08/15/2026,08/16/2026,2026-08-15, Shipped,2
WO0007640,Midwest-2,Office Supplies,2026-08-15,08/17/2026,,Delayed,9
WO0007641,Northeast-1,Electronics,08/15/2026,08/16/2026,2026-08-16,SHIPPED,9
WO0007642,Northeast-1,Home Goods,2026-08-15,08/16/2026,,Cancelled,5
WO0007643,South-4,Electronics,08/15/2026,08/16/2026,2026-08-15, Shipped,4
WO0007644,West-3,Office Supplies,08/15/2026,2026-08-17,2026-08-17,Shipped,7
WO0007645,Northeast-1,Electronics,2026-08-15,08/18/2026,08/18/2026,Shipped,3
WO0007646,Midwest-2,Home Goods,08/15/2026,08/17/2026,08/17/2026,Shipped,5
WO0007647,South-4,Apparel,2026-08-15,2026-08-18,2026-08-17,shipped,5
WO0007648,Northeast-1,Apparel,2026-08-15,2026-08-17,08/17/2026,SHIPPED,1
WO0007649,Midwest-2,Office Supplies,2026-08-15,08/17/2026,2026-08-17,SHIPPED,8
WO0007650,Northeast-1,Apparel,08/15/2026,08/18/2026,08/18/2026,shipped,9
WO0007651,Midwest-2,Office Supplies,08/15/2026,2026-08-18,2026-08-18,SHIPPED,4
WO0007652,South-4,Electronics,2026-08-15,08/17/2026,08/16/2026,Shipped,8
WO0007653,Midwest-2,Electronics,08/15/2026,2026-08-18,08/17/2026,Shipped,6
WO0007654,South-4,Home Goods,2026-08-15,08/18/2026,2026-08-18,shipped,2
WO0007655,South-4,Apparel,2026-08-15,08/18/2026,2026-08-17, Shipped,2
WO0007656,Midwest-2,Office Supplies,08/15/2026,2026-08-18,2026-08-18,Shipped,5
WO0007657,West-3,Home Goods,08/15/2026,2026-08-18,2026-08-17, Shipped,4
WO0007658,Northeast-1,Apparel,08/15/2026,08/17/2026,2026-08-16,SHIPPED,11
WO0007659,Northeast-1,Office Supplies,08/15/2026,08/17/2026,2026-08-17,Shipped,6
WO0007659,Northeast-1,Office Supplies,08/15/2026,08/17/2026,2026-08-17,Shipped,6
WO0007660,Northeast-1,Electronics,2026-08-15,2026-08-17,08/17/2026,SHIPPED,8
WO0007661,South-4,Apparel,08/15/2026,08/16/2026,08/16/2026, Shipped,1
WO0007662,West-3,Outdoor,08/15/2026,08/17/2026,08/17/2026,shipped,1
WO0007663,West-3,Home Goods,2026-08-15,2026-08-17,08/16/2026, Shipped,4
WO0007664,South-4,Outdoor,2026-08-15,08/17/2026,2026-08-17,shipped,4
WO0007664,South-4,Outdoor,2026-08-15,08/17/2026,2026-08-17,shipped,4
WO0007665,West-3,Apparel,08/15/2026,2026-08-16,2026-08-15,SHIPPED,8
WO0007666,South-4,Office Supplies,2026-08-15,2026-08-16,08/15/2026, Shipped,8
WO0007667,Northeast-1,Apparel,2026-08-15,08/16/2026,2026-08-15, Shipped,1
WO0007668,Northeast-1,Apparel,2026-08-15,2026-08-18,08/18/2026,Shipped,6
WO0007669,Northeast-1,Outdoor,2026-08-15,2026-08-17,08/17/2026,Shipped,7
WO0007670,South-4,Office Supplies,2026-08-15,08/18/2026,08/17/2026,SHIPPED,1
WO0007671,West-3,Outdoor,08/15/2026,2026-08-16,2026-08-15,SHIPPED,3
WO0007672,Midwest-2,Office Supplies,08/15/2026,08/17/2026,2026-08-17,shipped,8
WO0007673,West-3,Home Goods,2026-08-15,2026-08-17,08/16/2026, Shipped,10
WO0007674,West-3,Outdoor,2026-08-15,08/18/2026,2026-08-18, Shipped,3
WO0007675,South-4,Electronics,2026-08-15,2026-08-18,2026-08-18,shipped,1
WO0007676,Midwest-2,Electronics,08/15/2026,08/17/2026,08/16/2026,shipped,4
WO0007677,West-3,Apparel,08/15/2026,2026-08-18,08/18/2026,Shipped,6
WO0007678,Northeast-1,Electronics,2026-08-15,2026-08-18,08/18/2026, Shipped,11
WO0007679,West-3,Outdoor,08/15/2026,2026-08-16,08/16/2026,shipped,5
WO0007680,Midwest-2,Home Goods,08/15/2026,08/17/2026,08/17/2026,SHIPPED,11
WO0007681,Midwest-2,Outdoor,08/15/2026,2026-08-17,08/17/2026,Shipped,3
WO0007682,Midwest-2,Office Supplies,08/15/2026,08/16/2026,08/15/2026,Shipped,1
WO0007683,South-4,Apparel,08/15/2026,2026-08-16,08/15/2026,SHIPPED,4
WO0007684,Midwest-2,Apparel,08/15/2026,2026-08-17,2026-08-17, Shipped,4
WO0007685,Midwest-2,Home Goods,08/15/2026,2026-08-16,08/15/2026,Shipped,9
WO0007686,West-3,Apparel,08/15/2026,08/17/2026,2026-08-16,SHIPPED,1
WO0007687,Northeast-1,Apparel,2026-08-15,08/18/2026,2026-08-17,SHIPPED,10
WO0007688,Northeast-1,Home Goods,2026-08-15,08/17/2026,2026-08-16,SHIPPED,3
WO0007689,South-4,Home Goods,2026-08-15,2026-08-17,08/16/2026,SHIPPED,9
WO0007690,South-4,Office Supplies,08/15/2026,2026-08-16,,Cancelled,2
WO0007691,South-4,Electronics,2026-08-15,2026-08-16,,delayed,1
WO0007692,Midwest-2,Apparel,2026-08-15,2026-08-18,2026-08-18,SHIPPED,1
WO0007693,Northeast-1,Home Goods,2026-08-15,08/16/2026,08/16/2026,shipped,7
WO0007694,West-3,Electronics,08/15/2026,2026-08-17,08/17/2026,Shipped,7
WO0007695,Northeast-1,Electronics,2026-08-15,2026-08-16,08/15/2026, Shipped,3
WO0007696,South-4,Electronics,2026-08-15,2026-08-16,08/16/2026,shipped,4
WO0007697,South-4,Outdoor,2026-08-15,08/16/2026,2026-08-16,SHIPPED,11
WO0007698,West-3,Office Supplies,2026-08-15,08/16/2026,2026-08-15,shipped,2
WO0007699,Midwest-2,Outdoor,2026-08-15,08/16/2026,08/15/2026,Shipped,5
WO0007700,Midwest-2,Outdoor,08/15/2026,08/18/2026,08/17/2026, Shipped,7
WO0007701,Midwest-2,Apparel,2026-08-15,2026-08-16,08/15/2026,Shipped,7
WO0007702,Midwest-2,Office Supplies,2026-08-15,08/18/2026,08/18/2026, Shipped,2
WO0007703,South-4,Office Supplies,2026-08-15,2026-08-17,08/16/2026, Shipped,8
WO0007704,Midwest-2,Office Supplies,08/15/2026,08/16/2026,2026-08-16,Shipped,10
WO0007705,Midwest-2,Home Goods,2026-08-15,08/18/2026,08/17/2026,shipped,6
WO0007706,West-3,Apparel,08/16/2026,08/18/2026,2026-08-17,Shipped,6
WO0007707,South-4,Apparel,2026-08-16,08/19/2026,08/18/2026,SHIPPED,7
WO0007708,Northeast-1,Home Goods,2026-08-16,2026-08-19,08/19/2026, Shipped,3
WO0007709,South-4,Apparel,08/16/2026,08/17/2026,08/17/2026,shipped,8
WO0007710,West-3,Apparel,08/16/2026,08/17/2026,08/17/2026,shipped,11
WO0007711,Northeast-1,Apparel,08/16/2026,08/19/2026,2026-08-19,SHIPPED,5
WO0007712,West-3,Home Goods,08/16/2026,08/18/2026,2026-08-18,shipped,9
WO0007713,West-3,Electronics,08/16/2026,08/18/2026,08/18/2026,shipped,1
WO0007714,West-3,Office Supplies,2026-08-16,2026-08-18,2026-08-17, Shipped,2
WO0007715,West-3,Apparel,2026-08-16,2026-08-19,08/19/2026,SHIPPED,6
WO0007716,West-3,Home Goods,2026-08-16,08/18/2026,08/17/2026, Shipped,2
WO0007717,South-4,Apparel,08/16/2026,08/18/2026,08/17/2026,SHIPPED,9
WO0007718,Northeast-1,Apparel,08/16/2026,2026-08-18,08/17/2026,shipped,9
WO0007719,South-4,Office Supplies,2026-08-16,08/19/2026,08/19/2026,shipped,5
WO0007720,Midwest-2,Outdoor,08/16/2026,08/18/2026,08/17/2026,Shipped,5
WO0007721,Northeast-1,Electronics,08/16/2026,08/18/2026,08/23/2026,DELAYED,2
WO0007722,Northeast-1,Apparel,2026-08-16,2026-08-17,08/16/2026,SHIPPED,8
WO0007723,West-3,Electronics,2026-08-16,08/19/2026,08/19/2026,shipped,8
WO0007724,Midwest-2,Office Supplies,08/16/2026,2026-08-17,2026-08-16,shipped,9
WO0007725,South-4,Office Supplies,08/16/2026,08/19/2026,08/19/2026,SHIPPED,8
WO0007726,Midwest-2,Outdoor,08/16/2026,08/17/2026,08/16/2026,SHIPPED,3
WO0007727,South-4,Home Goods,08/16/2026,2026-08-18,2026-08-18, Shipped,8
WO0007728,West-3,Home Goods,08/16/2026,2026-08-19,2026-08-19,SHIPPED,6
WO0007729,West-3,Electronics,2026-08-16,2026-08-17,08/16/2026, Shipped,6
WO0007730,West-3,Office Supplies,2026-08-16,2026-08-19,08/23/2026,DELAYED,9
WO0007731,Midwest-2,Electronics,2026-08-16,08/18/2026,2026-08-18,SHIPPED,10
WO0007732,Midwest-2,Electronics,2026-08-16,08/19/2026,08/19/2026,shipped,11
WO0007733,West-3,Electronics,08/16/2026,2026-08-19,2026-08-19, Shipped,1
WO0007734,West-3,Office Supplies,08/16/2026,2026-08-18,,delayed,9
WO0007735,Northeast-1,Home Goods,08/16/2026,2026-08-19,,cancelled,4
WO0007736,Northeast-1,Office Supplies,08/16/2026,08/17/2026,2026-08-16,SHIPPED,11
WO0007737,West-3,Office Supplies,08/16/2026,2026-08-19,2026-08-18,Shipped,5
WO0007738,Midwest-2,Home Goods,2026-08-16,08/19/2026,08/19/2026,Shipped,2
WO0007739,Northeast-1,Outdoor,2026-08-16,2026-08-19,2026-08-18,SHIPPED,1
WO0007740,South-4,Apparel,08/16/2026,2026-08-19,2026-08-19,SHIPPED,9
WO0007741,West-3,Apparel,2026-08-16,08/18/2026,08/17/2026, Shipped,6
WO0007742,Midwest-2,Office Supplies,08/16/2026,2026-08-18,2026-08-23,DELAYED,2
WO0007743,South-4,Outdoor,08/16/2026,2026-08-19,08/19/2026,shipped,4
WO0007744,South-4,Outdoor,08/16/2026,08/17/2026,08/16/2026,Shipped,4
WO0007745,Northeast-1,Electronics,08/16/2026,2026-08-17,08/16/2026,shipped,8
WO0007746,South-4,Electronics,2026-08-16,08/19/2026,08/18/2026,Shipped,6
WO0007747,South-4,Home Goods,08/16/2026,2026-08-19,08/19/2026, Shipped,4
WO0007748,Midwest-2,Electronics,08/16/2026,2026-08-18,08/17/2026,SHIPPED,2
WO0007749,West-3,Electronics,08/16/2026,2026-08-18,2026-08-18, Shipped,6
WO0007749,West-3,Electronics,08/16/2026,2026-08-18,2026-08-18, Shipped,6
WO0007750,West-3,Outdoor,2026-08-16,2026-08-17,2026-08-17,SHIPPED,9
WO0007751,Midwest-2,Outdoor,08/16/2026,08/17/2026,2026-08-16,SHIPPED,8
WO0007752,West-3,Outdoor,2026-08-16,2026-08-17,2026-08-17,Shipped,10
WO0007753,Midwest-2,Outdoor,2026-08-16,08/19/2026,2026-08-18,Shipped,5
WO0007754,Northeast-1,Outdoor,2026-08-16,2026-08-18,2026-08-18, Shipped,2
WO0007755,South-4,Home Goods,2026-08-16,08/19/2026,08/18/2026,Shipped,9
WO0007756,South-4,Apparel,2026-08-16,2026-08-18,08/18/2026,SHIPPED,8
WO0007757,Northeast-1,Home Goods,2026-08-16,2026-08-17,08/16/2026, Shipped,8
WO0007758,Northeast-1,Apparel,2026-08-16,08/18/2026,2026-08-18,Shipped,9
WO0007759,Midwest-2,Home Goods,08/16/2026,2026-08-17,2026-08-17,Shipped,9
WO0007760,Northeast-1,Apparel,2026-08-16,08/17/2026,2026-08-16,shipped,4
WO0007761,South-4,Outdoor,2026-08-16,08/18/2026,2026-08-18, Shipped,2
WO0007762,South-4,Home Goods,2026-08-16,2026-08-17,08/16/2026, Shipped,4
WO0007763,South-4,Office Supplies,08/16/2026,08/17/2026,08/16/2026,SHIPPED,9
WO0007764,Northeast-1,Office Supplies,08/16/2026,08/17/2026,2026-08-17,shipped,8
WO0007765,Midwest-2,Electronics,08/16/2026,2026-08-19,08/19/2026,SHIPPED,1
WO0007766,South-4,Apparel,08/16/2026,08/17/2026,08/16/2026,shipped,10
WO0007767,Northeast-1,Home Goods,08/16/2026,2026-08-18,2026-08-18, Shipped,8
WO0007768,West-3,Electronics,08/16/2026,08/18/2026,2026-08-18,shipped,9
WO0007769,Midwest-2,Outdoor,2026-08-16,08/17/2026,2026-08-19,Delayed,1
WO0007770,West-3,Home Goods,2026-08-16,08/19/2026,08/19/2026,SHIPPED,9
WO0007771,Midwest-2,Home Goods,2026-08-16,2026-08-19,2026-08-19,shipped,7
WO0007772,Midwest-2,Electronics,2026-08-16,08/18/2026,2026-08-18, Shipped,11
WO0007773,West-3,Office Supplies,08/16/2026,08/18/2026,08/17/2026,Shipped,9
WO0007774,West-3,Apparel,2026-08-16,08/19/2026,2026-08-18, Shipped,11
WO0007775,Northeast-1,Apparel,2026-08-16,08/17/2026,08/20/2026,delayed,9
WO0007776,Northeast-1,Electronics,08/16/2026,08/18/2026,2026-08-18, Shipped,11
WO0007777,Midwest-2,Home Goods,2026-08-16,2026-08-18,2026-08-18, Shipped,8
WO0007778,Northeast-1,Apparel,2026-08-16,08/18/2026,08/17/2026,shipped,9
WO0007779,West-3,Outdoor,08/16/2026,2026-08-17,2026-08-16,shipped,11
WO0007779,West-3,Outdoor,08/16/2026,2026-08-17,2026-08-16,shipped,11
WO0007780,Northeast-1,Apparel,2026-08-16,2026-08-18,2026-08-17,Shipped,9
WO0007781,South-4,Outdoor,08/16/2026,2026-08-18,2026-08-17,Shipped,1
WO0007782,South-4,Apparel,08/16/2026,08/18/2026,2026-08-17,shipped,8
WO0007783,Northeast-1,Outdoor,08/16/2026,08/17/2026,08/17/2026,SHIPPED,11
WO0007784,South-4,Office Supplies,08/16/2026,2026-08-19,2026-08-19,SHIPPED,10
WO0007785,Midwest-2,Electronics,2026-08-16,2026-08-19,2026-08-19,shipped,4
WO0007786,South-4,Electronics,2026-08-16,2026-08-17,2026-08-16,Shipped,5
WO0007787,West-3,Apparel,08/16/2026,2026-08-18,2026-08-18,Shipped,6
WO0007788,Midwest-2,Office Supplies,08/16/2026,08/19/2026,08/18/2026,shipped,2
WO0007789,Midwest-2,Apparel,2026-08-16,08/18/2026,2026-08-19,Delayed,1
WO0007790,Midwest-2,Office Supplies,08/16/2026,2026-08-17,2026-08-17, Shipped,11
WO0007791,South-4,Electronics,08/16/2026,08/18/2026,2026-08-18,SHIPPED,7
WO0007792,South-4,Electronics,2026-08-16,2026-08-18,08/18/2026,SHIPPED,5
WO0007793,South-4,Office Supplies,2026-08-16,08/19/2026,08/19/2026,SHIPPED,2
WO0007794,West-3,Outdoor,08/16/2026,2026-08-18,2026-08-18, Shipped,10
WO0007795,Northeast-1,Apparel,08/16/2026,08/17/2026,08/17/2026,SHIPPED,2
WO0007796,Northeast-1,Electronics,2026-08-16,08/17/2026,2026-08-16, Shipped,3
WO0007797,Northeast-1,Electronics,2026-08-16,2026-08-19,08/18/2026, Shipped,11
WO0007798,West-3,Apparel,08/16/2026,08/18/2026,08/18/2026, Shipped,5
WO0007799,West-3,Apparel,08/16/2026,08/19/2026,2026-08-18,Shipped,5
WO0007800,Midwest-2,Office Supplies,08/16/2026,08/19/2026,2026-08-18,Shipped,2
WO0007801,Midwest-2,Apparel,08/16/2026,2026-08-17,2026-08-16,shipped,7
WO0007802,West-3,Outdoor,2026-08-16,08/17/2026,2026-08-16,Shipped,1
WO0007803,South-4,Electronics,08/16/2026,08/17/2026,2026-08-16,SHIPPED,9
WO0007804,Northeast-1,Apparel,08/16/2026,08/18/2026,08/18/2026, Shipped,9
WO0007805,Northeast-1,Electronics,08/16/2026,08/17/2026,08/17/2026, Shipped,7
WO0007806,South-4,Outdoor,08/16/2026,2026-08-18,2026-08-17,SHIPPED,3
WO0007807,West-3,Electronics,08/16/2026,08/19/2026,08/19/2026,shipped,10
WO0007808,South-4,Outdoor,08/16/2026,2026-08-18,08/17/2026,shipped,4
WO0007809,Midwest-2,Office Supplies,2026-08-16,2026-08-17,,DELAYED,9
WO0007810,South-4,Outdoor,08/16/2026,2026-08-17,2026-08-16,shipped,1
WO0007811,Northeast-1,Apparel,08/16/2026,08/19/2026,08/19/2026,shipped,6
WO0007812,Midwest-2,Outdoor,08/16/2026,2026-08-19,2026-08-18,SHIPPED,5
WO0007813,South-4,Outdoor,2026-08-16,2026-08-18,08/18/2026,Shipped,8
WO0007814,West-3,Electronics,08/16/2026,2026-08-19,08/19/2026,shipped,2
WO0007815,Midwest-2,Electronics,2026-08-16,2026-08-17,08/17/2026, Shipped,1
WO0007816,Midwest-2,Apparel,08/16/2026,2026-08-18,2026-08-17,SHIPPED,3
WO0007817,Midwest-2,Outdoor,08/16/2026,2026-08-18,2026-08-18,Shipped,1
WO0007818,South-4,Home Goods,08/16/2026,2026-08-17,2026-08-17, Shipped,8
WO0007819,Midwest-2,Outdoor,2026-08-16,2026-08-18,2026-08-17,SHIPPED,3
WO0007820,South-4,Electronics,2026-08-16,08/19/2026,08/19/2026,Shipped,8
WO0007821,Northeast-1,Home Goods,2026-08-16,2026-08-18,08/18/2026,Shipped,3
WO0007821,Northeast-1,Home Goods,2026-08-16,2026-08-18,08/18/2026,Shipped,3
WO0007822,Northeast-1,Apparel,08/16/2026,2026-08-18,08/18/2026, Shipped,1
WO0007823,West-3,Office Supplies,08/16/2026,2026-08-17,08/17/2026,Shipped,7
WO0007824,Northeast-1,Electronics,08/16/2026,08/17/2026,2026-08-17, Shipped,11
WO0007825,West-3,Home Goods,2026-08-16,2026-08-18,2026-08-17,SHIPPED,1
WO0007826,Midwest-2,Apparel,2026-08-16,08/19/2026,2026-08-19, Shipped,10
WO0007827,Northeast-1,Apparel,08/16/2026,2026-08-18,2026-08-18,shipped,11
WO0007828,,Apparel,08/16/2026,2026-08-18,2026-08-18,shipped,11
WO0007829,West-3,Electronics,08/16/2026,08/18/2026,08/20/2026,Delayed,10
WO0007830,South-4,Apparel,08/16/2026,08/18/2026,2026-08-17, Shipped,7
WO0007831,South-4,Office Supplies,2026-08-16,08/18/2026,08/17/2026,shipped,6
WO0007832,Midwest-2,Electronics,2026-08-16,2026-08-17,08/17/2026,SHIPPED,7
WO0007833,South-4,Home Goods,08/16/2026,08/19/2026,08/19/2026, Shipped,1
WO0007834,Northeast-1,Home Goods,2026-08-16,08/17/2026,2026-08-22,delayed,3
WO0007835,South-4,Outdoor,08/16/2026,2026-08-18,08/18/2026,Shipped,8
WO0007836,South-4,Apparel,2026-08-16,2026-08-17,08/17/2026,Shipped,2
WO0007837,South-4,Office Supplies,2026-08-16,2026-08-18,2026-08-18,Shipped,9
WO0007838,West-3,Apparel,08/16/2026,2026-08-18,08/18/2026,shipped,9
WO0007839,Northeast-1,Home Goods,2026-08-16,2026-08-19,08/18/2026,SHIPPED,5
WO0007840,South-4,Electronics,2026-08-16,2026-08-18,08/18/2026,SHIPPED,9
WO0007841,Northeast-1,Electronics,08/16/2026,2026-08-17,08/17/2026,SHIPPED,3
WO0007842,South-4,Outdoor,2026-08-16,08/19/2026,2026-08-19,Shipped,6
WO0007843,Northeast-1,Home Goods,2026-08-16,08/18/2026,2026-08-18, Shipped,4
WO0007844,Northeast-1,Apparel,08/16/2026,08/18/2026,2026-08-17,SHIPPED,4
WO0007845,West-3,Electronics,08/16/2026,2026-08-18,08/17/2026,SHIPPED,11
WO0007846,Midwest-2,Office Supplies,2026-08-16,2026-08-19,2026-08-19, Shipped,3
WO0007847,South-4,Apparel,08/16/2026,2026-08-19,2026-08-19,shipped,4
WO0007848,Northeast-1,Office Supplies,08/16/2026,08/18/2026,2026-08-18, Shipped,8
WO0007849,Northeast-1,Electronics,08/16/2026,08/19/2026,08/19/2026,SHIPPED,1
WO0007850,Northeast-1,Home Goods,2026-08-16,2026-08-17,08/17/2026,shipped,7
WO0007851,Midwest-2,Outdoor,2026-08-16,2026-08-19,08/18/2026,Shipped,10
WO0007852,Northeast-1,Home Goods,08/16/2026,08/18/2026,08/17/2026,Shipped,6
WO0007853,Midwest-2,Apparel,2026-08-16,2026-08-19,08/18/2026, Shipped,6
WO0007854,West-3,Electronics,2026-08-16,2026-08-17,2026-08-16,Shipped,7
WO0007855,Northeast-1,Office Supplies,2026-08-17,2026-08-19,2026-08-19,SHIPPED,2
WO0007856,South-4,Outdoor,08/17/2026,2026-08-18,2026-08-17,Shipped,6
WO0007857,South-4,Outdoor,2026-08-17,2026-08-18,2026-08-17,Shipped,9
WO0007858,Midwest-2,Home Goods,2026-08-17,08/20/2026,2026-08-20, Shipped,6
WO0007859,West-3,Electronics,2026-08-17,08/20/2026,08/20/2026, Shipped,1
WO0007860,South-4,Home Goods,08/17/2026,08/19/2026,08/19/2026,shipped,11
WO0007861,Northeast-1,Apparel,08/17/2026,2026-08-20,2026-08-20,SHIPPED,8
WO0007862,South-4,Office Supplies,2026-08-17,08/19/2026,2026-08-18,SHIPPED,2
WO0007863,Midwest-2,Outdoor,2026-08-17,08/20/2026,08/21/2026,DELAYED,4
WO0007864,Midwest-2,Apparel,08/17/2026,2026-08-20,2026-08-20, Shipped,10
WO0007865,West-3,Electronics,08/17/2026,2026-08-19,2026-08-18,shipped,1
WO0007866,Midwest-2,Electronics,2026-08-17,2026-08-20,08/19/2026, Shipped,2
WO0007867,Midwest-2,Office Supplies,2026-08-17,08/20/2026,2026-08-20,SHIPPED,11
WO0007868,South-4,Electronics,08/17/2026,2026-08-19,2026-08-19, Shipped,2
WO0007869,West-3,Electronics,2026-08-17,08/20/2026,08/19/2026,SHIPPED,2
WO0007870,South-4,Home Goods,2026-08-17,2026-08-19,2026-08-18, Shipped,2
WO0007871,Northeast-1,Electronics,08/17/2026,2026-08-19,2026-08-18,Shipped,7
WO0007872,West-3,Electronics,2026-08-17,08/18/2026,08/18/2026, Shipped,5
WO0007873,Midwest-2,Apparel,08/17/2026,2026-08-19,2026-08-18,Shipped,8
WO0007874,Northeast-1,Office Supplies,2026-08-17,2026-08-18,2026-08-17,shipped,11
WO0007875,South-4,Apparel,08/17/2026,08/18/2026,08/17/2026,shipped,10
WO0007876,Midwest-2,Electronics,08/17/2026,2026-08-18,08/17/2026,Shipped,3
WO0007877,South-4,Outdoor,08/17/2026,08/18/2026,08/18/2026,SHIPPED,4
WO0007878,Midwest-2,Outdoor,08/17/2026,2026-08-18,08/17/2026, Shipped,2
WO0007879,Midwest-2,Apparel,08/17/2026,08/20/2026,08/20/2026,SHIPPED,2
WO0007880,Northeast-1,Office Supplies,2026-08-17,08/19/2026,08/24/2026,Delayed,10
WO0007881,West-3,Apparel,2026-08-17,08/20/2026,08/19/2026,SHIPPED,4
WO0007882,Midwest-2,Apparel,08/17/2026,08/19/2026,08/18/2026,SHIPPED,10
WO0007883,Northeast-1,Home Goods,08/17/2026,08/20/2026,08/20/2026,Shipped,10
WO0007884,Northeast-1,Home Goods,2026-08-17,2026-08-20,08/20/2026,Shipped,10
WO0007885,West-3,Apparel,2026-08-17,2026-08-20,2026-08-20,shipped,2
WO0007886,Midwest-2,Office Supplies,08/17/2026,2026-08-19,08/19/2026, Shipped,4
WO0007887,Northeast-1,Electronics,2026-08-17,08/20/2026,2026-08-19,SHIPPED,2
WO0007888,Northeast-1,Electronics,08/17/2026,2026-08-18,2026-08-17,Shipped,7
WO0007889,West-3,Office Supplies,2026-08-17,08/18/2026,08/20/2026,Delayed,2
WO0007890,Midwest-2,Home Goods,08/17/2026,08/18/2026,2026-08-17,SHIPPED,3
WO0007891,South-4,Home Goods,08/17/2026,08/20/2026,2026-08-19, Shipped,1
WO0007892,Midwest-2,Apparel,08/17/2026,08/18/2026,08/17/2026,SHIPPED,1
WO0007893,Northeast-1,Office Supplies,08/17/2026,2026-08-19,08/18/2026, Shipped,10
WO0007894,South-4,Outdoor,08/17/2026,2026-08-20,2026-08-20, Shipped,1
WO0007895,,Outdoor,08/17/2026,2026-08-20,2026-08-20, Shipped,1
WO0007896,South-4,Outdoor,2026-08-17,08/20/2026,2026-08-19,shipped,3
WO0007897,Midwest-2,Outdoor,2026-08-17,08/20/2026,08/19/2026, Shipped,5
WO0007898,Northeast-1,Office Supplies,08/17/2026,2026-08-18,08/18/2026, Shipped,11
WO0007899,Northeast-1,Outdoor,2026-08-17,08/19/2026,2026-08-19,Shipped,9
WO0007900,Northeast-1,Apparel,08/17/2026,08/19/2026,2026-08-18,shipped,6
WO0007901,South-4,Outdoor,08/17/2026,08/18/2026,2026-08-17,Shipped,5
WO0007902,South-4,Home Goods,08/17/2026,2026-08-18,2026-08-17,shipped,5
WO0007903,West-3,Home Goods,08/17/2026,2026-08-18,08/17/2026,Shipped,8
WO0007904,Midwest-2,Apparel,08/17/2026,08/18/2026,08/18/2026,SHIPPED,10
WO0007905,Midwest-2,Outdoor,2026-08-17,2026-08-20,08/20/2026,shipped,4
WO0007906,Midwest-2,Office Supplies,2026-08-17,08/19/2026,2026-08-19, Shipped,4
WO0007907,West-3,Apparel,08/17/2026,08/19/2026,2026-08-18,SHIPPED,5
WO0007908,Midwest-2,Home Goods,2026-08-17,08/20/2026,2026-08-20,SHIPPED,1
WO0007909,Midwest-2,Apparel,2026-08-17,08/20/2026,2026-08-20,Shipped,7
WO0007910,West-3,Apparel,2026-08-17,08/19/2026,08/18/2026, Shipped,1
WO0007911,South-4,Electronics,08/17/2026,2026-08-20,2026-08-20,SHIPPED,8
WO0007912,Northeast-1,Apparel,08/17/2026,08/20/2026,2026-08-19,Shipped,2
WO0007913,Northeast-1,Office Supplies,2026-08-17,08/18/2026,2026-08-18,SHIPPED,10
WO0007914,West-3,Office Supplies,2026-08-17,08/19/2026,2026-08-19,shipped,5
WO0007915,Midwest-2,Apparel,08/17/2026,08/20/2026,08/20/2026,SHIPPED,7
WO0007916,Midwest-2,Outdoor,2026-08-17,2026-08-20,2026-08-19, Shipped,1
WO0007917,West-3,Outdoor,2026-08-17,2026-08-19,2026-08-18,SHIPPED,10
WO0007918,,Outdoor,2026-08-17,2026-08-19,2026-08-18,SHIPPED,10
WO0007919,Northeast-1,Home Goods,2026-08-17,2026-08-19,2026-08-18,Shipped,7
WO0007920,South-4,Home Goods,2026-08-17,08/20/2026,08/20/2026, Shipped,3
WO0007921,West-3,Apparel,2026-08-17,2026-08-20,2026-08-20, Shipped,3
WO0007922,South-4,Apparel,2026-08-17,2026-08-19,2026-08-18,Shipped,11
WO0007923,West-3,Home Goods,08/17/2026,2026-08-20,08/19/2026,SHIPPED,5
WO0007924,Northeast-1,Electronics,08/17/2026,2026-08-19,2026-08-18,Shipped,7
WO0007925,Midwest-2,Outdoor,08/17/2026,2026-08-18,08/17/2026,Shipped,1
WO0007926,Midwest-2,Electronics,2026-08-17,2026-08-18,2026-08-17,Shipped,5
WO0007927,South-4,Office Supplies,08/17/2026,08/19/2026,2026-08-19, Shipped,7
WO0007928,West-3,Outdoor,08/17/2026,2026-08-20,08/20/2026,SHIPPED,5
WO0007929,Midwest-2,Outdoor,08/17/2026,2026-08-19,08/19/2026,SHIPPED,3
WO0007930,South-4,Electronics,08/17/2026,08/19/2026,08/19/2026, Shipped,8
WO0007931,West-3,Office Supplies,2026-08-17,08/19/2026,08/19/2026,Shipped,11
WO0007932,South-4,Outdoor,2026-08-17,2026-08-20,2026-08-19,shipped,6
WO0007933,Midwest-2,Outdoor,2026-08-17,2026-08-18,2026-08-17,shipped,10
WO0007934,South-4,Home Goods,2026-08-17,08/19/2026,2026-08-19,Shipped,3
WO0007935,South-4,Office Supplies,08/17/2026,08/19/2026,2026-08-18,shipped,6
WO0007936,Midwest-2,Outdoor,08/17/2026,08/20/2026,08/20/2026,shipped,9
WO0007936,Midwest-2,Outdoor,08/17/2026,08/20/2026,08/20/2026,shipped,9
WO0007937,Northeast-1,Home Goods,2026-08-17,2026-08-19,08/19/2026,SHIPPED,8
WO0007937,Northeast-1,Home Goods,2026-08-17,2026-08-19,08/19/2026,SHIPPED,8
WO0007938,Midwest-2,Electronics,08/17/2026,08/18/2026,08/17/2026,shipped,7
WO0007939,Northeast-1,Apparel,08/17/2026,2026-08-18,08/17/2026,SHIPPED,5
WO0007940,Midwest-2,Home Goods,2026-08-17,08/18/2026,08/18/2026,Shipped,1
WO0007941,Northeast-1,Electronics,2026-08-17,2026-08-20,08/19/2026, Shipped,9
WO0007942,South-4,Office Supplies,2026-08-17,08/19/2026,08/18/2026,Shipped,11
WO0007943,West-3,Apparel,08/17/2026,2026-08-20,08/19/2026,SHIPPED,9
WO0007944,West-3,Electronics,2026-08-17,08/19/2026,2026-08-18, Shipped,6
WO0007945,South-4,Home Goods,08/17/2026,2026-08-18,08/18/2026,SHIPPED,1
WO0007946,West-3,Apparel,2026-08-17,08/19/2026,2026-08-18,shipped,9
WO0007947,Midwest-2,Apparel,08/17/2026,2026-08-18,08/18/2026,SHIPPED,6
WO0007948,Northeast-1,Home Goods,08/17/2026,08/18/2026,08/19/2026,delayed,5
WO0007949,Midwest-2,Electronics,2026-08-17,2026-08-19,08/19/2026, Shipped,5
WO0007950,Northeast-1,Outdoor,08/17/2026,08/20/2026,08/20/2026,SHIPPED,1
WO0007951,South-4,Electronics,2026-08-17,2026-08-20,08/19/2026, Shipped,5
WO0007952,Northeast-1,Apparel,08/17/2026,08/19/2026,08/19/2026, Shipped,4
WO0007953,South-4,Outdoor,08/17/2026,2026-08-20,08/20/2026,Shipped,1
WO0007954,Midwest-2,Outdoor,08/17/2026,2026-08-19,2026-08-18,shipped,1
WO0007955,West-3,Office Supplies,08/17/2026,08/20/2026,2026-08-19,Shipped,4
WO0007956,West-3,Home Goods,2026-08-17,2026-08-19,2026-08-19,SHIPPED,8
WO0007957,West-3,Outdoor,08/17/2026,2026-08-18,08/18/2026, Shipped,5
WO0007958,Northeast-1,Electronics,08/17/2026,2026-08-18,08/17/2026,Shipped,8
WO0007959,West-3,Apparel,08/17/2026,08/20/2026,2026-08-19,SHIPPED,1
WO0007960,Midwest-2,Apparel,08/17/2026,2026-08-20,08/20/2026,SHIPPED,7
WO0007961,West-3,Office Supplies,2026-08-17,2026-08-18,08/17/2026, Shipped,9
WO0007962,West-3,Electronics,08/17/2026,2026-08-18,08/17/2026,shipped,9
WO0007963,Northeast-1,Home Goods,2026-08-17,08/20/2026,08/20/2026, Shipped,4
WO0007964,South-4,Office Supplies,08/17/2026,08/19/2026,2026-08-22,delayed,3
WO0007965,Midwest-2,Home Goods,08/17/2026,2026-08-19,2026-08-19,SHIPPED,9
WO0007966,Northeast-1,Home Goods,2026-08-17,2026-08-20,08/23/2026,delayed,9
WO0007967,South-4,Office Supplies,08/17/2026,08/20/2026,08/20/2026,Shipped,2
WO0007968,Northeast-1,Apparel,08/17/2026,2026-08-18,08/17/2026,SHIPPED,9
WO0007969,Northeast-1,Home Goods,08/17/2026,2026-08-20,08/20/2026,Shipped,3
WO0007970,South-4,Electronics,08/17/2026,08/18/2026,2026-08-17, Shipped,8
WO0007971,West-3,Home Goods,2026-08-17,2026-08-18,2026-08-17,shipped,2
WO0007972,West-3,Office Supplies,2026-08-17,2026-08-19,08/18/2026,SHIPPED,6
WO0007973,West-3,Home Goods,08/17/2026,08/18/2026,08/17/2026, Shipped,10
WO0007974,West-3,Apparel,2026-08-17,2026-08-18,08/18/2026,SHIPPED,10
WO0007975,West-3,Electronics,2026-08-17,2026-08-19,08/19/2026,shipped,7
WO0007976,South-4,Home Goods,08/17/2026,2026-08-18,08/18/2026,shipped,10
WO0007977,Northeast-1,Outdoor,08/17/2026,08/18/2026,2026-08-17,shipped,3
WO0007978,Midwest-2,Office Supplies,08/17/2026,08/18/2026,,Canceled,2
WO0007979,Midwest-2,Electronics,08/17/2026,2026-08-19,2026-08-19,shipped,11
WO0007980,Northeast-1,Office Supplies,2026-08-17,08/20/2026,08/20/2026,shipped,4
WO0007980,Northeast-1,Office Supplies,2026-08-17,08/20/2026,08/20/2026,shipped,4
WO0007981,West-3,Electronics,08/17/2026,08/18/2026,08/17/2026,shipped,7
WO0007982,South-4,Apparel,08/17/2026,08/20/2026,2026-08-20,Shipped,1
WO0007983,Northeast-1,Office Supplies,2026-08-17,2026-08-19,2026-08-19, Shipped,6
WO0007984,West-3,Electronics,08/17/2026,2026-08-18,08/17/2026, Shipped,3
WO0007985,South-4,Apparel,2026-08-17,2026-08-18,08/17/2026,shipped,3
WO0007986,Midwest-2,Home Goods,08/17/2026,08/19/2026,2026-08-18,shipped,4
WO0007987,South-4,Electronics,2026-08-17,2026-08-18,08/17/2026,SHIPPED,10
WO0007988,West-3,Outdoor,2026-08-17,2026-08-20,,DELAYED,3
WO0007989,Midwest-2,Outdoor,2026-08-17,2026-08-18,08/18/2026,shipped,3
WO0007990,Northeast-1,Office Supplies,2026-08-17,2026-08-18,2026-08-17,shipped,11
WO0007991,South-4,Home Goods,2026-08-17,2026-08-18,2026-08-17,Shipped,11
WO0007992,Midwest-2,Electronics,2026-08-17,08/18/2026,08/18/2026,SHIPPED,1
WO0007993,South-4,Electronics,2026-08-17,08/20/2026,2026-08-19,SHIPPED,11
WO0007994,West-3,Apparel,08/17/2026,08/20/2026,2026-08-19,Shipped,10
WO0007995,Northeast-1,Office Supplies,2026-08-17,08/18/2026,2026-08-18,SHIPPED,3
WO0007996,Northeast-1,Electronics,2026-08-17,2026-08-18,08/17/2026,shipped,7
WO0007997,South-4,Electronics,2026-08-17,2026-08-19,2026-08-18,Shipped,11
WO0007998,Midwest-2,Home Goods,2026-08-18,08/21/2026,08/20/2026,SHIPPED,3
WO0007999,Northeast-1,Apparel,2026-08-18,2026-08-20,2026-08-19,SHIPPED,8
WO0008000,South-4,Outdoor,08/18/2026,08/21/2026,2026-08-20, Shipped,6
WO0008001,Northeast-1,Apparel,2026-08-18,08/20/2026,08/20/2026,Shipped,1
WO0008002,Northeast-1,Office Supplies,08/18/2026,2026-08-21,08/21/2026,SHIPPED,8
WO0008003,South-4,Outdoor,08/18/2026,08/21/2026,08/21/2026,shipped,9
WO0008004,Northeast-1,Home Goods,08/18/2026,2026-08-21,2026-08-20, Shipped,8
WO0008005,South-4,Office Supplies,2026-08-18,08/19/2026,08/18/2026,Shipped,5
WO0008006,West-3,Electronics,2026-08-18,2026-08-19,2026-08-19,SHIPPED,7
WO0008007,West-3,Apparel,08/18/2026,2026-08-21,08/21/2026,shipped,10
WO0008008,Midwest-2,Apparel,2026-08-18,2026-08-21,08/20/2026, Shipped,11
WO0008009,Northeast-1,Office Supplies,2026-08-18,2026-08-20,08/19/2026,Shipped,1
WO0008010,Midwest-2,Office Supplies,2026-08-18,2026-08-21,08/21/2026, Shipped,9
WO0008011,Midwest-2,Office Supplies,08/18/2026,2026-08-19,2026-08-19,SHIPPED,6
WO0008012,Midwest-2,Outdoor,2026-08-18,08/20/2026,2026-08-25,DELAYED,3
WO0008013,South-4,Apparel,2026-08-18,08/20/2026,08/20/2026,SHIPPED,4
WO0008014,Northeast-1,Outdoor,08/18/2026,2026-08-19,08/19/2026,SHIPPED,8
WO0008015,South-4,Home Goods,08/18/2026,2026-08-19,08/19/2026,Shipped,11
WO0008016,West-3,Home Goods,08/18/2026,08/21/2026,2026-08-20, Shipped,9
WO0008017,Northeast-1,Office Supplies,08/18/2026,2026-08-19,08/18/2026,Shipped,9
WO0008018,Northeast-1,Apparel,08/18/2026,2026-08-20,08/20/2026,SHIPPED,5
WO0008019,Northeast-1,Electronics,2026-08-18,2026-08-20,2026-08-19,SHIPPED,10
WO0008020,South-4,Apparel,2026-08-18,08/20/2026,,DELAYED,5
WO0008021,Midwest-2,Office Supplies,08/18/2026,2026-08-20,08/20/2026,shipped,8
WO0008022,Midwest-2,Electronics,08/18/2026,2026-08-19,2026-08-18,SHIPPED,4
WO0008023,South-4,Outdoor,08/18/2026,08/19/2026,2026-08-24,delayed,8
WO0008023,South-4,Outdoor,08/18/2026,08/19/2026,2026-08-24,delayed,8
WO0008024,West-3,Home Goods,2026-08-18,08/21/2026,08/20/2026, Shipped,8
WO0008025,Midwest-2,Electronics,2026-08-18,08/21/2026,2026-08-20,SHIPPED,3
WO0008025,Midwest-2,Electronics,2026-08-18,08/21/2026,2026-08-20,SHIPPED,3
WO0008026,South-4,Outdoor,08/18/2026,08/20/2026,08/20/2026,shipped,11
WO0008027,Northeast-1,Electronics,08/18/2026,2026-08-20,08/19/2026,SHIPPED,2
WO0008028,Midwest-2,Home Goods,08/18/2026,2026-08-20,2026-08-19,SHIPPED,4
WO0008029,Midwest-2,Electronics,2026-08-18,2026-08-21,2026-08-20,shipped,3
WO0008030,West-3,Apparel,08/18/2026,08/19/2026,08/19/2026,shipped,8
WO0008031,Northeast-1,Electronics,2026-08-18,2026-08-19,2026-08-18, Shipped,1
WO0008032,Midwest-2,Outdoor,2026-08-18,08/21/2026,2026-08-21,shipped,7
WO0008033,West-3,Office Supplies,2026-08-18,08/19/2026,2026-08-19,shipped,2
WO0008034,Midwest-2,Electronics,2026-08-18,2026-08-19,08/19/2026,SHIPPED,7
WO0008035,Midwest-2,Apparel,2026-08-18,2026-08-20,2026-08-20, Shipped,11
WO0008036,Midwest-2,Outdoor,2026-08-18,08/19/2026,2026-08-19,Shipped,10
WO0008036,Midwest-2,Outdoor,2026-08-18,08/19/2026,2026-08-19,Shipped,10
WO0008037,Northeast-1,Office Supplies,08/18/2026,08/20/2026,2026-08-20,Shipped,4
WO0008038,West-3,Apparel,08/18/2026,2026-08-19,08/19/2026,SHIPPED,3
WO0008039,Northeast-1,Home Goods,08/18/2026,08/20/2026,08/20/2026, Shipped,6
WO0008039,Northeast-1,Home Goods,08/18/2026,08/20/2026,08/20/2026, Shipped,6
WO0008040,West-3,Apparel,2026-08-18,2026-08-20,08/20/2026, Shipped,10
WO0008041,South-4,Apparel,08/18/2026,2026-08-19,2026-08-18, Shipped,4
WO0008042,Midwest-2,Electronics,2026-08-18,2026-08-21,08/21/2026,SHIPPED,6
WO0008043,South-4,Home Goods,08/18/2026,2026-08-21,08/21/2026,Shipped,7
WO0008044,West-3,Electronics,08/18/2026,2026-08-21,08/20/2026, Shipped,7
WO0008045,West-3,Outdoor,08/18/2026,2026-08-19,2026-08-18, Shipped,1
WO0008046,Northeast-1,Outdoor,2026-08-18,08/20/2026,08/20/2026,SHIPPED,2
WO0008047,West-3,Apparel,2026-08-18,2026-08-20,08/20/2026, Shipped,5
WO0008048,Midwest-2,Home Goods,2026-08-18,08/19/2026,2026-08-18,SHIPPED,2
WO0008049,Northeast-1,Outdoor,08/18/2026,08/21/2026,08/21/2026,Shipped,10
WO0008050,Midwest-2,Home Goods,2026-08-18,2026-08-21,08/20/2026, Shipped,10
WO0008051,South-4,Home Goods,08/18/2026,2026-08-21,2026-08-21, Shipped,11
WO0008052,Northeast-1,Outdoor,2026-08-18,2026-08-21,2026-08-20,Shipped,10
WO0008053,Northeast-1,Electronics,2026-08-18,08/21/2026,08/21/2026,shipped,7
WO0008054,West-3,Apparel,2026-08-18,08/20/2026,08/20/2026, Shipped,3
WO0008055,Midwest-2,Apparel,08/18/2026,2026-08-20,08/20/2026,SHIPPED,4
WO0008056,Northeast-1,Apparel,2026-08-18,08/19/2026,2026-08-19,shipped,1
WO0008057,South-4,Outdoor,08/18/2026,2026-08-19,,delayed,6
WO0008058,Northeast-1,Home Goods,2026-08-18,08/20/2026,2026-08-19, Shipped,8
WO0008059,South-4,Office Supplies,2026-08-18,08/21/2026,08/20/2026,shipped,5
WO0008060,Northeast-1,Apparel,08/18/2026,2026-08-19,08/18/2026,shipped,11
WO0008061,Northeast-1,Outdoor,08/18/2026,08/20/2026,08/19/2026,Shipped,6
WO0008062,West-3,Electronics,08/18/2026,2026-08-21,08/20/2026,shipped,8
WO0008063,Northeast-1,Office Supplies,08/18/2026,08/19/2026,08/19/2026, Shipped,1
WO0008064,Northeast-1,Outdoor,08/18/2026,2026-08-21,08/21/2026,SHIPPED,4
WO0008065,South-4,Electronics,2026-08-18,08/20/2026,2026-08-19,SHIPPED,4
WO0008066,Midwest-2,Office Supplies,08/18/2026,08/20/2026,,cancelled,3
WO0008067,South-4,Office Supplies,08/18/2026,08/21/2026,2026-08-21,shipped,10
WO0008068,South-4,Apparel,08/18/2026,08/21/2026,08/21/2026,Shipped,1
WO0008069,South-4,Outdoor,2026-08-18,08/20/2026,,DELAYED,8
WO0008070,Northeast-1,Apparel,08/18/2026,08/19/2026,2026-08-18,SHIPPED,9
WO0008071,Midwest-2,Outdoor,08/18/2026,2026-08-20,08/20/2026,Shipped,2
WO0008072,West-3,Electronics,2026-08-18,2026-08-20,08/19/2026, Shipped,7
WO0008073,Midwest-2,Outdoor,2026-08-18,2026-08-21,2026-08-21,Shipped,2
WO0008074,South-4,Home Goods,2026-08-18,2026-08-19,08/19/2026,SHIPPED,5
WO0008075,Midwest-2,Home Goods,08/18/2026,08/20/2026,2026-08-19,shipped,6
WO0008076,West-3,Home Goods,08/18/2026,08/21/2026,08/21/2026,shipped,11
WO0008077,South-4,Electronics,2026-08-18,08/19/2026,2026-08-18, Shipped,11
WO0008078,South-4,Apparel,2026-08-18,2026-08-20,,delayed,2
WO0008079,South-4,Electronics,2026-08-18,08/19/2026,08/19/2026,Shipped,9
WO0008080,Northeast-1,Office Supplies,08/18/2026,2026-08-20,08/20/2026, Shipped,7
WO0008081,West-3,Outdoor,2026-08-18,2026-08-21,08/20/2026,shipped,1
WO0008082,Midwest-2,Home Goods,08/18/2026,2026-08-21,08/20/2026, Shipped,10
WO0008083,Midwest-2,Apparel,08/18/2026,08/21/2026,2026-08-20, Shipped,7
WO0008084,West-3,Electronics,08/18/2026,08/21/2026,2026-08-21,Shipped,2
WO0008085,Northeast-1,Office Supplies,2026-08-18,2026-08-20,08/20/2026, Shipped,4
WO0008086,South-4,Home Goods,08/18/2026,08/21/2026,08/20/2026, Shipped,7
WO0008087,Northeast-1,Office Supplies,08/18/2026,2026-08-19,2026-08-19, Shipped,3
WO0008088,Northeast-1,Office Supplies,08/18/2026,2026-08-21,08/21/2026,SHIPPED,11
WO0008089,Northeast-1,Office Supplies,08/18/2026,2026-08-21,08/21/2026,SHIPPED,-1
WO0008090,South-4,Electronics,08/18/2026,08/20/2026,08/19/2026,shipped,6
WO0008091,Midwest-2,Home Goods,2026-08-18,2026-08-21,08/21/2026,shipped,7
WO0008092,Midwest-2,Apparel,2026-08-18,2026-08-21,2026-08-21,SHIPPED,5
WO0008093,Midwest-2,Apparel,08/18/2026,2026-08-19,2026-08-19, Shipped,2
WO0008094,South-4,Home Goods,2026-08-18,2026-08-19,08/18/2026,shipped,10
WO0008095,Midwest-2,Outdoor,2026-08-18,2026-08-20,,DELAYED,6
WO0008096,Northeast-1,Outdoor,2026-08-18,08/21/2026,2026-08-20,shipped,3
WO0008097,West-3,Home Goods,08/18/2026,2026-08-19,2026-08-18,shipped,7
WO0008098,South-4,Outdoor,08/18/2026,2026-08-20,08/19/2026,SHIPPED,6
WO0008099,West-3,Apparel,2026-08-18,08/19/2026,08/18/2026,SHIPPED,8
WO0008100,Northeast-1,Apparel,08/18/2026,2026-08-20,2026-08-19, Shipped,3
WO0008101,West-3,Electronics,2026-08-18,08/19/2026,2026-08-19,Shipped,4
WO0008102,Midwest-2,Apparel,08/18/2026,2026-08-20,08/20/2026,shipped,3
WO0008103,South-4,Outdoor,2026-08-18,2026-08-20,2026-08-19,SHIPPED,6
WO0008104,South-4,Home Goods,2026-08-18,08/20/2026,08/20/2026,Shipped,3
WO0008105,Northeast-1,Office Supplies,08/18/2026,2026-08-21,2026-08-20,shipped,7
WO0008106,Midwest-2,Electronics,08/18/2026,2026-08-19,2026-08-19, Shipped,2
WO0008107,West-3,Home Goods,2026-08-18,2026-08-19,08/19/2026,shipped,3
WO0008108,Northeast-1,Home Goods,08/18/2026,08/21/2026,2026-08-20,SHIPPED,1
WO0008109,West-3,Electronics,2026-08-18,08/20/2026,2026-08-19,shipped,2
WO0008110,West-3,Outdoor,08/18/2026,2026-08-19,08/19/2026, Shipped,8
WO0008111,Northeast-1,Outdoor,08/18/2026,08/21/2026,08/21/2026,shipped,9
WO0008112,West-3,Electronics,2026-08-18,08/21/2026,08/21/2026,Shipped,10
WO0008113,West-3,Apparel,2026-08-18,08/21/2026,08/20/2026, Shipped,2
WO0008114,Northeast-1,Apparel,08/18/2026,2026-08-20,08/19/2026,shipped,9
WO0008114,Northeast-1,Apparel,08/18/2026,2026-08-20,08/19/2026,shipped,9
WO0008115,Northeast-1,Apparel,08/18/2026,2026-08-19,08/18/2026,SHIPPED,8
WO0008116,Midwest-2,Electronics,08/18/2026,08/20/2026,08/20/2026,shipped,9
WO0008117,Northeast-1,Outdoor,2026-08-18,2026-08-20,2026-08-20,shipped,5
WO0008118,Northeast-1,Apparel,08/18/2026,08/21/2026,2026-08-20,Shipped,8
WO0008119,West-3,Electronics,08/18/2026,08/19/2026,08/19/2026,SHIPPED,1
WO0008120,Midwest-2,Apparel,2026-08-18,08/21/2026,2026-08-20,Shipped,6
WO0008121,South-4,Apparel,2026-08-18,08/19/2026,2026-08-18, Shipped,5
WO0008122,Northeast-1,Office Supplies,2026-08-18,2026-08-21,08/21/2026, Shipped,8
WO0008123,Midwest-2,Office Supplies,2026-08-18,2026-08-21,2026-08-21,SHIPPED,4
WO0008124,Northeast-1,Home Goods,08/18/2026,08/19/2026,08/19/2026, Shipped,7
WO0008125,West-3,Outdoor,08/18/2026,2026-08-21,08/20/2026,Shipped,5
WO0008125,West-3,Outdoor,08/18/2026,2026-08-21,08/20/2026,Shipped,5
WO0008126,West-3,Apparel,2026-08-18,2026-08-19,2026-08-19, Shipped,8
WO0008127,Northeast-1,Office Supplies,08/18/2026,2026-08-21,2026-08-21, Shipped,7
WO0008128,Northeast-1,Office Supplies,2026-08-18,08/19/2026,2026-08-19,Shipped,2
WO0008129,Midwest-2,Home Goods,2026-08-18,08/19/2026,08/19/2026,SHIPPED,10
WO0008130,Northeast-1,Outdoor,2026-08-18,08/21/2026,08/21/2026,shipped,5
WO0008131,Northeast-1,Electronics,08/19/2026,2026-08-20,2026-08-20,shipped,10
WO0008131,Northeast-1,Electronics,08/19/2026,2026-08-20,2026-08-20,shipped,10
WO0008132,South-4,Electronics,2026-08-19,08/22/2026,08/21/2026,SHIPPED,8
WO0008133,South-4,Electronics,08/19/2026,08/22/2026,,Delayed,8
WO0008134,West-3,Outdoor,2026-08-19,08/22/2026,08/21/2026, Shipped,8
WO0008135,West-3,Office Supplies,2026-08-19,2026-08-21,2026-08-20,SHIPPED,6
WO0008136,South-4,Home Goods,08/19/2026,2026-08-22,2026-08-21,Shipped,7
WO0008137,South-4,Office Supplies,2026-08-19,08/22/2026,08/22/2026,Shipped,7
WO0008138,Northeast-1,Electronics,2026-08-19,2026-08-22,08/21/2026,SHIPPED,7
WO0008139,West-3,Electronics,2026-08-19,2026-08-22,08/21/2026,Shipped,6
WO0008140,West-3,Home Goods,08/19/2026,2026-08-20,2026-08-20, Shipped,10
WO0008141,Northeast-1,Office Supplies,2026-08-19,2026-08-22,08/21/2026,shipped,2
WO0008142,Midwest-2,Office Supplies,08/19/2026,2026-08-22,2026-08-22,Shipped,4
WO0008143,South-4,Electronics,08/19/2026,08/21/2026,08/22/2026,Delayed,4
WO0008144,Midwest-2,Outdoor,08/19/2026,08/21/2026,,Delayed,4
WO0008145,West-3,Office Supplies,08/19/2026,08/20/2026,08/20/2026,Shipped,9
WO0008146,Northeast-1,Electronics,08/19/2026,08/20/2026,08/23/2026,DELAYED,5
WO0008147,Northeast-1,Outdoor,08/19/2026,2026-08-21,08/20/2026,Shipped,1
WO0008148,West-3,Apparel,08/19/2026,2026-08-20,08/19/2026,Shipped,5
WO0008149,Midwest-2,Electronics,08/19/2026,08/21/2026,2026-08-21, Shipped,8
WO0008150,South-4,Home Goods,2026-08-19,2026-08-20,2026-08-20,SHIPPED,4
WO0008151,Northeast-1,Home Goods,08/19/2026,2026-08-22,08/21/2026,SHIPPED,9
WO0008152,Northeast-1,Home Goods,2026-08-19,2026-08-21,08/20/2026,Shipped,3
WO0008153,West-3,Home Goods,2026-08-19,08/21/2026,2026-08-21, Shipped,4
WO0008154,Northeast-1,Office Supplies,08/19/2026,2026-08-22,2026-08-21, Shipped,10
WO0008155,West-3,Outdoor,2026-08-19,08/22/2026,08/21/2026,Shipped,10
WO0008156,West-3,Office Supplies,08/19/2026,08/22/2026,08/21/2026,Shipped,8
WO0008157,South-4,Apparel,2026-08-19,08/22/2026,08/22/2026, Shipped,11
WO0008158,South-4,Office Supplies,08/19/2026,2026-08-22,08/21/2026,Shipped,5
WO0008159,West-3,Outdoor,2026-08-19,2026-08-21,2026-08-21,Shipped,6
WO0008160,Midwest-2,Electronics,2026-08-19,08/21/2026,2026-08-21,SHIPPED,3
WO0008161,Northeast-1,Office Supplies,2026-08-19,2026-08-22,2026-08-22,shipped,9
WO0008162,Midwest-2,Apparel,08/19/2026,08/20/2026,2026-08-20,SHIPPED,1
WO0008162,Midwest-2,Apparel,08/19/2026,08/20/2026,2026-08-20,SHIPPED,1
WO0008163,South-4,Outdoor,08/19/2026,2026-08-21,08/20/2026,SHIPPED,8
WO0008164,Midwest-2,Outdoor,08/19/2026,2026-08-20,08/19/2026,SHIPPED,4
WO0008165,Midwest-2,Electronics,08/19/2026,08/21/2026,08/21/2026, Shipped,1
WO0008166,West-3,Office Supplies,08/19/2026,2026-08-21,2026-08-21,SHIPPED,11
WO0008167,Midwest-2,Office Supplies,08/19/2026,2026-08-22,08/21/2026,SHIPPED,6
WO0008168,South-4,Apparel,08/19/2026,08/21/2026,2026-08-21,Shipped,11
WO0008169,Northeast-1,Home Goods,2026-08-19,2026-08-21,08/20/2026, Shipped,4
WO0008170,South-4,Outdoor,2026-08-19,2026-08-22,08/22/2026,shipped,9
WO0008171,,Outdoor,2026-08-19,2026-08-22,08/22/2026,shipped,9
WO0008172,South-4,Apparel,2026-08-19,2026-08-20,2026-08-22,DELAYED,8
WO0008173,South-4,Apparel,2026-08-19,08/22/2026,2026-08-22,shipped,5
WO0008174,Midwest-2,Home Goods,08/19/2026,08/21/2026,08/20/2026,Shipped,8
WO0008175,Midwest-2,Office Supplies,08/19/2026,2026-08-20,2026-08-19,shipped,11
WO0008176,,Office Supplies,08/19/2026,2026-08-20,2026-08-19,shipped,11
WO0008177,Northeast-1,Apparel,08/19/2026,08/22/2026,2026-08-22,shipped,1
WO0008178,West-3,Apparel,2026-08-19,08/21/2026,2026-08-20, Shipped,11
WO0008179,West-3,Home Goods,2026-08-19,2026-08-22,08/21/2026,SHIPPED,7
WO0008180,Midwest-2,Office Supplies,08/19/2026,08/22/2026,2026-08-21,shipped,8
WO0008181,Midwest-2,Outdoor,08/19/2026,08/21/2026,08/20/2026,Shipped,4
WO0008182,South-4,Apparel,08/19/2026,2026-08-21,2026-08-20,shipped,1
WO0008183,Midwest-2,Outdoor,08/19/2026,2026-08-21,2026-08-20,SHIPPED,5
WO0008184,West-3,Apparel,2026-08-19,2026-08-22,2026-08-21,shipped,10
WO0008185,Northeast-1,Outdoor,08/19/2026,08/20/2026,2026-08-20, Shipped,9
WO0008186,Midwest-2,Office Supplies,2026-08-19,08/22/2026,08/21/2026,shipped,9
WO0008187,Midwest-2,Home Goods,2026-08-19,08/20/2026,08/20/2026,Shipped,4
WO0008188,Midwest-2,Home Goods,2026-08-19,2026-08-21,2026-08-21,Shipped,2
WO0008189,Midwest-2,Office Supplies,08/19/2026,08/20/2026,08/20/2026, Shipped,4
WO0008190,West-3,Apparel,2026-08-19,08/20/2026,2026-08-20,Shipped,1
WO0008191,South-4,Office Supplies,08/19/2026,08/21/2026,08/21/2026,SHIPPED,2
WO0008192,Northeast-1,Electronics,2026-08-19,08/22/2026,2026-08-22, Shipped,3
WO0008193,Midwest-2,Home Goods,08/19/2026,08/21/2026,2026-08-21, Shipped,9
WO0008194,West-3,Office Supplies,08/19/2026,2026-08-22,2026-08-21,shipped,1
WO0008195,Midwest-2,Outdoor,2026-08-19,08/21/2026,08/20/2026,Shipped,4
WO0008196,Midwest-2,Office Supplies,2026-08-19,08/22/2026,2026-08-21,Shipped,5
WO0008197,West-3,Home Goods,08/19/2026,2026-08-21,,Delayed,5
WO0008198,Midwest-2,Office Supplies,08/19/2026,08/20/2026,2026-08-19,Shipped,3
WO0008199,Northeast-1,Outdoor,2026-08-19,2026-08-20,08/20/2026,shipped,4
WO0008200,South-4,Office Supplies,08/19/2026,2026-08-21,,delayed,6
WO0008201,Northeast-1,Home Goods,2026-08-19,08/20/2026,08/19/2026,SHIPPED,8
WO0008202,West-3,Office Supplies,2026-08-19,2026-08-21,2026-08-20,shipped,6
WO0008203,West-3,Electronics,08/19/2026,2026-08-22,08/22/2026,SHIPPED,7
WO0008204,Midwest-2,Home Goods,2026-08-19,2026-08-20,08/20/2026, Shipped,11
WO0008205,West-3,Electronics,2026-08-19,08/20/2026,08/20/2026,shipped,1
WO0008206,South-4,Apparel,08/19/2026,2026-08-21,08/21/2026,Shipped,5
WO0008207,South-4,Office Supplies,08/19/2026,08/22/2026,2026-08-22,SHIPPED,4
WO0008208,Midwest-2,Home Goods,08/19/2026,08/20/2026,08/19/2026,Shipped,10
WO0008209,Midwest-2,Home Goods,2026-08-19,2026-08-20,2026-08-20,shipped,8
WO0008210,West-3,Electronics,08/19/2026,2026-08-22,08/21/2026,Shipped,2
WO0008211,West-3,Office Supplies,08/19/2026,08/20/2026,08/19/2026,Shipped,4
WO0008212,South-4,Office Supplies,2026-08-19,08/20/2026,2026-08-20,SHIPPED,8
WO0008213,Midwest-2,Apparel,08/19/2026,2026-08-21,08/20/2026,SHIPPED,11
WO0008214,Midwest-2,Home Goods,08/19/2026,2026-08-22,2026-08-21,shipped,11
WO0008215,West-3,Home Goods,2026-08-19,2026-08-21,2026-08-20,SHIPPED,8
WO0008216,,Home Goods,2026-08-19,2026-08-21,2026-08-20,SHIPPED,8
WO0008217,South-4,Home Goods,08/19/2026,08/22/2026,08/22/2026,shipped,3
WO0008218,South-4,Outdoor,2026-08-19,08/21/2026,2026-08-21,shipped,9
WO0008219,West-3,Office Supplies,08/19/2026,08/21/2026,2026-08-21,SHIPPED,4
WO0008220,Northeast-1,Home Goods,08/19/2026,2026-08-21,08/20/2026,SHIPPED,5
WO0008221,West-3,Home Goods,2026-08-19,08/22/2026,08/22/2026, Shipped,3
WO0008222,South-4,Office Supplies,08/19/2026,08/21/2026,08/21/2026, Shipped,5
WO0008223,Northeast-1,Apparel,08/19/2026,2026-08-22,08/21/2026, Shipped,9
WO0008224,Northeast-1,Office Supplies,2026-08-19,2026-08-20,2026-08-19,Shipped,10
WO0008225,Northeast-1,Apparel,2026-08-19,2026-08-22,08/21/2026, Shipped,10
WO0008226,West-3,Outdoor,08/19/2026,2026-08-20,08/19/2026,shipped,11
WO0008227,Midwest-2,Home Goods,08/19/2026,2026-08-21,2026-08-20, Shipped,2
WO0008228,West-3,Office Supplies,08/19/2026,2026-08-22,2026-08-22,shipped,10
WO0008229,Midwest-2,Electronics,2026-08-19,08/20/2026,2026-08-19, Shipped,11
WO0008230,West-3,Apparel,08/19/2026,2026-08-21,2026-08-21,shipped,2
WO0008231,West-3,Apparel,08/19/2026,2026-08-21,2026-08-20,Shipped,4
WO0008232,Midwest-2,Office Supplies,2026-08-19,08/20/2026,2026-08-19,Shipped,8
WO0008233,West-3,Outdoor,08/19/2026,08/20/2026,,DELAYED,11
WO0008234,Midwest-2,Office Supplies,2026-08-19,08/21/2026,08/20/2026,shipped,2
WO0008235,South-4,Outdoor,2026-08-19,08/20/2026,08/20/2026,shipped,4
WO0008236,Midwest-2,Home Goods,2026-08-19,2026-08-22,,delayed,10
WO0008237,West-3,Office Supplies,2026-08-19,2026-08-21,,delayed,8
WO0008238,West-3,Outdoor,2026-08-19,2026-08-20,2026-08-19, Shipped,8
WO0008239,West-3,Home Goods,08/19/2026,2026-08-21,08/20/2026,SHIPPED,9
WO0008240,Northeast-1,Office Supplies,08/19/2026,2026-08-21,08/20/2026, Shipped,3
WO0008241,Northeast-1,Electronics,08/19/2026,08/22/2026,2026-08-21,SHIPPED,8
WO0008242,South-4,Apparel,08/19/2026,08/22/2026,2026-08-22,SHIPPED,11
WO0008243,Northeast-1,Electronics,2026-08-19,2026-08-21,08/20/2026,SHIPPED,2
WO0008244,South-4,Office Supplies,08/19/2026,2026-08-20,08/19/2026, Shipped,6
WO0008245,South-4,Office Supplies,2026-08-19,2026-08-22,2026-08-21,Shipped,9
WO0008246,West-3,Home Goods,2026-08-19,2026-08-20,08/19/2026,shipped,11
WO0008247,Midwest-2,Home Goods,2026-08-19,2026-08-20,08/21/2026,Delayed,3
WO0008248,South-4,Outdoor,08/19/2026,08/22/2026,2026-08-22,SHIPPED,3
WO0008249,Northeast-1,Apparel,2026-08-19,2026-08-20,2026-08-19,SHIPPED,11
WO0008250,Midwest-2,Office Supplies,2026-08-19,08/21/2026,2026-08-21,shipped,4
WO0008251,West-3,Apparel,08/19/2026,2026-08-21,08/20/2026, Shipped,4
WO0008252,West-3,Electronics,08/19/2026,2026-08-22,08/22/2026,shipped,11
WO0008253,South-4,Home Goods,08/19/2026,08/21/2026,08/21/2026,shipped,11
WO0008254,Midwest-2,Apparel,2026-08-19,08/21/2026,08/20/2026, Shipped,11
WO0008255,West-3,Home Goods,08/19/2026,08/20/2026,08/19/2026, Shipped,6
WO0008256,Northeast-1,Outdoor,2026-08-19,2026-08-20,2026-08-19,shipped,6
WO0008257,West-3,Office Supplies,08/19/2026,2026-08-21,2026-08-20, Shipped,2
WO0008258,West-3,Apparel,2026-08-19,2026-08-20,,delayed,7
WO0008258,West-3,Apparel,2026-08-19,2026-08-20,,delayed,7
WO0008259,Midwest-2,Apparel,2026-08-19,08/20/2026,2026-08-20, Shipped,7
WO0008260,South-4,Apparel,08/19/2026,2026-08-20,08/20/2026,Shipped,9
WO0008261,West-3,Outdoor,2026-08-19,08/20/2026,08/20/2026,shipped,3
WO0008262,South-4,Home Goods,2026-08-19,2026-08-22,2026-08-22,shipped,2
WO0008263,Midwest-2,Home Goods,2026-08-19,08/21/2026,2026-08-20,shipped,2
WO0008264,South-4,Home Goods,2026-08-19,2026-08-22,,cancelled,1
WO0008265,West-3,Outdoor,2026-08-19,2026-08-21,2026-08-21,shipped,4
WO0008266,Midwest-2,Home Goods,2026-08-19,2026-08-20,08/20/2026,shipped,8
WO0008267,West-3,Outdoor,2026-08-19,08/21/2026,2026-08-21,Shipped,6
WO0008268,Northeast-1,Electronics,2026-08-19,2026-08-20,08/20/2026,SHIPPED,11
WO0008269,Midwest-2,Outdoor,08/19/2026,2026-08-20,,DELAYED,9
WO0008270,West-3,Outdoor,08/20/2026,2026-08-23,2026-08-23,Shipped,9
WO0008271,Northeast-1,Electronics,08/20/2026,2026-08-23,2026-08-23, Shipped,5
WO0008272,Midwest-2,Office Supplies,2026-08-20,08/21/2026,2026-08-21,shipped,2
WO0008273,Midwest-2,Apparel,08/20/2026,2026-08-23,,Delayed,5
WO0008274,West-3,Apparel,2026-08-20,08/22/2026,08/22/2026,SHIPPED,4
WO0008275,South-4,Home Goods,2026-08-20,08/21/2026,08/21/2026,Shipped,7
WO0008276,South-4,Home Goods,08/20/2026,2026-08-23,08/22/2026, Shipped,10
WO0008277,South-4,Apparel,2026-08-20,08/21/2026,2026-08-21, Shipped,4
WO0008278,Northeast-1,Outdoor,2026-08-20,08/21/2026,,Delayed,9
WO0008279,West-3,Apparel,08/20/2026,2026-08-23,2026-08-23,SHIPPED,4
WO0008280,South-4,Office Supplies,2026-08-20,08/22/2026,2026-08-21, Shipped,7
WO0008281,Midwest-2,Electronics,08/20/2026,08/21/2026,08/21/2026,Shipped,7
WO0008282,Northeast-1,Office Supplies,2026-08-20,2026-08-23,08/22/2026,shipped,2
WO0008283,West-3,Office Supplies,08/20/2026,08/22/2026,2026-08-22, Shipped,2
WO0008284,Midwest-2,Electronics,2026-08-20,08/23/2026,2026-08-22,SHIPPED,9
WO0008285,Northeast-1,Home Goods,2026-08-20,2026-08-22,,Delayed,9
WO0008286,Midwest-2,Electronics,08/20/2026,2026-08-22,2026-08-22, Shipped,6
WO0008287,Northeast-1,Electronics,08/20/2026,08/21/2026,08/21/2026,SHIPPED,1
WO0008288,West-3,Outdoor,2026-08-20,2026-08-23,2026-08-23,SHIPPED,4
WO0008289,Midwest-2,Outdoor,08/20/2026,2026-08-22,08/22/2026, Shipped,9
WO0008290,West-3,Office Supplies,08/20/2026,08/23/2026,,Canceled,7
WO0008291,Midwest-2,Office Supplies,2026-08-20,08/21/2026,08/20/2026,shipped,5
WO0008292,Midwest-2,Office Supplies,08/20/2026,08/22/2026,2026-08-21,Shipped,1
WO0008293,Midwest-2,Electronics,2026-08-20,2026-08-21,2026-08-20, Shipped,4
WO0008294,Midwest-2,Office Supplies,08/20/2026,08/22/2026,08/22/2026,Shipped,4
WO0008295,South-4,Apparel,2026-08-20,08/22/2026,08/21/2026,Shipped,8
WO0008296,Northeast-1,Home Goods,2026-08-20,2026-08-22,08/21/2026,Shipped,2
WO0008297,West-3,Outdoor,08/20/2026,08/23/2026,2026-08-23,shipped,6
WO0008298,Northeast-1,Electronics,08/20/2026,2026-08-22,2026-08-22,shipped,7
WO0008299,Northeast-1,Electronics,2026-08-20,2026-08-22,08/21/2026,Shipped,9
WO0008300,South-4,Office Supplies,2026-08-20,08/23/2026,2026-08-23,SHIPPED,11
WO0008301,South-4,Office Supplies,08/20/2026,2026-08-23,08/22/2026,shipped,9
WO0008302,West-3,Apparel,08/20/2026,08/22/2026,2026-08-22,Shipped,3
WO0008303,,Apparel,08/20/2026,08/22/2026,2026-08-22,Shipped,3
WO0008304,West-3,Home Goods,08/20/2026,08/22/2026,2026-08-22,Shipped,1
WO0008305,West-3,Office Supplies,08/20/2026,08/23/2026,2026-08-23, Shipped,5
WO0008306,West-3,Office Supplies,2026-08-20,08/22/2026,08/22/2026,shipped,11
WO0008307,South-4,Electronics,08/20/2026,2026-08-21,2026-08-21, Shipped,7
WO0008308,Midwest-2,Apparel,08/20/2026,2026-08-21,2026-08-21,shipped,5
WO0008309,Midwest-2,Electronics,08/20/2026,2026-08-23,08/23/2026, Shipped,9
WO0008310,Midwest-2,Outdoor,08/20/2026,2026-08-21,08/20/2026, Shipped,5
WO0008311,South-4,Electronics,2026-08-20,2026-08-23,,DELAYED,1
WO0008312,West-3,Office Supplies,08/20/2026,2026-08-21,2026-08-21, Shipped,5
WO0008313,Midwest-2,Electronics,2026-08-20,2026-08-21,2026-08-20, Shipped,8
WO0008314,West-3,Home Goods,08/20/2026,08/21/2026,2026-08-20,Shipped,1
WO0008315,Midwest-2,Outdoor,2026-08-20,2026-08-23,2026-08-23,shipped,6
WO0008316,Midwest-2,Outdoor,2026-08-20,08/21/2026,2026-08-20,SHIPPED,3
WO0008317,Midwest-2,Outdoor,2026-08-20,2026-08-23,,Cancelled,4
WO0008318,West-3,Electronics,08/20/2026,2026-08-21,08/20/2026,Shipped,3
WO0008319,South-4,Home Goods,08/20/2026,2026-08-22,08/21/2026,shipped,10
WO0008320,Northeast-1,Home Goods,2026-08-20,08/22/2026,2026-08-21,Shipped,4
WO0008321,South-4,Home Goods,2026-08-20,2026-08-21,2026-08-21,Shipped,2
WO0008322,Midwest-2,Office Supplies,08/20/2026,2026-08-22,08/22/2026,shipped,2
WO0008323,Midwest-2,Outdoor,2026-08-20,08/21/2026,08/20/2026, Shipped,6
WO0008324,South-4,Home Goods,2026-08-20,08/22/2026,2026-08-22,SHIPPED,4
WO0008324,South-4,Home Goods,2026-08-20,08/22/2026,2026-08-22,SHIPPED,4
WO0008325,Northeast-1,Outdoor,2026-08-20,08/22/2026,08/22/2026,Shipped,5
WO0008326,West-3,Outdoor,08/20/2026,2026-08-23,,cancelled,4
WO0008327,West-3,Electronics,2026-08-20,08/22/2026,2026-08-22,shipped,8
WO0008328,South-4,Home Goods,08/20/2026,2026-08-22,08/22/2026, Shipped,7
WO0008329,Northeast-1,Electronics,08/20/2026,08/23/2026,08/23/2026, Shipped,7
WO0008330,Midwest-2,Apparel,08/20/2026,2026-08-23,2026-08-23, Shipped,4
WO0008331,Midwest-2,Home Goods,08/20/2026,08/22/2026,08/21/2026, Shipped,1
WO0008332,South-4,Outdoor,2026-08-20,08/23/2026,,Delayed,5
WO0008333,Midwest-2,Outdoor,2026-08-20,08/21/2026,08/21/2026,Shipped,4
WO0008334,Northeast-1,Home Goods,2026-08-20,08/23/2026,2026-08-23,shipped,10
WO0008335,South-4,Electronics,2026-08-20,2026-08-22,2026-08-21, Shipped,8
WO0008335,South-4,Electronics,2026-08-20,2026-08-22,2026-08-21, Shipped,8
WO0008336,West-3,Electronics,08/20/2026,2026-08-21,2026-08-21,shipped,10
WO0008337,West-3,Outdoor,2026-08-20,2026-08-21,08/21/2026,Shipped,10
WO0008338,South-4,Outdoor,2026-08-20,2026-08-23,08/23/2026,SHIPPED,6
WO0008339,Northeast-1,Outdoor,2026-08-20,2026-08-23,08/23/2026,shipped,6
WO0008340,South-4,Home Goods,2026-08-20,2026-08-21,2026-08-20, Shipped,1
WO0008341,Northeast-1,Outdoor,2026-08-20,08/23/2026,2026-08-23,SHIPPED,10
WO0008342,Midwest-2,Electronics,08/20/2026,2026-08-21,08/20/2026,Shipped,10
WO0008343,Midwest-2,Electronics,08/20/2026,2026-08-21,08/20/2026,shipped,5
WO0008344,West-3,Electronics,08/20/2026,2026-08-23,2026-08-25,DELAYED,3
WO0008345,West-3,Home Goods,2026-08-20,2026-08-23,2026-08-23,SHIPPED,3
WO0008346,Midwest-2,Apparel,08/20/2026,2026-08-22,2026-08-21,Shipped,8
WO0008347,Midwest-2,Outdoor,2026-08-20,08/23/2026,2026-08-23,SHIPPED,11
WO0008348,Midwest-2,Home Goods,08/20/2026,08/21/2026,2026-08-20,SHIPPED,9
WO0008349,,Home Goods,08/20/2026,08/21/2026,2026-08-20,SHIPPED,9
WO0008350,West-3,Apparel,2026-08-20,2026-08-23,2026-08-23,Shipped,5
WO0008351,Midwest-2,Electronics,2026-08-20,2026-08-23,2026-08-23,shipped,5
WO0008352,Northeast-1,Electronics,08/20/2026,08/22/2026,2026-08-21,Shipped,2
WO0008353,South-4,Office Supplies,08/20/2026,2026-08-22,08/21/2026,Shipped,11
WO0008354,Midwest-2,Apparel,08/20/2026,08/21/2026,08/20/2026,SHIPPED,7
WO0008355,Northeast-1,Apparel,2026-08-20,2026-08-22,2026-08-22,shipped,5
WO0008356,South-4,Outdoor,2026-08-20,08/22/2026,2026-08-22,shipped,10
WO0008357,Northeast-1,Home Goods,08/20/2026,2026-08-21,08/20/2026,shipped,10
WO0008358,Midwest-2,Office Supplies,2026-08-20,08/23/2026,2026-08-22,SHIPPED,3
WO0008359,South-4,Apparel,08/20/2026,08/23/2026,08/23/2026,SHIPPED,2
WO0008360,Northeast-1,Outdoor,2026-08-20,08/21/2026,2026-08-21, Shipped,4
WO0008361,Northeast-1,Electronics,2026-08-20,08/21/2026,08/21/2026,shipped,4
WO0008362,Northeast-1,Office Supplies,2026-08-20,2026-08-23,2026-08-23,SHIPPED,9
WO0008363,Northeast-1,Office Supplies,2026-08-20,2026-08-23,2026-08-23,SHIPPED,-1
WO0008364,Northeast-1,Office Supplies,08/20/2026,08/22/2026,08/22/2026,Shipped,11
WO0008365,West-3,Electronics,08/20/2026,2026-08-22,08/22/2026,Shipped,7
WO0008366,Midwest-2,Home Goods,08/20/2026,2026-08-23,2026-08-23,SHIPPED,9
WO0008367,Midwest-2,Office Supplies,2026-08-20,08/21/2026,08/21/2026,SHIPPED,1
WO0008368,West-3,Office Supplies,2026-08-20,2026-08-22,08/21/2026, Shipped,10
WO0008369,West-3,Apparel,2026-08-20,08/22/2026,2026-08-21,Shipped,10
WO0008370,West-3,Electronics,2026-08-20,08/23/2026,08/23/2026,SHIPPED,10
WO0008371,Midwest-2,Home Goods,08/20/2026,08/21/2026,2026-08-21,SHIPPED,3
WO0008372,Midwest-2,Office Supplies,08/20/2026,08/21/2026,08/20/2026,SHIPPED,6
WO0008373,West-3,Outdoor,08/20/2026,08/22/2026,08/21/2026,SHIPPED,3
WO0008374,South-4,Outdoor,08/20/2026,08/21/2026,08/21/2026,Shipped,11
WO0008375,Midwest-2,Outdoor,2026-08-20,08/21/2026,08/20/2026,shipped,5
WO0008376,West-3,Apparel,08/20/2026,08/23/2026,08/23/2026, Shipped,1
WO0008377,South-4,Home Goods,08/20/2026,2026-08-21,08/21/2026,SHIPPED,8
WO0008378,West-3,Outdoor,2026-08-20,2026-08-21,08/20/2026,Shipped,1
WO0008379,Northeast-1,Home Goods,2026-08-20,2026-08-21,08/20/2026,Shipped,5
WO0008380,Northeast-1,Home Goods,2026-08-20,2026-08-22,08/21/2026,SHIPPED,1
WO0008381,West-3,Apparel,08/20/2026,2026-08-22,08/21/2026,shipped,11
WO0008382,West-3,Outdoor,2026-08-20,2026-08-23,08/23/2026,Shipped,1
WO0008383,Northeast-1,Electronics,08/20/2026,08/22/2026,08/22/2026,Shipped,9
WO0008384,,Electronics,08/20/2026,08/22/2026,08/22/2026,Shipped,9
WO0008385,West-3,Electronics,2026-08-20,2026-08-23,2026-08-22,shipped,3
WO0008386,South-4,Office Supplies,08/20/2026,2026-08-22,08/22/2026,Shipped,9
WO0008387,South-4,Office Supplies,08/20/2026,08/22/2026,08/21/2026,Shipped,3
WO0008388,South-4,Office Supplies,2026-08-20,08/21/2026,2026-08-20,SHIPPED,8
WO0008389,Midwest-2,Apparel,08/20/2026,08/22/2026,2026-08-21, Shipped,4
WO0008390,Midwest-2,Outdoor,2026-08-20,2026-08-23,2026-08-23,shipped,4
WO0008391,South-4,Home Goods,08/20/2026,08/23/2026,2026-08-22,Shipped,8
WO0008391,South-4,Home Goods,08/20/2026,08/23/2026,2026-08-22,Shipped,8
WO0008392,West-3,Home Goods,2026-08-20,2026-08-21,08/20/2026,shipped,3
WO0008393,Northeast-1,Home Goods,08/20/2026,08/23/2026,2026-08-23, Shipped,3
WO0008394,Northeast-1,Home Goods,2026-08-20,08/21/2026,2026-08-20,Shipped,8
WO0008395,Midwest-2,Home Goods,2026-08-20,2026-08-21,2026-08-21, Shipped,10
WO0008396,West-3,Outdoor,08/20/2026,08/23/2026,08/22/2026,Shipped,9
WO0008397,West-3,Home Goods,2026-08-20,08/23/2026,2026-08-23,shipped,10
WO0008398,West-3,Apparel,08/20/2026,2026-08-23,08/22/2026,shipped,1
WO0008399,Northeast-1,Office Supplies,2026-08-20,2026-08-21,2026-08-20,shipped,5
WO0008400,West-3,Outdoor,08/20/2026,2026-08-23,2026-08-23, Shipped,3
WO0008401,Midwest-2,Office Supplies,2026-08-20,08/23/2026,2026-08-22, Shipped,10
WO0008402,Northeast-1,Electronics,2026-08-20,2026-08-22,08/22/2026,SHIPPED,1
WO0008402,Northeast-1,Electronics,2026-08-20,2026-08-22,08/22/2026,SHIPPED,1
WO0008403,Northeast-1,Home Goods,08/20/2026,2026-08-22,08/22/2026,SHIPPED,11
WO0008404,South-4,Home Goods,2026-08-20,08/21/2026,08/21/2026, Shipped,6
WO0008405,West-3,Home Goods,2026-08-21,08/22/2026,08/22/2026, Shipped,5
WO0008406,Northeast-1,Apparel,08/21/2026,2026-08-24,2026-08-24,Shipped,9
WO0008407,Midwest-2,Electronics,08/21/2026,2026-08-23,08/25/2026,delayed,10
WO0008408,Midwest-2,Apparel,08/21/2026,2026-08-22,,DELAYED,8
WO0008409,Northeast-1,Electronics,08/21/2026,2026-08-23,08/23/2026,SHIPPED,10
WO0008410,Northeast-1,Outdoor,2026-08-21,08/24/2026,2026-08-24,Shipped,11
WO0008411,South-4,Home Goods,08/21/2026,08/22/2026,2026-08-22,Shipped,7
WO0008412,Midwest-2,Office Supplies,08/21/2026,2026-08-24,2026-08-23,shipped,7
WO0008413,West-3,Apparel,2026-08-21,2026-08-24,08/24/2026,shipped,6
WO0008414,West-3,Apparel,2026-08-21,2026-08-24,08/24/2026,shipped,-1
WO0008415,Midwest-2,Home Goods,08/21/2026,08/23/2026,2026-08-22,shipped,8
WO0008416,West-3,Apparel,2026-08-21,2026-08-23,,cancelled,3
WO0008417,Northeast-1,Office Supplies,2026-08-21,08/24/2026,2026-08-24,shipped,1
WO0008418,Midwest-2,Electronics,2026-08-21,08/24/2026,08/23/2026,SHIPPED,10
WO0008419,West-3,Apparel,08/21/2026,08/22/2026,08/21/2026,Shipped,6
WO0008420,West-3,Home Goods,2026-08-21,2026-08-23,08/22/2026,shipped,6
WO0008421,Midwest-2,Apparel,2026-08-21,08/22/2026,08/22/2026,SHIPPED,4
WO0008422,West-3,Outdoor,08/21/2026,2026-08-22,08/22/2026,SHIPPED,2
WO0008423,South-4,Apparel,08/21/2026,08/23/2026,08/22/2026,Shipped,6
WO0008424,South-4,Apparel,2026-08-21,08/23/2026,2026-08-23, Shipped,4
WO0008425,Midwest-2,Outdoor,2026-08-21,08/23/2026,08/22/2026,Shipped,5
WO0008426,West-3,Apparel,2026-08-21,08/22/2026,08/22/2026,SHIPPED,1
WO0008427,Northeast-1,Home Goods,2026-08-21,2026-08-22,2026-08-22,shipped,7
WO0008428,South-4,Home Goods,2026-08-21,2026-08-22,08/22/2026,shipped,8
WO0008429,Northeast-1,Home Goods,08/21/2026,08/22/2026,08/22/2026,Shipped,6
WO0008430,South-4,Apparel,08/21/2026,08/23/2026,08/22/2026, Shipped,3
WO0008431,West-3,Outdoor,08/21/2026,08/24/2026,08/23/2026,Shipped,10
WO0008432,Northeast-1,Home Goods,08/21/2026,2026-08-24,2026-08-23,shipped,1
WO0008433,South-4,Outdoor,2026-08-21,2026-08-22,,DELAYED,6
WO0008434,Midwest-2,Office Supplies,2026-08-21,08/22/2026,08/22/2026,Shipped,10
WO0008435,South-4,Home Goods,2026-08-21,2026-08-23,2026-08-22,Shipped,4
WO0008436,South-4,Electronics,2026-08-21,2026-08-23,2026-08-23, Shipped,6
WO0008437,West-3,Outdoor,2026-08-21,08/23/2026,08/23/2026,SHIPPED,5
WO0008438,Northeast-1,Office Supplies,08/21/2026,2026-08-24,08/23/2026,shipped,2
WO0008439,South-4,Apparel,08/21/2026,08/22/2026,08/26/2026,DELAYED,10
WO0008440,West-3,Home Goods,08/21/2026,08/23/2026,2026-08-23,shipped,5
WO0008441,South-4,Outdoor,08/21/2026,08/23/2026,08/22/2026,SHIPPED,3
WO0008442,Midwest-2,Outdoor,08/21/2026,2026-08-24,08/23/2026,shipped,4
WO0008443,South-4,Electronics,08/21/2026,2026-08-23,08/22/2026,Shipped,2
WO0008444,Midwest-2,Home Goods,2026-08-21,08/23/2026,2026-08-22,SHIPPED,6
WO0008445,Midwest-2,Apparel,08/21/2026,2026-08-23,2026-08-23,shipped,2
WO0008446,South-4,Outdoor,2026-08-21,08/23/2026,2026-08-22,Shipped,2
WO0008447,Northeast-1,Electronics,08/21/2026,2026-08-22,08/22/2026, Shipped,1
WO0008448,South-4,Outdoor,2026-08-21,2026-08-24,2026-08-24,shipped,4
WO0008449,Midwest-2,Office Supplies,2026-08-21,2026-08-23,08/22/2026, Shipped,11
WO0008450,Midwest-2,Outdoor,08/21/2026,2026-08-24,2026-08-23, Shipped,10
WO0008451,Northeast-1,Apparel,2026-08-21,2026-08-23,2026-08-22,shipped,1
WO0008452,Midwest-2,Apparel,08/21/2026,08/24/2026,08/24/2026,shipped,9
WO0008453,Midwest-2,Apparel,2026-08-21,08/23/2026,08/22/2026,Shipped,8
WO0008454,West-3,Apparel,2026-08-21,08/24/2026,08/23/2026,SHIPPED,8
WO0008455,Northeast-1,Home Goods,2026-08-21,08/23/2026,08/23/2026,SHIPPED,6
WO0008456,South-4,Office Supplies,2026-08-21,08/24/2026,2026-08-28,delayed,5
WO0008457,Northeast-1,Apparel,08/21/2026,2026-08-24,08/23/2026, Shipped,11
WO0008458,West-3,Home Goods,08/21/2026,08/22/2026,08/22/2026,Shipped,8
WO0008459,South-4,Apparel,08/21/2026,08/22/2026,2026-08-22,shipped,11
WO0008460,South-4,Electronics,2026-08-21,2026-08-22,2026-08-21,Shipped,10
WO0008461,West-3,Apparel,2026-08-21,2026-08-24,08/24/2026,SHIPPED,5
WO0008462,Midwest-2,Outdoor,2026-08-21,2026-08-22,2026-08-22,Shipped,6
WO0008463,West-3,Outdoor,08/21/2026,08/23/2026,2026-08-27,Delayed,5
WO0008464,South-4,Office Supplies,2026-08-21,2026-08-24,2026-08-24,Shipped,7
WO0008465,West-3,Electronics,2026-08-21,08/23/2026,08/23/2026,shipped,9
WO0008466,West-3,Home Goods,08/21/2026,08/22/2026,08/21/2026, Shipped,9
WO0008467,South-4,Office Supplies,2026-08-21,08/22/2026,08/21/2026,shipped,1
WO0008468,Northeast-1,Outdoor,08/21/2026,2026-08-23,2026-08-22,SHIPPED,4
WO0008469,West-3,Apparel,2026-08-21,2026-08-23,2026-08-22,shipped,7
WO0008470,West-3,Outdoor,2026-08-21,2026-08-23,08/22/2026,Shipped,10
WO0008470,West-3,Outdoor,2026-08-21,2026-08-23,08/22/2026,Shipped,10
WO0008471,Midwest-2,Office Supplies,2026-08-21,2026-08-23,2026-08-23,SHIPPED,10
WO0008472,Midwest-2,Apparel,2026-08-21,08/24/2026,08/23/2026, Shipped,1
WO0008473,West-3,Office Supplies,08/21/2026,08/23/2026,08/22/2026, Shipped,9
WO0008474,Midwest-2,Office Supplies,08/21/2026,08/23/2026,2026-08-24,DELAYED,10
WO0008475,Northeast-1,Office Supplies,2026-08-21,08/23/2026,2026-08-23,shipped,8
WO0008476,West-3,Electronics,2026-08-21,2026-08-22,08/21/2026,Shipped,1
WO0008477,Midwest-2,Home Goods,08/21/2026,2026-08-23,2026-08-23, Shipped,8
WO0008478,South-4,Home Goods,08/21/2026,2026-08-22,08/27/2026,DELAYED,8
WO0008479,Northeast-1,Apparel,2026-08-21,2026-08-22,2026-08-21,SHIPPED,3
WO0008480,Midwest-2,Apparel,2026-08-21,2026-08-23,2026-08-22, Shipped,7
WO0008481,West-3,Home Goods,2026-08-21,08/24/2026,2026-08-23,shipped,2
WO0008482,Northeast-1,Outdoor,08/21/2026,2026-08-24,08/24/2026, Shipped,7
WO0008483,South-4,Outdoor,2026-08-21,2026-08-24,08/23/2026,shipped,7
WO0008484,South-4,Electronics,2026-08-21,08/23/2026,2026-08-22,shipped,6
WO0008485,South-4,Electronics,2026-08-21,2026-08-24,2026-08-23,SHIPPED,1
WO0008486,Northeast-1,Outdoor,08/21/2026,2026-08-22,08/22/2026,SHIPPED,8
WO0008487,Midwest-2,Apparel,08/21/2026,2026-08-24,2026-08-23,SHIPPED,7
WO0008488,South-4,Outdoor,2026-08-21,08/24/2026,08/23/2026,SHIPPED,9
WO0008489,South-4,Apparel,08/21/2026,2026-08-23,2026-08-23,Shipped,7
WO0008490,South-4,Home Goods,08/21/2026,2026-08-22,2026-08-21,Shipped,10
WO0008491,West-3,Outdoor,08/21/2026,2026-08-23,08/23/2026,Shipped,5
WO0008492,Northeast-1,Apparel,08/21/2026,08/24/2026,2026-08-24,SHIPPED,8
WO0008493,West-3,Apparel,08/21/2026,08/23/2026,08/22/2026, Shipped,3
WO0008494,West-3,Electronics,08/21/2026,2026-08-23,2026-08-23, Shipped,9
WO0008495,South-4,Electronics,08/21/2026,2026-08-22,2026-08-22,Shipped,8
WO0008496,West-3,Outdoor,2026-08-21,2026-08-23,2026-08-23, Shipped,2
WO0008497,Midwest-2,Office Supplies,08/21/2026,2026-08-22,,Delayed,9
WO0008498,South-4,Electronics,08/21/2026,08/24/2026,2026-08-24,Shipped,5
WO0008499,South-4,Apparel,2026-08-21,08/22/2026,08/22/2026,shipped,2
WO0008500,Midwest-2,Outdoor,2026-08-21,08/23/2026,08/22/2026,Shipped,1
WO0008501,South-4,Apparel,08/21/2026,2026-08-22,08/21/2026,Shipped,6
WO0008502,Midwest-2,Apparel,2026-08-21,2026-08-22,,DELAYED,7
WO0008503,Northeast-1,Outdoor,08/21/2026,08/24/2026,08/23/2026, Shipped,7
WO0008504,Northeast-1,Apparel,2026-08-21,08/23/2026,2026-08-22, Shipped,1
WO0008505,Midwest-2,Electronics,2026-08-21,08/22/2026,08/21/2026,Shipped,9
WO0008506,West-3,Home Goods,2026-08-21,2026-08-22,08/21/2026,shipped,9
WO0008507,West-3,Outdoor,2026-08-21,08/23/2026,2026-08-22,shipped,5
WO0008508,South-4,Office Supplies,08/21/2026,2026-08-23,,cancelled,9
WO0008509,Northeast-1,Home Goods,2026-08-21,2026-08-22,2026-08-21,Shipped,2
WO0008510,,Home Goods,2026-08-21,2026-08-22,2026-08-21,Shipped,2
WO0008511,South-4,Electronics,08/21/2026,2026-08-24,08/24/2026,SHIPPED,6
WO0008512,South-4,Outdoor,08/21/2026,2026-08-24,2026-08-23,Shipped,6
WO0008513,Midwest-2,Outdoor,2026-08-21,2026-08-24,08/24/2026,shipped,10
WO0008514,South-4,Electronics,2026-08-21,08/24/2026,2026-08-23, Shipped,9
WO0008515,Northeast-1,Electronics,2026-08-21,08/24/2026,2026-08-23,SHIPPED,3
WO0008516,South-4,Outdoor,08/21/2026,2026-08-22,08/21/2026,shipped,4
WO0008517,South-4,Apparel,08/21/2026,2026-08-22,2026-08-21,SHIPPED,10
WO0008518,Northeast-1,Outdoor,2026-08-21,2026-08-22,,cancelled,7
WO0008519,South-4,Electronics,2026-08-21,08/23/2026,2026-08-22,shipped,1
WO0008520,West-3,Home Goods,08/21/2026,2026-08-22,2026-08-21,Shipped,7
WO0008521,Midwest-2,Office Supplies,2026-08-21,2026-08-23,08/22/2026,Shipped,3
WO0008522,Midwest-2,Electronics,2026-08-21,08/22/2026,2026-08-21, Shipped,3
WO0008523,Midwest-2,Apparel,2026-08-21,08/22/2026,,DELAYED,8
WO0008524,West-3,Electronics,2026-08-21,08/23/2026,2026-08-22, Shipped,6
WO0008525,South-4,Electronics,2026-08-21,08/23/2026,2026-08-22,Shipped,2
WO0008526,West-3,Office Supplies,08/21/2026,2026-08-22,2026-08-21,SHIPPED,7
WO0008527,South-4,Electronics,08/22/2026,08/23/2026,08/23/2026,SHIPPED,6
WO0008528,Northeast-1,Office Supplies,08/22/2026,2026-08-25,08/25/2026,SHIPPED,6
WO0008528,Northeast-1,Office Supplies,08/22/2026,2026-08-25,08/25/2026,SHIPPED,6
WO0008529,Northeast-1,Office Supplies,08/22/2026,2026-08-25,08/25/2026,SHIPPED,-1
WO0008530,West-3,Outdoor,08/22/2026,2026-08-25,2026-08-24,shipped,4
WO0008531,Northeast-1,Office Supplies,08/22/2026,2026-08-23,,delayed,2
WO0008532,West-3,Office Supplies,2026-08-22,2026-08-24,08/23/2026,Shipped,10
WO0008533,West-3,Home Goods,2026-08-22,08/24/2026,2026-08-24,SHIPPED,9
WO0008534,Midwest-2,Outdoor,08/22/2026,2026-08-23,08/22/2026,SHIPPED,9
WO0008535,South-4,Apparel,08/22/2026,2026-08-25,08/25/2026, Shipped,1
WO0008536,Midwest-2,Apparel,2026-08-22,2026-08-23,08/22/2026,shipped,9
WO0008537,Midwest-2,Office Supplies,08/22/2026,2026-08-24,08/23/2026,shipped,2
WO0008538,South-4,Office Supplies,2026-08-22,2026-08-24,2026-08-23, Shipped,3
WO0008539,South-4,Office Supplies,08/22/2026,08/23/2026,08/22/2026,Shipped,9
WO0008539,South-4,Office Supplies,08/22/2026,08/23/2026,08/22/2026,Shipped,9
WO0008540,Northeast-1,Outdoor,2026-08-22,2026-08-23,2026-08-23, Shipped,8
WO0008541,West-3,Office Supplies,2026-08-22,08/25/2026,08/25/2026, Shipped,11
WO0008542,Northeast-1,Office Supplies,2026-08-22,2026-08-24,2026-08-23, Shipped,2
WO0008543,South-4,Electronics,08/22/2026,2026-08-25,08/24/2026, Shipped,3
WO0008544,Midwest-2,Electronics,2026-08-22,2026-08-25,2026-08-25,shipped,4
WO0008545,West-3,Apparel,2026-08-22,2026-08-25,2026-08-25, Shipped,4
WO0008546,Northeast-1,Electronics,2026-08-22,08/23/2026,2026-08-27,Delayed,5
WO0008547,Midwest-2,Home Goods,2026-08-22,08/24/2026,08/23/2026, Shipped,6
WO0008548,Midwest-2,Outdoor,08/22/2026,08/24/2026,08/23/2026, Shipped,7
WO0008549,Northeast-1,Office Supplies,08/22/2026,2026-08-23,08/28/2026,delayed,5
WO0008550,Midwest-2,Home Goods,08/22/2026,08/25/2026,2026-08-24, Shipped,10
WO0008551,West-3,Electronics,08/22/2026,2026-08-23,2026-08-23,SHIPPED,4
WO0008552,Northeast-1,Home Goods,2026-08-22,08/24/2026,2026-08-24, Shipped,7
WO0008553,Northeast-1,Outdoor,2026-08-22,2026-08-25,08/25/2026, Shipped,8
WO0008554,West-3,Apparel,2026-08-22,08/23/2026,2026-08-22,Shipped,4
WO0008555,South-4,Home Goods,08/22/2026,2026-08-25,08/24/2026,SHIPPED,4
WO0008556,Midwest-2,Apparel,08/22/2026,08/24/2026,08/23/2026,SHIPPED,11
WO0008557,South-4,Outdoor,2026-08-22,2026-08-25,2026-08-25,SHIPPED,7
WO0008558,Northeast-1,Home Goods,2026-08-22,08/24/2026,2026-08-23,shipped,9
WO0008559,Midwest-2,Home Goods,08/22/2026,08/23/2026,2026-08-23,shipped,11
WO0008560,South-4,Outdoor,2026-08-22,2026-08-23,08/22/2026,shipped,5
WO0008561,South-4,Apparel,2026-08-22,08/25/2026,2026-08-25,SHIPPED,3
WO0008562,South-4,Home Goods,08/22/2026,08/23/2026,08/23/2026,shipped,11
WO0008563,Northeast-1,Office Supplies,2026-08-22,08/24/2026,2026-08-24,Shipped,10
WO0008564,West-3,Electronics,08/22/2026,2026-08-23,08/23/2026,Shipped,8
WO0008565,West-3,Home Goods,08/22/2026,08/25/2026,08/24/2026, Shipped,2
WO0008566,Midwest-2,Apparel,2026-08-22,2026-08-24,08/23/2026,Shipped,1
WO0008567,South-4,Office Supplies,2026-08-22,08/23/2026,2026-08-23,SHIPPED,5
WO0008568,South-4,Home Goods,08/22/2026,2026-08-25,2026-08-25,Shipped,6
WO0008569,Northeast-1,Electronics,08/22/2026,08/25/2026,2026-08-25,Shipped,4
WO0008570,Northeast-1,Electronics,08/22/2026,2026-08-25,08/25/2026,SHIPPED,8
WO0008571,South-4,Office Supplies,08/22/2026,2026-08-23,2026-08-22,SHIPPED,6
WO0008572,West-3,Home Goods,08/22/2026,2026-08-23,08/23/2026, Shipped,9
WO0008573,Northeast-1,Home Goods,08/22/2026,08/24/2026,08/23/2026,Shipped,10
WO0008574,Northeast-1,Apparel,2026-08-22,2026-08-23,08/22/2026,SHIPPED,10
WO0008575,Northeast-1,Electronics,08/22/2026,2026-08-25,08/24/2026,SHIPPED,9
WO0008576,West-3,Office Supplies,08/22/2026,2026-08-24,2026-08-23,SHIPPED,2
WO0008577,Northeast-1,Home Goods,08/22/2026,08/24/2026,08/23/2026,SHIPPED,3
WO0008578,Midwest-2,Outdoor,2026-08-22,2026-08-24,08/24/2026,shipped,5
WO0008579,South-4,Apparel,08/22/2026,08/23/2026,2026-08-22, Shipped,7
WO0008580,Northeast-1,Outdoor,2026-08-22,08/24/2026,08/23/2026,shipped,10
WO0008581,Northeast-1,Office Supplies,2026-08-22,08/24/2026,08/23/2026,Shipped,9
WO0008582,South-4,Apparel,08/22/2026,2026-08-25,08/25/2026,Shipped,6
WO0008583,West-3,Office Supplies,2026-08-22,08/23/2026,,Delayed,9
WO0008584,West-3,Apparel,08/22/2026,2026-08-24,2026-08-23,SHIPPED,1
WO0008585,Northeast-1,Electronics,2026-08-22,08/25/2026,08/25/2026,SHIPPED,10
WO0008586,Midwest-2,Office Supplies,08/22/2026,08/25/2026,2026-08-25,shipped,9
WO0008587,Northeast-1,Outdoor,08/22/2026,08/23/2026,2026-08-22,SHIPPED,9
WO0008588,Northeast-1,Office Supplies,2026-08-22,2026-08-24,08/23/2026,SHIPPED,3
WO0008589,Northeast-1,Apparel,2026-08-22,08/24/2026,08/27/2026,Delayed,8
WO0008590,Northeast-1,Apparel,2026-08-22,2026-08-23,2026-08-22,SHIPPED,2
WO0008591,Midwest-2,Office Supplies,2026-08-22,2026-08-23,,DELAYED,4
WO0008592,Midwest-2,Office Supplies,2026-08-22,2026-08-24,2026-08-23, Shipped,2
WO0008593,South-4,Electronics,08/22/2026,08/24/2026,2026-08-24,Shipped,9
WO0008594,South-4,Office Supplies,2026-08-22,2026-08-23,2026-08-22, Shipped,2
WO0008594,South-4,Office Supplies,2026-08-22,2026-08-23,2026-08-22, Shipped,2
WO0008595,South-4,Home Goods,2026-08-22,2026-08-25,08/25/2026,SHIPPED,7
WO0008596,West-3,Office Supplies,2026-08-22,2026-08-25,08/25/2026,SHIPPED,9
WO0008597,Northeast-1,Outdoor,2026-08-22,08/24/2026,2026-08-23, Shipped,2
WO0008598,West-3,Electronics,2026-08-22,08/25/2026,08/25/2026, Shipped,4
WO0008599,South-4,Outdoor,2026-08-22,08/25/2026,08/24/2026,SHIPPED,4
WO0008600,Northeast-1,Apparel,2026-08-22,2026-08-24,2026-08-24, Shipped,8
WO0008601,Northeast-1,Apparel,08/22/2026,2026-08-24,,DELAYED,5
WO0008602,Midwest-2,Electronics,2026-08-22,2026-08-25,08/24/2026,shipped,9
WO0008603,Midwest-2,Outdoor,08/22/2026,08/25/2026,08/25/2026,Shipped,3
WO0008604,West-3,Home Goods,08/22/2026,08/24/2026,08/24/2026,Shipped,8
WO0008605,West-3,Office Supplies,08/22/2026,2026-08-24,08/24/2026, Shipped,11
WO0008606,Midwest-2,Home Goods,2026-08-22,08/25/2026,08/25/2026,shipped,6
WO0008607,Northeast-1,Electronics,08/22/2026,08/24/2026,08/23/2026,SHIPPED,10
WO0008608,Midwest-2,Home Goods,2026-08-22,2026-08-24,2026-08-24,SHIPPED,2
WO0008609,South-4,Apparel,2026-08-22,2026-08-25,08/25/2026, Shipped,2
WO0008610,South-4,Home Goods,08/22/2026,08/24/2026,,Delayed,2
WO0008611,Midwest-2,Outdoor,2026-08-22,2026-08-23,08/22/2026,SHIPPED,3
WO0008612,Midwest-2,Electronics,08/22/2026,2026-08-23,2026-08-22, Shipped,11
WO0008612,Midwest-2,Electronics,08/22/2026,2026-08-23,2026-08-22, Shipped,11
WO0008613,South-4,Electronics,2026-08-22,08/23/2026,2026-08-23,Shipped,7
WO0008614,Midwest-2,Outdoor,2026-08-22,08/24/2026,2026-08-24,Shipped,5
WO0008615,,Outdoor,2026-08-22,08/24/2026,2026-08-24,Shipped,5
WO0008616,South-4,Office Supplies,2026-08-22,2026-08-23,2026-08-25,Delayed,3
WO0008617,Midwest-2,Home Goods,2026-08-22,2026-08-23,08/23/2026,shipped,8
WO0008618,Northeast-1,Apparel,08/22/2026,2026-08-24,2026-08-23,Shipped,11
WO0008619,West-3,Home Goods,08/22/2026,08/23/2026,08/23/2026, Shipped,2
WO0008620,West-3,Home Goods,08/22/2026,08/25/2026,2026-08-24,SHIPPED,2
WO0008621,South-4,Office Supplies,08/22/2026,2026-08-25,,delayed,4
WO0008622,West-3,Home Goods,2026-08-22,08/24/2026,08/23/2026,Shipped,3
WO0008623,West-3,Home Goods,08/22/2026,08/25/2026,08/25/2026,Shipped,4
WO0008624,Midwest-2,Outdoor,08/22/2026,2026-08-24,08/24/2026,shipped,3
WO0008625,West-3,Home Goods,2026-08-22,2026-08-25,2026-08-25, Shipped,8
WO0008626,South-4,Apparel,08/22/2026,08/25/2026,08/24/2026,SHIPPED,5
WO0008627,West-3,Office Supplies,08/22/2026,2026-08-23,08/23/2026,Shipped,8
WO0008628,West-3,Apparel,08/22/2026,2026-08-23,2026-08-23,shipped,3
WO0008628,West-3,Apparel,08/22/2026,2026-08-23,2026-08-23,shipped,3
WO0008629,South-4,Office Supplies,08/22/2026,2026-08-24,2026-08-24,Shipped,11
WO0008630,South-4,Office Supplies,08/22/2026,2026-08-23,08/23/2026,Shipped,6
WO0008631,South-4,Home Goods,08/22/2026,2026-08-25,08/24/2026,shipped,1
WO0008632,West-3,Home Goods,2026-08-22,08/25/2026,2026-08-24,shipped,9
WO0008633,Midwest-2,Home Goods,08/22/2026,2026-08-25,08/24/2026,SHIPPED,3
WO0008634,South-4,Office Supplies,08/22/2026,2026-08-25,2026-08-25,Shipped,8
WO0008635,Northeast-1,Outdoor,2026-08-22,2026-08-24,2026-08-27,delayed,6
WO0008636,Midwest-2,Electronics,08/22/2026,2026-08-24,08/24/2026,shipped,9
WO0008637,South-4,Apparel,08/22/2026,2026-08-25,2026-08-24,shipped,2
WO0008638,West-3,Office Supplies,08/22/2026,08/25/2026,08/25/2026,shipped,3
WO0008639,South-4,Office Supplies,2026-08-22,08/23/2026,2026-08-23,Shipped,6
WO0008640,Midwest-2,Electronics,08/22/2026,08/25/2026,08/24/2026,Shipped,7
WO0008641,West-3,Electronics,08/22/2026,2026-08-24,2026-08-23,Shipped,6
WO0008642,West-3,Electronics,2026-08-22,2026-08-24,08/23/2026,shipped,3
WO0008643,South-4,Home Goods,08/22/2026,2026-08-24,2026-08-23, Shipped,6
WO0008644,Northeast-1,Office Supplies,08/22/2026,08/25/2026,2026-08-25,Shipped,2
WO0008644,Northeast-1,Office Supplies,08/22/2026,08/25/2026,2026-08-25,Shipped,2
WO0008645,Midwest-2,Apparel,2026-08-22,08/24/2026,2026-08-24, Shipped,9
WO0008646,Northeast-1,Apparel,2026-08-22,08/25/2026,2026-08-25, Shipped,5
WO0008647,Midwest-2,Office Supplies,2026-08-22,08/25/2026,2026-08-26,Delayed,1
WO0008648,West-3,Home Goods,08/22/2026,2026-08-24,08/23/2026,shipped,1
WO0008649,South-4,Apparel,2026-08-22,2026-08-24,2026-08-23,SHIPPED,4
WO0008650,Midwest-2,Apparel,2026-08-22,08/24/2026,08/24/2026,SHIPPED,9
WO0008651,South-4,Home Goods,08/22/2026,08/23/2026,2026-08-22,Shipped,2
WO0008652,South-4,Home Goods,08/22/2026,08/24/2026,08/24/2026,shipped,9
WO0008653,West-3,Home Goods,08/22/2026,08/24/2026,08/24/2026,Shipped,2
WO0008654,Northeast-1,Apparel,08/22/2026,2026-08-25,2026-08-25,Shipped,5
WO0008655,Northeast-1,Apparel,08/22/2026,2026-08-24,2026-08-23,SHIPPED,2
WO0008656,Northeast-1,Office Supplies,2026-08-22,08/24/2026,08/23/2026,shipped,3
WO0008657,South-4,Apparel,08/22/2026,2026-08-24,2026-08-23,shipped,2
WO0008658,Midwest-2,Apparel,2026-08-22,2026-08-23,08/22/2026,Shipped,1
WO0008659,Northeast-1,Electronics,2026-08-22,2026-08-23,2026-08-22,Shipped,7
WO0008660,Midwest-2,Outdoor,2026-08-22,08/25/2026,08/24/2026,shipped,5
WO0008660,Midwest-2,Outdoor,2026-08-22,08/25/2026,08/24/2026,shipped,5
WO0008661,West-3,Apparel,2026-08-22,08/24/2026,2026-08-23,SHIPPED,11
WO0008662,Northeast-1,Apparel,08/22/2026,08/25/2026,08/25/2026, Shipped,6
WO0008663,West-3,Office Supplies,08/22/2026,2026-08-24,,Delayed,1
WO0008664,Northeast-1,Home Goods,08/22/2026,08/23/2026,08/23/2026,Shipped,7
WO0008665,West-3,Outdoor,08/22/2026,08/24/2026,08/24/2026,shipped,2
WO0008666,South-4,Office Supplies,2026-08-22,2026-08-25,,cancelled,7
WO0008667,West-3,Apparel,2026-08-22,08/25/2026,08/29/2026,delayed,8
WO0008668,Northeast-1,Electronics,2026-08-22,08/25/2026,08/28/2026,delayed,2
WO0008669,West-3,Electronics,2026-08-22,08/24/2026,2026-08-24,Shipped,9
WO0008670,Midwest-2,Home Goods,08/22/2026,2026-08-23,08/22/2026,SHIPPED,9
WO0008671,Midwest-2,Home Goods,08/22/2026,2026-08-23,2026-08-22, Shipped,4
WO0008672,South-4,Apparel,08/22/2026,08/25/2026,08/25/2026,Shipped,9
WO0008673,Northeast-1,Electronics,2026-08-22,08/24/2026,2026-08-24,Shipped,9
WO0008674,South-4,Home Goods,08/22/2026,08/25/2026,08/24/2026,SHIPPED,4
WO0008675,Northeast-1,Home Goods,2026-08-22,08/24/2026,08/23/2026, Shipped,7
WO0008676,Northeast-1,Office Supplies,08/22/2026,2026-08-24,2026-08-24,Shipped,1
WO0008677,Midwest-2,Home Goods,2026-08-22,2026-08-24,08/23/2026,shipped,3
WO0008678,South-4,Outdoor,08/22/2026,2026-08-25,08/24/2026,Shipped,2
WO0008679,Northeast-1,Electronics,08/22/2026,08/25/2026,08/24/2026,SHIPPED,11
WO0008680,Northeast-1,Home Goods,2026-08-22,2026-08-23,2026-08-22, Shipped,11
WO0008681,West-3,Apparel,08/22/2026,08/24/2026,2026-08-23,shipped,7
WO0008682,Midwest-2,Home Goods,2026-08-22,2026-08-24,08/24/2026,Shipped,3
WO0008683,South-4,Apparel,08/22/2026,2026-08-25,2026-08-24,SHIPPED,9
WO0008684,Midwest-2,Outdoor,2026-08-22,2026-08-24,08/23/2026, Shipped,9
WO0008685,Midwest-2,Electronics,08/22/2026,2026-08-23,08/22/2026,SHIPPED,2
WO0008686,Midwest-2,Electronics,08/22/2026,08/24/2026,08/23/2026,shipped,7
WO0008687,Northeast-1,Apparel,2026-08-22,08/24/2026,2026-08-24,shipped,3
WO0008688,Northeast-1,Home Goods,08/22/2026,2026-08-24,08/24/2026,shipped,9
WO0008689,South-4,Electronics,2026-08-23,2026-08-24,2026-08-23,Shipped,5
WO0008690,South-4,Home Goods,2026-08-23,08/25/2026,,delayed,7
WO0008691,Northeast-1,Apparel,08/23/2026,2026-08-25,2026-08-24,SHIPPED,8
WO0008692,,Apparel,08/23/2026,2026-08-25,2026-08-24,SHIPPED,8
WO0008693,South-4,Electronics,08/23/2026,08/26/2026,2026-08-25,Shipped,5
WO0008694,South-4,Apparel,2026-08-23,08/26/2026,08/26/2026,SHIPPED,8
WO0008695,Northeast-1,Home Goods,08/23/2026,08/24/2026,2026-08-23, Shipped,3
WO0008696,West-3,Outdoor,2026-08-23,08/26/2026,08/26/2026, Shipped,8
WO0008697,Northeast-1,Home Goods,08/23/2026,2026-08-25,2026-08-24,Shipped,4
WO0008698,Northeast-1,Apparel,2026-08-23,08/26/2026,2026-08-26,SHIPPED,1
WO0008699,Midwest-2,Outdoor,08/23/2026,08/24/2026,08/24/2026,SHIPPED,4
WO0008700,South-4,Electronics,2026-08-23,08/26/2026,2026-08-25,shipped,2
WO0008701,South-4,Apparel,2026-08-23,08/26/2026,08/25/2026,Shipped,4
WO0008702,Midwest-2,Outdoor,2026-08-23,08/24/2026,2026-08-23,SHIPPED,5
WO0008703,West-3,Office Supplies,08/23/2026,08/26/2026,,Cancelled,5
WO0008704,South-4,Home Goods,08/23/2026,2026-08-24,08/24/2026, Shipped,3
WO0008705,Midwest-2,Apparel,08/23/2026,2026-08-25,08/24/2026, Shipped,5
WO0008706,Midwest-2,Outdoor,2026-08-23,08/26/2026,08/28/2026,DELAYED,2
WO0008707,Midwest-2,Electronics,2026-08-23,2026-08-26,2026-08-25, Shipped,5
WO0008708,South-4,Office Supplies,2026-08-23,2026-08-26,08/26/2026,Shipped,8
WO0008709,Northeast-1,Electronics,2026-08-23,08/25/2026,2026-08-24,Shipped,2
WO0008710,Midwest-2,Outdoor,2026-08-23,2026-08-25,2026-08-25,SHIPPED,1
WO0008711,West-3,Electronics,08/23/2026,08/25/2026,2026-08-24,SHIPPED,1
WO0008712,West-3,Outdoor,08/23/2026,08/24/2026,08/24/2026,SHIPPED,6
WO0008713,South-4,Office Supplies,2026-08-23,2026-08-24,08/23/2026,SHIPPED,10
WO0008714,Northeast-1,Outdoor,2026-08-23,08/24/2026,2026-08-24,shipped,2
WO0008715,Northeast-1,Electronics,2026-08-23,2026-08-24,08/24/2026,SHIPPED,4
WO0008716,West-3,Home Goods,08/23/2026,08/26/2026,08/25/2026, Shipped,9
WO0008717,South-4,Apparel,2026-08-23,2026-08-25,08/25/2026,Shipped,6
WO0008718,Northeast-1,Outdoor,2026-08-23,08/26/2026,,DELAYED,1
WO0008719,West-3,Apparel,2026-08-23,08/25/2026,08/25/2026,Shipped,8
WO0008720,South-4,Electronics,2026-08-23,08/26/2026,2026-08-25,shipped,2
WO0008721,Midwest-2,Home Goods,2026-08-23,2026-08-25,08/24/2026,Shipped,7
WO0008722,West-3,Home Goods,08/23/2026,08/24/2026,08/24/2026,Shipped,8
WO0008723,South-4,Office Supplies,2026-08-23,08/26/2026,08/31/2026,DELAYED,3
WO0008724,Midwest-2,Office Supplies,08/23/2026,08/25/2026,2026-08-25,SHIPPED,4
WO0008725,South-4,Apparel,2026-08-23,2026-08-25,2026-08-25,Shipped,6
WO0008726,Midwest-2,Home Goods,08/23/2026,2026-08-24,2026-08-24,SHIPPED,9
WO0008727,Northeast-1,Outdoor,2026-08-23,08/25/2026,08/29/2026,DELAYED,7
WO0008728,West-3,Office Supplies,2026-08-23,08/26/2026,2026-08-26,Shipped,6
WO0008729,West-3,Outdoor,2026-08-23,2026-08-25,08/25/2026,Shipped,5
WO0008730,Northeast-1,Home Goods,08/23/2026,2026-08-26,08/25/2026,Shipped,1
WO0008731,Northeast-1,Apparel,2026-08-23,2026-08-26,2026-08-26,SHIPPED,9
WO0008732,Northeast-1,Apparel,2026-08-23,08/25/2026,08/25/2026,Shipped,4
WO0008733,Northeast-1,Home Goods,08/23/2026,2026-08-25,2026-08-24, Shipped,5
WO0008734,South-4,Apparel,08/23/2026,2026-08-26,08/25/2026,shipped,10
WO0008735,Midwest-2,Apparel,08/23/2026,2026-08-26,2026-08-25,Shipped,11
WO0008736,Northeast-1,Office Supplies,2026-08-23,2026-08-26,08/25/2026,shipped,8
WO0008737,Midwest-2,Outdoor,08/23/2026,08/26/2026,08/26/2026,SHIPPED,4
WO0008738,Midwest-2,Home Goods,2026-08-23,2026-08-26,08/25/2026,SHIPPED,8
WO0008739,Northeast-1,Outdoor,08/23/2026,08/25/2026,2026-08-25, Shipped,8
WO0008740,West-3,Outdoor,08/23/2026,2026-08-25,08/24/2026, Shipped,4
WO0008741,West-3,Office Supplies,08/23/2026,08/24/2026,2026-08-23,Shipped,3
WO0008742,South-4,Electronics,2026-08-23,08/26/2026,08/26/2026,shipped,11
WO0008743,West-3,Electronics,2026-08-23,2026-08-25,2026-08-24,SHIPPED,3
WO0008744,South-4,Outdoor,2026-08-23,08/24/2026,2026-08-29,Delayed,7
WO0008745,West-3,Electronics,2026-08-23,08/25/2026,,DELAYED,11
WO0008746,West-3,Apparel,2026-08-23,2026-08-24,,DELAYED,6
WO0008747,South-4,Apparel,2026-08-23,2026-08-26,2026-08-26,shipped,5
WO0008748,West-3,Apparel,08/23/2026,08/24/2026,2026-08-23,shipped,6
WO0008749,Northeast-1,Office Supplies,08/23/2026,08/26/2026,08/26/2026,SHIPPED,7
WO0008749,Northeast-1,Office Supplies,08/23/2026,08/26/2026,08/26/2026,SHIPPED,7
WO0008750,South-4,Apparel,08/23/2026,2026-08-25,2026-08-25, Shipped,10
WO0008751,South-4,Office Supplies,08/23/2026,08/24/2026,08/24/2026,SHIPPED,8
WO0008752,West-3,Office Supplies,08/23/2026,2026-08-26,08/26/2026, Shipped,2
WO0008753,Midwest-2,Home Goods,08/23/2026,08/25/2026,,DELAYED,1
WO0008754,South-4,Apparel,08/23/2026,2026-08-24,08/24/2026, Shipped,7
WO0008755,South-4,Office Supplies,08/23/2026,08/24/2026,08/23/2026,shipped,11
WO0008756,Northeast-1,Apparel,2026-08-23,08/26/2026,08/26/2026,shipped,2
WO0008757,Northeast-1,Electronics,2026-08-23,08/24/2026,2026-08-24,shipped,8
WO0008758,South-4,Home Goods,2026-08-23,2026-08-24,2026-08-29,delayed,7
WO0008759,South-4,Outdoor,2026-08-23,2026-08-26,08/26/2026, Shipped,11
WO0008760,Midwest-2,Home Goods,08/23/2026,2026-08-26,08/26/2026,SHIPPED,8
WO0008761,West-3,Home Goods,08/23/2026,2026-08-26,08/25/2026,SHIPPED,8
WO0008762,South-4,Apparel,08/23/2026,08/26/2026,08/25/2026,Shipped,4
WO0008763,South-4,Office Supplies,2026-08-23,2026-08-24,08/24/2026, Shipped,9
WO0008764,Midwest-2,Apparel,08/23/2026,08/24/2026,08/24/2026,shipped,3
WO0008765,South-4,Home Goods,2026-08-23,2026-08-25,2026-08-25, Shipped,4
WO0008766,Midwest-2,Electronics,08/23/2026,08/25/2026,08/24/2026,SHIPPED,6
WO0008767,South-4,Office Supplies,2026-08-23,2026-08-26,2026-08-25, Shipped,8
WO0008768,Midwest-2,Office Supplies,08/23/2026,08/26/2026,08/26/2026, Shipped,2
WO0008769,Northeast-1,Home Goods,08/23/2026,2026-08-26,08/26/2026,shipped,9
WO0008770,Northeast-1,Outdoor,2026-08-23,08/26/2026,2026-08-26, Shipped,3
WO0008771,South-4,Outdoor,08/23/2026,08/26/2026,08/26/2026,shipped,4
WO0008772,Midwest-2,Home Goods,2026-08-23,2026-08-24,08/24/2026,Shipped,1
WO0008773,Northeast-1,Outdoor,08/23/2026,08/26/2026,08/26/2026,SHIPPED,2
WO0008774,Midwest-2,Outdoor,2026-08-23,2026-08-25,08/25/2026, Shipped,7
WO0008775,Midwest-2,Apparel,08/23/2026,2026-08-26,08/26/2026,Shipped,6
WO0008776,South-4,Home Goods,2026-08-23,08/24/2026,2026-08-24, Shipped,6
WO0008777,Northeast-1,Office Supplies,2026-08-23,08/25/2026,08/24/2026,shipped,7
WO0008778,West-3,Electronics,08/23/2026,08/26/2026,08/25/2026, Shipped,9
WO0008779,South-4,Outdoor,2026-08-23,2026-08-24,08/24/2026,SHIPPED,11
WO0008780,South-4,Outdoor,2026-08-23,2026-08-24,2026-08-23,Shipped,3
WO0008781,Northeast-1,Outdoor,08/23/2026,2026-08-24,08/23/2026, Shipped,8
WO0008782,South-4,Outdoor,2026-08-23,2026-08-26,2026-08-25,shipped,7
WO0008783,West-3,Home Goods,2026-08-23,2026-08-24,2026-08-23,SHIPPED,10
WO0008784,Northeast-1,Apparel,08/23/2026,08/26/2026,08/25/2026,shipped,5
WO0008785,Midwest-2,Outdoor,2026-08-23,2026-08-25,2026-08-24, Shipped,7
WO0008786,Northeast-1,Outdoor,08/23/2026,2026-08-26,08/26/2026, Shipped,7
WO0008787,Northeast-1,Electronics,2026-08-23,08/25/2026,,Delayed,4
WO0008788,Midwest-2,Electronics,2026-08-23,2026-08-25,2026-08-25, Shipped,10
WO0008789,West-3,Outdoor,08/23/2026,2026-08-24,2026-08-24, Shipped,10
WO0008790,Northeast-1,Home Goods,2026-08-23,08/24/2026,08/24/2026,SHIPPED,9
WO0008791,Northeast-1,Outdoor,2026-08-23,2026-08-24,2026-08-23,SHIPPED,3
WO0008792,Northeast-1,Electronics,08/23/2026,08/25/2026,08/24/2026, Shipped,10
WO0008793,Northeast-1,Apparel,08/23/2026,08/24/2026,08/23/2026,shipped,7
WO0008794,South-4,Outdoor,08/23/2026,08/24/2026,08/24/2026, Shipped,10
WO0008795,Northeast-1,Home Goods,08/23/2026,2026-08-25,2026-08-24, Shipped,2
WO0008796,Northeast-1,Electronics,08/23/2026,2026-08-26,2026-08-26,Shipped,3
WO0008797,West-3,Home Goods,2026-08-23,08/25/2026,08/25/2026,shipped,11
WO0008798,Northeast-1,Apparel,08/23/2026,08/25/2026,08/25/2026,Shipped,7
WO0008799,Northeast-1,Home Goods,2026-08-23,2026-08-24,08/23/2026,SHIPPED,10
WO0008800,South-4,Office Supplies,08/23/2026,08/25/2026,2026-08-24,shipped,3
WO0008801,South-4,Outdoor,08/23/2026,08/24/2026,2026-08-24, Shipped,4
WO0008802,Northeast-1,Home Goods,2026-08-23,2026-08-24,08/26/2026,DELAYED,6
WO0008803,West-3,Office Supplies,2026-08-23,2026-08-26,08/26/2026,shipped,3
WO0008804,Midwest-2,Electronics,08/23/2026,2026-08-26,2026-08-26,shipped,9
WO0008805,Midwest-2,Apparel,08/23/2026,08/25/2026,08/25/2026,Shipped,7
WO0008806,Midwest-2,Home Goods,2026-08-23,2026-08-26,08/26/2026,SHIPPED,4
WO0008807,Midwest-2,Electronics,2026-08-23,08/25/2026,2026-08-25,shipped,9
WO0008808,Northeast-1,Outdoor,08/23/2026,2026-08-26,08/25/2026,SHIPPED,9
WO0008809,West-3,Home Goods,2026-08-23,2026-08-26,08/25/2026, Shipped,2
WO0008810,South-4,Electronics,2026-08-23,2026-08-26,2026-08-26,shipped,3
WO0008811,Northeast-1,Home Goods,08/23/2026,2026-08-26,2026-08-25,shipped,8
WO0008812,West-3,Outdoor,08/23/2026,08/25/2026,08/28/2026,delayed,10
WO0008813,Northeast-1,Electronics,08/23/2026,2026-08-24,08/24/2026,SHIPPED,9
WO0008814,Northeast-1,Office Supplies,08/23/2026,2026-08-25,08/25/2026,Shipped,6
WO0008815,West-3,Apparel,08/23/2026,2026-08-26,2026-08-25,Shipped,8
WO0008816,Northeast-1,Office Supplies,2026-08-23,2026-08-26,08/25/2026,shipped,8
WO0008817,South-4,Outdoor,2026-08-23,2026-08-26,08/26/2026,Shipped,9
WO0008818,South-4,Electronics,08/23/2026,08/25/2026,2026-08-25,Shipped,3
WO0008819,South-4,Office Supplies,08/23/2026,08/25/2026,2026-08-24,SHIPPED,7
WO0008820,West-3,Office Supplies,2026-08-23,08/26/2026,08/25/2026,shipped,2
WO0008821,West-3,Apparel,08/23/2026,08/26/2026,2026-08-26,Shipped,4
WO0008822,West-3,Apparel,08/23/2026,08/24/2026,08/24/2026,SHIPPED,3
WO0008823,West-3,Home Goods,08/23/2026,08/24/2026,08/24/2026,Shipped,5
WO0008824,Midwest-2,Office Supplies,08/23/2026,2026-08-25,2026-08-25,Shipped,4
WO0008825,Northeast-1,Office Supplies,2026-08-23,08/24/2026,08/23/2026,SHIPPED,6
WO0008826,South-4,Home Goods,08/23/2026,08/25/2026,08/25/2026, Shipped,6
WO0008827,South-4,Office Supplies,2026-08-23,08/24/2026,2026-08-24,shipped,11
WO0008828,West-3,Apparel,2026-08-23,2026-08-25,2026-08-24,shipped,10
WO0008829,Midwest-2,Apparel,2026-08-23,08/24/2026,08/27/2026,DELAYED,3
WO0008830,Northeast-1,Home Goods,2026-08-23,08/24/2026,2026-08-23, Shipped,2
WO0008831,West-3,Apparel,08/23/2026,2026-08-25,2026-08-24,shipped,4
WO0008832,Midwest-2,Electronics,2026-08-23,08/26/2026,2026-08-25,SHIPPED,10
WO0008833,Northeast-1,Outdoor,08/23/2026,08/26/2026,08/26/2026,SHIPPED,8
WO0008834,South-4,Outdoor,08/23/2026,08/24/2026,08/23/2026,SHIPPED,2
WO0008835,South-4,Home Goods,08/23/2026,08/26/2026,08/25/2026,Shipped,3
WO0008836,South-4,Home Goods,08/23/2026,08/26/2026,08/25/2026,Shipped,-1
WO0008837,South-4,Outdoor,08/23/2026,08/24/2026,2026-08-23, Shipped,4
WO0008838,South-4,Apparel,08/23/2026,2026-08-25,08/24/2026,Shipped,3
WO0008839,West-3,Office Supplies,2026-08-23,08/26/2026,2026-08-26,Shipped,11
WO0008840,West-3,Office Supplies,08/24/2026,08/27/2026,2026-08-27,shipped,1
WO0008841,Midwest-2,Outdoor,08/24/2026,2026-08-25,2026-08-25,SHIPPED,2
WO0008842,West-3,Apparel,2026-08-24,08/25/2026,08/25/2026,shipped,3
WO0008843,Northeast-1,Outdoor,2026-08-24,08/27/2026,08/26/2026, Shipped,10
WO0008844,South-4,Outdoor,08/24/2026,2026-08-25,08/24/2026,Shipped,4
WO0008845,West-3,Office Supplies,08/24/2026,08/25/2026,,delayed,5
WO0008846,West-3,Apparel,2026-08-24,08/25/2026,08/28/2026,Delayed,7
WO0008847,Northeast-1,Electronics,08/24/2026,2026-08-25,08/25/2026,shipped,9
WO0008848,West-3,Office Supplies,08/24/2026,08/25/2026,2026-08-30,DELAYED,5
WO0008849,West-3,Home Goods,08/24/2026,08/27/2026,,Cancelled,9
WO0008850,Northeast-1,Home Goods,08/24/2026,2026-08-25,2026-08-24,SHIPPED,6
WO0008851,South-4,Office Supplies,08/24/2026,2026-08-27,08/27/2026,shipped,2
WO0008852,Northeast-1,Apparel,2026-08-24,2026-08-27,,DELAYED,5
WO0008853,Midwest-2,Apparel,2026-08-24,08/26/2026,2026-08-25,Shipped,7
WO0008854,South-4,Home Goods,08/24/2026,2026-08-26,08/25/2026, Shipped,11
WO0008854,South-4,Home Goods,08/24/2026,2026-08-26,08/25/2026, Shipped,11
WO0008855,Northeast-1,Apparel,2026-08-24,08/26/2026,08/26/2026,Shipped,9
WO0008856,Midwest-2,Electronics,2026-08-24,08/27/2026,08/27/2026,shipped,9
WO0008857,South-4,Office Supplies,2026-08-24,08/27/2026,2026-08-26, Shipped,6
WO0008858,Northeast-1,Outdoor,08/24/2026,2026-08-25,2026-08-25, Shipped,1
WO0008859,West-3,Home Goods,2026-08-24,2026-08-25,08/28/2026,delayed,5
WO0008860,Northeast-1,Home Goods,2026-08-24,08/25/2026,08/24/2026,Shipped,4
WO0008861,West-3,Electronics,08/24/2026,2026-08-25,,Delayed,5
WO0008862,South-4,Electronics,2026-08-24,08/26/2026,2026-08-26,Shipped,1
WO0008863,South-4,Electronics,2026-08-24,08/26/2026,2026-08-26,Shipped,-1
WO0008864,Northeast-1,Electronics,08/24/2026,08/27/2026,08/26/2026, Shipped,4
WO0008865,Northeast-1,Electronics,2026-08-24,08/27/2026,2026-08-27,shipped,5
WO0008866,Northeast-1,Electronics,08/24/2026,08/25/2026,2026-08-25,SHIPPED,8
WO0008867,Northeast-1,Apparel,08/24/2026,2026-08-25,2026-08-25,SHIPPED,8
WO0008868,West-3,Home Goods,08/24/2026,2026-08-26,,DELAYED,2
WO0008869,Midwest-2,Office Supplies,08/24/2026,2026-08-27,08/26/2026,shipped,4
WO0008870,West-3,Outdoor,2026-08-24,08/27/2026,08/27/2026,Shipped,6
WO0008871,Northeast-1,Apparel,2026-08-24,08/27/2026,2026-08-27,SHIPPED,4
WO0008872,Midwest-2,Apparel,2026-08-24,08/26/2026,2026-08-26,SHIPPED,9
WO0008873,South-4,Office Supplies,08/24/2026,2026-08-26,08/25/2026, Shipped,1
WO0008874,Northeast-1,Office Supplies,08/24/2026,2026-08-27,2026-08-29,Delayed,4
WO0008875,Northeast-1,Apparel,08/24/2026,08/25/2026,08/24/2026,shipped,3
WO0008876,Northeast-1,Apparel,2026-08-24,08/26/2026,08/26/2026,Shipped,9
WO0008877,West-3,Outdoor,2026-08-24,2026-08-25,2026-08-25,SHIPPED,11
WO0008878,Northeast-1,Office Supplies,08/24/2026,08/26/2026,08/26/2026,SHIPPED,1
WO0008879,West-3,Outdoor,2026-08-24,08/27/2026,2026-08-28,delayed,2
WO0008880,West-3,Outdoor,08/24/2026,2026-08-25,,delayed,8
WO0008881,Northeast-1,Home Goods,08/24/2026,2026-08-25,08/25/2026,shipped,8
WO0008882,Midwest-2,Apparel,08/24/2026,08/25/2026,08/24/2026, Shipped,4
WO0008883,Midwest-2,Office Supplies,08/24/2026,2026-08-27,2026-08-27,SHIPPED,1
WO0008884,South-4,Office Supplies,08/24/2026,08/27/2026,08/27/2026,Shipped,5
WO0008885,Midwest-2,Electronics,08/24/2026,08/25/2026,08/24/2026,Shipped,4
WO0008886,Northeast-1,Outdoor,08/24/2026,08/25/2026,08/24/2026, Shipped,7
WO0008887,Northeast-1,Apparel,2026-08-24,2026-08-25,2026-08-25, Shipped,5
WO0008888,Midwest-2,Outdoor,2026-08-24,08/25/2026,08/25/2026,shipped,2
WO0008889,Northeast-1,Apparel,08/24/2026,08/26/2026,2026-08-26,SHIPPED,5
WO0008890,Northeast-1,Electronics,2026-08-24,2026-08-26,08/25/2026,SHIPPED,3
WO0008891,Northeast-1,Outdoor,2026-08-24,2026-08-25,08/25/2026,shipped,1
WO0008892,Northeast-1,Office Supplies,08/24/2026,2026-08-25,08/25/2026,SHIPPED,7
WO0008893,Northeast-1,Home Goods,08/24/2026,08/27/2026,2026-08-26,shipped,3
WO0008894,Midwest-2,Apparel,2026-08-24,08/26/2026,08/26/2026, Shipped,2
WO0008895,Midwest-2,Outdoor,2026-08-24,08/27/2026,2026-08-26,SHIPPED,9
WO0008896,Northeast-1,Electronics,2026-08-24,08/25/2026,2026-08-25,shipped,6
WO0008897,South-4,Apparel,2026-08-24,2026-08-26,08/26/2026, Shipped,11
WO0008898,Northeast-1,Outdoor,2026-08-24,2026-08-26,08/25/2026,SHIPPED,8
WO0008899,Northeast-1,Home Goods,08/24/2026,2026-08-26,08/26/2026,shipped,8
WO0008900,South-4,Home Goods,2026-08-24,2026-08-27,08/26/2026,SHIPPED,6
WO0008901,Northeast-1,Home Goods,2026-08-24,2026-08-27,08/26/2026,SHIPPED,8
WO0008902,West-3,Office Supplies,08/24/2026,08/26/2026,08/25/2026, Shipped,11
WO0008903,South-4,Office Supplies,2026-08-24,2026-08-26,08/26/2026,shipped,10
WO0008904,Northeast-1,Outdoor,08/24/2026,08/26/2026,2026-08-26,shipped,1
WO0008905,Northeast-1,Apparel,2026-08-24,2026-08-26,08/26/2026,Shipped,8
WO0008906,South-4,Outdoor,2026-08-24,08/25/2026,08/24/2026,SHIPPED,10
WO0008907,South-4,Electronics,08/24/2026,08/25/2026,08/25/2026,SHIPPED,9
WO0008908,South-4,Home Goods,2026-08-24,08/25/2026,08/25/2026,Shipped,5
WO0008909,South-4,Outdoor,2026-08-24,2026-08-26,08/25/2026,SHIPPED,11
WO0008910,West-3,Outdoor,08/24/2026,08/25/2026,08/28/2026,DELAYED,8
WO0008911,Northeast-1,Office Supplies,08/24/2026,08/25/2026,2026-08-24,SHIPPED,1
WO0008912,South-4,Home Goods,08/24/2026,2026-08-27,08/27/2026,SHIPPED,10
WO0008913,South-4,Office Supplies,08/24/2026,08/26/2026,08/26/2026,Shipped,5
WO0008914,Midwest-2,Office Supplies,2026-08-24,2026-08-25,08/25/2026,shipped,4
WO0008915,Northeast-1,Office Supplies,08/24/2026,2026-08-27,2026-08-26, Shipped,8
WO0008916,Northeast-1,Office Supplies,08/24/2026,08/25/2026,08/24/2026,SHIPPED,8
WO0008917,Midwest-2,Office Supplies,2026-08-24,2026-08-25,08/24/2026,SHIPPED,5
WO0008918,South-4,Outdoor,08/24/2026,08/25/2026,08/24/2026,Shipped,11
WO0008919,Northeast-1,Electronics,08/24/2026,08/27/2026,2026-08-26,Shipped,1
WO0008920,Midwest-2,Apparel,2026-08-24,2026-08-27,2026-08-27,SHIPPED,3
WO0008921,Midwest-2,Electronics,2026-08-24,2026-08-27,08/27/2026,shipped,3
WO0008922,West-3,Outdoor,08/24/2026,2026-08-26,08/26/2026, Shipped,9
WO0008923,South-4,Apparel,08/24/2026,2026-08-26,2026-08-26, Shipped,9
WO0008924,West-3,Outdoor,08/24/2026,08/27/2026,2026-08-31,delayed,1
WO0008925,South-4,Electronics,08/24/2026,2026-08-26,08/26/2026,SHIPPED,9
WO0008926,South-4,Home Goods,2026-08-24,08/26/2026,2026-08-25, Shipped,11
WO0008927,Northeast-1,Electronics,2026-08-24,2026-08-26,,delayed,8
WO0008928,Midwest-2,Office Supplies,08/24/2026,08/27/2026,2026-08-26,shipped,3
WO0008929,West-3,Electronics,08/24/2026,08/25/2026,2026-08-24,Shipped,5
WO0008930,West-3,Outdoor,08/24/2026,08/26/2026,2026-08-29,DELAYED,1
WO0008931,Midwest-2,Outdoor,08/24/2026,08/25/2026,08/24/2026,shipped,5
WO0008932,South-4,Home Goods,2026-08-24,2026-08-26,2026-08-26,Shipped,3
WO0008933,South-4,Outdoor,2026-08-24,08/25/2026,2026-08-29,delayed,2
WO0008934,West-3,Home Goods,2026-08-24,08/25/2026,08/25/2026,shipped,2
WO0008935,South-4,Home Goods,08/24/2026,08/26/2026,08/25/2026,shipped,9
WO0008936,West-3,Outdoor,2026-08-24,08/26/2026,2026-08-25,SHIPPED,5
WO0008937,Northeast-1,Home Goods,08/24/2026,08/27/2026,2026-08-26,shipped,1
WO0008938,South-4,Electronics,08/24/2026,2026-08-26,08/30/2026,DELAYED,6
WO0008939,Northeast-1,Home Goods,08/24/2026,08/27/2026,2026-08-27, Shipped,8
WO0008940,Northeast-1,Home Goods,2026-08-24,08/25/2026,2026-08-25,shipped,7
WO0008941,West-3,Home Goods,2026-08-24,08/26/2026,08/30/2026,Delayed,8
WO0008942,Midwest-2,Electronics,08/24/2026,2026-08-25,08/24/2026,shipped,9
WO0008943,Northeast-1,Outdoor,2026-08-24,08/25/2026,08/25/2026,shipped,4
WO0008944,West-3,Office Supplies,2026-08-24,2026-08-25,2026-08-24,shipped,6
WO0008945,Midwest-2,Home Goods,08/24/2026,08/26/2026,,delayed,5
WO0008946,West-3,Apparel,08/24/2026,08/25/2026,,DELAYED,7
WO0008947,West-3,Apparel,2026-08-24,08/27/2026,,delayed,8
WO0008948,South-4,Office Supplies,2026-08-24,2026-08-26,2026-08-26,Shipped,11
WO0008949,West-3,Office Supplies,08/24/2026,2026-08-25,,cancelled,8
WO0008950,Northeast-1,Apparel,2026-08-24,2026-08-26,08/25/2026,SHIPPED,11
WO0008951,Midwest-2,Home Goods,08/24/2026,08/27/2026,2026-08-27,SHIPPED,3
WO0008952,West-3,Electronics,2026-08-24,08/25/2026,08/25/2026,Shipped,3
WO0008953,West-3,Apparel,2026-08-24,2026-08-27,,delayed,2
WO0008954,South-4,Home Goods,08/24/2026,2026-08-27,2026-08-27, Shipped,1
WO0008955,South-4,Office Supplies,08/24/2026,08/26/2026,2026-08-26,SHIPPED,2
WO0008956,Midwest-2,Electronics,2026-08-24,08/27/2026,08/28/2026,Delayed,11
WO0008957,Midwest-2,Apparel,2026-08-24,2026-08-26,2026-08-26,shipped,6
WO0008958,Northeast-1,Apparel,2026-08-24,08/26/2026,2026-08-26, Shipped,10
WO0008959,West-3,Outdoor,2026-08-24,2026-08-25,08/25/2026, Shipped,5
WO0008960,Northeast-1,Apparel,08/24/2026,2026-08-25,2026-08-25,SHIPPED,7
WO0008961,South-4,Home Goods,2026-08-24,2026-08-27,2026-08-26,shipped,6
WO0008962,Northeast-1,Electronics,08/24/2026,2026-08-26,2026-08-25,Shipped,5
WO0008963,Northeast-1,Electronics,2026-08-24,08/26/2026,2026-08-25,Shipped,4
WO0008964,Northeast-1,Apparel,2026-08-24,2026-08-27,,delayed,8
WO0008965,South-4,Home Goods,2026-08-24,08/26/2026,08/26/2026,Shipped,6
WO0008966,Northeast-1,Outdoor,08/24/2026,2026-08-26,2026-08-26,shipped,5
WO0008967,Northeast-1,Office Supplies,08/24/2026,2026-08-26,,DELAYED,3
WO0008968,South-4,Home Goods,2026-08-24,08/25/2026,2026-08-24,Shipped,10
WO0008969,,Home Goods,2026-08-24,08/25/2026,2026-08-24,Shipped,10
WO0008970,Midwest-2,Home Goods,2026-08-24,08/25/2026,2026-08-25,Shipped,11
WO0008971,South-4,Home Goods,08/24/2026,08/26/2026,2026-08-25,shipped,8
WO0008972,West-3,Home Goods,2026-08-24,2026-08-26,08/26/2026, Shipped,8
WO0008973,Midwest-2,Office Supplies,08/24/2026,08/26/2026,2026-08-26,SHIPPED,3
WO0008974,Northeast-1,Apparel,2026-08-24,08/27/2026,08/26/2026,Shipped,4
WO0008975,Midwest-2,Outdoor,08/24/2026,08/26/2026,08/25/2026, Shipped,8
WO0008976,South-4,Apparel,2026-08-24,08/27/2026,2026-08-26, Shipped,2
WO0008977,Northeast-1,Electronics,08/24/2026,2026-08-26,2026-08-25, Shipped,3
WO0008978,Northeast-1,Office Supplies,2026-08-24,2026-08-25,2026-08-24,Shipped,10
WO0008979,Midwest-2,Home Goods,2026-08-24,2026-08-25,2026-08-25, Shipped,10
WO0008979,Midwest-2,Home Goods,2026-08-24,2026-08-25,2026-08-25, Shipped,10
WO0008980,West-3,Apparel,2026-08-24,2026-08-25,08/26/2026,delayed,5
WO0008981,South-4,Outdoor,2026-08-24,2026-08-25,08/25/2026,Shipped,2
WO0008982,Northeast-1,Home Goods,2026-08-24,2026-08-25,2026-08-25,shipped,4
WO0008983,West-3,Office Supplies,08/24/2026,08/25/2026,2026-08-25, Shipped,8
WO0008984,Northeast-1,Office Supplies,08/24/2026,08/25/2026,08/25/2026, Shipped,3
WO0008985,West-3,Apparel,08/25/2026,08/26/2026,2026-08-25,Shipped,6
WO0008986,Northeast-1,Office Supplies,2026-08-25,2026-08-26,2026-08-25,Shipped,4
WO0008987,Midwest-2,Office Supplies,2026-08-25,08/26/2026,2026-08-26, Shipped,8
WO0008988,Northeast-1,Home Goods,08/25/2026,2026-08-28,2026-08-28,Shipped,5
WO0008989,Midwest-2,Home Goods,2026-08-25,08/28/2026,2026-08-28,shipped,8
WO0008990,Midwest-2,Electronics,2026-08-25,08/28/2026,08/28/2026,shipped,3
WO0008991,Northeast-1,Office Supplies,2026-08-25,08/26/2026,2026-08-25,shipped,4
WO0008992,Northeast-1,Electronics,2026-08-25,2026-08-26,2026-08-26,Shipped,7
WO0008993,Northeast-1,Office Supplies,08/25/2026,2026-08-27,08/26/2026,Shipped,10
WO0008994,Northeast-1,Home Goods,08/25/2026,08/28/2026,08/28/2026,SHIPPED,8
WO0008995,West-3,Office Supplies,2026-08-25,2026-08-28,09/01/2026,Delayed,8
WO0008996,Northeast-1,Outdoor,08/25/2026,08/28/2026,08/28/2026,shipped,7
WO0008997,Midwest-2,Apparel,08/25/2026,2026-08-27,,Delayed,10
WO0008998,South-4,Home Goods,2026-08-25,08/26/2026,08/26/2026, Shipped,7
WO0008999,Midwest-2,Electronics,08/25/2026,2026-08-27,08/26/2026,Shipped,3
WO0009000,South-4,Home Goods,2026-08-25,2026-08-26,08/26/2026, Shipped,5
WO0009001,Northeast-1,Electronics,08/25/2026,2026-08-28,08/28/2026, Shipped,6
WO0009002,Midwest-2,Office Supplies,2026-08-25,2026-08-28,2026-08-27, Shipped,6
WO0009003,Midwest-2,Office Supplies,08/25/2026,08/26/2026,2026-08-26,SHIPPED,1
WO0009004,Northeast-1,Home Goods,08/25/2026,2026-08-27,2026-08-26,shipped,3
WO0009005,Northeast-1,Outdoor,2026-08-25,2026-08-28,2026-08-27,Shipped,5
WO0009006,West-3,Electronics,2026-08-25,2026-08-27,2026-08-28,delayed,2
WO0009007,West-3,Electronics,2026-08-25,2026-08-28,2026-08-28,shipped,4
WO0009008,Northeast-1,Electronics,08/25/2026,2026-08-28,2026-08-28,SHIPPED,4
WO0009009,West-3,Outdoor,08/25/2026,08/28/2026,2026-08-27,Shipped,7
WO0009010,Northeast-1,Outdoor,2026-08-25,2026-08-28,2026-08-28,Shipped,2
WO0009011,Northeast-1,Electronics,08/25/2026,08/26/2026,08/26/2026, Shipped,8
WO0009012,Midwest-2,Office Supplies,2026-08-25,2026-08-27,,DELAYED,7
WO0009012,Midwest-2,Office Supplies,2026-08-25,2026-08-27,,DELAYED,7
WO0009013,Midwest-2,Apparel,2026-08-25,08/28/2026,2026-08-28, Shipped,11
WO0009014,West-3,Outdoor,08/25/2026,2026-08-28,08/28/2026,SHIPPED,7
WO0009015,Midwest-2,Outdoor,2026-08-25,2026-08-27,08/27/2026,SHIPPED,5
WO0009016,South-4,Outdoor,2026-08-25,2026-08-27,2026-08-26,Shipped,2
WO0009017,South-4,Apparel,08/25/2026,08/27/2026,2026-08-27, Shipped,7
WO0009018,West-3,Electronics,2026-08-25,08/28/2026,2026-08-28,SHIPPED,8
WO0009019,South-4,Home Goods,08/25/2026,2026-08-28,08/28/2026,Shipped,7
WO0009020,South-4,Apparel,2026-08-25,08/26/2026,2026-08-26,SHIPPED,1
WO0009021,Northeast-1,Outdoor,08/25/2026,2026-08-27,08/27/2026,Shipped,8
WO0009022,South-4,Office Supplies,08/25/2026,2026-08-27,2026-08-27,shipped,10
WO0009023,Northeast-1,Home Goods,08/25/2026,2026-08-28,2026-08-27, Shipped,2
WO0009024,West-3,Office Supplies,08/25/2026,08/27/2026,2026-08-27,SHIPPED,10
WO0009025,Midwest-2,Outdoor,2026-08-25,2026-08-26,2026-08-26,SHIPPED,5
WO0009026,Northeast-1,Home Goods,08/25/2026,08/28/2026,2026-08-28,Shipped,5
WO0009027,South-4,Outdoor,08/25/2026,2026-08-26,2026-08-26,shipped,4
WO0009028,Northeast-1,Outdoor,2026-08-25,08/27/2026,08/27/2026,Shipped,8
WO0009029,West-3,Electronics,08/25/2026,08/27/2026,08/26/2026,Shipped,8
WO0009030,Northeast-1,Outdoor,2026-08-25,08/28/2026,08/28/2026, Shipped,7
WO0009031,South-4,Outdoor,2026-08-25,08/27/2026,2026-08-26, Shipped,2
WO0009032,Northeast-1,Electronics,2026-08-25,2026-08-27,2026-08-26,shipped,1
WO0009033,Northeast-1,Home Goods,08/25/2026,08/26/2026,2026-08-25,shipped,9
WO0009034,Northeast-1,Electronics,08/25/2026,2026-08-26,08/25/2026,Shipped,11
WO0009035,Northeast-1,Apparel,2026-08-25,2026-08-28,2026-08-29,Delayed,9
WO0009036,Midwest-2,Electronics,2026-08-25,08/27/2026,08/26/2026,SHIPPED,5
WO0009037,South-4,Electronics,2026-08-25,08/26/2026,08/25/2026,SHIPPED,3
WO0009038,Midwest-2,Electronics,08/25/2026,2026-08-28,08/28/2026,Shipped,5
WO0009039,West-3,Office Supplies,08/25/2026,2026-08-26,,Delayed,11
WO0009040,Midwest-2,Office Supplies,2026-08-25,2026-08-27,2026-08-28,DELAYED,1
WO0009041,Northeast-1,Outdoor,08/25/2026,08/28/2026,2026-08-27,Shipped,5
WO0009042,Midwest-2,Home Goods,08/25/2026,08/27/2026,08/26/2026,shipped,8
WO0009043,Northeast-1,Home Goods,08/25/2026,08/27/2026,08/27/2026,shipped,1
WO0009044,West-3,Apparel,2026-08-25,08/27/2026,2026-08-29,DELAYED,4
WO0009045,Northeast-1,Electronics,08/25/2026,2026-08-27,08/27/2026,shipped,1
WO0009046,West-3,Office Supplies,08/25/2026,08/27/2026,08/27/2026,SHIPPED,6
WO0009047,Midwest-2,Outdoor,2026-08-25,08/26/2026,2026-08-26,Shipped,11
WO0009047,Midwest-2,Outdoor,2026-08-25,08/26/2026,2026-08-26,Shipped,11
WO0009048,West-3,Home Goods,2026-08-25,08/26/2026,08/26/2026,shipped,6
WO0009049,South-4,Office Supplies,2026-08-25,08/26/2026,08/26/2026,SHIPPED,11
WO0009049,South-4,Office Supplies,2026-08-25,08/26/2026,08/26/2026,SHIPPED,11
WO0009050,Northeast-1,Apparel,2026-08-25,08/27/2026,2026-08-26,SHIPPED,10
WO0009050,Northeast-1,Apparel,2026-08-25,08/27/2026,2026-08-26,SHIPPED,10
WO0009051,Midwest-2,Home Goods,08/25/2026,2026-08-26,2026-08-25, Shipped,8
WO0009052,West-3,Office Supplies,2026-08-25,08/27/2026,08/26/2026,shipped,1
WO0009053,Midwest-2,Office Supplies,08/25/2026,2026-08-26,2026-08-25, Shipped,9
WO0009054,West-3,Electronics,08/25/2026,08/27/2026,08/26/2026,shipped,2
WO0009055,Northeast-1,Office Supplies,2026-08-25,2026-08-28,2026-08-27,SHIPPED,11
WO0009056,Northeast-1,Electronics,2026-08-25,2026-08-27,2026-08-26, Shipped,6
WO0009057,Northeast-1,Electronics,08/25/2026,2026-08-26,2026-08-25,Shipped,3
WO0009058,South-4,Home Goods,2026-08-25,08/26/2026,08/25/2026, Shipped,10
WO0009058,South-4,Home Goods,2026-08-25,08/26/2026,08/25/2026, Shipped,10
WO0009059,West-3,Home Goods,08/25/2026,2026-08-27,2026-08-26,SHIPPED,3
WO0009060,Midwest-2,Apparel,2026-08-25,08/27/2026,08/26/2026, Shipped,9
WO0009061,Northeast-1,Apparel,2026-08-25,08/26/2026,2026-08-25, Shipped,10
WO0009062,West-3,Apparel,08/25/2026,08/26/2026,2026-08-26,shipped,3
WO0009063,Midwest-2,Apparel,08/25/2026,2026-08-28,08/28/2026,shipped,2
WO0009064,West-3,Home Goods,2026-08-25,08/26/2026,2026-08-25,shipped,2
WO0009065,West-3,Home Goods,2026-08-25,08/28/2026,,Delayed,10
WO0009066,West-3,Electronics,2026-08-25,08/26/2026,2026-08-31,delayed,9
WO0009067,South-4,Office Supplies,08/25/2026,08/27/2026,08/27/2026,SHIPPED,5
WO0009068,Midwest-2,Electronics,2026-08-25,2026-08-26,2026-08-25,shipped,11
WO0009069,Northeast-1,Electronics,08/25/2026,08/27/2026,08/26/2026,SHIPPED,1
WO0009070,South-4,Outdoor,08/25/2026,08/27/2026,2026-08-26,Shipped,10
WO0009071,West-3,Apparel,2026-08-25,2026-08-28,08/27/2026,Shipped,9
WO0009072,South-4,Electronics,2026-08-25,2026-08-27,2026-08-27,shipped,2
WO0009073,West-3,Electronics,08/25/2026,08/26/2026,2026-08-25,shipped,10
WO0009074,Northeast-1,Office Supplies,2026-08-25,08/27/2026,2026-08-27,Shipped,6
WO0009075,West-3,Home Goods,08/25/2026,08/27/2026,,Delayed,4
WO0009076,Midwest-2,Electronics,2026-08-25,2026-08-26,2026-08-25,shipped,7
WO0009077,Midwest-2,Electronics,2026-08-25,2026-08-27,08/27/2026,Shipped,9
WO0009078,South-4,Outdoor,08/25/2026,08/27/2026,08/26/2026, Shipped,11
WO0009079,West-3,Apparel,2026-08-25,08/27/2026,,Canceled,2
WO0009080,Midwest-2,Outdoor,2026-08-25,08/28/2026,08/28/2026,shipped,8
WO0009081,South-4,Office Supplies,2026-08-25,2026-08-27,2026-08-27, Shipped,6
WO0009082,South-4,Home Goods,2026-08-25,08/27/2026,08/27/2026,shipped,2
WO0009083,Midwest-2,Office Supplies,2026-08-25,08/26/2026,08/25/2026, Shipped,6
WO0009084,Midwest-2,Apparel,2026-08-25,08/28/2026,08/27/2026,shipped,3
WO0009085,Midwest-2,Outdoor,08/25/2026,2026-08-26,2026-08-25,shipped,5
WO0009086,South-4,Outdoor,08/25/2026,08/28/2026,08/28/2026,shipped,4
WO0009087,West-3,Electronics,2026-08-25,08/28/2026,2026-08-30,Delayed,1
WO0009088,Midwest-2,Office Supplies,2026-08-25,2026-08-27,08/26/2026,shipped,11
WO0009089,South-4,Electronics,2026-08-25,2026-08-27,2026-08-27, Shipped,2
WO0009090,South-4,Office Supplies,08/25/2026,2026-08-27,08/27/2026, Shipped,4
WO0009091,South-4,Office Supplies,2026-08-25,08/26/2026,08/25/2026,SHIPPED,10
WO0009092,West-3,Apparel,2026-08-25,08/28/2026,08/27/2026,SHIPPED,6
WO0009093,Midwest-2,Electronics,2026-08-25,08/26/2026,2026-08-26,Shipped,4
WO0009094,West-3,Apparel,2026-08-25,08/26/2026,2026-08-25,SHIPPED,1
WO0009095,West-3,Outdoor,2026-08-25,2026-08-27,2026-08-26,SHIPPED,2
WO0009096,South-4,Outdoor,08/25/2026,08/28/2026,2026-08-27,SHIPPED,3
WO0009097,South-4,Outdoor,08/25/2026,08/26/2026,2026-08-26, Shipped,8
WO0009098,Northeast-1,Outdoor,2026-08-25,2026-08-28,08/27/2026, Shipped,11
WO0009099,Midwest-2,Home Goods,08/25/2026,08/28/2026,08/27/2026,Shipped,11
WO0009100,West-3,Electronics,08/25/2026,2026-08-28,,Delayed,6
WO0009101,West-3,Electronics,2026-08-25,08/27/2026,,delayed,1
WO0009102,Northeast-1,Office Supplies,08/25/2026,2026-08-28,08/28/2026,SHIPPED,6
WO0009103,South-4,Electronics,08/25/2026,2026-08-28,08/28/2026, Shipped,5
WO0009104,South-4,Outdoor,08/25/2026,08/27/2026,2026-08-27,SHIPPED,5
WO0009105,West-3,Electronics,2026-08-25,08/28/2026,08/28/2026,shipped,4
WO0009106,West-3,Outdoor,08/25/2026,2026-08-26,08/31/2026,delayed,4
WO0009107,Midwest-2,Apparel,08/25/2026,08/26/2026,08/25/2026, Shipped,11
WO0009108,Northeast-1,Apparel,08/25/2026,08/27/2026,08/27/2026,SHIPPED,1
WO0009109,Northeast-1,Outdoor,08/25/2026,08/27/2026,2026-08-27,shipped,1
WO0009110,West-3,Home Goods,08/25/2026,2026-08-27,2026-08-26,shipped,10
WO0009111,South-4,Home Goods,2026-08-25,08/26/2026,2026-08-25,SHIPPED,3
WO0009112,Midwest-2,Office Supplies,2026-08-25,2026-08-28,08/27/2026,shipped,8
WO0009113,Northeast-1,Outdoor,08/25/2026,08/28/2026,2026-08-30,DELAYED,11
WO0009114,Northeast-1,Home Goods,08/25/2026,08/26/2026,2026-08-25,shipped,9
WO0009115,Northeast-1,Electronics,08/25/2026,08/28/2026,2026-08-28,SHIPPED,10
WO0009116,Midwest-2,Apparel,2026-08-25,08/28/2026,2026-08-28, Shipped,7
WO0009117,West-3,Apparel,2026-08-25,2026-08-28,08/28/2026,SHIPPED,11
WO0009118,South-4,Office Supplies,2026-08-25,08/26/2026,2026-08-29,DELAYED,2
WO0009119,Northeast-1,Office Supplies,08/25/2026,08/27/2026,08/27/2026,shipped,1
WO0009120,Northeast-1,Outdoor,08/25/2026,2026-08-28,08/28/2026,SHIPPED,5
WO0009121,South-4,Office Supplies,08/25/2026,08/26/2026,2026-08-25,SHIPPED,3
WO0009122,Midwest-2,Apparel,2026-08-25,2026-08-26,08/25/2026,shipped,3
WO0009123,Northeast-1,Office Supplies,2026-08-25,2026-08-26,08/26/2026,Shipped,9
WO0009124,South-4,Outdoor,08/25/2026,2026-08-28,2026-08-27,SHIPPED,1
WO0009125,Midwest-2,Outdoor,2026-08-25,08/27/2026,08/27/2026,Shipped,10
WO0009126,West-3,Electronics,08/25/2026,08/27/2026,08/26/2026,Shipped,10
WO0009127,West-3,Office Supplies,2026-08-25,08/27/2026,2026-08-26,SHIPPED,4
WO0009128,West-3,Electronics,2026-08-25,2026-08-26,2026-08-26,shipped,5
WO0009129,South-4,Home Goods,08/25/2026,2026-08-27,2026-08-27,Shipped,2
WO0009130,Northeast-1,Electronics,08/25/2026,2026-08-27,08/27/2026, Shipped,4
WO0009131,Midwest-2,Outdoor,2026-08-25,08/26/2026,2026-08-26, Shipped,4
WO0009132,Midwest-2,Office Supplies,08/25/2026,2026-08-27,08/27/2026,Shipped,5
WO0009133,Midwest-2,Outdoor,2026-08-25,2026-08-27,2026-08-27,SHIPPED,5
WO0009134,Northeast-1,Home Goods,08/25/2026,08/27/2026,08/26/2026, Shipped,8
WO0009135,South-4,Apparel,08/25/2026,08/26/2026,08/26/2026,Shipped,11
WO0009136,Northeast-1,Office Supplies,08/25/2026,08/26/2026,08/26/2026,Shipped,11
WO0009137,West-3,Office Supplies,2026-08-26,2026-08-29,,DELAYED,3
WO0009138,West-3,Apparel,2026-08-26,2026-08-28,08/27/2026,shipped,9
WO0009139,Midwest-2,Office Supplies,08/26/2026,08/28/2026,08/27/2026, Shipped,4
WO0009140,West-3,Outdoor,2026-08-26,08/27/2026,08/27/2026,Shipped,3
WO0009141,West-3,Outdoor,08/26/2026,08/28/2026,08/28/2026,shipped,6
WO0009142,South-4,Home Goods,08/26/2026,08/29/2026,2026-08-28,shipped,4
WO0009143,West-3,Apparel,08/26/2026,2026-08-27,08/27/2026,Shipped,8
WO0009144,Midwest-2,Outdoor,08/26/2026,2026-08-27,08/27/2026,Shipped,11
WO0009145,Northeast-1,Electronics,2026-08-26,08/28/2026,08/28/2026,Shipped,5
WO0009146,Midwest-2,Outdoor,08/26/2026,08/27/2026,08/26/2026,SHIPPED,10
WO0009147,Northeast-1,Apparel,2026-08-26,2026-08-27,2026-08-27,SHIPPED,5
WO0009148,Midwest-2,Outdoor,08/26/2026,2026-08-28,2026-08-28, Shipped,3
WO0009149,Midwest-2,Outdoor,2026-08-26,2026-08-27,2026-08-26,SHIPPED,9
WO0009150,South-4,Home Goods,2026-08-26,2026-08-29,2026-08-28,shipped,4
WO0009151,West-3,Apparel,2026-08-26,08/27/2026,08/26/2026,SHIPPED,10
WO0009152,West-3,Electronics,2026-08-26,08/29/2026,,delayed,2
WO0009153,Northeast-1,Outdoor,2026-08-26,08/28/2026,08/27/2026,SHIPPED,10
WO0009154,Northeast-1,Apparel,2026-08-26,2026-08-29,2026-08-29, Shipped,7
WO0009155,Midwest-2,Home Goods,2026-08-26,08/29/2026,2026-08-28,shipped,5
WO0009156,West-3,Electronics,08/26/2026,08/28/2026,,delayed,8
WO0009157,Midwest-2,Home Goods,08/26/2026,2026-08-28,2026-08-28,Shipped,5
WO0009158,South-4,Electronics,08/26/2026,2026-08-28,08/28/2026,Shipped,3
WO0009159,South-4,Office Supplies,08/26/2026,08/28/2026,08/27/2026, Shipped,11
WO0009159,South-4,Office Supplies,08/26/2026,08/28/2026,08/27/2026, Shipped,11
WO0009160,Northeast-1,Home Goods,2026-08-26,2026-08-28,2026-08-28,SHIPPED,11
WO0009161,South-4,Apparel,08/26/2026,08/27/2026,08/29/2026,DELAYED,1
WO0009162,West-3,Office Supplies,2026-08-26,2026-08-27,08/27/2026,SHIPPED,9
WO0009163,West-3,Electronics,2026-08-26,08/28/2026,2026-08-28, Shipped,3
WO0009164,Northeast-1,Electronics,2026-08-26,08/27/2026,08/27/2026,shipped,2
WO0009165,West-3,Electronics,08/26/2026,2026-08-28,,Delayed,3
WO0009166,South-4,Office Supplies,08/26/2026,08/29/2026,08/29/2026, Shipped,5
WO0009166,South-4,Office Supplies,08/26/2026,08/29/2026,08/29/2026, Shipped,5
WO0009167,Northeast-1,Electronics,08/26/2026,2026-08-27,08/26/2026, Shipped,9
WO0009168,Northeast-1,Outdoor,08/26/2026,2026-08-27,08/27/2026,shipped,8
WO0009169,South-4,Home Goods,08/26/2026,2026-08-29,08/29/2026, Shipped,10
WO0009170,West-3,Apparel,08/26/2026,2026-08-29,,Delayed,2
WO0009171,Northeast-1,Home Goods,08/26/2026,08/28/2026,2026-08-28,SHIPPED,5
WO0009172,Northeast-1,Outdoor,2026-08-26,08/27/2026,08/26/2026,SHIPPED,4
WO0009173,Midwest-2,Outdoor,2026-08-26,2026-08-28,2026-08-27,shipped,9
WO0009174,Northeast-1,Apparel,08/26/2026,2026-08-29,2026-08-28,shipped,3
WO0009175,Midwest-2,Home Goods,08/26/2026,08/27/2026,2026-08-27, Shipped,6
WO0009176,South-4,Electronics,2026-08-26,08/27/2026,2026-08-26,shipped,2
WO0009177,Northeast-1,Apparel,08/26/2026,2026-08-28,2026-08-27,SHIPPED,1
WO0009178,Midwest-2,Electronics,08/26/2026,08/28/2026,2026-08-27,SHIPPED,10
WO0009179,Midwest-2,Electronics,08/26/2026,08/28/2026,08/28/2026,SHIPPED,7
WO0009180,West-3,Electronics,2026-08-26,2026-08-29,08/29/2026,shipped,9
WO0009181,,Electronics,2026-08-26,2026-08-29,08/29/2026,shipped,9
WO0009182,Midwest-2,Electronics,08/26/2026,2026-08-28,2026-08-28,Shipped,11
WO0009183,West-3,Home Goods,2026-08-26,2026-08-28,09/02/2026,Delayed,8
WO0009184,Northeast-1,Home Goods,08/26/2026,08/28/2026,2026-08-28, Shipped,2
WO0009185,Northeast-1,Electronics,2026-08-26,08/29/2026,08/29/2026,SHIPPED,2
WO0009186,Northeast-1,Apparel,08/26/2026,08/29/2026,08/28/2026,Shipped,10
WO0009187,South-4,Outdoor,08/26/2026,08/28/2026,2026-08-27,shipped,6
WO0009188,Northeast-1,Home Goods,2026-08-26,2026-08-27,2026-08-26,Shipped,11
WO0009189,Northeast-1,Office Supplies,2026-08-26,2026-08-28,08/27/2026, Shipped,4
WO0009190,South-4,Electronics,2026-08-26,2026-08-27,2026-08-26, Shipped,7
WO0009191,Northeast-1,Office Supplies,2026-08-26,08/28/2026,08/28/2026,shipped,9
WO0009192,South-4,Home Goods,08/26/2026,08/29/2026,08/28/2026, Shipped,7
WO0009193,West-3,Apparel,08/26/2026,2026-08-29,2026-09-02,Delayed,8
WO0009194,Midwest-2,Home Goods,08/26/2026,2026-08-28,2026-08-27, Shipped,1
WO0009195,Northeast-1,Home Goods,2026-08-26,2026-08-28,2026-08-28,Shipped,10
WO0009196,Midwest-2,Apparel,2026-08-26,08/29/2026,08/29/2026, Shipped,5
WO0009197,West-3,Office Supplies,08/26/2026,08/29/2026,2026-09-01,delayed,4
WO0009198,Northeast-1,Electronics,08/26/2026,08/29/2026,,delayed,1
WO0009199,South-4,Office Supplies,08/26/2026,2026-08-29,2026-08-28,SHIPPED,1
WO0009200,Northeast-1,Outdoor,2026-08-26,08/29/2026,2026-08-28,Shipped,6
WO0009201,South-4,Apparel,08/26/2026,2026-08-27,08/27/2026,shipped,1
WO0009202,South-4,Outdoor,2026-08-26,2026-08-27,2026-08-26,Shipped,2
WO0009203,Northeast-1,Apparel,2026-08-26,08/29/2026,2026-08-29,shipped,5
WO0009204,Northeast-1,Electronics,08/26/2026,08/28/2026,08/27/2026,SHIPPED,2
WO0009205,West-3,Home Goods,08/26/2026,08/29/2026,08/28/2026,Shipped,5
WO0009205,West-3,Home Goods,08/26/2026,08/29/2026,08/28/2026,Shipped,5
WO0009206,South-4,Outdoor,08/26/2026,08/28/2026,08/28/2026, Shipped,2
WO0009207,South-4,Apparel,08/26/2026,08/27/2026,2026-08-26,SHIPPED,2
WO0009208,Midwest-2,Home Goods,2026-08-26,08/29/2026,08/28/2026,shipped,11
WO0009209,West-3,Electronics,08/26/2026,2026-08-28,09/01/2026,Delayed,6
WO0009210,South-4,Home Goods,2026-08-26,2026-08-27,2026-08-27,SHIPPED,11
WO0009211,Midwest-2,Office Supplies,2026-08-26,08/29/2026,08/28/2026, Shipped,7
WO0009212,West-3,Outdoor,2026-08-26,08/29/2026,09/03/2026,DELAYED,8
WO0009213,,Outdoor,2026-08-26,08/29/2026,09/03/2026,DELAYED,8
WO0009214,West-3,Outdoor,2026-08-26,2026-08-28,2026-08-28, Shipped,3
WO0009215,West-3,Electronics,2026-08-26,2026-08-27,2026-08-26,shipped,5
WO0009216,Northeast-1,Office Supplies,08/26/2026,2026-08-29,2026-08-29,Shipped,9
WO0009217,Northeast-1,Outdoor,08/26/2026,08/28/2026,08/27/2026, Shipped,3
WO0009218,Midwest-2,Apparel,08/26/2026,08/27/2026,08/27/2026,shipped,5
WO0009219,Midwest-2,Office Supplies,08/26/2026,2026-08-27,2026-08-27, Shipped,9
WO0009220,West-3,Office Supplies,2026-08-26,08/27/2026,08/27/2026,Shipped,5
WO0009221,Midwest-2,Home Goods,08/26/2026,08/29/2026,2026-08-28,shipped,3
WO0009222,Midwest-2,Home Goods,2026-08-26,2026-08-27,2026-08-27, Shipped,8
WO0009223,Midwest-2,Electronics,08/26/2026,2026-08-27,2026-08-27,shipped,9
WO0009224,Midwest-2,Outdoor,2026-08-26,2026-08-29,2026-08-29,SHIPPED,9
WO0009225,West-3,Outdoor,2026-08-26,2026-08-28,2026-08-28,SHIPPED,6
WO0009226,West-3,Electronics,08/26/2026,08/27/2026,2026-08-26, Shipped,10
WO0009227,Northeast-1,Home Goods,2026-08-26,08/29/2026,08/29/2026,shipped,7
WO0009228,Northeast-1,Apparel,2026-08-26,2026-08-27,08/27/2026,shipped,2
WO0009229,Northeast-1,Apparel,2026-08-26,08/27/2026,2026-08-27,shipped,8
WO0009230,West-3,Apparel,08/26/2026,2026-08-29,2026-08-29,shipped,5
WO0009231,Midwest-2,Electronics,08/26/2026,2026-08-28,2026-08-28,shipped,7
WO0009232,Northeast-1,Home Goods,2026-08-26,2026-08-29,08/29/2026,Shipped,5
WO0009233,Northeast-1,Apparel,08/26/2026,08/28/2026,08/28/2026,shipped,1
WO0009234,Northeast-1,Home Goods,2026-08-26,08/28/2026,08/28/2026,SHIPPED,11
WO0009235,Midwest-2,Apparel,08/26/2026,08/27/2026,08/27/2026,SHIPPED,4
WO0009236,West-3,Apparel,08/26/2026,2026-08-27,08/26/2026, Shipped,9
WO0009237,South-4,Electronics,08/26/2026,2026-08-28,2026-08-27,Shipped,9
WO0009238,Northeast-1,Home Goods,08/26/2026,08/27/2026,2026-08-27, Shipped,8
WO0009239,Midwest-2,Outdoor,2026-08-26,2026-08-27,08/26/2026,SHIPPED,10
WO0009240,Northeast-1,Home Goods,2026-08-26,08/28/2026,2026-08-27,Shipped,11
WO0009241,Midwest-2,Outdoor,08/26/2026,2026-08-28,08/27/2026,SHIPPED,4
WO0009242,West-3,Outdoor,2026-08-26,08/27/2026,2026-08-27,Shipped,1
WO0009243,West-3,Electronics,08/26/2026,2026-08-28,2026-08-29,DELAYED,8
WO0009244,West-3,Home Goods,2026-08-26,08/29/2026,,DELAYED,10
WO0009245,South-4,Office Supplies,08/26/2026,2026-08-29,2026-08-29, Shipped,3
WO0009246,Midwest-2,Apparel,08/26/2026,08/28/2026,2026-08-27,Shipped,8
WO0009247,Northeast-1,Outdoor,08/26/2026,08/28/2026,2026-08-27,SHIPPED,3
WO0009248,Midwest-2,Electronics,08/26/2026,08/28/2026,2026-08-27,SHIPPED,3
WO0009249,Northeast-1,Home Goods,08/26/2026,08/27/2026,08/26/2026,Shipped,4
WO0009250,Northeast-1,Apparel,2026-08-26,2026-08-28,2026-08-27, Shipped,8
WO0009251,South-4,Home Goods,2026-08-26,2026-08-28,2026-08-27,Shipped,7
WO0009252,Northeast-1,Electronics,08/26/2026,2026-08-27,08/26/2026, Shipped,3
WO0009253,West-3,Outdoor,2026-08-26,08/29/2026,,DELAYED,2
WO0009254,Northeast-1,Apparel,08/26/2026,08/29/2026,08/29/2026,SHIPPED,10
WO0009255,Midwest-2,Office Supplies,2026-08-26,2026-08-28,08/27/2026,Shipped,1
WO0009256,Northeast-1,Home Goods,2026-08-26,08/28/2026,08/27/2026,SHIPPED,9
WO0009257,South-4,Apparel,2026-08-26,2026-08-27,08/26/2026,shipped,11
WO0009258,Northeast-1,Outdoor,08/26/2026,08/27/2026,08/26/2026,Shipped,6
WO0009259,South-4,Office Supplies,08/26/2026,2026-08-27,08/27/2026,SHIPPED,8
WO0009260,West-3,Electronics,2026-08-26,08/29/2026,08/29/2026, Shipped,6
WO0009261,West-3,Electronics,08/26/2026,2026-08-27,2026-08-27,shipped,8
WO0009261,West-3,Electronics,08/26/2026,2026-08-27,2026-08-27,shipped,8
WO0009262,West-3,Electronics,08/26/2026,08/29/2026,08/28/2026,shipped,6
WO0009263,South-4,Outdoor,08/26/2026,08/27/2026,08/28/2026,Delayed,2
WO0009264,West-3,Apparel,08/26/2026,08/27/2026,2026-08-27,SHIPPED,9
WO0009265,West-3,Home Goods,2026-08-26,2026-08-28,08/31/2026,delayed,11
WO0009266,Midwest-2,Apparel,08/26/2026,2026-08-29,,Canceled,1
WO0009267,Midwest-2,Office Supplies,2026-08-26,2026-08-27,08/26/2026,shipped,1
WO0009268,West-3,Electronics,08/26/2026,08/29/2026,2026-08-28, Shipped,2
WO0009269,Northeast-1,Home Goods,2026-08-26,2026-08-29,2026-08-28, Shipped,8
WO0009270,Midwest-2,Outdoor,2026-08-26,08/29/2026,08/29/2026,Shipped,7
WO0009271,South-4,Home Goods,2026-08-26,08/28/2026,08/28/2026,Shipped,2
WO0009272,Midwest-2,Home Goods,2026-08-26,2026-08-27,08/26/2026, Shipped,2
WO0009273,South-4,Home Goods,08/26/2026,08/29/2026,08/28/2026,Shipped,4
WO0009274,Northeast-1,Outdoor,08/26/2026,2026-08-28,2026-08-28, Shipped,3
WO0009274,Northeast-1,Outdoor,08/26/2026,2026-08-28,2026-08-28, Shipped,3
WO0009275,West-3,Office Supplies,08/26/2026,2026-08-27,08/27/2026, Shipped,2
WO0009276,Midwest-2,Home Goods,08/26/2026,2026-08-29,08/29/2026,SHIPPED,5
WO0009276,Midwest-2,Home Goods,08/26/2026,2026-08-29,08/29/2026,SHIPPED,5
WO0009277,Midwest-2,Electronics,08/26/2026,08/29/2026,2026-08-28,SHIPPED,10
WO0009278,Northeast-1,Outdoor,08/26/2026,2026-08-28,08/27/2026,SHIPPED,7
WO0009279,West-3,Outdoor,08/26/2026,08/29/2026,09/01/2026,Delayed,9
WO0009280,South-4,Outdoor,08/26/2026,08/29/2026,2026-08-28,SHIPPED,4
WO0009281,Northeast-1,Home Goods,08/26/2026,08/28/2026,08/27/2026,SHIPPED,9
WO0009282,Midwest-2,Apparel,2026-08-27,2026-08-28,2026-08-28,Shipped,5
WO0009283,West-3,Home Goods,2026-08-27,2026-08-29,2026-08-29,shipped,8
WO0009284,South-4,Apparel,08/27/2026,08/30/2026,08/29/2026,Shipped,11
WO0009285,South-4,Outdoor,2026-08-27,2026-08-29,2026-08-29,shipped,1
WO0009286,Midwest-2,Outdoor,08/27/2026,08/28/2026,08/27/2026,Shipped,5
WO0009287,Midwest-2,Electronics,08/27/2026,2026-08-28,08/27/2026,Shipped,3
WO0009288,Midwest-2,Home Goods,08/27/2026,08/30/2026,2026-08-30,SHIPPED,3
WO0009289,Northeast-1,Home Goods,2026-08-27,2026-08-28,08/27/2026,Shipped,9
WO0009290,Midwest-2,Electronics,2026-08-27,2026-08-28,08/27/2026,Shipped,10
WO0009291,Northeast-1,Office Supplies,08/27/2026,08/28/2026,08/28/2026, Shipped,11
WO0009292,Midwest-2,Office Supplies,08/27/2026,08/30/2026,08/29/2026,SHIPPED,3
WO0009293,Northeast-1,Home Goods,08/27/2026,08/30/2026,2026-08-29, Shipped,1
WO0009294,West-3,Office Supplies,08/27/2026,08/29/2026,2026-08-29,Shipped,7
WO0009295,South-4,Home Goods,08/27/2026,2026-08-28,2026-08-28,shipped,6
WO0009296,Midwest-2,Electronics,2026-08-27,2026-08-29,08/29/2026,Shipped,6
WO0009297,West-3,Apparel,08/27/2026,2026-08-28,,delayed,11
WO0009298,West-3,Apparel,2026-08-27,08/30/2026,2026-08-30,SHIPPED,5
WO0009299,West-3,Electronics,08/27/2026,08/29/2026,2026-08-28, Shipped,6
WO0009300,Midwest-2,Electronics,2026-08-27,08/29/2026,2026-08-28,Shipped,11
WO0009300,Midwest-2,Electronics,2026-08-27,08/29/2026,2026-08-28,Shipped,11
WO0009301,South-4,Apparel,08/27/2026,2026-08-29,08/29/2026,Shipped,11
WO0009302,Northeast-1,Apparel,2026-08-27,2026-08-29,2026-08-28, Shipped,7
WO0009303,Midwest-2,Apparel,2026-08-27,08/30/2026,2026-08-29,Shipped,5
WO0009304,South-4,Office Supplies,2026-08-27,2026-08-29,08/29/2026,SHIPPED,4
WO0009305,South-4,Office Supplies,08/27/2026,2026-08-30,2026-08-30,SHIPPED,4
WO0009306,South-4,Home Goods,2026-08-27,08/30/2026,2026-08-29,shipped,8
WO0009307,West-3,Electronics,08/27/2026,08/28/2026,,delayed,5
WO0009308,West-3,Apparel,2026-08-27,2026-08-28,2026-08-28,shipped,11
WO0009309,South-4,Apparel,08/27/2026,08/29/2026,2026-08-28,Shipped,6
WO0009310,South-4,Home Goods,08/27/2026,2026-08-28,2026-08-27, Shipped,11
WO0009311,Northeast-1,Office Supplies,2026-08-27,2026-08-29,2026-08-28,Shipped,10
WO0009312,South-4,Home Goods,2026-08-27,2026-08-30,09/02/2026,DELAYED,11
WO0009313,South-4,Electronics,08/27/2026,2026-08-29,2026-08-28,SHIPPED,1
WO0009314,Midwest-2,Office Supplies,08/27/2026,08/29/2026,2026-08-29, Shipped,2
WO0009315,West-3,Electronics,08/27/2026,08/28/2026,2026-08-28,shipped,7
WO0009316,West-3,Outdoor,2026-08-27,08/28/2026,08/29/2026,Delayed,10
WO0009317,Midwest-2,Apparel,2026-08-27,08/28/2026,2026-08-27, Shipped,2
WO0009318,South-4,Electronics,08/27/2026,08/29/2026,2026-08-29,SHIPPED,5
WO0009319,South-4,Outdoor,08/27/2026,08/29/2026,08/29/2026,Shipped,2
WO0009319,South-4,Outdoor,08/27/2026,08/29/2026,08/29/2026,Shipped,2
WO0009320,Northeast-1,Outdoor,08/27/2026,2026-08-28,2026-08-28,SHIPPED,6
WO0009321,Northeast-1,Home Goods,2026-08-27,08/30/2026,2026-08-29, Shipped,5
WO0009322,South-4,Outdoor,08/27/2026,2026-08-29,08/28/2026,shipped,8
WO0009323,Northeast-1,Apparel,08/27/2026,08/30/2026,2026-08-30,SHIPPED,5
WO0009324,Northeast-1,Apparel,2026-08-27,2026-08-28,08/28/2026,SHIPPED,9
WO0009325,South-4,Home Goods,2026-08-27,08/28/2026,2026-08-27, Shipped,6
WO0009326,West-3,Home Goods,08/27/2026,2026-08-30,2026-08-29,Shipped,2
WO0009327,South-4,Outdoor,08/27/2026,08/28/2026,2026-08-28,SHIPPED,6
WO0009328,South-4,Electronics,2026-08-27,2026-08-29,08/29/2026,shipped,7
WO0009329,Northeast-1,Office Supplies,08/27/2026,08/29/2026,08/29/2026, Shipped,2
WO0009330,West-3,Apparel,08/27/2026,08/30/2026,,DELAYED,5
WO0009331,South-4,Outdoor,08/27/2026,08/28/2026,08/28/2026,Shipped,2
WO0009332,Northeast-1,Outdoor,08/27/2026,2026-08-30,08/29/2026,Shipped,6
WO0009333,Northeast-1,Electronics,2026-08-27,2026-08-30,2026-08-29,Shipped,1
WO0009334,South-4,Home Goods,08/27/2026,2026-08-28,08/28/2026, Shipped,7
WO0009335,Northeast-1,Outdoor,08/27/2026,08/30/2026,08/29/2026,SHIPPED,9
WO0009336,Midwest-2,Apparel,08/27/2026,2026-08-29,,Delayed,5
WO0009337,Northeast-1,Home Goods,2026-08-27,08/28/2026,08/27/2026,Shipped,1
WO0009338,Midwest-2,Electronics,08/27/2026,2026-08-28,08/27/2026, Shipped,1
WO0009339,Northeast-1,Electronics,08/27/2026,08/29/2026,2026-08-29,SHIPPED,5
WO0009340,West-3,Outdoor,2026-08-27,08/29/2026,,DELAYED,4
WO0009341,South-4,Office Supplies,2026-08-27,08/28/2026,08/28/2026,SHIPPED,8
WO0009342,South-4,Electronics,08/27/2026,08/29/2026,2026-08-28,shipped,8
WO0009343,Northeast-1,Electronics,2026-08-27,2026-08-28,08/27/2026,SHIPPED,4
WO0009344,Midwest-2,Home Goods,2026-08-27,08/30/2026,08/31/2026,Delayed,6
WO0009345,Northeast-1,Outdoor,08/27/2026,08/30/2026,08/30/2026,shipped,11
WO0009346,Midwest-2,Office Supplies,08/27/2026,2026-08-29,2026-08-29,SHIPPED,1
WO0009347,South-4,Outdoor,2026-08-27,2026-08-30,08/29/2026,shipped,11
WO0009348,South-4,Home Goods,08/27/2026,2026-08-30,08/29/2026,shipped,11
WO0009349,Midwest-2,Home Goods,08/27/2026,2026-08-29,08/28/2026,SHIPPED,8
WO0009350,Midwest-2,Electronics,08/27/2026,2026-08-28,2026-08-27,shipped,7
WO0009351,Midwest-2,Office Supplies,08/27/2026,2026-08-29,08/29/2026,SHIPPED,5
WO0009352,,Office Supplies,08/27/2026,2026-08-29,08/29/2026,SHIPPED,5
WO0009353,Midwest-2,Apparel,2026-08-27,2026-08-29,2026-08-28,shipped,1
WO0009354,West-3,Electronics,2026-08-27,2026-08-30,,DELAYED,1
WO0009355,Northeast-1,Apparel,2026-08-27,2026-08-30,2026-08-29,SHIPPED,11
WO0009356,Midwest-2,Home Goods,08/27/2026,2026-08-30,09/03/2026,delayed,10
WO0009357,Midwest-2,Office Supplies,08/27/2026,2026-08-29,2026-08-29, Shipped,5
WO0009358,Northeast-1,Electronics,08/27/2026,2026-08-30,08/29/2026,Shipped,8
WO0009359,South-4,Apparel,2026-08-27,08/29/2026,08/29/2026,shipped,5
WO0009360,South-4,Home Goods,2026-08-27,08/28/2026,08/28/2026,shipped,11
WO0009361,Northeast-1,Home Goods,08/27/2026,2026-08-30,08/29/2026,Shipped,5
WO0009362,West-3,Home Goods,2026-08-27,2026-08-28,2026-08-28,Shipped,11
WO0009363,South-4,Home Goods,08/27/2026,2026-08-29,2026-08-31,DELAYED,10
WO0009363,South-4,Home Goods,08/27/2026,2026-08-29,2026-08-31,DELAYED,10
WO0009364,South-4,Electronics,08/27/2026,2026-08-28,2026-08-28, Shipped,9
WO0009365,Northeast-1,Apparel,2026-08-27,2026-08-30,2026-08-30,shipped,1
WO0009366,Midwest-2,Home Goods,2026-08-27,2026-08-29,08/29/2026, Shipped,1
WO0009367,Northeast-1,Apparel,08/27/2026,2026-08-30,2026-08-30,Shipped,8
WO0009368,South-4,Office Supplies,2026-08-27,2026-08-29,2026-08-28, Shipped,4
WO0009369,South-4,Office Supplies,08/27/2026,08/28/2026,08/28/2026,shipped,5
WO0009370,West-3,Office Supplies,08/27/2026,08/30/2026,08/29/2026, Shipped,2
WO0009371,South-4,Apparel,08/27/2026,08/29/2026,2026-08-28, Shipped,4
WO0009372,Northeast-1,Electronics,2026-08-27,2026-08-28,08/27/2026,Shipped,9
WO0009373,West-3,Outdoor,08/27/2026,2026-08-30,,DELAYED,11
WO0009374,West-3,Home Goods,08/27/2026,2026-08-29,2026-08-30,Delayed,4
WO0009375,South-4,Electronics,08/27/2026,08/28/2026,2026-08-28,Shipped,11
WO0009376,Midwest-2,Home Goods,2026-08-27,2026-08-28,08/28/2026, Shipped,3
WO0009377,West-3,Apparel,2026-08-27,2026-08-29,2026-08-31,delayed,11
WO0009378,South-4,Electronics,08/27/2026,08/29/2026,08/28/2026, Shipped,6
WO0009379,Northeast-1,Electronics,2026-08-27,08/28/2026,,delayed,2
WO0009380,South-4,Electronics,2026-08-27,2026-08-29,08/29/2026, Shipped,11
WO0009381,West-3,Electronics,08/27/2026,2026-08-29,08/31/2026,Delayed,5
WO0009382,South-4,Apparel,08/27/2026,08/30/2026,2026-08-30,shipped,10
WO0009383,West-3,Office Supplies,08/27/2026,2026-08-29,2026-08-31,Delayed,11
WO0009384,South-4,Home Goods,2026-08-27,2026-08-30,08/30/2026,Shipped,7
WO0009384,South-4,Home Goods,2026-08-27,2026-08-30,08/30/2026,Shipped,7
WO0009385,Midwest-2,Outdoor,08/27/2026,2026-08-29,08/29/2026,Shipped,5
WO0009386,Midwest-2,Home Goods,2026-08-27,2026-08-29,2026-08-28, Shipped,8
WO0009387,West-3,Outdoor,2026-08-27,08/30/2026,08/30/2026,Shipped,9
WO0009388,South-4,Electronics,2026-08-27,08/29/2026,2026-08-28,SHIPPED,2
WO0009389,West-3,Office Supplies,2026-08-27,08/28/2026,08/28/2026,Shipped,11
WO0009390,West-3,Office Supplies,2026-08-27,08/30/2026,2026-08-30,shipped,8
WO0009391,South-4,Outdoor,08/27/2026,2026-08-30,2026-08-30,SHIPPED,4
WO0009392,Northeast-1,Outdoor,08/27/2026,08/28/2026,08/27/2026,Shipped,2
WO0009393,Northeast-1,Home Goods,08/27/2026,2026-08-29,2026-08-28,SHIPPED,1
WO0009394,West-3,Electronics,2026-08-27,08/28/2026,2026-08-28,Shipped,1
WO0009395,Northeast-1,Home Goods,08/27/2026,08/29/2026,,Delayed,7
WO0009396,South-4,Outdoor,08/27/2026,2026-08-28,08/28/2026,SHIPPED,10
WO0009397,Midwest-2,Electronics,2026-08-27,2026-08-29,2026-08-31,delayed,9
WO0009398,Northeast-1,Outdoor,2026-08-27,08/28/2026,08/28/2026,shipped,9
WO0009399,Midwest-2,Apparel,2026-08-27,2026-08-30,08/30/2026,Shipped,11
WO0009400,West-3,Office Supplies,2026-08-27,2026-08-30,,Delayed,9
WO0009401,South-4,Electronics,08/27/2026,2026-08-29,2026-08-29,Shipped,7
WO0009402,West-3,Office Supplies,08/27/2026,08/30/2026,08/30/2026, Shipped,4
WO0009403,Northeast-1,Home Goods,2026-08-27,2026-08-28,2026-08-27,shipped,10
WO0009404,Midwest-2,Electronics,2026-08-27,2026-08-30,08/29/2026, Shipped,10
WO0009405,South-4,Home Goods,08/27/2026,08/29/2026,08/28/2026,Shipped,9
WO0009406,Northeast-1,Home Goods,2026-08-27,08/29/2026,08/29/2026,SHIPPED,7
WO0009407,South-4,Electronics,08/27/2026,08/28/2026,2026-08-28,SHIPPED,6
WO0009408,Northeast-1,Office Supplies,2026-08-27,2026-08-30,08/29/2026,Shipped,5
WO0009409,Midwest-2,Electronics,2026-08-27,2026-08-29,08/29/2026, Shipped,7
WO0009410,Midwest-2,Outdoor,08/27/2026,2026-08-28,08/27/2026,SHIPPED,10
WO0009411,Midwest-2,Apparel,08/27/2026,08/28/2026,2026-08-28,SHIPPED,1
WO0009412,Midwest-2,Apparel,2026-08-27,2026-08-29,08/29/2026, Shipped,3
WO0009413,South-4,Outdoor,2026-08-27,08/28/2026,2026-09-01,Delayed,8
WO0009414,Midwest-2,Electronics,2026-08-27,08/28/2026,2026-08-28,SHIPPED,4
WO0009415,West-3,Office Supplies,08/27/2026,08/30/2026,2026-09-03,Delayed,1
WO0009416,Northeast-1,Home Goods,08/27/2026,2026-08-30,08/30/2026, Shipped,9
WO0009417,West-3,Apparel,08/27/2026,2026-08-28,,Delayed,9
WO0009418,Midwest-2,Office Supplies,2026-08-27,2026-08-28,08/27/2026,shipped,10
WO0009419,West-3,Electronics,08/27/2026,08/29/2026,2026-08-28, Shipped,2
WO0009420,Midwest-2,Apparel,08/27/2026,08/28/2026,2026-08-27,shipped,11
WO0009421,South-4,Apparel,08/27/2026,08/28/2026,08/27/2026,SHIPPED,4
WO0009422,Midwest-2,Outdoor,2026-08-27,08/30/2026,08/30/2026,shipped,8
WO0009423,Northeast-1,Outdoor,2026-08-27,08/28/2026,08/27/2026, Shipped,6
WO0009424,Northeast-1,Electronics,08/27/2026,2026-08-30,08/29/2026,shipped,10
WO0009425,Midwest-2,Apparel,2026-08-27,2026-08-30,08/30/2026,Shipped,7
WO0009425,Midwest-2,Apparel,2026-08-27,2026-08-30,08/30/2026,Shipped,7
WO0009426,West-3,Outdoor,2026-08-27,2026-08-30,2026-08-30, Shipped,6
WO0009427,West-3,Apparel,08/27/2026,08/28/2026,2026-08-28,SHIPPED,2
WO0009428,South-4,Home Goods,2026-08-27,2026-08-30,08/30/2026,SHIPPED,9
WO0009429,West-3,Apparel,2026-08-27,08/28/2026,,cancelled,4
WO0009430,West-3,Outdoor,2026-08-27,08/30/2026,2026-08-29,Shipped,2
WO0009431,West-3,Outdoor,2026-08-27,08/28/2026,2026-08-28,Shipped,3
WO0009432,Northeast-1,Apparel,2026-08-27,2026-08-29,2026-08-29,SHIPPED,3
WO0009433,Northeast-1,Electronics,08/27/2026,08/30/2026,2026-08-30,SHIPPED,4
WO0009434,South-4,Home Goods,08/27/2026,08/29/2026,2026-08-29, Shipped,5
WO0009435,Northeast-1,Electronics,2026-08-27,2026-08-29,08/29/2026,Shipped,9
WO0009436,South-4,Apparel,2026-08-27,2026-08-30,08/30/2026,shipped,6
WO0009437,Northeast-1,Office Supplies,2026-08-27,2026-08-29,2026-08-28,SHIPPED,6
WO0009438,West-3,Apparel,2026-08-27,08/30/2026,2026-09-01,Delayed,3
WO0009439,South-4,Electronics,08/27/2026,2026-08-28,08/27/2026,SHIPPED,9
WO0009440,Northeast-1,Office Supplies,2026-08-27,08/30/2026,08/29/2026,shipped,10
WO0009441,West-3,Office Supplies,08/28/2026,2026-08-30,08/29/2026, Shipped,11
WO0009442,Midwest-2,Home Goods,2026-08-28,08/29/2026,08/28/2026,SHIPPED,7
WO0009443,West-3,Home Goods,2026-08-28,2026-08-30,2026-08-30,shipped,11
WO0009444,West-3,Office Supplies,08/28/2026,2026-08-30,08/30/2026,shipped,11
WO0009445,West-3,Home Goods,08/28/2026,2026-08-29,09/02/2026,DELAYED,4
WO0009446,Northeast-1,Apparel,08/28/2026,2026-08-30,2026-08-30, Shipped,5
WO0009447,South-4,Electronics,08/28/2026,2026-08-30,08/29/2026,SHIPPED,9
WO0009448,South-4,Apparel,08/28/2026,2026-08-31,08/31/2026,Shipped,1
WO0009449,Northeast-1,Electronics,08/28/2026,08/30/2026,08/29/2026, Shipped,1
WO0009450,Northeast-1,Apparel,08/28/2026,2026-08-30,2026-08-30,shipped,9
WO0009451,Midwest-2,Electronics,2026-08-28,08/31/2026,2026-08-30, Shipped,5
WO0009452,West-3,Apparel,2026-08-28,08/29/2026,,delayed,4
WO0009452,West-3,Apparel,2026-08-28,08/29/2026,,delayed,4
WO0009453,Midwest-2,Electronics,2026-08-28,2026-08-29,2026-08-28,SHIPPED,6
WO0009454,West-3,Outdoor,2026-08-28,2026-08-29,08/30/2026,DELAYED,2
WO0009455,Midwest-2,Outdoor,08/28/2026,2026-08-30,08/30/2026,shipped,8
WO0009456,West-3,Apparel,08/28/2026,2026-08-29,,delayed,5
WO0009457,West-3,Apparel,08/28/2026,08/29/2026,08/29/2026, Shipped,5
WO0009458,South-4,Office Supplies,08/28/2026,2026-08-31,08/31/2026,shipped,1
WO0009459,West-3,Outdoor,08/28/2026,2026-08-29,08/31/2026,DELAYED,1
WO0009460,West-3,Home Goods,08/28/2026,2026-08-29,2026-09-01,DELAYED,11
WO0009461,South-4,Office Supplies,2026-08-28,2026-08-30,08/30/2026,SHIPPED,3
WO0009462,Midwest-2,Outdoor,2026-08-28,2026-08-31,08/30/2026,Shipped,5
WO0009463,West-3,Outdoor,08/28/2026,08/31/2026,08/31/2026,Shipped,6
WO0009464,West-3,Outdoor,08/28/2026,08/31/2026,,delayed,11
WO0009465,South-4,Outdoor,2026-08-28,08/29/2026,2026-08-28, Shipped,3
WO0009466,Midwest-2,Electronics,2026-08-28,2026-08-31,2026-08-30,SHIPPED,9
WO0009467,West-3,Home Goods,2026-08-28,08/31/2026,2026-08-30,Shipped,4
WO0009468,South-4,Apparel,2026-08-28,2026-08-30,08/30/2026,Shipped,7
WO0009469,Northeast-1,Office Supplies,2026-08-28,08/30/2026,08/29/2026,shipped,1
WO0009470,West-3,Home Goods,08/28/2026,08/30/2026,2026-08-30,Shipped,11
WO0009471,South-4,Electronics,2026-08-28,08/30/2026,2026-08-30, Shipped,9
WO0009472,Northeast-1,Home Goods,2026-08-28,08/30/2026,2026-08-29, Shipped,2
WO0009473,Midwest-2,Apparel,08/28/2026,08/31/2026,08/31/2026,SHIPPED,4
WO0009474,Northeast-1,Office Supplies,2026-08-28,08/31/2026,2026-08-31,Shipped,11
WO0009475,Midwest-2,Electronics,2026-08-28,2026-08-31,08/31/2026,SHIPPED,5
WO0009476,West-3,Office Supplies,08/28/2026,08/29/2026,2026-08-29, Shipped,2
WO0009477,West-3,Office Supplies,2026-08-28,2026-08-30,,delayed,6
WO0009478,Midwest-2,Outdoor,08/28/2026,2026-08-31,2026-09-04,DELAYED,3
WO0009479,South-4,Electronics,2026-08-28,2026-08-30,08/29/2026,shipped,2
WO0009480,South-4,Apparel,08/28/2026,2026-08-30,2026-08-30,SHIPPED,10
WO0009481,Midwest-2,Office Supplies,08/28/2026,08/30/2026,08/30/2026,SHIPPED,3
WO0009482,South-4,Outdoor,2026-08-28,08/31/2026,08/31/2026,Shipped,2
WO0009482,South-4,Outdoor,2026-08-28,08/31/2026,08/31/2026,Shipped,2
WO0009483,South-4,Office Supplies,08/28/2026,2026-08-30,2026-08-30,Shipped,4
WO0009484,Northeast-1,Office Supplies,2026-08-28,2026-08-31,08/31/2026,Shipped,4
WO0009485,Northeast-1,Office Supplies,2026-08-28,2026-08-29,2026-08-28, Shipped,9
WO0009486,Northeast-1,Electronics,2026-08-28,08/30/2026,2026-08-30,SHIPPED,4
WO0009487,West-3,Office Supplies,08/28/2026,08/31/2026,08/30/2026, Shipped,8
WO0009488,Northeast-1,Outdoor,2026-08-28,2026-08-30,2026-08-29,SHIPPED,9
WO0009488,Northeast-1,Outdoor,2026-08-28,2026-08-30,2026-08-29,SHIPPED,9
WO0009489,Northeast-1,Electronics,2026-08-28,08/30/2026,2026-08-30,shipped,5
WO0009490,Northeast-1,Apparel,08/28/2026,08/31/2026,2026-08-31,Shipped,7
WO0009490,Northeast-1,Apparel,08/28/2026,08/31/2026,2026-08-31,Shipped,7
WO0009491,Midwest-2,Electronics,2026-08-28,2026-08-31,2026-08-31,SHIPPED,1
WO0009492,Northeast-1,Home Goods,2026-08-28,08/29/2026,,cancelled,1
WO0009493,Midwest-2,Electronics,2026-08-28,08/29/2026,2026-08-28,Shipped,4
WO0009494,West-3,Electronics,08/28/2026,08/31/2026,2026-08-30,shipped,10
WO0009495,South-4,Apparel,08/28/2026,2026-08-31,2026-08-31,SHIPPED,10
WO0009496,Northeast-1,Home Goods,08/28/2026,2026-08-30,2026-08-30,shipped,7
WO0009497,Northeast-1,Apparel,2026-08-28,08/31/2026,2026-08-30, Shipped,7
WO0009498,South-4,Apparel,08/28/2026,08/29/2026,2026-08-28,Shipped,7
WO0009499,Northeast-1,Apparel,2026-08-28,08/29/2026,2026-08-29,shipped,1
WO0009500,Northeast-1,Apparel,08/28/2026,2026-08-29,08/28/2026,Shipped,6
WO0009501,Northeast-1,Office Supplies,2026-08-28,08/30/2026,08/30/2026, Shipped,6
WO0009502,Midwest-2,Office Supplies,08/28/2026,08/31/2026,08/30/2026,shipped,10
WO0009503,West-3,Office Supplies,08/28/2026,08/31/2026,,DELAYED,9
WO0009504,Northeast-1,Outdoor,08/28/2026,2026-08-30,2026-08-29,SHIPPED,11
WO0009505,Midwest-2,Outdoor,08/28/2026,08/30/2026,08/29/2026,Shipped,10
WO0009506,Northeast-1,Office Supplies,2026-08-28,08/29/2026,2026-08-29, Shipped,8
WO0009507,Northeast-1,Electronics,2026-08-28,2026-08-31,2026-08-31,Shipped,3
WO0009508,South-4,Outdoor,2026-08-28,08/30/2026,2026-09-02,Delayed,8
WO0009509,South-4,Apparel,2026-08-28,2026-08-29,08/29/2026,shipped,4
WO0009510,West-3,Apparel,2026-08-28,08/30/2026,08/30/2026,shipped,11
WO0009511,Midwest-2,Home Goods,2026-08-28,2026-08-31,2026-08-31,SHIPPED,10
WO0009512,South-4,Office Supplies,2026-08-28,08/31/2026,08/31/2026,SHIPPED,4
WO0009513,Northeast-1,Electronics,2026-08-28,2026-08-31,2026-08-31,Shipped,3
WO0009514,South-4,Home Goods,08/28/2026,08/30/2026,09/03/2026,delayed,1
WO0009515,South-4,Electronics,2026-08-28,2026-08-31,2026-08-31,SHIPPED,3
WO0009516,South-4,Electronics,2026-08-28,08/29/2026,2026-08-28, Shipped,6
WO0009517,Midwest-2,Outdoor,2026-08-28,2026-08-30,08/30/2026,Shipped,4
WO0009518,Northeast-1,Office Supplies,2026-08-28,2026-08-31,08/31/2026, Shipped,4
WO0009519,South-4,Office Supplies,08/28/2026,2026-08-29,2026-08-28, Shipped,1
WO0009520,South-4,Office Supplies,08/28/2026,08/31/2026,2026-08-31,shipped,5
WO0009521,South-4,Office Supplies,08/28/2026,08/30/2026,2026-08-29,SHIPPED,1
WO0009522,South-4,Office Supplies,08/28/2026,08/31/2026,08/30/2026,Shipped,3
WO0009523,South-4,Home Goods,08/28/2026,08/29/2026,08/28/2026,shipped,4
WO0009524,South-4,Office Supplies,2026-08-28,2026-08-29,2026-08-29,shipped,2
WO0009525,South-4,Apparel,2026-08-28,2026-08-30,2026-08-30,SHIPPED,2
WO0009526,West-3,Electronics,08/28/2026,08/31/2026,2026-08-30,Shipped,3
WO0009527,South-4,Apparel,2026-08-28,2026-08-31,2026-08-30, Shipped,3
WO0009527,South-4,Apparel,2026-08-28,2026-08-31,2026-08-30, Shipped,3
WO0009528,South-4,Office Supplies,2026-08-28,2026-08-30,08/30/2026,Shipped,5
WO0009529,Northeast-1,Outdoor,2026-08-28,08/29/2026,08/28/2026,shipped,1
WO0009530,West-3,Office Supplies,2026-08-28,08/29/2026,08/28/2026,shipped,10
WO0009531,Northeast-1,Outdoor,08/28/2026,08/31/2026,2026-08-31,shipped,2
WO0009532,South-4,Office Supplies,08/28/2026,08/31/2026,08/30/2026, Shipped,1
WO0009533,Northeast-1,Apparel,08/28/2026,08/29/2026,2026-08-29,SHIPPED,7
WO0009534,Northeast-1,Apparel,08/28/2026,08/29/2026,2026-08-29,SHIPPED,-1
WO0009535,Northeast-1,Home Goods,2026-08-28,2026-08-30,08/30/2026,shipped,5
WO0009536,West-3,Office Supplies,2026-08-28,08/31/2026,,Delayed,3
WO0009537,West-3,Office Supplies,08/28/2026,08/29/2026,,cancelled,7
WO0009538,South-4,Electronics,2026-08-28,2026-08-31,2026-08-30,Shipped,9
WO0009539,Midwest-2,Office Supplies,08/28/2026,08/31/2026,08/31/2026,Shipped,8
WO0009540,West-3,Office Supplies,2026-08-28,08/31/2026,08/30/2026, Shipped,11
WO0009541,Northeast-1,Electronics,08/28/2026,2026-08-30,2026-08-29, Shipped,3
WO0009542,Midwest-2,Outdoor,2026-08-28,08/31/2026,08/31/2026, Shipped,7
WO0009543,South-4,Apparel,08/28/2026,08/30/2026,08/29/2026, Shipped,3
WO0009544,Northeast-1,Outdoor,08/28/2026,08/31/2026,2026-09-01,DELAYED,7
WO0009545,Midwest-2,Apparel,2026-08-28,08/30/2026,08/29/2026,shipped,6
WO0009546,South-4,Outdoor,08/28/2026,08/31/2026,2026-08-30,shipped,3
WO0009547,Midwest-2,Outdoor,2026-08-28,08/30/2026,2026-08-30, Shipped,11
WO0009548,Midwest-2,Outdoor,2026-08-28,08/30/2026,08/30/2026,shipped,2
WO0009549,Northeast-1,Outdoor,08/28/2026,2026-08-29,2026-08-28,SHIPPED,7
WO0009550,Midwest-2,Outdoor,2026-08-28,08/30/2026,08/29/2026,SHIPPED,11
WO0009551,Midwest-2,Office Supplies,2026-08-28,08/29/2026,2026-08-28, Shipped,3
WO0009552,West-3,Apparel,2026-08-28,2026-08-31,,DELAYED,9
WO0009553,West-3,Electronics,08/28/2026,2026-08-30,08/29/2026,shipped,6
WO0009554,South-4,Outdoor,08/28/2026,2026-08-30,,DELAYED,6
WO0009555,Midwest-2,Electronics,08/28/2026,2026-08-30,,delayed,6
WO0009556,Midwest-2,Office Supplies,2026-08-28,08/31/2026,2026-08-30,shipped,10
WO0009557,Midwest-2,Office Supplies,2026-08-28,08/31/2026,2026-08-30,shipped,-1
WO0009558,West-3,Outdoor,2026-08-28,08/30/2026,,Cancelled,11
WO0009559,Midwest-2,Electronics,2026-08-28,08/31/2026,2026-08-31,Shipped,10
WO0009560,Northeast-1,Electronics,2026-08-28,2026-08-29,08/28/2026,shipped,9
WO0009561,Northeast-1,Apparel,2026-08-28,2026-08-29,08/28/2026,Shipped,11
WO0009562,South-4,Electronics,2026-08-28,08/30/2026,,Canceled,8
WO0009563,Midwest-2,Outdoor,2026-08-28,08/31/2026,08/31/2026, Shipped,2
WO0009564,West-3,Office Supplies,08/28/2026,08/31/2026,2026-09-05,delayed,10
WO0009565,Midwest-2,Office Supplies,08/28/2026,08/30/2026,08/30/2026, Shipped,4
WO0009566,South-4,Office Supplies,08/28/2026,08/31/2026,2026-08-30,shipped,1
WO0009567,South-4,Electronics,08/28/2026,2026-08-31,08/31/2026,shipped,11
WO0009568,South-4,Outdoor,2026-08-28,08/31/2026,2026-08-30, Shipped,10
WO0009569,West-3,Apparel,2026-08-28,08/30/2026,08/30/2026,SHIPPED,11
WO0009570,West-3,Outdoor,08/28/2026,2026-08-29,2026-08-28,SHIPPED,10
WO0009571,West-3,Apparel,2026-08-28,08/31/2026,,delayed,2
WO0009572,South-4,Apparel,2026-08-28,2026-08-31,,Canceled,5
WO0009573,West-3,Electronics,2026-08-28,08/30/2026,2026-09-02,DELAYED,8
WO0009574,South-4,Apparel,2026-08-28,2026-08-29,2026-08-28, Shipped,5
WO0009575,Northeast-1,Office Supplies,08/28/2026,2026-08-29,2026-08-30,delayed,2
WO0009576,West-3,Outdoor,2026-08-28,2026-08-29,08/28/2026,Shipped,5
WO0009577,Northeast-1,Office Supplies,2026-08-28,08/29/2026,2026-08-29, Shipped,8
WO0009578,Midwest-2,Electronics,2026-08-29,08/31/2026,08/30/2026,SHIPPED,6
WO0009579,South-4,Outdoor,2026-08-29,2026-09-01,09/01/2026,Shipped,11
WO0009580,West-3,Home Goods,08/29/2026,08/31/2026,,delayed,2
WO0009581,South-4,Outdoor,2026-08-29,08/30/2026,08/29/2026,Shipped,8
WO0009582,Northeast-1,Office Supplies,2026-08-29,09/01/2026,2026-08-31, Shipped,7
WO0009583,Northeast-1,Office Supplies,2026-08-29,09/01/2026,2026-08-31,shipped,7
WO0009584,West-3,Home Goods,2026-08-29,2026-08-31,08/30/2026, Shipped,10
WO0009585,Northeast-1,Apparel,08/29/2026,2026-08-31,08/31/2026,Shipped,7
WO0009586,Northeast-1,Apparel,2026-08-29,2026-08-30,2026-08-29,shipped,7
WO0009587,Midwest-2,Office Supplies,08/29/2026,2026-08-31,2026-08-31,Shipped,1
WO0009588,South-4,Electronics,08/29/2026,2026-08-30,,Delayed,10
WO0009589,South-4,Home Goods,08/29/2026,08/31/2026,2026-08-30,Shipped,3
WO0009590,Northeast-1,Home Goods,2026-08-29,09/01/2026,2026-09-01,shipped,1
WO0009591,South-4,Outdoor,2026-08-29,2026-08-31,2026-08-31,Shipped,6
WO0009592,West-3,Apparel,08/29/2026,08/30/2026,2026-08-30, Shipped,9
WO0009593,Northeast-1,Electronics,08/29/2026,08/30/2026,08/30/2026, Shipped,2
WO0009594,Northeast-1,Electronics,2026-08-29,08/31/2026,,Cancelled,2
WO0009595,South-4,Electronics,2026-08-29,09/01/2026,2026-09-01,SHIPPED,2
WO0009596,Midwest-2,Electronics,08/29/2026,09/01/2026,2026-09-01,Shipped,9
WO0009597,Northeast-1,Apparel,2026-08-29,2026-08-30,2026-09-02,DELAYED,8
WO0009598,West-3,Outdoor,2026-08-29,08/30/2026,08/29/2026,Shipped,1
WO0009599,West-3,Electronics,2026-08-29,09/01/2026,09/01/2026,Shipped,1
WO0009600,South-4,Apparel,2026-08-29,2026-09-01,09/02/2026,Delayed,7
WO0009601,South-4,Office Supplies,08/29/2026,2026-09-01,09/02/2026,DELAYED,9
WO0009602,South-4,Office Supplies,08/29/2026,09/01/2026,09/01/2026,shipped,1
WO0009603,Midwest-2,Outdoor,2026-08-29,08/31/2026,08/30/2026,SHIPPED,1
WO0009604,Northeast-1,Electronics,2026-08-29,2026-08-30,2026-08-30, Shipped,5
WO0009605,Midwest-2,Electronics,08/29/2026,2026-08-31,,Delayed,3
WO0009606,South-4,Outdoor,2026-08-29,09/01/2026,2026-09-01,SHIPPED,3
WO0009607,West-3,Outdoor,2026-08-29,09/01/2026,2026-09-01,shipped,1
WO0009608,West-3,Apparel,08/29/2026,2026-08-31,,delayed,1
WO0009609,Midwest-2,Outdoor,08/29/2026,08/31/2026,2026-08-31,shipped,2
WO0009610,Midwest-2,Office Supplies,08/29/2026,2026-09-01,2026-09-01, Shipped,9
WO0009611,,Office Supplies,08/29/2026,2026-09-01,2026-09-01, Shipped,9
WO0009612,South-4,Electronics,2026-08-29,09/01/2026,08/31/2026,Shipped,10
WO0009613,West-3,Apparel,08/29/2026,09/01/2026,2026-09-06,delayed,9
WO0009614,West-3,Home Goods,2026-08-29,08/30/2026,08/30/2026, Shipped,1
WO0009615,Midwest-2,Outdoor,08/29/2026,2026-09-01,2026-09-01,SHIPPED,1
WO0009616,Midwest-2,Office Supplies,2026-08-29,2026-08-31,08/30/2026,Shipped,4
WO0009617,South-4,Home Goods,2026-08-29,2026-08-30,2026-08-30, Shipped,9
WO0009618,West-3,Office Supplies,08/29/2026,2026-08-30,,Delayed,6
WO0009619,South-4,Home Goods,08/29/2026,2026-08-30,2026-08-29,SHIPPED,10
WO0009620,South-4,Home Goods,08/29/2026,2026-08-30,2026-08-30,Shipped,9
WO0009621,West-3,Home Goods,08/29/2026,08/30/2026,,delayed,6
WO0009622,Northeast-1,Apparel,08/29/2026,2026-08-31,2026-08-31,SHIPPED,9
WO0009623,Northeast-1,Home Goods,08/29/2026,09/01/2026,,delayed,10
WO0009624,South-4,Outdoor,2026-08-29,2026-08-30,08/30/2026,Shipped,5
WO0009625,West-3,Apparel,2026-08-29,2026-08-31,2026-08-31, Shipped,1
WO0009626,Northeast-1,Outdoor,2026-08-29,09/01/2026,09/01/2026,SHIPPED,5
WO0009627,Northeast-1,Apparel,08/29/2026,08/31/2026,08/31/2026,SHIPPED,8
WO0009628,Midwest-2,Apparel,08/29/2026,09/01/2026,09/01/2026, Shipped,3
WO0009629,,Apparel,08/29/2026,09/01/2026,09/01/2026, Shipped,3
WO0009630,South-4,Outdoor,08/29/2026,08/31/2026,08/31/2026,Shipped,4
WO0009631,Northeast-1,Outdoor,2026-08-29,2026-08-31,08/31/2026,shipped,10
WO0009632,Northeast-1,Home Goods,08/29/2026,2026-08-31,,cancelled,10
WO0009633,Northeast-1,Office Supplies,08/29/2026,2026-08-31,2026-08-31,shipped,11
WO0009634,South-4,Apparel,08/29/2026,08/31/2026,2026-08-30,Shipped,4
WO0009635,West-3,Apparel,08/29/2026,09/01/2026,09/01/2026,SHIPPED,1
WO0009636,Northeast-1,Electronics,2026-08-29,08/31/2026,08/30/2026, Shipped,5
WO0009637,Midwest-2,Electronics,08/29/2026,2026-08-31,2026-08-30,SHIPPED,3
WO0009638,South-4,Office Supplies,2026-08-29,08/31/2026,2026-08-30,shipped,7
WO0009639,Midwest-2,Home Goods,2026-08-29,2026-09-01,09/05/2026,DELAYED,7
WO0009640,South-4,Outdoor,2026-08-29,2026-08-31,08/31/2026, Shipped,2
WO0009641,Northeast-1,Apparel,2026-08-29,09/01/2026,2026-09-01,Shipped,7
WO0009642,South-4,Office Supplies,08/29/2026,09/01/2026,2026-09-01, Shipped,11
WO0009643,West-3,Outdoor,2026-08-29,08/30/2026,2026-08-29,shipped,8
WO0009644,Northeast-1,Outdoor,2026-08-29,2026-08-30,08/30/2026,SHIPPED,6
WO0009645,West-3,Home Goods,2026-08-29,2026-08-31,2026-08-31, Shipped,6
WO0009646,West-3,Home Goods,2026-08-29,2026-09-01,08/31/2026,Shipped,8
WO0009647,Northeast-1,Electronics,08/29/2026,08/31/2026,08/31/2026,Shipped,3
WO0009648,Midwest-2,Home Goods,08/29/2026,08/31/2026,2026-08-31,Shipped,5
WO0009649,Midwest-2,Office Supplies,08/29/2026,08/31/2026,08/31/2026,shipped,3
WO0009650,West-3,Office Supplies,08/29/2026,2026-08-31,2026-08-30, Shipped,8
WO0009651,Midwest-2,Electronics,2026-08-29,2026-08-30,08/30/2026,Shipped,8
WO0009652,South-4,Apparel,2026-08-29,09/01/2026,2026-08-31,Shipped,11
WO0009653,Northeast-1,Apparel,08/29/2026,08/30/2026,2026-08-30,Shipped,1
WO0009654,West-3,Home Goods,2026-08-29,2026-09-01,2026-09-01,shipped,3
WO0009655,Northeast-1,Outdoor,2026-08-29,08/30/2026,08/30/2026, Shipped,4
WO0009656,Northeast-1,Outdoor,2026-08-29,2026-08-31,09/03/2026,delayed,2
WO0009657,West-3,Electronics,08/29/2026,2026-08-30,2026-09-04,DELAYED,8
WO0009658,Midwest-2,Office Supplies,2026-08-29,08/30/2026,2026-08-30,SHIPPED,7
WO0009659,Northeast-1,Office Supplies,2026-08-29,2026-08-30,09/03/2026,Delayed,10
WO0009660,West-3,Apparel,2026-08-29,08/31/2026,09/02/2026,delayed,7
WO0009661,Northeast-1,Electronics,2026-08-29,09/01/2026,,delayed,10
WO0009662,Northeast-1,Home Goods,2026-08-29,09/01/2026,2026-09-01, Shipped,5
WO0009663,Midwest-2,Electronics,08/29/2026,2026-08-31,2026-08-30,SHIPPED,11
WO0009664,Northeast-1,Office Supplies,08/29/2026,08/30/2026,08/29/2026, Shipped,6
WO0009665,South-4,Office Supplies,08/29/2026,09/01/2026,09/01/2026,Shipped,5
WO0009666,West-3,Home Goods,2026-08-29,08/31/2026,,delayed,4
WO0009667,Northeast-1,Outdoor,08/29/2026,09/01/2026,2026-09-01, Shipped,5
WO0009668,West-3,Electronics,2026-08-29,2026-09-01,08/31/2026,shipped,11
WO0009669,West-3,Office Supplies,2026-08-29,08/31/2026,08/30/2026,shipped,2
WO0009670,South-4,Home Goods,2026-08-29,2026-08-30,2026-08-29, Shipped,3
WO0009671,Northeast-1,Electronics,08/29/2026,08/30/2026,2026-08-29,shipped,10
WO0009672,West-3,Outdoor,08/29/2026,09/01/2026,,delayed,3
WO0009673,Northeast-1,Home Goods,2026-08-29,09/01/2026,08/31/2026, Shipped,11
WO0009674,West-3,Home Goods,08/29/2026,2026-08-31,,delayed,6
WO0009675,West-3,Apparel,08/29/2026,08/30/2026,,DELAYED,6
WO0009676,,Apparel,08/29/2026,08/30/2026,,DELAYED,6
WO0009677,West-3,Home Goods,2026-08-29,08/31/2026,,Delayed,6
WO0009678,West-3,Home Goods,2026-08-29,2026-08-30,2026-08-30,shipped,5
WO0009679,Northeast-1,Home Goods,08/29/2026,2026-09-01,2026-08-31,SHIPPED,6
WO0009680,Midwest-2,Outdoor,08/29/2026,2026-08-30,08/30/2026,shipped,11
WO0009681,West-3,Electronics,08/29/2026,2026-08-31,2026-08-30,Shipped,7
WO0009682,Northeast-1,Office Supplies,2026-08-29,08/31/2026,2026-08-31,SHIPPED,1
WO0009683,Midwest-2,Office Supplies,08/29/2026,2026-08-30,2026-08-29,Shipped,6
WO0009684,Midwest-2,Outdoor,2026-08-29,2026-08-31,2026-08-31,shipped,5
WO0009685,South-4,Office Supplies,2026-08-29,2026-08-30,2026-08-30,SHIPPED,1
WO0009686,West-3,Office Supplies,2026-08-29,08/31/2026,,DELAYED,7
WO0009687,Northeast-1,Electronics,08/29/2026,08/30/2026,2026-08-30,SHIPPED,1
WO0009688,South-4,Outdoor,08/29/2026,09/01/2026,08/31/2026,Shipped,2
WO0009689,West-3,Office Supplies,08/29/2026,08/31/2026,09/05/2026,delayed,8
WO0009690,West-3,Office Supplies,08/29/2026,2026-09-01,,DELAYED,10
WO0009691,Midwest-2,Electronics,2026-08-29,2026-08-30,2026-08-29,Shipped,9
WO0009692,Northeast-1,Electronics,08/29/2026,08/31/2026,08/30/2026, Shipped,7
WO0009693,Northeast-1,Apparel,08/29/2026,08/31/2026,08/31/2026, Shipped,10
WO0009694,Northeast-1,Home Goods,08/29/2026,09/01/2026,2026-09-01, Shipped,7
WO0009695,South-4,Apparel,08/29/2026,09/01/2026,2026-08-31,SHIPPED,8
WO0009696,Northeast-1,Office Supplies,2026-08-29,08/31/2026,2026-08-30, Shipped,11
WO0009697,West-3,Home Goods,2026-08-29,09/01/2026,08/31/2026,shipped,9
WO0009698,South-4,Apparel,2026-08-29,08/31/2026,08/31/2026,SHIPPED,4
WO0009699,Midwest-2,Apparel,08/29/2026,2026-08-31,2026-08-30,Shipped,9
WO0009700,Midwest-2,Electronics,2026-08-29,09/01/2026,08/31/2026,shipped,1
WO0009701,West-3,Outdoor,08/29/2026,2026-08-31,09/03/2026,Delayed,2
WO0009702,Northeast-1,Electronics,2026-08-29,08/31/2026,2026-08-30,shipped,5
WO0009703,South-4,Apparel,08/29/2026,2026-09-01,08/31/2026,SHIPPED,8
WO0009704,Northeast-1,Office Supplies,2026-08-29,2026-08-30,2026-08-31,DELAYED,11
WO0009705,West-3,Apparel,2026-08-29,08/31/2026,2026-08-31,shipped,2
WO0009706,Midwest-2,Apparel,2026-08-29,08/31/2026,08/31/2026,Shipped,10
WO0009707,Midwest-2,Electronics,2026-08-29,08/31/2026,08/31/2026,SHIPPED,1
WO0009708,South-4,Apparel,2026-08-29,2026-08-31,,DELAYED,4
WO0009709,Midwest-2,Home Goods,2026-08-29,08/31/2026,08/31/2026,SHIPPED,4
WO0009710,West-3,Office Supplies,08/29/2026,09/01/2026,2026-08-31, Shipped,9
WO0009711,South-4,Apparel,2026-08-29,08/30/2026,08/29/2026, Shipped,8
WO0009712,South-4,Electronics,2026-08-29,09/01/2026,09/01/2026,Shipped,5
WO0009713,West-3,Outdoor,08/29/2026,08/30/2026,,Delayed,2
WO0009714,West-3,Apparel,2026-08-29,2026-08-31,2026-08-30,SHIPPED,5
WO0009715,Midwest-2,Office Supplies,08/29/2026,09/01/2026,2026-08-31,shipped,7
WO0009716,West-3,Office Supplies,08/29/2026,08/31/2026,08/30/2026,SHIPPED,6
WO0009717,Northeast-1,Home Goods,2026-08-29,2026-08-31,08/31/2026,shipped,7
WO0009718,South-4,Office Supplies,2026-08-29,08/31/2026,08/30/2026,Shipped,10
WO0009719,South-4,Office Supplies,08/29/2026,08/30/2026,2026-08-30,SHIPPED,9
WO0009720,Midwest-2,Electronics,08/29/2026,2026-08-30,2026-08-29,shipped,4
WO0009721,South-4,Office Supplies,2026-08-29,08/30/2026,2026-08-30,shipped,10
WO0009722,South-4,Outdoor,2026-08-29,2026-08-30,08/29/2026, Shipped,2
WO0009723,Midwest-2,Home Goods,2026-08-29,2026-08-31,2026-08-31, Shipped,10
WO0009724,West-3,Office Supplies,2026-08-29,09/01/2026,2026-08-31, Shipped,1
WO0009724,West-3,Office Supplies,2026-08-29,09/01/2026,2026-08-31, Shipped,1
WO0009725,West-3,Home Goods,2026-08-29,2026-08-30,08/29/2026,Shipped,8
WO0009726,South-4,Office Supplies,2026-08-29,2026-08-30,2026-08-29,shipped,2
WO0009727,Northeast-1,Electronics,08/29/2026,08/31/2026,,Delayed,6
WO0009728,West-3,Office Supplies,2026-08-30,09/01/2026,2026-08-31,shipped,8
WO0009729,South-4,Electronics,08/30/2026,08/31/2026,08/30/2026,SHIPPED,9
WO0009730,Northeast-1,Outdoor,08/30/2026,2026-08-31,08/30/2026,SHIPPED,1
WO0009731,Northeast-1,Home Goods,2026-08-30,2026-08-31,2026-08-31,Shipped,2
WO0009732,South-4,Electronics,2026-08-30,2026-08-31,2026-08-31,shipped,6
WO0009733,West-3,Office Supplies,08/30/2026,09/02/2026,2026-09-04,DELAYED,5
WO0009734,South-4,Outdoor,2026-08-30,09/02/2026,09/01/2026,SHIPPED,9
WO0009735,West-3,Home Goods,08/30/2026,08/31/2026,08/31/2026,SHIPPED,8
WO0009736,South-4,Home Goods,2026-08-30,09/02/2026,09/01/2026,SHIPPED,10
WO0009737,South-4,Outdoor,2026-08-30,2026-09-02,2026-09-01, Shipped,1
WO0009738,South-4,Outdoor,08/30/2026,08/31/2026,08/30/2026,shipped,7
WO0009739,Midwest-2,Home Goods,08/30/2026,08/31/2026,2026-08-30,Shipped,8
WO0009740,Midwest-2,Apparel,2026-08-30,2026-09-02,09/02/2026,SHIPPED,9
WO0009741,West-3,Electronics,2026-08-30,09/01/2026,08/31/2026,Shipped,2
WO0009742,Northeast-1,Electronics,2026-08-30,2026-09-01,08/31/2026,SHIPPED,7
WO0009743,South-4,Home Goods,08/30/2026,2026-09-02,09/02/2026,Shipped,8
WO0009744,West-3,Office Supplies,2026-08-30,2026-08-31,2026-08-30,SHIPPED,7
WO0009745,West-3,Home Goods,08/30/2026,08/31/2026,2026-08-31,SHIPPED,4
WO0009746,Northeast-1,Home Goods,08/30/2026,2026-09-02,09/02/2026,Shipped,11
WO0009747,West-3,Office Supplies,2026-08-30,2026-09-01,2026-09-01,shipped,9
WO0009748,Northeast-1,Outdoor,08/30/2026,2026-08-31,08/30/2026, Shipped,7
WO0009749,Midwest-2,Outdoor,08/30/2026,2026-09-01,08/31/2026,SHIPPED,9
WO0009750,Midwest-2,Office Supplies,2026-08-30,2026-09-01,08/31/2026,shipped,9
WO0009751,Northeast-1,Outdoor,2026-08-30,09/01/2026,2026-08-31,SHIPPED,7
WO0009752,West-3,Electronics,08/30/2026,2026-09-01,,Delayed,7
WO0009753,Northeast-1,Office Supplies,2026-08-30,2026-09-01,08/31/2026, Shipped,4
WO0009754,Northeast-1,Office Supplies,2026-08-30,2026-09-01,08/31/2026, Shipped,-1
WO0009755,Northeast-1,Electronics,2026-08-30,09/01/2026,08/31/2026,shipped,8
WO0009756,South-4,Apparel,08/30/2026,2026-09-02,2026-09-01,shipped,2
WO0009757,Northeast-1,Outdoor,08/30/2026,08/31/2026,08/31/2026,SHIPPED,10
WO0009758,West-3,Apparel,2026-08-30,2026-09-02,09/01/2026, Shipped,7
WO0009759,Northeast-1,Office Supplies,2026-08-30,08/31/2026,09/02/2026,delayed,4
WO0009760,West-3,Outdoor,08/30/2026,09/02/2026,09/01/2026,Shipped,4
WO0009761,West-3,Electronics,08/30/2026,09/01/2026,2026-09-01,SHIPPED,8
WO0009762,Northeast-1,Home Goods,08/30/2026,2026-09-01,2026-09-01,shipped,1
WO0009763,Northeast-1,Outdoor,2026-08-30,09/02/2026,2026-09-01, Shipped,4
WO0009764,South-4,Outdoor,08/30/2026,2026-09-01,2026-08-31,Shipped,1
WO0009765,Northeast-1,Apparel,08/30/2026,08/31/2026,08/31/2026, Shipped,10
WO0009766,South-4,Office Supplies,08/30/2026,2026-09-01,2026-09-01, Shipped,5
WO0009767,Northeast-1,Electronics,08/30/2026,2026-09-02,09/02/2026, Shipped,10
WO0009768,West-3,Electronics,08/30/2026,2026-08-31,09/05/2026,delayed,4
WO0009769,Northeast-1,Office Supplies,08/30/2026,08/31/2026,2026-08-30,Shipped,7
WO0009770,West-3,Office Supplies,08/30/2026,09/02/2026,09/01/2026,SHIPPED,2
WO0009771,West-3,Office Supplies,08/30/2026,08/31/2026,,delayed,9
WO0009772,Midwest-2,Outdoor,2026-08-30,08/31/2026,08/30/2026,shipped,8
WO0009773,Northeast-1,Apparel,08/30/2026,09/02/2026,09/02/2026,shipped,10
WO0009774,West-3,Outdoor,2026-08-30,2026-09-01,09/05/2026,Delayed,8
WO0009775,Midwest-2,Home Goods,2026-08-30,2026-09-01,2026-09-01,SHIPPED,11
WO0009776,Midwest-2,Home Goods,08/30/2026,2026-08-31,08/30/2026, Shipped,2
WO0009777,West-3,Home Goods,2026-08-30,2026-08-31,08/31/2026,shipped,11
WO0009778,Midwest-2,Home Goods,2026-08-30,2026-09-02,2026-09-02, Shipped,2
WO0009779,Midwest-2,Apparel,08/30/2026,2026-09-02,2026-09-02,SHIPPED,11
WO0009780,South-4,Outdoor,2026-08-30,2026-09-01,2026-09-01,Shipped,6
WO0009781,Northeast-1,Outdoor,2026-08-30,08/31/2026,08/31/2026,SHIPPED,10
WO0009782,Midwest-2,Electronics,08/30/2026,09/01/2026,2026-08-31,Shipped,3
WO0009783,Northeast-1,Outdoor,2026-08-30,09/01/2026,2026-08-31,SHIPPED,1
WO0009784,South-4,Outdoor,2026-08-30,2026-09-01,2026-08-31,SHIPPED,6
WO0009785,South-4,Electronics,08/30/2026,09/02/2026,2026-09-03,Delayed,9
WO0009786,Northeast-1,Office Supplies,2026-08-30,2026-09-02,2026-09-01,shipped,3
WO0009787,South-4,Outdoor,2026-08-30,09/02/2026,09/03/2026,DELAYED,7
WO0009788,West-3,Home Goods,2026-08-30,09/01/2026,2026-08-31,SHIPPED,10
WO0009788,West-3,Home Goods,2026-08-30,09/01/2026,2026-08-31,SHIPPED,10
WO0009789,West-3,Apparel,2026-08-30,08/31/2026,2026-09-04,delayed,10
WO0009790,South-4,Outdoor,2026-08-30,2026-09-02,09/02/2026,SHIPPED,2
WO0009791,South-4,Apparel,08/30/2026,09/01/2026,08/31/2026, Shipped,8
WO0009792,South-4,Outdoor,2026-08-30,2026-09-02,2026-09-01,SHIPPED,11
WO0009793,West-3,Home Goods,2026-08-30,09/02/2026,2026-09-01,shipped,11
WO0009794,Midwest-2,Outdoor,2026-08-30,08/31/2026,2026-08-31,Shipped,4
WO0009795,Northeast-1,Electronics,2026-08-30,2026-09-02,09/06/2026,delayed,5
WO0009796,South-4,Home Goods,08/30/2026,09/01/2026,2026-09-04,DELAYED,1
WO0009797,Northeast-1,Office Supplies,2026-08-30,08/31/2026,08/31/2026,shipped,7
WO0009798,Midwest-2,Outdoor,08/30/2026,2026-09-01,08/31/2026,Shipped,1
WO0009799,South-4,Apparel,2026-08-30,09/01/2026,09/01/2026, Shipped,1
WO0009800,Midwest-2,Home Goods,2026-08-30,09/02/2026,09/02/2026, Shipped,11
WO0009801,South-4,Outdoor,08/30/2026,09/01/2026,09/01/2026,Shipped,2
WO0009801,South-4,Outdoor,08/30/2026,09/01/2026,09/01/2026,Shipped,2
WO0009802,Northeast-1,Electronics,2026-08-30,08/31/2026,2026-08-31,shipped,1
WO0009803,Northeast-1,Electronics,08/30/2026,08/31/2026,08/30/2026,Shipped,5
WO0009804,,Electronics,08/30/2026,08/31/2026,08/30/2026,Shipped,5
WO0009805,West-3,Home Goods,08/30/2026,2026-08-31,,Cancelled,5
WO0009806,West-3,Apparel,2026-08-30,09/01/2026,,delayed,11
WO0009807,Midwest-2,Electronics,08/30/2026,09/01/2026,08/31/2026,SHIPPED,8
WO0009808,Midwest-2,Apparel,2026-08-30,08/31/2026,2026-08-30,SHIPPED,4
WO0009809,Midwest-2,Office Supplies,2026-08-30,08/31/2026,08/30/2026,shipped,11
WO0009810,Midwest-2,Electronics,2026-08-30,09/02/2026,2026-09-01,Shipped,5
WO0009811,Midwest-2,Apparel,08/30/2026,2026-09-02,2026-09-01,Shipped,7
WO0009812,Northeast-1,Office Supplies,08/30/2026,09/01/2026,,DELAYED,11
WO0009813,West-3,Apparel,08/30/2026,09/01/2026,08/31/2026, Shipped,10
WO0009814,South-4,Home Goods,2026-08-30,09/01/2026,08/31/2026, Shipped,1
WO0009815,West-3,Outdoor,08/30/2026,2026-09-02,2026-09-03,delayed,5
WO0009816,West-3,Apparel,2026-08-30,08/31/2026,08/31/2026, Shipped,11
WO0009817,South-4,Outdoor,08/30/2026,09/01/2026,2026-09-01,shipped,11
WO0009818,Northeast-1,Outdoor,08/30/2026,09/01/2026,09/01/2026,Shipped,1
WO0009819,Midwest-2,Apparel,08/30/2026,2026-08-31,2026-08-30,shipped,6
WO0009820,Northeast-1,Outdoor,2026-08-30,08/31/2026,08/30/2026,Shipped,4
WO0009821,Northeast-1,Apparel,08/30/2026,2026-08-31,2026-08-30,shipped,10
WO0009822,West-3,Home Goods,2026-08-30,2026-08-31,,delayed,4
WO0009823,South-4,Office Supplies,08/30/2026,2026-09-02,2026-09-02,SHIPPED,10
WO0009824,Northeast-1,Apparel,2026-08-30,08/31/2026,08/30/2026,Shipped,1
WO0009825,South-4,Apparel,2026-08-30,09/02/2026,09/02/2026,shipped,9
WO0009826,Northeast-1,Electronics,2026-08-30,09/02/2026,09/01/2026, Shipped,11
WO0009827,Northeast-1,Outdoor,08/30/2026,2026-08-31,08/31/2026, Shipped,9
WO0009828,South-4,Outdoor,2026-08-30,2026-08-31,2026-08-30, Shipped,5
WO0009829,West-3,Outdoor,08/30/2026,09/01/2026,,delayed,3
WO0009830,South-4,Electronics,08/30/2026,09/02/2026,,Delayed,6
WO0009831,West-3,Apparel,08/30/2026,2026-09-02,2026-09-01, Shipped,3
WO0009832,Northeast-1,Apparel,08/30/2026,2026-09-01,2026-09-01,SHIPPED,10
WO0009833,Midwest-2,Apparel,08/30/2026,09/02/2026,09/02/2026,SHIPPED,2
WO0009834,Midwest-2,Electronics,08/30/2026,2026-09-02,09/01/2026,Shipped,9
WO0009835,South-4,Outdoor,08/30/2026,2026-09-01,2026-08-31, Shipped,11
WO0009836,West-3,Office Supplies,2026-08-30,08/31/2026,,delayed,8
WO0009837,Northeast-1,Apparel,08/30/2026,09/02/2026,2026-09-01,Shipped,9
WO0009838,West-3,Apparel,2026-08-30,2026-09-01,,delayed,7
WO0009839,West-3,Outdoor,2026-08-30,2026-08-31,08/30/2026,SHIPPED,8
WO0009840,Midwest-2,Office Supplies,2026-08-30,2026-09-01,08/31/2026,Shipped,9
WO0009841,South-4,Home Goods,08/30/2026,2026-09-02,09/01/2026,Shipped,11
WO0009842,Midwest-2,Outdoor,2026-08-30,09/02/2026,09/02/2026, Shipped,10
WO0009843,West-3,Apparel,2026-08-30,09/01/2026,09/01/2026,SHIPPED,2
WO0009844,Midwest-2,Apparel,2026-08-30,2026-08-31,08/30/2026, Shipped,3
WO0009845,Midwest-2,Outdoor,08/30/2026,2026-08-31,09/02/2026,delayed,8
WO0009846,South-4,Home Goods,2026-08-30,2026-08-31,08/30/2026,shipped,11
WO0009847,Midwest-2,Outdoor,08/30/2026,2026-09-01,2026-08-31, Shipped,1
WO0009848,Northeast-1,Electronics,2026-08-30,2026-09-02,09/02/2026,shipped,2
WO0009849,Northeast-1,Office Supplies,08/30/2026,09/02/2026,09/02/2026,shipped,11
WO0009850,West-3,Electronics,2026-08-30,08/31/2026,08/30/2026,Shipped,1
WO0009850,West-3,Electronics,2026-08-30,08/31/2026,08/30/2026,Shipped,1
WO0009851,South-4,Office Supplies,2026-08-30,08/31/2026,2026-08-31,shipped,8
WO0009852,West-3,Office Supplies,2026-08-30,2026-09-01,2026-08-31,SHIPPED,1
WO0009853,South-4,Office Supplies,08/30/2026,2026-09-01,08/31/2026, Shipped,5
WO0009854,Northeast-1,Electronics,08/30/2026,09/02/2026,2026-09-01,SHIPPED,2
WO0009855,South-4,Outdoor,08/30/2026,2026-09-01,09/01/2026,SHIPPED,2
WO0009856,Midwest-2,Office Supplies,08/30/2026,08/31/2026,09/04/2026,Delayed,2
WO0009857,South-4,Home Goods,2026-08-30,2026-09-02,09/01/2026,Shipped,1
WO0009858,Midwest-2,Office Supplies,08/30/2026,08/31/2026,08/31/2026,shipped,7
WO0009859,Northeast-1,Home Goods,2026-08-30,09/02/2026,09/01/2026,SHIPPED,1
WO0009860,West-3,Outdoor,2026-08-30,2026-09-02,,Cancelled,5
WO0009861,South-4,Home Goods,2026-08-30,2026-08-31,08/31/2026,SHIPPED,11
WO0009862,West-3,Outdoor,08/30/2026,2026-08-31,09/04/2026,DELAYED,8
WO0009863,South-4,Electronics,2026-08-30,2026-08-31,2026-08-30,Shipped,11
WO0009864,Northeast-1,Outdoor,2026-08-30,08/31/2026,08/31/2026,Shipped,1
WO0009865,South-4,Office Supplies,2026-08-30,09/02/2026,09/02/2026,Shipped,8
WO0009866,Midwest-2,Electronics,08/30/2026,2026-09-02,09/02/2026,shipped,4
WO0009867,West-3,Outdoor,08/30/2026,08/31/2026,08/30/2026, Shipped,5
WO0009868,South-4,Electronics,08/30/2026,09/01/2026,09/01/2026,shipped,9
WO0009869,West-3,Electronics,2026-08-30,09/01/2026,2026-08-31,Shipped,10
