week_ending,sku,on_hand_qty,reorder_point_current
2024-01-07,SKU-0001,401.8,196.0
2024-01-14,SKU-0001,314.8,196.0
2024-01-21,SKU-0001,231.8,196.0
2024-01-28,SKU-0001,186.8,196.0
2024-02-04,SKU-0001,139.8,196.0
2024-02-11,SKU-0001,96.8,196.0
2024-02-18,SKU-0001,32.8,196.0
2024-02-25,SKU-0001,0.0,196.0
2024-03-03,SKU-0001,0.0,196.0
2024-03-10,SKU-0001,0.0,196.0
2024-03-17,SKU-0001,163.8,196.0
2024-03-24,SKU-0001,108.8,196.0
2024-03-31,SKU-0001,36.8,196.0
2024-04-07,SKU-0001,0.0,196.0
2024-04-14,SKU-0001,0.0,196.0
2024-04-21,SKU-0001,0.0,196.0
2024-04-28,SKU-0001,181.8,196.0
2024-05-05,SKU-0001,124.8,196.0
2024-05-12,SKU-0001,66.8,196.0
2024-05-19,SKU-0001,0.0,196.0
2024-05-26,SKU-0001,0.0,196.0
2024-06-02,SKU-0001,0.0,196.0
2024-06-09,SKU-0001,188.8,196.0
2024-06-16,SKU-0001,138.8,196.0
2024-06-23,SKU-0001,367.6,196.0
2024-06-30,SKU-0001,320.6,196.0
2024-07-07,SKU-0001,268.6,196.0
2024-07-14,SKU-0001,227.6,196.0
2024-07-21,SKU-0001,191.6,196.0
2024-07-28,SKU-0001,129.6,196.0
2024-08-04,SKU-0001,43.6,196.0
2024-08-11,SKU-0001,0.0,196.0
2024-08-18,SKU-0001,0.0,196.0
2024-08-25,SKU-0001,0.0,196.0
2024-09-01,SKU-0001,0.0,196.0
2024-09-08,SKU-0001,202.8,196.0
2024-09-15,SKU-0001,124.8,196.0
2024-09-22,SKU-0001,31.8,196.0
2024-09-29,SKU-0001,232.6,196.0
2024-10-06,SKU-0001,180.6,196.0
2024-10-13,SKU-0001,102.6,196.0
2024-10-20,SKU-0001,27.6,196.0
2024-10-27,SKU-0001,0.0,196.0
2024-11-03,SKU-0001,0.0,196.0
2024-11-10,SKU-0001,0.0,196.0
2024-11-17,SKU-0001,0.0,196.0
2024-11-24,SKU-0001,0.0,196.0
2024-12-01,SKU-0001,178.8,196.0
2024-12-08,SKU-0001,84.8,196.0
2024-12-15,SKU-0001,23.8,196.0
2024-12-22,SKU-0001,0.0,196.0
2024-12-29,SKU-0001,0.0,196.0
2025-01-05,SKU-0001,0.0,196.0
2025-01-12,SKU-0001,0.0,196.0
2025-01-19,SKU-0001,185.8,196.0
2025-01-26,SKU-0001,151.8,196.0
2025-02-02,SKU-0001,86.8,196.0
2025-02-09,SKU-0001,22.8,196.0
2025-02-16,SKU-0001,0.0,196.0
2025-02-23,SKU-0001,0.0,196.0
2025-03-02,SKU-0001,0.0,196.0
2025-03-09,SKU-0001,186.8,196.0
2025-03-16,SKU-0001,138.8,196.0
2025-03-23,SKU-0001,82.8,196.0
2025-03-30,SKU-0001,18.8,196.0
2025-04-06,SKU-0001,0.0,196.0
2025-04-13,SKU-0001,0.0,196.0
2025-04-20,SKU-0001,0.0,196.0
2025-04-27,SKU-0001,189.8,196.0
2025-05-04,SKU-0001,138.8,196.0
2025-05-11,SKU-0001,48.8,196.0
2025-05-18,SKU-0001,0.0,196.0
2025-05-25,SKU-0001,0.0,196.0
2025-06-01,SKU-0001,0.0,196.0
2025-06-08,SKU-0001,163.8,196.0
2025-06-15,SKU-0001,46.8,196.0
2025-06-22,SKU-0001,10.8,196.0
2025-06-29,SKU-0001,0.0,196.0
2025-07-06,SKU-0001,0.0,196.0
2025-07-13,SKU-0001,201.8,196.0
2025-07-20,SKU-0001,158.8,196.0
2025-07-27,SKU-0001,63.8,196.0
2025-08-03,SKU-0001,22.8,196.0
2025-08-10,SKU-0001,0.0,196.0
2025-08-17,SKU-0001,0.0,196.0
2025-08-24,SKU-0001,224.8,196.0
2025-08-31,SKU-0001,167.8,196.0
2025-09-07,SKU-0001,126.8,196.0
2025-09-14,SKU-0001,56.8,196.0
2025-09-21,SKU-0001,0.0,196.0
2025-09-28,SKU-0001,0.0,196.0
2025-10-05,SKU-0001,0.0,196.0
2025-10-12,SKU-0001,0.0,196.0
2025-10-19,SKU-0001,0.0,196.0
2025-10-26,SKU-0001,0.0,196.0
2025-11-02,SKU-0001,164.8,196.0
2025-11-09,SKU-0001,100.8,196.0
2025-11-16,SKU-0001,8.8,196.0
2025-11-23,SKU-0001,0.0,196.0
2025-11-30,SKU-0001,0.0,196.0
2025-12-07,SKU-0001,199.8,196.0
2025-12-14,SKU-0001,109.8,196.0
2025-12-21,SKU-0001,22.8,196.0
2025-12-28,SKU-0001,0.0,196.0
2024-01-07,SKU-0002,464.0,222.0
2024-01-14,SKU-0002,430.0,222.0
2024-01-21,SKU-0002,382.0,222.0
2024-01-28,SKU-0002,282.0,222.0
2024-02-04,SKU-0002,229.0,222.0
2024-02-11,SKU-0002,198.0,222.0
2024-02-18,SKU-0002,96.0,222.0
2024-02-25,SKU-0002,24.0,222.0
2024-03-03,SKU-0002,0.0,222.0
2024-03-10,SKU-0002,0.0,222.0
2024-03-17,SKU-0002,0.0,222.0
2024-03-24,SKU-0002,263.0,222.0
2024-03-31,SKU-0002,153.0,222.0
2024-04-07,SKU-0002,0.0,222.0
2024-04-14,SKU-0002,0.0,222.0
2024-04-21,SKU-0002,0.0,222.0
2024-04-28,SKU-0002,0.0,222.0
2024-05-05,SKU-0002,0.0,222.0
2024-05-12,SKU-0002,236.0,222.0
2024-05-19,SKU-0002,178.0,222.0
2024-05-26,SKU-0002,105.0,222.0
2024-06-02,SKU-0002,0.0,222.0
2024-06-09,SKU-0002,0.0,222.0
2024-06-16,SKU-0002,0.0,222.0
2024-06-23,SKU-0002,0.0,222.0
2024-06-30,SKU-0002,0.0,222.0
2024-07-07,SKU-0002,269.0,222.0
2024-07-14,SKU-0002,233.0,222.0
2024-07-21,SKU-0002,138.0,222.0
2024-07-28,SKU-0002,86.0,222.0
2024-08-04,SKU-0002,0.0,222.0
2024-08-11,SKU-0002,0.0,222.0
2024-08-18,SKU-0002,0.0,222.0
2024-08-25,SKU-0002,0.0,222.0
2024-09-01,SKU-0002,0.0,222.0
2024-09-08,SKU-0002,229.0,222.0
2024-09-15,SKU-0002,177.0,222.0
2024-09-22,SKU-0002,125.0,222.0
2024-09-29,SKU-0002,68.0,222.0
2024-10-06,SKU-0002,22.0,222.0
2024-10-13,SKU-0002,0.0,222.0
2024-10-20,SKU-0002,0.0,222.0
2024-10-27,SKU-0002,0.0,222.0
2024-11-03,SKU-0002,217.0,222.0
2024-11-10,SKU-0002,177.0,222.0
2024-11-17,SKU-0002,89.0,222.0
2024-11-24,SKU-0002,0.0,222.0
2024-12-01,SKU-0002,0.0,222.0
2024-12-08,SKU-0002,0.0,222.0
2024-12-15,SKU-0002,0.0,222.0
2024-12-22,SKU-0002,233.0,222.0
2024-12-29,SKU-0002,27.0,222.0
2025-01-05,SKU-0002,0.0,222.0
2025-01-12,SKU-0002,0.0,222.0
2025-01-19,SKU-0002,0.0,222.0
2025-01-26,SKU-0002,0.0,222.0
2025-02-02,SKU-0002,0.0,222.0
2025-02-09,SKU-0002,226.0,222.0
2025-02-16,SKU-0002,153.0,222.0
2025-02-23,SKU-0002,81.0,222.0
2025-03-02,SKU-0002,13.0,222.0
2025-03-09,SKU-0002,0.0,222.0
2025-03-16,SKU-0002,0.0,222.0
2025-03-23,SKU-0002,0.0,222.0
2025-03-30,SKU-0002,0.0,222.0
2025-04-06,SKU-0002,227.0,222.0
2025-04-13,SKU-0002,174.0,222.0
2025-04-20,SKU-0002,89.0,222.0
2025-04-27,SKU-0002,0.0,222.0
2025-05-04,SKU-0002,0.0,222.0
2025-05-11,SKU-0002,0.0,222.0
2025-05-18,SKU-0002,0.0,222.0
2025-05-25,SKU-0002,240.0,222.0
2025-06-01,SKU-0002,176.0,222.0
2025-06-08,SKU-0002,121.0,222.0
2025-06-15,SKU-0002,40.0,222.0
2025-06-22,SKU-0002,0.0,222.0
2025-06-29,SKU-0002,0.0,222.0
2025-07-06,SKU-0002,0.0,222.0
2025-07-13,SKU-0002,0.0,222.0
2025-07-20,SKU-0002,248.0,222.0
2025-07-27,SKU-0002,199.0,222.0
2025-08-03,SKU-0002,135.0,222.0
2025-08-10,SKU-0002,81.0,222.0
2025-08-17,SKU-0002,2.0,222.0
2025-08-24,SKU-0002,0.0,222.0
2025-08-31,SKU-0002,0.0,222.0
2025-09-07,SKU-0002,0.0,222.0
2025-09-14,SKU-0002,0.0,222.0
2025-09-21,SKU-0002,224.0,222.0
2025-09-28,SKU-0002,181.0,222.0
2025-10-05,SKU-0002,105.0,222.0
2025-10-12,SKU-0002,67.0,222.0
2025-10-19,SKU-0002,0.0,222.0
2025-10-26,SKU-0002,0.0,222.0
2025-11-02,SKU-0002,0.0,222.0
2025-11-09,SKU-0002,181.0,222.0
2025-11-16,SKU-0002,132.0,222.0
2025-11-23,SKU-0002,28.0,222.0
2025-11-30,SKU-0002,0.0,222.0
2025-12-07,SKU-0002,0.0,222.0
2025-12-14,SKU-0002,0.0,222.0
2025-12-21,SKU-0002,0.0,222.0
2025-12-28,SKU-0002,204.0,222.0
2024-01-07,SKU-0003,375.6,186.0
2024-01-14,SKU-0003,326.6,186.0
2024-01-21,SKU-0003,262.6,186.0
2024-01-28,SKU-0003,224.6,186.0
2024-02-04,SKU-0003,159.6,186.0
2024-02-11,SKU-0003,117.6,186.0
2024-02-18,SKU-0003,83.6,186.0
2024-02-25,SKU-0003,27.6,186.0
2024-03-03,SKU-0003,0.0,186.0
2024-03-10,SKU-0003,173.6,186.0
2024-03-17,SKU-0003,128.6,186.0
2024-03-24,SKU-0003,60.6,186.0
2024-03-31,SKU-0003,14.6,186.0
2024-04-07,SKU-0003,208.2,186.0
2024-04-14,SKU-0003,150.2,186.0
2024-04-21,SKU-0003,124.2,186.0
2024-04-28,SKU-0003,63.2,186.0
2024-05-05,SKU-0003,22.2,186.0
2024-05-12,SKU-0003,0.0,186.0
2024-05-19,SKU-0003,0.0,186.0
2024-05-26,SKU-0003,212.6,186.0
2024-06-02,SKU-0003,169.6,186.0
2024-06-09,SKU-0003,90.6,186.0
2024-06-16,SKU-0003,0.0,186.0
2024-06-23,SKU-0003,0.0,186.0
2024-06-30,SKU-0003,0.0,186.0
2024-07-07,SKU-0003,0.0,186.0
2024-07-14,SKU-0003,0.0,186.0
2024-07-21,SKU-0003,0.0,186.0
2024-07-28,SKU-0003,0.0,186.0
2024-08-04,SKU-0003,0.0,186.0
2024-08-11,SKU-0003,0.0,186.0
2024-08-18,SKU-0003,174.6,186.0
2024-08-25,SKU-0003,129.6,186.0
2024-09-01,SKU-0003,92.6,186.0
2024-09-08,SKU-0003,35.6,186.0
2024-09-15,SKU-0003,0.0,186.0
2024-09-22,SKU-0003,0.0,186.0
2024-09-29,SKU-0003,0.0,186.0
2024-10-06,SKU-0003,0.0,186.0
2024-10-13,SKU-0003,0.0,186.0
2024-10-20,SKU-0003,0.0,186.0
2024-10-27,SKU-0003,0.0,186.0
2024-11-03,SKU-0003,0.0,186.0
2024-11-10,SKU-0003,135.6,186.0
2024-11-17,SKU-0003,66.6,186.0
2024-11-24,SKU-0003,0.0,186.0
2024-12-01,SKU-0003,0.0,186.0
2024-12-08,SKU-0003,0.0,186.0
2024-12-15,SKU-0003,186.6,186.0
2024-12-22,SKU-0003,94.6,186.0
2024-12-29,SKU-0003,0.0,186.0
2025-01-05,SKU-0003,0.0,186.0
2025-01-12,SKU-0003,0.0,186.0
2025-01-19,SKU-0003,0.0,186.0
2025-01-26,SKU-0003,0.0,186.0
2025-02-02,SKU-0003,0.0,186.0
2025-02-09,SKU-0003,0.0,186.0
2025-02-16,SKU-0003,0.0,186.0
2025-02-23,SKU-0003,172.6,186.0
2025-03-02,SKU-0003,112.6,186.0
2025-03-09,SKU-0003,76.6,186.0
2025-03-16,SKU-0003,10.6,186.0
2025-03-23,SKU-0003,0.0,186.0
2025-03-30,SKU-0003,0.0,186.0
2025-04-06,SKU-0003,0.0,186.0
2025-04-13,SKU-0003,185.6,186.0
2025-04-20,SKU-0003,115.6,186.0
2025-04-27,SKU-0003,55.6,186.0
2025-05-04,SKU-0003,0.0,186.0
2025-05-11,SKU-0003,0.0,186.0
2025-05-18,SKU-0003,0.0,186.0
2025-05-25,SKU-0003,160.6,186.0
2025-06-01,SKU-0003,97.6,186.0
2025-06-08,SKU-0003,31.6,186.0
2025-06-15,SKU-0003,207.2,186.0
2025-06-22,SKU-0003,165.2,186.0
2025-06-29,SKU-0003,118.2,186.0
2025-07-06,SKU-0003,20.2,186.0
2025-07-13,SKU-0003,0.0,186.0
2025-07-20,SKU-0003,0.0,186.0
2025-07-27,SKU-0003,0.0,186.0
2025-08-03,SKU-0003,0.0,186.0
2025-08-10,SKU-0003,0.0,186.0
2025-08-17,SKU-0003,0.0,186.0
2025-08-24,SKU-0003,0.0,186.0
2025-08-31,SKU-0003,212.6,186.0
2025-09-07,SKU-0003,116.6,186.0
2025-09-14,SKU-0003,64.6,186.0
2025-09-21,SKU-0003,28.6,186.0
2025-09-28,SKU-0003,0.0,186.0
2025-10-05,SKU-0003,0.0,186.0
2025-10-12,SKU-0003,0.0,186.0
2025-10-19,SKU-0003,202.6,186.0
2025-10-26,SKU-0003,127.6,186.0
2025-11-02,SKU-0003,0.0,186.0
2025-11-09,SKU-0003,0.0,186.0
2025-11-16,SKU-0003,0.0,186.0
2025-11-23,SKU-0003,0.0,186.0
2025-11-30,SKU-0003,0.0,186.0
2025-12-07,SKU-0003,0.0,186.0
2025-12-14,SKU-0003,0.0,186.0
2025-12-21,SKU-0003,160.6,186.0
2025-12-28,SKU-0003,86.6,186.0
2024-01-07,SKU-0004,371.8,211.0
2024-01-14,SKU-0004,332.8,211.0
2024-01-21,SKU-0004,272.8,211.0
2024-01-28,SKU-0004,50.8,211.0
2024-02-04,SKU-0004,13.8,211.0
2024-02-11,SKU-0004,0.0,211.0
2024-02-18,SKU-0004,0.0,211.0
2024-02-25,SKU-0004,0.0,211.0
2024-03-03,SKU-0004,0.0,211.0
2024-03-10,SKU-0004,0.0,211.0
2024-03-17,SKU-0004,0.0,211.0
2024-03-24,SKU-0004,0.0,211.0
2024-03-31,SKU-0004,0.0,211.0
2024-04-07,SKU-0004,168.8,211.0
2024-04-14,SKU-0004,152.8,211.0
2024-04-21,SKU-0004,95.8,211.0
2024-04-28,SKU-0004,55.8,211.0
2024-05-05,SKU-0004,0.0,211.0
2024-05-12,SKU-0004,0.0,211.0
2024-05-19,SKU-0004,0.0,211.0
2024-05-26,SKU-0004,0.0,211.0
2024-06-02,SKU-0004,182.8,211.0
2024-06-09,SKU-0004,112.8,211.0
2024-06-16,SKU-0004,49.8,211.0
2024-06-23,SKU-0004,255.6,211.0
2024-06-30,SKU-0004,136.6,211.0
2024-07-07,SKU-0004,55.6,211.0
2024-07-14,SKU-0004,2.6,211.0
2024-07-21,SKU-0004,0.0,211.0
2024-07-28,SKU-0004,0.0,211.0
2024-08-04,SKU-0004,218.8,211.0
2024-08-11,SKU-0004,174.8,211.0
2024-08-18,SKU-0004,125.8,211.0
2024-08-25,SKU-0004,77.8,211.0
2024-09-01,SKU-0004,60.8,211.0
2024-09-08,SKU-0004,0.0,211.0
2024-09-15,SKU-0004,0.0,211.0
2024-09-22,SKU-0004,0.0,211.0
2024-09-29,SKU-0004,0.0,211.0
2024-10-06,SKU-0004,194.8,211.0
2024-10-13,SKU-0004,110.8,211.0
2024-10-20,SKU-0004,89.8,211.0
2024-10-27,SKU-0004,307.6,211.0
2024-11-03,SKU-0004,198.6,211.0
2024-11-10,SKU-0004,15.6,211.0
2024-11-17,SKU-0004,0.0,211.0
2024-11-24,SKU-0004,0.0,211.0
2024-12-01,SKU-0004,0.0,211.0
2024-12-08,SKU-0004,252.8,211.0
2024-12-15,SKU-0004,147.8,211.0
2024-12-22,SKU-0004,66.8,211.0
2024-12-29,SKU-0004,0.0,211.0
2025-01-05,SKU-0004,0.0,211.0
2025-01-12,SKU-0004,0.0,211.0
2025-01-19,SKU-0004,0.0,211.0
2025-01-26,SKU-0004,212.8,211.0
2025-02-02,SKU-0004,169.8,211.0
2025-02-09,SKU-0004,106.8,211.0
2025-02-16,SKU-0004,40.8,211.0
2025-02-23,SKU-0004,271.6,211.0
2025-03-02,SKU-0004,204.6,211.0
2025-03-09,SKU-0004,147.6,211.0
2025-03-16,SKU-0004,64.6,211.0
2025-03-23,SKU-0004,272.4,211.0
2025-03-30,SKU-0004,228.4,211.0
2025-04-06,SKU-0004,182.4,211.0
2025-04-13,SKU-0004,42.4,211.0
2025-04-20,SKU-0004,265.2,211.0
2025-04-27,SKU-0004,167.2,211.0
2025-05-04,SKU-0004,91.2,211.0
2025-05-11,SKU-0004,43.2,211.0
2025-05-18,SKU-0004,0.0,211.0
2025-05-25,SKU-0004,0.0,211.0
2025-06-01,SKU-0004,0.0,211.0
2025-06-08,SKU-0004,194.8,211.0
2025-06-15,SKU-0004,159.8,211.0
2025-06-22,SKU-0004,111.8,211.0
2025-06-29,SKU-0004,50.8,211.0
2025-07-06,SKU-0004,0.0,211.0
2025-07-13,SKU-0004,260.8,211.0
2025-07-20,SKU-0004,183.8,211.0
2025-07-27,SKU-0004,135.8,211.0
2025-08-03,SKU-0004,56.8,211.0
2025-08-10,SKU-0004,5.8,211.0
2025-08-17,SKU-0004,0.0,211.0
2025-08-24,SKU-0004,0.0,211.0
2025-08-31,SKU-0004,0.0,211.0
2025-09-07,SKU-0004,0.0,211.0
2025-09-14,SKU-0004,201.8,211.0
2025-09-21,SKU-0004,155.8,211.0
2025-09-28,SKU-0004,70.8,211.0
2025-10-05,SKU-0004,7.8,211.0
2025-10-12,SKU-0004,0.0,211.0
2025-10-19,SKU-0004,0.0,211.0
2025-10-26,SKU-0004,217.8,211.0
2025-11-02,SKU-0004,96.8,211.0
2025-11-09,SKU-0004,13.8,211.0
2025-11-16,SKU-0004,0.0,211.0
2025-11-23,SKU-0004,0.0,211.0
2025-11-30,SKU-0004,0.0,211.0
2025-12-07,SKU-0004,0.0,211.0
2025-12-14,SKU-0004,0.0,211.0
2025-12-21,SKU-0004,204.8,211.0
2025-12-28,SKU-0004,138.8,211.0
2024-01-07,SKU-0005,344.8,163.0
2024-01-14,SKU-0005,275.8,163.0
2024-01-21,SKU-0005,231.8,163.0
2024-01-28,SKU-0005,213.8,163.0
2024-02-04,SKU-0005,174.8,163.0
2024-02-11,SKU-0005,155.8,163.0
2024-02-18,SKU-0005,111.8,163.0
2024-02-25,SKU-0005,90.8,163.0
2024-03-03,SKU-0005,68.8,163.0
2024-03-10,SKU-0005,22.8,163.0
2024-03-17,SKU-0005,0.0,163.0
2024-03-24,SKU-0005,0.0,163.0
2024-03-31,SKU-0005,151.8,163.0
2024-04-07,SKU-0005,5.8,163.0
2024-04-14,SKU-0005,0.0,163.0
2024-04-21,SKU-0005,0.0,163.0
2024-04-28,SKU-0005,0.0,163.0
2024-05-05,SKU-0005,180.8,163.0
2024-05-12,SKU-0005,137.8,163.0
2024-05-19,SKU-0005,116.8,163.0
2024-05-26,SKU-0005,21.8,163.0
2024-06-02,SKU-0005,0.0,163.0
2024-06-09,SKU-0005,184.8,163.0
2024-06-16,SKU-0005,143.8,163.0
2024-06-23,SKU-0005,122.8,163.0
2024-06-30,SKU-0005,82.8,163.0
2024-07-07,SKU-0005,4.8,163.0
2024-07-14,SKU-0005,0.0,163.0
2024-07-21,SKU-0005,0.0,163.0
2024-07-28,SKU-0005,0.0,163.0
2024-08-04,SKU-0005,0.0,163.0
2024-08-11,SKU-0005,116.8,163.0
2024-08-18,SKU-0005,78.8,163.0
2024-08-25,SKU-0005,46.8,163.0
2024-09-01,SKU-0005,0.0,163.0
2024-09-08,SKU-0005,0.0,163.0
2024-09-15,SKU-0005,0.0,163.0
2024-09-22,SKU-0005,0.0,163.0
2024-09-29,SKU-0005,93.8,163.0
2024-10-06,SKU-0005,32.8,163.0
2024-10-13,SKU-0005,0.0,163.0
2024-10-20,SKU-0005,0.0,163.0
2024-10-27,SKU-0005,0.0,163.0
2024-11-03,SKU-0005,0.0,163.0
2024-11-10,SKU-0005,0.0,163.0
2024-11-17,SKU-0005,0.0,163.0
2024-11-24,SKU-0005,0.0,163.0
2024-12-01,SKU-0005,0.0,163.0
2024-12-08,SKU-0005,162.8,163.0
2024-12-15,SKU-0005,147.8,163.0
2024-12-22,SKU-0005,59.8,163.0
2024-12-29,SKU-0005,0.0,163.0
2025-01-05,SKU-0005,0.0,163.0
2025-01-12,SKU-0005,156.8,163.0
2025-01-19,SKU-0005,95.8,163.0
2025-01-26,SKU-0005,77.8,163.0
2025-02-02,SKU-0005,11.8,163.0
2025-02-09,SKU-0005,145.6,163.0
2025-02-16,SKU-0005,100.6,163.0
2025-02-23,SKU-0005,62.6,163.0
2025-03-02,SKU-0005,213.4,163.0
2025-03-09,SKU-0005,194.4,163.0
2025-03-16,SKU-0005,149.4,163.0
2025-03-23,SKU-0005,290.2,163.0
2025-03-30,SKU-0005,268.2,163.0
2025-04-06,SKU-0005,190.2,163.0
2025-04-13,SKU-0005,154.2,163.0
2025-04-20,SKU-0005,139.2,163.0
2025-04-27,SKU-0005,96.2,163.0
2025-05-04,SKU-0005,285.0,163.0
2025-05-11,SKU-0005,229.0,163.0
2025-05-18,SKU-0005,204.0,163.0
2025-05-25,SKU-0005,121.0,163.0
2025-06-01,SKU-0005,89.0,163.0
2025-06-08,SKU-0005,31.0,163.0
2025-06-15,SKU-0005,0.0,163.0
2025-06-22,SKU-0005,0.0,163.0
2025-06-29,SKU-0005,0.0,163.0
2025-07-06,SKU-0005,163.8,163.0
2025-07-13,SKU-0005,125.8,163.0
2025-07-20,SKU-0005,101.8,163.0
2025-07-27,SKU-0005,13.8,163.0
2025-08-03,SKU-0005,0.0,163.0
2025-08-10,SKU-0005,176.8,163.0
2025-08-17,SKU-0005,121.8,163.0
2025-08-24,SKU-0005,310.6,163.0
2025-08-31,SKU-0005,282.6,163.0
2025-09-07,SKU-0005,251.6,163.0
2025-09-14,SKU-0005,191.6,163.0
2025-09-21,SKU-0005,133.6,163.0
2025-09-28,SKU-0005,100.6,163.0
2025-10-05,SKU-0005,22.6,163.0
2025-10-12,SKU-0005,0.0,163.0
2025-10-19,SKU-0005,0.0,163.0
2025-10-26,SKU-0005,0.0,163.0
2025-11-02,SKU-0005,0.0,163.0
2025-11-09,SKU-0005,157.8,163.0
2025-11-16,SKU-0005,75.8,163.0
2025-11-23,SKU-0005,13.8,163.0
2025-11-30,SKU-0005,0.0,163.0
2025-12-07,SKU-0005,186.8,163.0
2025-12-14,SKU-0005,56.8,163.0
2025-12-21,SKU-0005,17.8,163.0
2025-12-28,SKU-0005,0.0,163.0
2024-01-07,SKU-0006,1457.0,660.0
2024-01-14,SKU-0006,1226.0,660.0
2024-01-21,SKU-0006,898.0,660.0
2024-01-28,SKU-0006,603.0,660.0
2024-02-04,SKU-0006,351.0,660.0
2024-02-11,SKU-0006,278.0,660.0
2024-02-18,SKU-0006,169.0,660.0
2024-02-25,SKU-0006,41.0,660.0
2024-03-03,SKU-0006,812.0,660.0
2024-03-10,SKU-0006,495.0,660.0
2024-03-17,SKU-0006,300.0,660.0
2024-03-24,SKU-0006,125.0,660.0
2024-03-31,SKU-0006,0.0,660.0
2024-04-07,SKU-0006,0.0,660.0
2024-04-14,SKU-0006,764.0,660.0
2024-04-21,SKU-0006,646.0,660.0
2024-04-28,SKU-0006,405.0,660.0
2024-05-05,SKU-0006,175.0,660.0
2024-05-12,SKU-0006,0.0,660.0
2024-05-19,SKU-0006,0.0,660.0
2024-05-26,SKU-0006,0.0,660.0
2024-06-02,SKU-0006,734.0,660.0
2024-06-09,SKU-0006,522.0,660.0
2024-06-16,SKU-0006,425.0,660.0
2024-06-23,SKU-0006,276.0,660.0
2024-06-30,SKU-0006,824.0,660.0
2024-07-07,SKU-0006,483.0,660.0
2024-07-14,SKU-0006,146.0,660.0
2024-07-21,SKU-0006,0.0,660.0
2024-07-28,SKU-0006,0.0,660.0
2024-08-04,SKU-0006,0.0,660.0
2024-08-11,SKU-0006,717.0,660.0
2024-08-18,SKU-0006,481.0,660.0
2024-08-25,SKU-0006,86.0,660.0
2024-09-01,SKU-0006,0.0,660.0
2024-09-08,SKU-0006,0.0,660.0
2024-09-15,SKU-0006,0.0,660.0
2024-09-22,SKU-0006,605.0,660.0
2024-09-29,SKU-0006,346.0,660.0
2024-10-06,SKU-0006,113.0,660.0
2024-10-13,SKU-0006,0.0,660.0
2024-10-20,SKU-0006,0.0,660.0
2024-10-27,SKU-0006,0.0,660.0
2024-11-03,SKU-0006,0.0,660.0
2024-11-10,SKU-0006,720.0,660.0
2024-11-17,SKU-0006,591.0,660.0
2024-11-24,SKU-0006,453.0,660.0
2024-12-01,SKU-0006,301.0,660.0
2024-12-08,SKU-0006,77.0,660.0
2024-12-15,SKU-0006,813.0,660.0
2024-12-22,SKU-0006,535.0,660.0
2024-12-29,SKU-0006,0.0,660.0
2025-01-05,SKU-0006,0.0,660.0
2025-01-12,SKU-0006,0.0,660.0
2025-01-19,SKU-0006,0.0,660.0
2025-01-26,SKU-0006,0.0,660.0
2025-02-02,SKU-0006,0.0,660.0
2025-02-09,SKU-0006,0.0,660.0
2025-02-16,SKU-0006,636.0,660.0
2025-02-23,SKU-0006,546.0,660.0
2025-03-02,SKU-0006,194.0,660.0
2025-03-09,SKU-0006,0.0,660.0
2025-03-16,SKU-0006,0.0,660.0
2025-03-23,SKU-0006,0.0,660.0
2025-03-30,SKU-0006,0.0,660.0
2025-04-06,SKU-0006,757.0,660.0
2025-04-13,SKU-0006,446.0,660.0
2025-04-20,SKU-0006,373.0,660.0
2025-04-27,SKU-0006,161.0,660.0
2025-05-04,SKU-0006,80.0,660.0
2025-05-11,SKU-0006,0.0,660.0
2025-05-18,SKU-0006,0.0,660.0
2025-05-25,SKU-0006,0.0,660.0
2025-06-01,SKU-0006,0.0,660.0
2025-06-08,SKU-0006,235.0,660.0
2025-06-15,SKU-0006,91.0,660.0
2025-06-22,SKU-0006,0.0,660.0
2025-06-29,SKU-0006,0.0,660.0
2025-07-06,SKU-0006,718.0,660.0
2025-07-13,SKU-0006,453.0,660.0
2025-07-20,SKU-0006,1.0,660.0
2025-07-27,SKU-0006,0.0,660.0
2025-08-03,SKU-0006,0.0,660.0
2025-08-10,SKU-0006,0.0,660.0
2025-08-17,SKU-0006,0.0,660.0
2025-08-24,SKU-0006,0.0,660.0
2025-08-31,SKU-0006,334.0,660.0
2025-09-07,SKU-0006,211.0,660.0
2025-09-14,SKU-0006,0.0,660.0
2025-09-21,SKU-0006,0.0,660.0
2025-09-28,SKU-0006,0.0,660.0
2025-10-05,SKU-0006,0.0,660.0
2025-10-12,SKU-0006,638.0,660.0
2025-10-19,SKU-0006,383.0,660.0
2025-10-26,SKU-0006,0.0,660.0
2025-11-02,SKU-0006,373.0,660.0
2025-11-09,SKU-0006,0.0,660.0
2025-11-16,SKU-0006,0.0,660.0
2025-11-23,SKU-0006,0.0,660.0
2025-11-30,SKU-0006,0.0,660.0
2025-12-07,SKU-0006,728.0,660.0
2025-12-14,SKU-0006,462.0,660.0
2025-12-21,SKU-0006,321.0,660.0
2025-12-28,SKU-0006,98.0,660.0
2024-01-07,SKU-0007,322.8,152.0
2024-01-14,SKU-0007,258.8,152.0
2024-01-21,SKU-0007,224.8,152.0
2024-01-28,SKU-0007,182.8,152.0
2024-02-04,SKU-0007,142.8,152.0
2024-02-11,SKU-0007,86.8,152.0
2024-02-18,SKU-0007,56.8,152.0
2024-02-25,SKU-0007,217.6,152.0
2024-03-03,SKU-0007,174.6,152.0
2024-03-10,SKU-0007,123.6,152.0
2024-03-17,SKU-0007,72.6,152.0
2024-03-24,SKU-0007,31.6,152.0
2024-03-31,SKU-0007,0.0,152.0
2024-04-07,SKU-0007,158.8,152.0
2024-04-14,SKU-0007,105.8,152.0
2024-04-21,SKU-0007,58.8,152.0
2024-04-28,SKU-0007,17.8,152.0
2024-05-05,SKU-0007,171.6,152.0
2024-05-12,SKU-0007,117.6,152.0
2024-05-19,SKU-0007,32.6,152.0
2024-05-26,SKU-0007,0.0,152.0
2024-06-02,SKU-0007,0.0,152.0
2024-06-09,SKU-0007,0.0,152.0
2024-06-16,SKU-0007,172.8,152.0
2024-06-23,SKU-0007,139.8,152.0
2024-06-30,SKU-0007,101.8,152.0
2024-07-07,SKU-0007,53.8,152.0
2024-07-14,SKU-0007,0.0,152.0
2024-07-21,SKU-0007,0.0,152.0
2024-07-28,SKU-0007,0.0,152.0
2024-08-04,SKU-0007,154.8,152.0
2024-08-11,SKU-0007,126.8,152.0
2024-08-18,SKU-0007,97.8,152.0
2024-08-25,SKU-0007,32.8,152.0
2024-09-01,SKU-0007,0.0,152.0
2024-09-08,SKU-0007,164.8,152.0
2024-09-15,SKU-0007,96.8,152.0
2024-09-22,SKU-0007,60.8,152.0
2024-09-29,SKU-0007,195.6,152.0
2024-10-06,SKU-0007,117.6,152.0
2024-10-13,SKU-0007,71.6,152.0
2024-10-20,SKU-0007,29.6,152.0
2024-10-27,SKU-0007,0.0,152.0
2024-11-03,SKU-0007,0.0,152.0
2024-11-10,SKU-0007,0.0,152.0
2024-11-17,SKU-0007,0.0,152.0
2024-11-24,SKU-0007,0.0,152.0
2024-12-01,SKU-0007,138.8,152.0
2024-12-08,SKU-0007,81.8,152.0
2024-12-15,SKU-0007,30.8,152.0
2024-12-22,SKU-0007,0.0,152.0
2024-12-29,SKU-0007,0.0,152.0
2025-01-05,SKU-0007,161.8,152.0
2025-01-12,SKU-0007,122.8,152.0
2025-01-19,SKU-0007,71.8,152.0
2025-01-26,SKU-0007,39.8,152.0
2025-02-02,SKU-0007,0.0,152.0
2025-02-09,SKU-0007,0.0,152.0
2025-02-16,SKU-0007,0.0,152.0
2025-02-23,SKU-0007,144.8,152.0
2025-03-02,SKU-0007,76.8,152.0
2025-03-09,SKU-0007,33.8,152.0
2025-03-16,SKU-0007,0.0,152.0
2025-03-23,SKU-0007,0.0,152.0
2025-03-30,SKU-0007,164.8,152.0
2025-04-06,SKU-0007,120.8,152.0
2025-04-13,SKU-0007,50.8,152.0
2025-04-20,SKU-0007,0.0,152.0
2025-04-27,SKU-0007,0.0,152.0
2025-05-04,SKU-0007,148.8,152.0
2025-05-11,SKU-0007,99.8,152.0
2025-05-18,SKU-0007,39.8,152.0
2025-05-25,SKU-0007,0.0,152.0
2025-06-01,SKU-0007,0.0,152.0
2025-06-08,SKU-0007,0.0,152.0
2025-06-15,SKU-0007,0.0,152.0
2025-06-22,SKU-0007,146.8,152.0
2025-06-29,SKU-0007,98.8,152.0
2025-07-06,SKU-0007,17.8,152.0
2025-07-13,SKU-0007,0.0,152.0
2025-07-20,SKU-0007,164.8,152.0
2025-07-27,SKU-0007,106.8,152.0
2025-08-03,SKU-0007,65.8,152.0
2025-08-10,SKU-0007,20.8,152.0
2025-08-17,SKU-0007,0.0,152.0
2025-08-24,SKU-0007,0.0,152.0
2025-08-31,SKU-0007,0.0,152.0
2025-09-07,SKU-0007,157.8,152.0
2025-09-14,SKU-0007,112.8,152.0
2025-09-21,SKU-0007,43.8,152.0
2025-09-28,SKU-0007,0.8,152.0
2025-10-05,SKU-0007,155.6,152.0
2025-10-12,SKU-0007,65.6,152.0
2025-10-19,SKU-0007,17.6,152.0
2025-10-26,SKU-0007,141.4,152.0
2025-11-02,SKU-0007,50.4,152.0
2025-11-09,SKU-0007,0.0,152.0
2025-11-16,SKU-0007,0.0,152.0
2025-11-23,SKU-0007,0.0,152.0
2025-11-30,SKU-0007,124.8,152.0
2025-12-07,SKU-0007,44.8,152.0
2025-12-14,SKU-0007,0.0,152.0
2025-12-21,SKU-0007,0.0,152.0
2025-12-28,SKU-0007,0.0,152.0
2024-01-07,SKU-0008,1087.6,496.0
2024-01-14,SKU-0008,813.6,496.0
2024-01-21,SKU-0008,675.6,496.0
2024-01-28,SKU-0008,583.6,496.0
2024-02-04,SKU-0008,481.6,496.0
2024-02-11,SKU-0008,142.6,496.0
2024-02-18,SKU-0008,0.0,496.0
2024-02-25,SKU-0008,0.0,496.0
2024-03-03,SKU-0008,0.0,496.0
2024-03-10,SKU-0008,0.0,496.0
2024-03-17,SKU-0008,0.0,496.0
2024-03-24,SKU-0008,562.6,496.0
2024-03-31,SKU-0008,503.6,496.0
2024-04-07,SKU-0008,282.6,496.0
2024-04-14,SKU-0008,200.6,496.0
2024-04-21,SKU-0008,87.6,496.0
2024-04-28,SKU-0008,0.0,496.0
2024-05-05,SKU-0008,0.0,496.0
2024-05-12,SKU-0008,0.0,496.0
2024-05-19,SKU-0008,0.0,496.0
2024-05-26,SKU-0008,0.0,496.0
2024-06-02,SKU-0008,0.0,496.0
2024-06-09,SKU-0008,0.0,496.0
2024-06-16,SKU-0008,0.0,496.0
2024-06-23,SKU-0008,506.6,496.0
2024-06-30,SKU-0008,341.6,496.0
2024-07-07,SKU-0008,222.6,496.0
2024-07-14,SKU-0008,99.6,496.0
2024-07-21,SKU-0008,0.0,496.0
2024-07-28,SKU-0008,0.0,496.0
2024-08-04,SKU-0008,0.0,496.0
2024-08-11,SKU-0008,0.0,496.0
2024-08-18,SKU-0008,0.0,496.0
2024-08-25,SKU-0008,355.6,496.0
2024-09-01,SKU-0008,186.6,496.0
2024-09-08,SKU-0008,33.6,496.0
2024-09-15,SKU-0008,0.0,496.0
2024-09-22,SKU-0008,0.0,496.0
2024-09-29,SKU-0008,0.0,496.0
2024-10-06,SKU-0008,0.0,496.0
2024-10-13,SKU-0008,0.0,496.0
2024-10-20,SKU-0008,324.6,496.0
2024-10-27,SKU-0008,238.6,496.0
2024-11-03,SKU-0008,110.6,496.0
2024-11-10,SKU-0008,0.0,496.0
2024-11-17,SKU-0008,0.0,496.0
2024-11-24,SKU-0008,0.0,496.0
2024-12-01,SKU-0008,540.6,496.0
2024-12-08,SKU-0008,437.6,496.0
2024-12-15,SKU-0008,372.6,496.0
2024-12-22,SKU-0008,278.6,496.0
2024-12-29,SKU-0008,177.6,496.0
2025-01-05,SKU-0008,120.6,496.0
2025-01-12,SKU-0008,0.0,496.0
2025-01-19,SKU-0008,0.0,496.0
2025-01-26,SKU-0008,619.6,496.0
2025-02-02,SKU-0008,146.6,496.0
2025-02-09,SKU-0008,70.6,496.0
2025-02-16,SKU-0008,9.6,496.0
2025-02-23,SKU-0008,0.0,496.0
2025-03-02,SKU-0008,0.0,496.0
2025-03-09,SKU-0008,0.0,496.0
2025-03-16,SKU-0008,0.0,496.0
2025-03-23,SKU-0008,0.0,496.0
2025-03-30,SKU-0008,0.0,496.0
2025-04-06,SKU-0008,0.0,496.0
2025-04-13,SKU-0008,0.0,496.0
2025-04-20,SKU-0008,525.6,496.0
2025-04-27,SKU-0008,258.6,496.0
2025-05-04,SKU-0008,192.6,496.0
2025-05-11,SKU-0008,77.6,496.0
2025-05-18,SKU-0008,10.6,496.0
2025-05-25,SKU-0008,0.0,496.0
2025-06-01,SKU-0008,0.0,496.0
2025-06-08,SKU-0008,0.0,496.0
2025-06-15,SKU-0008,0.0,496.0
2025-06-22,SKU-0008,0.0,496.0
2025-06-29,SKU-0008,615.6,496.0
2025-07-06,SKU-0008,449.6,496.0
2025-07-13,SKU-0008,381.6,496.0
2025-07-20,SKU-0008,312.6,496.0
2025-07-27,SKU-0008,215.6,496.0
2025-08-03,SKU-0008,94.6,496.0
2025-08-10,SKU-0008,0.0,496.0
2025-08-17,SKU-0008,446.6,496.0
2025-08-24,SKU-0008,277.6,496.0
2025-08-31,SKU-0008,190.6,496.0
2025-09-07,SKU-0008,0.0,496.0
2025-09-14,SKU-0008,0.0,496.0
2025-09-21,SKU-0008,0.0,496.0
2025-09-28,SKU-0008,571.6,496.0
2025-10-05,SKU-0008,536.6,496.0
2025-10-12,SKU-0008,413.6,496.0
2025-10-19,SKU-0008,0.0,496.0
2025-10-26,SKU-0008,0.0,496.0
2025-11-02,SKU-0008,0.0,496.0
2025-11-09,SKU-0008,0.0,496.0
2025-11-16,SKU-0008,0.0,496.0
2025-11-23,SKU-0008,0.0,496.0
2025-11-30,SKU-0008,0.0,496.0
2025-12-07,SKU-0008,0.0,496.0
2025-12-14,SKU-0008,0.0,496.0
2025-12-21,SKU-0008,533.6,496.0
2025-12-28,SKU-0008,434.6,496.0
2024-01-07,SKU-0009,380.0,186.0
2024-01-14,SKU-0009,307.0,186.0
2024-01-21,SKU-0009,242.0,186.0
2024-01-28,SKU-0009,181.0,186.0
2024-02-04,SKU-0009,122.0,186.0
2024-02-11,SKU-0009,0.0,186.0
2024-02-18,SKU-0009,0.0,186.0
2024-02-25,SKU-0009,0.0,186.0
2024-03-03,SKU-0009,0.0,186.0
2024-03-10,SKU-0009,0.0,186.0
2024-03-17,SKU-0009,0.0,186.0
2024-03-24,SKU-0009,169.0,186.0
2024-03-31,SKU-0009,68.0,186.0
2024-04-07,SKU-0009,5.0,186.0
2024-04-14,SKU-0009,0.0,186.0
2024-04-21,SKU-0009,0.0,186.0
2024-04-28,SKU-0009,0.0,186.0
2024-05-05,SKU-0009,160.0,186.0
2024-05-12,SKU-0009,108.0,186.0
2024-05-19,SKU-0009,78.0,186.0
2024-05-26,SKU-0009,23.0,186.0
2024-06-02,SKU-0009,0.0,186.0
2024-06-09,SKU-0009,0.0,186.0
2024-06-16,SKU-0009,0.0,186.0
2024-06-23,SKU-0009,0.0,186.0
2024-06-30,SKU-0009,159.0,186.0
2024-07-07,SKU-0009,126.0,186.0
2024-07-14,SKU-0009,62.0,186.0
2024-07-21,SKU-0009,0.0,186.0
2024-07-28,SKU-0009,0.0,186.0
2024-08-04,SKU-0009,0.0,186.0
2024-08-11,SKU-0009,0.0,186.0
2024-08-18,SKU-0009,0.0,186.0
2024-08-25,SKU-0009,0.0,186.0
2024-09-01,SKU-0009,154.0,186.0
2024-09-08,SKU-0009,107.0,186.0
2024-09-15,SKU-0009,33.0,186.0
2024-09-22,SKU-0009,0.0,186.0
2024-09-29,SKU-0009,0.0,186.0
2024-10-06,SKU-0009,0.0,186.0
2024-10-13,SKU-0009,0.0,186.0
2024-10-20,SKU-0009,0.0,186.0
2024-10-27,SKU-0009,177.0,186.0
2024-11-03,SKU-0009,90.0,186.0
2024-11-10,SKU-0009,0.0,186.0
2024-11-17,SKU-0009,0.0,186.0
2024-11-24,SKU-0009,0.0,186.0
2024-12-01,SKU-0009,0.0,186.0
2024-12-08,SKU-0009,0.0,186.0
2024-12-15,SKU-0009,174.0,186.0
2024-12-22,SKU-0009,128.0,186.0
2024-12-29,SKU-0009,47.0,186.0
2025-01-05,SKU-0009,14.0,186.0
2025-01-12,SKU-0009,0.0,186.0
2025-01-19,SKU-0009,0.0,186.0
2025-01-26,SKU-0009,0.0,186.0
2025-02-02,SKU-0009,187.0,186.0
2025-02-09,SKU-0009,132.0,186.0
2025-02-16,SKU-0009,48.0,186.0
2025-02-23,SKU-0009,14.0,186.0
2025-03-02,SKU-0009,0.0,186.0
2025-03-09,SKU-0009,0.0,186.0
2025-03-16,SKU-0009,0.0,186.0
2025-03-23,SKU-0009,0.0,186.0
2025-03-30,SKU-0009,128.0,186.0
2025-04-06,SKU-0009,94.0,186.0
2025-04-13,SKU-0009,0.0,186.0
2025-04-20,SKU-0009,0.0,186.0
2025-04-27,SKU-0009,0.0,186.0
2025-05-04,SKU-0009,0.0,186.0
2025-05-11,SKU-0009,0.0,186.0
2025-05-18,SKU-0009,188.0,186.0
2025-05-25,SKU-0009,140.0,186.0
2025-06-01,SKU-0009,78.0,186.0
2025-06-08,SKU-0009,43.0,186.0
2025-06-15,SKU-0009,0.0,186.0
2025-06-22,SKU-0009,0.0,186.0
2025-06-29,SKU-0009,0.0,186.0
2025-07-06,SKU-0009,0.0,186.0
2025-07-13,SKU-0009,0.0,186.0
2025-07-20,SKU-0009,0.0,186.0
2025-07-27,SKU-0009,209.0,186.0
2025-08-03,SKU-0009,125.0,186.0
2025-08-10,SKU-0009,92.0,186.0
2025-08-17,SKU-0009,23.0,186.0
2025-08-24,SKU-0009,0.0,186.0
2025-08-31,SKU-0009,0.0,186.0
2025-09-07,SKU-0009,0.0,186.0
2025-09-14,SKU-0009,0.0,186.0
2025-09-21,SKU-0009,0.0,186.0
2025-09-28,SKU-0009,0.0,186.0
2025-10-05,SKU-0009,166.0,186.0
2025-10-12,SKU-0009,129.0,186.0
2025-10-19,SKU-0009,100.0,186.0
2025-10-26,SKU-0009,53.0,186.0
2025-11-02,SKU-0009,0.0,186.0
2025-11-09,SKU-0009,0.0,186.0
2025-11-16,SKU-0009,0.0,186.0
2025-11-23,SKU-0009,0.0,186.0
2025-11-30,SKU-0009,135.0,186.0
2025-12-07,SKU-0009,37.0,186.0
2025-12-14,SKU-0009,0.0,186.0
2025-12-21,SKU-0009,0.0,186.0
2025-12-28,SKU-0009,0.0,186.0
2024-01-07,SKU-0010,365.4,168.0
2024-01-14,SKU-0010,300.4,168.0
2024-01-21,SKU-0010,252.4,168.0
2024-01-28,SKU-0010,214.4,168.0
2024-02-04,SKU-0010,137.4,168.0
2024-02-11,SKU-0010,77.4,168.0
2024-02-18,SKU-0010,15.4,168.0
2024-02-25,SKU-0010,0.0,168.0
2024-03-03,SKU-0010,0.0,168.0
2024-03-10,SKU-0010,194.4,168.0
2024-03-17,SKU-0010,152.4,168.0
2024-03-24,SKU-0010,81.4,168.0
2024-03-31,SKU-0010,45.4,168.0
2024-04-07,SKU-0010,0.0,168.0
2024-04-14,SKU-0010,0.0,168.0
2024-04-21,SKU-0010,0.0,168.0
2024-04-28,SKU-0010,140.4,168.0
2024-05-05,SKU-0010,66.4,168.0
2024-05-12,SKU-0010,17.4,168.0
2024-05-19,SKU-0010,0.0,168.0
2024-05-26,SKU-0010,0.0,168.0
2024-06-02,SKU-0010,0.0,168.0
2024-06-09,SKU-0010,134.4,168.0
2024-06-16,SKU-0010,69.4,168.0
2024-06-23,SKU-0010,29.4,168.0
2024-06-30,SKU-0010,0.0,168.0
2024-07-07,SKU-0010,177.4,168.0
2024-07-14,SKU-0010,111.4,168.0
2024-07-21,SKU-0010,82.4,168.0
2024-07-28,SKU-0010,30.4,168.0
2024-08-04,SKU-0010,0.0,168.0
2024-08-11,SKU-0010,0.0,168.0
2024-08-18,SKU-0010,0.0,168.0
2024-08-25,SKU-0010,0.0,168.0
2024-09-01,SKU-0010,172.4,168.0
2024-09-08,SKU-0010,112.4,168.0
2024-09-15,SKU-0010,28.4,168.0
2024-09-22,SKU-0010,0.0,168.0
2024-09-29,SKU-0010,0.0,168.0
2024-10-06,SKU-0010,0.0,168.0
2024-10-13,SKU-0010,0.0,168.0
2024-10-20,SKU-0010,0.0,168.0
2024-10-27,SKU-0010,0.0,168.0
2024-11-03,SKU-0010,0.0,168.0
2024-11-10,SKU-0010,183.4,168.0
2024-11-17,SKU-0010,148.4,168.0
2024-11-24,SKU-0010,100.4,168.0
2024-12-01,SKU-0010,11.4,168.0
2024-12-08,SKU-0010,0.0,168.0
2024-12-15,SKU-0010,146.4,168.0
2024-12-22,SKU-0010,115.4,168.0
2024-12-29,SKU-0010,91.4,168.0
2025-01-05,SKU-0010,55.4,168.0
2025-01-12,SKU-0010,15.4,168.0
2025-01-19,SKU-0010,0.0,168.0
2025-01-26,SKU-0010,171.4,168.0
2025-02-02,SKU-0010,129.4,168.0
2025-02-09,SKU-0010,101.4,168.0
2025-02-16,SKU-0010,69.4,168.0
2025-02-23,SKU-0010,22.4,168.0
2025-03-02,SKU-0010,0.0,168.0
2025-03-09,SKU-0010,0.0,168.0
2025-03-16,SKU-0010,0.0,168.0
2025-03-23,SKU-0010,0.0,168.0
2025-03-30,SKU-0010,174.4,168.0
2025-04-06,SKU-0010,139.4,168.0
2025-04-13,SKU-0010,95.4,168.0
2025-04-20,SKU-0010,33.4,168.0
2025-04-27,SKU-0010,0.0,168.0
2025-05-04,SKU-0010,0.0,168.0
2025-05-11,SKU-0010,163.4,168.0
2025-05-18,SKU-0010,110.4,168.0
2025-05-25,SKU-0010,85.4,168.0
2025-06-01,SKU-0010,70.4,168.0
2025-06-08,SKU-0010,0.0,168.0
2025-06-15,SKU-0010,151.4,168.0
2025-06-22,SKU-0010,99.4,168.0
2025-06-29,SKU-0010,72.4,168.0
2025-07-06,SKU-0010,40.4,168.0
2025-07-13,SKU-0010,0.0,168.0
2025-07-20,SKU-0010,0.0,168.0
2025-07-27,SKU-0010,178.4,168.0
2025-08-03,SKU-0010,103.4,168.0
2025-08-10,SKU-0010,46.4,168.0
2025-08-17,SKU-0010,0.0,168.0
2025-08-24,SKU-0010,0.0,168.0
2025-08-31,SKU-0010,0.0,168.0
2025-09-07,SKU-0010,0.0,168.0
2025-09-14,SKU-0010,0.0,168.0
2025-09-21,SKU-0010,163.4,168.0
2025-09-28,SKU-0010,68.4,168.0
2025-10-05,SKU-0010,11.4,168.0
2025-10-12,SKU-0010,0.0,168.0
2025-10-19,SKU-0010,0.0,168.0
2025-10-26,SKU-0010,187.4,168.0
2025-11-02,SKU-0010,67.4,168.0
2025-11-09,SKU-0010,0.0,168.0
2025-11-16,SKU-0010,0.0,168.0
2025-11-23,SKU-0010,0.0,168.0
2025-11-30,SKU-0010,0.0,168.0
2025-12-07,SKU-0010,0.0,168.0
2025-12-14,SKU-0010,0.0,168.0
2025-12-21,SKU-0010,141.4,168.0
2025-12-28,SKU-0010,60.4,168.0
2024-01-07,SKU-0011,406.8,184.0
2024-01-14,SKU-0011,354.8,184.0
2024-01-21,SKU-0011,307.8,184.0
2024-01-28,SKU-0011,258.8,184.0
2024-02-04,SKU-0011,213.8,184.0
2024-02-11,SKU-0011,172.8,184.0
2024-02-18,SKU-0011,110.8,184.0
2024-02-25,SKU-0011,62.8,184.0
2024-03-03,SKU-0011,7.8,184.0
2024-03-10,SKU-0011,0.0,184.0
2024-03-17,SKU-0011,0.0,184.0
2024-03-24,SKU-0011,0.0,184.0
2024-03-31,SKU-0011,0.0,184.0
2024-04-07,SKU-0011,177.8,184.0
2024-04-14,SKU-0011,132.8,184.0
2024-04-21,SKU-0011,48.8,184.0
2024-04-28,SKU-0011,0.8,184.0
2024-05-05,SKU-0011,0.0,184.0
2024-05-12,SKU-0011,0.0,184.0
2024-05-19,SKU-0011,0.0,184.0
2024-05-26,SKU-0011,202.8,184.0
2024-06-02,SKU-0011,181.8,184.0
2024-06-09,SKU-0011,38.8,184.0
2024-06-16,SKU-0011,14.8,184.0
2024-06-23,SKU-0011,0.0,184.0
2024-06-30,SKU-0011,0.0,184.0
2024-07-07,SKU-0011,0.0,184.0
2024-07-14,SKU-0011,172.8,184.0
2024-07-21,SKU-0011,92.8,184.0
2024-07-28,SKU-0011,0.0,184.0
2024-08-04,SKU-0011,0.0,184.0
2024-08-11,SKU-0011,0.0,184.0
2024-08-18,SKU-0011,0.0,184.0
2024-08-25,SKU-0011,0.0,184.0
2024-09-01,SKU-0011,198.8,184.0
2024-09-08,SKU-0011,156.8,184.0
2024-09-15,SKU-0011,91.8,184.0
2024-09-22,SKU-0011,0.0,184.0
2024-09-29,SKU-0011,0.0,184.0
2024-10-06,SKU-0011,0.0,184.0
2024-10-13,SKU-0011,0.0,184.0
2024-10-20,SKU-0011,0.0,184.0
2024-10-27,SKU-0011,77.8,184.0
2024-11-03,SKU-0011,0.0,184.0
2024-11-10,SKU-0011,0.0,184.0
2024-11-17,SKU-0011,0.0,184.0
2024-11-24,SKU-0011,0.0,184.0
2024-12-01,SKU-0011,0.0,184.0
2024-12-08,SKU-0011,0.0,184.0
2024-12-15,SKU-0011,0.0,184.0
2024-12-22,SKU-0011,0.0,184.0
2024-12-29,SKU-0011,184.8,184.0
2025-01-05,SKU-0011,147.8,184.0
2025-01-12,SKU-0011,33.8,184.0
2025-01-19,SKU-0011,0.0,184.0
2025-01-26,SKU-0011,0.0,184.0
2025-02-02,SKU-0011,0.0,184.0
2025-02-09,SKU-0011,0.0,184.0
2025-02-16,SKU-0011,205.8,184.0
2025-02-23,SKU-0011,153.8,184.0
2025-03-02,SKU-0011,112.8,184.0
2025-03-09,SKU-0011,68.8,184.0
2025-03-16,SKU-0011,0.0,184.0
2025-03-23,SKU-0011,0.0,184.0
2025-03-30,SKU-0011,0.0,184.0
2025-04-06,SKU-0011,203.8,184.0
2025-04-13,SKU-0011,166.8,184.0
2025-04-20,SKU-0011,109.8,184.0
2025-04-27,SKU-0011,81.8,184.0
2025-05-04,SKU-0011,32.8,184.0
2025-05-11,SKU-0011,200.6,184.0
2025-05-18,SKU-0011,146.6,184.0
2025-05-25,SKU-0011,113.6,184.0
2025-06-01,SKU-0011,74.6,184.0
2025-06-08,SKU-0011,16.6,184.0
2025-06-15,SKU-0011,0.0,184.0
2025-06-22,SKU-0011,160.8,184.0
2025-06-29,SKU-0011,110.8,184.0
2025-07-06,SKU-0011,83.8,184.0
2025-07-13,SKU-0011,0.0,184.0
2025-07-20,SKU-0011,0.0,184.0
2025-07-27,SKU-0011,0.0,184.0
2025-08-03,SKU-0011,180.8,184.0
2025-08-10,SKU-0011,148.8,184.0
2025-08-17,SKU-0011,102.8,184.0
2025-08-24,SKU-0011,39.8,184.0
2025-08-31,SKU-0011,190.6,184.0
2025-09-07,SKU-0011,132.6,184.0
2025-09-14,SKU-0011,121.6,184.0
2025-09-21,SKU-0011,72.6,184.0
2025-09-28,SKU-0011,5.6,184.0
2025-10-05,SKU-0011,0.0,184.0
2025-10-12,SKU-0011,157.8,184.0
2025-10-19,SKU-0011,0.0,184.0
2025-10-26,SKU-0011,0.0,184.0
2025-11-02,SKU-0011,0.0,184.0
2025-11-09,SKU-0011,126.8,184.0
2025-11-16,SKU-0011,91.8,184.0
2025-11-23,SKU-0011,0.0,184.0
2025-11-30,SKU-0011,0.0,184.0
2025-12-07,SKU-0011,0.0,184.0
2025-12-14,SKU-0011,0.0,184.0
2025-12-21,SKU-0011,159.8,184.0
2025-12-28,SKU-0011,105.8,184.0
2024-01-07,SKU-0012,353.2,169.0
2024-01-14,SKU-0012,315.2,169.0
2024-01-21,SKU-0012,266.2,169.0
2024-01-28,SKU-0012,231.2,169.0
2024-02-04,SKU-0012,176.2,169.0
2024-02-11,SKU-0012,160.2,169.0
2024-02-18,SKU-0012,123.2,169.0
2024-02-25,SKU-0012,105.2,169.0
2024-03-03,SKU-0012,69.2,169.0
2024-03-10,SKU-0012,10.2,169.0
2024-03-17,SKU-0012,0.0,169.0
2024-03-24,SKU-0012,0.0,169.0
2024-03-31,SKU-0012,0.0,169.0
2024-04-07,SKU-0012,119.2,169.0
2024-04-14,SKU-0012,92.2,169.0
2024-04-21,SKU-0012,242.4,169.0
2024-04-28,SKU-0012,220.4,169.0
2024-05-05,SKU-0012,181.4,169.0
2024-05-12,SKU-0012,127.4,169.0
2024-05-19,SKU-0012,95.4,169.0
2024-05-26,SKU-0012,40.4,169.0
2024-06-02,SKU-0012,0.0,169.0
2024-06-09,SKU-0012,0.0,169.0
2024-06-16,SKU-0012,0.0,169.0
2024-06-23,SKU-0012,183.2,169.0
2024-06-30,SKU-0012,164.2,169.0
2024-07-07,SKU-0012,119.2,169.0
2024-07-14,SKU-0012,86.2,169.0
2024-07-21,SKU-0012,0.0,169.0
2024-07-28,SKU-0012,0.0,169.0
2024-08-04,SKU-0012,0.0,169.0
2024-08-11,SKU-0012,0.0,169.0
2024-08-18,SKU-0012,0.0,169.0
2024-08-25,SKU-0012,158.2,169.0
2024-09-01,SKU-0012,93.2,169.0
2024-09-08,SKU-0012,15.2,169.0
2024-09-15,SKU-0012,0.0,169.0
2024-09-22,SKU-0012,0.0,169.0
2024-09-29,SKU-0012,0.0,169.0
2024-10-06,SKU-0012,0.0,169.0
2024-10-13,SKU-0012,0.0,169.0
2024-10-20,SKU-0012,0.0,169.0
2024-10-27,SKU-0012,179.2,169.0
2024-11-03,SKU-0012,81.2,169.0
2024-11-10,SKU-0012,0.2,169.0
2024-11-17,SKU-0012,0.0,169.0
2024-11-24,SKU-0012,0.0,169.0
2024-12-01,SKU-0012,0.0,169.0
2024-12-08,SKU-0012,0.0,169.0
2024-12-15,SKU-0012,0.0,169.0
2024-12-22,SKU-0012,0.0,169.0
2024-12-29,SKU-0012,0.0,169.0
2025-01-05,SKU-0012,204.2,169.0
2025-01-12,SKU-0012,164.2,169.0
2025-01-19,SKU-0012,132.2,169.0
2025-01-26,SKU-0012,96.2,169.0
2025-02-02,SKU-0012,296.4,169.0
2025-02-09,SKU-0012,273.4,169.0
2025-02-16,SKU-0012,236.4,169.0
2025-02-23,SKU-0012,212.4,169.0
2025-03-02,SKU-0012,54.4,169.0
2025-03-09,SKU-0012,17.4,169.0
2025-03-16,SKU-0012,0.0,169.0
2025-03-23,SKU-0012,0.0,169.0
2025-03-30,SKU-0012,0.0,169.0
2025-04-06,SKU-0012,211.2,169.0
2025-04-13,SKU-0012,169.2,169.0
2025-04-20,SKU-0012,113.2,169.0
2025-04-27,SKU-0012,91.2,169.0
2025-05-04,SKU-0012,41.2,169.0
2025-05-11,SKU-0012,14.2,169.0
2025-05-18,SKU-0012,0.0,169.0
2025-05-25,SKU-0012,0.0,169.0
2025-06-01,SKU-0012,0.0,169.0
2025-06-08,SKU-0012,162.2,169.0
2025-06-15,SKU-0012,127.2,169.0
2025-06-22,SKU-0012,48.2,169.0
2025-06-29,SKU-0012,8.2,169.0
2025-07-06,SKU-0012,0.0,169.0
2025-07-13,SKU-0012,0.0,169.0
2025-07-20,SKU-0012,0.0,169.0
2025-07-27,SKU-0012,0.0,169.0
2025-08-03,SKU-0012,156.2,169.0
2025-08-10,SKU-0012,127.2,169.0
2025-08-17,SKU-0012,95.2,169.0
2025-08-24,SKU-0012,66.2,169.0
2025-08-31,SKU-0012,0.0,169.0
2025-09-07,SKU-0012,0.0,169.0
2025-09-14,SKU-0012,0.0,169.0
2025-09-21,SKU-0012,150.2,169.0
2025-09-28,SKU-0012,2.2,169.0
2025-10-05,SKU-0012,0.0,169.0
2025-10-12,SKU-0012,0.0,169.0
2025-10-19,SKU-0012,0.0,169.0
2025-10-26,SKU-0012,0.0,169.0
2025-11-02,SKU-0012,0.0,169.0
2025-11-09,SKU-0012,157.2,169.0
2025-11-16,SKU-0012,119.2,169.0
2025-11-23,SKU-0012,22.2,169.0
2025-11-30,SKU-0012,0.0,169.0
2025-12-07,SKU-0012,0.0,169.0
2025-12-14,SKU-0012,0.0,169.0
2025-12-21,SKU-0012,153.2,169.0
2025-12-28,SKU-0012,90.2,169.0
2024-01-07,SKU-0013,424.2,211.0
2024-01-14,SKU-0013,352.2,211.0
2024-01-21,SKU-0013,284.2,211.0
2024-01-28,SKU-0013,226.2,211.0
2024-02-04,SKU-0013,184.2,211.0
2024-02-11,SKU-0013,117.2,211.0
2024-02-18,SKU-0013,37.2,211.0
2024-02-25,SKU-0013,0.0,211.0
2024-03-03,SKU-0013,0.0,211.0
2024-03-10,SKU-0013,219.2,211.0
2024-03-17,SKU-0013,131.2,211.0
2024-03-24,SKU-0013,43.2,211.0
2024-03-31,SKU-0013,0.0,211.0
2024-04-07,SKU-0013,0.0,211.0
2024-04-14,SKU-0013,0.0,211.0
2024-04-21,SKU-0013,0.0,211.0
2024-04-28,SKU-0013,226.2,211.0
2024-05-05,SKU-0013,160.2,211.0
2024-05-12,SKU-0013,94.2,211.0
2024-05-19,SKU-0013,33.2,211.0
2024-05-26,SKU-0013,0.0,211.0
2024-06-02,SKU-0013,224.2,211.0
2024-06-09,SKU-0013,149.2,211.0
2024-06-16,SKU-0013,80.2,211.0
2024-06-23,SKU-0013,16.2,211.0
2024-06-30,SKU-0013,0.0,211.0
2024-07-07,SKU-0013,0.0,211.0
2024-07-14,SKU-0013,0.0,211.0
2024-07-21,SKU-0013,224.2,211.0
2024-07-28,SKU-0013,155.2,211.0
2024-08-04,SKU-0013,371.4,211.0
2024-08-11,SKU-0013,314.4,211.0
2024-08-18,SKU-0013,264.4,211.0
2024-08-25,SKU-0013,195.4,211.0
2024-09-01,SKU-0013,137.4,211.0
2024-09-08,SKU-0013,19.4,211.0
2024-09-15,SKU-0013,0.0,211.0
2024-09-22,SKU-0013,213.2,211.0
2024-09-29,SKU-0013,148.2,211.0
2024-10-06,SKU-0013,30.2,211.0
2024-10-13,SKU-0013,0.0,211.0
2024-10-20,SKU-0013,0.0,211.0
2024-10-27,SKU-0013,0.0,211.0
2024-11-03,SKU-0013,0.0,211.0
2024-11-10,SKU-0013,0.0,211.0
2024-11-17,SKU-0013,162.2,211.0
2024-11-24,SKU-0013,96.2,211.0
2024-12-01,SKU-0013,9.2,211.0
2024-12-08,SKU-0013,0.0,211.0
2024-12-15,SKU-0013,0.0,211.0
2024-12-22,SKU-0013,0.0,211.0
2024-12-29,SKU-0013,210.2,211.0
2025-01-05,SKU-0013,177.2,211.0
2025-01-12,SKU-0013,118.2,211.0
2025-01-19,SKU-0013,39.2,211.0
2025-01-26,SKU-0013,0.0,211.0
2025-02-02,SKU-0013,0.0,211.0
2025-02-09,SKU-0013,0.0,211.0
2025-02-16,SKU-0013,222.2,211.0
2025-02-23,SKU-0013,149.2,211.0
2025-03-02,SKU-0013,72.2,211.0
2025-03-09,SKU-0013,13.2,211.0
2025-03-16,SKU-0013,0.0,211.0
2025-03-23,SKU-0013,0.0,211.0
2025-03-30,SKU-0013,200.2,211.0
2025-04-06,SKU-0013,131.2,211.0
2025-04-13,SKU-0013,46.2,211.0
2025-04-20,SKU-0013,242.4,211.0
2025-04-27,SKU-0013,180.4,211.0
2025-05-04,SKU-0013,114.4,211.0
2025-05-11,SKU-0013,58.4,211.0
2025-05-18,SKU-0013,16.4,211.0
2025-05-25,SKU-0013,231.6,211.0
2025-06-01,SKU-0013,159.6,211.0
2025-06-08,SKU-0013,105.6,211.0
2025-06-15,SKU-0013,23.6,211.0
2025-06-22,SKU-0013,0.0,211.0
2025-06-29,SKU-0013,0.0,211.0
2025-07-06,SKU-0013,0.0,211.0
2025-07-13,SKU-0013,0.0,211.0
2025-07-20,SKU-0013,199.2,211.0
2025-07-27,SKU-0013,120.2,211.0
2025-08-03,SKU-0013,333.4,211.0
2025-08-10,SKU-0013,269.4,211.0
2025-08-17,SKU-0013,203.4,211.0
2025-08-24,SKU-0013,135.4,211.0
2025-08-31,SKU-0013,73.4,211.0
2025-09-07,SKU-0013,309.6,211.0
2025-09-14,SKU-0013,223.6,211.0
2025-09-21,SKU-0013,172.6,211.0
2025-09-28,SKU-0013,106.6,211.0
2025-10-05,SKU-0013,316.8,211.0
2025-10-12,SKU-0013,235.8,211.0
2025-10-19,SKU-0013,182.8,211.0
2025-10-26,SKU-0013,81.8,211.0
2025-11-02,SKU-0013,0.0,211.0
2025-11-09,SKU-0013,0.0,211.0
2025-11-16,SKU-0013,157.2,211.0
2025-11-23,SKU-0013,80.2,211.0
2025-11-30,SKU-0013,35.2,211.0
2025-12-07,SKU-0013,0.0,211.0
2025-12-14,SKU-0013,163.2,211.0
2025-12-21,SKU-0013,49.2,211.0
2025-12-28,SKU-0013,0.0,211.0
2024-01-07,SKU-0014,476.6,226.0
2024-01-14,SKU-0014,412.6,226.0
2024-01-21,SKU-0014,395.6,226.0
2024-01-28,SKU-0014,360.6,226.0
2024-02-04,SKU-0014,326.6,226.0
2024-02-11,SKU-0014,182.6,226.0
2024-02-18,SKU-0014,148.6,226.0
2024-02-25,SKU-0014,5.6,226.0
2024-03-03,SKU-0014,0.0,226.0
2024-03-10,SKU-0014,282.6,226.0
2024-03-17,SKU-0014,48.6,226.0
2024-03-24,SKU-0014,18.6,226.0
2024-03-31,SKU-0014,0.0,226.0
2024-04-07,SKU-0014,0.0,226.0
2024-04-14,SKU-0014,0.0,226.0
2024-04-21,SKU-0014,0.0,226.0
2024-04-28,SKU-0014,0.0,226.0
2024-05-05,SKU-0014,0.0,226.0
2024-05-12,SKU-0014,273.6,226.0
2024-05-19,SKU-0014,242.6,226.0
2024-05-26,SKU-0014,194.6,226.0
2024-06-02,SKU-0014,78.6,226.0
2024-06-09,SKU-0014,26.6,226.0
2024-06-16,SKU-0014,0.0,226.0
2024-06-23,SKU-0014,0.0,226.0
2024-06-30,SKU-0014,0.0,226.0
2024-07-07,SKU-0014,146.6,226.0
2024-07-14,SKU-0014,11.6,226.0
2024-07-21,SKU-0014,0.0,226.0
2024-07-28,SKU-0014,0.0,226.0
2024-08-04,SKU-0014,0.0,226.0
2024-08-11,SKU-0014,243.6,226.0
2024-08-18,SKU-0014,212.6,226.0
2024-08-25,SKU-0014,189.6,226.0
2024-09-01,SKU-0014,158.6,226.0
2024-09-08,SKU-0014,95.6,226.0
2024-09-15,SKU-0014,367.2,226.0
2024-09-22,SKU-0014,329.2,226.0
2024-09-29,SKU-0014,286.2,226.0
2024-10-06,SKU-0014,181.2,226.0
2024-10-13,SKU-0014,124.2,226.0
2024-10-20,SKU-0014,61.2,226.0
2024-10-27,SKU-0014,201.8,226.0
2024-11-03,SKU-0014,134.8,226.0
2024-11-10,SKU-0014,12.8,226.0
2024-11-17,SKU-0014,0.0,226.0
2024-11-24,SKU-0014,0.0,226.0
2024-12-01,SKU-0014,0.0,226.0
2024-12-08,SKU-0014,213.6,226.0
2024-12-15,SKU-0014,155.6,226.0
2024-12-22,SKU-0014,115.6,226.0
2024-12-29,SKU-0014,50.6,226.0
2025-01-05,SKU-0014,10.6,226.0
2025-01-12,SKU-0014,0.0,226.0
2025-01-19,SKU-0014,0.0,226.0
2025-01-26,SKU-0014,0.0,226.0
2025-02-02,SKU-0014,223.6,226.0
2025-02-09,SKU-0014,185.6,226.0
2025-02-16,SKU-0014,115.6,226.0
2025-02-23,SKU-0014,77.6,226.0
2025-03-02,SKU-0014,55.6,226.0
2025-03-09,SKU-0014,249.2,226.0
2025-03-16,SKU-0014,174.2,226.0
2025-03-23,SKU-0014,148.2,226.0
2025-03-30,SKU-0014,131.2,226.0
2025-04-06,SKU-0014,89.2,226.0
2025-04-13,SKU-0014,362.8,226.0
2025-04-20,SKU-0014,315.8,226.0
2025-04-27,SKU-0014,226.8,226.0
2025-05-04,SKU-0014,68.8,226.0
2025-05-11,SKU-0014,19.8,226.0
2025-05-18,SKU-0014,0.0,226.0
2025-05-25,SKU-0014,0.0,226.0
2025-06-01,SKU-0014,0.0,226.0
2025-06-08,SKU-0014,280.6,226.0
2025-06-15,SKU-0014,172.6,226.0
2025-06-22,SKU-0014,79.6,226.0
2025-06-29,SKU-0014,0.0,226.0
2025-07-06,SKU-0014,0.0,226.0
2025-07-13,SKU-0014,0.0,226.0
2025-07-20,SKU-0014,119.6,226.0
2025-07-27,SKU-0014,88.6,226.0
2025-08-03,SKU-0014,16.6,226.0
2025-08-10,SKU-0014,0.0,226.0
2025-08-17,SKU-0014,107.6,226.0
2025-08-24,SKU-0014,16.6,226.0
2025-08-31,SKU-0014,7.6,226.0
2025-09-07,SKU-0014,153.2,226.0
2025-09-14,SKU-0014,117.2,226.0
2025-09-21,SKU-0014,10.2,226.0
2025-09-28,SKU-0014,0.0,226.0
2025-10-05,SKU-0014,0.0,226.0
2025-10-12,SKU-0014,197.6,226.0
2025-10-19,SKU-0014,119.6,226.0
2025-10-26,SKU-0014,82.6,226.0
2025-11-02,SKU-0014,0.0,226.0
2025-11-09,SKU-0014,0.0,226.0
2025-11-16,SKU-0014,0.0,226.0
2025-11-23,SKU-0014,0.0,226.0
2025-11-30,SKU-0014,0.0,226.0
2025-12-07,SKU-0014,34.6,226.0
2025-12-14,SKU-0014,0.0,226.0
2025-12-21,SKU-0014,0.0,226.0
2025-12-28,SKU-0014,0.0,226.0
2024-01-07,SKU-0015,692.6,321.0
2024-01-14,SKU-0015,642.6,321.0
2024-01-21,SKU-0015,548.6,321.0
2024-01-28,SKU-0015,448.6,321.0
2024-02-04,SKU-0015,295.6,321.0
2024-02-11,SKU-0015,194.6,321.0
2024-02-18,SKU-0015,144.6,321.0
2024-02-25,SKU-0015,39.6,321.0
2024-03-03,SKU-0015,0.0,321.0
2024-03-10,SKU-0015,0.0,321.0
2024-03-17,SKU-0015,0.0,321.0
2024-03-24,SKU-0015,0.0,321.0
2024-03-31,SKU-0015,275.6,321.0
2024-04-07,SKU-0015,207.6,321.0
2024-04-14,SKU-0015,85.6,321.0
2024-04-21,SKU-0015,39.6,321.0
2024-04-28,SKU-0015,0.0,321.0
2024-05-05,SKU-0015,0.0,321.0
2024-05-12,SKU-0015,268.6,321.0
2024-05-19,SKU-0015,51.6,321.0
2024-05-26,SKU-0015,0.0,321.0
2024-06-02,SKU-0015,0.0,321.0
2024-06-09,SKU-0015,0.0,321.0
2024-06-16,SKU-0015,0.0,321.0
2024-06-23,SKU-0015,0.0,321.0
2024-06-30,SKU-0015,311.6,321.0
2024-07-07,SKU-0015,207.6,321.0
2024-07-14,SKU-0015,95.6,321.0
2024-07-21,SKU-0015,0.0,321.0
2024-07-28,SKU-0015,0.0,321.0
2024-08-04,SKU-0015,0.0,321.0
2024-08-11,SKU-0015,0.0,321.0
2024-08-18,SKU-0015,0.0,321.0
2024-08-25,SKU-0015,384.6,321.0
2024-09-01,SKU-0015,328.6,321.0
2024-09-08,SKU-0015,254.6,321.0
2024-09-15,SKU-0015,195.6,321.0
2024-09-22,SKU-0015,82.6,321.0
2024-09-29,SKU-0015,0.0,321.0
2024-10-06,SKU-0015,0.0,321.0
2024-10-13,SKU-0015,0.0,321.0
2024-10-20,SKU-0015,341.6,321.0
2024-10-27,SKU-0015,226.6,321.0
2024-11-03,SKU-0015,124.6,321.0
2024-11-10,SKU-0015,0.0,321.0
2024-11-17,SKU-0015,0.0,321.0
2024-11-24,SKU-0015,0.0,321.0
2024-12-01,SKU-0015,0.0,321.0
2024-12-08,SKU-0015,302.6,321.0
2024-12-15,SKU-0015,170.6,321.0
2024-12-22,SKU-0015,0.0,321.0
2024-12-29,SKU-0015,0.0,321.0
2025-01-05,SKU-0015,0.0,321.0
2025-01-12,SKU-0015,340.6,321.0
2025-01-19,SKU-0015,271.6,321.0
2025-01-26,SKU-0015,202.6,321.0
2025-02-02,SKU-0015,146.6,321.0
2025-02-09,SKU-0015,64.6,321.0
2025-02-16,SKU-0015,2.6,321.0
2025-02-23,SKU-0015,0.0,321.0
2025-03-02,SKU-0015,0.0,321.0
2025-03-09,SKU-0015,0.0,321.0
2025-03-16,SKU-0015,278.6,321.0
2025-03-23,SKU-0015,178.6,321.0
2025-03-30,SKU-0015,47.6,321.0
2025-04-06,SKU-0015,0.0,321.0
2025-04-13,SKU-0015,327.6,321.0
2025-04-20,SKU-0015,16.6,321.0
2025-04-27,SKU-0015,0.0,321.0
2025-05-04,SKU-0015,0.0,321.0
2025-05-11,SKU-0015,0.0,321.0
2025-05-18,SKU-0015,0.0,321.0
2025-05-25,SKU-0015,0.0,321.0
2025-06-01,SKU-0015,0.0,321.0
2025-06-08,SKU-0015,308.6,321.0
2025-06-15,SKU-0015,165.6,321.0
2025-06-22,SKU-0015,84.6,321.0
2025-06-29,SKU-0015,0.0,321.0
2025-07-06,SKU-0015,0.0,321.0
2025-07-13,SKU-0015,0.0,321.0
2025-07-20,SKU-0015,0.0,321.0
2025-07-27,SKU-0015,0.0,321.0
2025-08-03,SKU-0015,332.6,321.0
2025-08-10,SKU-0015,287.6,321.0
2025-08-17,SKU-0015,224.6,321.0
2025-08-24,SKU-0015,151.6,321.0
2025-08-31,SKU-0015,90.6,321.0
2025-09-07,SKU-0015,0.0,321.0
2025-09-14,SKU-0015,0.0,321.0
2025-09-21,SKU-0015,0.0,321.0
2025-09-28,SKU-0015,0.0,321.0
2025-10-05,SKU-0015,351.6,321.0
2025-10-12,SKU-0015,216.6,321.0
2025-10-19,SKU-0015,90.6,321.0
2025-10-26,SKU-0015,4.6,321.0
2025-11-02,SKU-0015,0.0,321.0
2025-11-09,SKU-0015,0.0,321.0
2025-11-16,SKU-0015,0.0,321.0
2025-11-23,SKU-0015,0.0,321.0
2025-11-30,SKU-0015,320.6,321.0
2025-12-07,SKU-0015,173.6,321.0
2025-12-14,SKU-0015,25.6,321.0
2025-12-21,SKU-0015,0.0,321.0
2025-12-28,SKU-0015,0.0,321.0
2024-01-07,SKU-0016,325.0,164.0
2024-01-14,SKU-0016,276.0,164.0
2024-01-21,SKU-0016,231.0,164.0
2024-01-28,SKU-0016,187.0,164.0
2024-02-04,SKU-0016,144.0,164.0
2024-02-11,SKU-0016,114.0,164.0
2024-02-18,SKU-0016,67.0,164.0
2024-02-25,SKU-0016,46.0,164.0
2024-03-03,SKU-0016,1.0,164.0
2024-03-10,SKU-0016,193.0,164.0
2024-03-17,SKU-0016,153.0,164.0
2024-03-24,SKU-0016,93.0,164.0
2024-03-31,SKU-0016,52.0,164.0
2024-04-07,SKU-0016,12.0,164.0
2024-04-14,SKU-0016,0.0,164.0
2024-04-21,SKU-0016,0.0,164.0
2024-04-28,SKU-0016,177.0,164.0
2024-05-05,SKU-0016,134.0,164.0
2024-05-12,SKU-0016,45.0,164.0
2024-05-19,SKU-0016,0.0,164.0
2024-05-26,SKU-0016,0.0,164.0
2024-06-02,SKU-0016,0.0,164.0
2024-06-09,SKU-0016,0.0,164.0
2024-06-16,SKU-0016,187.0,164.0
2024-06-23,SKU-0016,126.0,164.0
2024-06-30,SKU-0016,93.0,164.0
2024-07-07,SKU-0016,0.0,164.0
2024-07-14,SKU-0016,0.0,164.0
2024-07-21,SKU-0016,0.0,164.0
2024-07-28,SKU-0016,151.0,164.0
2024-08-04,SKU-0016,125.0,164.0
2024-08-11,SKU-0016,79.0,164.0
2024-08-18,SKU-0016,0.0,164.0
2024-08-25,SKU-0016,0.0,164.0
2024-09-01,SKU-0016,0.0,164.0
2024-09-08,SKU-0016,176.0,164.0
2024-09-15,SKU-0016,143.0,164.0
2024-09-22,SKU-0016,108.0,164.0
2024-09-29,SKU-0016,68.0,164.0
2024-10-06,SKU-0016,0.0,164.0
2024-10-13,SKU-0016,0.0,164.0
2024-10-20,SKU-0016,167.0,164.0
2024-10-27,SKU-0016,118.0,164.0
2024-11-03,SKU-0016,32.0,164.0
2024-11-10,SKU-0016,0.0,164.0
2024-11-17,SKU-0016,0.0,164.0
2024-11-24,SKU-0016,0.0,164.0
2024-12-01,SKU-0016,176.0,164.0
2024-12-08,SKU-0016,119.0,164.0
2024-12-15,SKU-0016,44.0,164.0
2024-12-22,SKU-0016,0.0,164.0
2024-12-29,SKU-0016,0.0,164.0
2025-01-05,SKU-0016,0.0,164.0
2025-01-12,SKU-0016,0.0,164.0
2025-01-19,SKU-0016,163.0,164.0
2025-01-26,SKU-0016,96.0,164.0
2025-02-02,SKU-0016,33.0,164.0
2025-02-09,SKU-0016,0.0,164.0
2025-02-16,SKU-0016,0.0,164.0
2025-02-23,SKU-0016,158.0,164.0
2025-03-02,SKU-0016,113.0,164.0
2025-03-09,SKU-0016,29.0,164.0
2025-03-16,SKU-0016,8.0,164.0
2025-03-23,SKU-0016,0.0,164.0
2025-03-30,SKU-0016,0.0,164.0
2025-04-06,SKU-0016,162.0,164.0
2025-04-13,SKU-0016,125.0,164.0
2025-04-20,SKU-0016,70.0,164.0
2025-04-27,SKU-0016,0.0,164.0
2025-05-04,SKU-0016,0.0,164.0
2025-05-11,SKU-0016,0.0,164.0
2025-05-18,SKU-0016,0.0,164.0
2025-05-25,SKU-0016,0.0,164.0
2025-06-01,SKU-0016,169.0,164.0
2025-06-08,SKU-0016,92.0,164.0
2025-06-15,SKU-0016,59.0,164.0
2025-06-22,SKU-0016,15.0,164.0
2025-06-29,SKU-0016,0.0,164.0
2025-07-06,SKU-0016,0.0,164.0
2025-07-13,SKU-0016,0.0,164.0
2025-07-20,SKU-0016,0.0,164.0
2025-07-27,SKU-0016,0.0,164.0
2025-08-03,SKU-0016,170.0,164.0
2025-08-10,SKU-0016,116.0,164.0
2025-08-17,SKU-0016,81.0,164.0
2025-08-24,SKU-0016,0.0,164.0
2025-08-31,SKU-0016,0.0,164.0
2025-09-07,SKU-0016,0.0,164.0
2025-09-14,SKU-0016,0.0,164.0
2025-09-21,SKU-0016,174.0,164.0
2025-09-28,SKU-0016,81.0,164.0
2025-10-05,SKU-0016,25.0,164.0
2025-10-12,SKU-0016,0.0,164.0
2025-10-19,SKU-0016,0.0,164.0
2025-10-26,SKU-0016,0.0,164.0
2025-11-02,SKU-0016,0.0,164.0
2025-11-09,SKU-0016,0.0,164.0
2025-11-16,SKU-0016,128.0,164.0
2025-11-23,SKU-0016,70.0,164.0
2025-11-30,SKU-0016,0.0,164.0
2025-12-07,SKU-0016,0.0,164.0
2025-12-14,SKU-0016,0.0,164.0
2025-12-21,SKU-0016,0.0,164.0
2025-12-28,SKU-0016,173.0,164.0
2024-01-07,SKU-0017,1318.4,585.0
2024-01-14,SKU-0017,1064.4,585.0
2024-01-21,SKU-0017,945.4,585.0
2024-01-28,SKU-0017,787.4,585.0
2024-02-04,SKU-0017,696.4,585.0
2024-02-11,SKU-0017,665.4,585.0
2024-02-18,SKU-0017,613.4,585.0
2024-02-25,SKU-0017,287.4,585.0
2024-03-03,SKU-0017,208.4,585.0
2024-03-10,SKU-0017,103.4,585.0
2024-03-17,SKU-0017,53.4,585.0
2024-03-24,SKU-0017,0.0,585.0
2024-03-31,SKU-0017,0.0,585.0
2024-04-07,SKU-0017,0.0,585.0
2024-04-14,SKU-0017,0.0,585.0
2024-04-21,SKU-0017,0.0,585.0
2024-04-28,SKU-0017,0.0,585.0
2024-05-05,SKU-0017,634.4,585.0
2024-05-12,SKU-0017,450.4,585.0
2024-05-19,SKU-0017,316.4,585.0
2024-05-26,SKU-0017,0.0,585.0
2024-06-02,SKU-0017,0.0,585.0
2024-06-09,SKU-0017,0.0,585.0
2024-06-16,SKU-0017,0.0,585.0
2024-06-23,SKU-0017,0.0,585.0
2024-06-30,SKU-0017,0.0,585.0
2024-07-07,SKU-0017,0.0,585.0
2024-07-14,SKU-0017,704.4,585.0
2024-07-21,SKU-0017,479.4,585.0
2024-07-28,SKU-0017,412.4,585.0
2024-08-04,SKU-0017,45.4,585.0
2024-08-11,SKU-0017,0.0,585.0
2024-08-18,SKU-0017,0.0,585.0
2024-08-25,SKU-0017,0.0,585.0
2024-09-01,SKU-0017,0.0,585.0
2024-09-08,SKU-0017,0.0,585.0
2024-09-15,SKU-0017,717.4,585.0
2024-09-22,SKU-0017,498.4,585.0
2024-09-29,SKU-0017,121.4,585.0
2024-10-06,SKU-0017,0.0,585.0
2024-10-13,SKU-0017,0.0,585.0
2024-10-20,SKU-0017,0.0,585.0
2024-10-27,SKU-0017,0.0,585.0
2024-11-03,SKU-0017,337.4,585.0
2024-11-10,SKU-0017,0.0,585.0
2024-11-17,SKU-0017,0.0,585.0
2024-11-24,SKU-0017,0.0,585.0
2024-12-01,SKU-0017,0.0,585.0
2024-12-08,SKU-0017,0.0,585.0
2024-12-15,SKU-0017,681.4,585.0
2024-12-22,SKU-0017,569.4,585.0
2024-12-29,SKU-0017,319.4,585.0
2025-01-05,SKU-0017,249.4,585.0
2025-01-12,SKU-0017,12.4,585.0
2025-01-19,SKU-0017,0.0,585.0
2025-01-26,SKU-0017,0.0,585.0
2025-02-02,SKU-0017,0.0,585.0
2025-02-09,SKU-0017,681.4,585.0
2025-02-16,SKU-0017,544.4,585.0
2025-02-23,SKU-0017,283.4,585.0
2025-03-02,SKU-0017,0.0,585.0
2025-03-09,SKU-0017,0.0,585.0
2025-03-16,SKU-0017,0.0,585.0
2025-03-23,SKU-0017,0.0,585.0
2025-03-30,SKU-0017,708.4,585.0
2025-04-06,SKU-0017,535.4,585.0
2025-04-13,SKU-0017,457.4,585.0
2025-04-20,SKU-0017,322.4,585.0
2025-04-27,SKU-0017,0.0,585.0
2025-05-04,SKU-0017,0.0,585.0
2025-05-11,SKU-0017,0.0,585.0
2025-05-18,SKU-0017,580.4,585.0
2025-05-25,SKU-0017,504.4,585.0
2025-06-01,SKU-0017,289.4,585.0
2025-06-08,SKU-0017,98.4,585.0
2025-06-15,SKU-0017,0.0,585.0
2025-06-22,SKU-0017,0.0,585.0
2025-06-29,SKU-0017,0.0,585.0
2025-07-06,SKU-0017,552.4,585.0
2025-07-13,SKU-0017,427.4,585.0
2025-07-20,SKU-0017,356.4,585.0
2025-07-27,SKU-0017,226.4,585.0
2025-08-03,SKU-0017,887.8,585.0
2025-08-10,SKU-0017,622.8,585.0
2025-08-17,SKU-0017,568.8,585.0
2025-08-24,SKU-0017,435.8,585.0
2025-08-31,SKU-0017,324.8,585.0
2025-09-07,SKU-0017,652.2,585.0
2025-09-14,SKU-0017,580.2,585.0
2025-09-21,SKU-0017,262.2,585.0
2025-09-28,SKU-0017,216.2,585.0
2025-10-05,SKU-0017,8.2,585.0
2025-10-12,SKU-0017,638.6,585.0
2025-10-19,SKU-0017,425.6,585.0
2025-10-26,SKU-0017,324.6,585.0
2025-11-02,SKU-0017,272.6,585.0
2025-11-09,SKU-0017,203.6,585.0
2025-11-16,SKU-0017,499.0,585.0
2025-11-23,SKU-0017,271.0,585.0
2025-11-30,SKU-0017,162.0,585.0
2025-12-07,SKU-0017,0.0,585.0
2025-12-14,SKU-0017,0.0,585.0
2025-12-21,SKU-0017,0.0,585.0
2025-12-28,SKU-0017,699.4,585.0
2024-01-07,SKU-0018,391.6,198.0
2024-01-14,SKU-0018,310.6,198.0
2024-01-21,SKU-0018,263.6,198.0
2024-01-28,SKU-0018,204.6,198.0
2024-02-04,SKU-0018,139.6,198.0
2024-02-11,SKU-0018,58.6,198.0
2024-02-18,SKU-0018,24.6,198.0
2024-02-25,SKU-0018,0.0,198.0
2024-03-03,SKU-0018,197.6,198.0
2024-03-10,SKU-0018,153.6,198.0
2024-03-17,SKU-0018,90.6,198.0
2024-03-24,SKU-0018,29.6,198.0
2024-03-31,SKU-0018,0.0,198.0
2024-04-07,SKU-0018,208.6,198.0
2024-04-14,SKU-0018,141.6,198.0
2024-04-21,SKU-0018,350.2,198.0
2024-04-28,SKU-0018,281.2,198.0
2024-05-05,SKU-0018,215.2,198.0
2024-05-12,SKU-0018,156.2,198.0
2024-05-19,SKU-0018,107.2,198.0
2024-05-26,SKU-0018,20.2,198.0
2024-06-02,SKU-0018,0.0,198.0
2024-06-09,SKU-0018,0.0,198.0
2024-06-16,SKU-0018,0.0,198.0
2024-06-23,SKU-0018,0.0,198.0
2024-06-30,SKU-0018,0.0,198.0
2024-07-07,SKU-0018,190.6,198.0
2024-07-14,SKU-0018,136.6,198.0
2024-07-21,SKU-0018,72.6,198.0
2024-07-28,SKU-0018,7.6,198.0
2024-08-04,SKU-0018,0.0,198.0
2024-08-11,SKU-0018,0.0,198.0
2024-08-18,SKU-0018,180.6,198.0
2024-08-25,SKU-0018,107.6,198.0
2024-09-01,SKU-0018,43.6,198.0
2024-09-08,SKU-0018,0.0,198.0
2024-09-15,SKU-0018,203.6,198.0
2024-09-22,SKU-0018,136.6,198.0
2024-09-29,SKU-0018,57.6,198.0
2024-10-06,SKU-0018,0.0,198.0
2024-10-13,SKU-0018,0.0,198.0
2024-10-20,SKU-0018,0.0,198.0
2024-10-27,SKU-0018,0.0,198.0
2024-11-03,SKU-0018,212.6,198.0
2024-11-10,SKU-0018,143.6,198.0
2024-11-17,SKU-0018,78.6,198.0
2024-11-24,SKU-0018,0.0,198.0
2024-12-01,SKU-0018,0.0,198.0
2024-12-08,SKU-0018,0.0,198.0
2024-12-15,SKU-0018,0.0,198.0
2024-12-22,SKU-0018,0.0,198.0
2024-12-29,SKU-0018,0.0,198.0
2025-01-05,SKU-0018,203.6,198.0
2025-01-12,SKU-0018,150.6,198.0
2025-01-19,SKU-0018,97.6,198.0
2025-01-26,SKU-0018,54.6,198.0
2025-02-02,SKU-0018,0.0,198.0
2025-02-09,SKU-0018,0.0,198.0
2025-02-16,SKU-0018,0.0,198.0
2025-02-23,SKU-0018,0.0,198.0
2025-03-02,SKU-0018,194.6,198.0
2025-03-09,SKU-0018,119.6,198.0
2025-03-16,SKU-0018,63.6,198.0
2025-03-23,SKU-0018,9.6,198.0
2025-03-30,SKU-0018,0.0,198.0
2025-04-06,SKU-0018,214.6,198.0
2025-04-13,SKU-0018,154.6,198.0
2025-04-20,SKU-0018,96.6,198.0
2025-04-27,SKU-0018,26.6,198.0
2025-05-04,SKU-0018,0.0,198.0
2025-05-11,SKU-0018,0.0,198.0
2025-05-18,SKU-0018,0.0,198.0
2025-05-25,SKU-0018,179.6,198.0
2025-06-01,SKU-0018,133.6,198.0
2025-06-08,SKU-0018,76.6,198.0
2025-06-15,SKU-0018,10.6,198.0
2025-06-22,SKU-0018,0.0,198.0
2025-06-29,SKU-0018,0.0,198.0
2025-07-06,SKU-0018,0.0,198.0
2025-07-13,SKU-0018,213.6,198.0
2025-07-20,SKU-0018,145.6,198.0
2025-07-27,SKU-0018,76.6,198.0
2025-08-03,SKU-0018,24.6,198.0
2025-08-10,SKU-0018,222.2,198.0
2025-08-17,SKU-0018,141.2,198.0
2025-08-24,SKU-0018,77.2,198.0
2025-08-31,SKU-0018,5.2,198.0
2025-09-07,SKU-0018,192.8,198.0
2025-09-14,SKU-0018,128.8,198.0
2025-09-21,SKU-0018,47.8,198.0
2025-09-28,SKU-0018,0.0,198.0
2025-10-05,SKU-0018,203.6,198.0
2025-10-12,SKU-0018,124.6,198.0
2025-10-19,SKU-0018,39.6,198.0
2025-10-26,SKU-0018,0.0,198.0
2025-11-02,SKU-0018,0.0,198.0
2025-11-09,SKU-0018,0.0,198.0
2025-11-16,SKU-0018,0.0,198.0
2025-11-23,SKU-0018,0.0,198.0
2025-11-30,SKU-0018,154.6,198.0
2025-12-07,SKU-0018,49.6,198.0
2025-12-14,SKU-0018,0.0,198.0
2025-12-21,SKU-0018,0.0,198.0
2025-12-28,SKU-0018,0.0,198.0
2024-01-07,SKU-0019,338.0,171.0
2024-01-14,SKU-0019,290.0,171.0
2024-01-21,SKU-0019,246.0,171.0
2024-01-28,SKU-0019,197.0,171.0
2024-02-04,SKU-0019,150.0,171.0
2024-02-11,SKU-0019,99.0,171.0
2024-02-18,SKU-0019,47.0,171.0
2024-02-25,SKU-0019,10.0,171.0
2024-03-03,SKU-0019,0.0,171.0
2024-03-10,SKU-0019,0.0,171.0
2024-03-17,SKU-0019,0.0,171.0
2024-03-24,SKU-0019,176.0,171.0
2024-03-31,SKU-0019,89.0,171.0
2024-04-07,SKU-0019,21.0,171.0
2024-04-14,SKU-0019,0.0,171.0
2024-04-21,SKU-0019,0.0,171.0
2024-04-28,SKU-0019,0.0,171.0
2024-05-05,SKU-0019,0.0,171.0
2024-05-12,SKU-0019,0.0,171.0
2024-05-19,SKU-0019,0.0,171.0
2024-05-26,SKU-0019,172.0,171.0
2024-06-02,SKU-0019,84.0,171.0
2024-06-09,SKU-0019,45.0,171.0
2024-06-16,SKU-0019,0.0,171.0
2024-06-23,SKU-0019,0.0,171.0
2024-06-30,SKU-0019,0.0,171.0
2024-07-07,SKU-0019,0.0,171.0
2024-07-14,SKU-0019,0.0,171.0
2024-07-21,SKU-0019,0.0,171.0
2024-07-28,SKU-0019,171.0,171.0
2024-08-04,SKU-0019,100.0,171.0
2024-08-11,SKU-0019,43.0,171.0
2024-08-18,SKU-0019,0.0,171.0
2024-08-25,SKU-0019,0.0,171.0
2024-09-01,SKU-0019,0.0,171.0
2024-09-08,SKU-0019,171.0,171.0
2024-09-15,SKU-0019,94.0,171.0
2024-09-22,SKU-0019,48.0,171.0
2024-09-29,SKU-0019,6.0,171.0
2024-10-06,SKU-0019,0.0,171.0
2024-10-13,SKU-0019,0.0,171.0
2024-10-20,SKU-0019,150.0,171.0
2024-10-27,SKU-0019,68.0,171.0
2024-11-03,SKU-0019,0.0,171.0
2024-11-10,SKU-0019,0.0,171.0
2024-11-17,SKU-0019,0.0,171.0
2024-11-24,SKU-0019,0.0,171.0
2024-12-01,SKU-0019,165.0,171.0
2024-12-08,SKU-0019,84.0,171.0
2024-12-15,SKU-0019,32.0,171.0
2024-12-22,SKU-0019,0.0,171.0
2024-12-29,SKU-0019,0.0,171.0
2025-01-05,SKU-0019,0.0,171.0
2025-01-12,SKU-0019,0.0,171.0
2025-01-19,SKU-0019,145.0,171.0
2025-01-26,SKU-0019,79.0,171.0
2025-02-02,SKU-0019,44.0,171.0
2025-02-09,SKU-0019,14.0,171.0
2025-02-16,SKU-0019,0.0,171.0
2025-02-23,SKU-0019,0.0,171.0
2025-03-02,SKU-0019,0.0,171.0
2025-03-09,SKU-0019,0.0,171.0
2025-03-16,SKU-0019,181.0,171.0
2025-03-23,SKU-0019,129.0,171.0
2025-03-30,SKU-0019,79.0,171.0
2025-04-06,SKU-0019,18.0,171.0
2025-04-13,SKU-0019,0.0,171.0
2025-04-20,SKU-0019,0.0,171.0
2025-04-27,SKU-0019,0.0,171.0
2025-05-04,SKU-0019,0.0,171.0
2025-05-11,SKU-0019,0.0,171.0
2025-05-18,SKU-0019,182.0,171.0
2025-05-25,SKU-0019,119.0,171.0
2025-06-01,SKU-0019,35.0,171.0
2025-06-08,SKU-0019,0.0,171.0
2025-06-15,SKU-0019,0.0,171.0
2025-06-22,SKU-0019,0.0,171.0
2025-06-29,SKU-0019,158.0,171.0
2025-07-06,SKU-0019,108.0,171.0
2025-07-13,SKU-0019,43.0,171.0
2025-07-20,SKU-0019,0.0,171.0
2025-07-27,SKU-0019,0.0,171.0
2025-08-03,SKU-0019,151.0,171.0
2025-08-10,SKU-0019,78.0,171.0
2025-08-17,SKU-0019,26.0,171.0
2025-08-24,SKU-0019,0.0,171.0
2025-08-31,SKU-0019,0.0,171.0
2025-09-07,SKU-0019,0.0,171.0
2025-09-14,SKU-0019,0.0,171.0
2025-09-21,SKU-0019,0.0,171.0
2025-09-28,SKU-0019,162.0,171.0
2025-10-05,SKU-0019,97.0,171.0
2025-10-12,SKU-0019,21.0,171.0
2025-10-19,SKU-0019,0.0,171.0
2025-10-26,SKU-0019,0.0,171.0
2025-11-02,SKU-0019,0.0,171.0
2025-11-09,SKU-0019,0.0,171.0
2025-11-16,SKU-0019,149.0,171.0
2025-11-23,SKU-0019,73.0,171.0
2025-11-30,SKU-0019,19.0,171.0
2025-12-07,SKU-0019,0.0,171.0
2025-12-14,SKU-0019,0.0,171.0
2025-12-21,SKU-0019,176.0,171.0
2025-12-28,SKU-0019,85.0,171.0
2024-01-07,SKU-0020,428.6,210.0
2024-01-14,SKU-0020,363.6,210.0
2024-01-21,SKU-0020,290.6,210.0
2024-01-28,SKU-0020,241.6,210.0
2024-02-04,SKU-0020,212.6,210.0
2024-02-11,SKU-0020,154.6,210.0
2024-02-18,SKU-0020,91.6,210.0
2024-02-25,SKU-0020,15.6,210.0
2024-03-03,SKU-0020,0.0,210.0
2024-03-10,SKU-0020,0.0,210.0
2024-03-17,SKU-0020,0.0,210.0
2024-03-24,SKU-0020,0.0,210.0
2024-03-31,SKU-0020,0.0,210.0
2024-04-07,SKU-0020,0.0,210.0
2024-04-14,SKU-0020,0.0,210.0
2024-04-21,SKU-0020,178.6,210.0
2024-04-28,SKU-0020,124.6,210.0
2024-05-05,SKU-0020,53.6,210.0
2024-05-12,SKU-0020,0.0,210.0
2024-05-19,SKU-0020,0.0,210.0
2024-05-26,SKU-0020,0.0,210.0
2024-06-02,SKU-0020,0.0,210.0
2024-06-09,SKU-0020,0.0,210.0
2024-06-16,SKU-0020,0.0,210.0
2024-06-23,SKU-0020,215.6,210.0
2024-06-30,SKU-0020,127.6,210.0
2024-07-07,SKU-0020,78.6,210.0
2024-07-14,SKU-0020,7.6,210.0
2024-07-21,SKU-0020,0.0,210.0
2024-07-28,SKU-0020,0.0,210.0
2024-08-04,SKU-0020,0.0,210.0
2024-08-11,SKU-0020,0.0,210.0
2024-08-18,SKU-0020,170.6,210.0
2024-08-25,SKU-0020,107.6,210.0
2024-09-01,SKU-0020,58.6,210.0
2024-09-08,SKU-0020,4.6,210.0
2024-09-15,SKU-0020,0.0,210.0
2024-09-22,SKU-0020,0.0,210.0
2024-09-29,SKU-0020,0.0,210.0
2024-10-06,SKU-0020,0.0,210.0
2024-10-13,SKU-0020,0.0,210.0
2024-10-20,SKU-0020,0.0,210.0
2024-10-27,SKU-0020,180.6,210.0
2024-11-03,SKU-0020,95.6,210.0
2024-11-10,SKU-0020,0.0,210.0
2024-11-17,SKU-0020,0.0,210.0
2024-11-24,SKU-0020,0.0,210.0
2024-12-01,SKU-0020,0.0,210.0
2024-12-08,SKU-0020,207.6,210.0
2024-12-15,SKU-0020,117.6,210.0
2024-12-22,SKU-0020,44.6,210.0
2024-12-29,SKU-0020,0.0,210.0
2025-01-05,SKU-0020,0.0,210.0
2025-01-12,SKU-0020,199.6,210.0
2025-01-19,SKU-0020,137.6,210.0
2025-01-26,SKU-0020,75.6,210.0
2025-02-02,SKU-0020,0.0,210.0
2025-02-09,SKU-0020,0.0,210.0
2025-02-16,SKU-0020,235.6,210.0
2025-02-23,SKU-0020,205.6,210.0
2025-03-02,SKU-0020,142.6,210.0
2025-03-09,SKU-0020,71.6,210.0
2025-03-16,SKU-0020,0.0,210.0
2025-03-23,SKU-0020,0.0,210.0
2025-03-30,SKU-0020,0.0,210.0
2025-04-06,SKU-0020,0.0,210.0
2025-04-13,SKU-0020,0.0,210.0
2025-04-20,SKU-0020,0.0,210.0
2025-04-27,SKU-0020,0.0,210.0
2025-05-04,SKU-0020,0.0,210.0
2025-05-11,SKU-0020,0.0,210.0
2025-05-18,SKU-0020,218.6,210.0
2025-05-25,SKU-0020,146.6,210.0
2025-06-01,SKU-0020,72.6,210.0
2025-06-08,SKU-0020,15.6,210.0
2025-06-15,SKU-0020,0.0,210.0
2025-06-22,SKU-0020,0.0,210.0
2025-06-29,SKU-0020,0.0,210.0
2025-07-06,SKU-0020,0.0,210.0
2025-07-13,SKU-0020,0.0,210.0
2025-07-20,SKU-0020,0.0,210.0
2025-07-27,SKU-0020,0.0,210.0
2025-08-03,SKU-0020,0.0,210.0
2025-08-10,SKU-0020,0.0,210.0
2025-08-17,SKU-0020,232.6,210.0
2025-08-24,SKU-0020,148.6,210.0
2025-08-31,SKU-0020,93.6,210.0
2025-09-07,SKU-0020,25.6,210.0
2025-09-14,SKU-0020,0.0,210.0
2025-09-21,SKU-0020,0.0,210.0
2025-09-28,SKU-0020,0.0,210.0
2025-10-05,SKU-0020,0.0,210.0
2025-10-12,SKU-0020,216.6,210.0
2025-10-19,SKU-0020,138.6,210.0
2025-10-26,SKU-0020,31.6,210.0
2025-11-02,SKU-0020,0.0,210.0
2025-11-09,SKU-0020,0.0,210.0
2025-11-16,SKU-0020,0.0,210.0
2025-11-23,SKU-0020,0.0,210.0
2025-11-30,SKU-0020,0.0,210.0
2025-12-07,SKU-0020,0.0,210.0
2025-12-14,SKU-0020,205.6,210.0
2025-12-21,SKU-0020,127.6,210.0
2025-12-28,SKU-0020,29.6,210.0
2024-01-07,SKU-0021,322.2,155.0
2024-01-14,SKU-0021,274.2,155.0
2024-01-21,SKU-0021,244.2,155.0
2024-01-28,SKU-0021,203.2,155.0
2024-02-04,SKU-0021,176.2,155.0
2024-02-11,SKU-0021,153.2,155.0
2024-02-18,SKU-0021,74.2,155.0
2024-02-25,SKU-0021,25.2,155.0
2024-03-03,SKU-0021,0.0,155.0
2024-03-10,SKU-0021,0.0,155.0
2024-03-17,SKU-0021,0.0,155.0
2024-03-24,SKU-0021,0.0,155.0
2024-03-31,SKU-0021,0.0,155.0
2024-04-07,SKU-0021,149.2,155.0
2024-04-14,SKU-0021,113.2,155.0
2024-04-21,SKU-0021,69.2,155.0
2024-04-28,SKU-0021,42.2,155.0
2024-05-05,SKU-0021,0.0,155.0
2024-05-12,SKU-0021,0.0,155.0
2024-05-19,SKU-0021,0.0,155.0
2024-05-26,SKU-0021,0.0,155.0
2024-06-02,SKU-0021,167.2,155.0
2024-06-09,SKU-0021,89.2,155.0
2024-06-16,SKU-0021,44.2,155.0
2024-06-23,SKU-0021,0.0,155.0
2024-06-30,SKU-0021,0.0,155.0
2024-07-07,SKU-0021,0.0,155.0
2024-07-14,SKU-0021,0.0,155.0
2024-07-21,SKU-0021,0.0,155.0
2024-07-28,SKU-0021,154.2,155.0
2024-08-04,SKU-0021,106.2,155.0
2024-08-11,SKU-0021,79.2,155.0
2024-08-18,SKU-0021,23.2,155.0
2024-08-25,SKU-0021,0.0,155.0
2024-09-01,SKU-0021,155.2,155.0
2024-09-08,SKU-0021,118.2,155.0
2024-09-15,SKU-0021,58.2,155.0
2024-09-22,SKU-0021,0.0,155.0
2024-09-29,SKU-0021,0.0,155.0
2024-10-06,SKU-0021,104.2,155.0
2024-10-13,SKU-0021,29.2,155.0
2024-10-20,SKU-0021,0.0,155.0
2024-10-27,SKU-0021,116.2,155.0
2024-11-03,SKU-0021,272.4,155.0
2024-11-10,SKU-0021,218.4,155.0
2024-11-17,SKU-0021,139.4,155.0
2024-11-24,SKU-0021,60.4,155.0
2024-12-01,SKU-0021,0.0,155.0
2024-12-08,SKU-0021,0.0,155.0
2024-12-15,SKU-0021,0.0,155.0
2024-12-22,SKU-0021,140.2,155.0
2024-12-29,SKU-0021,84.2,155.0
2025-01-05,SKU-0021,47.2,155.0
2025-01-12,SKU-0021,218.4,155.0
2025-01-19,SKU-0021,158.4,155.0
2025-01-26,SKU-0021,122.4,155.0
2025-02-02,SKU-0021,86.4,155.0
2025-02-09,SKU-0021,42.4,155.0
2025-02-16,SKU-0021,8.4,155.0
2025-02-23,SKU-0021,0.0,155.0
2025-03-02,SKU-0021,187.2,155.0
2025-03-09,SKU-0021,136.2,155.0
2025-03-16,SKU-0021,96.2,155.0
2025-03-23,SKU-0021,48.2,155.0
2025-03-30,SKU-0021,0.0,155.0
2025-04-06,SKU-0021,0.0,155.0
2025-04-13,SKU-0021,91.2,155.0
2025-04-20,SKU-0021,40.2,155.0
2025-04-27,SKU-0021,0.0,155.0
2025-05-04,SKU-0021,182.2,155.0
2025-05-11,SKU-0021,119.2,155.0
2025-05-18,SKU-0021,61.2,155.0
2025-05-25,SKU-0021,17.2,155.0
2025-06-01,SKU-0021,0.0,155.0
2025-06-08,SKU-0021,124.2,155.0
2025-06-15,SKU-0021,79.2,155.0
2025-06-22,SKU-0021,42.2,155.0
2025-06-29,SKU-0021,0.0,155.0
2025-07-06,SKU-0021,0.0,155.0
2025-07-13,SKU-0021,0.0,155.0
2025-07-20,SKU-0021,87.2,155.0
2025-07-27,SKU-0021,33.2,155.0
2025-08-03,SKU-0021,0.0,155.0
2025-08-10,SKU-0021,0.0,155.0
2025-08-17,SKU-0021,0.0,155.0
2025-08-24,SKU-0021,0.0,155.0
2025-08-31,SKU-0021,151.2,155.0
2025-09-07,SKU-0021,109.2,155.0
2025-09-14,SKU-0021,60.2,155.0
2025-09-21,SKU-0021,207.4,155.0
2025-09-28,SKU-0021,145.4,155.0
2025-10-05,SKU-0021,74.4,155.0
2025-10-12,SKU-0021,0.0,155.0
2025-10-19,SKU-0021,0.0,155.0
2025-10-26,SKU-0021,138.2,155.0
2025-11-02,SKU-0021,79.2,155.0
2025-11-09,SKU-0021,17.2,155.0
2025-11-16,SKU-0021,0.0,155.0
2025-11-23,SKU-0021,0.0,155.0
2025-11-30,SKU-0021,0.0,155.0
2025-12-07,SKU-0021,0.0,155.0
2025-12-14,SKU-0021,175.2,155.0
2025-12-21,SKU-0021,62.2,155.0
2025-12-28,SKU-0021,29.2,155.0
2024-01-07,SKU-0022,311.4,155.0
2024-01-14,SKU-0022,238.4,155.0
2024-01-21,SKU-0022,168.4,155.0
2024-01-28,SKU-0022,134.4,155.0
2024-02-04,SKU-0022,105.4,155.0
2024-02-11,SKU-0022,77.4,155.0
2024-02-18,SKU-0022,24.4,155.0
2024-02-25,SKU-0022,0.0,155.0
2024-03-03,SKU-0022,0.0,155.0
2024-03-10,SKU-0022,156.4,155.0
2024-03-17,SKU-0022,104.4,155.0
2024-03-24,SKU-0022,50.4,155.0
2024-03-31,SKU-0022,2.4,155.0
2024-04-07,SKU-0022,0.0,155.0
2024-04-14,SKU-0022,0.0,155.0
2024-04-21,SKU-0022,185.4,155.0
2024-04-28,SKU-0022,114.4,155.0
2024-05-05,SKU-0022,72.4,155.0
2024-05-12,SKU-0022,25.4,155.0
2024-05-19,SKU-0022,0.0,155.0
2024-05-26,SKU-0022,0.0,155.0
2024-06-02,SKU-0022,0.0,155.0
2024-06-09,SKU-0022,159.4,155.0
2024-06-16,SKU-0022,123.4,155.0
2024-06-23,SKU-0022,57.4,155.0
2024-06-30,SKU-0022,14.4,155.0
2024-07-07,SKU-0022,0.0,155.0
2024-07-14,SKU-0022,0.0,155.0
2024-07-21,SKU-0022,0.0,155.0
2024-07-28,SKU-0022,149.4,155.0
2024-08-04,SKU-0022,82.4,155.0
2024-08-11,SKU-0022,43.4,155.0
2024-08-18,SKU-0022,0.0,155.0
2024-08-25,SKU-0022,0.0,155.0
2024-09-01,SKU-0022,0.0,155.0
2024-09-08,SKU-0022,0.0,155.0
2024-09-15,SKU-0022,0.0,155.0
2024-09-22,SKU-0022,170.4,155.0
2024-09-29,SKU-0022,145.4,155.0
2024-10-06,SKU-0022,111.4,155.0
2024-10-13,SKU-0022,48.4,155.0
2024-10-20,SKU-0022,0.0,155.0
2024-10-27,SKU-0022,0.0,155.0
2024-11-03,SKU-0022,130.4,155.0
2024-11-10,SKU-0022,84.4,155.0
2024-11-17,SKU-0022,1.4,155.0
2024-11-24,SKU-0022,0.0,155.0
2024-12-01,SKU-0022,0.0,155.0
2024-12-08,SKU-0022,121.4,155.0
2024-12-15,SKU-0022,64.4,155.0
2024-12-22,SKU-0022,0.0,155.0
2024-12-29,SKU-0022,0.0,155.0
2025-01-05,SKU-0022,0.0,155.0
2025-01-12,SKU-0022,0.0,155.0
2025-01-19,SKU-0022,0.0,155.0
2025-01-26,SKU-0022,163.4,155.0
2025-02-02,SKU-0022,126.4,155.0
2025-02-09,SKU-0022,77.4,155.0
2025-02-16,SKU-0022,29.4,155.0
2025-02-23,SKU-0022,0.0,155.0
2025-03-02,SKU-0022,0.0,155.0
2025-03-09,SKU-0022,0.0,155.0
2025-03-16,SKU-0022,165.4,155.0
2025-03-23,SKU-0022,146.4,155.0
2025-03-30,SKU-0022,104.4,155.0
2025-04-06,SKU-0022,60.4,155.0
2025-04-13,SKU-0022,23.4,155.0
2025-04-20,SKU-0022,0.0,155.0
2025-04-27,SKU-0022,148.4,155.0
2025-05-04,SKU-0022,80.4,155.0
2025-05-11,SKU-0022,0.0,155.0
2025-05-18,SKU-0022,0.0,155.0
2025-05-25,SKU-0022,0.0,155.0
2025-06-01,SKU-0022,0.0,155.0
2025-06-08,SKU-0022,172.4,155.0
2025-06-15,SKU-0022,108.4,155.0
2025-06-22,SKU-0022,51.4,155.0
2025-06-29,SKU-0022,9.4,155.0
2025-07-06,SKU-0022,167.8,155.0
2025-07-13,SKU-0022,121.8,155.0
2025-07-20,SKU-0022,80.8,155.0
2025-07-27,SKU-0022,6.8,155.0
2025-08-03,SKU-0022,0.0,155.0
2025-08-10,SKU-0022,0.0,155.0
2025-08-17,SKU-0022,0.0,155.0
2025-08-24,SKU-0022,152.4,155.0
2025-08-31,SKU-0022,106.4,155.0
2025-09-07,SKU-0022,4.4,155.0
2025-09-14,SKU-0022,0.0,155.0
2025-09-21,SKU-0022,0.0,155.0
2025-09-28,SKU-0022,0.0,155.0
2025-10-05,SKU-0022,139.4,155.0
2025-10-12,SKU-0022,84.4,155.0
2025-10-19,SKU-0022,17.4,155.0
2025-10-26,SKU-0022,0.0,155.0
2025-11-02,SKU-0022,0.0,155.0
2025-11-09,SKU-0022,0.0,155.0
2025-11-16,SKU-0022,157.4,155.0
2025-11-23,SKU-0022,102.4,155.0
2025-11-30,SKU-0022,0.4,155.0
2025-12-07,SKU-0022,0.0,155.0
2025-12-14,SKU-0022,0.0,155.0
2025-12-21,SKU-0022,0.0,155.0
2025-12-28,SKU-0022,139.4,155.0
2024-01-07,SKU-0023,529.8,241.0
2024-01-14,SKU-0023,499.8,241.0
2024-01-21,SKU-0023,421.8,241.0
2024-01-28,SKU-0023,303.8,241.0
2024-02-04,SKU-0023,276.8,241.0
2024-02-11,SKU-0023,242.8,241.0
2024-02-18,SKU-0023,198.8,241.0
2024-02-25,SKU-0023,141.8,241.0
2024-03-03,SKU-0023,109.8,241.0
2024-03-10,SKU-0023,0.0,241.0
2024-03-17,SKU-0023,0.0,241.0
2024-03-24,SKU-0023,0.0,241.0
2024-03-31,SKU-0023,270.8,241.0
2024-04-07,SKU-0023,33.8,241.0
2024-04-14,SKU-0023,0.0,241.0
2024-04-21,SKU-0023,0.0,241.0
2024-04-28,SKU-0023,0.0,241.0
2024-05-05,SKU-0023,0.0,241.0
2024-05-12,SKU-0023,0.0,241.0
2024-05-19,SKU-0023,268.8,241.0
2024-05-26,SKU-0023,122.8,241.0
2024-06-02,SKU-0023,72.8,241.0
2024-06-09,SKU-0023,15.8,241.0
2024-06-16,SKU-0023,0.0,241.0
2024-06-23,SKU-0023,0.0,241.0
2024-06-30,SKU-0023,0.0,241.0
2024-07-07,SKU-0023,0.0,241.0
2024-07-14,SKU-0023,285.8,241.0
2024-07-21,SKU-0023,235.8,241.0
2024-07-28,SKU-0023,54.8,241.0
2024-08-04,SKU-0023,0.0,241.0
2024-08-11,SKU-0023,0.0,241.0
2024-08-18,SKU-0023,0.0,241.0
2024-08-25,SKU-0023,228.8,241.0
2024-09-01,SKU-0023,149.8,241.0
2024-09-08,SKU-0023,121.8,241.0
2024-09-15,SKU-0023,34.8,241.0
2024-09-22,SKU-0023,0.0,241.0
2024-09-29,SKU-0023,0.0,241.0
2024-10-06,SKU-0023,282.8,241.0
2024-10-13,SKU-0023,145.8,241.0
2024-10-20,SKU-0023,85.8,241.0
2024-10-27,SKU-0023,54.8,241.0
2024-11-03,SKU-0023,0.0,241.0
2024-11-10,SKU-0023,248.8,241.0
2024-11-17,SKU-0023,133.8,241.0
2024-11-24,SKU-0023,46.8,241.0
2024-12-01,SKU-0023,0.0,241.0
2024-12-08,SKU-0023,0.0,241.0
2024-12-15,SKU-0023,0.0,241.0
2024-12-22,SKU-0023,189.8,241.0
2024-12-29,SKU-0023,151.8,241.0
2025-01-05,SKU-0023,126.8,241.0
2025-01-12,SKU-0023,58.8,241.0
2025-01-19,SKU-0023,21.8,241.0
2025-01-26,SKU-0023,0.0,241.0
2025-02-02,SKU-0023,255.8,241.0
2025-02-09,SKU-0023,227.8,241.0
2025-02-16,SKU-0023,193.8,241.0
2025-02-23,SKU-0023,161.8,241.0
2025-03-02,SKU-0023,121.8,241.0
2025-03-09,SKU-0023,64.8,241.0
2025-03-16,SKU-0023,0.0,241.0
2025-03-23,SKU-0023,189.8,241.0
2025-03-30,SKU-0023,151.8,241.0
2025-04-06,SKU-0023,101.8,241.0
2025-04-13,SKU-0023,0.0,241.0
2025-04-20,SKU-0023,0.0,241.0
2025-04-27,SKU-0023,0.0,241.0
2025-05-04,SKU-0023,0.0,241.0
2025-05-11,SKU-0023,279.8,241.0
2025-05-18,SKU-0023,203.8,241.0
2025-05-25,SKU-0023,152.8,241.0
2025-06-01,SKU-0023,0.0,241.0
2025-06-08,SKU-0023,0.0,241.0
2025-06-15,SKU-0023,0.0,241.0
2025-06-22,SKU-0023,281.8,241.0
2025-06-29,SKU-0023,240.8,241.0
2025-07-06,SKU-0023,191.8,241.0
2025-07-13,SKU-0023,141.8,241.0
2025-07-20,SKU-0023,80.8,241.0
2025-07-27,SKU-0023,0.0,241.0
2025-08-03,SKU-0023,0.0,241.0
2025-08-10,SKU-0023,197.8,241.0
2025-08-17,SKU-0023,162.8,241.0
2025-08-24,SKU-0023,82.8,241.0
2025-08-31,SKU-0023,1.8,241.0
2025-09-07,SKU-0023,0.0,241.0
2025-09-14,SKU-0023,255.8,241.0
2025-09-21,SKU-0023,168.8,241.0
2025-09-28,SKU-0023,121.8,241.0
2025-10-05,SKU-0023,23.8,241.0
2025-10-12,SKU-0023,0.0,241.0
2025-10-19,SKU-0023,0.0,241.0
2025-10-26,SKU-0023,0.0,241.0
2025-11-02,SKU-0023,228.8,241.0
2025-11-09,SKU-0023,100.8,241.0
2025-11-16,SKU-0023,49.8,241.0
2025-11-23,SKU-0023,0.0,241.0
2025-11-30,SKU-0023,0.0,241.0
2025-12-07,SKU-0023,0.0,241.0
2025-12-14,SKU-0023,0.0,241.0
2025-12-21,SKU-0023,248.8,241.0
2025-12-28,SKU-0023,184.8,241.0
2024-01-07,SKU-0024,317.6,201.0
2024-01-14,SKU-0024,247.6,201.0
2024-01-21,SKU-0024,179.6,201.0
2024-01-28,SKU-0024,134.6,201.0
2024-02-04,SKU-0024,85.6,201.0
2024-02-11,SKU-0024,12.6,201.0
2024-02-18,SKU-0024,0.0,201.0
2024-02-25,SKU-0024,0.0,201.0
2024-03-03,SKU-0024,0.0,201.0
2024-03-10,SKU-0024,203.6,201.0
2024-03-17,SKU-0024,165.6,201.0
2024-03-24,SKU-0024,79.6,201.0
2024-03-31,SKU-0024,27.6,201.0
2024-04-07,SKU-0024,0.0,201.0
2024-04-14,SKU-0024,0.0,201.0
2024-04-21,SKU-0024,198.6,201.0
2024-04-28,SKU-0024,168.6,201.0
2024-05-05,SKU-0024,96.6,201.0
2024-05-12,SKU-0024,64.6,201.0
2024-05-19,SKU-0024,0.0,201.0
2024-05-26,SKU-0024,0.0,201.0
2024-06-02,SKU-0024,206.6,201.0
2024-06-09,SKU-0024,121.6,201.0
2024-06-16,SKU-0024,44.6,201.0
2024-06-23,SKU-0024,0.0,201.0
2024-06-30,SKU-0024,0.0,201.0
2024-07-07,SKU-0024,149.6,201.0
2024-07-14,SKU-0024,29.6,201.0
2024-07-21,SKU-0024,0.0,201.0
2024-07-28,SKU-0024,223.6,201.0
2024-08-04,SKU-0024,173.6,201.0
2024-08-11,SKU-0024,110.6,201.0
2024-08-18,SKU-0024,42.6,201.0
2024-08-25,SKU-0024,20.6,201.0
2024-09-01,SKU-0024,0.0,201.0
2024-09-08,SKU-0024,0.0,201.0
2024-09-15,SKU-0024,225.6,201.0
2024-09-22,SKU-0024,129.6,201.0
2024-09-29,SKU-0024,73.6,201.0
2024-10-06,SKU-0024,0.0,201.0
2024-10-13,SKU-0024,0.0,201.0
2024-10-20,SKU-0024,0.0,201.0
2024-10-27,SKU-0024,0.0,201.0
2024-11-03,SKU-0024,151.6,201.0
2024-11-10,SKU-0024,84.6,201.0
2024-11-17,SKU-0024,42.6,201.0
2024-11-24,SKU-0024,0.0,201.0
2024-12-01,SKU-0024,0.0,201.0
2024-12-08,SKU-0024,0.0,201.0
2024-12-15,SKU-0024,0.0,201.0
2024-12-22,SKU-0024,180.6,201.0
2024-12-29,SKU-0024,95.6,201.0
2025-01-05,SKU-0024,31.6,201.0
2025-01-12,SKU-0024,0.0,201.0
2025-01-19,SKU-0024,0.0,201.0
2025-01-26,SKU-0024,0.0,201.0
2025-02-02,SKU-0024,0.0,201.0
2025-02-09,SKU-0024,242.6,201.0
2025-02-16,SKU-0024,171.6,201.0
2025-02-23,SKU-0024,128.6,201.0
2025-03-02,SKU-0024,74.6,201.0
2025-03-09,SKU-0024,44.6,201.0
2025-03-16,SKU-0024,268.2,201.0
2025-03-23,SKU-0024,190.2,201.0
2025-03-30,SKU-0024,131.2,201.0
2025-04-06,SKU-0024,83.2,201.0
2025-04-13,SKU-0024,0.0,201.0
2025-04-20,SKU-0024,209.6,201.0
2025-04-27,SKU-0024,158.6,201.0
2025-05-04,SKU-0024,59.6,201.0
2025-05-11,SKU-0024,29.6,201.0
2025-05-18,SKU-0024,0.0,201.0
2025-05-25,SKU-0024,0.0,201.0
2025-06-01,SKU-0024,0.0,201.0
2025-06-08,SKU-0024,220.6,201.0
2025-06-15,SKU-0024,154.6,201.0
2025-06-22,SKU-0024,89.6,201.0
2025-06-29,SKU-0024,18.6,201.0
2025-07-06,SKU-0024,0.0,201.0
2025-07-13,SKU-0024,0.0,201.0
2025-07-20,SKU-0024,0.0,201.0
2025-07-27,SKU-0024,185.6,201.0
2025-08-03,SKU-0024,98.6,201.0
2025-08-10,SKU-0024,44.6,201.0
2025-08-17,SKU-0024,4.6,201.0
2025-08-24,SKU-0024,0.0,201.0
2025-08-31,SKU-0024,0.0,201.0
2025-09-07,SKU-0024,175.6,201.0
2025-09-14,SKU-0024,145.6,201.0
2025-09-21,SKU-0024,0.0,201.0
2025-09-28,SKU-0024,0.0,201.0
2025-10-05,SKU-0024,197.6,201.0
2025-10-12,SKU-0024,93.6,201.0
2025-10-19,SKU-0024,54.6,201.0
2025-10-26,SKU-0024,0.6,201.0
2025-11-02,SKU-0024,0.0,201.0
2025-11-09,SKU-0024,221.6,201.0
2025-11-16,SKU-0024,184.6,201.0
2025-11-23,SKU-0024,98.6,201.0
2025-11-30,SKU-0024,4.6,201.0
2025-12-07,SKU-0024,0.0,201.0
2025-12-14,SKU-0024,0.0,201.0
2025-12-21,SKU-0024,0.0,201.0
2025-12-28,SKU-0024,0.0,201.0
2024-01-07,SKU-0025,787.6,370.0
2024-01-14,SKU-0025,714.6,370.0
2024-01-21,SKU-0025,649.6,370.0
2024-01-28,SKU-0025,442.6,370.0
2024-02-04,SKU-0025,343.6,370.0
2024-02-11,SKU-0025,275.6,370.0
2024-02-18,SKU-0025,202.6,370.0
2024-02-25,SKU-0025,81.6,370.0
2024-03-03,SKU-0025,10.6,370.0
2024-03-10,SKU-0025,0.0,370.0
2024-03-17,SKU-0025,0.0,370.0
2024-03-24,SKU-0025,0.0,370.0
2024-03-31,SKU-0025,296.6,370.0
2024-04-07,SKU-0025,258.6,370.0
2024-04-14,SKU-0025,171.6,370.0
2024-04-21,SKU-0025,16.6,370.0
2024-04-28,SKU-0025,438.2,370.0
2024-05-05,SKU-0025,268.2,370.0
2024-05-12,SKU-0025,144.2,370.0
2024-05-19,SKU-0025,0.0,370.0
2024-05-26,SKU-0025,0.0,370.0
2024-06-02,SKU-0025,0.0,370.0
2024-06-09,SKU-0025,0.0,370.0
2024-06-16,SKU-0025,0.0,370.0
2024-06-23,SKU-0025,437.6,370.0
2024-06-30,SKU-0025,385.6,370.0
2024-07-07,SKU-0025,83.6,370.0
2024-07-14,SKU-0025,0.0,370.0
2024-07-21,SKU-0025,0.0,370.0
2024-07-28,SKU-0025,0.0,370.0
2024-08-04,SKU-0025,0.0,370.0
2024-08-11,SKU-0025,430.6,370.0
2024-08-18,SKU-0025,250.6,370.0
2024-08-25,SKU-0025,169.6,370.0
2024-09-01,SKU-0025,0.0,370.0
2024-09-08,SKU-0025,0.0,370.0
2024-09-15,SKU-0025,382.6,370.0
2024-09-22,SKU-0025,291.6,370.0
2024-09-29,SKU-0025,191.6,370.0
2024-10-06,SKU-0025,76.6,370.0
2024-10-13,SKU-0025,0.0,370.0
2024-10-20,SKU-0025,0.0,370.0
2024-10-27,SKU-0025,0.0,370.0
2024-11-03,SKU-0025,0.0,370.0
2024-11-10,SKU-0025,278.6,370.0
2024-11-17,SKU-0025,203.6,370.0
2024-11-24,SKU-0025,114.6,370.0
2024-12-01,SKU-0025,19.6,370.0
2024-12-08,SKU-0025,487.2,370.0
2024-12-15,SKU-0025,291.2,370.0
2024-12-22,SKU-0025,167.2,370.0
2024-12-29,SKU-0025,46.2,370.0
2025-01-05,SKU-0025,0.0,370.0
2025-01-12,SKU-0025,389.6,370.0
2025-01-19,SKU-0025,0.0,370.0
2025-01-26,SKU-0025,0.0,370.0
2025-02-02,SKU-0025,0.0,370.0
2025-02-09,SKU-0025,0.0,370.0
2025-02-16,SKU-0025,0.0,370.0
2025-02-23,SKU-0025,0.0,370.0
2025-03-02,SKU-0025,409.6,370.0
2025-03-09,SKU-0025,358.6,370.0
2025-03-16,SKU-0025,304.6,370.0
2025-03-23,SKU-0025,179.6,370.0
2025-03-30,SKU-0025,28.6,370.0
2025-04-06,SKU-0025,0.0,370.0
2025-04-13,SKU-0025,0.0,370.0
2025-04-20,SKU-0025,0.0,370.0
2025-04-27,SKU-0025,474.6,370.0
2025-05-04,SKU-0025,287.6,370.0
2025-05-11,SKU-0025,189.6,370.0
2025-05-18,SKU-0025,69.6,370.0
2025-05-25,SKU-0025,0.0,370.0
2025-06-01,SKU-0025,0.0,370.0
2025-06-08,SKU-0025,0.0,370.0
2025-06-15,SKU-0025,416.6,370.0
2025-06-22,SKU-0025,269.6,370.0
2025-06-29,SKU-0025,190.6,370.0
2025-07-06,SKU-0025,67.6,370.0
2025-07-13,SKU-0025,0.0,370.0
2025-07-20,SKU-0025,0.0,370.0
2025-07-27,SKU-0025,425.6,370.0
2025-08-03,SKU-0025,341.6,370.0
2025-08-10,SKU-0025,214.6,370.0
2025-08-17,SKU-0025,0.0,370.0
2025-08-24,SKU-0025,0.0,370.0
2025-08-31,SKU-0025,466.6,370.0
2025-09-07,SKU-0025,397.6,370.0
2025-09-14,SKU-0025,359.6,370.0
2025-09-21,SKU-0025,285.6,370.0
2025-09-28,SKU-0025,177.6,370.0
2025-10-05,SKU-0025,116.6,370.0
2025-10-12,SKU-0025,43.6,370.0
2025-10-19,SKU-0025,10.6,370.0
2025-10-26,SKU-0025,376.2,370.0
2025-11-02,SKU-0025,292.2,370.0
2025-11-09,SKU-0025,13.2,370.0
2025-11-16,SKU-0025,0.0,370.0
2025-11-23,SKU-0025,415.6,370.0
2025-11-30,SKU-0025,307.6,370.0
2025-12-07,SKU-0025,172.6,370.0
2025-12-14,SKU-0025,0.0,370.0
2025-12-21,SKU-0025,0.0,370.0
2025-12-28,SKU-0025,369.6,370.0
2024-01-07,SKU-0026,289.8,179.0
2024-01-14,SKU-0026,245.8,179.0
2024-01-21,SKU-0026,193.8,179.0
2024-01-28,SKU-0026,147.8,179.0
2024-02-04,SKU-0026,124.8,179.0
2024-02-11,SKU-0026,49.8,179.0
2024-02-18,SKU-0026,0.0,179.0
2024-02-25,SKU-0026,0.0,179.0
2024-03-03,SKU-0026,0.0,179.0
2024-03-10,SKU-0026,164.8,179.0
2024-03-17,SKU-0026,147.8,179.0
2024-03-24,SKU-0026,84.8,179.0
2024-03-31,SKU-0026,49.8,179.0
2024-04-07,SKU-0026,0.0,179.0
2024-04-14,SKU-0026,0.0,179.0
2024-04-21,SKU-0026,0.0,179.0
2024-04-28,SKU-0026,152.8,179.0
2024-05-05,SKU-0026,99.8,179.0
2024-05-12,SKU-0026,54.8,179.0
2024-05-19,SKU-0026,9.8,179.0
2024-05-26,SKU-0026,0.0,179.0
2024-06-02,SKU-0026,0.0,179.0
2024-06-09,SKU-0026,223.8,179.0
2024-06-16,SKU-0026,189.8,179.0
2024-06-23,SKU-0026,142.8,179.0
2024-06-30,SKU-0026,61.8,179.0
2024-07-07,SKU-0026,0.0,179.0
2024-07-14,SKU-0026,206.8,179.0
2024-07-21,SKU-0026,53.8,179.0
2024-07-28,SKU-0026,0.0,179.0
2024-08-04,SKU-0026,0.0,179.0
2024-08-11,SKU-0026,0.0,179.0
2024-08-18,SKU-0026,0.0,179.0
2024-08-25,SKU-0026,0.0,179.0
2024-09-01,SKU-0026,188.8,179.0
2024-09-08,SKU-0026,135.8,179.0
2024-09-15,SKU-0026,29.8,179.0
2024-09-22,SKU-0026,124.6,179.0
2024-09-29,SKU-0026,99.6,179.0
2024-10-06,SKU-0026,45.6,179.0
2024-10-13,SKU-0026,0.0,179.0
2024-10-20,SKU-0026,0.0,179.0
2024-10-27,SKU-0026,0.0,179.0
2024-11-03,SKU-0026,167.8,179.0
2024-11-10,SKU-0026,78.8,179.0
2024-11-17,SKU-0026,0.0,179.0
2024-11-24,SKU-0026,0.0,179.0
2024-12-01,SKU-0026,0.0,179.0
2024-12-08,SKU-0026,0.0,179.0
2024-12-15,SKU-0026,0.0,179.0
2024-12-22,SKU-0026,222.8,179.0
2024-12-29,SKU-0026,189.8,179.0
2025-01-05,SKU-0026,135.8,179.0
2025-01-12,SKU-0026,62.8,179.0
2025-01-19,SKU-0026,48.8,179.0
2025-01-26,SKU-0026,269.6,179.0
2025-02-02,SKU-0026,224.6,179.0
2025-02-09,SKU-0026,217.6,179.0
2025-02-16,SKU-0026,154.6,179.0
2025-02-23,SKU-0026,72.6,179.0
2025-03-02,SKU-0026,62.6,179.0
2025-03-09,SKU-0026,0.0,179.0
2025-03-16,SKU-0026,0.0,179.0
2025-03-23,SKU-0026,0.0,179.0
2025-03-30,SKU-0026,0.0,179.0
2025-04-06,SKU-0026,191.8,179.0
2025-04-13,SKU-0026,134.8,179.0
2025-04-20,SKU-0026,45.8,179.0
2025-04-27,SKU-0026,0.0,179.0
2025-05-04,SKU-0026,0.0,179.0
2025-05-11,SKU-0026,0.0,179.0
2025-05-18,SKU-0026,166.8,179.0
2025-05-25,SKU-0026,110.8,179.0
2025-06-01,SKU-0026,0.0,179.0
2025-06-08,SKU-0026,0.0,179.0
2025-06-15,SKU-0026,0.0,179.0
2025-06-22,SKU-0026,198.8,179.0
2025-06-29,SKU-0026,114.8,179.0
2025-07-06,SKU-0026,64.8,179.0
2025-07-13,SKU-0026,265.6,179.0
2025-07-20,SKU-0026,132.6,179.0
2025-07-27,SKU-0026,0.0,179.0
2025-08-03,SKU-0026,0.0,179.0
2025-08-10,SKU-0026,0.0,179.0
2025-08-17,SKU-0026,0.0,179.0
2025-08-24,SKU-0026,202.8,179.0
2025-08-31,SKU-0026,0.0,179.0
2025-09-07,SKU-0026,0.0,179.0
2025-09-14,SKU-0026,0.0,179.0
2025-09-21,SKU-0026,0.0,179.0
2025-09-28,SKU-0026,0.0,179.0
2025-10-05,SKU-0026,0.0,179.0
2025-10-12,SKU-0026,158.8,179.0
2025-10-19,SKU-0026,111.8,179.0
2025-10-26,SKU-0026,111.6,179.0
2025-11-02,SKU-0026,0.0,179.0
2025-11-09,SKU-0026,0.0,179.0
2025-11-16,SKU-0026,0.0,179.0
2025-11-23,SKU-0026,173.8,179.0
2025-11-30,SKU-0026,15.8,179.0
2025-12-07,SKU-0026,0.0,179.0
2025-12-14,SKU-0026,0.0,179.0
2025-12-21,SKU-0026,192.8,179.0
2025-12-28,SKU-0026,50.8,179.0
2024-01-07,SKU-0027,378.2,182.0
2024-01-14,SKU-0027,300.2,182.0
2024-01-21,SKU-0027,233.2,182.0
2024-01-28,SKU-0027,194.2,182.0
2024-02-04,SKU-0027,124.2,182.0
2024-02-11,SKU-0027,46.2,182.0
2024-02-18,SKU-0027,18.2,182.0
2024-02-25,SKU-0027,0.0,182.0
2024-03-03,SKU-0027,0.0,182.0
2024-03-10,SKU-0027,0.0,182.0
2024-03-17,SKU-0027,0.0,182.0
2024-03-24,SKU-0027,0.0,182.0
2024-03-31,SKU-0027,176.2,182.0
2024-04-07,SKU-0027,133.2,182.0
2024-04-14,SKU-0027,51.2,182.0
2024-04-21,SKU-0027,0.0,182.0
2024-04-28,SKU-0027,0.0,182.0
2024-05-05,SKU-0027,0.0,182.0
2024-05-12,SKU-0027,190.2,182.0
2024-05-19,SKU-0027,154.2,182.0
2024-05-26,SKU-0027,94.2,182.0
2024-06-02,SKU-0027,57.2,182.0
2024-06-09,SKU-0027,0.0,182.0
2024-06-16,SKU-0027,0.0,182.0
2024-06-23,SKU-0027,0.0,182.0
2024-06-30,SKU-0027,161.2,182.0
2024-07-07,SKU-0027,130.2,182.0
2024-07-14,SKU-0027,36.2,182.0
2024-07-21,SKU-0027,14.2,182.0
2024-07-28,SKU-0027,0.0,182.0
2024-08-04,SKU-0027,0.0,182.0
2024-08-11,SKU-0027,0.0,182.0
2024-08-18,SKU-0027,0.0,182.0
2024-08-25,SKU-0027,165.2,182.0
2024-09-01,SKU-0027,108.2,182.0
2024-09-08,SKU-0027,52.2,182.0
2024-09-15,SKU-0027,0.0,182.0
2024-09-22,SKU-0027,0.0,182.0
2024-09-29,SKU-0027,188.2,182.0
2024-10-06,SKU-0027,107.2,182.0
2024-10-13,SKU-0027,0.0,182.0
2024-10-20,SKU-0027,0.0,182.0
2024-10-27,SKU-0027,0.0,182.0
2024-11-03,SKU-0027,0.0,182.0
2024-11-10,SKU-0027,0.0,182.0
2024-11-17,SKU-0027,0.0,182.0
2024-11-24,SKU-0027,0.0,182.0
2024-12-01,SKU-0027,0.0,182.0
2024-12-08,SKU-0027,0.0,182.0
2024-12-15,SKU-0027,0.0,182.0
2024-12-22,SKU-0027,0.0,182.0
2024-12-29,SKU-0027,169.2,182.0
2025-01-05,SKU-0027,112.2,182.0
2025-01-12,SKU-0027,23.2,182.0
2025-01-19,SKU-0027,0.0,182.0
2025-01-26,SKU-0027,0.0,182.0
2025-02-02,SKU-0027,203.2,182.0
2025-02-09,SKU-0027,154.2,182.0
2025-02-16,SKU-0027,99.2,182.0
2025-02-23,SKU-0027,60.2,182.0
2025-03-02,SKU-0027,0.0,182.0
2025-03-09,SKU-0027,205.2,182.0
2025-03-16,SKU-0027,156.2,182.0
2025-03-23,SKU-0027,65.2,182.0
2025-03-30,SKU-0027,0.0,182.0
2025-04-06,SKU-0027,0.0,182.0
2025-04-13,SKU-0027,0.0,182.0
2025-04-20,SKU-0027,0.0,182.0
2025-04-27,SKU-0027,0.0,182.0
2025-05-04,SKU-0027,163.2,182.0
2025-05-11,SKU-0027,126.2,182.0
2025-05-18,SKU-0027,66.2,182.0
2025-05-25,SKU-0027,40.2,182.0
2025-06-01,SKU-0027,2.2,182.0
2025-06-08,SKU-0027,0.0,182.0
2025-06-15,SKU-0027,0.0,182.0
2025-06-22,SKU-0027,196.2,182.0
2025-06-29,SKU-0027,128.2,182.0
2025-07-06,SKU-0027,91.2,182.0
2025-07-13,SKU-0027,39.2,182.0
2025-07-20,SKU-0027,0.0,182.0
2025-07-27,SKU-0027,205.2,182.0
2025-08-03,SKU-0027,114.2,182.0
2025-08-10,SKU-0027,88.2,182.0
2025-08-17,SKU-0027,7.2,182.0
2025-08-24,SKU-0027,0.0,182.0
2025-08-31,SKU-0027,203.2,182.0
2025-09-07,SKU-0027,142.2,182.0
2025-09-14,SKU-0027,114.2,182.0
2025-09-21,SKU-0027,54.2,182.0
2025-09-28,SKU-0027,28.2,182.0
2025-10-05,SKU-0027,0.0,182.0
2025-10-12,SKU-0027,0.0,182.0
2025-10-19,SKU-0027,0.0,182.0
2025-10-26,SKU-0027,209.2,182.0
2025-11-02,SKU-0027,174.2,182.0
2025-11-09,SKU-0027,107.2,182.0
2025-11-16,SKU-0027,0.0,182.0
2025-11-23,SKU-0027,0.0,182.0
2025-11-30,SKU-0027,0.0,182.0
2025-12-07,SKU-0027,0.0,182.0
2025-12-14,SKU-0027,166.2,182.0
2025-12-21,SKU-0027,144.2,182.0
2025-12-28,SKU-0027,48.2,182.0
2024-01-07,SKU-0028,473.2,236.0
2024-01-14,SKU-0028,447.2,236.0
2024-01-21,SKU-0028,343.2,236.0
2024-01-28,SKU-0028,308.2,236.0
2024-02-04,SKU-0028,249.2,236.0
2024-02-11,SKU-0028,149.2,236.0
2024-02-18,SKU-0028,115.2,236.0
2024-02-25,SKU-0028,84.2,236.0
2024-03-03,SKU-0028,39.2,236.0
2024-03-10,SKU-0028,0.0,236.0
2024-03-17,SKU-0028,0.0,236.0
2024-03-24,SKU-0028,0.0,236.0
2024-03-31,SKU-0028,258.2,236.0
2024-04-07,SKU-0028,198.2,236.0
2024-04-14,SKU-0028,131.2,236.0
2024-04-21,SKU-0028,79.2,236.0
2024-04-28,SKU-0028,0.0,236.0
2024-05-05,SKU-0028,0.0,236.0
2024-05-12,SKU-0028,264.2,236.0
2024-05-19,SKU-0028,114.2,236.0
2024-05-26,SKU-0028,68.2,236.0
2024-06-02,SKU-0028,0.0,236.0
2024-06-09,SKU-0028,0.0,236.0
2024-06-16,SKU-0028,0.0,236.0
2024-06-23,SKU-0028,0.0,236.0
2024-06-30,SKU-0028,0.0,236.0
2024-07-07,SKU-0028,186.2,236.0
2024-07-14,SKU-0028,132.2,236.0
2024-07-21,SKU-0028,0.0,236.0
2024-07-28,SKU-0028,0.0,236.0
2024-08-04,SKU-0028,0.0,236.0
2024-08-11,SKU-0028,0.0,236.0
2024-08-18,SKU-0028,125.2,236.0
2024-08-25,SKU-0028,0.0,236.0
2024-09-01,SKU-0028,0.0,236.0
2024-09-08,SKU-0028,0.0,236.0
2024-09-15,SKU-0028,0.0,236.0
2024-09-22,SKU-0028,0.0,236.0
2024-09-29,SKU-0028,0.0,236.0
2024-10-06,SKU-0028,232.2,236.0
2024-10-13,SKU-0028,115.2,236.0
2024-10-20,SKU-0028,30.2,236.0
2024-10-27,SKU-0028,0.0,236.0
2024-11-03,SKU-0028,0.0,236.0
2024-11-10,SKU-0028,262.2,236.0
2024-11-17,SKU-0028,185.2,236.0
2024-11-24,SKU-0028,21.2,236.0
2024-12-01,SKU-0028,0.0,236.0
2024-12-08,SKU-0028,0.0,236.0
2024-12-15,SKU-0028,0.0,236.0
2024-12-22,SKU-0028,0.0,236.0
2024-12-29,SKU-0028,0.0,236.0
2025-01-05,SKU-0028,283.2,236.0
2025-01-12,SKU-0028,210.2,236.0
2025-01-19,SKU-0028,189.2,236.0
2025-01-26,SKU-0028,159.2,236.0
2025-02-02,SKU-0028,41.2,236.0
2025-02-09,SKU-0028,0.0,236.0
2025-02-16,SKU-0028,0.0,236.0
2025-02-23,SKU-0028,253.2,236.0
2025-03-02,SKU-0028,181.2,236.0
2025-03-09,SKU-0028,79.2,236.0
2025-03-16,SKU-0028,27.2,236.0
2025-03-23,SKU-0028,0.0,236.0
2025-03-30,SKU-0028,0.0,236.0
2025-04-06,SKU-0028,0.0,236.0
2025-04-13,SKU-0028,0.0,236.0
2025-04-20,SKU-0028,0.0,236.0
2025-04-27,SKU-0028,0.0,236.0
2025-05-04,SKU-0028,264.2,236.0
2025-05-11,SKU-0028,191.2,236.0
2025-05-18,SKU-0028,133.2,236.0
2025-05-25,SKU-0028,82.2,236.0
2025-06-01,SKU-0028,0.0,236.0
2025-06-08,SKU-0028,0.0,236.0
2025-06-15,SKU-0028,0.0,236.0
2025-06-22,SKU-0028,237.2,236.0
2025-06-29,SKU-0028,185.2,236.0
2025-07-06,SKU-0028,90.2,236.0
2025-07-13,SKU-0028,0.0,236.0
2025-07-20,SKU-0028,0.0,236.0
2025-07-27,SKU-0028,0.0,236.0
2025-08-03,SKU-0028,0.0,236.0
2025-08-10,SKU-0028,0.0,236.0
2025-08-17,SKU-0028,0.0,236.0
2025-08-24,SKU-0028,189.2,236.0
2025-08-31,SKU-0028,49.2,236.0
2025-09-07,SKU-0028,2.2,236.0
2025-09-14,SKU-0028,0.0,236.0
2025-09-21,SKU-0028,0.0,236.0
2025-09-28,SKU-0028,0.0,236.0
2025-10-05,SKU-0028,0.0,236.0
2025-10-12,SKU-0028,214.2,236.0
2025-10-19,SKU-0028,127.2,236.0
2025-10-26,SKU-0028,20.2,236.0
2025-11-02,SKU-0028,0.0,236.0
2025-11-09,SKU-0028,0.0,236.0
2025-11-16,SKU-0028,0.0,236.0
2025-11-23,SKU-0028,0.0,236.0
2025-11-30,SKU-0028,0.0,236.0
2025-12-07,SKU-0028,196.2,236.0
2025-12-14,SKU-0028,87.2,236.0
2025-12-21,SKU-0028,0.0,236.0
2025-12-28,SKU-0028,0.0,236.0
2024-01-07,SKU-0029,373.6,183.0
2024-01-14,SKU-0029,344.6,183.0
2024-01-21,SKU-0029,301.6,183.0
2024-01-28,SKU-0029,222.6,183.0
2024-02-04,SKU-0029,187.6,183.0
2024-02-11,SKU-0029,153.6,183.0
2024-02-18,SKU-0029,47.6,183.0
2024-02-25,SKU-0029,0.0,183.0
2024-03-03,SKU-0029,0.0,183.0
2024-03-10,SKU-0029,0.0,183.0
2024-03-17,SKU-0029,0.0,183.0
2024-03-24,SKU-0029,0.0,183.0
2024-03-31,SKU-0029,177.6,183.0
2024-04-07,SKU-0029,122.6,183.0
2024-04-14,SKU-0029,332.2,183.0
2024-04-21,SKU-0029,288.2,183.0
2024-04-28,SKU-0029,255.2,183.0
2024-05-05,SKU-0029,152.2,183.0
2024-05-12,SKU-0029,101.2,183.0
2024-05-19,SKU-0029,46.2,183.0
2024-05-26,SKU-0029,0.0,183.0
2024-06-02,SKU-0029,183.6,183.0
2024-06-09,SKU-0029,111.6,183.0
2024-06-16,SKU-0029,63.6,183.0
2024-06-23,SKU-0029,28.6,183.0
2024-06-30,SKU-0029,0.0,183.0
2024-07-07,SKU-0029,0.0,183.0
2024-07-14,SKU-0029,0.0,183.0
2024-07-21,SKU-0029,0.0,183.0
2024-07-28,SKU-0029,0.0,183.0
2024-08-04,SKU-0029,183.6,183.0
2024-08-11,SKU-0029,105.6,183.0
2024-08-18,SKU-0029,64.6,183.0
2024-08-25,SKU-0029,0.0,183.0
2024-09-01,SKU-0029,0.0,183.0
2024-09-08,SKU-0029,0.0,183.0
2024-09-15,SKU-0029,0.0,183.0
2024-09-22,SKU-0029,0.0,183.0
2024-09-29,SKU-0029,164.6,183.0
2024-10-06,SKU-0029,124.6,183.0
2024-10-13,SKU-0029,56.6,183.0
2024-10-20,SKU-0029,0.0,183.0
2024-10-27,SKU-0029,0.0,183.0
2024-11-03,SKU-0029,0.0,183.0
2024-11-10,SKU-0029,0.0,183.0
2024-11-17,SKU-0029,0.0,183.0
2024-11-24,SKU-0029,176.6,183.0
2024-12-01,SKU-0029,107.6,183.0
2024-12-08,SKU-0029,20.6,183.0
2024-12-15,SKU-0029,0.0,183.0
2024-12-22,SKU-0029,0.0,183.0
2024-12-29,SKU-0029,0.0,183.0
2025-01-05,SKU-0029,154.6,183.0
2025-01-12,SKU-0029,125.6,183.0
2025-01-19,SKU-0029,94.6,183.0
2025-01-26,SKU-0029,71.6,183.0
2025-02-02,SKU-0029,5.6,183.0
2025-02-09,SKU-0029,0.0,183.0
2025-02-16,SKU-0029,0.0,183.0
2025-02-23,SKU-0029,0.0,183.0
2025-03-02,SKU-0029,211.6,183.0
2025-03-09,SKU-0029,169.6,183.0
2025-03-16,SKU-0029,121.6,183.0
2025-03-23,SKU-0029,52.6,183.0
2025-03-30,SKU-0029,21.6,183.0
2025-04-06,SKU-0029,0.0,183.0
2025-04-13,SKU-0029,0.0,183.0
2025-04-20,SKU-0029,184.6,183.0
2025-04-27,SKU-0029,125.6,183.0
2025-05-04,SKU-0029,36.6,183.0
2025-05-11,SKU-0029,0.0,183.0
2025-05-18,SKU-0029,0.0,183.0
2025-05-25,SKU-0029,0.0,183.0
2025-06-01,SKU-0029,0.0,183.0
2025-06-08,SKU-0029,190.6,183.0
2025-06-15,SKU-0029,116.6,183.0
2025-06-22,SKU-0029,55.6,183.0
2025-06-29,SKU-0029,0.0,183.0
2025-07-06,SKU-0029,0.0,183.0
2025-07-13,SKU-0029,0.0,183.0
2025-07-20,SKU-0029,0.0,183.0
2025-07-27,SKU-0029,0.0,183.0
2025-08-03,SKU-0029,0.0,183.0
2025-08-10,SKU-0029,175.6,183.0
2025-08-17,SKU-0029,94.6,183.0
2025-08-24,SKU-0029,0.0,183.0
2025-08-31,SKU-0029,0.0,183.0
2025-09-07,SKU-0029,0.0,183.0
2025-09-14,SKU-0029,0.0,183.0
2025-09-21,SKU-0029,0.0,183.0
2025-09-28,SKU-0029,0.0,183.0
2025-10-05,SKU-0029,172.6,183.0
2025-10-12,SKU-0029,112.6,183.0
2025-10-19,SKU-0029,10.6,183.0
2025-10-26,SKU-0029,0.0,183.0
2025-11-02,SKU-0029,0.0,183.0
2025-11-09,SKU-0029,158.6,183.0
2025-11-16,SKU-0029,88.6,183.0
2025-11-23,SKU-0029,39.6,183.0
2025-11-30,SKU-0029,0.0,183.0
2025-12-07,SKU-0029,0.0,183.0
2025-12-14,SKU-0029,0.0,183.0
2025-12-21,SKU-0029,68.6,183.0
2025-12-28,SKU-0029,0.0,183.0
2024-01-07,SKU-0030,289.6,153.0
2024-01-14,SKU-0030,255.6,153.0
2024-01-21,SKU-0030,231.6,153.0
2024-01-28,SKU-0030,160.6,153.0
2024-02-04,SKU-0030,126.6,153.0
2024-02-11,SKU-0030,86.6,153.0
2024-02-18,SKU-0030,53.6,153.0
2024-02-25,SKU-0030,12.6,153.0
2024-03-03,SKU-0030,0.0,153.0
2024-03-10,SKU-0030,0.0,153.0
2024-03-17,SKU-0030,166.6,153.0
2024-03-24,SKU-0030,120.6,153.0
2024-03-31,SKU-0030,72.6,153.0
2024-04-07,SKU-0030,46.6,153.0
2024-04-14,SKU-0030,26.6,153.0
2024-04-21,SKU-0030,0.0,153.0
2024-04-28,SKU-0030,0.0,153.0
2024-05-05,SKU-0030,171.6,153.0
2024-05-12,SKU-0030,142.6,153.0
2024-05-19,SKU-0030,112.6,153.0
2024-05-26,SKU-0030,74.6,153.0
2024-06-02,SKU-0030,30.6,153.0
2024-06-09,SKU-0030,212.2,153.0
2024-06-16,SKU-0030,176.2,153.0
2024-06-23,SKU-0030,121.2,153.0
2024-06-30,SKU-0030,77.2,153.0
2024-07-07,SKU-0030,53.2,153.0
2024-07-14,SKU-0030,14.2,153.0
2024-07-21,SKU-0030,0.0,153.0
2024-07-28,SKU-0030,0.0,153.0
2024-08-04,SKU-0030,0.0,153.0
2024-08-11,SKU-0030,139.6,153.0
2024-08-18,SKU-0030,101.6,153.0
2024-08-25,SKU-0030,50.6,153.0
2024-09-01,SKU-0030,0.0,153.0
2024-09-08,SKU-0030,171.6,153.0
2024-09-15,SKU-0030,138.6,153.0
2024-09-22,SKU-0030,93.6,153.0
2024-09-29,SKU-0030,27.6,153.0
2024-10-06,SKU-0030,0.0,153.0
2024-10-13,SKU-0030,176.6,153.0
2024-10-20,SKU-0030,139.6,153.0
2024-10-27,SKU-0030,79.6,153.0
2024-11-03,SKU-0030,0.0,153.0
2024-11-10,SKU-0030,0.0,153.0
2024-11-17,SKU-0030,0.0,153.0
2024-11-24,SKU-0030,0.0,153.0
2024-12-01,SKU-0030,0.0,153.0
2024-12-08,SKU-0030,0.0,153.0
2024-12-15,SKU-0030,156.6,153.0
2024-12-22,SKU-0030,92.6,153.0
2024-12-29,SKU-0030,32.6,153.0
2025-01-05,SKU-0030,0.0,153.0
2025-01-12,SKU-0030,0.0,153.0
2025-01-19,SKU-0030,0.0,153.0
2025-01-26,SKU-0030,0.0,153.0
2025-02-02,SKU-0030,0.0,153.0
2025-02-09,SKU-0030,0.0,153.0
2025-02-16,SKU-0030,0.0,153.0
2025-02-23,SKU-0030,124.6,153.0
2025-03-02,SKU-0030,88.6,153.0
2025-03-09,SKU-0030,52.6,153.0
2025-03-16,SKU-0030,29.6,153.0
2025-03-23,SKU-0030,0.0,153.0
2025-03-30,SKU-0030,0.0,153.0
2025-04-06,SKU-0030,0.0,153.0
2025-04-13,SKU-0030,0.0,153.0
2025-04-20,SKU-0030,0.0,153.0
2025-04-27,SKU-0030,177.6,153.0
2025-05-04,SKU-0030,133.6,153.0
2025-05-11,SKU-0030,89.6,153.0
2025-05-18,SKU-0030,43.6,153.0
2025-05-25,SKU-0030,0.0,153.0
2025-06-01,SKU-0030,0.0,153.0
2025-06-08,SKU-0030,0.0,153.0
2025-06-15,SKU-0030,102.6,153.0
2025-06-22,SKU-0030,27.6,153.0
2025-06-29,SKU-0030,0.0,153.0
2025-07-06,SKU-0030,0.0,153.0
2025-07-13,SKU-0030,0.0,153.0
2025-07-20,SKU-0030,149.6,153.0
2025-07-27,SKU-0030,83.6,153.0
2025-08-03,SKU-0030,0.0,153.0
2025-08-10,SKU-0030,0.0,153.0
2025-08-17,SKU-0030,0.0,153.0
2025-08-24,SKU-0030,0.0,153.0
2025-08-31,SKU-0030,0.0,153.0
2025-09-07,SKU-0030,163.6,153.0
2025-09-14,SKU-0030,133.6,153.0
2025-09-21,SKU-0030,57.6,153.0
2025-09-28,SKU-0030,6.6,153.0
2025-10-05,SKU-0030,0.0,153.0
2025-10-12,SKU-0030,0.0,153.0
2025-10-19,SKU-0030,0.0,153.0
2025-10-26,SKU-0030,0.0,153.0
2025-11-02,SKU-0030,0.0,153.0
2025-11-09,SKU-0030,169.6,153.0
2025-11-16,SKU-0030,82.6,153.0
2025-11-23,SKU-0030,17.6,153.0
2025-11-30,SKU-0030,0.0,153.0
2025-12-07,SKU-0030,0.0,153.0
2025-12-14,SKU-0030,0.0,153.0
2025-12-21,SKU-0030,0.0,153.0
2025-12-28,SKU-0030,85.6,153.0
2024-01-07,SKU-0031,357.6,168.0
2024-01-14,SKU-0031,244.6,168.0
2024-01-21,SKU-0031,205.6,168.0
2024-01-28,SKU-0031,173.6,168.0
2024-02-04,SKU-0031,85.6,168.0
2024-02-11,SKU-0031,19.6,168.0
2024-02-18,SKU-0031,0.0,168.0
2024-02-25,SKU-0031,0.0,168.0
2024-03-03,SKU-0031,147.6,168.0
2024-03-10,SKU-0031,65.6,168.0
2024-03-17,SKU-0031,44.6,168.0
2024-03-24,SKU-0031,12.6,168.0
2024-03-31,SKU-0031,179.2,168.0
2024-04-07,SKU-0031,125.2,168.0
2024-04-14,SKU-0031,56.2,168.0
2024-04-21,SKU-0031,16.2,168.0
2024-04-28,SKU-0031,0.0,168.0
2024-05-05,SKU-0031,0.0,168.0
2024-05-12,SKU-0031,0.0,168.0
2024-05-19,SKU-0031,0.0,168.0
2024-05-26,SKU-0031,0.0,168.0
2024-06-02,SKU-0031,0.0,168.0
2024-06-09,SKU-0031,165.6,168.0
2024-06-16,SKU-0031,124.6,168.0
2024-06-23,SKU-0031,67.6,168.0
2024-06-30,SKU-0031,12.6,168.0
2024-07-07,SKU-0031,211.2,168.0
2024-07-14,SKU-0031,154.2,168.0
2024-07-21,SKU-0031,102.2,168.0
2024-07-28,SKU-0031,46.2,168.0
2024-08-04,SKU-0031,5.2,168.0
2024-08-11,SKU-0031,0.0,168.0
2024-08-18,SKU-0031,153.6,168.0
2024-08-25,SKU-0031,115.6,168.0
2024-09-01,SKU-0031,53.6,168.0
2024-09-08,SKU-0031,0.0,168.0
2024-09-15,SKU-0031,0.0,168.0
2024-09-22,SKU-0031,0.0,168.0
2024-09-29,SKU-0031,190.6,168.0
2024-10-06,SKU-0031,132.6,168.0
2024-10-13,SKU-0031,97.6,168.0
2024-10-20,SKU-0031,0.0,168.0
2024-10-27,SKU-0031,0.0,168.0
2024-11-03,SKU-0031,0.0,168.0
2024-11-10,SKU-0031,0.0,168.0
2024-11-17,SKU-0031,0.0,168.0
2024-11-24,SKU-0031,200.6,168.0
2024-12-01,SKU-0031,140.6,168.0
2024-12-08,SKU-0031,99.6,168.0
2024-12-15,SKU-0031,49.6,168.0
2024-12-22,SKU-0031,19.6,168.0
2024-12-29,SKU-0031,201.2,168.0
2025-01-05,SKU-0031,160.2,168.0
2025-01-12,SKU-0031,118.2,168.0
2025-01-19,SKU-0031,92.2,168.0
2025-01-26,SKU-0031,61.2,168.0
2025-02-02,SKU-0031,33.2,168.0
2025-02-09,SKU-0031,0.0,168.0
2025-02-16,SKU-0031,0.0,168.0
2025-02-23,SKU-0031,200.6,168.0
2025-03-02,SKU-0031,139.6,168.0
2025-03-09,SKU-0031,106.6,168.0
2025-03-16,SKU-0031,52.6,168.0
2025-03-23,SKU-0031,23.6,168.0
2025-03-30,SKU-0031,0.0,168.0
2025-04-06,SKU-0031,0.0,168.0
2025-04-13,SKU-0031,0.0,168.0
2025-04-20,SKU-0031,163.6,168.0
2025-04-27,SKU-0031,105.6,168.0
2025-05-04,SKU-0031,52.6,168.0
2025-05-11,SKU-0031,0.0,168.0
2025-05-18,SKU-0031,0.0,168.0
2025-05-25,SKU-0031,0.0,168.0
2025-06-01,SKU-0031,205.6,168.0
2025-06-08,SKU-0031,187.6,168.0
2025-06-15,SKU-0031,144.6,168.0
2025-06-22,SKU-0031,99.6,168.0
2025-06-29,SKU-0031,0.6,168.0
2025-07-06,SKU-0031,0.0,168.0
2025-07-13,SKU-0031,0.0,168.0
2025-07-20,SKU-0031,181.6,168.0
2025-07-27,SKU-0031,121.6,168.0
2025-08-03,SKU-0031,35.6,168.0
2025-08-10,SKU-0031,0.0,168.0
2025-08-17,SKU-0031,0.0,168.0
2025-08-24,SKU-0031,0.0,168.0
2025-08-31,SKU-0031,0.0,168.0
2025-09-07,SKU-0031,189.6,168.0
2025-09-14,SKU-0031,162.6,168.0
2025-09-21,SKU-0031,100.6,168.0
2025-09-28,SKU-0031,54.6,168.0
2025-10-05,SKU-0031,14.6,168.0
2025-10-12,SKU-0031,173.2,168.0
2025-10-19,SKU-0031,131.2,168.0
2025-10-26,SKU-0031,41.2,168.0
2025-11-02,SKU-0031,0.0,168.0
2025-11-09,SKU-0031,0.0,168.0
2025-11-16,SKU-0031,0.0,168.0
2025-11-23,SKU-0031,0.0,168.0
2025-11-30,SKU-0031,0.0,168.0
2025-12-07,SKU-0031,145.6,168.0
2025-12-14,SKU-0031,108.6,168.0
2025-12-21,SKU-0031,4.6,168.0
2025-12-28,SKU-0031,0.0,168.0
2024-01-07,SKU-0032,471.4,221.0
2024-01-14,SKU-0032,422.4,221.0
2024-01-21,SKU-0032,376.4,221.0
2024-01-28,SKU-0032,345.4,221.0
2024-02-04,SKU-0032,159.4,221.0
2024-02-11,SKU-0032,115.4,221.0
2024-02-18,SKU-0032,49.4,221.0
2024-02-25,SKU-0032,288.8,221.0
2024-03-03,SKU-0032,262.8,221.0
2024-03-10,SKU-0032,218.8,221.0
2024-03-17,SKU-0032,153.8,221.0
2024-03-24,SKU-0032,58.8,221.0
2024-03-31,SKU-0032,9.8,221.0
2024-04-07,SKU-0032,0.0,221.0
2024-04-14,SKU-0032,0.0,221.0
2024-04-21,SKU-0032,210.4,221.0
2024-04-28,SKU-0032,193.4,221.0
2024-05-05,SKU-0032,106.4,221.0
2024-05-12,SKU-0032,60.4,221.0
2024-05-19,SKU-0032,13.4,221.0
2024-05-26,SKU-0032,0.0,221.0
2024-06-02,SKU-0032,0.0,221.0
2024-06-09,SKU-0032,205.4,221.0
2024-06-16,SKU-0032,0.0,221.0
2024-06-23,SKU-0032,0.0,221.0
2024-06-30,SKU-0032,0.0,221.0
2024-07-07,SKU-0032,0.0,221.0
2024-07-14,SKU-0032,0.0,221.0
2024-07-21,SKU-0032,0.0,221.0
2024-07-28,SKU-0032,235.4,221.0
2024-08-04,SKU-0032,181.4,221.0
2024-08-11,SKU-0032,90.4,221.0
2024-08-18,SKU-0032,0.0,221.0
2024-08-25,SKU-0032,0.0,221.0
2024-09-01,SKU-0032,0.0,221.0
2024-09-08,SKU-0032,0.0,221.0
2024-09-15,SKU-0032,0.0,221.0
2024-09-22,SKU-0032,185.4,221.0
2024-09-29,SKU-0032,145.4,221.0
2024-10-06,SKU-0032,0.0,221.0
2024-10-13,SKU-0032,0.0,221.0
2024-10-20,SKU-0032,0.0,221.0
2024-10-27,SKU-0032,0.0,221.0
2024-11-03,SKU-0032,0.0,221.0
2024-11-10,SKU-0032,0.0,221.0
2024-11-17,SKU-0032,215.4,221.0
2024-11-24,SKU-0032,154.4,221.0
2024-12-01,SKU-0032,102.4,221.0
2024-12-08,SKU-0032,0.0,221.0
2024-12-15,SKU-0032,0.0,221.0
2024-12-22,SKU-0032,207.4,221.0
2024-12-29,SKU-0032,116.4,221.0
2025-01-05,SKU-0032,77.4,221.0
2025-01-12,SKU-0032,55.4,221.0
2025-01-19,SKU-0032,33.4,221.0
2025-01-26,SKU-0032,0.0,221.0
2025-02-02,SKU-0032,244.4,221.0
2025-02-09,SKU-0032,214.4,221.0
2025-02-16,SKU-0032,131.4,221.0
2025-02-23,SKU-0032,60.4,221.0
2025-03-02,SKU-0032,0.0,221.0
2025-03-09,SKU-0032,0.0,221.0
2025-03-16,SKU-0032,0.0,221.0
2025-03-23,SKU-0032,236.4,221.0
2025-03-30,SKU-0032,205.4,221.0
2025-04-06,SKU-0032,185.4,221.0
2025-04-13,SKU-0032,16.4,221.0
2025-04-20,SKU-0032,224.8,221.0
2025-04-27,SKU-0032,173.8,221.0
2025-05-04,SKU-0032,25.8,221.0
2025-05-11,SKU-0032,0.0,221.0
2025-05-18,SKU-0032,0.0,221.0
2025-05-25,SKU-0032,0.0,221.0
2025-06-01,SKU-0032,0.0,221.0
2025-06-08,SKU-0032,0.0,221.0
2025-06-15,SKU-0032,0.0,221.0
2025-06-22,SKU-0032,236.4,221.0
2025-06-29,SKU-0032,147.4,221.0
2025-07-06,SKU-0032,132.4,221.0
2025-07-13,SKU-0032,65.4,221.0
2025-07-20,SKU-0032,13.4,221.0
2025-07-27,SKU-0032,0.0,221.0
2025-08-03,SKU-0032,234.4,221.0
2025-08-10,SKU-0032,155.4,221.0
2025-08-17,SKU-0032,85.4,221.0
2025-08-24,SKU-0032,17.4,221.0
2025-08-31,SKU-0032,0.0,221.0
2025-09-07,SKU-0032,0.0,221.0
2025-09-14,SKU-0032,0.0,221.0
2025-09-21,SKU-0032,181.4,221.0
2025-09-28,SKU-0032,153.4,221.0
2025-10-05,SKU-0032,73.4,221.0
2025-10-12,SKU-0032,0.0,221.0
2025-10-19,SKU-0032,0.0,221.0
2025-10-26,SKU-0032,0.0,221.0
2025-11-02,SKU-0032,121.4,221.0
2025-11-09,SKU-0032,40.4,221.0
2025-11-16,SKU-0032,0.0,221.0
2025-11-23,SKU-0032,0.0,221.0
2025-11-30,SKU-0032,190.4,221.0
2025-12-07,SKU-0032,103.4,221.0
2025-12-14,SKU-0032,0.0,221.0
2025-12-21,SKU-0032,0.0,221.0
2025-12-28,SKU-0032,0.0,221.0
2024-01-07,SKU-0033,390.6,190.0
2024-01-14,SKU-0033,355.6,190.0
2024-01-21,SKU-0033,307.6,190.0
2024-01-28,SKU-0033,259.6,190.0
2024-02-04,SKU-0033,190.6,190.0
2024-02-11,SKU-0033,127.6,190.0
2024-02-18,SKU-0033,95.6,190.0
2024-02-25,SKU-0033,58.6,190.0
2024-03-03,SKU-0033,0.0,190.0
2024-03-10,SKU-0033,0.0,190.0
2024-03-17,SKU-0033,0.0,190.0
2024-03-24,SKU-0033,0.0,190.0
2024-03-31,SKU-0033,0.0,190.0
2024-04-07,SKU-0033,191.6,190.0
2024-04-14,SKU-0033,83.6,190.0
2024-04-21,SKU-0033,18.6,190.0
2024-04-28,SKU-0033,0.0,190.0
2024-05-05,SKU-0033,0.0,190.0
2024-05-12,SKU-0033,0.0,190.0
2024-05-19,SKU-0033,0.0,190.0
2024-05-26,SKU-0033,131.6,190.0
2024-06-02,SKU-0033,337.2,190.0
2024-06-09,SKU-0033,288.2,190.0
2024-06-16,SKU-0033,242.2,190.0
2024-06-23,SKU-0033,176.2,190.0
2024-06-30,SKU-0033,136.2,190.0
2024-07-07,SKU-0033,47.2,190.0
2024-07-14,SKU-0033,0.0,190.0
2024-07-21,SKU-0033,0.0,190.0
2024-07-28,SKU-0033,0.0,190.0
2024-08-04,SKU-0033,0.0,190.0
2024-08-11,SKU-0033,0.0,190.0
2024-08-18,SKU-0033,0.0,190.0
2024-08-25,SKU-0033,191.6,190.0
2024-09-01,SKU-0033,144.6,190.0
2024-09-08,SKU-0033,73.6,190.0
2024-09-15,SKU-0033,51.6,190.0
2024-09-22,SKU-0033,30.6,190.0
2024-09-29,SKU-0033,4.6,190.0
2024-10-06,SKU-0033,193.2,190.0
2024-10-13,SKU-0033,104.2,190.0
2024-10-20,SKU-0033,25.2,190.0
2024-10-27,SKU-0033,0.0,190.0
2024-11-03,SKU-0033,0.0,190.0
2024-11-10,SKU-0033,141.6,190.0
2024-11-17,SKU-0033,76.6,190.0
2024-11-24,SKU-0033,1.6,190.0
2024-12-01,SKU-0033,0.0,190.0
2024-12-08,SKU-0033,197.6,190.0
2024-12-15,SKU-0033,147.6,190.0
2024-12-22,SKU-0033,94.6,190.0
2024-12-29,SKU-0033,57.6,190.0
2025-01-05,SKU-0033,255.2,190.0
2025-01-12,SKU-0033,210.2,190.0
2025-01-19,SKU-0033,128.2,190.0
2025-01-26,SKU-0033,108.2,190.0
2025-02-02,SKU-0033,23.2,190.0
2025-02-09,SKU-0033,0.0,190.0
2025-02-16,SKU-0033,0.0,190.0
2025-02-23,SKU-0033,221.6,190.0
2025-03-02,SKU-0033,187.6,190.0
2025-03-09,SKU-0033,163.6,190.0
2025-03-16,SKU-0033,82.6,190.0
2025-03-23,SKU-0033,36.6,190.0
2025-03-30,SKU-0033,0.0,190.0
2025-04-06,SKU-0033,0.0,190.0
2025-04-13,SKU-0033,0.0,190.0
2025-04-20,SKU-0033,205.6,190.0
2025-04-27,SKU-0033,160.6,190.0
2025-05-04,SKU-0033,67.6,190.0
2025-05-11,SKU-0033,7.6,190.0
2025-05-18,SKU-0033,200.2,190.0
2025-05-25,SKU-0033,120.2,190.0
2025-06-01,SKU-0033,65.2,190.0
2025-06-08,SKU-0033,0.0,190.0
2025-06-15,SKU-0033,0.0,190.0
2025-06-22,SKU-0033,0.0,190.0
2025-06-29,SKU-0033,0.0,190.0
2025-07-06,SKU-0033,222.6,190.0
2025-07-13,SKU-0033,136.6,190.0
2025-07-20,SKU-0033,72.6,190.0
2025-07-27,SKU-0033,0.0,190.0
2025-08-03,SKU-0033,0.0,190.0
2025-08-10,SKU-0033,188.6,190.0
2025-08-17,SKU-0033,153.6,190.0
2025-08-24,SKU-0033,104.6,190.0
2025-08-31,SKU-0033,0.0,190.0
2025-09-07,SKU-0033,0.0,190.0
2025-09-14,SKU-0033,234.6,190.0
2025-09-21,SKU-0033,205.6,190.0
2025-09-28,SKU-0033,172.6,190.0
2025-10-05,SKU-0033,68.6,190.0
2025-10-12,SKU-0033,24.6,190.0
2025-10-19,SKU-0033,0.0,190.0
2025-10-26,SKU-0033,0.0,190.0
2025-11-02,SKU-0033,167.6,190.0
2025-11-09,SKU-0033,77.6,190.0
2025-11-16,SKU-0033,27.6,190.0
2025-11-23,SKU-0033,0.0,190.0
2025-11-30,SKU-0033,0.0,190.0
2025-12-07,SKU-0033,0.0,190.0
2025-12-14,SKU-0033,213.6,190.0
2025-12-21,SKU-0033,166.6,190.0
2025-12-28,SKU-0033,100.6,190.0
2024-01-07,SKU-0034,506.2,259.0
2024-01-14,SKU-0034,459.2,259.0
2024-01-21,SKU-0034,409.2,259.0
2024-01-28,SKU-0034,209.2,259.0
2024-02-04,SKU-0034,141.2,259.0
2024-02-11,SKU-0034,91.2,259.0
2024-02-18,SKU-0034,25.2,259.0
2024-02-25,SKU-0034,0.0,259.0
2024-03-03,SKU-0034,0.0,259.0
2024-03-10,SKU-0034,232.2,259.0
2024-03-17,SKU-0034,179.2,259.0
2024-03-24,SKU-0034,64.2,259.0
2024-03-31,SKU-0034,3.2,259.0
2024-04-07,SKU-0034,0.0,259.0
2024-04-14,SKU-0034,0.0,259.0
2024-04-21,SKU-0034,0.0,259.0
2024-04-28,SKU-0034,0.0,259.0
2024-05-05,SKU-0034,0.0,259.0
2024-05-12,SKU-0034,279.2,259.0
2024-05-19,SKU-0034,212.2,259.0
2024-05-26,SKU-0034,168.2,259.0
2024-06-02,SKU-0034,124.2,259.0
2024-06-09,SKU-0034,67.2,259.0
2024-06-16,SKU-0034,0.0,259.0
2024-06-23,SKU-0034,0.0,259.0
2024-06-30,SKU-0034,0.0,259.0
2024-07-07,SKU-0034,0.0,259.0
2024-07-14,SKU-0034,0.0,259.0
2024-07-21,SKU-0034,0.0,259.0
2024-07-28,SKU-0034,0.0,259.0
2024-08-04,SKU-0034,248.2,259.0
2024-08-11,SKU-0034,96.2,259.0
2024-08-18,SKU-0034,35.2,259.0
2024-08-25,SKU-0034,240.4,259.0
2024-09-01,SKU-0034,195.4,259.0
2024-09-08,SKU-0034,105.4,259.0
2024-09-15,SKU-0034,37.4,259.0
2024-09-22,SKU-0034,7.4,259.0
2024-09-29,SKU-0034,0.0,259.0
2024-10-06,SKU-0034,0.0,259.0
2024-10-13,SKU-0034,0.0,259.0
2024-10-20,SKU-0034,0.0,259.0
2024-10-27,SKU-0034,251.2,259.0
2024-11-03,SKU-0034,226.2,259.0
2024-11-10,SKU-0034,109.2,259.0
2024-11-17,SKU-0034,31.2,259.0
2024-11-24,SKU-0034,0.0,259.0
2024-12-01,SKU-0034,0.0,259.0
2024-12-08,SKU-0034,278.2,259.0
2024-12-15,SKU-0034,217.2,259.0
2024-12-22,SKU-0034,37.2,259.0
2024-12-29,SKU-0034,0.0,259.0
2025-01-05,SKU-0034,0.0,259.0
2025-01-12,SKU-0034,0.0,259.0
2025-01-19,SKU-0034,0.0,259.0
2025-01-26,SKU-0034,264.2,259.0
2025-02-02,SKU-0034,193.2,259.0
2025-02-09,SKU-0034,158.2,259.0
2025-02-16,SKU-0034,106.2,259.0
2025-02-23,SKU-0034,69.2,259.0
2025-03-02,SKU-0034,42.2,259.0
2025-03-09,SKU-0034,0.0,259.0
2025-03-16,SKU-0034,0.0,259.0
2025-03-23,SKU-0034,0.0,259.0
2025-03-30,SKU-0034,0.0,259.0
2025-04-06,SKU-0034,238.2,259.0
2025-04-13,SKU-0034,31.2,259.0
2025-04-20,SKU-0034,0.0,259.0
2025-04-27,SKU-0034,0.0,259.0
2025-05-04,SKU-0034,0.0,259.0
2025-05-11,SKU-0034,0.0,259.0
2025-05-18,SKU-0034,260.2,259.0
2025-05-25,SKU-0034,101.2,259.0
2025-06-01,SKU-0034,23.2,259.0
2025-06-08,SKU-0034,0.0,259.0
2025-06-15,SKU-0034,0.0,259.0
2025-06-22,SKU-0034,0.0,259.0
2025-06-29,SKU-0034,187.2,259.0
2025-07-06,SKU-0034,81.2,259.0
2025-07-13,SKU-0034,0.0,259.0
2025-07-20,SKU-0034,0.0,259.0
2025-07-27,SKU-0034,0.0,259.0
2025-08-03,SKU-0034,0.0,259.0
2025-08-10,SKU-0034,0.0,259.0
2025-08-17,SKU-0034,0.0,259.0
2025-08-24,SKU-0034,0.0,259.0
2025-08-31,SKU-0034,0.0,259.0
2025-09-07,SKU-0034,235.2,259.0
2025-09-14,SKU-0034,154.2,259.0
2025-09-21,SKU-0034,0.0,259.0
2025-09-28,SKU-0034,0.0,259.0
2025-10-05,SKU-0034,0.0,259.0
2025-10-12,SKU-0034,0.0,259.0
2025-10-19,SKU-0034,0.0,259.0
2025-10-26,SKU-0034,0.0,259.0
2025-11-02,SKU-0034,0.0,259.0
2025-11-09,SKU-0034,256.2,259.0
2025-11-16,SKU-0034,129.2,259.0
2025-11-23,SKU-0034,52.2,259.0
2025-11-30,SKU-0034,1.2,259.0
2025-12-07,SKU-0034,0.0,259.0
2025-12-14,SKU-0034,0.0,259.0
2025-12-21,SKU-0034,0.0,259.0
2025-12-28,SKU-0034,0.0,259.0
2024-01-07,SKU-0035,182.0,90.0
2024-01-14,SKU-0035,171.0,90.0
2024-01-21,SKU-0035,151.0,90.0
2024-01-28,SKU-0035,111.0,90.0
2024-02-04,SKU-0035,83.0,90.0
2024-02-11,SKU-0035,67.0,90.0
2024-02-18,SKU-0035,33.0,90.0
2024-02-25,SKU-0035,12.0,90.0
2024-03-03,SKU-0035,0.0,90.0
2024-03-10,SKU-0035,0.0,90.0
2024-03-17,SKU-0035,0.0,90.0
2024-03-24,SKU-0035,91.0,90.0
2024-03-31,SKU-0035,63.0,90.0
2024-04-07,SKU-0035,30.0,90.0
2024-04-14,SKU-0035,4.0,90.0
2024-04-21,SKU-0035,100.0,90.0
2024-04-28,SKU-0035,68.0,90.0
2024-05-05,SKU-0035,28.0,90.0
2024-05-12,SKU-0035,134.0,90.0
2024-05-19,SKU-0035,111.0,90.0
2024-05-26,SKU-0035,87.0,90.0
2024-06-02,SKU-0035,58.0,90.0
2024-06-09,SKU-0035,15.0,90.0
2024-06-16,SKU-0035,0.0,90.0
2024-06-23,SKU-0035,85.0,90.0
2024-06-30,SKU-0035,72.0,90.0
2024-07-07,SKU-0035,53.0,90.0
2024-07-14,SKU-0035,152.0,90.0
2024-07-21,SKU-0035,128.0,90.0
2024-07-28,SKU-0035,108.0,90.0
2024-08-04,SKU-0035,86.0,90.0
2024-08-11,SKU-0035,62.0,90.0
2024-08-18,SKU-0035,38.0,90.0
2024-08-25,SKU-0035,26.0,90.0
2024-09-01,SKU-0035,131.0,90.0
2024-09-08,SKU-0035,108.0,90.0
2024-09-15,SKU-0035,72.0,90.0
2024-09-22,SKU-0035,28.0,90.0
2024-09-29,SKU-0035,0.0,90.0
2024-10-06,SKU-0035,88.0,90.0
2024-10-13,SKU-0035,67.0,90.0
2024-10-20,SKU-0035,34.0,90.0
2024-10-27,SKU-0035,113.0,90.0
2024-11-03,SKU-0035,74.0,90.0
2024-11-10,SKU-0035,51.0,90.0
2024-11-17,SKU-0035,16.0,90.0
2024-11-24,SKU-0035,0.0,90.0
2024-12-01,SKU-0035,102.0,90.0
2024-12-08,SKU-0035,82.0,90.0
2024-12-15,SKU-0035,23.0,90.0
2024-12-22,SKU-0035,10.0,90.0
2024-12-29,SKU-0035,93.0,90.0
2025-01-05,SKU-0035,72.0,90.0
2025-01-12,SKU-0035,28.0,90.0
2025-01-19,SKU-0035,117.0,90.0
2025-01-26,SKU-0035,101.0,90.0
2025-02-02,SKU-0035,61.0,90.0
2025-02-09,SKU-0035,43.0,90.0
2025-02-16,SKU-0035,0.0,90.0
2025-02-23,SKU-0035,72.0,90.0
2025-03-02,SKU-0035,48.0,90.0
2025-03-09,SKU-0035,13.0,90.0
2025-03-16,SKU-0035,0.0,90.0
2025-03-23,SKU-0035,0.0,90.0
2025-03-30,SKU-0035,80.0,90.0
2025-04-06,SKU-0035,48.0,90.0
2025-04-13,SKU-0035,10.0,90.0
2025-04-20,SKU-0035,0.0,90.0
2025-04-27,SKU-0035,71.0,90.0
2025-05-04,SKU-0035,28.0,90.0
2025-05-11,SKU-0035,2.0,90.0
2025-05-18,SKU-0035,0.0,90.0
2025-05-25,SKU-0035,0.0,90.0
2025-06-01,SKU-0035,94.0,90.0
2025-06-08,SKU-0035,69.0,90.0
2025-06-15,SKU-0035,6.0,90.0
2025-06-22,SKU-0035,0.0,90.0
2025-06-29,SKU-0035,0.0,90.0
2025-07-06,SKU-0035,0.0,90.0
2025-07-13,SKU-0035,0.0,90.0
2025-07-20,SKU-0035,98.0,90.0
2025-07-27,SKU-0035,75.0,90.0
2025-08-03,SKU-0035,51.0,90.0
2025-08-10,SKU-0035,25.0,90.0
2025-08-17,SKU-0035,2.0,90.0
2025-08-24,SKU-0035,0.0,90.0
2025-08-31,SKU-0035,82.0,90.0
2025-09-07,SKU-0035,62.0,90.0
2025-09-14,SKU-0035,40.0,90.0
2025-09-21,SKU-0035,0.0,90.0
2025-09-28,SKU-0035,84.0,90.0
2025-10-05,SKU-0035,61.0,90.0
2025-10-12,SKU-0035,15.0,90.0
2025-10-19,SKU-0035,119.0,90.0
2025-10-26,SKU-0035,94.0,90.0
2025-11-02,SKU-0035,15.0,90.0
2025-11-09,SKU-0035,4.0,90.0
2025-11-16,SKU-0035,0.0,90.0
2025-11-23,SKU-0035,0.0,90.0
2025-11-30,SKU-0035,86.0,90.0
2025-12-07,SKU-0035,62.0,90.0
2025-12-14,SKU-0035,39.0,90.0
2025-12-21,SKU-0035,25.0,90.0
2025-12-28,SKU-0035,6.0,90.0
2024-01-07,SKU-0036,156.0,76.0
2024-01-14,SKU-0036,139.0,76.0
2024-01-21,SKU-0036,118.0,76.0
2024-01-28,SKU-0036,98.0,76.0
2024-02-04,SKU-0036,76.0,76.0
2024-02-11,SKU-0036,65.0,76.0
2024-02-18,SKU-0036,47.0,76.0
2024-02-25,SKU-0036,29.0,76.0
2024-03-03,SKU-0036,111.0,76.0
2024-03-10,SKU-0036,95.0,76.0
2024-03-17,SKU-0036,85.0,76.0
2024-03-24,SKU-0036,57.0,76.0
2024-03-31,SKU-0036,28.0,76.0
2024-04-07,SKU-0036,0.0,76.0
2024-04-14,SKU-0036,0.0,76.0
2024-04-21,SKU-0036,60.0,76.0
2024-04-28,SKU-0036,31.0,76.0
2024-05-05,SKU-0036,112.0,76.0
2024-05-12,SKU-0036,83.0,76.0
2024-05-19,SKU-0036,67.0,76.0
2024-05-26,SKU-0036,41.0,76.0
2024-06-02,SKU-0036,18.0,76.0
2024-06-09,SKU-0036,1.0,76.0
2024-06-16,SKU-0036,65.0,76.0
2024-06-23,SKU-0036,29.0,76.0
2024-06-30,SKU-0036,0.0,76.0
2024-07-07,SKU-0036,0.0,76.0
2024-07-14,SKU-0036,59.0,76.0
2024-07-21,SKU-0036,36.0,76.0
2024-07-28,SKU-0036,21.0,76.0
2024-08-04,SKU-0036,3.0,76.0
2024-08-11,SKU-0036,73.0,76.0
2024-08-18,SKU-0036,46.0,76.0
2024-08-25,SKU-0036,134.0,76.0
2024-09-01,SKU-0036,94.0,76.0
2024-09-08,SKU-0036,67.0,76.0
2024-09-15,SKU-0036,22.0,76.0
2024-09-22,SKU-0036,86.0,76.0
2024-09-29,SKU-0036,64.0,76.0
2024-10-06,SKU-0036,36.0,76.0
2024-10-13,SKU-0036,15.0,76.0
2024-10-20,SKU-0036,97.0,76.0
2024-10-27,SKU-0036,73.0,76.0
2024-11-03,SKU-0036,34.0,76.0
2024-11-10,SKU-0036,0.0,76.0
2024-11-17,SKU-0036,78.0,76.0
2024-11-24,SKU-0036,36.0,76.0
2024-12-01,SKU-0036,5.0,76.0
2024-12-08,SKU-0036,79.0,76.0
2024-12-15,SKU-0036,33.0,76.0
2024-12-22,SKU-0036,6.0,76.0
2024-12-29,SKU-0036,0.0,76.0
2025-01-05,SKU-0036,83.0,76.0
2025-01-12,SKU-0036,68.0,76.0
2025-01-19,SKU-0036,40.0,76.0
2025-01-26,SKU-0036,27.0,76.0
2025-02-02,SKU-0036,116.0,76.0
2025-02-09,SKU-0036,97.0,76.0
2025-02-16,SKU-0036,76.0,76.0
2025-02-23,SKU-0036,57.0,76.0
2025-03-02,SKU-0036,46.0,76.0
2025-03-09,SKU-0036,32.0,76.0
2025-03-16,SKU-0036,107.0,76.0
2025-03-23,SKU-0036,80.0,76.0
2025-03-30,SKU-0036,65.0,76.0
2025-04-06,SKU-0036,39.0,76.0
2025-04-13,SKU-0036,14.0,76.0
2025-04-20,SKU-0036,82.0,76.0
2025-04-27,SKU-0036,64.0,76.0
2025-05-04,SKU-0036,23.0,76.0
2025-05-11,SKU-0036,1.0,76.0
2025-05-18,SKU-0036,62.0,76.0
2025-05-25,SKU-0036,130.0,76.0
2025-06-01,SKU-0036,113.0,76.0
2025-06-08,SKU-0036,91.0,76.0
2025-06-15,SKU-0036,64.0,76.0
2025-06-22,SKU-0036,28.0,76.0
2025-06-29,SKU-0036,13.0,76.0
2025-07-06,SKU-0036,95.0,76.0
2025-07-13,SKU-0036,65.0,76.0
2025-07-20,SKU-0036,36.0,76.0
2025-07-27,SKU-0036,121.0,76.0
2025-08-03,SKU-0036,103.0,76.0
2025-08-10,SKU-0036,74.0,76.0
2025-08-17,SKU-0036,57.0,76.0
2025-08-24,SKU-0036,30.0,76.0
2025-08-31,SKU-0036,0.0,76.0
2025-09-07,SKU-0036,76.0,76.0
2025-09-14,SKU-0036,66.0,76.0
2025-09-21,SKU-0036,27.0,76.0
2025-09-28,SKU-0036,91.0,76.0
2025-10-05,SKU-0036,46.0,76.0
2025-10-12,SKU-0036,9.0,76.0
2025-10-19,SKU-0036,0.0,76.0
2025-10-26,SKU-0036,0.0,76.0
2025-11-02,SKU-0036,65.0,76.0
2025-11-09,SKU-0036,19.0,76.0
2025-11-16,SKU-0036,0.0,76.0
2025-11-23,SKU-0036,72.0,76.0
2025-11-30,SKU-0036,42.0,76.0
2025-12-07,SKU-0036,89.0,76.0
2025-12-14,SKU-0036,55.0,76.0
2025-12-21,SKU-0036,26.0,76.0
2025-12-28,SKU-0036,6.0,76.0
2024-01-07,SKU-0037,248.8,124.0
2024-01-14,SKU-0037,213.8,124.0
2024-01-21,SKU-0037,176.8,124.0
2024-01-28,SKU-0037,128.8,124.0
2024-02-04,SKU-0037,86.8,124.0
2024-02-11,SKU-0037,52.8,124.0
2024-02-18,SKU-0037,16.8,124.0
2024-02-25,SKU-0037,0.0,124.0
2024-03-03,SKU-0037,0.0,124.0
2024-03-10,SKU-0037,119.8,124.0
2024-03-17,SKU-0037,81.8,124.0
2024-03-24,SKU-0037,53.8,124.0
2024-03-31,SKU-0037,170.6,124.0
2024-04-07,SKU-0037,119.6,124.0
2024-04-14,SKU-0037,92.6,124.0
2024-04-21,SKU-0037,214.4,124.0
2024-04-28,SKU-0037,180.4,124.0
2024-05-05,SKU-0037,160.4,124.0
2024-05-12,SKU-0037,121.4,124.0
2024-05-19,SKU-0037,67.4,124.0
2024-05-26,SKU-0037,36.4,124.0
2024-06-02,SKU-0037,4.4,124.0
2024-06-09,SKU-0037,0.0,124.0
2024-06-16,SKU-0037,136.8,124.0
2024-06-23,SKU-0037,106.8,124.0
2024-06-30,SKU-0037,70.8,124.0
2024-07-07,SKU-0037,22.8,124.0
2024-07-14,SKU-0037,0.0,124.0
2024-07-21,SKU-0037,0.0,124.0
2024-07-28,SKU-0037,128.8,124.0
2024-08-04,SKU-0037,86.8,124.0
2024-08-11,SKU-0037,50.8,124.0
2024-08-18,SKU-0037,19.8,124.0
2024-08-25,SKU-0037,0.0,124.0
2024-09-01,SKU-0037,0.0,124.0
2024-09-08,SKU-0037,125.8,124.0
2024-09-15,SKU-0037,21.8,124.0
2024-09-22,SKU-0037,0.0,124.0
2024-09-29,SKU-0037,0.0,124.0
2024-10-06,SKU-0037,0.0,124.0
2024-10-13,SKU-0037,115.8,124.0
2024-10-20,SKU-0037,65.8,124.0
2024-10-27,SKU-0037,14.8,124.0
2024-11-03,SKU-0037,0.0,124.0
2024-11-10,SKU-0037,113.8,124.0
2024-11-17,SKU-0037,47.8,124.0
2024-11-24,SKU-0037,0.0,124.0
2024-12-01,SKU-0037,0.0,124.0
2024-12-08,SKU-0037,0.0,124.0
2024-12-15,SKU-0037,0.0,124.0
2024-12-22,SKU-0037,89.8,124.0
2024-12-29,SKU-0037,23.8,124.0
2025-01-05,SKU-0037,0.0,124.0
2025-01-12,SKU-0037,0.0,124.0
2025-01-19,SKU-0037,0.0,124.0
2025-01-26,SKU-0037,121.8,124.0
2025-02-02,SKU-0037,79.8,124.0
2025-02-09,SKU-0037,187.6,124.0
2025-02-16,SKU-0037,132.6,124.0
2025-02-23,SKU-0037,113.6,124.0
2025-03-02,SKU-0037,66.6,124.0
2025-03-09,SKU-0037,202.4,124.0
2025-03-16,SKU-0037,184.4,124.0
2025-03-23,SKU-0037,143.4,124.0
2025-03-30,SKU-0037,109.4,124.0
2025-04-06,SKU-0037,75.4,124.0
2025-04-13,SKU-0037,50.4,124.0
2025-04-20,SKU-0037,22.4,124.0
2025-04-27,SKU-0037,0.0,124.0
2025-05-04,SKU-0037,140.8,124.0
2025-05-11,SKU-0037,102.8,124.0
2025-05-18,SKU-0037,61.8,124.0
2025-05-25,SKU-0037,24.8,124.0
2025-06-01,SKU-0037,0.0,124.0
2025-06-08,SKU-0037,0.0,124.0
2025-06-15,SKU-0037,136.8,124.0
2025-06-22,SKU-0037,107.8,124.0
2025-06-29,SKU-0037,65.8,124.0
2025-07-06,SKU-0037,12.8,124.0
2025-07-13,SKU-0037,136.6,124.0
2025-07-20,SKU-0037,103.6,124.0
2025-07-27,SKU-0037,62.6,124.0
2025-08-03,SKU-0037,39.6,124.0
2025-08-10,SKU-0037,175.4,124.0
2025-08-17,SKU-0037,139.4,124.0
2025-08-24,SKU-0037,99.4,124.0
2025-08-31,SKU-0037,63.4,124.0
2025-09-07,SKU-0037,25.4,124.0
2025-09-14,SKU-0037,0.0,124.0
2025-09-21,SKU-0037,0.0,124.0
2025-09-28,SKU-0037,119.8,124.0
2025-10-05,SKU-0037,95.8,124.0
2025-10-12,SKU-0037,65.8,124.0
2025-10-19,SKU-0037,191.6,124.0
2025-10-26,SKU-0037,120.6,124.0
2025-11-02,SKU-0037,54.6,124.0
2025-11-09,SKU-0037,0.0,124.0
2025-11-16,SKU-0037,0.0,124.0
2025-11-23,SKU-0037,0.0,124.0
2025-11-30,SKU-0037,112.8,124.0
2025-12-07,SKU-0037,78.8,124.0
2025-12-14,SKU-0037,170.6,124.0
2025-12-21,SKU-0037,107.6,124.0
2025-12-28,SKU-0037,46.6,124.0
2024-01-07,SKU-0038,145.8,73.0
2024-01-14,SKU-0038,122.8,73.0
2024-01-21,SKU-0038,100.8,73.0
2024-01-28,SKU-0038,78.8,73.0
2024-02-04,SKU-0038,51.8,73.0
2024-02-11,SKU-0038,35.8,73.0
2024-02-18,SKU-0038,117.6,73.0
2024-02-25,SKU-0038,97.6,73.0
2024-03-03,SKU-0038,68.6,73.0
2024-03-10,SKU-0038,45.6,73.0
2024-03-17,SKU-0038,25.6,73.0
2024-03-24,SKU-0038,0.0,73.0
2024-03-31,SKU-0038,74.8,73.0
2024-04-07,SKU-0038,60.8,73.0
2024-04-14,SKU-0038,42.8,73.0
2024-04-21,SKU-0038,29.8,73.0
2024-04-28,SKU-0038,7.8,73.0
2024-05-05,SKU-0038,83.6,73.0
2024-05-12,SKU-0038,57.6,73.0
2024-05-19,SKU-0038,17.6,73.0
2024-05-26,SKU-0038,0.0,73.0
2024-06-02,SKU-0038,72.8,73.0
2024-06-09,SKU-0038,50.8,73.0
2024-06-16,SKU-0038,38.8,73.0
2024-06-23,SKU-0038,18.8,73.0
2024-06-30,SKU-0038,0.0,73.0
2024-07-07,SKU-0038,71.8,73.0
2024-07-14,SKU-0038,52.8,73.0
2024-07-21,SKU-0038,35.8,73.0
2024-07-28,SKU-0038,8.8,73.0
2024-08-04,SKU-0038,81.6,73.0
2024-08-11,SKU-0038,62.6,73.0
2024-08-18,SKU-0038,42.6,73.0
2024-08-25,SKU-0038,20.6,73.0
2024-09-01,SKU-0038,0.0,73.0
2024-09-08,SKU-0038,61.8,73.0
2024-09-15,SKU-0038,43.8,73.0
2024-09-22,SKU-0038,10.8,73.0
2024-09-29,SKU-0038,0.0,73.0
2024-10-06,SKU-0038,0.0,73.0
2024-10-13,SKU-0038,0.0,73.0
2024-10-20,SKU-0038,75.8,73.0
2024-10-27,SKU-0038,42.8,73.0
2024-11-03,SKU-0038,19.8,73.0
2024-11-10,SKU-0038,0.0,73.0
2024-11-17,SKU-0038,0.0,73.0
2024-11-24,SKU-0038,0.0,73.0
2024-12-01,SKU-0038,0.0,73.0
2024-12-08,SKU-0038,60.8,73.0
2024-12-15,SKU-0038,26.8,73.0
2024-12-22,SKU-0038,0.8,73.0
2024-12-29,SKU-0038,0.0,73.0
2025-01-05,SKU-0038,0.0,73.0
2025-01-12,SKU-0038,70.8,73.0
2025-01-19,SKU-0038,50.8,73.0
2025-01-26,SKU-0038,31.8,73.0
2025-02-02,SKU-0038,11.8,73.0
2025-02-09,SKU-0038,80.6,73.0
2025-02-16,SKU-0038,64.6,73.0
2025-02-23,SKU-0038,43.6,73.0
2025-03-02,SKU-0038,10.6,73.0
2025-03-09,SKU-0038,80.4,73.0
2025-03-16,SKU-0038,46.4,73.0
2025-03-23,SKU-0038,22.4,73.0
2025-03-30,SKU-0038,0.0,73.0
2025-04-06,SKU-0038,0.0,73.0
2025-04-13,SKU-0038,69.8,73.0
2025-04-20,SKU-0038,44.8,73.0
2025-04-27,SKU-0038,24.8,73.0
2025-05-04,SKU-0038,8.8,73.0
2025-05-11,SKU-0038,71.6,73.0
2025-05-18,SKU-0038,50.6,73.0
2025-05-25,SKU-0038,30.6,73.0
2025-06-01,SKU-0038,0.6,73.0
2025-06-08,SKU-0038,0.0,73.0
2025-06-15,SKU-0038,0.0,73.0
2025-06-22,SKU-0038,75.8,73.0
2025-06-29,SKU-0038,51.8,73.0
2025-07-06,SKU-0038,26.8,73.0
2025-07-13,SKU-0038,0.0,73.0
2025-07-20,SKU-0038,66.8,73.0
2025-07-27,SKU-0038,43.8,73.0
2025-08-03,SKU-0038,16.8,73.0
2025-08-10,SKU-0038,0.0,73.0
2025-08-17,SKU-0038,75.8,73.0
2025-08-24,SKU-0038,48.8,73.0
2025-08-31,SKU-0038,21.8,73.0
2025-09-07,SKU-0038,0.0,73.0
2025-09-14,SKU-0038,0.0,73.0
2025-09-21,SKU-0038,0.0,73.0
2025-09-28,SKU-0038,67.8,73.0
2025-10-05,SKU-0038,42.8,73.0
2025-10-12,SKU-0038,2.8,73.0
2025-10-19,SKU-0038,0.0,73.0
2025-10-26,SKU-0038,0.0,73.0
2025-11-02,SKU-0038,69.8,73.0
2025-11-09,SKU-0038,36.8,73.0
2025-11-16,SKU-0038,5.8,73.0
2025-11-23,SKU-0038,0.0,73.0
2025-11-30,SKU-0038,0.0,73.0
2025-12-07,SKU-0038,0.0,73.0
2025-12-14,SKU-0038,52.8,73.0
2025-12-21,SKU-0038,8.8,73.0
2025-12-28,SKU-0038,0.0,73.0
2024-01-07,SKU-0039,156.4,78.0
2024-01-14,SKU-0039,140.4,78.0
2024-01-21,SKU-0039,127.4,78.0
2024-01-28,SKU-0039,93.4,78.0
2024-02-04,SKU-0039,66.4,78.0
2024-02-11,SKU-0039,47.4,78.0
2024-02-18,SKU-0039,29.4,78.0
2024-02-25,SKU-0039,0.0,78.0
2024-03-03,SKU-0039,78.4,78.0
2024-03-10,SKU-0039,58.4,78.0
2024-03-17,SKU-0039,33.4,78.0
2024-03-24,SKU-0039,10.4,78.0
2024-03-31,SKU-0039,0.0,78.0
2024-04-07,SKU-0039,0.0,78.0
2024-04-14,SKU-0039,0.0,78.0
2024-04-21,SKU-0039,0.0,78.0
2024-04-28,SKU-0039,88.4,78.0
2024-05-05,SKU-0039,40.4,78.0
2024-05-12,SKU-0039,1.4,78.0
2024-05-19,SKU-0039,0.0,78.0
2024-05-26,SKU-0039,0.0,78.0
2024-06-02,SKU-0039,0.0,78.0
2024-06-09,SKU-0039,89.4,78.0
2024-06-16,SKU-0039,64.4,78.0
2024-06-23,SKU-0039,36.4,78.0
2024-06-30,SKU-0039,12.4,78.0
2024-07-07,SKU-0039,87.8,78.0
2024-07-14,SKU-0039,68.8,78.0
2024-07-21,SKU-0039,41.8,78.0
2024-07-28,SKU-0039,27.8,78.0
2024-08-04,SKU-0039,107.2,78.0
2024-08-11,SKU-0039,87.2,78.0
2024-08-18,SKU-0039,71.2,78.0
2024-08-25,SKU-0039,49.2,78.0
2024-09-01,SKU-0039,23.2,78.0
2024-09-08,SKU-0039,2.2,78.0
2024-09-15,SKU-0039,70.6,78.0
2024-09-22,SKU-0039,50.6,78.0
2024-09-29,SKU-0039,14.6,78.0
2024-10-06,SKU-0039,0.0,78.0
2024-10-13,SKU-0039,82.4,78.0
2024-10-20,SKU-0039,35.4,78.0
2024-10-27,SKU-0039,18.4,78.0
2024-11-03,SKU-0039,0.0,78.0
2024-11-10,SKU-0039,0.0,78.0
2024-11-17,SKU-0039,0.0,78.0
2024-11-24,SKU-0039,85.4,78.0
2024-12-01,SKU-0039,64.4,78.0
2024-12-08,SKU-0039,41.4,78.0
2024-12-15,SKU-0039,9.4,78.0
2024-12-22,SKU-0039,80.8,78.0
2024-12-29,SKU-0039,48.8,78.0
2025-01-05,SKU-0039,28.8,78.0
2025-01-12,SKU-0039,11.8,78.0
2025-01-19,SKU-0039,0.0,78.0
2025-01-26,SKU-0039,85.4,78.0
2025-02-02,SKU-0039,60.4,78.0
2025-02-09,SKU-0039,30.4,78.0
2025-02-16,SKU-0039,13.4,78.0
2025-02-23,SKU-0039,86.8,78.0
2025-03-02,SKU-0039,72.8,78.0
2025-03-09,SKU-0039,42.8,78.0
2025-03-16,SKU-0039,27.8,78.0
2025-03-23,SKU-0039,2.8,78.0
2025-03-30,SKU-0039,0.0,78.0
2025-04-06,SKU-0039,87.4,78.0
2025-04-13,SKU-0039,67.4,78.0
2025-04-20,SKU-0039,27.4,78.0
2025-04-27,SKU-0039,112.8,78.0
2025-05-04,SKU-0039,81.8,78.0
2025-05-11,SKU-0039,55.8,78.0
2025-05-18,SKU-0039,28.8,78.0
2025-05-25,SKU-0039,1.8,78.0
2025-06-01,SKU-0039,0.0,78.0
2025-06-08,SKU-0039,0.0,78.0
2025-06-15,SKU-0039,79.4,78.0
2025-06-22,SKU-0039,51.4,78.0
2025-06-29,SKU-0039,31.4,78.0
2025-07-06,SKU-0039,3.4,78.0
2025-07-13,SKU-0039,90.8,78.0
2025-07-20,SKU-0039,58.8,78.0
2025-07-27,SKU-0039,39.8,78.0
2025-08-03,SKU-0039,16.8,78.0
2025-08-10,SKU-0039,0.0,78.0
2025-08-17,SKU-0039,67.4,78.0
2025-08-24,SKU-0039,46.4,78.0
2025-08-31,SKU-0039,26.4,78.0
2025-09-07,SKU-0039,0.0,78.0
2025-09-14,SKU-0039,0.0,78.0
2025-09-21,SKU-0039,62.4,78.0
2025-09-28,SKU-0039,21.4,78.0
2025-10-05,SKU-0039,2.4,78.0
2025-10-12,SKU-0039,0.0,78.0
2025-10-19,SKU-0039,0.0,78.0
2025-10-26,SKU-0039,72.4,78.0
2025-11-02,SKU-0039,58.4,78.0
2025-11-09,SKU-0039,30.4,78.0
2025-11-16,SKU-0039,0.0,78.0
2025-11-23,SKU-0039,0.0,78.0
2025-11-30,SKU-0039,0.0,78.0
2025-12-07,SKU-0039,0.0,78.0
2025-12-14,SKU-0039,0.0,78.0
2025-12-21,SKU-0039,75.4,78.0
2025-12-28,SKU-0039,51.4,78.0
2024-01-07,SKU-0040,208.0,100.0
2024-01-14,SKU-0040,186.0,100.0
2024-01-21,SKU-0040,159.0,100.0
2024-01-28,SKU-0040,129.0,100.0
2024-02-04,SKU-0040,74.0,100.0
2024-02-11,SKU-0040,190.0,100.0
2024-02-18,SKU-0040,137.0,100.0
2024-02-25,SKU-0040,114.0,100.0
2024-03-03,SKU-0040,95.0,100.0
2024-03-10,SKU-0040,80.0,100.0
2024-03-17,SKU-0040,173.0,100.0
2024-03-24,SKU-0040,158.0,100.0
2024-03-31,SKU-0040,117.0,100.0
2024-04-07,SKU-0040,83.0,100.0
2024-04-14,SKU-0040,60.0,100.0
2024-04-21,SKU-0040,38.0,100.0
2024-04-28,SKU-0040,2.0,100.0
2024-05-05,SKU-0040,0.0,100.0
2024-05-12,SKU-0040,92.0,100.0
2024-05-19,SKU-0040,61.0,100.0
2024-05-26,SKU-0040,170.0,100.0
2024-06-02,SKU-0040,131.0,100.0
2024-06-09,SKU-0040,112.0,100.0
2024-06-16,SKU-0040,67.0,100.0
2024-06-23,SKU-0040,35.0,100.0
2024-06-30,SKU-0040,16.0,100.0
2024-07-07,SKU-0040,0.0,100.0
2024-07-14,SKU-0040,0.0,100.0
2024-07-21,SKU-0040,120.0,100.0
2024-07-28,SKU-0040,65.0,100.0
2024-08-04,SKU-0040,18.0,100.0
2024-08-11,SKU-0040,0.0,100.0
2024-08-18,SKU-0040,104.0,100.0
2024-08-25,SKU-0040,39.0,100.0
2024-09-01,SKU-0040,1.0,100.0
2024-09-08,SKU-0040,0.0,100.0
2024-09-15,SKU-0040,0.0,100.0
2024-09-22,SKU-0040,0.0,100.0
2024-09-29,SKU-0040,81.0,100.0
2024-10-06,SKU-0040,176.0,100.0
2024-10-13,SKU-0040,156.0,100.0
2024-10-20,SKU-0040,110.0,100.0
2024-10-27,SKU-0040,81.0,100.0
2024-11-03,SKU-0040,50.0,100.0
2024-11-10,SKU-0040,17.0,100.0
2024-11-17,SKU-0040,0.0,100.0
2024-11-24,SKU-0040,0.0,100.0
2024-12-01,SKU-0040,108.0,100.0
2024-12-08,SKU-0040,75.0,100.0
2024-12-15,SKU-0040,6.0,100.0
2024-12-22,SKU-0040,0.0,100.0
2024-12-29,SKU-0040,0.0,100.0
2025-01-05,SKU-0040,0.0,100.0
2025-01-12,SKU-0040,91.0,100.0
2025-01-19,SKU-0040,77.0,100.0
2025-01-26,SKU-0040,153.0,100.0
2025-02-02,SKU-0040,139.0,100.0
2025-02-09,SKU-0040,104.0,100.0
2025-02-16,SKU-0040,88.0,100.0
2025-02-23,SKU-0040,76.0,100.0
2025-03-02,SKU-0040,36.0,100.0
2025-03-09,SKU-0040,2.0,100.0
2025-03-16,SKU-0040,0.0,100.0
2025-03-23,SKU-0040,0.0,100.0
2025-03-30,SKU-0040,107.0,100.0
2025-04-06,SKU-0040,81.0,100.0
2025-04-13,SKU-0040,62.0,100.0
2025-04-20,SKU-0040,24.0,100.0
2025-04-27,SKU-0040,0.0,100.0
2025-05-04,SKU-0040,0.0,100.0
2025-05-11,SKU-0040,0.0,100.0
2025-05-18,SKU-0040,0.0,100.0
2025-05-25,SKU-0040,0.0,100.0
2025-06-01,SKU-0040,107.0,100.0
2025-06-08,SKU-0040,87.0,100.0
2025-06-15,SKU-0040,33.0,100.0
2025-06-22,SKU-0040,12.0,100.0
2025-06-29,SKU-0040,0.0,100.0
2025-07-06,SKU-0040,103.0,100.0
2025-07-13,SKU-0040,60.0,100.0
2025-07-20,SKU-0040,23.0,100.0
2025-07-27,SKU-0040,126.0,100.0
2025-08-03,SKU-0040,46.0,100.0
2025-08-10,SKU-0040,15.0,100.0
2025-08-17,SKU-0040,0.0,100.0
2025-08-24,SKU-0040,32.0,100.0
2025-08-31,SKU-0040,11.0,100.0
2025-09-07,SKU-0040,0.0,100.0
2025-09-14,SKU-0040,95.0,100.0
2025-09-21,SKU-0040,77.0,100.0
2025-09-28,SKU-0040,53.0,100.0
2025-10-05,SKU-0040,4.0,100.0
2025-10-12,SKU-0040,0.0,100.0
2025-10-19,SKU-0040,102.0,100.0
2025-10-26,SKU-0040,51.0,100.0
2025-11-02,SKU-0040,14.0,100.0
2025-11-09,SKU-0040,0.0,100.0
2025-11-16,SKU-0040,0.0,100.0
2025-11-23,SKU-0040,0.0,100.0
2025-11-30,SKU-0040,0.0,100.0
2025-12-07,SKU-0040,100.0,100.0
2025-12-14,SKU-0040,49.0,100.0
2025-12-21,SKU-0040,9.0,100.0
2025-12-28,SKU-0040,52.0,100.0
2024-01-07,SKU-0041,179.6,90.0
2024-01-14,SKU-0041,152.6,90.0
2024-01-21,SKU-0041,96.6,90.0
2024-01-28,SKU-0041,72.6,90.0
2024-02-04,SKU-0041,174.2,90.0
2024-02-11,SKU-0041,149.2,90.0
2024-02-18,SKU-0041,133.2,90.0
2024-02-25,SKU-0041,104.2,90.0
2024-03-03,SKU-0041,62.2,90.0
2024-03-10,SKU-0041,30.2,90.0
2024-03-17,SKU-0041,127.8,90.0
2024-03-24,SKU-0041,103.8,90.0
2024-03-31,SKU-0041,72.8,90.0
2024-04-07,SKU-0041,30.8,90.0
2024-04-14,SKU-0041,7.8,90.0
2024-04-21,SKU-0041,0.0,90.0
2024-04-28,SKU-0041,79.6,90.0
2024-05-05,SKU-0041,169.2,90.0
2024-05-12,SKU-0041,137.2,90.0
2024-05-19,SKU-0041,104.2,90.0
2024-05-26,SKU-0041,83.2,90.0
2024-06-02,SKU-0041,56.2,90.0
2024-06-09,SKU-0041,14.2,90.0
2024-06-16,SKU-0041,0.0,90.0
2024-06-23,SKU-0041,0.0,90.0
2024-06-30,SKU-0041,87.6,90.0
2024-07-07,SKU-0041,55.6,90.0
2024-07-14,SKU-0041,0.0,90.0
2024-07-21,SKU-0041,0.0,90.0
2024-07-28,SKU-0041,0.0,90.0
2024-08-04,SKU-0041,58.6,90.0
2024-08-11,SKU-0041,29.6,90.0
2024-08-18,SKU-0041,0.0,90.0
2024-08-25,SKU-0041,0.0,90.0
2024-09-01,SKU-0041,0.0,90.0
2024-09-08,SKU-0041,78.6,90.0
2024-09-15,SKU-0041,38.6,90.0
2024-09-22,SKU-0041,131.2,90.0
2024-09-29,SKU-0041,97.2,90.0
2024-10-06,SKU-0041,66.2,90.0
2024-10-13,SKU-0041,142.8,90.0
2024-10-20,SKU-0041,111.8,90.0
2024-10-27,SKU-0041,69.8,90.0
2024-11-03,SKU-0041,46.8,90.0
2024-11-10,SKU-0041,13.8,90.0
2024-11-17,SKU-0041,120.4,90.0
2024-11-24,SKU-0041,84.4,90.0
2024-12-01,SKU-0041,36.4,90.0
2024-12-08,SKU-0041,123.0,90.0
2024-12-15,SKU-0041,38.0,90.0
2024-12-22,SKU-0041,132.6,90.0
2024-12-29,SKU-0041,100.6,90.0
2025-01-05,SKU-0041,82.6,90.0
2025-01-12,SKU-0041,62.6,90.0
2025-01-19,SKU-0041,161.2,90.0
2025-01-26,SKU-0041,147.2,90.0
2025-02-02,SKU-0041,130.2,90.0
2025-02-09,SKU-0041,80.2,90.0
2025-02-16,SKU-0041,177.8,90.0
2025-02-23,SKU-0041,144.8,90.0
2025-03-02,SKU-0041,128.8,90.0
2025-03-09,SKU-0041,103.8,90.0
2025-03-16,SKU-0041,72.8,90.0
2025-03-23,SKU-0041,48.8,90.0
2025-03-30,SKU-0041,27.8,90.0
2025-04-06,SKU-0041,2.8,90.0
2025-04-13,SKU-0041,0.0,90.0
2025-04-20,SKU-0041,0.0,90.0
2025-04-27,SKU-0041,0.0,90.0
2025-05-04,SKU-0041,102.6,90.0
2025-05-11,SKU-0041,89.6,90.0
2025-05-18,SKU-0041,63.6,90.0
2025-05-25,SKU-0041,35.6,90.0
2025-06-01,SKU-0041,0.0,90.0
2025-06-08,SKU-0041,0.0,90.0
2025-06-15,SKU-0041,97.6,90.0
2025-06-22,SKU-0041,36.6,90.0
2025-06-29,SKU-0041,5.6,90.0
2025-07-06,SKU-0041,0.0,90.0
2025-07-13,SKU-0041,0.0,90.0
2025-07-20,SKU-0041,0.0,90.0
2025-07-27,SKU-0041,88.6,90.0
2025-08-03,SKU-0041,192.2,90.0
2025-08-10,SKU-0041,166.2,90.0
2025-08-17,SKU-0041,135.2,90.0
2025-08-24,SKU-0041,108.2,90.0
2025-08-31,SKU-0041,71.2,90.0
2025-09-07,SKU-0041,24.2,90.0
2025-09-14,SKU-0041,0.0,90.0
2025-09-21,SKU-0041,0.0,90.0
2025-09-28,SKU-0041,0.0,90.0
2025-10-05,SKU-0041,0.0,90.0
2025-10-12,SKU-0041,85.6,90.0
2025-10-19,SKU-0041,42.6,90.0
2025-10-26,SKU-0041,13.6,90.0
2025-11-02,SKU-0041,110.2,90.0
2025-11-09,SKU-0041,94.2,90.0
2025-11-16,SKU-0041,54.2,90.0
2025-11-23,SKU-0041,25.2,90.0
2025-11-30,SKU-0041,0.0,90.0
2025-12-07,SKU-0041,0.0,90.0
2025-12-14,SKU-0041,0.0,90.0
2025-12-21,SKU-0041,100.6,90.0
2025-12-28,SKU-0041,61.6,90.0
2024-01-07,SKU-0042,174.2,86.0
2024-01-14,SKU-0042,154.2,86.0
2024-01-21,SKU-0042,136.2,86.0
2024-01-28,SKU-0042,125.2,86.0
2024-02-04,SKU-0042,104.2,86.0
2024-02-11,SKU-0042,88.2,86.0
2024-02-18,SKU-0042,61.2,86.0
2024-02-25,SKU-0042,27.2,86.0
2024-03-03,SKU-0042,8.2,86.0
2024-03-10,SKU-0042,0.0,86.0
2024-03-17,SKU-0042,89.2,86.0
2024-03-24,SKU-0042,56.2,86.0
2024-03-31,SKU-0042,8.2,86.0
2024-04-07,SKU-0042,0.0,86.0
2024-04-14,SKU-0042,0.0,86.0
2024-04-21,SKU-0042,79.2,86.0
2024-04-28,SKU-0042,58.2,86.0
2024-05-05,SKU-0042,32.2,86.0
2024-05-12,SKU-0042,2.2,86.0
2024-05-19,SKU-0042,72.4,86.0
2024-05-26,SKU-0042,25.4,86.0
2024-06-02,SKU-0042,0.0,86.0
2024-06-09,SKU-0042,0.0,86.0
2024-06-16,SKU-0042,89.2,86.0
2024-06-23,SKU-0042,77.2,86.0
2024-06-30,SKU-0042,56.2,86.0
2024-07-07,SKU-0042,44.2,86.0
2024-07-14,SKU-0042,0.2,86.0
2024-07-21,SKU-0042,78.4,86.0
2024-07-28,SKU-0042,62.4,86.0
2024-08-04,SKU-0042,31.4,86.0
2024-08-11,SKU-0042,0.0,86.0
2024-08-18,SKU-0042,56.2,86.0
2024-08-25,SKU-0042,17.2,86.0
2024-09-01,SKU-0042,0.0,86.0
2024-09-08,SKU-0042,0.0,86.0
2024-09-15,SKU-0042,79.2,86.0
2024-09-22,SKU-0042,48.2,86.0
2024-09-29,SKU-0042,26.2,86.0
2024-10-06,SKU-0042,9.2,86.0
2024-10-13,SKU-0042,77.4,86.0
2024-10-20,SKU-0042,56.4,86.0
2024-10-27,SKU-0042,30.4,86.0
2024-11-03,SKU-0042,0.0,86.0
2024-11-10,SKU-0042,81.2,86.0
2024-11-17,SKU-0042,22.2,86.0
2024-11-24,SKU-0042,1.2,86.0
2024-12-01,SKU-0042,0.0,86.0
2024-12-08,SKU-0042,97.2,86.0
2024-12-15,SKU-0042,80.2,86.0
2024-12-22,SKU-0042,59.2,86.0
2024-12-29,SKU-0042,24.2,86.0
2025-01-05,SKU-0042,7.2,86.0
2025-01-12,SKU-0042,110.4,86.0
2025-01-19,SKU-0042,71.4,86.0
2025-01-26,SKU-0042,56.4,86.0
2025-02-02,SKU-0042,35.4,86.0
2025-02-09,SKU-0042,10.4,86.0
2025-02-16,SKU-0042,107.6,86.0
2025-02-23,SKU-0042,81.6,86.0
2025-03-02,SKU-0042,49.6,86.0
2025-03-09,SKU-0042,26.6,86.0
2025-03-16,SKU-0042,0.0,86.0
2025-03-23,SKU-0042,97.2,86.0
2025-03-30,SKU-0042,82.2,86.0
2025-04-06,SKU-0042,54.2,86.0
2025-04-13,SKU-0042,38.2,86.0
2025-04-20,SKU-0042,8.2,86.0
2025-04-27,SKU-0042,99.4,86.0
2025-05-04,SKU-0042,78.4,86.0
2025-05-11,SKU-0042,44.4,86.0
2025-05-18,SKU-0042,11.4,86.0
2025-05-25,SKU-0042,4.4,86.0
2025-06-01,SKU-0042,0.0,86.0
2025-06-08,SKU-0042,87.2,86.0
2025-06-15,SKU-0042,54.2,86.0
2025-06-22,SKU-0042,33.2,86.0
2025-06-29,SKU-0042,17.2,86.0
2025-07-06,SKU-0042,0.0,86.0
2025-07-13,SKU-0042,80.2,86.0
2025-07-20,SKU-0042,70.2,86.0
2025-07-27,SKU-0042,57.2,86.0
2025-08-03,SKU-0042,36.2,86.0
2025-08-10,SKU-0042,143.4,86.0
2025-08-17,SKU-0042,123.4,86.0
2025-08-24,SKU-0042,84.4,86.0
2025-08-31,SKU-0042,67.4,86.0
2025-09-07,SKU-0042,38.4,86.0
2025-09-14,SKU-0042,20.4,86.0
2025-09-21,SKU-0042,102.6,86.0
2025-09-28,SKU-0042,65.6,86.0
2025-10-05,SKU-0042,13.6,86.0
2025-10-12,SKU-0042,0.0,86.0
2025-10-19,SKU-0042,0.0,86.0
2025-10-26,SKU-0042,80.2,86.0
2025-11-02,SKU-0042,52.2,86.0
2025-11-09,SKU-0042,0.0,86.0
2025-11-16,SKU-0042,0.0,86.0
2025-11-23,SKU-0042,77.2,86.0
2025-11-30,SKU-0042,0.0,86.0
2025-12-07,SKU-0042,0.0,86.0
2025-12-14,SKU-0042,0.0,86.0
2025-12-21,SKU-0042,77.2,86.0
2025-12-28,SKU-0042,51.2,86.0
2024-01-07,SKU-0043,1015.0,480.0
2024-01-14,SKU-0043,971.0,480.0
2024-01-21,SKU-0043,839.0,480.0
2024-01-28,SKU-0043,796.0,480.0
2024-02-04,SKU-0043,656.0,480.0
2024-02-11,SKU-0043,515.0,480.0
2024-02-18,SKU-0043,325.0,480.0
2024-02-25,SKU-0043,0.0,480.0
2024-03-03,SKU-0043,0.0,480.0
2024-03-10,SKU-0043,0.0,480.0
2024-03-17,SKU-0043,577.0,480.0
2024-03-24,SKU-0043,493.0,480.0
2024-03-31,SKU-0043,283.0,480.0
2024-04-07,SKU-0043,181.0,480.0
2024-04-14,SKU-0043,734.0,480.0
2024-04-21,SKU-0043,672.0,480.0
2024-04-28,SKU-0043,587.0,480.0
2024-05-05,SKU-0043,489.0,480.0
2024-05-12,SKU-0043,367.0,480.0
2024-05-19,SKU-0043,315.0,480.0
2024-05-26,SKU-0043,831.0,480.0
2024-06-02,SKU-0043,640.0,480.0
2024-06-09,SKU-0043,474.0,480.0
2024-06-16,SKU-0043,414.0,480.0
2024-06-23,SKU-0043,190.0,480.0
2024-06-30,SKU-0043,0.0,480.0
2024-07-07,SKU-0043,482.0,480.0
2024-07-14,SKU-0043,422.0,480.0
2024-07-21,SKU-0043,371.0,480.0
2024-07-28,SKU-0043,237.0,480.0
2024-08-04,SKU-0043,167.0,480.0
2024-08-11,SKU-0043,750.0,480.0
2024-08-18,SKU-0043,513.0,480.0
2024-08-25,SKU-0043,273.0,480.0
2024-09-01,SKU-0043,67.0,480.0
2024-09-08,SKU-0043,0.0,480.0
2024-09-15,SKU-0043,397.0,480.0
2024-09-22,SKU-0043,332.0,480.0
2024-09-29,SKU-0043,48.0,480.0
2024-10-06,SKU-0043,0.0,480.0
2024-10-13,SKU-0043,447.0,480.0
2024-10-20,SKU-0043,50.0,480.0
2024-10-27,SKU-0043,0.0,480.0
2024-11-03,SKU-0043,0.0,480.0
2024-11-10,SKU-0043,458.0,480.0
2024-11-17,SKU-0043,320.0,480.0
2024-11-24,SKU-0043,208.0,480.0
2024-12-01,SKU-0043,55.0,480.0
2024-12-08,SKU-0043,638.0,480.0
2024-12-15,SKU-0043,478.0,480.0
2024-12-22,SKU-0043,324.0,480.0
2024-12-29,SKU-0043,205.0,480.0
2025-01-05,SKU-0043,817.0,480.0
2025-01-12,SKU-0043,788.0,480.0
2025-01-19,SKU-0043,608.0,480.0
2025-01-26,SKU-0043,546.0,480.0
2025-02-02,SKU-0043,280.0,480.0
2025-02-09,SKU-0043,210.0,480.0
2025-02-16,SKU-0043,71.0,480.0
2025-02-23,SKU-0043,27.0,480.0
2025-03-02,SKU-0043,0.0,480.0
2025-03-09,SKU-0043,536.0,480.0
2025-03-16,SKU-0043,362.0,480.0
2025-03-23,SKU-0043,11.0,480.0
2025-03-30,SKU-0043,0.0,480.0
2025-04-06,SKU-0043,0.0,480.0
2025-04-13,SKU-0043,0.0,480.0
2025-04-20,SKU-0043,526.0,480.0
2025-04-27,SKU-0043,442.0,480.0
2025-05-04,SKU-0043,252.0,480.0
2025-05-11,SKU-0043,0.0,480.0
2025-05-18,SKU-0043,0.0,480.0
2025-05-25,SKU-0043,0.0,480.0
2025-06-01,SKU-0043,315.0,480.0
2025-06-08,SKU-0043,248.0,480.0
2025-06-15,SKU-0043,0.0,480.0
2025-06-22,SKU-0043,0.0,480.0
2025-06-29,SKU-0043,479.0,480.0
2025-07-06,SKU-0043,90.0,480.0
2025-07-13,SKU-0043,577.0,480.0
2025-07-20,SKU-0043,304.0,480.0
2025-07-27,SKU-0043,106.0,480.0
2025-08-03,SKU-0043,29.0,480.0
2025-08-10,SKU-0043,0.0,480.0
2025-08-17,SKU-0043,519.0,480.0
2025-08-24,SKU-0043,421.0,480.0
2025-08-31,SKU-0043,357.0,480.0
2025-09-07,SKU-0043,274.0,480.0
2025-09-14,SKU-0043,212.0,480.0
2025-09-21,SKU-0043,569.0,480.0
2025-09-28,SKU-0043,530.0,480.0
2025-10-05,SKU-0043,376.0,480.0
2025-10-12,SKU-0043,277.0,480.0
2025-10-19,SKU-0043,211.0,480.0
2025-10-26,SKU-0043,619.0,480.0
2025-11-02,SKU-0043,513.0,480.0
2025-11-09,SKU-0043,132.0,480.0
2025-11-16,SKU-0043,0.0,480.0
2025-11-23,SKU-0043,422.0,480.0
2025-11-30,SKU-0043,260.0,480.0
2025-12-07,SKU-0043,7.0,480.0
2025-12-14,SKU-0043,0.0,480.0
2025-12-21,SKU-0043,515.0,480.0
2025-12-28,SKU-0043,349.0,480.0
2024-01-07,SKU-0044,151.2,85.0
2024-01-14,SKU-0044,133.2,85.0
2024-01-21,SKU-0044,85.2,85.0
2024-01-28,SKU-0044,65.2,85.0
2024-02-04,SKU-0044,47.2,85.0
2024-02-11,SKU-0044,149.4,85.0
2024-02-18,SKU-0044,133.4,85.0
2024-02-25,SKU-0044,122.4,85.0
2024-03-03,SKU-0044,103.4,85.0
2024-03-10,SKU-0044,71.4,85.0
2024-03-17,SKU-0044,48.4,85.0
2024-03-24,SKU-0044,29.4,85.0
2024-03-31,SKU-0044,126.6,85.0
2024-04-07,SKU-0044,107.6,85.0
2024-04-14,SKU-0044,93.6,85.0
2024-04-21,SKU-0044,78.6,85.0
2024-04-28,SKU-0044,22.6,85.0
2024-05-05,SKU-0044,106.8,85.0
2024-05-12,SKU-0044,88.8,85.0
2024-05-19,SKU-0044,54.8,85.0
2024-05-26,SKU-0044,6.8,85.0
2024-06-02,SKU-0044,0.0,85.0
2024-06-09,SKU-0044,0.0,85.0
2024-06-16,SKU-0044,0.0,85.0
2024-06-23,SKU-0044,99.2,85.0
2024-06-30,SKU-0044,53.2,85.0
2024-07-07,SKU-0044,0.0,85.0
2024-07-14,SKU-0044,0.0,85.0
2024-07-21,SKU-0044,0.0,85.0
2024-07-28,SKU-0044,67.2,85.0
2024-08-04,SKU-0044,26.2,85.0
2024-08-11,SKU-0044,0.0,85.0
2024-08-18,SKU-0044,0.0,85.0
2024-08-25,SKU-0044,0.0,85.0
2024-09-01,SKU-0044,0.0,85.0
2024-09-08,SKU-0044,0.0,85.0
2024-09-15,SKU-0044,89.2,85.0
2024-09-22,SKU-0044,56.2,85.0
2024-09-29,SKU-0044,31.2,85.0
2024-10-06,SKU-0044,109.4,85.0
2024-10-13,SKU-0044,78.4,85.0
2024-10-20,SKU-0044,65.4,85.0
2024-10-27,SKU-0044,35.4,85.0
2024-11-03,SKU-0044,15.4,85.0
2024-11-10,SKU-0044,0.0,85.0
2024-11-17,SKU-0044,0.0,85.0
2024-11-24,SKU-0044,64.2,85.0
2024-12-01,SKU-0044,35.2,85.0
2024-12-08,SKU-0044,6.2,85.0
2024-12-15,SKU-0044,0.0,85.0
2024-12-22,SKU-0044,69.2,85.0
2024-12-29,SKU-0044,38.2,85.0
2025-01-05,SKU-0044,28.2,85.0
2025-01-12,SKU-0044,0.0,85.0
2025-01-19,SKU-0044,92.2,85.0
2025-01-26,SKU-0044,72.2,85.0
2025-02-02,SKU-0044,42.2,85.0
2025-02-09,SKU-0044,138.4,85.0
2025-02-16,SKU-0044,117.4,85.0
2025-02-23,SKU-0044,85.4,85.0
2025-03-02,SKU-0044,55.4,85.0
2025-03-09,SKU-0044,36.4,85.0
2025-03-16,SKU-0044,0.0,85.0
2025-03-23,SKU-0044,0.0,85.0
2025-03-30,SKU-0044,62.2,85.0
2025-04-06,SKU-0044,37.2,85.0
2025-04-13,SKU-0044,9.2,85.0
2025-04-20,SKU-0044,83.4,85.0
2025-04-27,SKU-0044,53.4,85.0
2025-05-04,SKU-0044,25.4,85.0
2025-05-11,SKU-0044,0.4,85.0
2025-05-18,SKU-0044,90.6,85.0
2025-05-25,SKU-0044,70.6,85.0
2025-06-01,SKU-0044,50.6,85.0
2025-06-08,SKU-0044,19.6,85.0
2025-06-15,SKU-0044,0.0,85.0
2025-06-22,SKU-0044,98.2,85.0
2025-06-29,SKU-0044,71.2,85.0
2025-07-06,SKU-0044,20.2,85.0
2025-07-13,SKU-0044,0.0,85.0
2025-07-20,SKU-0044,0.0,85.0
2025-07-27,SKU-0044,0.0,85.0
2025-08-03,SKU-0044,76.2,85.0
2025-08-10,SKU-0044,48.2,85.0
2025-08-17,SKU-0044,20.2,85.0
2025-08-24,SKU-0044,0.0,85.0
2025-08-31,SKU-0044,0.0,85.0
2025-09-07,SKU-0044,95.2,85.0
2025-09-14,SKU-0044,51.2,85.0
2025-09-21,SKU-0044,33.2,85.0
2025-09-28,SKU-0044,7.2,85.0
2025-10-05,SKU-0044,0.0,85.0
2025-10-12,SKU-0044,68.2,85.0
2025-10-19,SKU-0044,39.2,85.0
2025-10-26,SKU-0044,10.2,85.0
2025-11-02,SKU-0044,95.4,85.0
2025-11-09,SKU-0044,66.4,85.0
2025-11-16,SKU-0044,34.4,85.0
2025-11-23,SKU-0044,0.0,85.0
2025-11-30,SKU-0044,0.0,85.0
2025-12-07,SKU-0044,0.0,85.0
2025-12-14,SKU-0044,0.0,85.0
2025-12-21,SKU-0044,74.2,85.0
2025-12-28,SKU-0044,44.2,85.0
2024-01-07,SKU-0045,150.6,75.0
2024-01-14,SKU-0045,128.6,75.0
2024-01-21,SKU-0045,106.6,75.0
2024-01-28,SKU-0045,86.6,75.0
2024-02-04,SKU-0045,71.6,75.0
2024-02-11,SKU-0045,48.6,75.0
2024-02-18,SKU-0045,24.6,75.0
2024-02-25,SKU-0045,5.6,75.0
2024-03-03,SKU-0045,83.2,75.0
2024-03-10,SKU-0045,59.2,75.0
2024-03-17,SKU-0045,39.2,75.0
2024-03-24,SKU-0045,14.2,75.0
2024-03-31,SKU-0045,0.0,75.0
2024-04-07,SKU-0045,0.0,75.0
2024-04-14,SKU-0045,0.0,75.0
2024-04-21,SKU-0045,0.0,75.0
2024-04-28,SKU-0045,73.6,75.0
2024-05-05,SKU-0045,50.6,75.0
2024-05-12,SKU-0045,21.6,75.0
2024-05-19,SKU-0045,0.0,75.0
2024-05-26,SKU-0045,0.0,75.0
2024-06-02,SKU-0045,74.6,75.0
2024-06-09,SKU-0045,35.6,75.0
2024-06-16,SKU-0045,10.6,75.0
2024-06-23,SKU-0045,0.0,75.0
2024-06-30,SKU-0045,0.0,75.0
2024-07-07,SKU-0045,0.0,75.0
2024-07-14,SKU-0045,66.6,75.0
2024-07-21,SKU-0045,37.6,75.0
2024-07-28,SKU-0045,107.2,75.0
2024-08-04,SKU-0045,77.2,75.0
2024-08-11,SKU-0045,50.2,75.0
2024-08-18,SKU-0045,29.2,75.0
2024-08-25,SKU-0045,6.2,75.0
2024-09-01,SKU-0045,0.0,75.0
2024-09-08,SKU-0045,74.6,75.0
2024-09-15,SKU-0045,46.6,75.0
2024-09-22,SKU-0045,23.6,75.0
2024-09-29,SKU-0045,0.6,75.0
2024-10-06,SKU-0045,0.0,75.0
2024-10-13,SKU-0045,0.0,75.0
2024-10-20,SKU-0045,0.0,75.0
2024-10-27,SKU-0045,0.0,75.0
2024-11-03,SKU-0045,73.6,75.0
2024-11-10,SKU-0045,27.6,75.0
2024-11-17,SKU-0045,0.0,75.0
2024-11-24,SKU-0045,0.0,75.0
2024-12-01,SKU-0045,0.0,75.0
2024-12-08,SKU-0045,63.6,75.0
2024-12-15,SKU-0045,35.6,75.0
2024-12-22,SKU-0045,1.6,75.0
2024-12-29,SKU-0045,0.0,75.0
2025-01-05,SKU-0045,0.0,75.0
2025-01-12,SKU-0045,77.6,75.0
2025-01-19,SKU-0045,59.6,75.0
2025-01-26,SKU-0045,38.6,75.0
2025-02-02,SKU-0045,14.6,75.0
2025-02-09,SKU-0045,0.0,75.0
2025-02-16,SKU-0045,81.6,75.0
2025-02-23,SKU-0045,61.6,75.0
2025-03-02,SKU-0045,39.6,75.0
2025-03-09,SKU-0045,15.6,75.0
2025-03-16,SKU-0045,0.0,75.0
2025-03-23,SKU-0045,0.0,75.0
2025-03-30,SKU-0045,75.6,75.0
2025-04-06,SKU-0045,52.6,75.0
2025-04-13,SKU-0045,28.6,75.0
2025-04-20,SKU-0045,3.6,75.0
2025-04-27,SKU-0045,0.0,75.0
2025-05-04,SKU-0045,0.0,75.0
2025-05-11,SKU-0045,74.6,75.0
2025-05-18,SKU-0045,47.6,75.0
2025-05-25,SKU-0045,21.6,75.0
2025-06-01,SKU-0045,0.0,75.0
2025-06-08,SKU-0045,0.0,75.0
2025-06-15,SKU-0045,73.6,75.0
2025-06-22,SKU-0045,52.6,75.0
2025-06-29,SKU-0045,29.6,75.0
2025-07-06,SKU-0045,4.6,75.0
2025-07-13,SKU-0045,0.0,75.0
2025-07-20,SKU-0045,70.6,75.0
2025-07-27,SKU-0045,42.6,75.0
2025-08-03,SKU-0045,115.2,75.0
2025-08-10,SKU-0045,91.2,75.0
2025-08-17,SKU-0045,66.2,75.0
2025-08-24,SKU-0045,42.2,75.0
2025-08-31,SKU-0045,9.2,75.0
2025-09-07,SKU-0045,0.0,75.0
2025-09-14,SKU-0045,76.6,75.0
2025-09-21,SKU-0045,53.6,75.0
2025-09-28,SKU-0045,22.6,75.0
2025-10-05,SKU-0045,0.0,75.0
2025-10-12,SKU-0045,0.0,75.0
2025-10-19,SKU-0045,71.6,75.0
2025-10-26,SKU-0045,39.6,75.0
2025-11-02,SKU-0045,10.6,75.0
2025-11-09,SKU-0045,0.0,75.0
2025-11-16,SKU-0045,0.0,75.0
2025-11-23,SKU-0045,0.0,75.0
2025-11-30,SKU-0045,58.6,75.0
2025-12-07,SKU-0045,26.6,75.0
2025-12-14,SKU-0045,0.0,75.0
2025-12-21,SKU-0045,0.0,75.0
2025-12-28,SKU-0045,0.0,75.0
2024-01-07,SKU-0046,167.2,82.0
2024-01-14,SKU-0046,152.2,82.0
2024-01-21,SKU-0046,138.2,82.0
2024-01-28,SKU-0046,126.2,82.0
2024-02-04,SKU-0046,114.2,82.0
2024-02-11,SKU-0046,84.2,82.0
2024-02-18,SKU-0046,54.2,82.0
2024-02-25,SKU-0046,32.2,82.0
2024-03-03,SKU-0046,0.0,82.0
2024-03-10,SKU-0046,0.0,82.0
2024-03-17,SKU-0046,90.2,82.0
2024-03-24,SKU-0046,74.2,82.0
2024-03-31,SKU-0046,43.2,82.0
2024-04-07,SKU-0046,9.2,82.0
2024-04-14,SKU-0046,78.4,82.0
2024-04-21,SKU-0046,60.4,82.0
2024-04-28,SKU-0046,38.4,82.0
2024-05-05,SKU-0046,132.6,82.0
2024-05-12,SKU-0046,93.6,82.0
2024-05-19,SKU-0046,60.6,82.0
2024-05-26,SKU-0046,29.6,82.0
2024-06-02,SKU-0046,3.6,82.0
2024-06-09,SKU-0046,0.0,82.0
2024-06-16,SKU-0046,86.2,82.0
2024-06-23,SKU-0046,47.2,82.0
2024-06-30,SKU-0046,26.2,82.0
2024-07-07,SKU-0046,0.0,82.0
2024-07-14,SKU-0046,81.2,82.0
2024-07-21,SKU-0046,63.2,82.0
2024-07-28,SKU-0046,48.2,82.0
2024-08-04,SKU-0046,28.2,82.0
2024-08-11,SKU-0046,111.4,82.0
2024-08-18,SKU-0046,95.4,82.0
2024-08-25,SKU-0046,62.4,82.0
2024-09-01,SKU-0046,21.4,82.0
2024-09-08,SKU-0046,0.0,82.0
2024-09-15,SKU-0046,0.0,82.0
2024-09-22,SKU-0046,98.2,82.0
2024-09-29,SKU-0046,61.2,82.0
2024-10-06,SKU-0046,11.2,82.0
2024-10-13,SKU-0046,0.0,82.0
2024-10-20,SKU-0046,0.0,82.0
2024-10-27,SKU-0046,83.2,82.0
2024-11-03,SKU-0046,56.2,82.0
2024-11-10,SKU-0046,6.2,82.0
2024-11-17,SKU-0046,0.0,82.0
2024-11-24,SKU-0046,0.0,82.0
2024-12-01,SKU-0046,0.0,82.0
2024-12-08,SKU-0046,0.0,82.0
2024-12-15,SKU-0046,43.2,82.0
2024-12-22,SKU-0046,23.2,82.0
2024-12-29,SKU-0046,0.0,82.0
2025-01-05,SKU-0046,0.0,82.0
2025-01-12,SKU-0046,50.2,82.0
2025-01-19,SKU-0046,27.2,82.0
2025-01-26,SKU-0046,10.2,82.0
2025-02-02,SKU-0046,0.0,82.0
2025-02-09,SKU-0046,0.0,82.0
2025-02-16,SKU-0046,83.2,82.0
2025-02-23,SKU-0046,67.2,82.0
2025-03-02,SKU-0046,27.2,82.0
2025-03-09,SKU-0046,4.2,82.0
2025-03-16,SKU-0046,0.0,82.0
2025-03-23,SKU-0046,0.0,82.0
2025-03-30,SKU-0046,0.0,82.0
2025-04-06,SKU-0046,98.2,82.0
2025-04-13,SKU-0046,49.2,82.0
2025-04-20,SKU-0046,22.2,82.0
2025-04-27,SKU-0046,6.2,82.0
2025-05-04,SKU-0046,0.0,82.0
2025-05-11,SKU-0046,0.0,82.0
2025-05-18,SKU-0046,94.2,82.0
2025-05-25,SKU-0046,34.2,82.0
2025-06-01,SKU-0046,10.2,82.0
2025-06-08,SKU-0046,0.0,82.0
2025-06-15,SKU-0046,0.0,82.0
2025-06-22,SKU-0046,81.2,82.0
2025-06-29,SKU-0046,63.2,82.0
2025-07-06,SKU-0046,27.2,82.0
2025-07-13,SKU-0046,106.4,82.0
2025-07-20,SKU-0046,67.4,82.0
2025-07-27,SKU-0046,49.4,82.0
2025-08-03,SKU-0046,32.4,82.0
2025-08-10,SKU-0046,0.0,82.0
2025-08-17,SKU-0046,0.0,82.0
2025-08-24,SKU-0046,0.0,82.0
2025-08-31,SKU-0046,88.2,82.0
2025-09-07,SKU-0046,54.2,82.0
2025-09-14,SKU-0046,34.2,82.0
2025-09-21,SKU-0046,0.0,82.0
2025-09-28,SKU-0046,87.2,82.0
2025-10-05,SKU-0046,60.2,82.0
2025-10-12,SKU-0046,45.2,82.0
2025-10-19,SKU-0046,133.4,82.0
2025-10-26,SKU-0046,106.4,82.0
2025-11-02,SKU-0046,63.4,82.0
2025-11-09,SKU-0046,26.4,82.0
2025-11-16,SKU-0046,0.0,82.0
2025-11-23,SKU-0046,0.0,82.0
2025-11-30,SKU-0046,0.0,82.0
2025-12-07,SKU-0046,78.2,82.0
2025-12-14,SKU-0046,56.2,82.0
2025-12-21,SKU-0046,24.2,82.0
2025-12-28,SKU-0046,108.4,82.0
2024-01-07,SKU-0047,211.6,105.0
2024-01-14,SKU-0047,189.6,105.0
2024-01-21,SKU-0047,154.6,105.0
2024-01-28,SKU-0047,138.6,105.0
2024-02-04,SKU-0047,87.6,105.0
2024-02-11,SKU-0047,55.6,105.0
2024-02-18,SKU-0047,0.0,105.0
2024-02-25,SKU-0047,115.6,105.0
2024-03-03,SKU-0047,94.6,105.0
2024-03-10,SKU-0047,64.6,105.0
2024-03-17,SKU-0047,42.6,105.0
2024-03-24,SKU-0047,166.2,105.0
2024-03-31,SKU-0047,138.2,105.0
2024-04-07,SKU-0047,110.2,105.0
2024-04-14,SKU-0047,89.2,105.0
2024-04-21,SKU-0047,65.2,105.0
2024-04-28,SKU-0047,48.2,105.0
2024-05-05,SKU-0047,154.8,105.0
2024-05-12,SKU-0047,139.8,105.0
2024-05-19,SKU-0047,64.8,105.0
2024-05-26,SKU-0047,33.8,105.0
2024-06-02,SKU-0047,122.4,105.0
2024-06-09,SKU-0047,106.4,105.0
2024-06-16,SKU-0047,69.4,105.0
2024-06-23,SKU-0047,40.4,105.0
2024-06-30,SKU-0047,0.0,105.0
2024-07-07,SKU-0047,0.0,105.0
2024-07-14,SKU-0047,126.6,105.0
2024-07-21,SKU-0047,70.6,105.0
2024-07-28,SKU-0047,56.6,105.0
2024-08-04,SKU-0047,0.0,105.0
2024-08-11,SKU-0047,0.0,105.0
2024-08-18,SKU-0047,0.0,105.0
2024-08-25,SKU-0047,93.6,105.0
2024-09-01,SKU-0047,61.6,105.0
2024-09-08,SKU-0047,42.6,105.0
2024-09-15,SKU-0047,21.6,105.0
2024-09-22,SKU-0047,0.0,105.0
2024-09-29,SKU-0047,124.6,105.0
2024-10-06,SKU-0047,103.6,105.0
2024-10-13,SKU-0047,11.6,105.0
2024-10-20,SKU-0047,0.0,105.0
2024-10-27,SKU-0047,0.0,105.0
2024-11-03,SKU-0047,87.6,105.0
2024-11-10,SKU-0047,19.6,105.0
2024-11-17,SKU-0047,0.0,105.0
2024-11-24,SKU-0047,0.0,105.0
2024-12-01,SKU-0047,109.6,105.0
2024-12-08,SKU-0047,36.6,105.0
2024-12-15,SKU-0047,11.6,105.0
2024-12-22,SKU-0047,0.0,105.0
2024-12-29,SKU-0047,0.0,105.0
2025-01-05,SKU-0047,125.6,105.0
2025-01-12,SKU-0047,89.6,105.0
2025-01-19,SKU-0047,13.6,105.0
2025-01-26,SKU-0047,0.0,105.0
2025-02-02,SKU-0047,0.0,105.0
2025-02-09,SKU-0047,0.0,105.0
2025-02-16,SKU-0047,0.0,105.0
2025-02-23,SKU-0047,112.6,105.0
2025-03-02,SKU-0047,75.6,105.0
2025-03-09,SKU-0047,41.6,105.0
2025-03-16,SKU-0047,10.6,105.0
2025-03-23,SKU-0047,0.0,105.0
2025-03-30,SKU-0047,0.0,105.0
2025-04-06,SKU-0047,128.6,105.0
2025-04-13,SKU-0047,88.6,105.0
2025-04-20,SKU-0047,56.6,105.0
2025-04-27,SKU-0047,42.6,105.0
2025-05-04,SKU-0047,0.0,105.0
2025-05-11,SKU-0047,118.6,105.0
2025-05-18,SKU-0047,104.6,105.0
2025-05-25,SKU-0047,66.6,105.0
2025-06-01,SKU-0047,22.6,105.0
2025-06-08,SKU-0047,0.0,105.0
2025-06-15,SKU-0047,0.0,105.0
2025-06-22,SKU-0047,124.6,105.0
2025-06-29,SKU-0047,97.6,105.0
2025-07-06,SKU-0047,73.6,105.0
2025-07-13,SKU-0047,44.6,105.0
2025-07-20,SKU-0047,163.2,105.0
2025-07-27,SKU-0047,150.2,105.0
2025-08-03,SKU-0047,126.2,105.0
2025-08-10,SKU-0047,80.2,105.0
2025-08-17,SKU-0047,32.2,105.0
2025-08-24,SKU-0047,10.2,105.0
2025-08-31,SKU-0047,0.0,105.0
2025-09-07,SKU-0047,0.0,105.0
2025-09-14,SKU-0047,115.6,105.0
2025-09-21,SKU-0047,89.6,105.0
2025-09-28,SKU-0047,56.6,105.0
2025-10-05,SKU-0047,0.0,105.0
2025-10-12,SKU-0047,102.6,105.0
2025-10-19,SKU-0047,81.6,105.0
2025-10-26,SKU-0047,50.6,105.0
2025-11-02,SKU-0047,20.6,105.0
2025-11-09,SKU-0047,84.2,105.0
2025-11-16,SKU-0047,71.2,105.0
2025-11-23,SKU-0047,48.2,105.0
2025-11-30,SKU-0047,0.0,105.0
2025-12-07,SKU-0047,90.6,105.0
2025-12-14,SKU-0047,191.2,105.0
2025-12-21,SKU-0047,134.2,105.0
2025-12-28,SKU-0047,115.2,105.0
2024-01-07,SKU-0048,147.6,73.0
2024-01-14,SKU-0048,137.6,73.0
2024-01-21,SKU-0048,128.6,73.0
2024-01-28,SKU-0048,104.6,73.0
2024-02-04,SKU-0048,92.6,73.0
2024-02-11,SKU-0048,77.6,73.0
2024-02-18,SKU-0048,52.6,73.0
2024-02-25,SKU-0048,42.6,73.0
2024-03-03,SKU-0048,15.6,73.0
2024-03-10,SKU-0048,0.0,73.0
2024-03-17,SKU-0048,0.0,73.0
2024-03-24,SKU-0048,64.6,73.0
2024-03-31,SKU-0048,34.6,73.0
2024-04-07,SKU-0048,23.6,73.0
2024-04-14,SKU-0048,13.6,73.0
2024-04-21,SKU-0048,90.2,73.0
2024-04-28,SKU-0048,83.2,73.0
2024-05-05,SKU-0048,61.2,73.0
2024-05-12,SKU-0048,36.2,73.0
2024-05-19,SKU-0048,9.2,73.0
2024-05-26,SKU-0048,79.8,73.0
2024-06-02,SKU-0048,35.8,73.0
2024-06-09,SKU-0048,17.8,73.0
2024-06-16,SKU-0048,0.0,73.0
2024-06-23,SKU-0048,68.6,73.0
2024-06-30,SKU-0048,39.6,73.0
2024-07-07,SKU-0048,19.6,73.0
2024-07-14,SKU-0048,0.0,73.0
2024-07-21,SKU-0048,83.6,73.0
2024-07-28,SKU-0048,51.6,73.0
2024-08-04,SKU-0048,11.6,73.0
2024-08-11,SKU-0048,0.0,73.0
2024-08-18,SKU-0048,0.0,73.0
2024-08-25,SKU-0048,82.6,73.0
2024-09-01,SKU-0048,60.6,73.0
2024-09-08,SKU-0048,33.6,73.0
2024-09-15,SKU-0048,0.0,73.0
2024-09-22,SKU-0048,0.0,73.0
2024-09-29,SKU-0048,0.0,73.0
2024-10-06,SKU-0048,69.6,73.0
2024-10-13,SKU-0048,49.6,73.0
2024-10-20,SKU-0048,36.6,73.0
2024-10-27,SKU-0048,0.0,73.0
2024-11-03,SKU-0048,59.6,73.0
2024-11-10,SKU-0048,34.6,73.0
2024-11-17,SKU-0048,7.6,73.0
2024-11-24,SKU-0048,0.0,73.0
2024-12-01,SKU-0048,0.0,73.0
2024-12-08,SKU-0048,70.6,73.0
2024-12-15,SKU-0048,37.6,73.0
2024-12-22,SKU-0048,11.6,73.0
2024-12-29,SKU-0048,0.0,73.0
2025-01-05,SKU-0048,78.6,73.0
2025-01-12,SKU-0048,54.6,73.0
2025-01-19,SKU-0048,5.6,73.0
2025-01-26,SKU-0048,0.0,73.0
2025-02-02,SKU-0048,72.6,73.0
2025-02-09,SKU-0048,54.6,73.0
2025-02-16,SKU-0048,45.6,73.0
2025-02-23,SKU-0048,129.2,73.0
2025-03-02,SKU-0048,119.2,73.0
2025-03-09,SKU-0048,100.2,73.0
2025-03-16,SKU-0048,65.2,73.0
2025-03-23,SKU-0048,30.2,73.0
2025-03-30,SKU-0048,0.0,73.0
2025-04-06,SKU-0048,0.0,73.0
2025-04-13,SKU-0048,0.0,73.0
2025-04-20,SKU-0048,79.6,73.0
2025-04-27,SKU-0048,72.6,73.0
2025-05-04,SKU-0048,49.6,73.0
2025-05-11,SKU-0048,27.6,73.0
2025-05-18,SKU-0048,19.6,73.0
2025-05-25,SKU-0048,3.6,73.0
2025-06-01,SKU-0048,95.2,73.0
2025-06-08,SKU-0048,78.2,73.0
2025-06-15,SKU-0048,36.2,73.0
2025-06-22,SKU-0048,20.2,73.0
2025-06-29,SKU-0048,0.0,73.0
2025-07-06,SKU-0048,0.0,73.0
2025-07-13,SKU-0048,83.6,73.0
2025-07-20,SKU-0048,75.6,73.0
2025-07-27,SKU-0048,43.6,73.0
2025-08-03,SKU-0048,11.6,73.0
2025-08-10,SKU-0048,1.6,73.0
2025-08-17,SKU-0048,81.2,73.0
2025-08-24,SKU-0048,41.2,73.0
2025-08-31,SKU-0048,26.2,73.0
2025-09-07,SKU-0048,0.0,73.0
2025-09-14,SKU-0048,89.6,73.0
2025-09-21,SKU-0048,75.6,73.0
2025-09-28,SKU-0048,42.6,73.0
2025-10-05,SKU-0048,29.6,73.0
2025-10-12,SKU-0048,18.6,73.0
2025-10-19,SKU-0048,105.2,73.0
2025-10-26,SKU-0048,85.2,73.0
2025-11-02,SKU-0048,72.2,73.0
2025-11-09,SKU-0048,45.2,73.0
2025-11-16,SKU-0048,6.2,73.0
2025-11-23,SKU-0048,0.0,73.0
2025-11-30,SKU-0048,0.0,73.0
2025-12-07,SKU-0048,32.6,73.0
2025-12-14,SKU-0048,0.0,73.0
2025-12-21,SKU-0048,0.0,73.0
2025-12-28,SKU-0048,61.6,73.0
2024-01-07,SKU-0049,193.0,105.0
2024-01-14,SKU-0049,142.0,105.0
2024-01-21,SKU-0049,103.0,105.0
2024-01-28,SKU-0049,75.0,105.0
2024-02-04,SKU-0049,37.0,105.0
2024-02-11,SKU-0049,7.0,105.0
2024-02-18,SKU-0049,117.0,105.0
2024-02-25,SKU-0049,86.0,105.0
2024-03-03,SKU-0049,26.0,105.0
2024-03-10,SKU-0049,7.0,105.0
2024-03-17,SKU-0049,0.0,105.0
2024-03-24,SKU-0049,0.0,105.0
2024-03-31,SKU-0049,98.0,105.0
2024-04-07,SKU-0049,49.0,105.0
2024-04-14,SKU-0049,0.0,105.0
2024-04-21,SKU-0049,0.0,105.0
2024-04-28,SKU-0049,0.0,105.0
2024-05-05,SKU-0049,0.0,105.0
2024-05-12,SKU-0049,105.0,105.0
2024-05-19,SKU-0049,68.0,105.0
2024-05-26,SKU-0049,32.0,105.0
2024-06-02,SKU-0049,0.0,105.0
2024-06-09,SKU-0049,108.0,105.0
2024-06-16,SKU-0049,68.0,105.0
2024-06-23,SKU-0049,49.0,105.0
2024-06-30,SKU-0049,20.0,105.0
2024-07-07,SKU-0049,0.0,105.0
2024-07-14,SKU-0049,0.0,105.0
2024-07-21,SKU-0049,115.0,105.0
2024-07-28,SKU-0049,75.0,105.0
2024-08-04,SKU-0049,20.0,105.0
2024-08-11,SKU-0049,0.0,105.0
2024-08-18,SKU-0049,0.0,105.0
2024-08-25,SKU-0049,101.0,105.0
2024-09-01,SKU-0049,41.0,105.0
2024-09-08,SKU-0049,0.0,105.0
2024-09-15,SKU-0049,0.0,105.0
2024-09-22,SKU-0049,106.0,105.0
2024-09-29,SKU-0049,77.0,105.0
2024-10-06,SKU-0049,34.0,105.0
2024-10-13,SKU-0049,0.0,105.0
2024-10-20,SKU-0049,101.0,105.0
2024-10-27,SKU-0049,71.0,105.0
2024-11-03,SKU-0049,47.0,105.0
2024-11-10,SKU-0049,15.0,105.0
2024-11-17,SKU-0049,0.0,105.0
2024-11-24,SKU-0049,111.0,105.0
2024-12-01,SKU-0049,63.0,105.0
2024-12-08,SKU-0049,38.0,105.0
2024-12-15,SKU-0049,0.0,105.0
2024-12-22,SKU-0049,0.0,105.0
2024-12-29,SKU-0049,83.0,105.0
2025-01-05,SKU-0049,51.0,105.0
2025-01-12,SKU-0049,5.0,105.0
2025-01-19,SKU-0049,0.0,105.0
2025-01-26,SKU-0049,0.0,105.0
2025-02-02,SKU-0049,98.0,105.0
2025-02-09,SKU-0049,78.0,105.0
2025-02-16,SKU-0049,52.0,105.0
2025-02-23,SKU-0049,38.0,105.0
2025-03-02,SKU-0049,132.0,105.0
2025-03-09,SKU-0049,92.0,105.0
2025-03-16,SKU-0049,69.0,105.0
2025-03-23,SKU-0049,53.0,105.0
2025-03-30,SKU-0049,20.0,105.0
2025-04-06,SKU-0049,0.0,105.0
2025-04-13,SKU-0049,0.0,105.0
2025-04-20,SKU-0049,75.0,105.0
2025-04-27,SKU-0049,40.0,105.0
2025-05-04,SKU-0049,10.0,105.0
2025-05-11,SKU-0049,0.0,105.0
2025-05-18,SKU-0049,0.0,105.0
2025-05-25,SKU-0049,120.0,105.0
2025-06-01,SKU-0049,96.0,105.0
2025-06-08,SKU-0049,64.0,105.0
2025-06-15,SKU-0049,46.0,105.0
2025-06-22,SKU-0049,26.0,105.0
2025-06-29,SKU-0049,113.0,105.0
2025-07-06,SKU-0049,88.0,105.0
2025-07-13,SKU-0049,43.0,105.0
2025-07-20,SKU-0049,0.0,105.0
2025-07-27,SKU-0049,107.0,105.0
2025-08-03,SKU-0049,61.0,105.0
2025-08-10,SKU-0049,29.0,105.0
2025-08-17,SKU-0049,5.0,105.0
2025-08-24,SKU-0049,0.0,105.0
2025-08-31,SKU-0049,0.0,105.0
2025-09-07,SKU-0049,0.0,105.0
2025-09-14,SKU-0049,104.0,105.0
2025-09-21,SKU-0049,74.0,105.0
2025-09-28,SKU-0049,22.0,105.0
2025-10-05,SKU-0049,0.0,105.0
2025-10-12,SKU-0049,0.0,105.0
2025-10-19,SKU-0049,88.0,105.0
2025-10-26,SKU-0049,63.0,105.0
2025-11-02,SKU-0049,19.0,105.0
2025-11-09,SKU-0049,0.0,105.0
2025-11-16,SKU-0049,94.0,105.0
2025-11-23,SKU-0049,18.0,105.0
2025-11-30,SKU-0049,0.0,105.0
2025-12-07,SKU-0049,0.0,105.0
2025-12-14,SKU-0049,100.0,105.0
2025-12-21,SKU-0049,66.0,105.0
2025-12-28,SKU-0049,29.0,105.0
2024-01-07,SKU-0050,356.2,169.0
2024-01-14,SKU-0050,291.2,169.0
2024-01-21,SKU-0050,236.2,169.0
2024-01-28,SKU-0050,194.2,169.0
2024-02-04,SKU-0050,162.2,169.0
2024-02-11,SKU-0050,0.0,169.0
2024-02-18,SKU-0050,0.0,169.0
2024-02-25,SKU-0050,143.2,169.0
2024-03-03,SKU-0050,115.2,169.0
2024-03-10,SKU-0050,81.2,169.0
2024-03-17,SKU-0050,0.0,169.0
2024-03-24,SKU-0050,196.2,169.0
2024-03-31,SKU-0050,166.2,169.0
2024-04-07,SKU-0050,117.2,169.0
2024-04-14,SKU-0050,305.4,169.0
2024-04-21,SKU-0050,261.4,169.0
2024-04-28,SKU-0050,207.4,169.0
2024-05-05,SKU-0050,131.4,169.0
2024-05-12,SKU-0050,75.4,169.0
2024-05-19,SKU-0050,16.4,169.0
2024-05-26,SKU-0050,148.6,169.0
2024-06-02,SKU-0050,49.6,169.0
2024-06-09,SKU-0050,4.6,169.0
2024-06-16,SKU-0050,0.0,169.0
2024-06-23,SKU-0050,0.0,169.0
2024-06-30,SKU-0050,0.0,169.0
2024-07-07,SKU-0050,183.2,169.0
2024-07-14,SKU-0050,145.2,169.0
2024-07-21,SKU-0050,102.2,169.0
2024-07-28,SKU-0050,0.0,169.0
2024-08-04,SKU-0050,170.2,169.0
2024-08-11,SKU-0050,125.2,169.0
2024-08-18,SKU-0050,86.2,169.0
2024-08-25,SKU-0050,53.2,169.0
2024-09-01,SKU-0050,87.4,169.0
2024-09-08,SKU-0050,33.4,169.0
2024-09-15,SKU-0050,0.0,169.0
2024-09-22,SKU-0050,0.0,169.0
2024-09-29,SKU-0050,137.2,169.0
2024-10-06,SKU-0050,100.2,169.0
2024-10-13,SKU-0050,300.4,169.0
2024-10-20,SKU-0050,255.4,169.0
2024-10-27,SKU-0050,187.4,169.0
2024-11-03,SKU-0050,0.0,169.0
2024-11-10,SKU-0050,0.0,169.0
2024-11-17,SKU-0050,0.0,169.0
2024-11-24,SKU-0050,0.0,169.0
2024-12-01,SKU-0050,0.0,169.0
2024-12-08,SKU-0050,178.2,169.0
2024-12-15,SKU-0050,109.2,169.0
2024-12-22,SKU-0050,33.2,169.0
2024-12-29,SKU-0050,0.0,169.0
2025-01-05,SKU-0050,150.2,169.0
2025-01-12,SKU-0050,106.2,169.0
2025-01-19,SKU-0050,283.4,169.0
2025-01-26,SKU-0050,246.4,169.0
2025-02-02,SKU-0050,194.4,169.0
2025-02-09,SKU-0050,141.4,169.0
2025-02-16,SKU-0050,81.4,169.0
2025-02-23,SKU-0050,50.4,169.0
2025-03-02,SKU-0050,211.6,169.0
2025-03-09,SKU-0050,174.6,169.0
2025-03-16,SKU-0050,124.6,169.0
2025-03-23,SKU-0050,57.6,169.0
2025-03-30,SKU-0050,0.0,169.0
2025-04-06,SKU-0050,183.2,169.0
2025-04-13,SKU-0050,152.2,169.0
2025-04-20,SKU-0050,98.2,169.0
2025-04-27,SKU-0050,11.2,169.0
2025-05-04,SKU-0050,0.0,169.0
2025-05-11,SKU-0050,71.2,169.0
2025-05-18,SKU-0050,48.2,169.0
2025-05-25,SKU-0050,0.0,169.0
2025-06-01,SKU-0050,135.2,169.0
2025-06-08,SKU-0050,48.2,169.0
2025-06-15,SKU-0050,11.2,169.0
2025-06-22,SKU-0050,0.0,169.0
2025-06-29,SKU-0050,135.2,169.0
2025-07-06,SKU-0050,269.4,169.0
2025-07-13,SKU-0050,222.4,169.0
2025-07-20,SKU-0050,175.4,169.0
2025-07-27,SKU-0050,82.4,169.0
2025-08-03,SKU-0050,19.4,169.0
2025-08-10,SKU-0050,0.0,169.0
2025-08-17,SKU-0050,188.2,169.0
2025-08-24,SKU-0050,127.2,169.0
2025-08-31,SKU-0050,97.2,169.0
2025-09-07,SKU-0050,26.2,169.0
2025-09-14,SKU-0050,0.0,169.0
2025-09-21,SKU-0050,197.2,169.0
2025-09-28,SKU-0050,130.2,169.0
2025-10-05,SKU-0050,30.2,169.0
2025-10-12,SKU-0050,0.0,169.0
2025-10-19,SKU-0050,0.0,169.0
2025-10-26,SKU-0050,180.2,169.0
2025-11-02,SKU-0050,77.2,169.0
2025-11-09,SKU-0050,37.2,169.0
2025-11-16,SKU-0050,0.0,169.0
2025-11-23,SKU-0050,108.2,169.0
2025-11-30,SKU-0050,46.2,169.0
2025-12-07,SKU-0050,0.0,169.0
2025-12-14,SKU-0050,0.0,169.0
2025-12-21,SKU-0050,88.2,169.0
2025-12-28,SKU-0050,8.2,169.0
2024-01-07,SKU-0051,184.2,86.0
2024-01-14,SKU-0051,168.2,86.0
2024-01-21,SKU-0051,145.2,86.0
2024-01-28,SKU-0051,130.2,86.0
2024-02-04,SKU-0051,107.2,86.0
2024-02-11,SKU-0051,76.2,86.0
2024-02-18,SKU-0051,65.2,86.0
2024-02-25,SKU-0051,42.2,86.0
2024-03-03,SKU-0051,14.2,86.0
2024-03-10,SKU-0051,107.4,86.0
2024-03-17,SKU-0051,78.4,86.0
2024-03-24,SKU-0051,48.4,86.0
2024-03-31,SKU-0051,13.4,86.0
2024-04-07,SKU-0051,0.0,86.0
2024-04-14,SKU-0051,0.0,86.0
2024-04-21,SKU-0051,94.2,86.0
2024-04-28,SKU-0051,74.2,86.0
2024-05-05,SKU-0051,54.2,86.0
2024-05-12,SKU-0051,20.2,86.0
2024-05-19,SKU-0051,0.0,86.0
2024-05-26,SKU-0051,0.0,86.0
2024-06-02,SKU-0051,0.0,86.0
2024-06-09,SKU-0051,70.2,86.0
2024-06-16,SKU-0051,31.2,86.0
2024-06-23,SKU-0051,0.0,86.0
2024-06-30,SKU-0051,0.0,86.0
2024-07-07,SKU-0051,0.0,86.0
2024-07-14,SKU-0051,96.2,86.0
2024-07-21,SKU-0051,73.2,86.0
2024-07-28,SKU-0051,159.4,86.0
2024-08-04,SKU-0051,139.4,86.0
2024-08-11,SKU-0051,115.4,86.0
2024-08-18,SKU-0051,63.4,86.0
2024-08-25,SKU-0051,36.4,86.0
2024-09-01,SKU-0051,132.6,86.0
2024-09-08,SKU-0051,111.6,86.0
2024-09-15,SKU-0051,82.6,86.0
2024-09-22,SKU-0051,44.6,86.0
2024-09-29,SKU-0051,15.6,86.0
2024-10-06,SKU-0051,90.8,86.0
2024-10-13,SKU-0051,56.8,86.0
2024-10-20,SKU-0051,33.8,86.0
2024-10-27,SKU-0051,0.0,86.0
2024-11-03,SKU-0051,0.0,86.0
2024-11-10,SKU-0051,0.0,86.0
2024-11-17,SKU-0051,83.2,86.0
2024-11-24,SKU-0051,47.2,86.0
2024-12-01,SKU-0051,16.2,86.0
2024-12-08,SKU-0051,0.0,86.0
2024-12-15,SKU-0051,74.2,86.0
2024-12-22,SKU-0051,40.2,86.0
2024-12-29,SKU-0051,0.0,86.0
2025-01-05,SKU-0051,0.0,86.0
2025-01-12,SKU-0051,0.0,86.0
2025-01-19,SKU-0051,90.2,86.0
2025-01-26,SKU-0051,54.2,86.0
2025-02-02,SKU-0051,20.2,86.0
2025-02-09,SKU-0051,0.0,86.0
2025-02-16,SKU-0051,0.0,86.0
2025-02-23,SKU-0051,0.0,86.0
2025-03-02,SKU-0051,0.0,86.0
2025-03-09,SKU-0051,91.2,86.0
2025-03-16,SKU-0051,66.2,86.0
2025-03-23,SKU-0051,41.2,86.0
2025-03-30,SKU-0051,13.2,86.0
2025-04-06,SKU-0051,0.0,86.0
2025-04-13,SKU-0051,0.0,86.0
2025-04-20,SKU-0051,92.2,86.0
2025-04-27,SKU-0051,48.2,86.0
2025-05-04,SKU-0051,13.2,86.0
2025-05-11,SKU-0051,0.0,86.0
2025-05-18,SKU-0051,59.2,86.0
2025-05-25,SKU-0051,27.2,86.0
2025-06-01,SKU-0051,0.0,86.0
2025-06-08,SKU-0051,0.0,86.0
2025-06-15,SKU-0051,0.0,86.0
2025-06-22,SKU-0051,0.0,86.0
2025-06-29,SKU-0051,85.2,86.0
2025-07-06,SKU-0051,42.2,86.0
2025-07-13,SKU-0051,124.4,86.0
2025-07-20,SKU-0051,99.4,86.0
2025-07-27,SKU-0051,71.4,86.0
2025-08-03,SKU-0051,47.4,86.0
2025-08-10,SKU-0051,138.6,86.0
2025-08-17,SKU-0051,119.6,86.0
2025-08-24,SKU-0051,79.6,86.0
2025-08-31,SKU-0051,39.6,86.0
2025-09-07,SKU-0051,10.6,86.0
2025-09-14,SKU-0051,105.8,86.0
2025-09-21,SKU-0051,77.8,86.0
2025-09-28,SKU-0051,140.0,86.0
2025-10-05,SKU-0051,118.0,86.0
2025-10-12,SKU-0051,91.0,86.0
2025-10-19,SKU-0051,63.0,86.0
2025-10-26,SKU-0051,23.0,86.0
2025-11-02,SKU-0051,0.0,86.0
2025-11-09,SKU-0051,0.0,86.0
2025-11-16,SKU-0051,0.0,86.0
2025-11-23,SKU-0051,0.0,86.0
2025-11-30,SKU-0051,0.0,86.0
2025-12-07,SKU-0051,73.2,86.0
2025-12-14,SKU-0051,42.2,86.0
2025-12-21,SKU-0051,11.2,86.0
2025-12-28,SKU-0051,0.0,86.0
2024-01-07,SKU-0052,145.4,72.0
2024-01-14,SKU-0052,103.4,72.0
2024-01-21,SKU-0052,79.4,72.0
2024-01-28,SKU-0052,58.4,72.0
2024-02-04,SKU-0052,37.4,72.0
2024-02-11,SKU-0052,0.0,72.0
2024-02-18,SKU-0052,0.0,72.0
2024-02-25,SKU-0052,77.4,72.0
2024-03-03,SKU-0052,53.4,72.0
2024-03-10,SKU-0052,34.4,72.0
2024-03-17,SKU-0052,8.4,72.0
2024-03-24,SKU-0052,0.0,72.0
2024-03-31,SKU-0052,78.4,72.0
2024-04-07,SKU-0052,52.4,72.0
2024-04-14,SKU-0052,18.4,72.0
2024-04-21,SKU-0052,84.8,72.0
2024-04-28,SKU-0052,55.8,72.0
2024-05-05,SKU-0052,31.8,72.0
2024-05-12,SKU-0052,19.8,72.0
2024-05-19,SKU-0052,0.0,72.0
2024-05-26,SKU-0052,0.0,72.0
2024-06-02,SKU-0052,68.4,72.0
2024-06-09,SKU-0052,28.4,72.0
2024-06-16,SKU-0052,0.0,72.0
2024-06-23,SKU-0052,82.4,72.0
2024-06-30,SKU-0052,58.4,72.0
2024-07-07,SKU-0052,36.4,72.0
2024-07-14,SKU-0052,7.4,72.0
2024-07-21,SKU-0052,80.8,72.0
2024-07-28,SKU-0052,67.8,72.0
2024-08-04,SKU-0052,48.8,72.0
2024-08-11,SKU-0052,123.2,72.0
2024-08-18,SKU-0052,110.2,72.0
2024-08-25,SKU-0052,87.2,72.0
2024-09-01,SKU-0052,64.2,72.0
2024-09-08,SKU-0052,30.2,72.0
2024-09-15,SKU-0052,6.2,72.0
2024-09-22,SKU-0052,0.0,72.0
2024-09-29,SKU-0052,72.4,72.0
2024-10-06,SKU-0052,46.4,72.0
2024-10-13,SKU-0052,11.4,72.0
2024-10-20,SKU-0052,0.0,72.0
2024-10-27,SKU-0052,0.0,72.0
2024-11-03,SKU-0052,24.4,72.0
2024-11-10,SKU-0052,0.0,72.0
2024-11-17,SKU-0052,0.0,72.0
2024-11-24,SKU-0052,0.0,72.0
2024-12-01,SKU-0052,75.4,72.0
2024-12-08,SKU-0052,51.4,72.0
2024-12-15,SKU-0052,25.4,72.0
2024-12-22,SKU-0052,0.0,72.0
2024-12-29,SKU-0052,70.4,72.0
2025-01-05,SKU-0052,44.4,72.0
2025-01-12,SKU-0052,121.8,72.0
2025-01-19,SKU-0052,91.8,72.0
2025-01-26,SKU-0052,67.8,72.0
2025-02-02,SKU-0052,55.8,72.0
2025-02-09,SKU-0052,35.8,72.0
2025-02-16,SKU-0052,21.8,72.0
2025-02-23,SKU-0052,2.8,72.0
2025-03-02,SKU-0052,0.0,72.0
2025-03-09,SKU-0052,54.4,72.0
2025-03-16,SKU-0052,34.4,72.0
2025-03-23,SKU-0052,21.4,72.0
2025-03-30,SKU-0052,0.0,72.0
2025-04-06,SKU-0052,0.0,72.0
2025-04-13,SKU-0052,57.4,72.0
2025-04-20,SKU-0052,29.4,72.0
2025-04-27,SKU-0052,0.0,72.0
2025-05-04,SKU-0052,75.4,72.0
2025-05-11,SKU-0052,58.4,72.0
2025-05-18,SKU-0052,33.4,72.0
2025-05-25,SKU-0052,114.8,72.0
2025-06-01,SKU-0052,96.8,72.0
2025-06-08,SKU-0052,77.8,72.0
2025-06-15,SKU-0052,54.8,72.0
2025-06-22,SKU-0052,39.8,72.0
2025-06-29,SKU-0052,26.8,72.0
2025-07-06,SKU-0052,87.2,72.0
2025-07-13,SKU-0052,67.2,72.0
2025-07-20,SKU-0052,45.2,72.0
2025-07-27,SKU-0052,17.2,72.0
2025-08-03,SKU-0052,0.0,72.0
2025-08-10,SKU-0052,0.0,72.0
2025-08-17,SKU-0052,75.4,72.0
2025-08-24,SKU-0052,36.4,72.0
2025-08-31,SKU-0052,1.4,72.0
2025-09-07,SKU-0052,0.0,72.0
2025-09-14,SKU-0052,0.0,72.0
2025-09-21,SKU-0052,0.0,72.0
2025-09-28,SKU-0052,70.4,72.0
2025-10-05,SKU-0052,46.4,72.0
2025-10-12,SKU-0052,31.4,72.0
2025-10-19,SKU-0052,2.4,72.0
2025-10-26,SKU-0052,66.8,72.0
2025-11-02,SKU-0052,32.8,72.0
2025-11-09,SKU-0052,14.8,72.0
2025-11-16,SKU-0052,0.0,72.0
2025-11-23,SKU-0052,0.0,72.0
2025-11-30,SKU-0052,67.4,72.0
2025-12-07,SKU-0052,34.4,72.0
2025-12-14,SKU-0052,0.0,72.0
2025-12-21,SKU-0052,50.4,72.0
2025-12-28,SKU-0052,18.4,72.0
2024-01-07,SKU-0053,86.4,75.0
2024-01-14,SKU-0053,64.4,75.0
2024-01-21,SKU-0053,41.4,75.0
2024-01-28,SKU-0053,10.4,75.0
2024-02-04,SKU-0053,0.0,75.0
2024-02-11,SKU-0053,84.4,75.0
2024-02-18,SKU-0053,45.4,75.0
2024-02-25,SKU-0053,40.4,75.0
2024-03-03,SKU-0053,33.4,75.0
2024-03-10,SKU-0053,65.8,75.0
2024-03-17,SKU-0053,34.8,75.0
2024-03-24,SKU-0053,6.8,75.0
2024-03-31,SKU-0053,0.0,75.0
2024-04-07,SKU-0053,75.4,75.0
2024-04-14,SKU-0053,63.4,75.0
2024-04-21,SKU-0053,45.4,75.0
2024-04-28,SKU-0053,33.4,75.0
2024-05-05,SKU-0053,0.0,75.0
2024-05-12,SKU-0053,68.4,75.0
2024-05-19,SKU-0053,42.4,75.0
2024-05-26,SKU-0053,14.4,75.0
2024-06-02,SKU-0053,93.8,75.0
2024-06-09,SKU-0053,81.8,75.0
2024-06-16,SKU-0053,20.8,75.0
2024-06-23,SKU-0053,0.0,75.0
2024-06-30,SKU-0053,0.0,75.0
2024-07-07,SKU-0053,0.0,75.0
2024-07-14,SKU-0053,0.0,75.0
2024-07-21,SKU-0053,0.0,75.0
2024-07-28,SKU-0053,67.4,75.0
2024-08-04,SKU-0053,30.4,75.0
2024-08-11,SKU-0053,110.8,75.0
2024-08-18,SKU-0053,60.8,75.0
2024-08-25,SKU-0053,20.8,75.0
2024-09-01,SKU-0053,0.0,75.0
2024-09-08,SKU-0053,0.0,75.0
2024-09-15,SKU-0053,66.4,75.0
2024-09-22,SKU-0053,31.4,75.0
2024-09-29,SKU-0053,0.0,75.0
2024-10-06,SKU-0053,0.0,75.0
2024-10-13,SKU-0053,92.4,75.0
2024-10-20,SKU-0053,63.4,75.0
2024-10-27,SKU-0053,49.4,75.0
2024-11-03,SKU-0053,11.4,75.0
2024-11-10,SKU-0053,83.8,75.0
2024-11-17,SKU-0053,34.8,75.0
2024-11-24,SKU-0053,12.8,75.0
2024-12-01,SKU-0053,0.0,75.0
2024-12-08,SKU-0053,0.0,75.0
2024-12-15,SKU-0053,76.4,75.0
2024-12-22,SKU-0053,62.4,75.0
2024-12-29,SKU-0053,53.4,75.0
2025-01-05,SKU-0053,0.0,75.0
2025-01-12,SKU-0053,0.0,75.0
2025-01-19,SKU-0053,0.0,75.0
2025-01-26,SKU-0053,94.4,75.0
2025-02-02,SKU-0053,84.4,75.0
2025-02-09,SKU-0053,67.4,75.0
2025-02-16,SKU-0053,44.4,75.0
2025-02-23,SKU-0053,15.4,75.0
2025-03-02,SKU-0053,102.8,75.0
2025-03-09,SKU-0053,75.8,75.0
2025-03-16,SKU-0053,36.8,75.0
2025-03-23,SKU-0053,21.8,75.0
2025-03-30,SKU-0053,2.8,75.0
2025-04-06,SKU-0053,96.2,75.0
2025-04-13,SKU-0053,83.2,75.0
2025-04-20,SKU-0053,73.2,75.0
2025-04-27,SKU-0053,42.2,75.0
2025-05-04,SKU-0053,22.2,75.0
2025-05-11,SKU-0053,67.6,75.0
2025-05-18,SKU-0053,43.6,75.0
2025-05-25,SKU-0053,8.6,75.0
2025-06-01,SKU-0053,0.0,75.0
2025-06-08,SKU-0053,75.4,75.0
2025-06-15,SKU-0053,63.4,75.0
2025-06-22,SKU-0053,4.4,75.0
2025-06-29,SKU-0053,0.0,75.0
2025-07-06,SKU-0053,0.0,75.0
2025-07-13,SKU-0053,0.0,75.0
2025-07-20,SKU-0053,88.4,75.0
2025-07-27,SKU-0053,44.4,75.0
2025-08-03,SKU-0053,2.4,75.0
2025-08-10,SKU-0053,0.0,75.0
2025-08-17,SKU-0053,0.0,75.0
2025-08-24,SKU-0053,85.4,75.0
2025-08-31,SKU-0053,78.4,75.0
2025-09-07,SKU-0053,65.4,75.0
2025-09-14,SKU-0053,36.4,75.0
2025-09-21,SKU-0053,31.4,75.0
2025-09-28,SKU-0053,115.8,75.0
2025-10-05,SKU-0053,75.8,75.0
2025-10-12,SKU-0053,60.8,75.0
2025-10-19,SKU-0053,37.8,75.0
2025-10-26,SKU-0053,23.8,75.0
2025-11-02,SKU-0053,0.0,75.0
2025-11-09,SKU-0053,0.0,75.0
2025-11-16,SKU-0053,84.4,75.0
2025-11-23,SKU-0053,66.4,75.0
2025-11-30,SKU-0053,34.4,75.0
2025-12-07,SKU-0053,0.0,75.0
2025-12-14,SKU-0053,0.0,75.0
2025-12-21,SKU-0053,0.0,75.0
2025-12-28,SKU-0053,49.4,75.0
2024-01-07,SKU-0054,152.0,78.0
2024-01-14,SKU-0054,117.0,78.0
2024-01-21,SKU-0054,93.0,78.0
2024-01-28,SKU-0054,72.0,78.0
2024-02-04,SKU-0054,154.0,78.0
2024-02-11,SKU-0054,117.0,78.0
2024-02-18,SKU-0054,90.0,78.0
2024-02-25,SKU-0054,64.0,78.0
2024-03-03,SKU-0054,135.0,78.0
2024-03-10,SKU-0054,103.0,78.0
2024-03-17,SKU-0054,61.0,78.0
2024-03-24,SKU-0054,41.0,78.0
2024-03-31,SKU-0054,120.0,78.0
2024-04-07,SKU-0054,90.0,78.0
2024-04-14,SKU-0054,59.0,78.0
2024-04-21,SKU-0054,36.0,78.0
2024-04-28,SKU-0054,19.0,78.0
2024-05-05,SKU-0054,98.0,78.0
2024-05-12,SKU-0054,76.0,78.0
2024-05-19,SKU-0054,50.0,78.0
2024-05-26,SKU-0054,16.0,78.0
2024-06-02,SKU-0054,88.0,78.0
2024-06-09,SKU-0054,68.0,78.0
2024-06-16,SKU-0054,46.0,78.0
2024-06-23,SKU-0054,122.0,78.0
2024-06-30,SKU-0054,87.0,78.0
2024-07-07,SKU-0054,61.0,78.0
2024-07-14,SKU-0054,33.0,78.0
2024-07-21,SKU-0054,119.0,78.0
2024-07-28,SKU-0054,96.0,78.0
2024-08-04,SKU-0054,74.0,78.0
2024-08-11,SKU-0054,46.0,78.0
2024-08-18,SKU-0054,21.0,78.0
2024-08-25,SKU-0054,0.0,78.0
2024-09-01,SKU-0054,83.0,78.0
2024-09-08,SKU-0054,54.0,78.0
2024-09-15,SKU-0054,135.0,78.0
2024-09-22,SKU-0054,100.0,78.0
2024-09-29,SKU-0054,72.0,78.0
2024-10-06,SKU-0054,149.0,78.0
2024-10-13,SKU-0054,113.0,78.0
2024-10-20,SKU-0054,91.0,78.0
2024-10-27,SKU-0054,55.0,78.0
2024-11-03,SKU-0054,26.0,78.0
2024-11-10,SKU-0054,0.0,78.0
2024-11-17,SKU-0054,74.0,78.0
2024-11-24,SKU-0054,46.0,78.0
2024-12-01,SKU-0054,25.0,78.0
2024-12-08,SKU-0054,0.0,78.0
2024-12-15,SKU-0054,0.0,78.0
2024-12-22,SKU-0054,80.0,78.0
2024-12-29,SKU-0054,30.0,78.0
2025-01-05,SKU-0054,8.0,78.0
2025-01-12,SKU-0054,0.0,78.0
2025-01-19,SKU-0054,0.0,78.0
2025-01-26,SKU-0054,83.0,78.0
2025-02-02,SKU-0054,52.0,78.0
2025-02-09,SKU-0054,41.0,78.0
2025-02-16,SKU-0054,5.0,78.0
2025-02-23,SKU-0054,0.0,78.0
2025-03-02,SKU-0054,0.0,78.0
2025-03-09,SKU-0054,0.0,78.0
2025-03-16,SKU-0054,86.0,78.0
2025-03-23,SKU-0054,57.0,78.0
2025-03-30,SKU-0054,31.0,78.0
2025-04-06,SKU-0054,4.0,78.0
2025-04-13,SKU-0054,0.0,78.0
2025-04-20,SKU-0054,85.0,78.0
2025-04-27,SKU-0054,58.0,78.0
2025-05-04,SKU-0054,27.0,78.0
2025-05-11,SKU-0054,1.0,78.0
2025-05-18,SKU-0054,0.0,78.0
2025-05-25,SKU-0054,81.0,78.0
2025-06-01,SKU-0054,50.0,78.0
2025-06-08,SKU-0054,14.0,78.0
2025-06-15,SKU-0054,0.0,78.0
2025-06-22,SKU-0054,0.0,78.0
2025-06-29,SKU-0054,0.0,78.0
2025-07-06,SKU-0054,86.0,78.0
2025-07-13,SKU-0054,59.0,78.0
2025-07-20,SKU-0054,34.0,78.0
2025-07-27,SKU-0054,0.0,78.0
2025-08-03,SKU-0054,79.0,78.0
2025-08-10,SKU-0054,61.0,78.0
2025-08-17,SKU-0054,145.0,78.0
2025-08-24,SKU-0054,118.0,78.0
2025-08-31,SKU-0054,92.0,78.0
2025-09-07,SKU-0054,69.0,78.0
2025-09-14,SKU-0054,45.0,78.0
2025-09-21,SKU-0054,26.0,78.0
2025-09-28,SKU-0054,111.0,78.0
2025-10-05,SKU-0054,86.0,78.0
2025-10-12,SKU-0054,62.0,78.0
2025-10-19,SKU-0054,34.0,78.0
2025-10-26,SKU-0054,12.0,78.0
2025-11-02,SKU-0054,67.0,78.0
2025-11-09,SKU-0054,44.0,78.0
2025-11-16,SKU-0054,106.0,78.0
2025-11-23,SKU-0054,67.0,78.0
2025-11-30,SKU-0054,17.0,78.0
2025-12-07,SKU-0054,0.0,78.0
2025-12-14,SKU-0054,0.0,78.0
2025-12-21,SKU-0054,68.0,78.0
2025-12-28,SKU-0054,29.0,78.0
2024-01-07,SKU-0055,159.0,84.0
2024-01-14,SKU-0055,130.0,84.0
2024-01-21,SKU-0055,114.0,84.0
2024-01-28,SKU-0055,70.0,84.0
2024-02-04,SKU-0055,50.0,84.0
2024-02-11,SKU-0055,146.0,84.0
2024-02-18,SKU-0055,122.0,84.0
2024-02-25,SKU-0055,105.0,84.0
2024-03-03,SKU-0055,89.0,84.0
2024-03-10,SKU-0055,64.0,84.0
2024-03-17,SKU-0055,0.0,84.0
2024-03-24,SKU-0055,0.0,84.0
2024-03-31,SKU-0055,0.0,84.0
2024-04-07,SKU-0055,93.0,84.0
2024-04-14,SKU-0055,63.0,84.0
2024-04-21,SKU-0055,50.0,84.0
2024-04-28,SKU-0055,18.0,84.0
2024-05-05,SKU-0055,101.0,84.0
2024-05-12,SKU-0055,74.0,84.0
2024-05-19,SKU-0055,41.0,84.0
2024-05-26,SKU-0055,18.0,84.0
2024-06-02,SKU-0055,0.0,84.0
2024-06-09,SKU-0055,0.0,84.0
2024-06-16,SKU-0055,77.0,84.0
2024-06-23,SKU-0055,163.0,84.0
2024-06-30,SKU-0055,121.0,84.0
2024-07-07,SKU-0055,98.0,84.0
2024-07-14,SKU-0055,47.0,84.0
2024-07-21,SKU-0055,23.0,84.0
2024-07-28,SKU-0055,85.0,84.0
2024-08-04,SKU-0055,55.0,84.0
2024-08-11,SKU-0055,29.0,84.0
2024-08-18,SKU-0055,14.0,84.0
2024-08-25,SKU-0055,0.0,84.0
2024-09-01,SKU-0055,80.0,84.0
2024-09-08,SKU-0055,53.0,84.0
2024-09-15,SKU-0055,20.0,84.0
2024-09-22,SKU-0055,0.0,84.0
2024-09-29,SKU-0055,96.0,84.0
2024-10-06,SKU-0055,81.0,84.0
2024-10-13,SKU-0055,41.0,84.0
2024-10-20,SKU-0055,10.0,84.0
2024-10-27,SKU-0055,0.0,84.0
2024-11-03,SKU-0055,11.0,84.0
2024-11-10,SKU-0055,0.0,84.0
2024-11-17,SKU-0055,0.0,84.0
2024-11-24,SKU-0055,0.0,84.0
2024-12-01,SKU-0055,0.0,84.0
2024-12-08,SKU-0055,0.0,84.0
2024-12-15,SKU-0055,104.0,84.0
2024-12-22,SKU-0055,55.0,84.0
2024-12-29,SKU-0055,10.0,84.0
2025-01-05,SKU-0055,0.0,84.0
2025-01-12,SKU-0055,0.0,84.0
2025-01-19,SKU-0055,74.0,84.0
2025-01-26,SKU-0055,37.0,84.0
2025-02-02,SKU-0055,13.0,84.0
2025-02-09,SKU-0055,106.0,84.0
2025-02-16,SKU-0055,76.0,84.0
2025-02-23,SKU-0055,43.0,84.0
2025-03-02,SKU-0055,0.0,84.0
2025-03-09,SKU-0055,0.0,84.0
2025-03-16,SKU-0055,0.0,84.0
2025-03-23,SKU-0055,97.0,84.0
2025-03-30,SKU-0055,79.0,84.0
2025-04-06,SKU-0055,0.0,84.0
2025-04-13,SKU-0055,0.0,84.0
2025-04-20,SKU-0055,89.0,84.0
2025-04-27,SKU-0055,71.0,84.0
2025-05-04,SKU-0055,31.0,84.0
2025-05-11,SKU-0055,11.0,84.0
2025-05-18,SKU-0055,1.0,84.0
2025-05-25,SKU-0055,86.0,84.0
2025-06-01,SKU-0055,46.0,84.0
2025-06-08,SKU-0055,20.0,84.0
2025-06-15,SKU-0055,0.0,84.0
2025-06-22,SKU-0055,0.0,84.0
2025-06-29,SKU-0055,0.0,84.0
2025-07-06,SKU-0055,0.0,84.0
2025-07-13,SKU-0055,98.0,84.0
2025-07-20,SKU-0055,78.0,84.0
2025-07-27,SKU-0055,63.0,84.0
2025-08-03,SKU-0055,40.0,84.0
2025-08-10,SKU-0055,0.0,84.0
2025-08-17,SKU-0055,87.0,84.0
2025-08-24,SKU-0055,39.0,84.0
2025-08-31,SKU-0055,7.0,84.0
2025-09-07,SKU-0055,0.0,84.0
2025-09-14,SKU-0055,0.0,84.0
2025-09-21,SKU-0055,84.0,84.0
2025-09-28,SKU-0055,70.0,84.0
2025-10-05,SKU-0055,28.0,84.0
2025-10-12,SKU-0055,126.0,84.0
2025-10-19,SKU-0055,113.0,84.0
2025-10-26,SKU-0055,95.0,84.0
2025-11-02,SKU-0055,81.0,84.0
2025-11-09,SKU-0055,45.0,84.0
2025-11-16,SKU-0055,23.0,84.0
2025-11-23,SKU-0055,0.0,84.0
2025-11-30,SKU-0055,65.0,84.0
2025-12-07,SKU-0055,55.0,84.0
2025-12-14,SKU-0055,27.0,84.0
2025-12-21,SKU-0055,0.0,84.0
2025-12-28,SKU-0055,0.0,84.0
2024-01-07,SKU-0056,162.4,80.0
2024-01-14,SKU-0056,144.4,80.0
2024-01-21,SKU-0056,114.4,80.0
2024-01-28,SKU-0056,84.4,80.0
2024-02-04,SKU-0056,41.4,80.0
2024-02-11,SKU-0056,0.0,80.0
2024-02-18,SKU-0056,0.0,80.0
2024-02-25,SKU-0056,0.0,80.0
2024-03-03,SKU-0056,81.4,80.0
2024-03-10,SKU-0056,64.4,80.0
2024-03-17,SKU-0056,35.4,80.0
2024-03-24,SKU-0056,0.4,80.0
2024-03-31,SKU-0056,0.0,80.0
2024-04-07,SKU-0056,68.4,80.0
2024-04-14,SKU-0056,49.4,80.0
2024-04-21,SKU-0056,8.4,80.0
2024-04-28,SKU-0056,0.0,80.0
2024-05-05,SKU-0056,0.0,80.0
2024-05-12,SKU-0056,0.0,80.0
2024-05-19,SKU-0056,83.4,80.0
2024-05-26,SKU-0056,34.4,80.0
2024-06-02,SKU-0056,14.4,80.0
2024-06-09,SKU-0056,0.0,80.0
2024-06-16,SKU-0056,87.4,80.0
2024-06-23,SKU-0056,56.4,80.0
2024-06-30,SKU-0056,30.4,80.0
2024-07-07,SKU-0056,0.0,80.0
2024-07-14,SKU-0056,70.4,80.0
2024-07-21,SKU-0056,37.4,80.0
2024-07-28,SKU-0056,1.4,80.0
2024-08-04,SKU-0056,70.8,80.0
2024-08-11,SKU-0056,44.8,80.0
2024-08-18,SKU-0056,23.8,80.0
2024-08-25,SKU-0056,3.8,80.0
2024-09-01,SKU-0056,0.0,80.0
2024-09-08,SKU-0056,83.4,80.0
2024-09-15,SKU-0056,63.4,80.0
2024-09-22,SKU-0056,42.4,80.0
2024-09-29,SKU-0056,17.4,80.0
2024-10-06,SKU-0056,92.8,80.0
2024-10-13,SKU-0056,66.8,80.0
2024-10-20,SKU-0056,45.8,80.0
2024-10-27,SKU-0056,11.8,80.0
2024-11-03,SKU-0056,101.2,80.0
2024-11-10,SKU-0056,70.2,80.0
2024-11-17,SKU-0056,23.2,80.0
2024-11-24,SKU-0056,92.6,80.0
2024-12-01,SKU-0056,45.6,80.0
2024-12-08,SKU-0056,12.6,80.0
2024-12-15,SKU-0056,0.0,80.0
2024-12-22,SKU-0056,73.4,80.0
2024-12-29,SKU-0056,45.4,80.0
2025-01-05,SKU-0056,20.4,80.0
2025-01-12,SKU-0056,0.0,80.0
2025-01-19,SKU-0056,94.4,80.0
2025-01-26,SKU-0056,77.4,80.0
2025-02-02,SKU-0056,172.8,80.0
2025-02-09,SKU-0056,156.8,80.0
2025-02-16,SKU-0056,142.8,80.0
2025-02-23,SKU-0056,124.8,80.0
2025-03-02,SKU-0056,103.8,80.0
2025-03-09,SKU-0056,72.8,80.0
2025-03-16,SKU-0056,38.8,80.0
2025-03-23,SKU-0056,127.2,80.0
2025-03-30,SKU-0056,107.2,80.0
2025-04-06,SKU-0056,78.2,80.0
2025-04-13,SKU-0056,58.2,80.0
2025-04-20,SKU-0056,143.6,80.0
2025-04-27,SKU-0056,129.6,80.0
2025-05-04,SKU-0056,98.6,80.0
2025-05-11,SKU-0056,71.6,80.0
2025-05-18,SKU-0056,52.6,80.0
2025-05-25,SKU-0056,142.0,80.0
2025-06-01,SKU-0056,124.0,80.0
2025-06-08,SKU-0056,95.0,80.0
2025-06-15,SKU-0056,73.0,80.0
2025-06-22,SKU-0056,56.0,80.0
2025-06-29,SKU-0056,33.0,80.0
2025-07-06,SKU-0056,107.4,80.0
2025-07-13,SKU-0056,70.4,80.0
2025-07-20,SKU-0056,32.4,80.0
2025-07-27,SKU-0056,6.4,80.0
2025-08-03,SKU-0056,84.8,80.0
2025-08-10,SKU-0056,56.8,80.0
2025-08-17,SKU-0056,24.8,80.0
2025-08-24,SKU-0056,0.0,80.0
2025-08-31,SKU-0056,87.4,80.0
2025-09-07,SKU-0056,66.4,80.0
2025-09-14,SKU-0056,43.4,80.0
2025-09-21,SKU-0056,10.4,80.0
2025-09-28,SKU-0056,0.0,80.0
2025-10-05,SKU-0056,84.4,80.0
2025-10-12,SKU-0056,45.4,80.0
2025-10-19,SKU-0056,1.4,80.0
2025-10-26,SKU-0056,0.0,80.0
2025-11-02,SKU-0056,0.0,80.0
2025-11-09,SKU-0056,0.0,80.0
2025-11-16,SKU-0056,76.4,80.0
2025-11-23,SKU-0056,31.4,80.0
2025-11-30,SKU-0056,9.4,80.0
2025-12-07,SKU-0056,85.8,80.0
2025-12-14,SKU-0056,46.8,80.0
2025-12-21,SKU-0056,0.0,80.0
2025-12-28,SKU-0056,0.0,80.0
2024-01-07,SKU-0057,257.2,119.0
2024-01-14,SKU-0057,236.2,119.0
2024-01-21,SKU-0057,210.2,119.0
2024-01-28,SKU-0057,167.2,119.0
2024-02-04,SKU-0057,127.2,119.0
2024-02-11,SKU-0057,83.2,119.0
2024-02-18,SKU-0057,44.2,119.0
2024-02-25,SKU-0057,17.2,119.0
2024-03-03,SKU-0057,145.4,119.0
2024-03-10,SKU-0057,118.4,119.0
2024-03-17,SKU-0057,74.4,119.0
2024-03-24,SKU-0057,50.4,119.0
2024-03-31,SKU-0057,15.4,119.0
2024-04-07,SKU-0057,135.6,119.0
2024-04-14,SKU-0057,82.6,119.0
2024-04-21,SKU-0057,53.6,119.0
2024-04-28,SKU-0057,12.6,119.0
2024-05-05,SKU-0057,143.8,119.0
2024-05-12,SKU-0057,92.8,119.0
2024-05-19,SKU-0057,58.8,119.0
2024-05-26,SKU-0057,184.0,119.0
2024-06-02,SKU-0057,155.0,119.0
2024-06-09,SKU-0057,123.0,119.0
2024-06-16,SKU-0057,91.0,119.0
2024-06-23,SKU-0057,59.0,119.0
2024-06-30,SKU-0057,5.0,119.0
2024-07-07,SKU-0057,0.0,119.0
2024-07-14,SKU-0057,118.2,119.0
2024-07-21,SKU-0057,70.2,119.0
2024-07-28,SKU-0057,43.2,119.0
2024-08-04,SKU-0057,22.2,119.0
2024-08-11,SKU-0057,0.0,119.0
2024-08-18,SKU-0057,135.2,119.0
2024-08-25,SKU-0057,104.2,119.0
2024-09-01,SKU-0057,66.2,119.0
2024-09-08,SKU-0057,23.2,119.0
2024-09-15,SKU-0057,145.4,119.0
2024-09-22,SKU-0057,113.4,119.0
2024-09-29,SKU-0057,60.4,119.0
2024-10-06,SKU-0057,15.4,119.0
2024-10-13,SKU-0057,0.0,119.0
2024-10-20,SKU-0057,127.2,119.0
2024-10-27,SKU-0057,86.2,119.0
2024-11-03,SKU-0057,36.2,119.0
2024-11-10,SKU-0057,0.0,119.0
2024-11-17,SKU-0057,0.0,119.0
2024-11-24,SKU-0057,108.2,119.0
2024-12-01,SKU-0057,22.2,119.0
2024-12-08,SKU-0057,135.4,119.0
2024-12-15,SKU-0057,80.4,119.0
2024-12-22,SKU-0057,29.4,119.0
2024-12-29,SKU-0057,0.0,119.0
2025-01-05,SKU-0057,0.0,119.0
2025-01-12,SKU-0057,0.0,119.0
2025-01-19,SKU-0057,112.2,119.0
2025-01-26,SKU-0057,91.2,119.0
2025-02-02,SKU-0057,62.2,119.0
2025-02-09,SKU-0057,29.2,119.0
2025-02-16,SKU-0057,1.2,119.0
2025-02-23,SKU-0057,132.4,119.0
2025-03-02,SKU-0057,82.4,119.0
2025-03-09,SKU-0057,12.4,119.0
2025-03-16,SKU-0057,0.0,119.0
2025-03-23,SKU-0057,0.0,119.0
2025-03-30,SKU-0057,0.0,119.0
2025-04-06,SKU-0057,130.2,119.0
2025-04-13,SKU-0057,78.2,119.0
2025-04-20,SKU-0057,30.2,119.0
2025-04-27,SKU-0057,0.0,119.0
2025-05-04,SKU-0057,0.0,119.0
2025-05-11,SKU-0057,0.0,119.0
2025-05-18,SKU-0057,127.2,119.0
2025-05-25,SKU-0057,97.2,119.0
2025-06-01,SKU-0057,68.2,119.0
2025-06-08,SKU-0057,30.2,119.0
2025-06-15,SKU-0057,153.4,119.0
2025-06-22,SKU-0057,113.4,119.0
2025-06-29,SKU-0057,245.6,119.0
2025-07-06,SKU-0057,205.6,119.0
2025-07-13,SKU-0057,157.6,119.0
2025-07-20,SKU-0057,118.6,119.0
2025-07-27,SKU-0057,101.6,119.0
2025-08-03,SKU-0057,62.6,119.0
2025-08-10,SKU-0057,27.6,119.0
2025-08-17,SKU-0057,135.8,119.0
2025-08-24,SKU-0057,98.8,119.0
2025-08-31,SKU-0057,51.8,119.0
2025-09-07,SKU-0057,16.8,119.0
2025-09-14,SKU-0057,0.0,119.0
2025-09-21,SKU-0057,106.2,119.0
2025-09-28,SKU-0057,69.2,119.0
2025-10-05,SKU-0057,23.2,119.0
2025-10-12,SKU-0057,138.4,119.0
2025-10-19,SKU-0057,87.4,119.0
2025-10-26,SKU-0057,46.4,119.0
2025-11-02,SKU-0057,0.0,119.0
2025-11-09,SKU-0057,129.2,119.0
2025-11-16,SKU-0057,81.2,119.0
2025-11-23,SKU-0057,16.2,119.0
2025-11-30,SKU-0057,0.0,119.0
2025-12-07,SKU-0057,0.0,119.0
2025-12-14,SKU-0057,0.0,119.0
2025-12-21,SKU-0057,105.2,119.0
2025-12-28,SKU-0057,51.2,119.0
2024-01-07,SKU-0058,179.2,89.0
2024-01-14,SKU-0058,154.2,89.0
2024-01-21,SKU-0058,129.2,89.0
2024-01-28,SKU-0058,93.2,89.0
2024-02-04,SKU-0058,77.2,89.0
2024-02-11,SKU-0058,64.2,89.0
2024-02-18,SKU-0058,29.2,89.0
2024-02-25,SKU-0058,12.2,89.0
2024-03-03,SKU-0058,98.4,89.0
2024-03-10,SKU-0058,79.4,89.0
2024-03-17,SKU-0058,63.4,89.0
2024-03-24,SKU-0058,17.4,89.0
2024-03-31,SKU-0058,0.0,89.0
2024-04-07,SKU-0058,104.2,89.0
2024-04-14,SKU-0058,80.2,89.0
2024-04-21,SKU-0058,55.2,89.0
2024-04-28,SKU-0058,31.2,89.0
2024-05-05,SKU-0058,2.2,89.0
2024-05-12,SKU-0058,0.0,89.0
2024-05-19,SKU-0058,0.0,89.0
2024-05-26,SKU-0058,87.2,89.0
2024-06-02,SKU-0058,52.2,89.0
2024-06-09,SKU-0058,23.2,89.0
2024-06-16,SKU-0058,3.2,89.0
2024-06-23,SKU-0058,0.0,89.0
2024-06-30,SKU-0058,70.2,89.0
2024-07-07,SKU-0058,53.2,89.0
2024-07-14,SKU-0058,30.2,89.0
2024-07-21,SKU-0058,3.2,89.0
2024-07-28,SKU-0058,90.4,89.0
2024-08-04,SKU-0058,62.4,89.0
2024-08-11,SKU-0058,42.4,89.0
2024-08-18,SKU-0058,15.4,89.0
2024-08-25,SKU-0058,71.6,89.0
2024-09-01,SKU-0058,0.0,89.0
2024-09-08,SKU-0058,93.2,89.0
2024-09-15,SKU-0058,56.2,89.0
2024-09-22,SKU-0058,161.4,89.0
2024-09-29,SKU-0058,130.4,89.0
2024-10-06,SKU-0058,90.4,89.0
2024-10-13,SKU-0058,63.4,89.0
2024-10-20,SKU-0058,1.4,89.0
2024-10-27,SKU-0058,0.0,89.0
2024-11-03,SKU-0058,0.0,89.0
2024-11-10,SKU-0058,106.2,89.0
2024-11-17,SKU-0058,77.2,89.0
2024-11-24,SKU-0058,28.2,89.0
2024-12-01,SKU-0058,0.0,89.0
2024-12-08,SKU-0058,0.0,89.0
2024-12-15,SKU-0058,91.2,89.0
2024-12-22,SKU-0058,27.2,89.0
2024-12-29,SKU-0058,0.0,89.0
2025-01-05,SKU-0058,0.0,89.0
2025-01-12,SKU-0058,0.0,89.0
2025-01-19,SKU-0058,74.2,89.0
2025-01-26,SKU-0058,66.2,89.0
2025-02-02,SKU-0058,52.2,89.0
2025-02-09,SKU-0058,3.2,89.0
2025-02-16,SKU-0058,87.4,89.0
2025-02-23,SKU-0058,62.4,89.0
2025-03-02,SKU-0058,40.4,89.0
2025-03-09,SKU-0058,28.4,89.0
2025-03-16,SKU-0058,126.6,89.0
2025-03-23,SKU-0058,102.6,89.0
2025-03-30,SKU-0058,85.6,89.0
2025-04-06,SKU-0058,39.6,89.0
2025-04-13,SKU-0058,0.0,89.0
2025-04-20,SKU-0058,0.0,89.0
2025-04-27,SKU-0058,0.0,89.0
2025-05-04,SKU-0058,92.2,89.0
2025-05-11,SKU-0058,62.2,89.0
2025-05-18,SKU-0058,39.2,89.0
2025-05-25,SKU-0058,85.4,89.0
2025-06-01,SKU-0058,70.4,89.0
2025-06-08,SKU-0058,44.4,89.0
2025-06-15,SKU-0058,121.6,89.0
2025-06-22,SKU-0058,79.6,89.0
2025-06-29,SKU-0058,64.6,89.0
2025-07-06,SKU-0058,45.6,89.0
2025-07-13,SKU-0058,19.6,89.0
2025-07-20,SKU-0058,0.0,89.0
2025-07-27,SKU-0058,98.2,89.0
2025-08-03,SKU-0058,73.2,89.0
2025-08-10,SKU-0058,47.2,89.0
2025-08-17,SKU-0058,3.2,89.0
2025-08-24,SKU-0058,0.0,89.0
2025-08-31,SKU-0058,76.2,89.0
2025-09-07,SKU-0058,50.2,89.0
2025-09-14,SKU-0058,14.2,89.0
2025-09-21,SKU-0058,0.0,89.0
2025-09-28,SKU-0058,0.0,89.0
2025-10-05,SKU-0058,104.2,89.0
2025-10-12,SKU-0058,55.2,89.0
2025-10-19,SKU-0058,29.2,89.0
2025-10-26,SKU-0058,1.2,89.0
2025-11-02,SKU-0058,55.4,89.0
2025-11-09,SKU-0058,21.4,89.0
2025-11-16,SKU-0058,0.0,89.0
2025-11-23,SKU-0058,0.0,89.0
2025-11-30,SKU-0058,0.0,89.0
2025-12-07,SKU-0058,0.0,89.0
2025-12-14,SKU-0058,61.2,89.0
2025-12-21,SKU-0058,29.2,89.0
2025-12-28,SKU-0058,0.0,89.0
2024-01-07,SKU-0059,159.0,75.0
2024-01-14,SKU-0059,136.0,75.0
2024-01-21,SKU-0059,108.0,75.0
2024-01-28,SKU-0059,79.0,75.0
2024-02-04,SKU-0059,57.0,75.0
2024-02-11,SKU-0059,40.0,75.0
2024-02-18,SKU-0059,24.0,75.0
2024-02-25,SKU-0059,10.0,75.0
2024-03-03,SKU-0059,90.0,75.0
2024-03-10,SKU-0059,63.0,75.0
2024-03-17,SKU-0059,45.0,75.0
2024-03-24,SKU-0059,28.0,75.0
2024-03-31,SKU-0059,113.0,75.0
2024-04-07,SKU-0059,85.0,75.0
2024-04-14,SKU-0059,64.0,75.0
2024-04-21,SKU-0059,51.0,75.0
2024-04-28,SKU-0059,17.0,75.0
2024-05-05,SKU-0059,0.0,75.0
2024-05-12,SKU-0059,76.0,75.0
2024-05-19,SKU-0059,55.0,75.0
2024-05-26,SKU-0059,32.0,75.0
2024-06-02,SKU-0059,15.0,75.0
2024-06-09,SKU-0059,0.0,75.0
2024-06-16,SKU-0059,61.0,75.0
2024-06-23,SKU-0059,27.0,75.0
2024-06-30,SKU-0059,1.0,75.0
2024-07-07,SKU-0059,0.0,75.0
2024-07-14,SKU-0059,72.0,75.0
2024-07-21,SKU-0059,29.0,75.0
2024-07-28,SKU-0059,11.0,75.0
2024-08-04,SKU-0059,0.0,75.0
2024-08-11,SKU-0059,0.0,75.0
2024-08-18,SKU-0059,0.0,75.0
2024-08-25,SKU-0059,0.0,75.0
2024-09-01,SKU-0059,63.0,75.0
2024-09-08,SKU-0059,46.0,75.0
2024-09-15,SKU-0059,11.0,75.0
2024-09-22,SKU-0059,0.0,75.0
2024-09-29,SKU-0059,0.0,75.0
2024-10-06,SKU-0059,0.0,75.0
2024-10-13,SKU-0059,79.0,75.0
2024-10-20,SKU-0059,33.0,75.0
2024-10-27,SKU-0059,10.0,75.0
2024-11-03,SKU-0059,0.0,75.0
2024-11-10,SKU-0059,0.0,75.0
2024-11-17,SKU-0059,55.0,75.0
2024-11-24,SKU-0059,23.0,75.0
2024-12-01,SKU-0059,0.0,75.0
2024-12-08,SKU-0059,79.0,75.0
2024-12-15,SKU-0059,47.0,75.0
2024-12-22,SKU-0059,0.0,75.0
2024-12-29,SKU-0059,0.0,75.0
2025-01-05,SKU-0059,82.0,75.0
2025-01-12,SKU-0059,66.0,75.0
2025-01-19,SKU-0059,52.0,75.0
2025-01-26,SKU-0059,34.0,75.0
2025-02-02,SKU-0059,23.0,75.0
2025-02-09,SKU-0059,6.0,75.0
2025-02-16,SKU-0059,77.0,75.0
2025-02-23,SKU-0059,58.0,75.0
2025-03-02,SKU-0059,138.0,75.0
2025-03-09,SKU-0059,121.0,75.0
2025-03-16,SKU-0059,93.0,75.0
2025-03-23,SKU-0059,66.0,75.0
2025-03-30,SKU-0059,31.0,75.0
2025-04-06,SKU-0059,13.0,75.0
2025-04-13,SKU-0059,0.0,75.0
2025-04-20,SKU-0059,0.0,75.0
2025-04-27,SKU-0059,85.0,75.0
2025-05-04,SKU-0059,62.0,75.0
2025-05-11,SKU-0059,42.0,75.0
2025-05-18,SKU-0059,25.0,75.0
2025-05-25,SKU-0059,2.0,75.0
2025-06-01,SKU-0059,68.0,75.0
2025-06-08,SKU-0059,37.0,75.0
2025-06-15,SKU-0059,18.0,75.0
2025-06-22,SKU-0059,0.0,75.0
2025-06-29,SKU-0059,0.0,75.0
2025-07-06,SKU-0059,0.0,75.0
2025-07-13,SKU-0059,0.0,75.0
2025-07-20,SKU-0059,0.0,75.0
2025-07-27,SKU-0059,74.0,75.0
2025-08-03,SKU-0059,57.0,75.0
2025-08-10,SKU-0059,36.0,75.0
2025-08-17,SKU-0059,14.0,75.0
2025-08-24,SKU-0059,0.0,75.0
2025-08-31,SKU-0059,80.0,75.0
2025-09-07,SKU-0059,54.0,75.0
2025-09-14,SKU-0059,31.0,75.0
2025-09-21,SKU-0059,11.0,75.0
2025-09-28,SKU-0059,0.0,75.0
2025-10-05,SKU-0059,78.0,75.0
2025-10-12,SKU-0059,47.0,75.0
2025-10-19,SKU-0059,18.0,75.0
2025-10-26,SKU-0059,4.0,75.0
2025-11-02,SKU-0059,0.0,75.0
2025-11-09,SKU-0059,90.0,75.0
2025-11-16,SKU-0059,55.0,75.0
2025-11-23,SKU-0059,21.0,75.0
2025-11-30,SKU-0059,0.0,75.0
2025-12-07,SKU-0059,75.0,75.0
2025-12-14,SKU-0059,48.0,75.0
2025-12-21,SKU-0059,24.0,75.0
2025-12-28,SKU-0059,95.0,75.0
2024-01-07,SKU-0060,146.2,71.0
2024-01-14,SKU-0060,128.2,71.0
2024-01-21,SKU-0060,102.2,71.0
2024-01-28,SKU-0060,78.2,71.0
2024-02-04,SKU-0060,59.2,71.0
2024-02-11,SKU-0060,30.2,71.0
2024-02-18,SKU-0060,0.2,71.0
2024-02-25,SKU-0060,0.0,71.0
2024-03-03,SKU-0060,69.2,71.0
2024-03-10,SKU-0060,50.2,71.0
2024-03-17,SKU-0060,30.2,71.0
2024-03-24,SKU-0060,109.4,71.0
2024-03-31,SKU-0060,89.4,71.0
2024-04-07,SKU-0060,62.4,71.0
2024-04-14,SKU-0060,41.4,71.0
2024-04-21,SKU-0060,24.4,71.0
2024-04-28,SKU-0060,0.0,71.0
2024-05-05,SKU-0060,63.2,71.0
2024-05-12,SKU-0060,33.2,71.0
2024-05-19,SKU-0060,15.2,71.0
2024-05-26,SKU-0060,83.4,71.0
2024-06-02,SKU-0060,62.4,71.0
2024-06-09,SKU-0060,39.4,71.0
2024-06-16,SKU-0060,12.4,71.0
2024-06-23,SKU-0060,0.0,71.0
2024-06-30,SKU-0060,74.2,71.0
2024-07-07,SKU-0060,52.2,71.0
2024-07-14,SKU-0060,33.2,71.0
2024-07-21,SKU-0060,10.2,71.0
2024-07-28,SKU-0060,0.0,71.0
2024-08-04,SKU-0060,73.2,71.0
2024-08-11,SKU-0060,46.2,71.0
2024-08-18,SKU-0060,22.2,71.0
2024-08-25,SKU-0060,0.0,71.0
2024-09-01,SKU-0060,0.0,71.0
2024-09-08,SKU-0060,67.2,71.0
2024-09-15,SKU-0060,36.2,71.0
2024-09-22,SKU-0060,16.2,71.0
2024-09-29,SKU-0060,0.0,71.0
2024-10-06,SKU-0060,0.0,71.0
2024-10-13,SKU-0060,66.2,71.0
2024-10-20,SKU-0060,33.2,71.0
2024-10-27,SKU-0060,3.2,71.0
2024-11-03,SKU-0060,0.0,71.0
2024-11-10,SKU-0060,0.0,71.0
2024-11-17,SKU-0060,67.2,71.0
2024-11-24,SKU-0060,30.2,71.0
2024-12-01,SKU-0060,4.2,71.0
2024-12-08,SKU-0060,0.0,71.0
2024-12-15,SKU-0060,63.2,71.0
2024-12-22,SKU-0060,34.2,71.0
2024-12-29,SKU-0060,0.0,71.0
2025-01-05,SKU-0060,0.0,71.0
2025-01-12,SKU-0060,67.2,71.0
2025-01-19,SKU-0060,50.2,71.0
2025-01-26,SKU-0060,27.2,71.0
2025-02-02,SKU-0060,9.2,71.0
2025-02-09,SKU-0060,79.4,71.0
2025-02-16,SKU-0060,61.4,71.0
2025-02-23,SKU-0060,38.4,71.0
2025-03-02,SKU-0060,25.4,71.0
2025-03-09,SKU-0060,6.4,71.0
2025-03-16,SKU-0060,73.6,71.0
2025-03-23,SKU-0060,51.6,71.0
2025-03-30,SKU-0060,29.6,71.0
2025-04-06,SKU-0060,3.6,71.0
2025-04-13,SKU-0060,0.0,71.0
2025-04-20,SKU-0060,0.0,71.0
2025-04-27,SKU-0060,73.2,71.0
2025-05-04,SKU-0060,51.2,71.0
2025-05-11,SKU-0060,25.2,71.0
2025-05-18,SKU-0060,4.2,71.0
2025-05-25,SKU-0060,0.0,71.0
2025-06-01,SKU-0060,77.2,71.0
2025-06-08,SKU-0060,50.2,71.0
2025-06-15,SKU-0060,25.2,71.0
2025-06-22,SKU-0060,0.0,71.0
2025-06-29,SKU-0060,0.0,71.0
2025-07-06,SKU-0060,75.2,71.0
2025-07-13,SKU-0060,54.2,71.0
2025-07-20,SKU-0060,27.2,71.0
2025-07-27,SKU-0060,2.2,71.0
2025-08-03,SKU-0060,0.0,71.0
2025-08-10,SKU-0060,0.0,71.0
2025-08-17,SKU-0060,70.2,71.0
2025-08-24,SKU-0060,48.2,71.0
2025-08-31,SKU-0060,20.2,71.0
2025-09-07,SKU-0060,0.0,71.0
2025-09-14,SKU-0060,0.0,71.0
2025-09-21,SKU-0060,75.2,71.0
2025-09-28,SKU-0060,38.2,71.0
2025-10-05,SKU-0060,9.2,71.0
2025-10-12,SKU-0060,0.0,71.0
2025-10-19,SKU-0060,0.0,71.0
2025-10-26,SKU-0060,0.0,71.0
2025-11-02,SKU-0060,63.2,71.0
2025-11-09,SKU-0060,30.2,71.0
2025-11-16,SKU-0060,5.2,71.0
2025-11-23,SKU-0060,0.0,71.0
2025-11-30,SKU-0060,64.2,71.0
2025-12-07,SKU-0060,33.2,71.0
2025-12-14,SKU-0060,2.2,71.0
2025-12-21,SKU-0060,0.0,71.0
2025-12-28,SKU-0060,73.2,71.0
2024-01-07,SKU-0061,162.0,75.0
2024-01-14,SKU-0061,147.0,75.0
2024-01-21,SKU-0061,126.0,75.0
2024-01-28,SKU-0061,108.0,75.0
2024-02-04,SKU-0061,62.0,75.0
2024-02-11,SKU-0061,46.0,75.0
2024-02-18,SKU-0061,29.0,75.0
2024-02-25,SKU-0061,19.0,75.0
2024-03-03,SKU-0061,72.0,75.0
2024-03-10,SKU-0061,50.0,75.0
2024-03-17,SKU-0061,30.0,75.0
2024-03-24,SKU-0061,14.0,75.0
2024-03-31,SKU-0061,92.0,75.0
2024-04-07,SKU-0061,73.0,75.0
2024-04-14,SKU-0061,35.0,75.0
2024-04-21,SKU-0061,19.0,75.0
2024-04-28,SKU-0061,101.0,75.0
2024-05-05,SKU-0061,83.0,75.0
2024-05-12,SKU-0061,53.0,75.0
2024-05-19,SKU-0061,27.0,75.0
2024-05-26,SKU-0061,0.0,75.0
2024-06-02,SKU-0061,0.0,75.0
2024-06-09,SKU-0061,70.0,75.0
2024-06-16,SKU-0061,46.0,75.0
2024-06-23,SKU-0061,11.0,75.0
2024-06-30,SKU-0061,82.0,75.0
2024-07-07,SKU-0061,56.0,75.0
2024-07-14,SKU-0061,45.0,75.0
2024-07-21,SKU-0061,26.0,75.0
2024-07-28,SKU-0061,9.0,75.0
2024-08-04,SKU-0061,98.0,75.0
2024-08-11,SKU-0061,56.0,75.0
2024-08-18,SKU-0061,12.0,75.0
2024-08-25,SKU-0061,0.0,75.0
2024-09-01,SKU-0061,0.0,75.0
2024-09-08,SKU-0061,0.0,75.0
2024-09-15,SKU-0061,89.0,75.0
2024-09-22,SKU-0061,47.0,75.0
2024-09-29,SKU-0061,37.0,75.0
2024-10-06,SKU-0061,10.0,75.0
2024-10-13,SKU-0061,0.0,75.0
2024-10-20,SKU-0061,0.0,75.0
2024-10-27,SKU-0061,66.0,75.0
2024-11-03,SKU-0061,24.0,75.0
2024-11-10,SKU-0061,1.0,75.0
2024-11-17,SKU-0061,0.0,75.0
2024-11-24,SKU-0061,79.0,75.0
2024-12-01,SKU-0061,48.0,75.0
2024-12-08,SKU-0061,23.0,75.0
2024-12-15,SKU-0061,9.0,75.0
2024-12-22,SKU-0061,0.0,75.0
2024-12-29,SKU-0061,82.0,75.0
2025-01-05,SKU-0061,66.0,75.0
2025-01-12,SKU-0061,52.0,75.0
2025-01-19,SKU-0061,38.0,75.0
2025-01-26,SKU-0061,12.0,75.0
2025-02-02,SKU-0061,98.0,75.0
2025-02-09,SKU-0061,88.0,75.0
2025-02-16,SKU-0061,74.0,75.0
2025-02-23,SKU-0061,62.0,75.0
2025-03-02,SKU-0061,51.0,75.0
2025-03-09,SKU-0061,120.0,75.0
2025-03-16,SKU-0061,85.0,75.0
2025-03-23,SKU-0061,74.0,75.0
2025-03-30,SKU-0061,33.0,75.0
2025-04-06,SKU-0061,0.0,75.0
2025-04-13,SKU-0061,88.0,75.0
2025-04-20,SKU-0061,62.0,75.0
2025-04-27,SKU-0061,43.0,75.0
2025-05-04,SKU-0061,10.0,75.0
2025-05-11,SKU-0061,104.0,75.0
2025-05-18,SKU-0061,74.0,75.0
2025-05-25,SKU-0061,55.0,75.0
2025-06-01,SKU-0061,27.0,75.0
2025-06-08,SKU-0061,0.0,75.0
2025-06-15,SKU-0061,92.0,75.0
2025-06-22,SKU-0061,69.0,75.0
2025-06-29,SKU-0061,46.0,75.0
2025-07-06,SKU-0061,16.0,75.0
2025-07-13,SKU-0061,79.0,75.0
2025-07-20,SKU-0061,47.0,75.0
2025-07-27,SKU-0061,31.0,75.0
2025-08-03,SKU-0061,0.0,75.0
2025-08-10,SKU-0061,0.0,75.0
2025-08-17,SKU-0061,67.0,75.0
2025-08-24,SKU-0061,45.0,75.0
2025-08-31,SKU-0061,23.0,75.0
2025-09-07,SKU-0061,0.0,75.0
2025-09-14,SKU-0061,0.0,75.0
2025-09-21,SKU-0061,79.0,75.0
2025-09-28,SKU-0061,65.0,75.0
2025-10-05,SKU-0061,27.0,75.0
2025-10-12,SKU-0061,0.0,75.0
2025-10-19,SKU-0061,0.0,75.0
2025-10-26,SKU-0061,91.0,75.0
2025-11-02,SKU-0061,57.0,75.0
2025-11-09,SKU-0061,33.0,75.0
2025-11-16,SKU-0061,13.0,75.0
2025-11-23,SKU-0061,0.0,75.0
2025-11-30,SKU-0061,75.0,75.0
2025-12-07,SKU-0061,57.0,75.0
2025-12-14,SKU-0061,31.0,75.0
2025-12-21,SKU-0061,0.0,75.0
2025-12-28,SKU-0061,42.0,75.0
2024-01-07,SKU-0062,152.4,75.0
2024-01-14,SKU-0062,140.4,75.0
2024-01-21,SKU-0062,124.4,75.0
2024-01-28,SKU-0062,80.4,75.0
2024-02-04,SKU-0062,71.4,75.0
2024-02-11,SKU-0062,52.4,75.0
2024-02-18,SKU-0062,20.4,75.0
2024-02-25,SKU-0062,0.0,75.0
2024-03-03,SKU-0062,0.0,75.0
2024-03-10,SKU-0062,86.4,75.0
2024-03-17,SKU-0062,63.4,75.0
2024-03-24,SKU-0062,37.4,75.0
2024-03-31,SKU-0062,14.4,75.0
2024-04-07,SKU-0062,0.0,75.0
2024-04-14,SKU-0062,0.0,75.0
2024-04-21,SKU-0062,0.0,75.0
2024-04-28,SKU-0062,0.0,75.0
2024-05-05,SKU-0062,66.4,75.0
2024-05-12,SKU-0062,46.4,75.0
2024-05-19,SKU-0062,0.0,75.0
2024-05-26,SKU-0062,0.0,75.0
2024-06-02,SKU-0062,0.0,75.0
2024-06-09,SKU-0062,0.0,75.0
2024-06-16,SKU-0062,0.0,75.0
2024-06-23,SKU-0062,93.4,75.0
2024-06-30,SKU-0062,73.4,75.0
2024-07-07,SKU-0062,48.4,75.0
2024-07-14,SKU-0062,32.4,75.0
2024-07-21,SKU-0062,107.8,75.0
2024-07-28,SKU-0062,76.8,75.0
2024-08-04,SKU-0062,24.8,75.0
2024-08-11,SKU-0062,0.8,75.0
2024-08-18,SKU-0062,0.0,75.0
2024-08-25,SKU-0062,0.0,75.0
2024-09-01,SKU-0062,0.0,75.0
2024-09-08,SKU-0062,64.4,75.0
2024-09-15,SKU-0062,25.4,75.0
2024-09-22,SKU-0062,0.4,75.0
2024-09-29,SKU-0062,0.0,75.0
2024-10-06,SKU-0062,0.0,75.0
2024-10-13,SKU-0062,76.4,75.0
2024-10-20,SKU-0062,49.4,75.0
2024-10-27,SKU-0062,16.4,75.0
2024-11-03,SKU-0062,0.0,75.0
2024-11-10,SKU-0062,0.0,75.0
2024-11-17,SKU-0062,0.0,75.0
2024-11-24,SKU-0062,0.0,75.0
2024-12-01,SKU-0062,54.4,75.0
2024-12-08,SKU-0062,10.4,75.0
2024-12-15,SKU-0062,0.0,75.0
2024-12-22,SKU-0062,0.0,75.0
2024-12-29,SKU-0062,0.0,75.0
2025-01-05,SKU-0062,76.4,75.0
2025-01-12,SKU-0062,50.4,75.0
2025-01-19,SKU-0062,26.4,75.0
2025-01-26,SKU-0062,0.0,75.0
2025-02-02,SKU-0062,0.0,75.0
2025-02-09,SKU-0062,0.0,75.0
2025-02-16,SKU-0062,41.4,75.0
2025-02-23,SKU-0062,0.0,75.0
2025-03-02,SKU-0062,0.0,75.0
2025-03-09,SKU-0062,0.0,75.0
2025-03-16,SKU-0062,76.4,75.0
2025-03-23,SKU-0062,64.4,75.0
2025-03-30,SKU-0062,42.4,75.0
2025-04-06,SKU-0062,26.4,75.0
2025-04-13,SKU-0062,4.4,75.0
2025-04-20,SKU-0062,0.0,75.0
2025-04-27,SKU-0062,45.4,75.0
2025-05-04,SKU-0062,29.4,75.0
2025-05-11,SKU-0062,2.4,75.0
2025-05-18,SKU-0062,0.0,75.0
2025-05-25,SKU-0062,0.0,75.0
2025-06-01,SKU-0062,63.4,75.0
2025-06-08,SKU-0062,51.4,75.0
2025-06-15,SKU-0062,36.4,75.0
2025-06-22,SKU-0062,9.4,75.0
2025-06-29,SKU-0062,0.0,75.0
2025-07-06,SKU-0062,72.4,75.0
2025-07-13,SKU-0062,48.4,75.0
2025-07-20,SKU-0062,33.4,75.0
2025-07-27,SKU-0062,13.4,75.0
2025-08-03,SKU-0062,0.0,75.0
2025-08-10,SKU-0062,77.4,75.0
2025-08-17,SKU-0062,52.4,75.0
2025-08-24,SKU-0062,24.4,75.0
2025-08-31,SKU-0062,1.4,75.0
2025-09-07,SKU-0062,0.0,75.0
2025-09-14,SKU-0062,86.4,75.0
2025-09-21,SKU-0062,56.4,75.0
2025-09-28,SKU-0062,37.4,75.0
2025-10-05,SKU-0062,6.4,75.0
2025-10-12,SKU-0062,0.0,75.0
2025-10-19,SKU-0062,0.0,75.0
2025-10-26,SKU-0062,0.0,75.0
2025-11-02,SKU-0062,56.4,75.0
2025-11-09,SKU-0062,17.4,75.0
2025-11-16,SKU-0062,0.0,75.0
2025-11-23,SKU-0062,0.0,75.0
2025-11-30,SKU-0062,0.0,75.0
2025-12-07,SKU-0062,0.0,75.0
2025-12-14,SKU-0062,66.4,75.0
2025-12-21,SKU-0062,32.4,75.0
2025-12-28,SKU-0062,19.4,75.0
2024-01-07,SKU-0063,222.2,104.0
2024-01-14,SKU-0063,195.2,104.0
2024-01-21,SKU-0063,153.2,104.0
2024-01-28,SKU-0063,108.2,104.0
2024-02-04,SKU-0063,79.2,104.0
2024-02-11,SKU-0063,61.2,104.0
2024-02-18,SKU-0063,28.2,104.0
2024-02-25,SKU-0063,0.0,104.0
2024-03-03,SKU-0063,99.2,104.0
2024-03-10,SKU-0063,76.2,104.0
2024-03-17,SKU-0063,56.2,104.0
2024-03-24,SKU-0063,35.2,104.0
2024-03-31,SKU-0063,15.2,104.0
2024-04-07,SKU-0063,108.4,104.0
2024-04-14,SKU-0063,72.4,104.0
2024-04-21,SKU-0063,0.4,104.0
2024-04-28,SKU-0063,0.0,104.0
2024-05-05,SKU-0063,0.0,104.0
2024-05-12,SKU-0063,0.0,104.0
2024-05-19,SKU-0063,97.2,104.0
2024-05-26,SKU-0063,58.2,104.0
2024-06-02,SKU-0063,38.2,104.0
2024-06-09,SKU-0063,17.2,104.0
2024-06-16,SKU-0063,0.0,104.0
2024-06-23,SKU-0063,85.2,104.0
2024-06-30,SKU-0063,56.2,104.0
2024-07-07,SKU-0063,37.2,104.0
2024-07-14,SKU-0063,3.2,104.0
2024-07-21,SKU-0063,101.4,104.0
2024-07-28,SKU-0063,80.4,104.0
2024-08-04,SKU-0063,11.4,104.0
2024-08-11,SKU-0063,0.0,104.0
2024-08-18,SKU-0063,0.0,104.0
2024-08-25,SKU-0063,95.2,104.0
2024-09-01,SKU-0063,69.2,104.0
2024-09-08,SKU-0063,36.2,104.0
2024-09-15,SKU-0063,2.2,104.0
2024-09-22,SKU-0063,111.4,104.0
2024-09-29,SKU-0063,65.4,104.0
2024-10-06,SKU-0063,28.4,104.0
2024-10-13,SKU-0063,9.4,104.0
2024-10-20,SKU-0063,110.6,104.0
2024-10-27,SKU-0063,86.6,104.0
2024-11-03,SKU-0063,46.6,104.0
2024-11-10,SKU-0063,0.0,104.0
2024-11-17,SKU-0063,97.2,104.0
2024-11-24,SKU-0063,32.2,104.0
2024-12-01,SKU-0063,0.0,104.0
2024-12-08,SKU-0063,0.0,104.0
2024-12-15,SKU-0063,61.2,104.0
2024-12-22,SKU-0063,6.2,104.0
2024-12-29,SKU-0063,0.0,104.0
2025-01-05,SKU-0063,0.0,104.0
2025-01-12,SKU-0063,114.2,104.0
2025-01-19,SKU-0063,84.2,104.0
2025-01-26,SKU-0063,64.2,104.0
2025-02-02,SKU-0063,10.2,104.0
2025-02-09,SKU-0063,0.0,104.0
2025-02-16,SKU-0063,127.2,104.0
2025-02-23,SKU-0063,108.2,104.0
2025-03-02,SKU-0063,79.2,104.0
2025-03-09,SKU-0063,56.2,104.0
2025-03-16,SKU-0063,182.4,104.0
2025-03-23,SKU-0063,143.4,104.0
2025-03-30,SKU-0063,124.4,104.0
2025-04-06,SKU-0063,83.4,104.0
2025-04-13,SKU-0063,46.4,104.0
2025-04-20,SKU-0063,0.0,104.0
2025-04-27,SKU-0063,0.0,104.0
2025-05-04,SKU-0063,74.2,104.0
2025-05-11,SKU-0063,54.2,104.0
2025-05-18,SKU-0063,0.0,104.0
2025-05-25,SKU-0063,0.0,104.0
2025-06-01,SKU-0063,100.2,104.0
2025-06-08,SKU-0063,78.2,104.0
2025-06-15,SKU-0063,17.2,104.0
2025-06-22,SKU-0063,0.0,104.0
2025-06-29,SKU-0063,121.2,104.0
2025-07-06,SKU-0063,109.2,104.0
2025-07-13,SKU-0063,84.2,104.0
2025-07-20,SKU-0063,61.2,104.0
2025-07-27,SKU-0063,18.2,104.0
2025-08-03,SKU-0063,0.0,104.0
2025-08-10,SKU-0063,101.2,104.0
2025-08-17,SKU-0063,73.2,104.0
2025-08-24,SKU-0063,25.2,104.0
2025-08-31,SKU-0063,137.4,104.0
2025-09-07,SKU-0063,118.4,104.0
2025-09-14,SKU-0063,104.4,104.0
2025-09-21,SKU-0063,62.4,104.0
2025-09-28,SKU-0063,35.4,104.0
2025-10-05,SKU-0063,16.4,104.0
2025-10-12,SKU-0063,0.0,104.0
2025-10-19,SKU-0063,108.2,104.0
2025-10-26,SKU-0063,61.2,104.0
2025-11-02,SKU-0063,41.2,104.0
2025-11-09,SKU-0063,3.2,104.0
2025-11-16,SKU-0063,0.0,104.0
2025-11-23,SKU-0063,0.0,104.0
2025-11-30,SKU-0063,79.2,104.0
2025-12-07,SKU-0063,0.0,104.0
2025-12-14,SKU-0063,0.0,104.0
2025-12-21,SKU-0063,106.2,104.0
2025-12-28,SKU-0063,43.2,104.0
2024-01-07,SKU-0064,134.8,77.0
2024-01-14,SKU-0064,110.8,77.0
2024-01-21,SKU-0064,92.8,77.0
2024-01-28,SKU-0064,80.8,77.0
2024-02-04,SKU-0064,53.8,77.0
2024-02-11,SKU-0064,29.8,77.0
2024-02-18,SKU-0064,17.8,77.0
2024-02-25,SKU-0064,105.6,77.0
2024-03-03,SKU-0064,92.6,77.0
2024-03-10,SKU-0064,63.6,77.0
2024-03-17,SKU-0064,43.6,77.0
2024-03-24,SKU-0064,4.6,77.0
2024-03-31,SKU-0064,0.0,77.0
2024-04-07,SKU-0064,0.0,77.0
2024-04-14,SKU-0064,61.8,77.0
2024-04-21,SKU-0064,23.8,77.0
2024-04-28,SKU-0064,0.0,77.0
2024-05-05,SKU-0064,0.0,77.0
2024-05-12,SKU-0064,0.0,77.0
2024-05-19,SKU-0064,0.0,77.0
2024-05-26,SKU-0064,0.0,77.0
2024-06-02,SKU-0064,82.8,77.0
2024-06-09,SKU-0064,55.8,77.0
2024-06-16,SKU-0064,0.0,77.0
2024-06-23,SKU-0064,0.0,77.0
2024-06-30,SKU-0064,0.0,77.0
2024-07-07,SKU-0064,65.8,77.0
2024-07-14,SKU-0064,45.8,77.0
2024-07-21,SKU-0064,34.8,77.0
2024-07-28,SKU-0064,23.8,77.0
2024-08-04,SKU-0064,0.0,77.0
2024-08-11,SKU-0064,84.8,77.0
2024-08-18,SKU-0064,34.8,77.0
2024-08-25,SKU-0064,16.8,77.0
2024-09-01,SKU-0064,3.8,77.0
2024-09-08,SKU-0064,0.0,77.0
2024-09-15,SKU-0064,0.0,77.0
2024-09-22,SKU-0064,58.8,77.0
2024-09-29,SKU-0064,41.8,77.0
2024-10-06,SKU-0064,0.0,77.0
2024-10-13,SKU-0064,0.0,77.0
2024-10-20,SKU-0064,30.8,77.0
2024-10-27,SKU-0064,4.8,77.0
2024-11-03,SKU-0064,0.0,77.0
2024-11-10,SKU-0064,0.0,77.0
2024-11-17,SKU-0064,0.0,77.0
2024-11-24,SKU-0064,0.0,77.0
2024-12-01,SKU-0064,48.8,77.0
2024-12-08,SKU-0064,122.6,77.0
2024-12-15,SKU-0064,79.6,77.0
2024-12-22,SKU-0064,57.6,77.0
2024-12-29,SKU-0064,41.6,77.0
2025-01-05,SKU-0064,21.6,77.0
2025-01-12,SKU-0064,0.0,77.0
2025-01-19,SKU-0064,81.8,77.0
2025-01-26,SKU-0064,35.8,77.0
2025-02-02,SKU-0064,18.8,77.0
2025-02-09,SKU-0064,104.6,77.0
2025-02-16,SKU-0064,87.6,77.0
2025-02-23,SKU-0064,69.6,77.0
2025-03-02,SKU-0064,53.6,77.0
2025-03-09,SKU-0064,136.4,77.0
2025-03-16,SKU-0064,121.4,77.0
2025-03-23,SKU-0064,108.4,77.0
2025-03-30,SKU-0064,61.4,77.0
2025-04-06,SKU-0064,25.4,77.0
2025-04-13,SKU-0064,5.4,77.0
2025-04-20,SKU-0064,0.0,77.0
2025-04-27,SKU-0064,91.8,77.0
2025-05-04,SKU-0064,59.8,77.0
2025-05-11,SKU-0064,42.8,77.0
2025-05-18,SKU-0064,0.0,77.0
2025-05-25,SKU-0064,92.8,77.0
2025-06-01,SKU-0064,63.8,77.0
2025-06-08,SKU-0064,19.8,77.0
2025-06-15,SKU-0064,0.8,77.0
2025-06-22,SKU-0064,0.0,77.0
2025-06-29,SKU-0064,62.8,77.0
2025-07-06,SKU-0064,23.8,77.0
2025-07-13,SKU-0064,7.8,77.0
2025-07-20,SKU-0064,0.0,77.0
2025-07-27,SKU-0064,0.0,77.0
2025-08-03,SKU-0064,0.0,77.0
2025-08-10,SKU-0064,42.8,77.0
2025-08-17,SKU-0064,13.8,77.0
2025-08-24,SKU-0064,5.8,77.0
2025-08-31,SKU-0064,0.0,77.0
2025-09-07,SKU-0064,0.0,77.0
2025-09-14,SKU-0064,83.8,77.0
2025-09-21,SKU-0064,46.8,77.0
2025-09-28,SKU-0064,27.8,77.0
2025-10-05,SKU-0064,0.8,77.0
2025-10-12,SKU-0064,0.0,77.0
2025-10-19,SKU-0064,0.0,77.0
2025-10-26,SKU-0064,0.0,77.0
2025-11-02,SKU-0064,0.0,77.0
2025-11-09,SKU-0064,0.0,77.0
2025-11-16,SKU-0064,0.0,77.0
2025-11-23,SKU-0064,0.0,77.0
2025-11-30,SKU-0064,81.8,77.0
2025-12-07,SKU-0064,70.8,77.0
2025-12-14,SKU-0064,29.8,77.0
2025-12-21,SKU-0064,5.8,77.0
2025-12-28,SKU-0064,0.0,77.0
2024-01-07,SKU-0065,277.6,147.0
2024-01-14,SKU-0065,241.6,147.0
2024-01-21,SKU-0065,204.6,147.0
2024-01-28,SKU-0065,148.6,147.0
2024-02-04,SKU-0065,112.6,147.0
2024-02-11,SKU-0065,94.6,147.0
2024-02-18,SKU-0065,44.6,147.0
2024-02-25,SKU-0065,0.0,147.0
2024-03-03,SKU-0065,161.6,147.0
2024-03-10,SKU-0065,109.6,147.0
2024-03-17,SKU-0065,269.2,147.0
2024-03-24,SKU-0065,233.2,147.0
2024-03-31,SKU-0065,175.2,147.0
2024-04-07,SKU-0065,150.2,147.0
2024-04-14,SKU-0065,127.2,147.0
2024-04-21,SKU-0065,85.2,147.0
2024-04-28,SKU-0065,59.2,147.0
2024-05-05,SKU-0065,0.0,147.0
2024-05-12,SKU-0065,161.6,147.0
2024-05-19,SKU-0065,139.6,147.0
2024-05-26,SKU-0065,100.6,147.0
2024-06-02,SKU-0065,81.6,147.0
2024-06-09,SKU-0065,196.2,147.0
2024-06-16,SKU-0065,150.2,147.0
2024-06-23,SKU-0065,89.2,147.0
2024-06-30,SKU-0065,32.2,147.0
2024-07-07,SKU-0065,0.0,147.0
2024-07-14,SKU-0065,0.0,147.0
2024-07-21,SKU-0065,132.6,147.0
2024-07-28,SKU-0065,92.6,147.0
2024-08-04,SKU-0065,58.6,147.0
2024-08-11,SKU-0065,38.6,147.0
2024-08-18,SKU-0065,155.2,147.0
2024-08-25,SKU-0065,113.2,147.0
2024-09-01,SKU-0065,73.2,147.0
2024-09-08,SKU-0065,51.2,147.0
2024-09-15,SKU-0065,176.8,147.0
2024-09-22,SKU-0065,130.8,147.0
2024-09-29,SKU-0065,58.8,147.0
2024-10-06,SKU-0065,204.4,147.0
2024-10-13,SKU-0065,168.4,147.0
2024-10-20,SKU-0065,104.4,147.0
2024-10-27,SKU-0065,77.4,147.0
2024-11-03,SKU-0065,44.4,147.0
2024-11-10,SKU-0065,0.0,147.0
2024-11-17,SKU-0065,0.0,147.0
2024-11-24,SKU-0065,99.6,147.0
2024-12-01,SKU-0065,43.6,147.0
2024-12-08,SKU-0065,0.0,147.0
2024-12-15,SKU-0065,132.6,147.0
2024-12-22,SKU-0065,79.6,147.0
2024-12-29,SKU-0065,228.2,147.0
2025-01-05,SKU-0065,179.2,147.0
2025-01-12,SKU-0065,146.2,147.0
2025-01-19,SKU-0065,109.2,147.0
2025-01-26,SKU-0065,44.2,147.0
2025-02-02,SKU-0065,2.2,147.0
2025-02-09,SKU-0065,166.8,147.0
2025-02-16,SKU-0065,115.8,147.0
2025-02-23,SKU-0065,79.8,147.0
2025-03-02,SKU-0065,220.4,147.0
2025-03-09,SKU-0065,191.4,147.0
2025-03-16,SKU-0065,160.4,147.0
2025-03-23,SKU-0065,137.4,147.0
2025-03-30,SKU-0065,71.4,147.0
2025-04-06,SKU-0065,0.0,147.0
2025-04-13,SKU-0065,124.6,147.0
2025-04-20,SKU-0065,73.6,147.0
2025-04-27,SKU-0065,221.2,147.0
2025-05-04,SKU-0065,180.2,147.0
2025-05-11,SKU-0065,123.2,147.0
2025-05-18,SKU-0065,81.2,147.0
2025-05-25,SKU-0065,51.2,147.0
2025-06-01,SKU-0065,177.8,147.0
2025-06-08,SKU-0065,111.8,147.0
2025-06-15,SKU-0065,54.8,147.0
2025-06-22,SKU-0065,205.4,147.0
2025-06-29,SKU-0065,165.4,147.0
2025-07-06,SKU-0065,118.4,147.0
2025-07-13,SKU-0065,69.4,147.0
2025-07-20,SKU-0065,41.4,147.0
2025-07-27,SKU-0065,3.4,147.0
2025-08-03,SKU-0065,0.0,147.0
2025-08-10,SKU-0065,0.0,147.0
2025-08-17,SKU-0065,0.0,147.0
2025-08-24,SKU-0065,166.6,147.0
2025-08-31,SKU-0065,133.6,147.0
2025-09-07,SKU-0065,82.6,147.0
2025-09-14,SKU-0065,49.6,147.0
2025-09-21,SKU-0065,0.0,147.0
2025-09-28,SKU-0065,0.0,147.0
2025-10-05,SKU-0065,176.6,147.0
2025-10-12,SKU-0065,121.6,147.0
2025-10-19,SKU-0065,63.6,147.0
2025-10-26,SKU-0065,33.6,147.0
2025-11-02,SKU-0065,0.0,147.0
2025-11-09,SKU-0065,132.6,147.0
2025-11-16,SKU-0065,85.6,147.0
2025-11-23,SKU-0065,27.6,147.0
2025-11-30,SKU-0065,0.0,147.0
2025-12-07,SKU-0065,148.6,147.0
2025-12-14,SKU-0065,92.6,147.0
2025-12-21,SKU-0065,57.6,147.0
2025-12-28,SKU-0065,0.0,147.0
2024-01-07,SKU-0066,189.0,88.0
2024-01-14,SKU-0066,148.0,88.0
2024-01-21,SKU-0066,88.0,88.0
2024-01-28,SKU-0066,38.0,88.0
2024-02-04,SKU-0066,20.0,88.0
2024-02-11,SKU-0066,0.0,88.0
2024-02-18,SKU-0066,0.0,88.0
2024-02-25,SKU-0066,90.0,88.0
2024-03-03,SKU-0066,73.0,88.0
2024-03-10,SKU-0066,58.0,88.0
2024-03-17,SKU-0066,34.0,88.0
2024-03-24,SKU-0066,17.0,88.0
2024-03-31,SKU-0066,92.0,88.0
2024-04-07,SKU-0066,56.0,88.0
2024-04-14,SKU-0066,26.0,88.0
2024-04-21,SKU-0066,120.0,88.0
2024-04-28,SKU-0066,96.0,88.0
2024-05-05,SKU-0066,55.0,88.0
2024-05-12,SKU-0066,28.0,88.0
2024-05-19,SKU-0066,1.0,88.0
2024-05-26,SKU-0066,0.0,88.0
2024-06-02,SKU-0066,89.0,88.0
2024-06-09,SKU-0066,65.0,88.0
2024-06-16,SKU-0066,41.0,88.0
2024-06-23,SKU-0066,111.0,88.0
2024-06-30,SKU-0066,89.0,88.0
2024-07-07,SKU-0066,68.0,88.0
2024-07-14,SKU-0066,24.0,88.0
2024-07-21,SKU-0066,0.0,88.0
2024-07-28,SKU-0066,68.0,88.0
2024-08-04,SKU-0066,50.0,88.0
2024-08-11,SKU-0066,17.0,88.0
2024-08-18,SKU-0066,0.0,88.0
2024-08-25,SKU-0066,85.0,88.0
2024-09-01,SKU-0066,71.0,88.0
2024-09-08,SKU-0066,164.0,88.0
2024-09-15,SKU-0066,118.0,88.0
2024-09-22,SKU-0066,87.0,88.0
2024-09-29,SKU-0066,78.0,88.0
2024-10-06,SKU-0066,31.0,88.0
2024-10-13,SKU-0066,0.0,88.0
2024-10-20,SKU-0066,92.0,88.0
2024-10-27,SKU-0066,62.0,88.0
2024-11-03,SKU-0066,31.0,88.0
2024-11-10,SKU-0066,0.0,88.0
2024-11-17,SKU-0066,83.0,88.0
2024-11-24,SKU-0066,66.0,88.0
2024-12-01,SKU-0066,43.0,88.0
2024-12-08,SKU-0066,0.0,88.0
2024-12-15,SKU-0066,0.0,88.0
2024-12-22,SKU-0066,0.0,88.0
2024-12-29,SKU-0066,0.0,88.0
2025-01-05,SKU-0066,88.0,88.0
2025-01-12,SKU-0066,50.0,88.0
2025-01-19,SKU-0066,25.0,88.0
2025-01-26,SKU-0066,110.0,88.0
2025-02-02,SKU-0066,72.0,88.0
2025-02-09,SKU-0066,36.0,88.0
2025-02-16,SKU-0066,8.0,88.0
2025-02-23,SKU-0066,0.0,88.0
2025-03-02,SKU-0066,104.0,88.0
2025-03-09,SKU-0066,83.0,88.0
2025-03-16,SKU-0066,47.0,88.0
2025-03-23,SKU-0066,0.0,88.0
2025-03-30,SKU-0066,0.0,88.0
2025-04-06,SKU-0066,0.0,88.0
2025-04-13,SKU-0066,92.0,88.0
2025-04-20,SKU-0066,75.0,88.0
2025-04-27,SKU-0066,43.0,88.0
2025-05-04,SKU-0066,10.0,88.0
2025-05-11,SKU-0066,0.0,88.0
2025-05-18,SKU-0066,100.0,88.0
2025-05-25,SKU-0066,73.0,88.0
2025-06-01,SKU-0066,51.0,88.0
2025-06-08,SKU-0066,17.0,88.0
2025-06-15,SKU-0066,2.0,88.0
2025-06-22,SKU-0066,80.0,88.0
2025-06-29,SKU-0066,59.0,88.0
2025-07-06,SKU-0066,27.0,88.0
2025-07-13,SKU-0066,14.0,88.0
2025-07-20,SKU-0066,91.0,88.0
2025-07-27,SKU-0066,62.0,88.0
2025-08-03,SKU-0066,0.0,88.0
2025-08-10,SKU-0066,0.0,88.0
2025-08-17,SKU-0066,0.0,88.0
2025-08-24,SKU-0066,80.0,88.0
2025-08-31,SKU-0066,38.0,88.0
2025-09-07,SKU-0066,26.0,88.0
2025-09-14,SKU-0066,0.0,88.0
2025-09-21,SKU-0066,75.0,88.0
2025-09-28,SKU-0066,21.0,88.0
2025-10-05,SKU-0066,0.0,88.0
2025-10-12,SKU-0066,0.0,88.0
2025-10-19,SKU-0066,0.0,88.0
2025-10-26,SKU-0066,40.0,88.0
2025-11-02,SKU-0066,0.0,88.0
2025-11-09,SKU-0066,0.0,88.0
2025-11-16,SKU-0066,0.0,88.0
2025-11-23,SKU-0066,0.0,88.0
2025-11-30,SKU-0066,85.0,88.0
2025-12-07,SKU-0066,63.0,88.0
2025-12-14,SKU-0066,33.0,88.0
2025-12-21,SKU-0066,12.0,88.0
2025-12-28,SKU-0066,102.0,88.0
2024-01-07,SKU-0067,623.2,326.0
2024-01-14,SKU-0067,532.2,326.0
2024-01-21,SKU-0067,463.2,326.0
2024-01-28,SKU-0067,289.2,326.0
2024-02-04,SKU-0067,146.2,326.0
2024-02-11,SKU-0067,493.4,326.0
2024-02-18,SKU-0067,449.4,326.0
2024-02-25,SKU-0067,306.4,326.0
2024-03-03,SKU-0067,586.6,326.0
2024-03-10,SKU-0067,511.6,326.0
2024-03-17,SKU-0067,348.6,326.0
2024-03-24,SKU-0067,280.6,326.0
2024-03-31,SKU-0067,630.8,326.0
2024-04-07,SKU-0067,547.8,326.0
2024-04-14,SKU-0067,441.8,326.0
2024-04-21,SKU-0067,347.8,326.0
2024-04-28,SKU-0067,175.8,326.0
2024-05-05,SKU-0067,522.0,326.0
2024-05-12,SKU-0067,401.0,326.0
2024-05-19,SKU-0067,297.0,326.0
2024-05-26,SKU-0067,620.2,326.0
2024-06-02,SKU-0067,544.2,326.0
2024-06-09,SKU-0067,441.2,326.0
2024-06-16,SKU-0067,264.2,326.0
2024-06-23,SKU-0067,556.4,326.0
2024-06-30,SKU-0067,490.4,326.0
2024-07-07,SKU-0067,403.4,326.0
2024-07-14,SKU-0067,334.4,326.0
2024-07-21,SKU-0067,257.4,326.0
2024-07-28,SKU-0067,612.6,326.0
2024-08-04,SKU-0067,546.6,326.0
2024-08-11,SKU-0067,420.6,326.0
2024-08-18,SKU-0067,271.6,326.0
2024-08-25,SKU-0067,595.8,326.0
2024-09-01,SKU-0067,506.8,326.0
2024-09-08,SKU-0067,392.8,326.0
2024-09-15,SKU-0067,312.8,326.0
2024-09-22,SKU-0067,152.8,326.0
2024-09-29,SKU-0067,325.0,326.0
2024-10-06,SKU-0067,284.0,326.0
2024-10-13,SKU-0067,586.2,326.0
2024-10-20,SKU-0067,470.2,326.0
2024-10-27,SKU-0067,347.2,326.0
2024-11-03,SKU-0067,223.2,326.0
2024-11-10,SKU-0067,581.4,326.0
2024-11-17,SKU-0067,447.4,326.0
2024-11-24,SKU-0067,329.4,326.0
2024-12-01,SKU-0067,206.4,326.0
2024-12-08,SKU-0067,78.4,326.0
2024-12-15,SKU-0067,405.6,326.0
2024-12-22,SKU-0067,90.6,326.0
2024-12-29,SKU-0067,444.8,326.0
2025-01-05,SKU-0067,367.8,326.0
2025-01-12,SKU-0067,312.8,326.0
2025-01-19,SKU-0067,228.8,326.0
2025-01-26,SKU-0067,501.0,326.0
2025-02-02,SKU-0067,416.0,326.0
2025-02-09,SKU-0067,353.0,326.0
2025-02-16,SKU-0067,301.0,326.0
2025-02-23,SKU-0067,194.0,326.0
2025-03-02,SKU-0067,558.2,326.0
2025-03-09,SKU-0067,439.2,326.0
2025-03-16,SKU-0067,367.2,326.0
2025-03-23,SKU-0067,291.2,326.0
2025-03-30,SKU-0067,635.4,326.0
2025-04-06,SKU-0067,582.4,326.0
2025-04-13,SKU-0067,426.4,326.0
2025-04-20,SKU-0067,362.4,326.0
2025-04-27,SKU-0067,258.4,326.0
2025-05-04,SKU-0067,137.4,326.0
2025-05-11,SKU-0067,321.6,326.0
2025-05-18,SKU-0067,199.6,326.0
2025-05-25,SKU-0067,494.8,326.0
2025-06-01,SKU-0067,409.8,326.0
2025-06-08,SKU-0067,311.8,326.0
2025-06-15,SKU-0067,208.8,326.0
2025-06-22,SKU-0067,488.0,326.0
2025-06-29,SKU-0067,417.0,326.0
2025-07-06,SKU-0067,298.0,326.0
2025-07-13,SKU-0067,428.2,326.0
2025-07-20,SKU-0067,358.2,326.0
2025-07-27,SKU-0067,308.2,326.0
2025-08-03,SKU-0067,657.4,326.0
2025-08-10,SKU-0067,557.4,326.0
2025-08-17,SKU-0067,358.4,326.0
2025-08-24,SKU-0067,232.4,326.0
2025-08-31,SKU-0067,504.6,326.0
2025-09-07,SKU-0067,423.6,326.0
2025-09-14,SKU-0067,318.6,326.0
2025-09-21,SKU-0067,198.6,326.0
2025-09-28,SKU-0067,556.8,326.0
2025-10-05,SKU-0067,429.8,326.0
2025-10-12,SKU-0067,326.8,326.0
2025-10-19,SKU-0067,201.8,326.0
2025-10-26,SKU-0067,570.0,326.0
2025-11-02,SKU-0067,507.0,326.0
2025-11-09,SKU-0067,274.0,326.0
2025-11-16,SKU-0067,134.0,326.0
2025-11-23,SKU-0067,436.2,326.0
2025-11-30,SKU-0067,64.2,326.0
2025-12-07,SKU-0067,0.0,326.0
2025-12-14,SKU-0067,279.2,326.0
2025-12-21,SKU-0067,177.2,326.0
2025-12-28,SKU-0067,460.4,326.0
2024-01-07,SKU-0068,893.2,440.0
2024-01-14,SKU-0068,781.2,440.0
2024-01-21,SKU-0068,573.2,440.0
2024-01-28,SKU-0068,410.2,440.0
2024-02-04,SKU-0068,850.4,440.0
2024-02-11,SKU-0068,762.4,440.0
2024-02-18,SKU-0068,669.4,440.0
2024-02-25,SKU-0068,490.4,440.0
2024-03-03,SKU-0068,349.4,440.0
2024-03-10,SKU-0068,830.6,440.0
2024-03-17,SKU-0068,685.6,440.0
2024-03-24,SKU-0068,554.6,440.0
2024-03-31,SKU-0068,443.6,440.0
2024-04-07,SKU-0068,315.6,440.0
2024-04-14,SKU-0068,721.8,440.0
2024-04-21,SKU-0068,566.8,440.0
2024-04-28,SKU-0068,466.8,440.0
2024-05-05,SKU-0068,358.8,440.0
2024-05-12,SKU-0068,789.0,440.0
2024-05-19,SKU-0068,693.0,440.0
2024-05-26,SKU-0068,545.0,440.0
2024-06-02,SKU-0068,408.0,440.0
2024-06-09,SKU-0068,906.2,440.0
2024-06-16,SKU-0068,846.2,440.0
2024-06-23,SKU-0068,741.2,440.0
2024-06-30,SKU-0068,598.2,440.0
2024-07-07,SKU-0068,458.2,440.0
2024-07-14,SKU-0068,236.2,440.0
2024-07-21,SKU-0068,683.4,440.0
2024-07-28,SKU-0068,547.4,440.0
2024-08-04,SKU-0068,382.4,440.0
2024-08-11,SKU-0068,846.6,440.0
2024-08-18,SKU-0068,576.6,440.0
2024-08-25,SKU-0068,460.6,440.0
2024-09-01,SKU-0068,353.6,440.0
2024-09-08,SKU-0068,231.6,440.0
2024-09-15,SKU-0068,590.8,440.0
2024-09-22,SKU-0068,471.8,440.0
2024-09-29,SKU-0068,360.8,440.0
2024-10-06,SKU-0068,755.0,440.0
2024-10-13,SKU-0068,515.0,440.0
2024-10-20,SKU-0068,381.0,440.0
2024-10-27,SKU-0068,767.2,440.0
2024-11-03,SKU-0068,619.2,440.0
2024-11-10,SKU-0068,307.2,440.0
2024-11-17,SKU-0068,767.4,440.0
2024-11-24,SKU-0068,598.4,440.0
2024-12-01,SKU-0068,446.4,440.0
2024-12-08,SKU-0068,320.4,440.0
2024-12-15,SKU-0068,735.6,440.0
2024-12-22,SKU-0068,509.6,440.0
2024-12-29,SKU-0068,378.6,440.0
2025-01-05,SKU-0068,134.6,440.0
2025-01-12,SKU-0068,588.8,440.0
2025-01-19,SKU-0068,450.8,440.0
2025-01-26,SKU-0068,358.8,440.0
2025-02-02,SKU-0068,831.0,440.0
2025-02-09,SKU-0068,669.0,440.0
2025-02-16,SKU-0068,588.0,440.0
2025-02-23,SKU-0068,497.0,440.0
2025-03-02,SKU-0068,403.0,440.0
2025-03-09,SKU-0068,911.2,440.0
2025-03-16,SKU-0068,751.2,440.0
2025-03-23,SKU-0068,656.2,440.0
2025-03-30,SKU-0068,425.2,440.0
2025-04-06,SKU-0068,927.4,440.0
2025-04-13,SKU-0068,809.4,440.0
2025-04-20,SKU-0068,673.4,440.0
2025-04-27,SKU-0068,580.4,440.0
2025-05-04,SKU-0068,517.4,440.0
2025-05-11,SKU-0068,409.4,440.0
2025-05-18,SKU-0068,860.6,440.0
2025-05-25,SKU-0068,763.6,440.0
2025-06-01,SKU-0068,608.6,440.0
2025-06-08,SKU-0068,537.6,440.0
2025-06-15,SKU-0068,381.6,440.0
2025-06-22,SKU-0068,667.8,440.0
2025-06-29,SKU-0068,468.8,440.0
2025-07-06,SKU-0068,270.8,440.0
2025-07-13,SKU-0068,737.0,440.0
2025-07-20,SKU-0068,619.0,440.0
2025-07-27,SKU-0068,411.0,440.0
2025-08-03,SKU-0068,286.0,440.0
2025-08-10,SKU-0068,694.2,440.0
2025-08-17,SKU-0068,595.2,440.0
2025-08-24,SKU-0068,432.2,440.0
2025-08-31,SKU-0068,868.4,440.0
2025-09-07,SKU-0068,804.4,440.0
2025-09-14,SKU-0068,666.4,440.0
2025-09-21,SKU-0068,488.4,440.0
2025-09-28,SKU-0068,312.4,440.0
2025-10-05,SKU-0068,723.6,440.0
2025-10-12,SKU-0068,477.6,440.0
2025-10-19,SKU-0068,327.6,440.0
2025-10-26,SKU-0068,798.8,440.0
2025-11-02,SKU-0068,539.8,440.0
2025-11-09,SKU-0068,136.8,440.0
2025-11-16,SKU-0068,560.0,440.0
2025-11-23,SKU-0068,237.0,440.0
2025-11-30,SKU-0068,650.2,440.0
2025-12-07,SKU-0068,548.2,440.0
2025-12-14,SKU-0068,421.2,440.0
2025-12-21,SKU-0068,880.4,440.0
2025-12-28,SKU-0068,610.4,440.0
2024-01-07,SKU-0069,1868.0,900.0
2024-01-14,SKU-0069,1715.0,900.0
2024-01-21,SKU-0069,1480.0,900.0
2024-01-28,SKU-0069,954.0,900.0
2024-02-04,SKU-0069,755.0,900.0
2024-02-11,SKU-0069,1822.0,900.0
2024-02-18,SKU-0069,1560.0,900.0
2024-02-25,SKU-0069,1437.0,900.0
2024-03-03,SKU-0069,1126.0,900.0
2024-03-10,SKU-0069,702.0,900.0
2024-03-17,SKU-0069,1647.0,900.0
2024-03-24,SKU-0069,1475.0,900.0
2024-03-31,SKU-0069,1231.0,900.0
2024-04-07,SKU-0069,1134.0,900.0
2024-04-14,SKU-0069,489.0,900.0
2024-04-21,SKU-0069,624.0,900.0
2024-04-28,SKU-0069,382.0,900.0
2024-05-05,SKU-0069,1515.0,900.0
2024-05-12,SKU-0069,1355.0,900.0
2024-05-19,SKU-0069,1256.0,900.0
2024-05-26,SKU-0069,1181.0,900.0
2024-06-02,SKU-0069,952.0,900.0
2024-06-09,SKU-0069,726.0,900.0
2024-06-16,SKU-0069,1758.0,900.0
2024-06-23,SKU-0069,1253.0,900.0
2024-06-30,SKU-0069,996.0,900.0
2024-07-07,SKU-0069,864.0,900.0
2024-07-14,SKU-0069,544.0,900.0
2024-07-21,SKU-0069,1633.0,900.0
2024-07-28,SKU-0069,1436.0,900.0
2024-08-04,SKU-0069,1287.0,900.0
2024-08-11,SKU-0069,982.0,900.0
2024-08-18,SKU-0069,769.0,900.0
2024-08-25,SKU-0069,1794.0,900.0
2024-09-01,SKU-0069,1489.0,900.0
2024-09-08,SKU-0069,1141.0,900.0
2024-09-15,SKU-0069,840.0,900.0
2024-09-22,SKU-0069,1517.0,900.0
2024-09-29,SKU-0069,1384.0,900.0
2024-10-06,SKU-0069,1030.0,900.0
2024-10-13,SKU-0069,235.0,900.0
2024-10-20,SKU-0069,1158.0,900.0
2024-10-27,SKU-0069,1090.0,900.0
2024-11-03,SKU-0069,475.0,900.0
2024-11-10,SKU-0069,1383.0,900.0
2024-11-17,SKU-0069,883.0,900.0
2024-11-24,SKU-0069,488.0,900.0
2024-12-01,SKU-0069,1222.0,900.0
2024-12-08,SKU-0069,540.0,900.0
2024-12-15,SKU-0069,1398.0,900.0
2024-12-22,SKU-0069,879.0,900.0
2024-12-29,SKU-0069,741.0,900.0
2025-01-05,SKU-0069,1818.0,900.0
2025-01-12,SKU-0069,1618.0,900.0
2025-01-19,SKU-0069,1029.0,900.0
2025-01-26,SKU-0069,901.0,900.0
2025-02-02,SKU-0069,733.0,900.0
2025-02-09,SKU-0069,1615.0,900.0
2025-02-16,SKU-0069,1465.0,900.0
2025-02-23,SKU-0069,1373.0,900.0
2025-03-02,SKU-0069,1308.0,900.0
2025-03-09,SKU-0069,936.0,900.0
2025-03-16,SKU-0069,826.0,900.0
2025-03-23,SKU-0069,1744.0,900.0
2025-03-30,SKU-0069,1431.0,900.0
2025-04-06,SKU-0069,1304.0,900.0
2025-04-13,SKU-0069,988.0,900.0
2025-04-20,SKU-0069,927.0,900.0
2025-04-27,SKU-0069,705.0,900.0
2025-05-04,SKU-0069,1778.0,900.0
2025-05-11,SKU-0069,1494.0,900.0
2025-05-18,SKU-0069,1216.0,900.0
2025-05-25,SKU-0069,941.0,900.0
2025-06-01,SKU-0069,570.0,900.0
2025-06-08,SKU-0069,1603.0,900.0
2025-06-15,SKU-0069,1503.0,900.0
2025-06-22,SKU-0069,1389.0,900.0
2025-06-29,SKU-0069,919.0,900.0
2025-07-06,SKU-0069,792.0,900.0
2025-07-13,SKU-0069,596.0,900.0
2025-07-20,SKU-0069,1489.0,900.0
2025-07-27,SKU-0069,1268.0,900.0
2025-08-03,SKU-0069,1133.0,900.0
2025-08-10,SKU-0069,1067.0,900.0
2025-08-17,SKU-0069,610.0,900.0
2025-08-24,SKU-0069,435.0,900.0
2025-08-31,SKU-0069,1545.0,900.0
2025-09-07,SKU-0069,1374.0,900.0
2025-09-14,SKU-0069,1109.0,900.0
2025-09-21,SKU-0069,1035.0,900.0
2025-09-28,SKU-0069,755.0,900.0
2025-10-05,SKU-0069,1680.0,900.0
2025-10-12,SKU-0069,1315.0,900.0
2025-10-19,SKU-0069,1039.0,900.0
2025-10-26,SKU-0069,893.0,900.0
2025-11-02,SKU-0069,1976.0,900.0
2025-11-09,SKU-0069,1685.0,900.0
2025-11-16,SKU-0069,1448.0,900.0
2025-11-23,SKU-0069,579.0,900.0
2025-11-30,SKU-0069,1505.0,900.0
2025-12-07,SKU-0069,1101.0,900.0
2025-12-14,SKU-0069,778.0,900.0
2025-12-21,SKU-0069,1875.0,900.0
2025-12-28,SKU-0069,1372.0,900.0
2024-01-07,SKU-0070,1752.4,806.0
2024-01-14,SKU-0070,1690.4,806.0
2024-01-21,SKU-0070,1448.4,806.0
2024-01-28,SKU-0070,1007.4,806.0
2024-02-04,SKU-0070,849.4,806.0
2024-02-11,SKU-0070,709.4,806.0
2024-02-18,SKU-0070,1675.8,806.0
2024-02-25,SKU-0070,1549.8,806.0
2024-03-03,SKU-0070,1129.8,806.0
2024-03-10,SKU-0070,931.8,806.0
2024-03-17,SKU-0070,677.8,806.0
2024-03-24,SKU-0070,1468.2,806.0
2024-03-31,SKU-0070,1446.2,806.0
2024-04-07,SKU-0070,1224.2,806.0
2024-04-14,SKU-0070,926.2,806.0
2024-04-21,SKU-0070,695.2,806.0
2024-04-28,SKU-0070,629.2,806.0
2024-05-05,SKU-0070,1589.6,806.0
2024-05-12,SKU-0070,1258.6,806.0
2024-05-19,SKU-0070,984.6,806.0
2024-05-26,SKU-0070,704.6,806.0
2024-06-02,SKU-0070,1690.0,806.0
2024-06-09,SKU-0070,1438.0,806.0
2024-06-16,SKU-0070,846.0,806.0
2024-06-23,SKU-0070,634.0,806.0
2024-06-30,SKU-0070,1157.4,806.0
2024-07-07,SKU-0070,777.4,806.0
2024-07-14,SKU-0070,1483.8,806.0
2024-07-21,SKU-0070,1359.8,806.0
2024-07-28,SKU-0070,1233.8,806.0
2024-08-04,SKU-0070,1106.8,806.0
2024-08-11,SKU-0070,626.8,806.0
2024-08-18,SKU-0070,109.8,806.0
2024-08-25,SKU-0070,1086.2,806.0
2024-09-01,SKU-0070,1003.2,806.0
2024-09-08,SKU-0070,771.2,806.0
2024-09-15,SKU-0070,1295.6,806.0
2024-09-22,SKU-0070,1037.6,806.0
2024-09-29,SKU-0070,701.6,806.0
2024-10-06,SKU-0070,1455.0,806.0
2024-10-13,SKU-0070,1111.0,806.0
2024-10-20,SKU-0070,906.0,806.0
2024-10-27,SKU-0070,585.0,806.0
2024-11-03,SKU-0070,1211.4,806.0
2024-11-10,SKU-0070,959.4,806.0
2024-11-17,SKU-0070,35.4,806.0
2024-11-24,SKU-0070,983.8,806.0
2024-12-01,SKU-0070,788.8,806.0
2024-12-08,SKU-0070,1723.2,806.0
2024-12-15,SKU-0070,1162.2,806.0
2024-12-22,SKU-0070,593.2,806.0
2024-12-29,SKU-0070,1517.6,806.0
2025-01-05,SKU-0070,1329.6,806.0
2025-01-12,SKU-0070,1201.6,806.0
2025-01-19,SKU-0070,1135.6,806.0
2025-01-26,SKU-0070,1036.6,806.0
2025-02-02,SKU-0070,818.6,806.0
2025-02-09,SKU-0070,560.6,806.0
2025-02-16,SKU-0070,459.6,806.0
2025-02-23,SKU-0070,1363.0,806.0
2025-03-02,SKU-0070,1026.0,806.0
2025-03-09,SKU-0070,521.0,806.0
2025-03-16,SKU-0070,1356.4,806.0
2025-03-23,SKU-0070,1253.4,806.0
2025-03-30,SKU-0070,1194.4,806.0
2025-04-06,SKU-0070,988.4,806.0
2025-04-13,SKU-0070,832.4,806.0
2025-04-20,SKU-0070,704.4,806.0
2025-04-27,SKU-0070,1659.8,806.0
2025-05-04,SKU-0070,1524.8,806.0
2025-05-11,SKU-0070,1298.8,806.0
2025-05-18,SKU-0070,968.8,806.0
2025-05-25,SKU-0070,856.8,806.0
2025-06-01,SKU-0070,62.8,806.0
2025-06-08,SKU-0070,0.0,806.0
2025-06-15,SKU-0070,901.4,806.0
2025-06-22,SKU-0070,643.4,806.0
2025-06-29,SKU-0070,1097.8,806.0
2025-07-06,SKU-0070,992.8,806.0
2025-07-13,SKU-0070,862.8,806.0
2025-07-20,SKU-0070,732.8,806.0
2025-07-27,SKU-0070,1709.2,806.0
2025-08-03,SKU-0070,1358.2,806.0
2025-08-10,SKU-0070,1179.2,806.0
2025-08-17,SKU-0070,954.2,806.0
2025-08-24,SKU-0070,732.2,806.0
2025-08-31,SKU-0070,551.2,806.0
2025-09-07,SKU-0070,986.6,806.0
2025-09-14,SKU-0070,796.6,806.0
2025-09-21,SKU-0070,681.6,806.0
2025-09-28,SKU-0070,1677.0,806.0
2025-10-05,SKU-0070,1537.0,806.0
2025-10-12,SKU-0070,1276.0,806.0
2025-10-19,SKU-0070,1018.0,806.0
2025-10-26,SKU-0070,737.0,806.0
2025-11-02,SKU-0070,1607.4,806.0
2025-11-09,SKU-0070,1230.4,806.0
2025-11-16,SKU-0070,847.4,806.0
2025-11-23,SKU-0070,731.4,806.0
2025-11-30,SKU-0070,363.4,806.0
2025-12-07,SKU-0070,1084.8,806.0
2025-12-14,SKU-0070,869.8,806.0
2025-12-21,SKU-0070,291.8,806.0
2025-12-28,SKU-0070,1093.2,806.0
2024-01-07,SKU-0071,687.2,319.0
2024-01-14,SKU-0071,557.2,319.0
2024-01-21,SKU-0071,362.2,319.0
2024-01-28,SKU-0071,315.2,319.0
2024-02-04,SKU-0071,663.4,319.0
2024-02-11,SKU-0071,541.4,319.0
2024-02-18,SKU-0071,434.4,319.0
2024-02-25,SKU-0071,303.4,319.0
2024-03-03,SKU-0071,140.4,319.0
2024-03-10,SKU-0071,529.6,319.0
2024-03-17,SKU-0071,408.6,319.0
2024-03-24,SKU-0071,369.6,319.0
2024-03-31,SKU-0071,314.6,319.0
2024-04-07,SKU-0071,685.8,319.0
2024-04-14,SKU-0071,570.8,319.0
2024-04-21,SKU-0071,529.8,319.0
2024-04-28,SKU-0071,433.8,319.0
2024-05-05,SKU-0071,388.8,319.0
2024-05-12,SKU-0071,141.8,319.0
2024-05-19,SKU-0071,494.0,319.0
2024-05-26,SKU-0071,401.0,319.0
2024-06-02,SKU-0071,347.0,319.0
2024-06-09,SKU-0071,275.0,319.0
2024-06-16,SKU-0071,519.2,319.0
2024-06-23,SKU-0071,411.2,319.0
2024-06-30,SKU-0071,356.2,319.0
2024-07-07,SKU-0071,282.2,319.0
2024-07-14,SKU-0071,620.4,319.0
2024-07-21,SKU-0071,400.4,319.0
2024-07-28,SKU-0071,311.4,319.0
2024-08-04,SKU-0071,616.6,319.0
2024-08-11,SKU-0071,455.6,319.0
2024-08-18,SKU-0071,148.6,319.0
2024-08-25,SKU-0071,441.8,319.0
2024-09-01,SKU-0071,382.8,319.0
2024-09-08,SKU-0071,321.8,319.0
2024-09-15,SKU-0071,96.8,319.0
2024-09-22,SKU-0071,402.0,319.0
2024-09-29,SKU-0071,363.0,319.0
2024-10-06,SKU-0071,281.0,319.0
2024-10-13,SKU-0071,197.0,319.0
2024-10-20,SKU-0071,533.2,319.0
2024-10-27,SKU-0071,389.2,319.0
2024-11-03,SKU-0071,213.2,319.0
2024-11-10,SKU-0071,395.4,319.0
2024-11-17,SKU-0071,344.4,319.0
2024-11-24,SKU-0071,198.4,319.0
2024-12-01,SKU-0071,89.4,319.0
2024-12-08,SKU-0071,442.6,319.0
2024-12-15,SKU-0071,261.6,319.0
2024-12-22,SKU-0071,198.6,319.0
2024-12-29,SKU-0071,562.8,319.0
2025-01-05,SKU-0071,380.8,319.0
2025-01-12,SKU-0071,279.8,319.0
2025-01-19,SKU-0071,582.0,319.0
2025-01-26,SKU-0071,425.0,319.0
2025-02-02,SKU-0071,382.0,319.0
2025-02-09,SKU-0071,226.0,319.0
2025-02-16,SKU-0071,567.2,319.0
2025-02-23,SKU-0071,463.2,319.0
2025-03-02,SKU-0071,335.2,319.0
2025-03-09,SKU-0071,217.2,319.0
2025-03-16,SKU-0071,570.4,319.0
2025-03-23,SKU-0071,484.4,319.0
2025-03-30,SKU-0071,390.4,319.0
2025-04-06,SKU-0071,237.4,319.0
2025-04-13,SKU-0071,631.6,319.0
2025-04-20,SKU-0071,448.6,319.0
2025-04-27,SKU-0071,390.6,319.0
2025-05-04,SKU-0071,117.6,319.0
2025-05-11,SKU-0071,422.8,319.0
2025-05-18,SKU-0071,199.8,319.0
2025-05-25,SKU-0071,114.8,319.0
2025-06-01,SKU-0071,315.0,319.0
2025-06-08,SKU-0071,621.2,319.0
2025-06-15,SKU-0071,503.2,319.0
2025-06-22,SKU-0071,382.2,319.0
2025-06-29,SKU-0071,353.2,319.0
2025-07-06,SKU-0071,307.2,319.0
2025-07-13,SKU-0071,264.2,319.0
2025-07-20,SKU-0071,590.4,319.0
2025-07-27,SKU-0071,505.4,319.0
2025-08-03,SKU-0071,359.4,319.0
2025-08-10,SKU-0071,243.4,319.0
2025-08-17,SKU-0071,64.4,319.0
2025-08-24,SKU-0071,420.6,319.0
2025-08-31,SKU-0071,304.6,319.0
2025-09-07,SKU-0071,226.6,319.0
2025-09-14,SKU-0071,595.8,319.0
2025-09-21,SKU-0071,553.8,319.0
2025-09-28,SKU-0071,459.8,319.0
2025-10-05,SKU-0071,392.8,319.0
2025-10-12,SKU-0071,311.8,319.0
2025-10-19,SKU-0071,245.8,319.0
2025-10-26,SKU-0071,609.0,319.0
2025-11-02,SKU-0071,104.0,319.0
2025-11-09,SKU-0071,0.0,319.0
2025-11-16,SKU-0071,358.2,319.0
2025-11-23,SKU-0071,243.2,319.0
2025-11-30,SKU-0071,115.2,319.0
2025-12-07,SKU-0071,57.2,319.0
2025-12-14,SKU-0071,281.4,319.0
2025-12-21,SKU-0071,205.4,319.0
2025-12-28,SKU-0071,475.6,319.0
2024-01-07,SKU-0072,1415.4,662.0
2024-01-14,SKU-0072,1309.4,662.0
2024-01-21,SKU-0072,348.4,662.0
2024-01-28,SKU-0072,1112.8,662.0
2024-02-04,SKU-0072,1043.8,662.0
2024-02-11,SKU-0072,924.8,662.0
2024-02-18,SKU-0072,832.8,662.0
2024-02-25,SKU-0072,545.8,662.0
2024-03-03,SKU-0072,328.8,662.0
2024-03-10,SKU-0072,1122.2,662.0
2024-03-17,SKU-0072,673.2,662.0
2024-03-24,SKU-0072,522.2,662.0
2024-03-31,SKU-0072,439.2,662.0
2024-04-07,SKU-0072,994.6,662.0
2024-04-14,SKU-0072,736.6,662.0
2024-04-21,SKU-0072,633.6,662.0
2024-04-28,SKU-0072,536.6,662.0
2024-05-05,SKU-0072,1249.0,662.0
2024-05-12,SKU-0072,1121.0,662.0
2024-05-19,SKU-0072,871.0,662.0
2024-05-26,SKU-0072,655.0,662.0
2024-06-02,SKU-0072,557.0,662.0
2024-06-09,SKU-0072,1335.4,662.0
2024-06-16,SKU-0072,1170.4,662.0
2024-06-23,SKU-0072,785.4,662.0
2024-06-30,SKU-0072,652.4,662.0
2024-07-07,SKU-0072,395.4,662.0
2024-07-14,SKU-0072,1147.8,662.0
2024-07-21,SKU-0072,912.8,662.0
2024-07-28,SKU-0072,777.8,662.0
2024-08-04,SKU-0072,537.8,662.0
2024-08-11,SKU-0072,420.8,662.0
2024-08-18,SKU-0072,1177.2,662.0
2024-08-25,SKU-0072,627.2,662.0
2024-09-01,SKU-0072,1187.6,662.0
2024-09-08,SKU-0072,1090.6,662.0
2024-09-15,SKU-0072,721.6,662.0
2024-09-22,SKU-0072,545.6,662.0
2024-09-29,SKU-0072,1022.0,662.0
2024-10-06,SKU-0072,923.0,662.0
2024-10-13,SKU-0072,728.0,662.0
2024-10-20,SKU-0072,565.0,662.0
2024-10-27,SKU-0072,1307.4,662.0
2024-11-03,SKU-0072,1176.4,662.0
2024-11-10,SKU-0072,455.4,662.0
2024-11-17,SKU-0072,1090.8,662.0
2024-11-24,SKU-0072,881.8,662.0
2024-12-01,SKU-0072,786.8,662.0
2024-12-08,SKU-0072,349.8,662.0
2024-12-15,SKU-0072,794.2,662.0
2024-12-22,SKU-0072,579.2,662.0
2024-12-29,SKU-0072,1350.6,662.0
2025-01-05,SKU-0072,1127.6,662.0
2025-01-12,SKU-0072,964.6,662.0
2025-01-19,SKU-0072,891.6,662.0
2025-01-26,SKU-0072,377.6,662.0
2025-02-02,SKU-0072,1025.0,662.0
2025-02-09,SKU-0072,934.0,662.0
2025-02-16,SKU-0072,833.0,662.0
2025-02-23,SKU-0072,590.0,662.0
2025-03-02,SKU-0072,1143.4,662.0
2025-03-09,SKU-0072,906.4,662.0
2025-03-16,SKU-0072,677.4,662.0
2025-03-23,SKU-0072,537.4,662.0
2025-03-30,SKU-0072,0.0,662.0
2025-04-06,SKU-0072,725.4,662.0
2025-04-13,SKU-0072,518.4,662.0
2025-04-20,SKU-0072,1174.8,662.0
2025-04-27,SKU-0072,1017.8,662.0
2025-05-04,SKU-0072,726.8,662.0
2025-05-11,SKU-0072,281.8,662.0
2025-05-18,SKU-0072,1108.2,662.0
2025-05-25,SKU-0072,939.2,662.0
2025-06-01,SKU-0072,552.2,662.0
2025-06-08,SKU-0072,131.2,662.0
2025-06-15,SKU-0072,0.0,662.0
2025-06-22,SKU-0072,600.4,662.0
2025-06-29,SKU-0072,1266.8,662.0
2025-07-06,SKU-0072,1059.8,662.0
2025-07-13,SKU-0072,924.8,662.0
2025-07-20,SKU-0072,592.8,662.0
2025-07-27,SKU-0072,222.8,662.0
2025-08-03,SKU-0072,631.2,662.0
2025-08-10,SKU-0072,1285.6,662.0
2025-08-17,SKU-0072,1072.6,662.0
2025-08-24,SKU-0072,704.6,662.0
2025-08-31,SKU-0072,0.0,662.0
2025-09-07,SKU-0072,704.4,662.0
2025-09-14,SKU-0072,511.4,662.0
2025-09-21,SKU-0072,0.0,662.0
2025-09-28,SKU-0072,773.4,662.0
2025-10-05,SKU-0072,719.4,662.0
2025-10-12,SKU-0072,347.4,662.0
2025-10-19,SKU-0072,762.8,662.0
2025-10-26,SKU-0072,313.8,662.0
2025-11-02,SKU-0072,0.0,662.0
2025-11-09,SKU-0072,403.4,662.0
2025-11-16,SKU-0072,224.4,662.0
2025-11-23,SKU-0072,640.8,662.0
2025-11-30,SKU-0072,488.8,662.0
2025-12-07,SKU-0072,1266.2,662.0
2025-12-14,SKU-0072,1046.2,662.0
2025-12-21,SKU-0072,924.2,662.0
2025-12-28,SKU-0072,789.2,662.0
2024-01-07,SKU-0073,1146.2,544.0
2024-01-14,SKU-0073,1013.2,544.0
2024-01-21,SKU-0073,853.2,544.0
2024-01-28,SKU-0073,745.2,544.0
2024-02-04,SKU-0073,625.2,544.0
2024-02-11,SKU-0073,486.2,544.0
2024-02-18,SKU-0073,331.2,544.0
2024-02-25,SKU-0073,884.4,544.0
2024-03-03,SKU-0073,679.4,544.0
2024-03-10,SKU-0073,508.4,544.0
2024-03-17,SKU-0073,323.4,544.0
2024-03-24,SKU-0073,849.6,544.0
2024-03-31,SKU-0073,691.6,544.0
2024-04-07,SKU-0073,513.6,544.0
2024-04-14,SKU-0073,389.6,544.0
2024-04-21,SKU-0073,933.8,544.0
2024-04-28,SKU-0073,700.8,544.0
2024-05-05,SKU-0073,561.8,544.0
2024-05-12,SKU-0073,293.8,544.0
2024-05-19,SKU-0073,874.0,544.0
2024-05-26,SKU-0073,627.0,544.0
2024-06-02,SKU-0073,319.0,544.0
2024-06-09,SKU-0073,129.0,544.0
2024-06-16,SKU-0073,699.2,544.0
2024-06-23,SKU-0073,494.2,544.0
2024-06-30,SKU-0073,340.2,544.0
2024-07-07,SKU-0073,937.4,544.0
2024-07-14,SKU-0073,692.4,544.0
2024-07-21,SKU-0073,601.4,544.0
2024-07-28,SKU-0073,367.4,544.0
2024-08-04,SKU-0073,955.6,544.0
2024-08-11,SKU-0073,712.6,544.0
2024-08-18,SKU-0073,562.6,544.0
2024-08-25,SKU-0073,235.6,544.0
2024-09-01,SKU-0073,82.6,544.0
2024-09-08,SKU-0073,721.8,544.0
2024-09-15,SKU-0073,239.8,544.0
2024-09-22,SKU-0073,782.0,544.0
2024-09-29,SKU-0073,608.0,544.0
2024-10-06,SKU-0073,416.0,544.0
2024-10-13,SKU-0073,968.2,544.0
2024-10-20,SKU-0073,755.2,544.0
2024-10-27,SKU-0073,605.2,544.0
2024-11-03,SKU-0073,123.2,544.0
2024-11-10,SKU-0073,664.4,544.0
2024-11-17,SKU-0073,375.4,544.0
2024-11-24,SKU-0073,11.4,544.0
2024-12-01,SKU-0073,531.6,544.0
2024-12-08,SKU-0073,236.6,544.0
2024-12-15,SKU-0073,777.8,544.0
2024-12-22,SKU-0073,619.8,544.0
2024-12-29,SKU-0073,450.8,544.0
2025-01-05,SKU-0073,958.0,544.0
2025-01-12,SKU-0073,743.0,544.0
2025-01-19,SKU-0073,631.0,544.0
2025-01-26,SKU-0073,418.0,544.0
2025-02-02,SKU-0073,1035.2,544.0
2025-02-09,SKU-0073,880.2,544.0
2025-02-16,SKU-0073,695.2,544.0
2025-02-23,SKU-0073,622.2,544.0
2025-03-02,SKU-0073,427.2,544.0
2025-03-09,SKU-0073,1009.4,544.0
2025-03-16,SKU-0073,913.4,544.0
2025-03-23,SKU-0073,715.4,544.0
2025-03-30,SKU-0073,541.4,544.0
2025-04-06,SKU-0073,354.4,544.0
2025-04-13,SKU-0073,927.6,544.0
2025-04-20,SKU-0073,794.6,544.0
2025-04-27,SKU-0073,687.6,544.0
2025-05-04,SKU-0073,529.6,544.0
2025-05-11,SKU-0073,409.6,544.0
2025-05-18,SKU-0073,987.8,544.0
2025-05-25,SKU-0073,791.8,544.0
2025-06-01,SKU-0073,564.8,544.0
2025-06-08,SKU-0073,363.8,544.0
2025-06-15,SKU-0073,171.8,544.0
2025-06-22,SKU-0073,738.0,544.0
2025-06-29,SKU-0073,499.0,544.0
2025-07-06,SKU-0073,971.2,544.0
2025-07-13,SKU-0073,826.2,544.0
2025-07-20,SKU-0073,678.2,544.0
2025-07-27,SKU-0073,555.2,544.0
2025-08-03,SKU-0073,396.2,544.0
2025-08-10,SKU-0073,969.4,544.0
2025-08-17,SKU-0073,631.4,544.0
2025-08-24,SKU-0073,354.4,544.0
2025-08-31,SKU-0073,242.4,544.0
2025-09-07,SKU-0073,735.6,544.0
2025-09-14,SKU-0073,570.6,544.0
2025-09-21,SKU-0073,470.6,544.0
2025-09-28,SKU-0073,1000.8,544.0
2025-10-05,SKU-0073,848.8,544.0
2025-10-12,SKU-0073,636.8,544.0
2025-10-19,SKU-0073,409.8,544.0
2025-10-26,SKU-0073,981.0,544.0
2025-11-02,SKU-0073,601.0,544.0
2025-11-09,SKU-0073,360.0,544.0
2025-11-16,SKU-0073,183.0,544.0
2025-11-23,SKU-0073,775.2,544.0
2025-11-30,SKU-0073,291.2,544.0
2025-12-07,SKU-0073,124.2,544.0
2025-12-14,SKU-0073,626.4,544.0
2025-12-21,SKU-0073,386.4,544.0
2025-12-28,SKU-0073,92.4,544.0
2024-01-07,SKU-0074,1598.2,719.0
2024-01-14,SKU-0074,1556.2,719.0
2024-01-21,SKU-0074,1369.2,719.0
2024-01-28,SKU-0074,1296.2,719.0
2024-02-04,SKU-0074,1152.2,719.0
2024-02-11,SKU-0074,583.2,719.0
2024-02-18,SKU-0074,1423.4,719.0
2024-02-25,SKU-0074,1172.4,719.0
2024-03-03,SKU-0074,1077.4,719.0
2024-03-10,SKU-0074,20.4,719.0
2024-03-17,SKU-0074,0.0,719.0
2024-03-24,SKU-0074,728.2,719.0
2024-03-31,SKU-0074,560.2,719.0
2024-04-07,SKU-0074,1385.4,719.0
2024-04-14,SKU-0074,1024.4,719.0
2024-04-21,SKU-0074,856.4,719.0
2024-04-28,SKU-0074,744.4,719.0
2024-05-05,SKU-0074,600.4,719.0
2024-05-12,SKU-0074,1394.6,719.0
2024-05-19,SKU-0074,1186.6,719.0
2024-05-26,SKU-0074,973.6,719.0
2024-06-02,SKU-0074,849.6,719.0
2024-06-09,SKU-0074,701.6,719.0
2024-06-16,SKU-0074,27.6,719.0
2024-06-23,SKU-0074,815.8,719.0
2024-06-30,SKU-0074,374.8,719.0
2024-07-07,SKU-0074,224.8,719.0
2024-07-14,SKU-0074,945.0,719.0
2024-07-21,SKU-0074,811.0,719.0
2024-07-28,SKU-0074,751.0,719.0
2024-08-04,SKU-0074,608.0,719.0
2024-08-11,SKU-0074,277.0,719.0
2024-08-18,SKU-0074,820.2,719.0
2024-08-25,SKU-0074,449.2,719.0
2024-09-01,SKU-0074,304.2,719.0
2024-09-08,SKU-0074,1098.4,719.0
2024-09-15,SKU-0074,996.4,719.0
2024-09-22,SKU-0074,761.4,719.0
2024-09-29,SKU-0074,438.4,719.0
2024-10-06,SKU-0074,195.4,719.0
2024-10-13,SKU-0074,1017.6,719.0
2024-10-20,SKU-0074,748.6,719.0
2024-10-27,SKU-0074,523.6,719.0
2024-11-03,SKU-0074,183.6,719.0
2024-11-10,SKU-0074,912.8,719.0
2024-11-17,SKU-0074,623.8,719.0
2024-11-24,SKU-0074,1415.0,719.0
2024-12-01,SKU-0074,1266.0,719.0
2024-12-08,SKU-0074,1211.0,719.0
2024-12-15,SKU-0074,934.0,719.0
2024-12-22,SKU-0074,666.0,719.0
2024-12-29,SKU-0074,527.0,719.0
2025-01-05,SKU-0074,1069.2,719.0
2025-01-12,SKU-0074,723.2,719.0
2025-01-19,SKU-0074,258.2,719.0
2025-01-26,SKU-0074,1059.4,719.0
2025-02-02,SKU-0074,918.4,719.0
2025-02-09,SKU-0074,718.4,719.0
2025-02-16,SKU-0074,1392.6,719.0
2025-02-23,SKU-0074,991.6,719.0
2025-03-02,SKU-0074,889.6,719.0
2025-03-09,SKU-0074,727.6,719.0
2025-03-16,SKU-0074,673.6,719.0
2025-03-23,SKU-0074,1479.8,719.0
2025-03-30,SKU-0074,1172.8,719.0
2025-04-06,SKU-0074,888.8,719.0
2025-04-13,SKU-0074,126.8,719.0
2025-04-20,SKU-0074,802.0,719.0
2025-04-27,SKU-0074,654.0,719.0
2025-05-04,SKU-0074,529.0,719.0
2025-05-11,SKU-0074,1259.2,719.0
2025-05-18,SKU-0074,739.2,719.0
2025-05-25,SKU-0074,646.2,719.0
2025-06-01,SKU-0074,532.2,719.0
2025-06-08,SKU-0074,1281.4,719.0
2025-06-15,SKU-0074,1117.4,719.0
2025-06-22,SKU-0074,778.4,719.0
2025-06-29,SKU-0074,626.4,719.0
2025-07-06,SKU-0074,424.4,719.0
2025-07-13,SKU-0074,1188.6,719.0
2025-07-20,SKU-0074,965.6,719.0
2025-07-27,SKU-0074,524.6,719.0
2025-08-03,SKU-0074,430.6,719.0
2025-08-10,SKU-0074,1316.8,719.0
2025-08-17,SKU-0074,1232.8,719.0
2025-08-24,SKU-0074,1062.8,719.0
2025-08-31,SKU-0074,846.8,719.0
2025-09-07,SKU-0074,563.8,719.0
2025-09-14,SKU-0074,315.8,719.0
2025-09-21,SKU-0074,1053.0,719.0
2025-09-28,SKU-0074,981.0,719.0
2025-10-05,SKU-0074,832.0,719.0
2025-10-12,SKU-0074,549.0,719.0
2025-10-19,SKU-0074,443.0,719.0
2025-10-26,SKU-0074,1237.2,719.0
2025-11-02,SKU-0074,1032.2,719.0
2025-11-09,SKU-0074,678.2,719.0
2025-11-16,SKU-0074,521.2,719.0
2025-11-23,SKU-0074,1382.4,719.0
2025-11-30,SKU-0074,1169.4,719.0
2025-12-07,SKU-0074,958.4,719.0
2025-12-14,SKU-0074,548.4,719.0
2025-12-21,SKU-0074,372.4,719.0
2025-12-28,SKU-0074,1113.6,719.0
2024-01-07,SKU-0075,1929.2,899.0
2024-01-14,SKU-0075,1757.2,899.0
2024-01-21,SKU-0075,1081.2,899.0
2024-01-28,SKU-0075,1024.2,899.0
2024-02-04,SKU-0075,729.2,899.0
2024-02-11,SKU-0075,589.2,899.0
2024-02-18,SKU-0075,1564.4,899.0
2024-02-25,SKU-0075,1470.4,899.0
2024-03-03,SKU-0075,1211.4,899.0
2024-03-10,SKU-0075,1060.4,899.0
2024-03-17,SKU-0075,746.4,899.0
2024-03-24,SKU-0075,264.4,899.0
2024-03-31,SKU-0075,1344.6,899.0
2024-04-07,SKU-0075,1240.6,899.0
2024-04-14,SKU-0075,787.6,899.0
2024-04-21,SKU-0075,89.6,899.0
2024-04-28,SKU-0075,1042.8,899.0
2024-05-05,SKU-0075,959.8,899.0
2024-05-12,SKU-0075,850.8,899.0
2024-05-19,SKU-0075,428.8,899.0
2024-05-26,SKU-0075,980.0,899.0
2024-06-02,SKU-0075,739.0,899.0
2024-06-09,SKU-0075,614.0,899.0
2024-06-16,SKU-0075,1335.2,899.0
2024-06-23,SKU-0075,1211.2,899.0
2024-06-30,SKU-0075,1032.2,899.0
2024-07-07,SKU-0075,852.2,899.0
2024-07-14,SKU-0075,1872.4,899.0
2024-07-21,SKU-0075,1534.4,899.0
2024-07-28,SKU-0075,1384.4,899.0
2024-08-04,SKU-0075,1102.4,899.0
2024-08-11,SKU-0075,635.4,899.0
2024-08-18,SKU-0075,1367.6,899.0
2024-08-25,SKU-0075,831.6,899.0
2024-09-01,SKU-0075,1813.8,899.0
2024-09-08,SKU-0075,1707.8,899.0
2024-09-15,SKU-0075,1413.8,899.0
2024-09-22,SKU-0075,1113.8,899.0
2024-09-29,SKU-0075,803.8,899.0
2024-10-06,SKU-0075,572.8,899.0
2024-10-13,SKU-0075,1410.0,899.0
2024-10-20,SKU-0075,1246.0,899.0
2024-10-27,SKU-0075,806.0,899.0
2024-11-03,SKU-0075,1121.2,899.0
2024-11-10,SKU-0075,752.2,899.0
2024-11-17,SKU-0075,399.2,899.0
2024-11-24,SKU-0075,1115.4,899.0
2024-12-01,SKU-0075,678.4,899.0
2024-12-08,SKU-0075,235.4,899.0
2024-12-15,SKU-0075,1070.6,899.0
2024-12-22,SKU-0075,789.6,899.0
2024-12-29,SKU-0075,1230.8,899.0
2025-01-05,SKU-0075,1112.8,899.0
2025-01-12,SKU-0075,703.8,899.0
2025-01-19,SKU-0075,1761.0,899.0
2025-01-26,SKU-0075,1472.0,899.0
2025-02-02,SKU-0075,1342.0,899.0
2025-02-09,SKU-0075,1247.0,899.0
2025-02-16,SKU-0075,1123.0,899.0
2025-02-23,SKU-0075,994.0,899.0
2025-03-02,SKU-0075,517.0,899.0
2025-03-09,SKU-0075,348.0,899.0
2025-03-16,SKU-0075,1387.2,899.0
2025-03-23,SKU-0075,1249.2,899.0
2025-03-30,SKU-0075,1020.2,899.0
2025-04-06,SKU-0075,777.2,899.0
2025-04-13,SKU-0075,446.2,899.0
2025-04-20,SKU-0075,1476.4,899.0
2025-04-27,SKU-0075,1347.4,899.0
2025-05-04,SKU-0075,1103.4,899.0
2025-05-11,SKU-0075,701.4,899.0
2025-05-18,SKU-0075,1524.6,899.0
2025-05-25,SKU-0075,1375.6,899.0
2025-06-01,SKU-0075,1177.6,899.0
2025-06-08,SKU-0075,869.6,899.0
2025-06-15,SKU-0075,680.6,899.0
2025-06-22,SKU-0075,1757.8,899.0
2025-06-29,SKU-0075,1471.8,899.0
2025-07-06,SKU-0075,1262.8,899.0
2025-07-13,SKU-0075,966.8,899.0
2025-07-20,SKU-0075,569.8,899.0
2025-07-27,SKU-0075,375.8,899.0
2025-08-03,SKU-0075,1433.0,899.0
2025-08-10,SKU-0075,1259.0,899.0
2025-08-17,SKU-0075,866.0,899.0
2025-08-24,SKU-0075,591.0,899.0
2025-08-31,SKU-0075,1396.2,899.0
2025-09-07,SKU-0075,1175.2,899.0
2025-09-14,SKU-0075,781.2,899.0
2025-09-21,SKU-0075,575.2,899.0
2025-09-28,SKU-0075,1585.4,899.0
2025-10-05,SKU-0075,1302.4,899.0
2025-10-12,SKU-0075,1036.4,899.0
2025-10-19,SKU-0075,786.4,899.0
2025-10-26,SKU-0075,494.4,899.0
2025-11-02,SKU-0075,1124.6,899.0
2025-11-09,SKU-0075,885.6,899.0
2025-11-16,SKU-0075,1949.8,899.0
2025-11-23,SKU-0075,1522.8,899.0
2025-11-30,SKU-0075,588.8,899.0
2025-12-07,SKU-0075,19.8,899.0
2025-12-14,SKU-0075,1047.0,899.0
2025-12-21,SKU-0075,633.0,899.0
2025-12-28,SKU-0075,1244.2,899.0
2024-01-07,SKU-0076,943.2,484.0
2024-01-14,SKU-0076,670.2,484.0
2024-01-21,SKU-0076,488.2,484.0
2024-01-28,SKU-0076,448.2,484.0
2024-02-04,SKU-0076,936.4,484.0
2024-02-11,SKU-0076,847.4,484.0
2024-02-18,SKU-0076,763.4,484.0
2024-02-25,SKU-0076,703.4,484.0
2024-03-03,SKU-0076,625.4,484.0
2024-03-10,SKU-0076,511.4,484.0
2024-03-17,SKU-0076,300.4,484.0
2024-03-24,SKU-0076,85.4,484.0
2024-03-31,SKU-0076,554.6,484.0
2024-04-07,SKU-0076,318.6,484.0
2024-04-14,SKU-0076,844.8,484.0
2024-04-21,SKU-0076,745.8,484.0
2024-04-28,SKU-0076,432.8,484.0
2024-05-05,SKU-0076,902.0,484.0
2024-05-12,SKU-0076,777.0,484.0
2024-05-19,SKU-0076,578.0,484.0
2024-05-26,SKU-0076,472.0,484.0
2024-06-02,SKU-0076,830.2,484.0
2024-06-09,SKU-0076,744.2,484.0
2024-06-16,SKU-0076,626.2,484.0
2024-06-23,SKU-0076,489.2,484.0
2024-06-30,SKU-0076,353.2,484.0
2024-07-07,SKU-0076,912.4,484.0
2024-07-14,SKU-0076,704.4,484.0
2024-07-21,SKU-0076,515.4,484.0
2024-07-28,SKU-0076,366.4,484.0
2024-08-04,SKU-0076,820.6,484.0
2024-08-11,SKU-0076,696.6,484.0
2024-08-18,SKU-0076,471.6,484.0
2024-08-25,SKU-0076,353.6,484.0
2024-09-01,SKU-0076,900.8,484.0
2024-09-08,SKU-0076,758.8,484.0
2024-09-15,SKU-0076,617.8,484.0
2024-09-22,SKU-0076,439.8,484.0
2024-09-29,SKU-0076,236.8,484.0
2024-10-06,SKU-0076,550.0,484.0
2024-10-13,SKU-0076,456.0,484.0
2024-10-20,SKU-0076,1017.2,484.0
2024-10-27,SKU-0076,832.2,484.0
2024-11-03,SKU-0076,490.2,484.0
2024-11-10,SKU-0076,185.2,484.0
2024-11-17,SKU-0076,640.4,484.0
2024-11-24,SKU-0076,460.4,484.0
2024-12-01,SKU-0076,938.6,484.0
2024-12-08,SKU-0076,542.6,484.0
2024-12-15,SKU-0076,369.6,484.0
2024-12-22,SKU-0076,152.6,484.0
2024-12-29,SKU-0076,683.8,484.0
2025-01-05,SKU-0076,492.8,484.0
2025-01-12,SKU-0076,369.8,484.0
2025-01-19,SKU-0076,252.8,484.0
2025-01-26,SKU-0076,783.0,484.0
2025-02-02,SKU-0076,663.0,484.0
2025-02-09,SKU-0076,272.0,484.0
2025-02-16,SKU-0076,754.2,484.0
2025-02-23,SKU-0076,587.2,484.0
2025-03-02,SKU-0076,487.2,484.0
2025-03-09,SKU-0076,411.2,484.0
2025-03-16,SKU-0076,355.2,484.0
2025-03-23,SKU-0076,893.4,484.0
2025-03-30,SKU-0076,746.4,484.0
2025-04-06,SKU-0076,587.4,484.0
2025-04-13,SKU-0076,508.4,484.0
2025-04-20,SKU-0076,318.4,484.0
2025-04-27,SKU-0076,848.6,484.0
2025-05-04,SKU-0076,609.6,484.0
2025-05-11,SKU-0076,475.6,484.0
2025-05-18,SKU-0076,968.8,484.0
2025-05-25,SKU-0076,858.8,484.0
2025-06-01,SKU-0076,743.8,484.0
2025-06-08,SKU-0076,588.8,484.0
2025-06-15,SKU-0076,394.8,484.0
2025-06-22,SKU-0076,834.0,484.0
2025-06-29,SKU-0076,720.0,484.0
2025-07-06,SKU-0076,631.0,484.0
2025-07-13,SKU-0076,453.0,484.0
2025-07-20,SKU-0076,843.2,484.0
2025-07-27,SKU-0076,721.2,484.0
2025-08-03,SKU-0076,592.2,484.0
2025-08-10,SKU-0076,464.2,484.0
2025-08-17,SKU-0076,287.2,484.0
2025-08-24,SKU-0076,703.4,484.0
2025-08-31,SKU-0076,598.4,484.0
2025-09-07,SKU-0076,410.4,484.0
2025-09-14,SKU-0076,770.6,484.0
2025-09-21,SKU-0076,568.6,484.0
2025-09-28,SKU-0076,453.6,484.0
2025-10-05,SKU-0076,361.6,484.0
2025-10-12,SKU-0076,835.8,484.0
2025-10-19,SKU-0076,540.8,484.0
2025-10-26,SKU-0076,305.8,484.0
2025-11-02,SKU-0076,0.0,484.0
2025-11-09,SKU-0076,470.2,484.0
2025-11-16,SKU-0076,906.4,484.0
2025-11-23,SKU-0076,760.4,484.0
2025-11-30,SKU-0076,504.4,484.0
2025-12-07,SKU-0076,326.4,484.0
2025-12-14,SKU-0076,186.4,484.0
2025-12-21,SKU-0076,666.6,484.0
2025-12-28,SKU-0076,421.6,484.0
2024-01-07,SKU-0077,827.2,436.0
2024-01-14,SKU-0077,648.2,436.0
2024-01-21,SKU-0077,159.2,436.0
2024-01-28,SKU-0077,564.4,436.0
2024-02-04,SKU-0077,507.4,436.0
2024-02-11,SKU-0077,297.4,436.0
2024-02-18,SKU-0077,818.6,436.0
2024-02-25,SKU-0077,767.6,436.0
2024-03-03,SKU-0077,586.6,436.0
2024-03-10,SKU-0077,508.6,436.0
2024-03-17,SKU-0077,394.6,436.0
2024-03-24,SKU-0077,312.6,436.0
2024-03-31,SKU-0077,792.8,436.0
2024-04-07,SKU-0077,753.8,436.0
2024-04-14,SKU-0077,538.8,436.0
2024-04-21,SKU-0077,272.8,436.0
2024-04-28,SKU-0077,169.8,436.0
2024-05-05,SKU-0077,472.0,436.0
2024-05-12,SKU-0077,255.0,436.0
2024-05-19,SKU-0077,565.2,436.0
2024-05-26,SKU-0077,240.2,436.0
2024-06-02,SKU-0077,183.2,436.0
2024-06-09,SKU-0077,548.4,436.0
2024-06-16,SKU-0077,432.4,436.0
2024-06-23,SKU-0077,804.6,436.0
2024-06-30,SKU-0077,697.6,436.0
2024-07-07,SKU-0077,219.6,436.0
2024-07-14,SKU-0077,0.0,436.0
2024-07-21,SKU-0077,456.2,436.0
2024-07-28,SKU-0077,288.2,436.0
2024-08-04,SKU-0077,719.4,436.0
2024-08-11,SKU-0077,566.4,436.0
2024-08-18,SKU-0077,329.4,436.0
2024-08-25,SKU-0077,260.4,436.0
2024-09-01,SKU-0077,788.6,436.0
2024-09-08,SKU-0077,514.6,436.0
2024-09-15,SKU-0077,349.6,436.0
2024-09-22,SKU-0077,250.6,436.0
2024-09-29,SKU-0077,746.8,436.0
2024-10-06,SKU-0077,692.8,436.0
2024-10-13,SKU-0077,574.8,436.0
2024-10-20,SKU-0077,528.8,436.0
2024-10-27,SKU-0077,374.8,436.0
2024-11-03,SKU-0077,753.0,436.0
2024-11-10,SKU-0077,644.0,436.0
2024-11-17,SKU-0077,319.0,436.0
2024-11-24,SKU-0077,44.0,436.0
2024-12-01,SKU-0077,444.2,436.0
2024-12-08,SKU-0077,346.2,436.0
2024-12-15,SKU-0077,823.4,436.0
2024-12-22,SKU-0077,737.4,436.0
2024-12-29,SKU-0077,693.4,436.0
2025-01-05,SKU-0077,585.4,436.0
2025-01-12,SKU-0077,412.4,436.0
2025-01-19,SKU-0077,953.6,436.0
2025-01-26,SKU-0077,818.6,436.0
2025-02-02,SKU-0077,730.6,436.0
2025-02-09,SKU-0077,619.6,436.0
2025-02-16,SKU-0077,455.6,436.0
2025-02-23,SKU-0077,268.6,436.0
2025-03-02,SKU-0077,778.8,436.0
2025-03-09,SKU-0077,598.8,436.0
2025-03-16,SKU-0077,514.8,436.0
2025-03-23,SKU-0077,493.8,436.0
2025-03-30,SKU-0077,79.8,436.0
2025-04-06,SKU-0077,0.0,436.0
2025-04-13,SKU-0077,487.2,436.0
2025-04-20,SKU-0077,209.2,436.0
2025-04-27,SKU-0077,634.4,436.0
2025-05-04,SKU-0077,551.4,436.0
2025-05-11,SKU-0077,414.4,436.0
2025-05-18,SKU-0077,267.4,436.0
2025-05-25,SKU-0077,744.6,436.0
2025-06-01,SKU-0077,718.6,436.0
2025-06-08,SKU-0077,584.6,436.0
2025-06-15,SKU-0077,518.6,436.0
2025-06-22,SKU-0077,457.6,436.0
2025-06-29,SKU-0077,332.6,436.0
2025-07-06,SKU-0077,0.0,436.0
2025-07-13,SKU-0077,527.2,436.0
2025-07-20,SKU-0077,382.2,436.0
2025-07-27,SKU-0077,918.4,436.0
2025-08-03,SKU-0077,875.4,436.0
2025-08-10,SKU-0077,779.4,436.0
2025-08-17,SKU-0077,557.4,436.0
2025-08-24,SKU-0077,411.4,436.0
2025-08-31,SKU-0077,265.4,436.0
2025-09-07,SKU-0077,570.6,436.0
2025-09-14,SKU-0077,399.6,436.0
2025-09-21,SKU-0077,314.6,436.0
2025-09-28,SKU-0077,828.8,436.0
2025-10-05,SKU-0077,720.8,436.0
2025-10-12,SKU-0077,554.8,436.0
2025-10-19,SKU-0077,447.8,436.0
2025-10-26,SKU-0077,334.8,436.0
2025-11-02,SKU-0077,223.8,436.0
2025-11-09,SKU-0077,711.0,436.0
2025-11-16,SKU-0077,638.0,436.0
2025-11-23,SKU-0077,543.0,436.0
2025-11-30,SKU-0077,34.0,436.0
2025-12-07,SKU-0077,0.0,436.0
2025-12-14,SKU-0077,208.2,436.0
2025-12-21,SKU-0077,626.4,436.0
2025-12-28,SKU-0077,486.4,436.0
2024-01-07,SKU-0078,1387.0,717.0
2024-01-14,SKU-0078,1243.0,717.0
2024-01-21,SKU-0078,896.0,717.0
2024-01-28,SKU-0078,703.0,717.0
2024-02-04,SKU-0078,429.0,717.0
2024-02-11,SKU-0078,1275.0,717.0
2024-02-18,SKU-0078,779.0,717.0
2024-02-25,SKU-0078,584.0,717.0
2024-03-03,SKU-0078,1264.0,717.0
2024-03-10,SKU-0078,1142.0,717.0
2024-03-17,SKU-0078,1016.0,717.0
2024-03-24,SKU-0078,735.0,717.0
2024-03-31,SKU-0078,663.0,717.0
2024-04-07,SKU-0078,257.0,717.0
2024-04-14,SKU-0078,1073.0,717.0
2024-04-21,SKU-0078,728.0,717.0
2024-04-28,SKU-0078,593.0,717.0
2024-05-05,SKU-0078,395.0,717.0
2024-05-12,SKU-0078,1137.0,717.0
2024-05-19,SKU-0078,791.0,717.0
2024-05-26,SKU-0078,667.0,717.0
2024-06-02,SKU-0078,381.0,717.0
2024-06-09,SKU-0078,1091.0,717.0
2024-06-16,SKU-0078,766.0,717.0
2024-06-23,SKU-0078,638.0,717.0
2024-06-30,SKU-0078,1386.0,717.0
2024-07-07,SKU-0078,1253.0,717.0
2024-07-14,SKU-0078,1090.0,717.0
2024-07-21,SKU-0078,711.0,717.0
2024-07-28,SKU-0078,306.0,717.0
2024-08-04,SKU-0078,1140.0,717.0
2024-08-11,SKU-0078,949.0,717.0
2024-08-18,SKU-0078,748.0,717.0
2024-08-25,SKU-0078,627.0,717.0
2024-09-01,SKU-0078,457.0,717.0
2024-09-08,SKU-0078,1298.0,717.0
2024-09-15,SKU-0078,1003.0,717.0
2024-09-22,SKU-0078,880.0,717.0
2024-09-29,SKU-0078,397.0,717.0
2024-10-06,SKU-0078,324.0,717.0
2024-10-13,SKU-0078,964.0,717.0
2024-10-20,SKU-0078,641.0,717.0
2024-10-27,SKU-0078,485.0,717.0
2024-11-03,SKU-0078,1339.0,717.0
2024-11-10,SKU-0078,1036.0,717.0
2024-11-17,SKU-0078,901.0,717.0
2024-11-24,SKU-0078,389.0,717.0
2024-12-01,SKU-0078,113.0,717.0
2024-12-08,SKU-0078,813.0,717.0
2024-12-15,SKU-0078,538.0,717.0
2024-12-22,SKU-0078,139.0,717.0
2024-12-29,SKU-0078,840.0,717.0
2025-01-05,SKU-0078,596.0,717.0
2025-01-12,SKU-0078,377.0,717.0
2025-01-19,SKU-0078,1202.0,717.0
2025-01-26,SKU-0078,867.0,717.0
2025-02-02,SKU-0078,436.0,717.0
2025-02-09,SKU-0078,112.0,717.0
2025-02-16,SKU-0078,885.0,717.0
2025-02-23,SKU-0078,632.0,717.0
2025-03-02,SKU-0078,532.0,717.0
2025-03-09,SKU-0078,1373.0,717.0
2025-03-16,SKU-0078,1262.0,717.0
2025-03-23,SKU-0078,1130.0,717.0
2025-03-30,SKU-0078,832.0,717.0
2025-04-06,SKU-0078,711.0,717.0
2025-04-13,SKU-0078,576.0,717.0
2025-04-20,SKU-0078,1450.0,717.0
2025-04-27,SKU-0078,1319.0,717.0
2025-05-04,SKU-0078,1242.0,717.0
2025-05-11,SKU-0078,908.0,717.0
2025-05-18,SKU-0078,725.0,717.0
2025-05-25,SKU-0078,384.0,717.0
2025-06-01,SKU-0078,893.0,717.0
2025-06-08,SKU-0078,626.0,717.0
2025-06-15,SKU-0078,379.0,717.0
2025-06-22,SKU-0078,1115.0,717.0
2025-06-29,SKU-0078,956.0,717.0
2025-07-06,SKU-0078,899.0,717.0
2025-07-13,SKU-0078,677.0,717.0
2025-07-20,SKU-0078,543.0,717.0
2025-07-27,SKU-0078,1386.0,717.0
2025-08-03,SKU-0078,1238.0,717.0
2025-08-10,SKU-0078,1035.0,717.0
2025-08-17,SKU-0078,729.0,717.0
2025-08-24,SKU-0078,612.0,717.0
2025-08-31,SKU-0078,512.0,717.0
2025-09-07,SKU-0078,1079.0,717.0
2025-09-14,SKU-0078,791.0,717.0
2025-09-21,SKU-0078,460.0,717.0
2025-09-28,SKU-0078,280.0,717.0
2025-10-05,SKU-0078,1135.0,717.0
2025-10-12,SKU-0078,657.0,717.0
2025-10-19,SKU-0078,201.0,717.0
2025-10-26,SKU-0078,998.0,717.0
2025-11-02,SKU-0078,656.0,717.0
2025-11-09,SKU-0078,151.0,717.0
2025-11-16,SKU-0078,0.0,717.0
2025-11-23,SKU-0078,0.0,717.0
2025-11-30,SKU-0078,583.0,717.0
2025-12-07,SKU-0078,355.0,717.0
2025-12-14,SKU-0078,1112.0,717.0
2025-12-21,SKU-0078,863.0,717.0
2025-12-28,SKU-0078,686.0,717.0
2024-01-07,SKU-0079,1097.4,552.0
2024-01-14,SKU-0079,938.4,552.0
2024-01-21,SKU-0079,800.4,552.0
2024-01-28,SKU-0079,697.4,552.0
2024-02-04,SKU-0079,545.4,552.0
2024-02-11,SKU-0079,417.4,552.0
2024-02-18,SKU-0079,984.8,552.0
2024-02-25,SKU-0079,882.8,552.0
2024-03-03,SKU-0079,678.8,552.0
2024-03-10,SKU-0079,527.8,552.0
2024-03-17,SKU-0079,936.2,552.0
2024-03-24,SKU-0079,818.2,552.0
2024-03-31,SKU-0079,483.2,552.0
2024-04-07,SKU-0079,713.6,552.0
2024-04-14,SKU-0079,547.6,552.0
2024-04-21,SKU-0079,918.0,552.0
2024-04-28,SKU-0079,658.0,552.0
2024-05-05,SKU-0079,548.0,552.0
2024-05-12,SKU-0079,1143.4,552.0
2024-05-19,SKU-0079,885.4,552.0
2024-05-26,SKU-0079,688.4,552.0
2024-06-02,SKU-0079,438.4,552.0
2024-06-09,SKU-0079,963.8,552.0
2024-06-16,SKU-0079,649.8,552.0
2024-06-23,SKU-0079,485.8,552.0
2024-06-30,SKU-0079,1102.2,552.0
2024-07-07,SKU-0079,965.2,552.0
2024-07-14,SKU-0079,791.2,552.0
2024-07-21,SKU-0079,666.2,552.0
2024-07-28,SKU-0079,492.2,552.0
2024-08-04,SKU-0079,1061.6,552.0
2024-08-11,SKU-0079,900.6,552.0
2024-08-18,SKU-0079,722.6,552.0
2024-08-25,SKU-0079,566.6,552.0
2024-09-01,SKU-0079,297.6,552.0
2024-09-08,SKU-0079,105.6,552.0
2024-09-15,SKU-0079,594.0,552.0
2024-09-22,SKU-0079,487.0,552.0
2024-09-29,SKU-0079,1036.4,552.0
2024-10-06,SKU-0079,872.4,552.0
2024-10-13,SKU-0079,778.4,552.0
2024-10-20,SKU-0079,350.4,552.0
2024-10-27,SKU-0079,967.8,552.0
2024-11-03,SKU-0079,643.8,552.0
2024-11-10,SKU-0079,327.8,552.0
2024-11-17,SKU-0079,0.0,552.0
2024-11-24,SKU-0079,535.4,552.0
2024-12-01,SKU-0079,1186.8,552.0
2024-12-08,SKU-0079,900.8,552.0
2024-12-15,SKU-0079,684.8,552.0
2024-12-22,SKU-0079,394.8,552.0
2024-12-29,SKU-0079,919.2,552.0
2025-01-05,SKU-0079,665.2,552.0
2025-01-12,SKU-0079,476.2,552.0
2025-01-19,SKU-0079,1076.6,552.0
2025-01-26,SKU-0079,687.6,552.0
2025-02-02,SKU-0079,567.6,552.0
2025-02-09,SKU-0079,502.6,552.0
2025-02-16,SKU-0079,1082.0,552.0
2025-02-23,SKU-0079,902.0,552.0
2025-03-02,SKU-0079,700.0,552.0
2025-03-09,SKU-0079,567.0,552.0
2025-03-16,SKU-0079,405.0,552.0
2025-03-23,SKU-0079,1023.4,552.0
2025-03-30,SKU-0079,884.4,552.0
2025-04-06,SKU-0079,663.4,552.0
2025-04-13,SKU-0079,522.4,552.0
2025-04-20,SKU-0079,1032.8,552.0
2025-04-27,SKU-0079,876.8,552.0
2025-05-04,SKU-0079,693.8,552.0
2025-05-11,SKU-0079,537.8,552.0
2025-05-18,SKU-0079,1000.2,552.0
2025-05-25,SKU-0079,815.2,552.0
2025-06-01,SKU-0079,681.2,552.0
2025-06-08,SKU-0079,492.2,552.0
2025-06-15,SKU-0079,209.2,552.0
2025-06-22,SKU-0079,746.6,552.0
2025-06-29,SKU-0079,626.6,552.0
2025-07-06,SKU-0079,494.6,552.0
2025-07-13,SKU-0079,1112.0,552.0
2025-07-20,SKU-0079,816.0,552.0
2025-07-27,SKU-0079,627.0,552.0
2025-08-03,SKU-0079,374.0,552.0
2025-08-10,SKU-0079,862.4,552.0
2025-08-17,SKU-0079,702.4,552.0
2025-08-24,SKU-0079,427.4,552.0
2025-08-31,SKU-0079,990.8,552.0
2025-09-07,SKU-0079,782.8,552.0
2025-09-14,SKU-0079,697.8,552.0
2025-09-21,SKU-0079,521.8,552.0
2025-09-28,SKU-0079,1102.2,552.0
2025-10-05,SKU-0079,957.2,552.0
2025-10-12,SKU-0079,747.2,552.0
2025-10-19,SKU-0079,627.2,552.0
2025-10-26,SKU-0079,452.2,552.0
2025-11-02,SKU-0079,1100.6,552.0
2025-11-09,SKU-0079,887.6,552.0
2025-11-16,SKU-0079,709.6,552.0
2025-11-23,SKU-0079,260.6,552.0
2025-11-30,SKU-0079,748.0,552.0
2025-12-07,SKU-0079,472.0,552.0
2025-12-14,SKU-0079,1136.4,552.0
2025-12-21,SKU-0079,951.4,552.0
2025-12-28,SKU-0079,811.4,552.0
2024-01-07,SKU-0080,683.2,359.0
2024-01-14,SKU-0080,545.2,359.0
2024-01-21,SKU-0080,441.2,359.0
2024-01-28,SKU-0080,336.2,359.0
2024-02-04,SKU-0080,237.2,359.0
2024-02-11,SKU-0080,622.4,359.0
2024-02-18,SKU-0080,503.4,359.0
2024-02-25,SKU-0080,386.4,359.0
2024-03-03,SKU-0080,288.4,359.0
2024-03-10,SKU-0080,686.6,359.0
2024-03-17,SKU-0080,507.6,359.0
2024-03-24,SKU-0080,417.6,359.0
2024-03-31,SKU-0080,336.6,359.0
2024-04-07,SKU-0080,574.8,359.0
2024-04-14,SKU-0080,460.8,359.0
2024-04-21,SKU-0080,356.8,359.0
2024-04-28,SKU-0080,767.0,359.0
2024-05-05,SKU-0080,687.0,359.0
2024-05-12,SKU-0080,506.0,359.0
2024-05-19,SKU-0080,404.0,359.0
2024-05-26,SKU-0080,236.0,359.0
2024-06-02,SKU-0080,634.2,359.0
2024-06-09,SKU-0080,480.2,359.0
2024-06-16,SKU-0080,357.2,359.0
2024-06-23,SKU-0080,734.4,359.0
2024-06-30,SKU-0080,670.4,359.0
2024-07-07,SKU-0080,488.4,359.0
2024-07-14,SKU-0080,367.4,359.0
2024-07-21,SKU-0080,252.4,359.0
2024-07-28,SKU-0080,574.6,359.0
2024-08-04,SKU-0080,489.6,359.0
2024-08-11,SKU-0080,295.6,359.0
2024-08-18,SKU-0080,616.8,359.0
2024-08-25,SKU-0080,471.8,359.0
2024-09-01,SKU-0080,320.8,359.0
2024-09-08,SKU-0080,702.0,359.0
2024-09-15,SKU-0080,586.0,359.0
2024-09-22,SKU-0080,443.0,359.0
2024-09-29,SKU-0080,339.0,359.0
2024-10-06,SKU-0080,610.2,359.0
2024-10-13,SKU-0080,436.2,359.0
2024-10-20,SKU-0080,225.2,359.0
2024-10-27,SKU-0080,146.2,359.0
2024-11-03,SKU-0080,357.4,359.0
2024-11-10,SKU-0080,702.6,359.0
2024-11-17,SKU-0080,580.6,359.0
2024-11-24,SKU-0080,436.6,359.0
2024-12-01,SKU-0080,193.6,359.0
2024-12-08,SKU-0080,496.8,359.0
2024-12-15,SKU-0080,324.8,359.0
2024-12-22,SKU-0080,590.0,359.0
2024-12-29,SKU-0080,373.0,359.0
2025-01-05,SKU-0080,220.0,359.0
2025-01-12,SKU-0080,78.0,359.0
2025-01-19,SKU-0080,442.2,359.0
2025-01-26,SKU-0080,319.2,359.0
2025-02-02,SKU-0080,735.4,359.0
2025-02-09,SKU-0080,640.4,359.0
2025-02-16,SKU-0080,593.4,359.0
2025-02-23,SKU-0080,497.4,359.0
2025-03-02,SKU-0080,386.4,359.0
2025-03-09,SKU-0080,303.4,359.0
2025-03-16,SKU-0080,692.6,359.0
2025-03-23,SKU-0080,538.6,359.0
2025-03-30,SKU-0080,443.6,359.0
2025-04-06,SKU-0080,329.6,359.0
2025-04-13,SKU-0080,592.8,359.0
2025-04-20,SKU-0080,466.8,359.0
2025-04-27,SKU-0080,312.8,359.0
2025-05-04,SKU-0080,656.0,359.0
2025-05-11,SKU-0080,515.0,359.0
2025-05-18,SKU-0080,344.0,359.0
2025-05-25,SKU-0080,715.2,359.0
2025-06-01,SKU-0080,562.2,359.0
2025-06-08,SKU-0080,462.2,359.0
2025-06-15,SKU-0080,359.2,359.0
2025-06-22,SKU-0080,214.2,359.0
2025-06-29,SKU-0080,597.4,359.0
2025-07-06,SKU-0080,549.4,359.0
2025-07-13,SKU-0080,443.4,359.0
2025-07-20,SKU-0080,265.4,359.0
2025-07-27,SKU-0080,183.4,359.0
2025-08-03,SKU-0080,518.6,359.0
2025-08-10,SKU-0080,414.6,359.0
2025-08-17,SKU-0080,343.6,359.0
2025-08-24,SKU-0080,716.8,359.0
2025-08-31,SKU-0080,662.8,359.0
2025-09-07,SKU-0080,483.8,359.0
2025-09-14,SKU-0080,378.8,359.0
2025-09-21,SKU-0080,242.8,359.0
2025-09-28,SKU-0080,603.0,359.0
2025-10-05,SKU-0080,526.0,359.0
2025-10-12,SKU-0080,415.0,359.0
2025-10-19,SKU-0080,226.0,359.0
2025-10-26,SKU-0080,59.0,359.0
2025-11-02,SKU-0080,404.2,359.0
2025-11-09,SKU-0080,285.2,359.0
2025-11-16,SKU-0080,136.2,359.0
2025-11-23,SKU-0080,517.4,359.0
2025-11-30,SKU-0080,351.4,359.0
2025-12-07,SKU-0080,747.6,359.0
2025-12-14,SKU-0080,635.6,359.0
2025-12-21,SKU-0080,443.6,359.0
2025-12-28,SKU-0080,299.6,359.0
2024-01-07,SKU-0081,1140.0,528.0
2024-01-14,SKU-0081,997.0,528.0
2024-01-21,SKU-0081,883.0,528.0
2024-01-28,SKU-0081,732.0,528.0
2024-02-04,SKU-0081,501.0,528.0
2024-02-11,SKU-0081,1085.0,528.0
2024-02-18,SKU-0081,1035.0,528.0
2024-02-25,SKU-0081,874.0,528.0
2024-03-03,SKU-0081,785.0,528.0
2024-03-10,SKU-0081,526.0,528.0
2024-03-17,SKU-0081,994.0,528.0
2024-03-24,SKU-0081,857.0,528.0
2024-03-31,SKU-0081,679.0,528.0
2024-04-07,SKU-0081,614.0,528.0
2024-04-14,SKU-0081,558.0,528.0
2024-04-21,SKU-0081,438.0,528.0
2024-04-28,SKU-0081,966.0,528.0
2024-05-05,SKU-0081,650.0,528.0
2024-05-12,SKU-0081,546.0,528.0
2024-05-19,SKU-0081,456.0,528.0
2024-05-26,SKU-0081,362.0,528.0
2024-06-02,SKU-0081,964.0,528.0
2024-06-09,SKU-0081,795.0,528.0
2024-06-16,SKU-0081,725.0,528.0
2024-06-23,SKU-0081,492.0,528.0
2024-06-30,SKU-0081,418.0,528.0
2024-07-07,SKU-0081,602.0,528.0
2024-07-14,SKU-0081,462.0,528.0
2024-07-21,SKU-0081,1008.0,528.0
2024-07-28,SKU-0081,947.0,528.0
2024-08-04,SKU-0081,766.0,528.0
2024-08-11,SKU-0081,712.0,528.0
2024-08-18,SKU-0081,466.0,528.0
2024-08-25,SKU-0081,1061.0,528.0
2024-09-01,SKU-0081,880.0,528.0
2024-09-08,SKU-0081,671.0,528.0
2024-09-15,SKU-0081,408.0,528.0
2024-09-22,SKU-0081,781.0,528.0
2024-09-29,SKU-0081,488.0,528.0
2024-10-06,SKU-0081,235.0,528.0
2024-10-13,SKU-0081,819.0,528.0
2024-10-20,SKU-0081,729.0,528.0
2024-10-27,SKU-0081,476.0,528.0
2024-11-03,SKU-0081,937.0,528.0
2024-11-10,SKU-0081,784.0,528.0
2024-11-17,SKU-0081,587.0,528.0
2024-11-24,SKU-0081,247.0,528.0
2024-12-01,SKU-0081,634.0,528.0
2024-12-08,SKU-0081,496.0,528.0
2024-12-15,SKU-0081,402.0,528.0
2024-12-22,SKU-0081,1039.0,528.0
2024-12-29,SKU-0081,889.0,528.0
2025-01-05,SKU-0081,778.0,528.0
2025-01-12,SKU-0081,714.0,528.0
2025-01-19,SKU-0081,477.0,528.0
2025-01-26,SKU-0081,102.0,528.0
2025-02-02,SKU-0081,722.0,528.0
2025-02-09,SKU-0081,530.0,528.0
2025-02-16,SKU-0081,410.0,528.0
2025-02-23,SKU-0081,235.0,528.0
2025-03-02,SKU-0081,786.0,528.0
2025-03-09,SKU-0081,653.0,528.0
2025-03-16,SKU-0081,420.0,528.0
2025-03-23,SKU-0081,920.0,528.0
2025-03-30,SKU-0081,809.0,528.0
2025-04-06,SKU-0081,618.0,528.0
2025-04-13,SKU-0081,513.0,528.0
2025-04-20,SKU-0081,1074.0,528.0
2025-04-27,SKU-0081,870.0,528.0
2025-05-04,SKU-0081,675.0,528.0
2025-05-11,SKU-0081,610.0,528.0
2025-05-18,SKU-0081,401.0,528.0
2025-05-25,SKU-0081,1026.0,528.0
2025-06-01,SKU-0081,852.0,528.0
2025-06-08,SKU-0081,625.0,528.0
2025-06-15,SKU-0081,557.0,528.0
2025-06-22,SKU-0081,471.0,528.0
2025-06-29,SKU-0081,230.0,528.0
2025-07-06,SKU-0081,754.0,528.0
2025-07-13,SKU-0081,706.0,528.0
2025-07-20,SKU-0081,450.0,528.0
2025-07-27,SKU-0081,1046.0,528.0
2025-08-03,SKU-0081,964.0,528.0
2025-08-10,SKU-0081,785.0,528.0
2025-08-17,SKU-0081,675.0,528.0
2025-08-24,SKU-0081,516.0,528.0
2025-08-31,SKU-0081,336.0,528.0
2025-09-07,SKU-0081,439.0,528.0
2025-09-14,SKU-0081,175.0,528.0
2025-09-21,SKU-0081,696.0,528.0
2025-09-28,SKU-0081,528.0,528.0
2025-10-05,SKU-0081,1027.0,528.0
2025-10-12,SKU-0081,805.0,528.0
2025-10-19,SKU-0081,685.0,528.0
2025-10-26,SKU-0081,461.0,528.0
2025-11-02,SKU-0081,321.0,528.0
2025-11-09,SKU-0081,875.0,528.0
2025-11-16,SKU-0081,680.0,528.0
2025-11-23,SKU-0081,323.0,528.0
2025-11-30,SKU-0081,706.0,528.0
2025-12-07,SKU-0081,668.0,528.0
2025-12-14,SKU-0081,292.0,528.0
2025-12-21,SKU-0081,796.0,528.0
2025-12-28,SKU-0081,594.0,528.0
2024-01-07,SKU-0082,689.6,361.0
2024-01-14,SKU-0082,605.6,361.0
2024-01-21,SKU-0082,529.6,361.0
2024-01-28,SKU-0082,470.6,361.0
2024-02-04,SKU-0082,399.6,361.0
2024-02-11,SKU-0082,276.6,361.0
2024-02-18,SKU-0082,679.2,361.0
2024-02-25,SKU-0082,605.2,361.0
2024-03-03,SKU-0082,486.2,361.0
2024-03-10,SKU-0082,406.2,361.0
2024-03-17,SKU-0082,320.2,361.0
2024-03-24,SKU-0082,716.8,361.0
2024-03-31,SKU-0082,597.8,361.0
2024-04-07,SKU-0082,505.8,361.0
2024-04-14,SKU-0082,408.8,361.0
2024-04-21,SKU-0082,302.8,361.0
2024-04-28,SKU-0082,717.4,361.0
2024-05-05,SKU-0082,610.4,361.0
2024-05-12,SKU-0082,540.4,361.0
2024-05-19,SKU-0082,457.4,361.0
2024-05-26,SKU-0082,356.4,361.0
2024-06-02,SKU-0082,235.4,361.0
2024-06-09,SKU-0082,608.0,361.0
2024-06-16,SKU-0082,451.0,361.0
2024-06-23,SKU-0082,330.0,361.0
2024-06-30,SKU-0082,674.6,361.0
2024-07-07,SKU-0082,574.6,361.0
2024-07-14,SKU-0082,478.6,361.0
2024-07-21,SKU-0082,296.6,361.0
2024-07-28,SKU-0082,705.2,361.0
2024-08-04,SKU-0082,542.2,361.0
2024-08-11,SKU-0082,446.2,361.0
2024-08-18,SKU-0082,304.2,361.0
2024-08-25,SKU-0082,702.8,361.0
2024-09-01,SKU-0082,564.8,361.0
2024-09-08,SKU-0082,433.8,361.0
2024-09-15,SKU-0082,366.8,361.0
2024-09-22,SKU-0082,265.8,361.0
2024-09-29,SKU-0082,604.4,361.0
2024-10-06,SKU-0082,434.4,361.0
2024-10-13,SKU-0082,295.4,361.0
2024-10-20,SKU-0082,667.0,361.0
2024-10-27,SKU-0082,541.0,361.0
2024-11-03,SKU-0082,433.0,361.0
2024-11-10,SKU-0082,316.0,361.0
2024-11-17,SKU-0082,633.6,361.0
2024-11-24,SKU-0082,479.6,361.0
2024-12-01,SKU-0082,301.6,361.0
2024-12-08,SKU-0082,629.2,361.0
2024-12-15,SKU-0082,457.2,361.0
2024-12-22,SKU-0082,315.2,361.0
2024-12-29,SKU-0082,623.8,361.0
2025-01-05,SKU-0082,425.8,361.0
2025-01-12,SKU-0082,348.8,361.0
2025-01-19,SKU-0082,725.4,361.0
2025-01-26,SKU-0082,636.4,361.0
2025-02-02,SKU-0082,524.4,361.0
2025-02-09,SKU-0082,413.4,361.0
2025-02-16,SKU-0082,335.4,361.0
2025-02-23,SKU-0082,715.0,361.0
2025-03-02,SKU-0082,603.0,361.0
2025-03-09,SKU-0082,500.0,361.0
2025-03-16,SKU-0082,384.0,361.0
2025-03-23,SKU-0082,229.0,361.0
2025-03-30,SKU-0082,103.0,361.0
2025-04-06,SKU-0082,480.6,361.0
2025-04-13,SKU-0082,360.6,361.0
2025-04-20,SKU-0082,647.2,361.0
2025-04-27,SKU-0082,552.2,361.0
2025-05-04,SKU-0082,394.2,361.0
2025-05-11,SKU-0082,298.2,361.0
2025-05-18,SKU-0082,704.8,361.0
2025-05-25,SKU-0082,608.8,361.0
2025-06-01,SKU-0082,478.8,361.0
2025-06-08,SKU-0082,367.8,361.0
2025-06-15,SKU-0082,270.8,361.0
2025-06-22,SKU-0082,175.8,361.0
2025-06-29,SKU-0082,566.4,361.0
2025-07-06,SKU-0082,480.4,361.0
2025-07-13,SKU-0082,382.4,361.0
2025-07-20,SKU-0082,324.4,361.0
2025-07-27,SKU-0082,676.0,361.0
2025-08-03,SKU-0082,547.0,361.0
2025-08-10,SKU-0082,425.0,361.0
2025-08-17,SKU-0082,272.0,361.0
2025-08-24,SKU-0082,652.6,361.0
2025-08-31,SKU-0082,533.6,361.0
2025-09-07,SKU-0082,474.6,361.0
2025-09-14,SKU-0082,346.6,361.0
2025-09-21,SKU-0082,720.2,361.0
2025-09-28,SKU-0082,577.2,361.0
2025-10-05,SKU-0082,414.2,361.0
2025-10-12,SKU-0082,291.2,361.0
2025-10-19,SKU-0082,200.2,361.0
2025-10-26,SKU-0082,539.8,361.0
2025-11-02,SKU-0082,343.8,361.0
2025-11-09,SKU-0082,143.8,361.0
2025-11-16,SKU-0082,490.4,361.0
2025-11-23,SKU-0082,369.4,361.0
2025-11-30,SKU-0082,225.4,361.0
2025-12-07,SKU-0082,114.4,361.0
2025-12-14,SKU-0082,515.0,361.0
2025-12-21,SKU-0082,352.0,361.0
2025-12-28,SKU-0082,667.6,361.0
2024-01-07,SKU-0083,1016.4,512.0
2024-01-14,SKU-0083,919.4,512.0
2024-01-21,SKU-0083,785.4,512.0
2024-01-28,SKU-0083,701.4,512.0
2024-02-04,SKU-0083,629.4,512.0
2024-02-11,SKU-0083,470.4,512.0
2024-02-18,SKU-0083,407.4,512.0
2024-02-25,SKU-0083,975.8,512.0
2024-03-03,SKU-0083,608.8,512.0
2024-03-10,SKU-0083,376.8,512.0
2024-03-17,SKU-0083,189.8,512.0
2024-03-24,SKU-0083,690.2,512.0
2024-03-31,SKU-0083,559.2,512.0
2024-04-07,SKU-0083,441.2,512.0
2024-04-14,SKU-0083,785.6,512.0
2024-04-21,SKU-0083,646.6,512.0
2024-04-28,SKU-0083,528.6,512.0
2024-05-05,SKU-0083,325.6,512.0
2024-05-12,SKU-0083,173.6,512.0
2024-05-19,SKU-0083,594.0,512.0
2024-05-26,SKU-0083,474.0,512.0
2024-06-02,SKU-0083,1042.4,512.0
2024-06-09,SKU-0083,907.4,512.0
2024-06-16,SKU-0083,604.4,512.0
2024-06-23,SKU-0083,373.4,512.0
2024-06-30,SKU-0083,878.8,512.0
2024-07-07,SKU-0083,716.8,512.0
2024-07-14,SKU-0083,537.8,512.0
2024-07-21,SKU-0083,431.8,512.0
2024-07-28,SKU-0083,922.2,512.0
2024-08-04,SKU-0083,790.2,512.0
2024-08-11,SKU-0083,613.2,512.0
2024-08-18,SKU-0083,450.2,512.0
2024-08-25,SKU-0083,950.6,512.0
2024-09-01,SKU-0083,813.6,512.0
2024-09-08,SKU-0083,571.6,512.0
2024-09-15,SKU-0083,381.6,512.0
2024-09-22,SKU-0083,943.0,512.0
2024-09-29,SKU-0083,746.0,512.0
2024-10-06,SKU-0083,593.0,512.0
2024-10-13,SKU-0083,388.0,512.0
2024-10-20,SKU-0083,822.4,512.0
2024-10-27,SKU-0083,677.4,512.0
2024-11-03,SKU-0083,468.4,512.0
2024-11-10,SKU-0083,932.8,512.0
2024-11-17,SKU-0083,716.8,512.0
2024-11-24,SKU-0083,235.8,512.0
2024-12-01,SKU-0083,686.2,512.0
2024-12-08,SKU-0083,559.2,512.0
2024-12-15,SKU-0083,348.2,512.0
2024-12-22,SKU-0083,868.6,512.0
2024-12-29,SKU-0083,330.6,512.0
2025-01-05,SKU-0083,906.0,512.0
2025-01-12,SKU-0083,817.0,512.0
2025-01-19,SKU-0083,631.0,512.0
2025-01-26,SKU-0083,519.0,512.0
2025-02-02,SKU-0083,404.0,512.0
2025-02-09,SKU-0083,964.4,512.0
2025-02-16,SKU-0083,862.4,512.0
2025-02-23,SKU-0083,749.4,512.0
2025-03-02,SKU-0083,689.4,512.0
2025-03-09,SKU-0083,550.4,512.0
2025-03-16,SKU-0083,362.4,512.0
2025-03-23,SKU-0083,736.8,512.0
2025-03-30,SKU-0083,587.8,512.0
2025-04-06,SKU-0083,373.8,512.0
2025-04-13,SKU-0083,941.2,512.0
2025-04-20,SKU-0083,664.2,512.0
2025-04-27,SKU-0083,285.2,512.0
2025-05-04,SKU-0083,785.6,512.0
2025-05-11,SKU-0083,647.6,512.0
2025-05-18,SKU-0083,485.6,512.0
2025-05-25,SKU-0083,871.0,512.0
2025-06-01,SKU-0083,773.0,512.0
2025-06-08,SKU-0083,501.0,512.0
2025-06-15,SKU-0083,1074.4,512.0
2025-06-22,SKU-0083,958.4,512.0
2025-06-29,SKU-0083,777.4,512.0
2025-07-06,SKU-0083,571.4,512.0
2025-07-13,SKU-0083,336.4,512.0
2025-07-20,SKU-0083,735.8,512.0
2025-07-27,SKU-0083,634.8,512.0
2025-08-03,SKU-0083,465.8,512.0
2025-08-10,SKU-0083,924.2,512.0
2025-08-17,SKU-0083,741.2,512.0
2025-08-24,SKU-0083,482.2,512.0
2025-08-31,SKU-0083,997.6,512.0
2025-09-07,SKU-0083,848.6,512.0
2025-09-14,SKU-0083,780.6,512.0
2025-09-21,SKU-0083,701.6,512.0
2025-09-28,SKU-0083,471.6,512.0
2025-10-05,SKU-0083,1041.0,512.0
2025-10-12,SKU-0083,839.0,512.0
2025-10-19,SKU-0083,607.0,512.0
2025-10-26,SKU-0083,437.0,512.0
2025-11-02,SKU-0083,796.4,512.0
2025-11-09,SKU-0083,630.4,512.0
2025-11-16,SKU-0083,357.4,512.0
2025-11-23,SKU-0083,834.8,512.0
2025-11-30,SKU-0083,716.8,512.0
2025-12-07,SKU-0083,625.8,512.0
2025-12-14,SKU-0083,436.8,512.0
2025-12-21,SKU-0083,727.2,512.0
2025-12-28,SKU-0083,401.2,512.0
2024-01-07,SKU-0084,798.0,399.0
2024-01-14,SKU-0084,645.0,399.0
2024-01-21,SKU-0084,485.0,399.0
2024-01-28,SKU-0084,388.0,399.0
2024-02-04,SKU-0084,203.0,399.0
2024-02-11,SKU-0084,618.0,399.0
2024-02-18,SKU-0084,535.0,399.0
2024-02-25,SKU-0084,0.0,399.0
2024-03-03,SKU-0084,0.0,399.0
2024-03-10,SKU-0084,425.0,399.0
2024-03-17,SKU-0084,267.0,399.0
2024-03-24,SKU-0084,733.0,399.0
2024-03-31,SKU-0084,667.0,399.0
2024-04-07,SKU-0084,390.0,399.0
2024-04-14,SKU-0084,766.0,399.0
2024-04-21,SKU-0084,692.0,399.0
2024-04-28,SKU-0084,634.0,399.0
2024-05-05,SKU-0084,518.0,399.0
2024-05-12,SKU-0084,441.0,399.0
2024-05-19,SKU-0084,223.0,399.0
2024-05-26,SKU-0084,703.0,399.0
2024-06-02,SKU-0084,490.0,399.0
2024-06-09,SKU-0084,411.0,399.0
2024-06-16,SKU-0084,340.0,399.0
2024-06-23,SKU-0084,746.0,399.0
2024-06-30,SKU-0084,676.0,399.0
2024-07-07,SKU-0084,583.0,399.0
2024-07-14,SKU-0084,489.0,399.0
2024-07-21,SKU-0084,448.0,399.0
2024-07-28,SKU-0084,377.0,399.0
2024-08-04,SKU-0084,765.0,399.0
2024-08-11,SKU-0084,716.0,399.0
2024-08-18,SKU-0084,649.0,399.0
2024-08-25,SKU-0084,567.0,399.0
2024-09-01,SKU-0084,378.0,399.0
2024-09-08,SKU-0084,189.0,399.0
2024-09-15,SKU-0084,477.0,399.0
2024-09-22,SKU-0084,395.0,399.0
2024-09-29,SKU-0084,746.0,399.0
2024-10-06,SKU-0084,597.0,399.0
2024-10-13,SKU-0084,522.0,399.0
2024-10-20,SKU-0084,353.0,399.0
2024-10-27,SKU-0084,220.0,399.0
2024-11-03,SKU-0084,632.0,399.0
2024-11-10,SKU-0084,532.0,399.0
2024-11-17,SKU-0084,454.0,399.0
2024-11-24,SKU-0084,252.0,399.0
2024-12-01,SKU-0084,66.0,399.0
2024-12-08,SKU-0084,464.0,399.0
2024-12-15,SKU-0084,335.0,399.0
2024-12-22,SKU-0084,750.0,399.0
2024-12-29,SKU-0084,535.0,399.0
2025-01-05,SKU-0084,420.0,399.0
2025-01-12,SKU-0084,373.0,399.0
2025-01-19,SKU-0084,796.0,399.0
2025-01-26,SKU-0084,666.0,399.0
2025-02-02,SKU-0084,588.0,399.0
2025-02-09,SKU-0084,506.0,399.0
2025-02-16,SKU-0084,428.0,399.0
2025-02-23,SKU-0084,293.0,399.0
2025-03-02,SKU-0084,733.0,399.0
2025-03-09,SKU-0084,625.0,399.0
2025-03-16,SKU-0084,511.0,399.0
2025-03-23,SKU-0084,292.0,399.0
2025-03-30,SKU-0084,768.0,399.0
2025-04-06,SKU-0084,439.0,399.0
2025-04-13,SKU-0084,371.0,399.0
2025-04-20,SKU-0084,798.0,399.0
2025-04-27,SKU-0084,717.0,399.0
2025-05-04,SKU-0084,590.0,399.0
2025-05-11,SKU-0084,437.0,399.0
2025-05-18,SKU-0084,97.0,399.0
2025-05-25,SKU-0084,425.0,399.0
2025-06-01,SKU-0084,335.0,399.0
2025-06-08,SKU-0084,200.0,399.0
2025-06-15,SKU-0084,603.0,399.0
2025-06-22,SKU-0084,512.0,399.0
2025-06-29,SKU-0084,353.0,399.0
2025-07-06,SKU-0084,750.0,399.0
2025-07-13,SKU-0084,652.0,399.0
2025-07-20,SKU-0084,564.0,399.0
2025-07-27,SKU-0084,399.0,399.0
2025-08-03,SKU-0084,814.0,399.0
2025-08-10,SKU-0084,603.0,399.0
2025-08-17,SKU-0084,421.0,399.0
2025-08-24,SKU-0084,349.0,399.0
2025-08-31,SKU-0084,833.0,399.0
2025-09-07,SKU-0084,705.0,399.0
2025-09-14,SKU-0084,612.0,399.0
2025-09-21,SKU-0084,533.0,399.0
2025-09-28,SKU-0084,442.0,399.0
2025-10-05,SKU-0084,185.0,399.0
2025-10-12,SKU-0084,63.0,399.0
2025-10-19,SKU-0084,280.0,399.0
2025-10-26,SKU-0084,621.0,399.0
2025-11-02,SKU-0084,547.0,399.0
2025-11-09,SKU-0084,349.0,399.0
2025-11-16,SKU-0084,565.0,399.0
2025-11-23,SKU-0084,492.0,399.0
2025-11-30,SKU-0084,400.0,399.0
2025-12-07,SKU-0084,254.0,399.0
2025-12-14,SKU-0084,134.0,399.0
2025-12-21,SKU-0084,0.0,399.0
2025-12-28,SKU-0084,428.0,399.0
2024-01-07,SKU-0085,577.4,353.0
2024-01-14,SKU-0085,541.4,353.0
2024-01-21,SKU-0085,491.4,353.0
2024-01-28,SKU-0085,386.4,353.0
2024-02-04,SKU-0085,272.4,353.0
2024-02-11,SKU-0085,181.4,353.0
2024-02-18,SKU-0085,426.8,353.0
2024-02-25,SKU-0085,169.8,353.0
2024-03-03,SKU-0085,0.0,353.0
2024-03-10,SKU-0085,386.4,353.0
2024-03-17,SKU-0085,231.4,353.0
2024-03-24,SKU-0085,625.8,353.0
2024-03-31,SKU-0085,406.8,353.0
2024-04-07,SKU-0085,384.8,353.0
2024-04-14,SKU-0085,321.8,353.0
2024-04-21,SKU-0085,238.8,353.0
2024-04-28,SKU-0085,639.2,353.0
2024-05-05,SKU-0085,375.2,353.0
2024-05-12,SKU-0085,334.2,353.0
2024-05-19,SKU-0085,745.6,353.0
2024-05-26,SKU-0085,699.6,353.0
2024-06-02,SKU-0085,602.6,353.0
2024-06-09,SKU-0085,546.6,353.0
2024-06-16,SKU-0085,366.6,353.0
2024-06-23,SKU-0085,192.6,353.0
2024-06-30,SKU-0085,636.0,353.0
2024-07-07,SKU-0085,610.0,353.0
2024-07-14,SKU-0085,447.0,353.0
2024-07-21,SKU-0085,322.0,353.0
2024-07-28,SKU-0085,286.0,353.0
2024-08-04,SKU-0085,658.4,353.0
2024-08-11,SKU-0085,612.4,353.0
2024-08-18,SKU-0085,446.4,353.0
2024-08-25,SKU-0085,402.4,353.0
2024-09-01,SKU-0085,332.4,353.0
2024-09-08,SKU-0085,194.4,353.0
2024-09-15,SKU-0085,558.8,353.0
2024-09-22,SKU-0085,360.8,353.0
2024-09-29,SKU-0085,227.8,353.0
2024-10-06,SKU-0085,655.2,353.0
2024-10-13,SKU-0085,528.2,353.0
2024-10-20,SKU-0085,474.2,353.0
2024-10-27,SKU-0085,204.2,353.0
2024-11-03,SKU-0085,0.0,353.0
2024-11-10,SKU-0085,202.4,353.0
2024-11-17,SKU-0085,0.0,353.0
2024-11-24,SKU-0085,253.4,353.0
2024-12-01,SKU-0085,409.8,353.0
2024-12-08,SKU-0085,184.8,353.0
2024-12-15,SKU-0085,438.2,353.0
2024-12-22,SKU-0085,223.2,353.0
2024-12-29,SKU-0085,543.6,353.0
2025-01-05,SKU-0085,278.6,353.0
2025-01-12,SKU-0085,235.6,353.0
2025-01-19,SKU-0085,674.0,353.0
2025-01-26,SKU-0085,621.0,353.0
2025-02-02,SKU-0085,397.0,353.0
2025-02-09,SKU-0085,327.0,353.0
2025-02-16,SKU-0085,747.4,353.0
2025-02-23,SKU-0085,698.4,353.0
2025-03-02,SKU-0085,578.4,353.0
2025-03-09,SKU-0085,491.4,353.0
2025-03-16,SKU-0085,301.4,353.0
2025-03-23,SKU-0085,228.4,353.0
2025-03-30,SKU-0085,540.8,353.0
2025-04-06,SKU-0085,485.8,353.0
2025-04-13,SKU-0085,353.8,353.0
2025-04-20,SKU-0085,0.0,353.0
2025-04-27,SKU-0085,386.4,353.0
2025-05-04,SKU-0085,296.4,353.0
2025-05-11,SKU-0085,117.4,353.0
2025-05-18,SKU-0085,534.8,353.0
2025-05-25,SKU-0085,461.8,353.0
2025-06-01,SKU-0085,390.8,353.0
2025-06-08,SKU-0085,273.8,353.0
2025-06-15,SKU-0085,702.2,353.0
2025-06-22,SKU-0085,458.2,353.0
2025-06-29,SKU-0085,349.2,353.0
2025-07-06,SKU-0085,239.2,353.0
2025-07-13,SKU-0085,621.6,353.0
2025-07-20,SKU-0085,525.6,353.0
2025-07-27,SKU-0085,502.6,353.0
2025-08-03,SKU-0085,279.6,353.0
2025-08-10,SKU-0085,692.0,353.0
2025-08-17,SKU-0085,523.0,353.0
2025-08-24,SKU-0085,431.0,353.0
2025-08-31,SKU-0085,343.0,353.0
2025-09-07,SKU-0085,203.0,353.0
2025-09-14,SKU-0085,379.4,353.0
2025-09-21,SKU-0085,282.4,353.0
2025-09-28,SKU-0085,680.8,353.0
2025-10-05,SKU-0085,533.8,353.0
2025-10-12,SKU-0085,510.8,353.0
2025-10-19,SKU-0085,446.8,353.0
2025-10-26,SKU-0085,387.8,353.0
2025-11-02,SKU-0085,282.8,353.0
2025-11-09,SKU-0085,697.2,353.0
2025-11-16,SKU-0085,473.2,353.0
2025-11-23,SKU-0085,364.2,353.0
2025-11-30,SKU-0085,220.2,353.0
2025-12-07,SKU-0085,564.6,353.0
2025-12-14,SKU-0085,461.6,353.0
2025-12-21,SKU-0085,378.6,353.0
2025-12-28,SKU-0085,98.6,353.0
2024-01-07,SKU-0086,710.6,363.0
2024-01-14,SKU-0086,537.6,363.0
2024-01-21,SKU-0086,443.6,363.0
2024-01-28,SKU-0086,332.6,363.0
2024-02-04,SKU-0086,706.2,363.0
2024-02-11,SKU-0086,620.2,363.0
2024-02-18,SKU-0086,525.2,363.0
2024-02-25,SKU-0086,472.2,363.0
2024-03-03,SKU-0086,404.2,363.0
2024-03-10,SKU-0086,330.2,363.0
2024-03-17,SKU-0086,744.8,363.0
2024-03-24,SKU-0086,622.8,363.0
2024-03-31,SKU-0086,503.8,363.0
2024-04-07,SKU-0086,375.8,363.0
2024-04-14,SKU-0086,275.8,363.0
2024-04-21,SKU-0086,599.4,363.0
2024-04-28,SKU-0086,445.4,363.0
2024-05-05,SKU-0086,305.4,363.0
2024-05-12,SKU-0086,689.0,363.0
2024-05-19,SKU-0086,489.0,363.0
2024-05-26,SKU-0086,416.0,363.0
2024-06-02,SKU-0086,352.0,363.0
2024-06-09,SKU-0086,280.0,363.0
2024-06-16,SKU-0086,583.6,363.0
2024-06-23,SKU-0086,463.6,363.0
2024-06-30,SKU-0086,370.6,363.0
2024-07-07,SKU-0086,322.6,363.0
2024-07-14,SKU-0086,218.6,363.0
2024-07-21,SKU-0086,623.2,363.0
2024-07-28,SKU-0086,570.2,363.0
2024-08-04,SKU-0086,396.2,363.0
2024-08-11,SKU-0086,278.2,363.0
2024-08-18,SKU-0086,566.8,363.0
2024-08-25,SKU-0086,450.8,363.0
2024-09-01,SKU-0086,303.8,363.0
2024-09-08,SKU-0086,694.4,363.0
2024-09-15,SKU-0086,544.4,363.0
2024-09-22,SKU-0086,441.4,363.0
2024-09-29,SKU-0086,292.4,363.0
2024-10-06,SKU-0086,638.0,363.0
2024-10-13,SKU-0086,553.0,363.0
2024-10-20,SKU-0086,425.0,363.0
2024-10-27,SKU-0086,290.0,363.0
2024-11-03,SKU-0086,654.6,363.0
2024-11-10,SKU-0086,507.6,363.0
2024-11-17,SKU-0086,291.6,363.0
2024-11-24,SKU-0086,49.6,363.0
2024-12-01,SKU-0086,384.2,363.0
2024-12-08,SKU-0086,321.2,363.0
2024-12-15,SKU-0086,612.8,363.0
2024-12-22,SKU-0086,326.8,363.0
2024-12-29,SKU-0086,192.8,363.0
2025-01-05,SKU-0086,603.4,363.0
2025-01-12,SKU-0086,491.4,363.0
2025-01-19,SKU-0086,383.4,363.0
2025-01-26,SKU-0086,244.4,363.0
2025-02-02,SKU-0086,651.0,363.0
2025-02-09,SKU-0086,467.0,363.0
2025-02-16,SKU-0086,331.0,363.0
2025-02-23,SKU-0086,264.0,363.0
2025-03-02,SKU-0086,594.6,363.0
2025-03-09,SKU-0086,494.6,363.0
2025-03-16,SKU-0086,359.6,363.0
2025-03-23,SKU-0086,723.2,363.0
2025-03-30,SKU-0086,616.2,363.0
2025-04-06,SKU-0086,492.2,363.0
2025-04-13,SKU-0086,397.2,363.0
2025-04-20,SKU-0086,313.2,363.0
2025-04-27,SKU-0086,695.8,363.0
2025-05-04,SKU-0086,592.8,363.0
2025-05-11,SKU-0086,460.8,363.0
2025-05-18,SKU-0086,338.8,363.0
2025-05-25,SKU-0086,275.8,363.0
2025-06-01,SKU-0086,601.4,363.0
2025-06-08,SKU-0086,487.4,363.0
2025-06-15,SKU-0086,328.4,363.0
2025-06-22,SKU-0086,179.4,363.0
2025-06-29,SKU-0086,534.0,363.0
2025-07-06,SKU-0086,394.0,363.0
2025-07-13,SKU-0086,327.0,363.0
2025-07-20,SKU-0086,609.6,363.0
2025-07-27,SKU-0086,377.6,363.0
2025-08-03,SKU-0086,229.6,363.0
2025-08-10,SKU-0086,132.6,363.0
2025-08-17,SKU-0086,464.2,363.0
2025-08-24,SKU-0086,360.2,363.0
2025-08-31,SKU-0086,146.2,363.0
2025-09-07,SKU-0086,527.8,363.0
2025-09-14,SKU-0086,449.8,363.0
2025-09-21,SKU-0086,360.8,363.0
2025-09-28,SKU-0086,752.4,363.0
2025-10-05,SKU-0086,585.4,363.0
2025-10-12,SKU-0086,459.4,363.0
2025-10-19,SKU-0086,317.4,363.0
2025-10-26,SKU-0086,688.0,363.0
2025-11-02,SKU-0086,438.0,363.0
2025-11-09,SKU-0086,283.0,363.0
2025-11-16,SKU-0086,598.6,363.0
2025-11-23,SKU-0086,323.6,363.0
2025-11-30,SKU-0086,150.6,363.0
2025-12-07,SKU-0086,513.2,363.0
2025-12-14,SKU-0086,379.2,363.0
2025-12-21,SKU-0086,156.2,363.0
2025-12-28,SKU-0086,470.8,363.0
2024-01-07,SKU-0087,658.2,307.0
2024-01-14,SKU-0087,518.2,307.0
2024-01-21,SKU-0087,475.2,307.0
2024-01-28,SKU-0087,444.2,307.0
2024-02-04,SKU-0087,393.2,307.0
2024-02-11,SKU-0087,359.2,307.0
2024-02-18,SKU-0087,286.2,307.0
2024-02-25,SKU-0087,614.4,307.0
2024-03-03,SKU-0087,537.4,307.0
2024-03-10,SKU-0087,470.4,307.0
2024-03-17,SKU-0087,416.4,307.0
2024-03-24,SKU-0087,285.4,307.0
2024-03-31,SKU-0087,249.4,307.0
2024-04-07,SKU-0087,532.6,307.0
2024-04-14,SKU-0087,430.6,307.0
2024-04-21,SKU-0087,342.6,307.0
2024-04-28,SKU-0087,231.6,307.0
2024-05-05,SKU-0087,184.6,307.0
2024-05-12,SKU-0087,447.8,307.0
2024-05-19,SKU-0087,329.8,307.0
2024-05-26,SKU-0087,174.8,307.0
2024-06-02,SKU-0087,546.0,307.0
2024-06-09,SKU-0087,439.0,307.0
2024-06-16,SKU-0087,349.0,307.0
2024-06-23,SKU-0087,315.0,307.0
2024-06-30,SKU-0087,233.0,307.0
2024-07-07,SKU-0087,546.2,307.0
2024-07-14,SKU-0087,480.2,307.0
2024-07-21,SKU-0087,369.2,307.0
2024-07-28,SKU-0087,248.2,307.0
2024-08-04,SKU-0087,578.4,307.0
2024-08-11,SKU-0087,496.4,307.0
2024-08-18,SKU-0087,360.4,307.0
2024-08-25,SKU-0087,298.4,307.0
2024-09-01,SKU-0087,175.4,307.0
2024-09-08,SKU-0087,406.6,307.0
2024-09-15,SKU-0087,309.6,307.0
2024-09-22,SKU-0087,193.6,307.0
2024-09-29,SKU-0087,94.6,307.0
2024-10-06,SKU-0087,351.8,307.0
2024-10-13,SKU-0087,298.8,307.0
2024-10-20,SKU-0087,659.0,307.0
2024-10-27,SKU-0087,588.0,307.0
2024-11-03,SKU-0087,492.0,307.0
2024-11-10,SKU-0087,297.0,307.0
2024-11-17,SKU-0087,472.2,307.0
2024-11-24,SKU-0087,308.2,307.0
2024-12-01,SKU-0087,98.2,307.0
2024-12-08,SKU-0087,407.4,307.0
2024-12-15,SKU-0087,313.4,307.0
2024-12-22,SKU-0087,253.4,307.0
2024-12-29,SKU-0087,461.6,307.0
2025-01-05,SKU-0087,356.6,307.0
2025-01-12,SKU-0087,275.6,307.0
2025-01-19,SKU-0087,230.6,307.0
2025-01-26,SKU-0087,587.8,307.0
2025-02-02,SKU-0087,488.8,307.0
2025-02-09,SKU-0087,409.8,307.0
2025-02-16,SKU-0087,279.8,307.0
2025-02-23,SKU-0087,193.8,307.0
2025-03-02,SKU-0087,541.0,307.0
2025-03-09,SKU-0087,491.0,307.0
2025-03-16,SKU-0087,406.0,307.0
2025-03-23,SKU-0087,228.0,307.0
2025-03-30,SKU-0087,428.2,307.0
2025-04-06,SKU-0087,363.2,307.0
2025-04-13,SKU-0087,249.2,307.0
2025-04-20,SKU-0087,593.4,307.0
2025-04-27,SKU-0087,492.4,307.0
2025-05-04,SKU-0087,466.4,307.0
2025-05-11,SKU-0087,396.4,307.0
2025-05-18,SKU-0087,355.4,307.0
2025-05-25,SKU-0087,176.4,307.0
2025-06-01,SKU-0087,97.4,307.0
2025-06-08,SKU-0087,389.6,307.0
2025-06-15,SKU-0087,293.6,307.0
2025-06-22,SKU-0087,650.8,307.0
2025-06-29,SKU-0087,525.8,307.0
2025-07-06,SKU-0087,374.8,307.0
2025-07-13,SKU-0087,271.8,307.0
2025-07-20,SKU-0087,562.0,307.0
2025-07-27,SKU-0087,409.0,307.0
2025-08-03,SKU-0087,285.0,307.0
2025-08-10,SKU-0087,603.2,307.0
2025-08-17,SKU-0087,557.2,307.0
2025-08-24,SKU-0087,492.2,307.0
2025-08-31,SKU-0087,424.2,307.0
2025-09-07,SKU-0087,287.2,307.0
2025-09-14,SKU-0087,108.2,307.0
2025-09-21,SKU-0087,418.4,307.0
2025-09-28,SKU-0087,265.4,307.0
2025-10-05,SKU-0087,638.6,307.0
2025-10-12,SKU-0087,520.6,307.0
2025-10-19,SKU-0087,459.6,307.0
2025-10-26,SKU-0087,299.6,307.0
2025-11-02,SKU-0087,485.8,307.0
2025-11-09,SKU-0087,275.8,307.0
2025-11-16,SKU-0087,94.8,307.0
2025-11-23,SKU-0087,292.0,307.0
2025-11-30,SKU-0087,416.2,307.0
2025-12-07,SKU-0087,320.2,307.0
2025-12-14,SKU-0087,75.2,307.0
2025-12-21,SKU-0087,379.4,307.0
2025-12-28,SKU-0087,313.4,307.0
2024-01-07,SKU-0088,1434.6,727.0
2024-01-14,SKU-0088,1148.6,727.0
2024-01-21,SKU-0088,920.6,727.0
2024-01-28,SKU-0088,782.6,727.0
2024-02-04,SKU-0088,525.6,727.0
2024-02-11,SKU-0088,359.6,727.0
2024-02-18,SKU-0088,657.2,727.0
2024-02-25,SKU-0088,432.2,727.0
2024-03-03,SKU-0088,1150.8,727.0
2024-03-10,SKU-0088,995.8,727.0
2024-03-17,SKU-0088,717.8,727.0
2024-03-24,SKU-0088,1202.4,727.0
2024-03-31,SKU-0088,1062.4,727.0
2024-04-07,SKU-0088,884.4,727.0
2024-04-14,SKU-0088,805.4,727.0
2024-04-21,SKU-0088,599.4,727.0
2024-04-28,SKU-0088,105.4,727.0
2024-05-05,SKU-0088,957.0,727.0
2024-05-12,SKU-0088,778.0,727.0
2024-05-19,SKU-0088,630.0,727.0
2024-05-26,SKU-0088,441.0,727.0
2024-06-02,SKU-0088,1262.6,727.0
2024-06-09,SKU-0088,1078.6,727.0
2024-06-16,SKU-0088,954.6,727.0
2024-06-23,SKU-0088,707.6,727.0
2024-06-30,SKU-0088,1311.2,727.0
2024-07-07,SKU-0088,989.2,727.0
2024-07-14,SKU-0088,907.2,727.0
2024-07-21,SKU-0088,477.2,727.0
2024-07-28,SKU-0088,163.2,727.0
2024-08-04,SKU-0088,0.0,727.0
2024-08-11,SKU-0088,828.6,727.0
2024-08-18,SKU-0088,664.6,727.0
2024-08-25,SKU-0088,1317.2,727.0
2024-09-01,SKU-0088,753.2,727.0
2024-09-08,SKU-0088,614.2,727.0
2024-09-15,SKU-0088,351.2,727.0
2024-09-22,SKU-0088,1034.8,727.0
2024-09-29,SKU-0088,845.8,727.0
2024-10-06,SKU-0088,554.8,727.0
2024-10-13,SKU-0088,368.8,727.0
2024-10-20,SKU-0088,866.4,727.0
2024-10-27,SKU-0088,761.4,727.0
2024-11-03,SKU-0088,418.4,727.0
2024-11-10,SKU-0088,194.4,727.0
2024-11-17,SKU-0088,881.0,727.0
2024-11-24,SKU-0088,699.0,727.0
2024-12-01,SKU-0088,641.0,727.0
2024-12-08,SKU-0088,1001.6,727.0
2024-12-15,SKU-0088,597.6,727.0
2024-12-22,SKU-0088,1222.2,727.0
2024-12-29,SKU-0088,949.2,727.0
2025-01-05,SKU-0088,724.2,727.0
2025-01-12,SKU-0088,1530.8,727.0
2025-01-19,SKU-0088,1326.8,727.0
2025-01-26,SKU-0088,930.8,727.0
2025-02-02,SKU-0088,796.8,727.0
2025-02-09,SKU-0088,677.8,727.0
2025-02-16,SKU-0088,1157.4,727.0
2025-02-23,SKU-0088,1013.4,727.0
2025-03-02,SKU-0088,787.4,727.0
2025-03-09,SKU-0088,603.4,727.0
2025-03-16,SKU-0088,1299.0,727.0
2025-03-23,SKU-0088,1018.0,727.0
2025-03-30,SKU-0088,804.0,727.0
2025-04-06,SKU-0088,676.0,727.0
2025-04-13,SKU-0088,546.0,727.0
2025-04-20,SKU-0088,1294.6,727.0
2025-04-27,SKU-0088,747.6,727.0
2025-05-04,SKU-0088,660.6,727.0
2025-05-11,SKU-0088,1423.2,727.0
2025-05-18,SKU-0088,1145.2,727.0
2025-05-25,SKU-0088,983.2,727.0
2025-06-01,SKU-0088,732.2,727.0
2025-06-08,SKU-0088,521.2,727.0
2025-06-15,SKU-0088,1154.8,727.0
2025-06-22,SKU-0088,629.8,727.0
2025-06-29,SKU-0088,440.8,727.0
2025-07-06,SKU-0088,1156.4,727.0
2025-07-13,SKU-0088,882.4,727.0
2025-07-20,SKU-0088,646.4,727.0
2025-07-27,SKU-0088,1398.0,727.0
2025-08-03,SKU-0088,1324.0,727.0
2025-08-10,SKU-0088,1089.0,727.0
2025-08-17,SKU-0088,960.0,727.0
2025-08-24,SKU-0088,782.0,727.0
2025-08-31,SKU-0088,503.0,727.0
2025-09-07,SKU-0088,199.0,727.0
2025-09-14,SKU-0088,988.6,727.0
2025-09-21,SKU-0088,810.6,727.0
2025-09-28,SKU-0088,615.6,727.0
2025-10-05,SKU-0088,475.6,727.0
2025-10-12,SKU-0088,908.2,727.0
2025-10-19,SKU-0088,315.2,727.0
2025-10-26,SKU-0088,97.2,727.0
2025-11-02,SKU-0088,399.8,727.0
2025-11-09,SKU-0088,0.0,727.0
2025-11-16,SKU-0088,803.6,727.0
2025-11-23,SKU-0088,337.6,727.0
2025-11-30,SKU-0088,898.2,727.0
2025-12-07,SKU-0088,600.2,727.0
2025-12-14,SKU-0088,1440.8,727.0
2025-12-21,SKU-0088,1239.8,727.0
2025-12-28,SKU-0088,1156.8,727.0
2024-01-07,SKU-0089,812.2,395.0
2024-01-14,SKU-0089,710.2,395.0
2024-01-21,SKU-0089,631.2,395.0
2024-01-28,SKU-0089,556.2,395.0
2024-02-04,SKU-0089,394.2,395.0
2024-02-11,SKU-0089,854.4,395.0
2024-02-18,SKU-0089,719.4,395.0
2024-02-25,SKU-0089,608.4,395.0
2024-03-03,SKU-0089,437.4,395.0
2024-03-10,SKU-0089,367.4,395.0
2024-03-17,SKU-0089,774.6,395.0
2024-03-24,SKU-0089,603.6,395.0
2024-03-31,SKU-0089,493.6,395.0
2024-04-07,SKU-0089,414.6,395.0
2024-04-14,SKU-0089,347.6,395.0
2024-04-21,SKU-0089,249.6,395.0
2024-04-28,SKU-0089,608.8,395.0
2024-05-05,SKU-0089,405.8,395.0
2024-05-12,SKU-0089,276.8,395.0
2024-05-19,SKU-0089,110.8,395.0
2024-05-26,SKU-0089,466.0,395.0
2024-06-02,SKU-0089,311.0,395.0
2024-06-09,SKU-0089,739.2,395.0
2024-06-16,SKU-0089,578.2,395.0
2024-06-23,SKU-0089,484.2,395.0
2024-06-30,SKU-0089,351.2,395.0
2024-07-07,SKU-0089,716.4,395.0
2024-07-14,SKU-0089,539.4,395.0
2024-07-21,SKU-0089,417.4,395.0
2024-07-28,SKU-0089,237.4,395.0
2024-08-04,SKU-0089,554.6,395.0
2024-08-11,SKU-0089,378.6,395.0
2024-08-18,SKU-0089,776.8,395.0
2024-08-25,SKU-0089,632.8,395.0
2024-09-01,SKU-0089,498.8,395.0
2024-09-08,SKU-0089,362.8,395.0
2024-09-15,SKU-0089,723.0,395.0
2024-09-22,SKU-0089,535.0,395.0
2024-09-29,SKU-0089,401.0,395.0
2024-10-06,SKU-0089,221.0,395.0
2024-10-13,SKU-0089,67.0,395.0
2024-10-20,SKU-0089,444.2,395.0
2024-10-27,SKU-0089,339.2,395.0
2024-11-03,SKU-0089,672.4,395.0
2024-11-10,SKU-0089,506.4,395.0
2024-11-17,SKU-0089,318.4,395.0
2024-11-24,SKU-0089,610.6,395.0
2024-12-01,SKU-0089,404.6,395.0
2024-12-08,SKU-0089,200.6,395.0
2024-12-15,SKU-0089,61.6,395.0
2024-12-22,SKU-0089,489.8,395.0
2024-12-29,SKU-0089,345.8,395.0
2025-01-05,SKU-0089,234.8,395.0
2025-01-12,SKU-0089,643.0,395.0
2025-01-19,SKU-0089,473.0,395.0
2025-01-26,SKU-0089,350.0,395.0
2025-02-02,SKU-0089,709.2,395.0
2025-02-09,SKU-0089,614.2,395.0
2025-02-16,SKU-0089,537.2,395.0
2025-02-23,SKU-0089,396.2,395.0
2025-03-02,SKU-0089,313.2,395.0
2025-03-09,SKU-0089,768.4,395.0
2025-03-16,SKU-0089,670.4,395.0
2025-03-23,SKU-0089,540.4,395.0
2025-03-30,SKU-0089,376.4,395.0
2025-04-06,SKU-0089,779.6,395.0
2025-04-13,SKU-0089,616.6,395.0
2025-04-20,SKU-0089,494.6,395.0
2025-04-27,SKU-0089,420.6,395.0
2025-05-04,SKU-0089,330.6,395.0
2025-05-11,SKU-0089,254.6,395.0
2025-05-18,SKU-0089,662.8,395.0
2025-05-25,SKU-0089,596.8,395.0
2025-06-01,SKU-0089,513.8,395.0
2025-06-08,SKU-0089,413.8,395.0
2025-06-15,SKU-0089,243.8,395.0
2025-06-22,SKU-0089,91.8,395.0
2025-06-29,SKU-0089,504.0,395.0
2025-07-06,SKU-0089,370.0,395.0
2025-07-13,SKU-0089,253.0,395.0
2025-07-20,SKU-0089,486.2,395.0
2025-07-27,SKU-0089,411.2,395.0
2025-08-03,SKU-0089,342.2,395.0
2025-08-10,SKU-0089,797.4,395.0
2025-08-17,SKU-0089,714.4,395.0
2025-08-24,SKU-0089,598.4,395.0
2025-08-31,SKU-0089,425.4,395.0
2025-09-07,SKU-0089,303.4,395.0
2025-09-14,SKU-0089,709.6,395.0
2025-09-21,SKU-0089,584.6,395.0
2025-09-28,SKU-0089,445.6,395.0
2025-10-05,SKU-0089,340.6,395.0
2025-10-12,SKU-0089,698.8,395.0
2025-10-19,SKU-0089,561.8,395.0
2025-10-26,SKU-0089,411.8,395.0
2025-11-02,SKU-0089,212.8,395.0
2025-11-09,SKU-0089,540.0,395.0
2025-11-16,SKU-0089,326.0,395.0
2025-11-23,SKU-0089,725.2,395.0
2025-11-30,SKU-0089,531.2,395.0
2025-12-07,SKU-0089,432.2,395.0
2025-12-14,SKU-0089,349.2,395.0
2025-12-21,SKU-0089,735.4,395.0
2025-12-28,SKU-0089,555.4,395.0
2024-01-07,SKU-0090,720.6,358.0
2024-01-14,SKU-0090,611.6,358.0
2024-01-21,SKU-0090,475.6,358.0
2024-01-28,SKU-0090,433.6,358.0
2024-02-04,SKU-0090,363.6,358.0
2024-02-11,SKU-0090,282.6,358.0
2024-02-18,SKU-0090,698.2,358.0
2024-02-25,SKU-0090,595.2,358.0
2024-03-03,SKU-0090,470.2,358.0
2024-03-10,SKU-0090,359.2,358.0
2024-03-17,SKU-0090,257.2,358.0
2024-03-24,SKU-0090,461.8,358.0
2024-03-31,SKU-0090,361.8,358.0
2024-04-07,SKU-0090,258.8,358.0
2024-04-14,SKU-0090,560.4,358.0
2024-04-21,SKU-0090,329.4,358.0
2024-04-28,SKU-0090,739.0,358.0
2024-05-05,SKU-0090,671.0,358.0
2024-05-12,SKU-0090,477.0,358.0
2024-05-19,SKU-0090,302.0,358.0
2024-05-26,SKU-0090,147.0,358.0
2024-06-02,SKU-0090,528.6,358.0
2024-06-09,SKU-0090,383.6,358.0
2024-06-16,SKU-0090,326.6,358.0
2024-06-23,SKU-0090,261.6,358.0
2024-06-30,SKU-0090,522.2,358.0
2024-07-07,SKU-0090,462.2,358.0
2024-07-14,SKU-0090,363.2,358.0
2024-07-21,SKU-0090,223.2,358.0
2024-07-28,SKU-0090,101.2,358.0
2024-08-04,SKU-0090,511.8,358.0
2024-08-11,SKU-0090,427.8,358.0
2024-08-18,SKU-0090,286.8,358.0
2024-08-25,SKU-0090,196.8,358.0
2024-09-01,SKU-0090,442.4,358.0
2024-09-08,SKU-0090,338.4,358.0
2024-09-15,SKU-0090,88.4,358.0
2024-09-22,SKU-0090,456.0,358.0
2024-09-29,SKU-0090,264.0,358.0
2024-10-06,SKU-0090,120.0,358.0
2024-10-13,SKU-0090,475.6,358.0
2024-10-20,SKU-0090,411.6,358.0
2024-10-27,SKU-0090,258.6,358.0
2024-11-03,SKU-0090,589.2,358.0
2024-11-10,SKU-0090,422.2,358.0
2024-11-17,SKU-0090,311.2,358.0
2024-11-24,SKU-0090,695.8,358.0
2024-12-01,SKU-0090,608.8,358.0
2024-12-08,SKU-0090,480.8,358.0
2024-12-15,SKU-0090,279.8,358.0
2024-12-22,SKU-0090,164.8,358.0
2024-12-29,SKU-0090,561.4,358.0
2025-01-05,SKU-0090,498.4,358.0
2025-01-12,SKU-0090,443.4,358.0
2025-01-19,SKU-0090,399.4,358.0
2025-01-26,SKU-0090,322.4,358.0
2025-02-02,SKU-0090,256.4,358.0
2025-02-09,SKU-0090,659.0,358.0
2025-02-16,SKU-0090,454.0,358.0
2025-02-23,SKU-0090,320.0,358.0
2025-03-02,SKU-0090,614.6,358.0
2025-03-09,SKU-0090,517.6,358.0
2025-03-16,SKU-0090,409.6,358.0
2025-03-23,SKU-0090,342.6,358.0
2025-03-30,SKU-0090,298.6,358.0
2025-04-06,SKU-0090,726.2,358.0
2025-04-13,SKU-0090,640.2,358.0
2025-04-20,SKU-0090,515.2,358.0
2025-04-27,SKU-0090,239.2,358.0
2025-05-04,SKU-0090,138.2,358.0
2025-05-11,SKU-0090,562.8,358.0
2025-05-18,SKU-0090,474.8,358.0
2025-05-25,SKU-0090,343.8,358.0
2025-06-01,SKU-0090,758.4,358.0
2025-06-08,SKU-0090,672.4,358.0
2025-06-15,SKU-0090,539.4,358.0
2025-06-22,SKU-0090,427.4,358.0
2025-06-29,SKU-0090,297.4,358.0
2025-07-06,SKU-0090,189.4,358.0
2025-07-13,SKU-0090,563.0,358.0
2025-07-20,SKU-0090,369.0,358.0
2025-07-27,SKU-0090,211.0,358.0
2025-08-03,SKU-0090,566.6,358.0
2025-08-10,SKU-0090,428.6,358.0
2025-08-17,SKU-0090,322.6,358.0
2025-08-24,SKU-0090,216.6,358.0
2025-08-31,SKU-0090,563.2,358.0
2025-09-07,SKU-0090,441.2,358.0
2025-09-14,SKU-0090,91.2,358.0
2025-09-21,SKU-0090,443.8,358.0
2025-09-28,SKU-0090,308.8,358.0
2025-10-05,SKU-0090,0.0,358.0
2025-10-12,SKU-0090,398.6,358.0
2025-10-19,SKU-0090,271.6,358.0
2025-10-26,SKU-0090,537.2,358.0
2025-11-02,SKU-0090,377.2,358.0
2025-11-09,SKU-0090,234.2,358.0
2025-11-16,SKU-0090,611.8,358.0
2025-11-23,SKU-0090,464.8,358.0
2025-11-30,SKU-0090,358.8,358.0
2025-12-07,SKU-0090,137.8,358.0
2025-12-14,SKU-0090,437.4,358.0
2025-12-21,SKU-0090,315.4,358.0
2025-12-28,SKU-0090,561.0,358.0
2024-01-07,SKU-0091,856.6,397.0
2024-01-14,SKU-0091,782.6,397.0
2024-01-21,SKU-0091,636.6,397.0
2024-01-28,SKU-0091,516.6,397.0
2024-02-04,SKU-0091,452.6,397.0
2024-02-11,SKU-0091,377.6,397.0
2024-02-18,SKU-0091,813.2,397.0
2024-02-25,SKU-0091,734.2,397.0
2024-03-03,SKU-0091,612.2,397.0
2024-03-10,SKU-0091,505.2,397.0
2024-03-17,SKU-0091,368.2,397.0
2024-03-24,SKU-0091,260.2,397.0
2024-03-31,SKU-0091,660.8,397.0
2024-04-07,SKU-0091,562.8,397.0
2024-04-14,SKU-0091,424.8,397.0
2024-04-21,SKU-0091,288.8,397.0
2024-04-28,SKU-0091,661.4,397.0
2024-05-05,SKU-0091,521.4,397.0
2024-05-12,SKU-0091,418.4,397.0
2024-05-19,SKU-0091,300.4,397.0
2024-05-26,SKU-0091,92.4,397.0
2024-06-02,SKU-0091,511.0,397.0
2024-06-09,SKU-0091,384.0,397.0
2024-06-16,SKU-0091,674.6,397.0
2024-06-23,SKU-0091,513.6,397.0
2024-06-30,SKU-0091,349.6,397.0
2024-07-07,SKU-0091,265.6,397.0
2024-07-14,SKU-0091,712.2,397.0
2024-07-21,SKU-0091,576.2,397.0
2024-07-28,SKU-0091,283.2,397.0
2024-08-04,SKU-0091,224.2,397.0
2024-08-11,SKU-0091,691.8,397.0
2024-08-18,SKU-0091,534.8,397.0
2024-08-25,SKU-0091,396.8,397.0
2024-09-01,SKU-0091,312.8,397.0
2024-09-08,SKU-0091,658.4,397.0
2024-09-15,SKU-0091,521.4,397.0
2024-09-22,SKU-0091,417.4,397.0
2024-09-29,SKU-0091,295.4,397.0
2024-10-06,SKU-0091,717.0,397.0
2024-10-13,SKU-0091,564.0,397.0
2024-10-20,SKU-0091,463.0,397.0
2024-10-27,SKU-0091,379.0,397.0
2024-11-03,SKU-0091,788.6,397.0
2024-11-10,SKU-0091,599.6,397.0
2024-11-17,SKU-0091,341.6,397.0
2024-11-24,SKU-0091,746.2,397.0
2024-12-01,SKU-0091,645.2,397.0
2024-12-08,SKU-0091,471.2,397.0
2024-12-15,SKU-0091,227.2,397.0
2024-12-22,SKU-0091,625.8,397.0
2024-12-29,SKU-0091,337.8,397.0
2025-01-05,SKU-0091,260.8,397.0
2025-01-12,SKU-0091,599.4,397.0
2025-01-19,SKU-0091,458.4,397.0
2025-01-26,SKU-0091,406.4,397.0
2025-02-02,SKU-0091,279.4,397.0
2025-02-09,SKU-0091,716.0,397.0
2025-02-16,SKU-0091,621.0,397.0
2025-02-23,SKU-0091,545.0,397.0
2025-03-02,SKU-0091,434.0,397.0
2025-03-09,SKU-0091,350.0,397.0
2025-03-16,SKU-0091,233.0,397.0
2025-03-23,SKU-0091,590.6,397.0
2025-03-30,SKU-0091,395.6,397.0
2025-04-06,SKU-0091,740.2,397.0
2025-04-13,SKU-0091,572.2,397.0
2025-04-20,SKU-0091,432.2,397.0
2025-04-27,SKU-0091,325.2,397.0
2025-05-04,SKU-0091,249.2,397.0
2025-05-11,SKU-0091,595.8,397.0
2025-05-18,SKU-0091,495.8,397.0
2025-05-25,SKU-0091,365.8,397.0
2025-06-01,SKU-0091,295.8,397.0
2025-06-08,SKU-0091,678.4,397.0
2025-06-15,SKU-0091,461.4,397.0
2025-06-22,SKU-0091,343.4,397.0
2025-06-29,SKU-0091,165.4,397.0
2025-07-06,SKU-0091,582.0,397.0
2025-07-13,SKU-0091,453.0,397.0
2025-07-20,SKU-0091,354.0,397.0
2025-07-27,SKU-0091,314.0,397.0
2025-08-03,SKU-0091,699.6,397.0
2025-08-10,SKU-0091,548.6,397.0
2025-08-17,SKU-0091,391.6,397.0
2025-08-24,SKU-0091,670.2,397.0
2025-08-31,SKU-0091,489.2,397.0
2025-09-07,SKU-0091,336.2,397.0
2025-09-14,SKU-0091,769.8,397.0
2025-09-21,SKU-0091,346.8,397.0
2025-09-28,SKU-0091,274.8,397.0
2025-10-05,SKU-0091,689.4,397.0
2025-10-12,SKU-0091,579.4,397.0
2025-10-19,SKU-0091,368.4,397.0
2025-10-26,SKU-0091,213.4,397.0
2025-11-02,SKU-0091,539.0,397.0
2025-11-09,SKU-0091,460.0,397.0
2025-11-16,SKU-0091,329.0,397.0
2025-11-23,SKU-0091,607.6,397.0
2025-11-30,SKU-0091,475.6,397.0
2025-12-07,SKU-0091,383.6,397.0
2025-12-14,SKU-0091,745.2,397.0
2025-12-21,SKU-0091,624.2,397.0
2025-12-28,SKU-0091,469.2,397.0
2024-01-07,SKU-0092,1092.8,539.0
2024-01-14,SKU-0092,1008.8,539.0
2024-01-21,SKU-0092,873.8,539.0
2024-01-28,SKU-0092,599.8,539.0
2024-02-04,SKU-0092,482.8,539.0
2024-02-11,SKU-0092,362.8,539.0
2024-02-18,SKU-0092,980.6,539.0
2024-02-25,SKU-0092,821.6,539.0
2024-03-03,SKU-0092,632.6,539.0
2024-03-10,SKU-0092,539.6,539.0
2024-03-17,SKU-0092,384.6,539.0
2024-03-24,SKU-0092,45.6,539.0
2024-03-31,SKU-0092,701.4,539.0
2024-04-07,SKU-0092,447.4,539.0
2024-04-14,SKU-0092,205.4,539.0
2024-04-21,SKU-0092,853.2,539.0
2024-04-28,SKU-0092,787.2,539.0
2024-05-05,SKU-0092,669.2,539.0
2024-05-12,SKU-0092,351.2,539.0
2024-05-19,SKU-0092,956.0,539.0
2024-05-26,SKU-0092,796.0,539.0
2024-06-02,SKU-0092,626.0,539.0
2024-06-09,SKU-0092,472.0,539.0
2024-06-16,SKU-0092,750.8,539.0
2024-06-23,SKU-0092,565.8,539.0
2024-06-30,SKU-0092,477.8,539.0
2024-07-07,SKU-0092,1013.6,539.0
2024-07-14,SKU-0092,795.6,539.0
2024-07-21,SKU-0092,704.6,539.0
2024-07-28,SKU-0092,531.6,539.0
2024-08-04,SKU-0092,1131.4,539.0
2024-08-11,SKU-0092,1048.4,539.0
2024-08-18,SKU-0092,946.4,539.0
2024-08-25,SKU-0092,702.4,539.0
2024-09-01,SKU-0092,551.4,539.0
2024-09-08,SKU-0092,480.4,539.0
2024-09-15,SKU-0092,242.4,539.0
2024-09-22,SKU-0092,820.2,539.0
2024-09-29,SKU-0092,783.2,539.0
2024-10-06,SKU-0092,682.2,539.0
2024-10-13,SKU-0092,630.2,539.0
2024-10-20,SKU-0092,503.2,539.0
2024-10-27,SKU-0092,0.0,539.0
2024-11-03,SKU-0092,121.8,539.0
2024-11-10,SKU-0092,598.6,539.0
2024-11-17,SKU-0092,461.6,539.0
2024-11-24,SKU-0092,345.6,539.0
2024-12-01,SKU-0092,927.4,539.0
2024-12-08,SKU-0092,700.4,539.0
2024-12-15,SKU-0092,319.4,539.0
2024-12-22,SKU-0092,832.2,539.0
2024-12-29,SKU-0092,452.2,539.0
2025-01-05,SKU-0092,323.2,539.0
2025-01-12,SKU-0092,995.0,539.0
2025-01-19,SKU-0092,832.0,539.0
2025-01-26,SKU-0092,599.0,539.0
2025-02-02,SKU-0092,419.0,539.0
2025-02-09,SKU-0092,902.8,539.0
2025-02-16,SKU-0092,819.8,539.0
2025-02-23,SKU-0092,702.8,539.0
2025-03-02,SKU-0092,555.8,539.0
2025-03-09,SKU-0092,381.8,539.0
2025-03-16,SKU-0092,186.8,539.0
2025-03-23,SKU-0092,665.6,539.0
2025-03-30,SKU-0092,547.6,539.0
2025-04-06,SKU-0092,458.6,539.0
2025-04-13,SKU-0092,1055.4,539.0
2025-04-20,SKU-0092,917.4,539.0
2025-04-27,SKU-0092,795.4,539.0
2025-05-04,SKU-0092,697.4,539.0
2025-05-11,SKU-0092,450.4,539.0
2025-05-18,SKU-0092,190.4,539.0
2025-05-25,SKU-0092,647.2,539.0
2025-06-01,SKU-0092,407.2,539.0
2025-06-08,SKU-0092,914.0,539.0
2025-06-15,SKU-0092,786.0,539.0
2025-06-22,SKU-0092,655.0,539.0
2025-06-29,SKU-0092,468.0,539.0
2025-07-06,SKU-0092,1125.8,539.0
2025-07-13,SKU-0092,946.8,539.0
2025-07-20,SKU-0092,889.8,539.0
2025-07-27,SKU-0092,485.8,539.0
2025-08-03,SKU-0092,260.8,539.0
2025-08-10,SKU-0092,861.6,539.0
2025-08-17,SKU-0092,701.6,539.0
2025-08-24,SKU-0092,576.6,539.0
2025-08-31,SKU-0092,217.6,539.0
2025-09-07,SKU-0092,643.4,539.0
2025-09-14,SKU-0092,469.4,539.0
2025-09-21,SKU-0092,1059.2,539.0
2025-09-28,SKU-0092,833.2,539.0
2025-10-05,SKU-0092,629.2,539.0
2025-10-12,SKU-0092,455.2,539.0
2025-10-19,SKU-0092,1037.0,539.0
2025-10-26,SKU-0092,956.0,539.0
2025-11-02,SKU-0092,849.0,539.0
2025-11-09,SKU-0092,701.0,539.0
2025-11-16,SKU-0092,608.0,539.0
2025-11-23,SKU-0092,476.0,539.0
2025-11-30,SKU-0092,660.8,539.0
2025-12-07,SKU-0092,454.8,539.0
2025-12-14,SKU-0092,164.8,539.0
2025-12-21,SKU-0092,733.6,539.0
2025-12-28,SKU-0092,329.6,539.0
2024-01-07,SKU-0093,861.2,419.0
2024-01-14,SKU-0093,698.2,419.0
2024-01-21,SKU-0093,508.2,419.0
2024-01-28,SKU-0093,372.2,419.0
2024-02-04,SKU-0093,93.2,419.0
2024-02-11,SKU-0093,586.4,419.0
2024-02-18,SKU-0093,496.4,419.0
2024-02-25,SKU-0093,360.4,419.0
2024-03-03,SKU-0093,810.6,419.0
2024-03-10,SKU-0093,666.6,419.0
2024-03-17,SKU-0093,325.6,419.0
2024-03-24,SKU-0093,786.8,419.0
2024-03-31,SKU-0093,655.8,419.0
2024-04-07,SKU-0093,562.8,419.0
2024-04-14,SKU-0093,482.8,419.0
2024-04-21,SKU-0093,436.8,419.0
2024-04-28,SKU-0093,283.8,419.0
2024-05-05,SKU-0093,32.8,419.0
2024-05-12,SKU-0093,465.0,419.0
2024-05-19,SKU-0093,237.0,419.0
2024-05-26,SKU-0093,732.2,419.0
2024-06-02,SKU-0093,616.2,419.0
2024-06-09,SKU-0093,498.2,419.0
2024-06-16,SKU-0093,315.2,419.0
2024-06-23,SKU-0093,185.2,419.0
2024-06-30,SKU-0093,578.4,419.0
2024-07-07,SKU-0093,317.4,419.0
2024-07-14,SKU-0093,805.6,419.0
2024-07-21,SKU-0093,688.6,419.0
2024-07-28,SKU-0093,537.6,419.0
2024-08-04,SKU-0093,446.6,419.0
2024-08-11,SKU-0093,292.6,419.0
2024-08-18,SKU-0093,798.8,419.0
2024-08-25,SKU-0093,721.8,419.0
2024-09-01,SKU-0093,607.8,419.0
2024-09-08,SKU-0093,555.8,419.0
2024-09-15,SKU-0093,171.8,419.0
2024-09-22,SKU-0093,0.0,419.0
2024-09-29,SKU-0093,316.2,419.0
2024-10-06,SKU-0093,665.4,419.0
2024-10-13,SKU-0093,447.4,419.0
2024-10-20,SKU-0093,326.4,419.0
2024-10-27,SKU-0093,762.6,419.0
2024-11-03,SKU-0093,702.6,419.0
2024-11-10,SKU-0093,437.6,419.0
2024-11-17,SKU-0093,286.6,419.0
2024-11-24,SKU-0093,783.8,419.0
2024-12-01,SKU-0093,680.8,419.0
2024-12-08,SKU-0093,477.8,419.0
2024-12-15,SKU-0093,407.8,419.0
2024-12-22,SKU-0093,286.8,419.0
2024-12-29,SKU-0093,794.0,419.0
2025-01-05,SKU-0093,710.0,419.0
2025-01-12,SKU-0093,607.0,419.0
2025-01-19,SKU-0093,575.0,419.0
2025-01-26,SKU-0093,502.0,419.0
2025-02-02,SKU-0093,373.0,419.0
2025-02-09,SKU-0093,846.2,419.0
2025-02-16,SKU-0093,629.2,419.0
2025-02-23,SKU-0093,469.2,419.0
2025-03-02,SKU-0093,269.2,419.0
2025-03-09,SKU-0093,768.4,419.0
2025-03-16,SKU-0093,698.4,419.0
2025-03-23,SKU-0093,566.4,419.0
2025-03-30,SKU-0093,421.4,419.0
2025-04-06,SKU-0093,331.4,419.0
2025-04-13,SKU-0093,785.6,419.0
2025-04-20,SKU-0093,713.6,419.0
2025-04-27,SKU-0093,620.6,419.0
2025-05-04,SKU-0093,472.6,419.0
2025-05-11,SKU-0093,221.6,419.0
2025-05-18,SKU-0093,618.8,419.0
2025-05-25,SKU-0093,428.8,419.0
2025-06-01,SKU-0093,299.8,419.0
2025-06-08,SKU-0093,698.0,419.0
2025-06-15,SKU-0093,495.0,419.0
2025-06-22,SKU-0093,416.0,419.0
2025-06-29,SKU-0093,212.0,419.0
2025-07-06,SKU-0093,606.2,419.0
2025-07-13,SKU-0093,402.2,419.0
2025-07-20,SKU-0093,249.2,419.0
2025-07-27,SKU-0093,721.4,419.0
2025-08-03,SKU-0093,620.4,419.0
2025-08-10,SKU-0093,492.4,419.0
2025-08-17,SKU-0093,457.4,419.0
2025-08-24,SKU-0093,374.4,419.0
2025-08-31,SKU-0093,841.6,419.0
2025-09-07,SKU-0093,744.6,419.0
2025-09-14,SKU-0093,667.6,419.0
2025-09-21,SKU-0093,593.6,419.0
2025-09-28,SKU-0093,483.6,419.0
2025-10-05,SKU-0093,384.6,419.0
2025-10-12,SKU-0093,681.8,419.0
2025-10-19,SKU-0093,547.8,419.0
2025-10-26,SKU-0093,417.8,419.0
2025-11-02,SKU-0093,170.8,419.0
2025-11-09,SKU-0093,574.0,419.0
2025-11-16,SKU-0093,413.0,419.0
2025-11-23,SKU-0093,120.0,419.0
2025-11-30,SKU-0093,414.2,419.0
2025-12-07,SKU-0093,833.4,419.0
2025-12-14,SKU-0093,753.4,419.0
2025-12-21,SKU-0093,639.4,419.0
2025-12-28,SKU-0093,435.4,419.0
2024-01-07,SKU-0094,795.4,362.0
2024-01-14,SKU-0094,710.4,362.0
2024-01-21,SKU-0094,616.4,362.0
2024-01-28,SKU-0094,564.4,362.0
2024-02-04,SKU-0094,412.4,362.0
2024-02-11,SKU-0094,328.4,362.0
2024-02-18,SKU-0094,760.8,362.0
2024-02-25,SKU-0094,698.8,362.0
2024-03-03,SKU-0094,578.8,362.0
2024-03-10,SKU-0094,402.8,362.0
2024-03-17,SKU-0094,288.8,362.0
2024-03-24,SKU-0094,179.8,362.0
2024-03-31,SKU-0094,569.2,362.0
2024-04-07,SKU-0094,364.2,362.0
2024-04-14,SKU-0094,184.2,362.0
2024-04-21,SKU-0094,128.2,362.0
2024-04-28,SKU-0094,502.6,362.0
2024-05-05,SKU-0094,363.6,362.0
2024-05-12,SKU-0094,261.6,362.0
2024-05-19,SKU-0094,612.0,362.0
2024-05-26,SKU-0094,468.0,362.0
2024-06-02,SKU-0094,390.0,362.0
2024-06-09,SKU-0094,201.0,362.0
2024-06-16,SKU-0094,81.0,362.0
2024-06-23,SKU-0094,389.4,362.0
2024-06-30,SKU-0094,263.4,362.0
2024-07-07,SKU-0094,638.8,362.0
2024-07-14,SKU-0094,448.8,362.0
2024-07-21,SKU-0094,319.8,362.0
2024-07-28,SKU-0094,110.8,362.0
2024-08-04,SKU-0094,447.2,362.0
2024-08-11,SKU-0094,172.2,362.0
2024-08-18,SKU-0094,571.6,362.0
2024-08-25,SKU-0094,453.6,362.0
2024-09-01,SKU-0094,368.6,362.0
2024-09-08,SKU-0094,293.6,362.0
2024-09-15,SKU-0094,651.0,362.0
2024-09-22,SKU-0094,587.0,362.0
2024-09-29,SKU-0094,476.0,362.0
2024-10-06,SKU-0094,267.0,362.0
2024-10-13,SKU-0094,595.4,362.0
2024-10-20,SKU-0094,495.4,362.0
2024-10-27,SKU-0094,383.4,362.0
2024-11-03,SKU-0094,184.4,362.0
2024-11-10,SKU-0094,385.8,362.0
2024-11-17,SKU-0094,251.8,362.0
2024-11-24,SKU-0094,94.8,362.0
2024-12-01,SKU-0094,405.2,362.0
2024-12-08,SKU-0094,274.2,362.0
2024-12-15,SKU-0094,111.2,362.0
2024-12-22,SKU-0094,435.6,362.0
2024-12-29,SKU-0094,194.6,362.0
2025-01-05,SKU-0094,601.0,362.0
2025-01-12,SKU-0094,501.0,362.0
2025-01-19,SKU-0094,389.0,362.0
2025-01-26,SKU-0094,317.0,362.0
2025-02-02,SKU-0094,717.4,362.0
2025-02-09,SKU-0094,624.4,362.0
2025-02-16,SKU-0094,572.4,362.0
2025-02-23,SKU-0094,495.4,362.0
2025-03-02,SKU-0094,431.4,362.0
2025-03-09,SKU-0094,348.4,362.0
2025-03-16,SKU-0094,753.8,362.0
2025-03-23,SKU-0094,670.8,362.0
2025-03-30,SKU-0094,536.8,362.0
2025-04-06,SKU-0094,360.8,362.0
2025-04-13,SKU-0094,211.8,362.0
2025-04-20,SKU-0094,617.2,362.0
2025-04-27,SKU-0094,495.2,362.0
2025-05-04,SKU-0094,429.2,362.0
2025-05-11,SKU-0094,291.2,362.0
2025-05-18,SKU-0094,143.2,362.0
2025-05-25,SKU-0094,529.6,362.0
2025-06-01,SKU-0094,415.6,362.0
2025-06-08,SKU-0094,259.6,362.0
2025-06-15,SKU-0094,109.6,362.0
2025-06-22,SKU-0094,502.0,362.0
2025-06-29,SKU-0094,419.0,362.0
2025-07-06,SKU-0094,363.0,362.0
2025-07-13,SKU-0094,267.0,362.0
2025-07-20,SKU-0094,181.0,362.0
2025-07-27,SKU-0094,554.4,362.0
2025-08-03,SKU-0094,413.4,362.0
2025-08-10,SKU-0094,349.4,362.0
2025-08-17,SKU-0094,266.4,362.0
2025-08-24,SKU-0094,650.8,362.0
2025-08-31,SKU-0094,591.8,362.0
2025-09-07,SKU-0094,485.8,362.0
2025-09-14,SKU-0094,391.8,362.0
2025-09-21,SKU-0094,259.8,362.0
2025-09-28,SKU-0094,592.2,362.0
2025-10-05,SKU-0094,430.2,362.0
2025-10-12,SKU-0094,320.2,362.0
2025-10-19,SKU-0094,185.2,362.0
2025-10-26,SKU-0094,534.6,362.0
2025-11-02,SKU-0094,310.6,362.0
2025-11-09,SKU-0094,240.6,362.0
2025-11-16,SKU-0094,590.0,362.0
2025-11-23,SKU-0094,482.0,362.0
2025-11-30,SKU-0094,328.0,362.0
2025-12-07,SKU-0094,598.4,362.0
2025-12-14,SKU-0094,446.4,362.0
2025-12-21,SKU-0094,299.4,362.0
2025-12-28,SKU-0094,676.8,362.0
2024-01-07,SKU-0095,1007.0,494.0
2024-01-14,SKU-0095,868.0,494.0
2024-01-21,SKU-0095,796.0,494.0
2024-01-28,SKU-0095,625.0,494.0
2024-02-04,SKU-0095,532.0,494.0
2024-02-11,SKU-0095,493.0,494.0
2024-02-18,SKU-0095,1044.0,494.0
2024-02-25,SKU-0095,890.0,494.0
2024-03-03,SKU-0095,729.0,494.0
2024-03-10,SKU-0095,592.0,494.0
2024-03-17,SKU-0095,468.0,494.0
2024-03-24,SKU-0095,288.0,494.0
2024-03-31,SKU-0095,774.0,494.0
2024-04-07,SKU-0095,722.0,494.0
2024-04-14,SKU-0095,630.0,494.0
2024-04-21,SKU-0095,489.0,494.0
2024-04-28,SKU-0095,360.0,494.0
2024-05-05,SKU-0095,805.0,494.0
2024-05-12,SKU-0095,571.0,494.0
2024-05-19,SKU-0095,421.0,494.0
2024-05-26,SKU-0095,307.0,494.0
2024-06-02,SKU-0095,617.0,494.0
2024-06-09,SKU-0095,526.0,494.0
2024-06-16,SKU-0095,392.0,494.0
2024-06-23,SKU-0095,640.0,494.0
2024-06-30,SKU-0095,443.0,494.0
2024-07-07,SKU-0095,911.0,494.0
2024-07-14,SKU-0095,772.0,494.0
2024-07-21,SKU-0095,510.0,494.0
2024-07-28,SKU-0095,0.0,494.0
2024-08-04,SKU-0095,0.0,494.0
2024-08-11,SKU-0095,530.0,494.0
2024-08-18,SKU-0095,264.0,494.0
2024-08-25,SKU-0095,0.0,494.0
2024-09-01,SKU-0095,480.0,494.0
2024-09-08,SKU-0095,1043.0,494.0
2024-09-15,SKU-0095,866.0,494.0
2024-09-22,SKU-0095,768.0,494.0
2024-09-29,SKU-0095,524.0,494.0
2024-10-06,SKU-0095,383.0,494.0
2024-10-13,SKU-0095,834.0,494.0
2024-10-20,SKU-0095,670.0,494.0
2024-10-27,SKU-0095,427.0,494.0
2024-11-03,SKU-0095,1019.0,494.0
2024-11-10,SKU-0095,793.0,494.0
2024-11-17,SKU-0095,583.0,494.0
2024-11-24,SKU-0095,362.0,494.0
2024-12-01,SKU-0095,278.0,494.0
2024-12-08,SKU-0095,569.0,494.0
2024-12-15,SKU-0095,441.0,494.0
2024-12-22,SKU-0095,869.0,494.0
2024-12-29,SKU-0095,732.0,494.0
2025-01-05,SKU-0095,621.0,494.0
2025-01-12,SKU-0095,523.0,494.0
2025-01-19,SKU-0095,470.0,494.0
2025-01-26,SKU-0095,382.0,494.0
2025-02-02,SKU-0095,802.0,494.0
2025-02-09,SKU-0095,736.0,494.0
2025-02-16,SKU-0095,608.0,494.0
2025-02-23,SKU-0095,561.0,494.0
2025-03-02,SKU-0095,332.0,494.0
2025-03-09,SKU-0095,269.0,494.0
2025-03-16,SKU-0095,857.0,494.0
2025-03-23,SKU-0095,738.0,494.0
2025-03-30,SKU-0095,566.0,494.0
2025-04-06,SKU-0095,497.0,494.0
2025-04-13,SKU-0095,367.0,494.0
2025-04-20,SKU-0095,186.0,494.0
2025-04-27,SKU-0095,706.0,494.0
2025-05-04,SKU-0095,612.0,494.0
2025-05-11,SKU-0095,434.0,494.0
2025-05-18,SKU-0095,180.0,494.0
2025-05-25,SKU-0095,360.0,494.0
2025-06-01,SKU-0095,76.0,494.0
2025-06-08,SKU-0095,675.0,494.0
2025-06-15,SKU-0095,389.0,494.0
2025-06-22,SKU-0095,798.0,494.0
2025-06-29,SKU-0095,628.0,494.0
2025-07-06,SKU-0095,424.0,494.0
2025-07-13,SKU-0095,168.0,494.0
2025-07-20,SKU-0095,702.0,494.0
2025-07-27,SKU-0095,628.0,494.0
2025-08-03,SKU-0095,501.0,494.0
2025-08-10,SKU-0095,293.0,494.0
2025-08-17,SKU-0095,842.0,494.0
2025-08-24,SKU-0095,738.0,494.0
2025-08-31,SKU-0095,663.0,494.0
2025-09-07,SKU-0095,465.0,494.0
2025-09-14,SKU-0095,380.0,494.0
2025-09-21,SKU-0095,246.0,494.0
2025-09-28,SKU-0095,802.0,494.0
2025-10-05,SKU-0095,485.0,494.0
2025-10-12,SKU-0095,871.0,494.0
2025-10-19,SKU-0095,332.0,494.0
2025-10-26,SKU-0095,222.0,494.0
2025-11-02,SKU-0095,766.0,494.0
2025-11-09,SKU-0095,544.0,494.0
2025-11-16,SKU-0095,451.0,494.0
2025-11-23,SKU-0095,961.0,494.0
2025-11-30,SKU-0095,685.0,494.0
2025-12-07,SKU-0095,497.0,494.0
2025-12-14,SKU-0095,210.0,494.0
2025-12-21,SKU-0095,745.0,494.0
2025-12-28,SKU-0095,602.0,494.0
2024-01-07,SKU-0096,954.0,454.0
2024-01-14,SKU-0096,772.0,454.0
2024-01-21,SKU-0096,561.0,454.0
2024-01-28,SKU-0096,337.0,454.0
2024-02-04,SKU-0096,826.0,454.0
2024-02-11,SKU-0096,752.0,454.0
2024-02-18,SKU-0096,664.0,454.0
2024-02-25,SKU-0096,553.0,454.0
2024-03-03,SKU-0096,502.0,454.0
2024-03-10,SKU-0096,431.0,454.0
2024-03-17,SKU-0096,991.0,454.0
2024-03-24,SKU-0096,851.0,454.0
2024-03-31,SKU-0096,716.0,454.0
2024-04-07,SKU-0096,641.0,454.0
2024-04-14,SKU-0096,427.0,454.0
2024-04-21,SKU-0096,295.0,454.0
2024-04-28,SKU-0096,784.0,454.0
2024-05-05,SKU-0096,596.0,454.0
2024-05-12,SKU-0096,440.0,454.0
2024-05-19,SKU-0096,974.0,454.0
2024-05-26,SKU-0096,885.0,454.0
2024-06-02,SKU-0096,825.0,454.0
2024-06-09,SKU-0096,639.0,454.0
2024-06-16,SKU-0096,515.0,454.0
2024-06-23,SKU-0096,296.0,454.0
2024-06-30,SKU-0096,207.0,454.0
2024-07-07,SKU-0096,746.0,454.0
2024-07-14,SKU-0096,506.0,454.0
2024-07-21,SKU-0096,300.0,454.0
2024-07-28,SKU-0096,242.0,454.0
2024-08-04,SKU-0096,608.0,454.0
2024-08-11,SKU-0096,518.0,454.0
2024-08-18,SKU-0096,210.0,454.0
2024-08-25,SKU-0096,640.0,454.0
2024-09-01,SKU-0096,543.0,454.0
2024-09-08,SKU-0096,424.0,454.0
2024-09-15,SKU-0096,906.0,454.0
2024-09-22,SKU-0096,879.0,454.0
2024-09-29,SKU-0096,681.0,454.0
2024-10-06,SKU-0096,559.0,454.0
2024-10-13,SKU-0096,339.0,454.0
2024-10-20,SKU-0096,915.0,454.0
2024-10-27,SKU-0096,700.0,454.0
2024-11-03,SKU-0096,522.0,454.0
2024-11-10,SKU-0096,428.0,454.0
2024-11-17,SKU-0096,0.0,454.0
2024-11-24,SKU-0096,330.0,454.0
2024-12-01,SKU-0096,837.0,454.0
2024-12-08,SKU-0096,731.0,454.0
2024-12-15,SKU-0096,502.0,454.0
2024-12-22,SKU-0096,56.0,454.0
2024-12-29,SKU-0096,441.0,454.0
2025-01-05,SKU-0096,957.0,454.0
2025-01-12,SKU-0096,647.0,454.0
2025-01-19,SKU-0096,565.0,454.0
2025-01-26,SKU-0096,327.0,454.0
2025-02-02,SKU-0096,772.0,454.0
2025-02-09,SKU-0096,669.0,454.0
2025-02-16,SKU-0096,590.0,454.0
2025-02-23,SKU-0096,509.0,454.0
2025-03-02,SKU-0096,391.0,454.0
2025-03-09,SKU-0096,133.0,454.0
2025-03-16,SKU-0096,623.0,454.0
2025-03-23,SKU-0096,549.0,454.0
2025-03-30,SKU-0096,298.0,454.0
2025-04-06,SKU-0096,74.0,454.0
2025-04-13,SKU-0096,547.0,454.0
2025-04-20,SKU-0096,295.0,454.0
2025-04-27,SKU-0096,154.0,454.0
2025-05-04,SKU-0096,401.0,454.0
2025-05-11,SKU-0096,884.0,454.0
2025-05-18,SKU-0096,797.0,454.0
2025-05-25,SKU-0096,695.0,454.0
2025-06-01,SKU-0096,552.0,454.0
2025-06-08,SKU-0096,407.0,454.0
2025-06-15,SKU-0096,310.0,454.0
2025-06-22,SKU-0096,816.0,454.0
2025-06-29,SKU-0096,751.0,454.0
2025-07-06,SKU-0096,654.0,454.0
2025-07-13,SKU-0096,333.0,454.0
2025-07-20,SKU-0096,822.0,454.0
2025-07-27,SKU-0096,746.0,454.0
2025-08-03,SKU-0096,654.0,454.0
2025-08-10,SKU-0096,567.0,454.0
2025-08-17,SKU-0096,442.0,454.0
2025-08-24,SKU-0096,965.0,454.0
2025-08-31,SKU-0096,711.0,454.0
2025-09-07,SKU-0096,626.0,454.0
2025-09-14,SKU-0096,509.0,454.0
2025-09-21,SKU-0096,204.0,454.0
2025-09-28,SKU-0096,71.0,454.0
2025-10-05,SKU-0096,386.0,454.0
2025-10-12,SKU-0096,862.0,454.0
2025-10-19,SKU-0096,638.0,454.0
2025-10-26,SKU-0096,157.0,454.0
2025-11-02,SKU-0096,52.0,454.0
2025-11-09,SKU-0096,425.0,454.0
2025-11-16,SKU-0096,330.0,454.0
2025-11-23,SKU-0096,765.0,454.0
2025-11-30,SKU-0096,645.0,454.0
2025-12-07,SKU-0096,468.0,454.0
2025-12-14,SKU-0096,383.0,454.0
2025-12-21,SKU-0096,938.0,454.0
2025-12-28,SKU-0096,711.0,454.0
2024-01-07,SKU-0097,1012.2,491.0
2024-01-14,SKU-0097,773.2,491.0
2024-01-21,SKU-0097,633.2,491.0
2024-01-28,SKU-0097,500.2,491.0
2024-02-04,SKU-0097,420.2,491.0
2024-02-11,SKU-0097,358.2,491.0
2024-02-18,SKU-0097,227.2,491.0
2024-02-25,SKU-0097,158.2,491.0
2024-03-03,SKU-0097,551.4,491.0
2024-03-10,SKU-0097,284.4,491.0
2024-03-17,SKU-0097,111.4,491.0
2024-03-24,SKU-0097,0.0,491.0
2024-03-31,SKU-0097,528.2,491.0
2024-04-07,SKU-0097,420.2,491.0
2024-04-14,SKU-0097,0.0,491.0
2024-04-21,SKU-0097,0.0,491.0
2024-04-28,SKU-0097,0.0,491.0
2024-05-05,SKU-0097,558.2,491.0
2024-05-12,SKU-0097,382.2,491.0
2024-05-19,SKU-0097,817.4,491.0
2024-05-26,SKU-0097,754.4,491.0
2024-06-02,SKU-0097,684.4,491.0
2024-06-09,SKU-0097,580.4,491.0
2024-06-16,SKU-0097,457.4,491.0
2024-06-23,SKU-0097,306.4,491.0
2024-06-30,SKU-0097,205.4,491.0
2024-07-07,SKU-0097,760.6,491.0
2024-07-14,SKU-0097,674.6,491.0
2024-07-21,SKU-0097,588.6,491.0
2024-07-28,SKU-0097,416.6,491.0
2024-08-04,SKU-0097,301.6,491.0
2024-08-11,SKU-0097,869.8,491.0
2024-08-18,SKU-0097,786.8,491.0
2024-08-25,SKU-0097,686.8,491.0
2024-09-01,SKU-0097,618.8,491.0
2024-09-08,SKU-0097,452.8,491.0
2024-09-15,SKU-0097,268.8,491.0
2024-09-22,SKU-0097,190.8,491.0
2024-09-29,SKU-0097,731.0,491.0
2024-10-06,SKU-0097,597.0,491.0
2024-10-13,SKU-0097,359.0,491.0
2024-10-20,SKU-0097,248.0,491.0
2024-10-27,SKU-0097,767.2,491.0
2024-11-03,SKU-0097,651.2,491.0
2024-11-10,SKU-0097,531.2,491.0
2024-11-17,SKU-0097,392.2,491.0
2024-11-24,SKU-0097,0.0,491.0
2024-12-01,SKU-0097,0.0,491.0
2024-12-08,SKU-0097,0.0,491.0
2024-12-15,SKU-0097,445.2,491.0
2024-12-22,SKU-0097,359.2,491.0
2024-12-29,SKU-0097,246.2,491.0
2025-01-05,SKU-0097,717.4,491.0
2025-01-12,SKU-0097,589.4,491.0
2025-01-19,SKU-0097,371.4,491.0
2025-01-26,SKU-0097,244.4,491.0
2025-02-02,SKU-0097,83.4,491.0
2025-02-09,SKU-0097,608.6,491.0
2025-02-16,SKU-0097,448.6,491.0
2025-02-23,SKU-0097,301.6,491.0
2025-03-02,SKU-0097,73.6,491.0
2025-03-09,SKU-0097,0.0,491.0
2025-03-16,SKU-0097,536.2,491.0
2025-03-23,SKU-0097,441.2,491.0
2025-03-30,SKU-0097,964.4,491.0
2025-04-06,SKU-0097,788.4,491.0
2025-04-13,SKU-0097,643.4,491.0
2025-04-20,SKU-0097,590.4,491.0
2025-04-27,SKU-0097,491.4,491.0
2025-05-04,SKU-0097,381.4,491.0
2025-05-11,SKU-0097,258.4,491.0
2025-05-18,SKU-0097,153.4,491.0
2025-05-25,SKU-0097,33.4,491.0
2025-06-01,SKU-0097,457.6,491.0
2025-06-08,SKU-0097,914.8,491.0
2025-06-15,SKU-0097,616.8,491.0
2025-06-22,SKU-0097,550.8,491.0
2025-06-29,SKU-0097,463.8,491.0
2025-07-06,SKU-0097,386.8,491.0
2025-07-13,SKU-0097,149.8,491.0
2025-07-20,SKU-0097,600.0,491.0
2025-07-27,SKU-0097,492.0,491.0
2025-08-03,SKU-0097,378.0,491.0
2025-08-10,SKU-0097,208.0,491.0
2025-08-17,SKU-0097,0.0,491.0
2025-08-24,SKU-0097,0.0,491.0
2025-08-31,SKU-0097,547.2,491.0
2025-09-07,SKU-0097,310.2,491.0
2025-09-14,SKU-0097,172.2,491.0
2025-09-21,SKU-0097,492.4,491.0
2025-09-28,SKU-0097,0.0,491.0
2025-10-05,SKU-0097,0.0,491.0
2025-10-12,SKU-0097,435.2,491.0
2025-10-19,SKU-0097,1045.4,491.0
2025-10-26,SKU-0097,830.4,491.0
2025-11-02,SKU-0097,747.4,491.0
2025-11-09,SKU-0097,602.4,491.0
2025-11-16,SKU-0097,301.4,491.0
2025-11-23,SKU-0097,867.6,491.0
2025-11-30,SKU-0097,236.6,491.0
2025-12-07,SKU-0097,95.6,491.0
2025-12-14,SKU-0097,0.0,491.0
2025-12-21,SKU-0097,514.2,491.0
2025-12-28,SKU-0097,253.2,491.0
2024-01-07,SKU-0098,881.6,409.0
2024-01-14,SKU-0098,782.6,409.0
2024-01-21,SKU-0098,755.6,409.0
2024-01-28,SKU-0098,579.6,409.0
2024-02-04,SKU-0098,433.6,409.0
2024-02-11,SKU-0098,352.6,409.0
2024-02-18,SKU-0098,815.2,409.0
2024-02-25,SKU-0098,762.2,409.0
2024-03-03,SKU-0098,692.2,409.0
2024-03-10,SKU-0098,570.2,409.0
2024-03-17,SKU-0098,444.2,409.0
2024-03-24,SKU-0098,282.2,409.0
2024-03-31,SKU-0098,76.2,409.0
2024-04-07,SKU-0098,423.8,409.0
2024-04-14,SKU-0098,281.8,409.0
2024-04-21,SKU-0098,690.4,409.0
2024-04-28,SKU-0098,590.4,409.0
2024-05-05,SKU-0098,356.4,409.0
2024-05-12,SKU-0098,825.0,409.0
2024-05-19,SKU-0098,751.0,409.0
2024-05-26,SKU-0098,610.0,409.0
2024-06-02,SKU-0098,558.0,409.0
2024-06-09,SKU-0098,459.0,409.0
2024-06-16,SKU-0098,409.0,409.0
2024-06-23,SKU-0098,336.0,409.0
2024-06-30,SKU-0098,18.6,409.0
2024-07-07,SKU-0098,518.2,409.0
2024-07-14,SKU-0098,315.2,409.0
2024-07-21,SKU-0098,777.8,409.0
2024-07-28,SKU-0098,717.8,409.0
2024-08-04,SKU-0098,666.8,409.0
2024-08-11,SKU-0098,498.8,409.0
2024-08-18,SKU-0098,402.8,409.0
2024-08-25,SKU-0098,282.8,409.0
2024-09-01,SKU-0098,518.4,409.0
2024-09-08,SKU-0098,462.4,409.0
2024-09-15,SKU-0098,426.4,409.0
2024-09-22,SKU-0098,295.4,409.0
2024-09-29,SKU-0098,31.4,409.0
2024-10-06,SKU-0098,435.0,409.0
2024-10-13,SKU-0098,147.0,409.0
2024-10-20,SKU-0098,0.0,409.0
2024-10-27,SKU-0098,0.0,409.0
2024-11-03,SKU-0098,443.6,409.0
2024-11-10,SKU-0098,272.6,409.0
2024-11-17,SKU-0098,0.0,409.0
2024-11-24,SKU-0098,335.6,409.0
2024-12-01,SKU-0098,186.6,409.0
2024-12-08,SKU-0098,546.2,409.0
2024-12-15,SKU-0098,397.2,409.0
2024-12-22,SKU-0098,702.8,409.0
2024-12-29,SKU-0098,570.8,409.0
2025-01-05,SKU-0098,308.8,409.0
2025-01-12,SKU-0098,178.8,409.0
2025-01-19,SKU-0098,609.4,409.0
2025-01-26,SKU-0098,571.4,409.0
2025-02-02,SKU-0098,542.4,409.0
2025-02-09,SKU-0098,452.4,409.0
2025-02-16,SKU-0098,374.4,409.0
2025-02-23,SKU-0098,75.4,409.0
2025-03-02,SKU-0098,550.0,409.0
2025-03-09,SKU-0098,488.0,409.0
2025-03-16,SKU-0098,318.0,409.0
2025-03-23,SKU-0098,284.0,409.0
2025-03-30,SKU-0098,716.6,409.0
2025-04-06,SKU-0098,662.6,409.0
2025-04-13,SKU-0098,639.6,409.0
2025-04-20,SKU-0098,599.6,409.0
2025-04-27,SKU-0098,496.6,409.0
2025-05-04,SKU-0098,381.6,409.0
2025-05-11,SKU-0098,828.2,409.0
2025-05-18,SKU-0098,760.2,409.0
2025-05-25,SKU-0098,642.2,409.0
2025-06-01,SKU-0098,505.2,409.0
2025-06-08,SKU-0098,385.2,409.0
2025-06-15,SKU-0098,92.2,409.0
2025-06-22,SKU-0098,435.8,409.0
2025-06-29,SKU-0098,366.8,409.0
2025-07-06,SKU-0098,834.4,409.0
2025-07-13,SKU-0098,767.4,409.0
2025-07-20,SKU-0098,644.4,409.0
2025-07-27,SKU-0098,440.4,409.0
2025-08-03,SKU-0098,154.4,409.0
2025-08-10,SKU-0098,25.4,409.0
2025-08-17,SKU-0098,488.0,409.0
2025-08-24,SKU-0098,424.0,409.0
2025-08-31,SKU-0098,378.0,409.0
2025-09-07,SKU-0098,60.0,409.0
2025-09-14,SKU-0098,0.0,409.0
2025-09-21,SKU-0098,455.6,409.0
2025-09-28,SKU-0098,116.6,409.0
2025-10-05,SKU-0098,573.2,409.0
2025-10-12,SKU-0098,452.2,409.0
2025-10-19,SKU-0098,289.2,409.0
2025-10-26,SKU-0098,244.2,409.0
2025-11-02,SKU-0098,717.8,409.0
2025-11-09,SKU-0098,0.0,409.0
2025-11-16,SKU-0098,0.0,409.0
2025-11-23,SKU-0098,494.6,409.0
2025-11-30,SKU-0098,382.6,409.0
2025-12-07,SKU-0098,789.2,409.0
2025-12-14,SKU-0098,581.2,409.0
2025-12-21,SKU-0098,441.2,409.0
2025-12-28,SKU-0098,365.2,409.0
2024-01-07,SKU-0099,796.4,380.0
2024-01-14,SKU-0099,612.4,380.0
2024-01-21,SKU-0099,551.4,380.0
2024-01-28,SKU-0099,508.4,380.0
2024-02-04,SKU-0099,465.4,380.0
2024-02-11,SKU-0099,445.4,380.0
2024-02-18,SKU-0099,251.4,380.0
2024-02-25,SKU-0099,143.4,380.0
2024-03-03,SKU-0099,54.4,380.0
2024-03-10,SKU-0099,455.8,380.0
2024-03-17,SKU-0099,244.8,380.0
2024-03-24,SKU-0099,170.8,380.0
2024-03-31,SKU-0099,130.8,380.0
2024-04-07,SKU-0099,436.2,380.0
2024-04-14,SKU-0099,413.2,380.0
2024-04-21,SKU-0099,334.2,380.0
2024-04-28,SKU-0099,123.2,380.0
2024-05-05,SKU-0099,0.0,380.0
2024-05-12,SKU-0099,0.0,380.0
2024-05-19,SKU-0099,408.4,380.0
2024-05-26,SKU-0099,313.4,380.0
2024-06-02,SKU-0099,225.4,380.0
2024-06-09,SKU-0099,127.4,380.0
2024-06-16,SKU-0099,377.8,380.0
2024-06-23,SKU-0099,740.2,380.0
2024-06-30,SKU-0099,424.2,380.0
2024-07-07,SKU-0099,276.2,380.0
2024-07-14,SKU-0099,194.2,380.0
2024-07-21,SKU-0099,107.2,380.0
2024-07-28,SKU-0099,0.0,380.0
2024-08-04,SKU-0099,434.4,380.0
2024-08-11,SKU-0099,228.4,380.0
2024-08-18,SKU-0099,171.4,380.0
2024-08-25,SKU-0099,20.4,380.0
2024-09-01,SKU-0099,440.8,380.0
2024-09-08,SKU-0099,358.8,380.0
2024-09-15,SKU-0099,296.8,380.0
2024-09-22,SKU-0099,229.8,380.0
2024-09-29,SKU-0099,109.8,380.0
2024-10-06,SKU-0099,336.2,380.0
2024-10-13,SKU-0099,188.2,380.0
2024-10-20,SKU-0099,629.6,380.0
2024-10-27,SKU-0099,475.6,380.0
2024-11-03,SKU-0099,447.6,380.0
2024-11-10,SKU-0099,315.6,380.0
2024-11-17,SKU-0099,0.0,380.0
2024-11-24,SKU-0099,476.4,380.0
2024-12-01,SKU-0099,369.4,380.0
2024-12-08,SKU-0099,120.4,380.0
2024-12-15,SKU-0099,0.0,380.0
2024-12-22,SKU-0099,210.4,380.0
2024-12-29,SKU-0099,111.4,380.0
2025-01-05,SKU-0099,0.0,380.0
2025-01-12,SKU-0099,254.4,380.0
2025-01-19,SKU-0099,181.4,380.0
2025-01-26,SKU-0099,85.4,380.0
2025-02-02,SKU-0099,542.8,380.0
2025-02-09,SKU-0099,470.8,380.0
2025-02-16,SKU-0099,255.8,380.0
2025-02-23,SKU-0099,214.8,380.0
2025-03-02,SKU-0099,514.2,380.0
2025-03-09,SKU-0099,394.2,380.0
2025-03-16,SKU-0099,272.2,380.0
2025-03-23,SKU-0099,207.2,380.0
2025-03-30,SKU-0099,50.2,380.0
2025-04-06,SKU-0099,0.0,380.0
2025-04-13,SKU-0099,0.0,380.0
2025-04-20,SKU-0099,0.0,380.0
2025-04-27,SKU-0099,403.4,380.0
2025-05-04,SKU-0099,322.4,380.0
2025-05-11,SKU-0099,141.4,380.0
2025-05-18,SKU-0099,534.8,380.0
2025-05-25,SKU-0099,436.8,380.0
2025-06-01,SKU-0099,361.8,380.0
2025-06-08,SKU-0099,290.8,380.0
2025-06-15,SKU-0099,224.8,380.0
2025-06-22,SKU-0099,566.2,380.0
2025-06-29,SKU-0099,525.2,380.0
2025-07-06,SKU-0099,485.2,380.0
2025-07-13,SKU-0099,364.2,380.0
2025-07-20,SKU-0099,105.2,380.0
2025-07-27,SKU-0099,0.0,380.0
2025-08-03,SKU-0099,0.0,380.0
2025-08-10,SKU-0099,0.0,380.0
2025-08-17,SKU-0099,377.4,380.0
2025-08-24,SKU-0099,304.4,380.0
2025-08-31,SKU-0099,186.4,380.0
2025-09-07,SKU-0099,0.0,380.0
2025-09-14,SKU-0099,423.4,380.0
2025-09-21,SKU-0099,244.4,380.0
2025-09-28,SKU-0099,159.4,380.0
2025-10-05,SKU-0099,34.4,380.0
2025-10-12,SKU-0099,0.0,380.0
2025-10-19,SKU-0099,483.4,380.0
2025-10-26,SKU-0099,232.4,380.0
2025-11-02,SKU-0099,34.4,380.0
2025-11-09,SKU-0099,0.0,380.0
2025-11-16,SKU-0099,354.4,380.0
2025-11-23,SKU-0099,239.4,380.0
2025-11-30,SKU-0099,0.0,380.0
2025-12-07,SKU-0099,379.4,380.0
2025-12-14,SKU-0099,157.4,380.0
2025-12-21,SKU-0099,115.4,380.0
2025-12-28,SKU-0099,0.0,380.0
2024-01-07,SKU-0100,763.8,373.0
2024-01-14,SKU-0100,653.8,373.0
2024-01-21,SKU-0100,590.8,373.0
2024-01-28,SKU-0100,524.8,373.0
2024-02-04,SKU-0100,413.8,373.0
2024-02-11,SKU-0100,390.8,373.0
2024-02-18,SKU-0100,231.8,373.0
2024-02-25,SKU-0100,661.6,373.0
2024-03-03,SKU-0100,590.6,373.0
2024-03-10,SKU-0100,489.6,373.0
2024-03-17,SKU-0100,265.6,373.0
2024-03-24,SKU-0100,156.6,373.0
2024-03-31,SKU-0100,494.4,373.0
2024-04-07,SKU-0100,433.4,373.0
2024-04-14,SKU-0100,352.4,373.0
2024-04-21,SKU-0100,200.4,373.0
2024-04-28,SKU-0100,136.4,373.0
2024-05-05,SKU-0100,598.2,373.0
2024-05-12,SKU-0100,518.2,373.0
2024-05-19,SKU-0100,427.2,373.0
2024-05-26,SKU-0100,329.2,373.0
2024-06-02,SKU-0100,180.2,373.0
2024-06-09,SKU-0100,36.2,373.0
2024-06-16,SKU-0100,442.0,373.0
2024-06-23,SKU-0100,303.0,373.0
2024-06-30,SKU-0100,199.0,373.0
2024-07-07,SKU-0100,86.0,373.0
2024-07-14,SKU-0100,14.0,373.0
2024-07-21,SKU-0100,367.8,373.0
2024-07-28,SKU-0100,274.8,373.0
2024-08-04,SKU-0100,86.8,373.0
2024-08-11,SKU-0100,522.6,373.0
2024-08-18,SKU-0100,341.6,373.0
2024-08-25,SKU-0100,274.6,373.0
2024-09-01,SKU-0100,137.6,373.0
2024-09-08,SKU-0100,563.4,373.0
2024-09-15,SKU-0100,486.4,373.0
2024-09-22,SKU-0100,332.4,373.0
2024-09-29,SKU-0100,275.4,373.0
2024-10-06,SKU-0100,95.4,373.0
2024-10-13,SKU-0100,292.2,373.0
2024-10-20,SKU-0100,127.2,373.0
2024-10-27,SKU-0100,561.0,373.0
2024-11-03,SKU-0100,367.0,373.0
2024-11-10,SKU-0100,226.0,373.0
2024-11-17,SKU-0100,67.0,373.0
2024-11-24,SKU-0100,417.8,373.0
2024-12-01,SKU-0100,196.8,373.0
2024-12-08,SKU-0100,0.0,373.0
2024-12-15,SKU-0100,334.8,373.0
2024-12-22,SKU-0100,75.8,373.0
2024-12-29,SKU-0100,457.6,373.0
2025-01-05,SKU-0100,187.6,373.0
2025-01-12,SKU-0100,122.6,373.0
2025-01-19,SKU-0100,61.6,373.0
2025-01-26,SKU-0100,475.4,373.0
2025-02-02,SKU-0100,341.4,373.0
2025-02-09,SKU-0100,196.4,373.0
2025-02-16,SKU-0100,645.2,373.0
2025-02-23,SKU-0100,540.2,373.0
2025-03-02,SKU-0100,418.2,373.0
2025-03-09,SKU-0100,111.2,373.0
2025-03-16,SKU-0100,21.2,373.0
2025-03-23,SKU-0100,0.0,373.0
2025-03-30,SKU-0100,446.8,373.0
2025-04-06,SKU-0100,346.8,373.0
2025-04-13,SKU-0100,211.8,373.0
2025-04-20,SKU-0100,91.8,373.0
2025-04-27,SKU-0100,483.6,373.0
2025-05-04,SKU-0100,403.6,373.0
2025-05-11,SKU-0100,293.6,373.0
2025-05-18,SKU-0100,179.6,373.0
2025-05-25,SKU-0100,0.0,373.0
2025-06-01,SKU-0100,386.8,373.0
2025-06-08,SKU-0100,314.8,373.0
2025-06-15,SKU-0100,220.8,373.0
2025-06-22,SKU-0100,117.8,373.0
2025-06-29,SKU-0100,568.6,373.0
2025-07-06,SKU-0100,458.6,373.0
2025-07-13,SKU-0100,338.6,373.0
2025-07-20,SKU-0100,717.4,373.0
2025-07-27,SKU-0100,645.4,373.0
2025-08-03,SKU-0100,543.4,373.0
2025-08-10,SKU-0100,414.4,373.0
2025-08-17,SKU-0100,251.4,373.0
2025-08-24,SKU-0100,121.4,373.0
2025-08-31,SKU-0100,553.2,373.0
2025-09-07,SKU-0100,395.2,373.0
2025-09-14,SKU-0100,167.2,373.0
2025-09-21,SKU-0100,62.2,373.0
2025-09-28,SKU-0100,520.0,373.0
2025-10-05,SKU-0100,340.0,373.0
2025-10-12,SKU-0100,143.0,373.0
2025-10-19,SKU-0100,15.0,373.0
2025-10-26,SKU-0100,0.0,373.0
2025-11-02,SKU-0100,246.8,373.0
2025-11-09,SKU-0100,28.8,373.0
2025-11-16,SKU-0100,372.6,373.0
2025-11-23,SKU-0100,229.6,373.0
2025-11-30,SKU-0100,61.6,373.0
2025-12-07,SKU-0100,0.0,373.0
2025-12-14,SKU-0100,341.8,373.0
2025-12-21,SKU-0100,253.8,373.0
2025-12-28,SKU-0100,141.8,373.0
2024-01-07,SKU-0101,1375.2,667.0
2024-01-14,SKU-0101,1167.2,667.0
2024-01-21,SKU-0101,1051.2,667.0
2024-01-28,SKU-0101,792.2,667.0
2024-02-04,SKU-0101,684.2,667.0
2024-02-11,SKU-0101,397.2,667.0
2024-02-18,SKU-0101,0.0,667.0
2024-02-25,SKU-0101,0.0,667.0
2024-03-03,SKU-0101,708.2,667.0
2024-03-10,SKU-0101,465.2,667.0
2024-03-17,SKU-0101,419.2,667.0
2024-03-24,SKU-0101,8.2,667.0
2024-03-31,SKU-0101,798.4,667.0
2024-04-07,SKU-0101,702.4,667.0
2024-04-14,SKU-0101,567.4,667.0
2024-04-21,SKU-0101,472.4,667.0
2024-04-28,SKU-0101,305.4,667.0
2024-05-05,SKU-0101,1049.6,667.0
2024-05-12,SKU-0101,884.6,667.0
2024-05-19,SKU-0101,537.6,667.0
2024-05-26,SKU-0101,318.6,667.0
2024-06-02,SKU-0101,1086.8,667.0
2024-06-09,SKU-0101,932.8,667.0
2024-06-16,SKU-0101,828.8,667.0
2024-06-23,SKU-0101,509.8,667.0
2024-06-30,SKU-0101,421.8,667.0
2024-07-07,SKU-0101,290.8,667.0
2024-07-14,SKU-0101,0.0,667.0
2024-07-21,SKU-0101,749.2,667.0
2024-07-28,SKU-0101,564.2,667.0
2024-08-04,SKU-0101,328.2,667.0
2024-08-11,SKU-0101,264.2,667.0
2024-08-18,SKU-0101,957.4,667.0
2024-08-25,SKU-0101,641.4,667.0
2024-09-01,SKU-0101,443.4,667.0
2024-09-08,SKU-0101,187.4,667.0
2024-09-15,SKU-0101,973.6,667.0
2024-09-22,SKU-0101,790.6,667.0
2024-09-29,SKU-0101,643.6,667.0
2024-10-06,SKU-0101,452.6,667.0
2024-10-13,SKU-0101,1256.8,667.0
2024-10-20,SKU-0101,1126.8,667.0
2024-10-27,SKU-0101,873.8,667.0
2024-11-03,SKU-0101,718.8,667.0
2024-11-10,SKU-0101,401.8,667.0
2024-11-17,SKU-0101,0.0,667.0
2024-11-24,SKU-0101,0.0,667.0
2024-12-01,SKU-0101,659.2,667.0
2024-12-08,SKU-0101,343.2,667.0
2024-12-15,SKU-0101,216.2,667.0
2024-12-22,SKU-0101,944.4,667.0
2024-12-29,SKU-0101,830.4,667.0
2025-01-05,SKU-0101,740.4,667.0
2025-01-12,SKU-0101,319.4,667.0
2025-01-19,SKU-0101,224.4,667.0
2025-01-26,SKU-0101,73.4,667.0
2025-02-02,SKU-0101,843.6,667.0
2025-02-09,SKU-0101,730.6,667.0
2025-02-16,SKU-0101,607.6,667.0
2025-02-23,SKU-0101,479.6,667.0
2025-03-02,SKU-0101,285.6,667.0
2025-03-09,SKU-0101,153.6,667.0
2025-03-16,SKU-0101,0.0,667.0
2025-03-23,SKU-0101,745.2,667.0
2025-03-30,SKU-0101,612.2,667.0
2025-04-06,SKU-0101,463.2,667.0
2025-04-13,SKU-0101,1.2,667.0
2025-04-20,SKU-0101,808.4,667.0
2025-04-27,SKU-0101,654.4,667.0
2025-05-04,SKU-0101,392.4,667.0
2025-05-11,SKU-0101,1041.6,667.0
2025-05-18,SKU-0101,944.6,667.0
2025-05-25,SKU-0101,853.6,667.0
2025-06-01,SKU-0101,682.6,667.0
2025-06-08,SKU-0101,329.6,667.0
2025-06-15,SKU-0101,54.6,667.0
2025-06-22,SKU-0101,773.8,667.0
2025-06-29,SKU-0101,629.8,667.0
2025-07-06,SKU-0101,1367.0,667.0
2025-07-13,SKU-0101,1209.0,667.0
2025-07-20,SKU-0101,1133.0,667.0
2025-07-27,SKU-0101,1057.0,667.0
2025-08-03,SKU-0101,886.0,667.0
2025-08-10,SKU-0101,336.0,667.0
2025-08-17,SKU-0101,131.0,667.0
2025-08-24,SKU-0101,956.2,667.0
2025-08-31,SKU-0101,863.2,667.0
2025-09-07,SKU-0101,688.2,667.0
2025-09-14,SKU-0101,587.2,667.0
2025-09-21,SKU-0101,1267.4,667.0
2025-09-28,SKU-0101,1149.4,667.0
2025-10-05,SKU-0101,1027.4,667.0
2025-10-12,SKU-0101,938.4,667.0
2025-10-19,SKU-0101,688.4,667.0
2025-10-26,SKU-0101,451.4,667.0
2025-11-02,SKU-0101,155.4,667.0
2025-11-09,SKU-0101,0.0,667.0
2025-11-16,SKU-0101,0.0,667.0
2025-11-23,SKU-0101,410.2,667.0
2025-11-30,SKU-0101,1170.4,667.0
2025-12-07,SKU-0101,823.4,667.0
2025-12-14,SKU-0101,647.4,667.0
2025-12-21,SKU-0101,478.4,667.0
2025-12-28,SKU-0101,327.4,667.0
2024-01-07,SKU-0102,1112.2,554.0
2024-01-14,SKU-0102,958.2,554.0
2024-01-21,SKU-0102,727.2,554.0
2024-01-28,SKU-0102,634.2,554.0
2024-02-04,SKU-0102,484.2,554.0
2024-02-11,SKU-0102,395.2,554.0
2024-02-18,SKU-0102,960.4,554.0
2024-02-25,SKU-0102,699.4,554.0
2024-03-03,SKU-0102,602.4,554.0
2024-03-10,SKU-0102,357.4,554.0
2024-03-17,SKU-0102,263.4,554.0
2024-03-24,SKU-0102,709.6,554.0
2024-03-31,SKU-0102,548.6,554.0
2024-04-07,SKU-0102,345.6,554.0
2024-04-14,SKU-0102,988.8,554.0
2024-04-21,SKU-0102,659.8,554.0
2024-04-28,SKU-0102,508.8,554.0
2024-05-05,SKU-0102,375.8,554.0
2024-05-12,SKU-0102,860.0,554.0
2024-05-19,SKU-0102,745.0,554.0
2024-05-26,SKU-0102,600.0,554.0
2024-06-02,SKU-0102,459.0,554.0
2024-06-09,SKU-0102,342.0,554.0
2024-06-16,SKU-0102,68.0,554.0
2024-06-23,SKU-0102,448.2,554.0
2024-06-30,SKU-0102,339.2,554.0
2024-07-07,SKU-0102,743.4,554.0
2024-07-14,SKU-0102,473.4,554.0
2024-07-21,SKU-0102,333.4,554.0
2024-07-28,SKU-0102,112.4,554.0
2024-08-04,SKU-0102,431.6,554.0
2024-08-11,SKU-0102,304.6,554.0
2024-08-18,SKU-0102,911.8,554.0
2024-08-25,SKU-0102,802.8,554.0
2024-09-01,SKU-0102,356.8,554.0
2024-09-08,SKU-0102,80.8,554.0
2024-09-15,SKU-0102,699.0,554.0
2024-09-22,SKU-0102,536.0,554.0
2024-09-29,SKU-0102,300.0,554.0
2024-10-06,SKU-0102,134.0,554.0
2024-10-13,SKU-0102,557.2,554.0
2024-10-20,SKU-0102,365.2,554.0
2024-10-27,SKU-0102,35.2,554.0
2024-11-03,SKU-0102,510.4,554.0
2024-11-10,SKU-0102,260.4,554.0
2024-11-17,SKU-0102,826.6,554.0
2024-11-24,SKU-0102,561.6,554.0
2024-12-01,SKU-0102,249.6,554.0
2024-12-08,SKU-0102,143.6,554.0
2024-12-15,SKU-0102,0.0,554.0
2024-12-22,SKU-0102,352.2,554.0
2024-12-29,SKU-0102,22.2,554.0
2025-01-05,SKU-0102,0.0,554.0
2025-01-12,SKU-0102,602.2,554.0
2025-01-19,SKU-0102,509.2,554.0
2025-01-26,SKU-0102,409.2,554.0
2025-02-02,SKU-0102,285.2,554.0
2025-02-09,SKU-0102,934.4,554.0
2025-02-16,SKU-0102,781.4,554.0
2025-02-23,SKU-0102,664.4,554.0
2025-03-02,SKU-0102,526.4,554.0
2025-03-09,SKU-0102,251.4,554.0
2025-03-16,SKU-0102,78.4,554.0
2025-03-23,SKU-0102,600.6,554.0
2025-03-30,SKU-0102,526.6,554.0
2025-04-06,SKU-0102,309.6,554.0
2025-04-13,SKU-0102,193.6,554.0
2025-04-20,SKU-0102,587.8,554.0
2025-04-27,SKU-0102,501.8,554.0
2025-05-04,SKU-0102,378.8,554.0
2025-05-11,SKU-0102,128.8,554.0
2025-05-18,SKU-0102,432.0,554.0
2025-05-25,SKU-0102,342.0,554.0
2025-06-01,SKU-0102,182.0,554.0
2025-06-08,SKU-0102,794.2,554.0
2025-06-15,SKU-0102,431.2,554.0
2025-06-22,SKU-0102,0.0,554.0
2025-06-29,SKU-0102,535.2,554.0
2025-07-06,SKU-0102,269.2,554.0
2025-07-13,SKU-0102,135.2,554.0
2025-07-20,SKU-0102,767.4,554.0
2025-07-27,SKU-0102,543.4,554.0
2025-08-03,SKU-0102,393.4,554.0
2025-08-10,SKU-0102,136.4,554.0
2025-08-17,SKU-0102,713.6,554.0
2025-08-24,SKU-0102,385.6,554.0
2025-08-31,SKU-0102,215.6,554.0
2025-09-07,SKU-0102,30.6,554.0
2025-09-14,SKU-0102,484.8,554.0
2025-09-21,SKU-0102,283.8,554.0
2025-09-28,SKU-0102,0.0,554.0
2025-10-05,SKU-0102,588.2,554.0
2025-10-12,SKU-0102,457.2,554.0
2025-10-19,SKU-0102,162.2,554.0
2025-10-26,SKU-0102,0.0,554.0
2025-11-02,SKU-0102,556.2,554.0
2025-11-09,SKU-0102,412.2,554.0
2025-11-16,SKU-0102,977.4,554.0
2025-11-23,SKU-0102,747.4,554.0
2025-11-30,SKU-0102,538.4,554.0
2025-12-07,SKU-0102,402.4,554.0
2025-12-14,SKU-0102,252.4,554.0
2025-12-21,SKU-0102,0.0,554.0
2025-12-28,SKU-0102,378.2,554.0
2024-01-07,SKU-0103,719.2,383.0
2024-01-14,SKU-0103,633.2,383.0
2024-01-21,SKU-0103,555.2,383.0
2024-01-28,SKU-0103,425.2,383.0
2024-02-04,SKU-0103,330.2,383.0
2024-02-11,SKU-0103,197.2,383.0
2024-02-18,SKU-0103,569.4,383.0
2024-02-25,SKU-0103,476.4,383.0
2024-03-03,SKU-0103,368.4,383.0
2024-03-10,SKU-0103,299.4,383.0
2024-03-17,SKU-0103,741.6,383.0
2024-03-24,SKU-0103,601.6,383.0
2024-03-31,SKU-0103,387.6,383.0
2024-04-07,SKU-0103,317.6,383.0
2024-04-14,SKU-0103,241.6,383.0
2024-04-21,SKU-0103,140.6,383.0
2024-04-28,SKU-0103,0.0,383.0
2024-05-05,SKU-0103,443.2,383.0
2024-05-12,SKU-0103,321.2,383.0
2024-05-19,SKU-0103,648.4,383.0
2024-05-26,SKU-0103,588.4,383.0
2024-06-02,SKU-0103,502.4,383.0
2024-06-09,SKU-0103,349.4,383.0
2024-06-16,SKU-0103,176.4,383.0
2024-06-23,SKU-0103,592.6,383.0
2024-06-30,SKU-0103,431.6,383.0
2024-07-07,SKU-0103,270.6,383.0
2024-07-14,SKU-0103,192.6,383.0
2024-07-21,SKU-0103,586.8,383.0
2024-07-28,SKU-0103,485.8,383.0
2024-08-04,SKU-0103,372.8,383.0
2024-08-11,SKU-0103,240.8,383.0
2024-08-18,SKU-0103,152.8,383.0
2024-08-25,SKU-0103,83.8,383.0
2024-09-01,SKU-0103,513.0,383.0
2024-09-08,SKU-0103,429.0,383.0
2024-09-15,SKU-0103,311.0,383.0
2024-09-22,SKU-0103,143.0,383.0
2024-09-29,SKU-0103,36.0,383.0
2024-10-06,SKU-0103,440.2,383.0
2024-10-13,SKU-0103,326.2,383.0
2024-10-20,SKU-0103,156.2,383.0
2024-10-27,SKU-0103,538.4,383.0
2024-11-03,SKU-0103,374.4,383.0
2024-11-10,SKU-0103,243.4,383.0
2024-11-17,SKU-0103,595.6,383.0
2024-11-24,SKU-0103,452.6,383.0
2024-12-01,SKU-0103,233.6,383.0
2024-12-08,SKU-0103,77.6,383.0
2024-12-15,SKU-0103,365.8,383.0
2024-12-22,SKU-0103,189.8,383.0
2024-12-29,SKU-0103,535.0,383.0
2025-01-05,SKU-0103,474.0,383.0
2025-01-12,SKU-0103,375.0,383.0
2025-01-19,SKU-0103,296.0,383.0
2025-01-26,SKU-0103,152.0,383.0
2025-02-02,SKU-0103,550.2,383.0
2025-02-09,SKU-0103,435.2,383.0
2025-02-16,SKU-0103,339.2,383.0
2025-02-23,SKU-0103,184.2,383.0
2025-03-02,SKU-0103,125.2,383.0
2025-03-09,SKU-0103,499.4,383.0
2025-03-16,SKU-0103,402.4,383.0
2025-03-23,SKU-0103,322.4,383.0
2025-03-30,SKU-0103,746.6,383.0
2025-04-06,SKU-0103,632.6,383.0
2025-04-13,SKU-0103,506.6,383.0
2025-04-20,SKU-0103,344.6,383.0
2025-04-27,SKU-0103,251.6,383.0
2025-05-04,SKU-0103,668.8,383.0
2025-05-11,SKU-0103,504.8,383.0
2025-05-18,SKU-0103,335.8,383.0
2025-05-25,SKU-0103,249.8,383.0
2025-06-01,SKU-0103,664.0,383.0
2025-06-08,SKU-0103,530.0,383.0
2025-06-15,SKU-0103,420.0,383.0
2025-06-22,SKU-0103,270.0,383.0
2025-06-29,SKU-0103,175.0,383.0
2025-07-06,SKU-0103,590.2,383.0
2025-07-13,SKU-0103,280.2,383.0
2025-07-20,SKU-0103,111.2,383.0
2025-07-27,SKU-0103,0.0,383.0
2025-08-03,SKU-0103,372.2,383.0
2025-08-10,SKU-0103,272.2,383.0
2025-08-17,SKU-0103,93.2,383.0
2025-08-24,SKU-0103,404.4,383.0
2025-08-31,SKU-0103,288.4,383.0
2025-09-07,SKU-0103,173.4,383.0
2025-09-14,SKU-0103,534.6,383.0
2025-09-21,SKU-0103,412.6,383.0
2025-09-28,SKU-0103,334.6,383.0
2025-10-05,SKU-0103,167.6,383.0
2025-10-12,SKU-0103,505.8,383.0
2025-10-19,SKU-0103,429.8,383.0
2025-10-26,SKU-0103,193.8,383.0
2025-11-02,SKU-0103,80.8,383.0
2025-11-09,SKU-0103,0.0,383.0
2025-11-16,SKU-0103,391.2,383.0
2025-11-23,SKU-0103,232.2,383.0
2025-11-30,SKU-0103,588.4,383.0
2025-12-07,SKU-0103,500.4,383.0
2025-12-14,SKU-0103,343.4,383.0
2025-12-21,SKU-0103,170.4,383.0
2025-12-28,SKU-0103,49.4,383.0
2024-01-07,SKU-0104,1217.6,534.0
2024-01-14,SKU-0104,1159.6,534.0
2024-01-21,SKU-0104,1083.6,534.0
2024-01-28,SKU-0104,893.6,534.0
2024-02-04,SKU-0104,808.6,534.0
2024-02-11,SKU-0104,655.6,534.0
2024-02-18,SKU-0104,0.0,534.0
2024-02-25,SKU-0104,0.0,534.0
2024-03-03,SKU-0104,601.6,534.0
2024-03-10,SKU-0104,380.6,534.0
2024-03-17,SKU-0104,103.6,534.0
2024-03-24,SKU-0104,0.0,534.0
2024-03-31,SKU-0104,582.6,534.0
2024-04-07,SKU-0104,523.6,534.0
2024-04-14,SKU-0104,484.6,534.0
2024-04-21,SKU-0104,409.6,534.0
2024-04-28,SKU-0104,1015.2,534.0
2024-05-05,SKU-0104,953.2,534.0
2024-05-12,SKU-0104,901.2,534.0
2024-05-19,SKU-0104,794.2,534.0
2024-05-26,SKU-0104,694.2,534.0
2024-06-02,SKU-0104,600.2,534.0
2024-06-09,SKU-0104,169.2,534.0
2024-06-16,SKU-0104,0.0,534.0
2024-06-23,SKU-0104,0.0,534.0
2024-06-30,SKU-0104,467.6,534.0
2024-07-07,SKU-0104,346.6,534.0
2024-07-14,SKU-0104,979.2,534.0
2024-07-21,SKU-0104,888.2,534.0
2024-07-28,SKU-0104,154.2,534.0
2024-08-04,SKU-0104,28.2,534.0
2024-08-11,SKU-0104,0.0,534.0
2024-08-18,SKU-0104,589.6,534.0
2024-08-25,SKU-0104,371.6,534.0
2024-09-01,SKU-0104,933.2,534.0
2024-09-08,SKU-0104,813.2,534.0
2024-09-15,SKU-0104,738.2,534.0
2024-09-22,SKU-0104,649.2,534.0
2024-09-29,SKU-0104,592.2,534.0
2024-10-06,SKU-0104,444.2,534.0
2024-10-13,SKU-0104,242.2,534.0
2024-10-20,SKU-0104,46.2,534.0
2024-10-27,SKU-0104,0.0,534.0
2024-11-03,SKU-0104,293.6,534.0
2024-11-10,SKU-0104,60.6,534.0
2024-11-17,SKU-0104,0.0,534.0
2024-11-24,SKU-0104,621.6,534.0
2024-12-01,SKU-0104,487.6,534.0
2024-12-08,SKU-0104,359.6,534.0
2024-12-15,SKU-0104,18.6,534.0
2024-12-22,SKU-0104,0.0,534.0
2024-12-29,SKU-0104,556.6,534.0
2025-01-05,SKU-0104,454.6,534.0
2025-01-12,SKU-0104,136.6,534.0
2025-01-19,SKU-0104,765.2,534.0
2025-01-26,SKU-0104,692.2,534.0
2025-02-02,SKU-0104,558.2,534.0
2025-02-09,SKU-0104,448.2,534.0
2025-02-16,SKU-0104,166.2,534.0
2025-02-23,SKU-0104,0.0,534.0
2025-03-02,SKU-0104,556.6,534.0
2025-03-09,SKU-0104,440.6,534.0
2025-03-16,SKU-0104,310.6,534.0
2025-03-23,SKU-0104,715.2,534.0
2025-03-30,SKU-0104,546.2,534.0
2025-04-06,SKU-0104,341.2,534.0
2025-04-13,SKU-0104,312.2,534.0
2025-04-20,SKU-0104,247.2,534.0
2025-04-27,SKU-0104,837.8,534.0
2025-05-04,SKU-0104,628.8,534.0
2025-05-11,SKU-0104,417.8,534.0
2025-05-18,SKU-0104,269.8,534.0
2025-05-25,SKU-0104,937.4,534.0
2025-06-01,SKU-0104,787.4,534.0
2025-06-08,SKU-0104,704.4,534.0
2025-06-15,SKU-0104,669.4,534.0
2025-06-22,SKU-0104,592.4,534.0
2025-06-29,SKU-0104,486.4,534.0
2025-07-06,SKU-0104,333.4,534.0
2025-07-13,SKU-0104,111.4,534.0
2025-07-20,SKU-0104,671.0,534.0
2025-07-27,SKU-0104,535.0,534.0
2025-08-03,SKU-0104,434.0,534.0
2025-08-10,SKU-0104,1007.6,534.0
2025-08-17,SKU-0104,939.6,534.0
2025-08-24,SKU-0104,717.6,534.0
2025-08-31,SKU-0104,576.6,534.0
2025-09-07,SKU-0104,295.6,534.0
2025-09-14,SKU-0104,87.6,534.0
2025-09-21,SKU-0104,0.0,534.0
2025-09-28,SKU-0104,0.0,534.0
2025-10-05,SKU-0104,560.6,534.0
2025-10-12,SKU-0104,401.6,534.0
2025-10-19,SKU-0104,371.6,534.0
2025-10-26,SKU-0104,998.2,534.0
2025-11-02,SKU-0104,343.2,534.0
2025-11-09,SKU-0104,142.2,534.0
2025-11-16,SKU-0104,0.0,534.0
2025-11-23,SKU-0104,577.6,534.0
2025-11-30,SKU-0104,507.6,534.0
2025-12-07,SKU-0104,360.6,534.0
2025-12-14,SKU-0104,218.6,534.0
2025-12-21,SKU-0104,110.6,534.0
2025-12-28,SKU-0104,434.2,534.0
2024-01-07,SKU-0105,601.4,326.0
2024-01-14,SKU-0105,538.4,326.0
2024-01-21,SKU-0105,338.4,326.0
2024-01-28,SKU-0105,210.4,326.0
2024-02-04,SKU-0105,160.4,326.0
2024-02-11,SKU-0105,464.8,326.0
2024-02-18,SKU-0105,366.8,326.0
2024-02-25,SKU-0105,282.8,326.0
2024-03-03,SKU-0105,237.8,326.0
2024-03-10,SKU-0105,128.8,326.0
2024-03-17,SKU-0105,498.2,326.0
2024-03-24,SKU-0105,303.2,326.0
2024-03-31,SKU-0105,246.2,326.0
2024-04-07,SKU-0105,197.2,326.0
2024-04-14,SKU-0105,516.6,326.0
2024-04-21,SKU-0105,459.6,326.0
2024-04-28,SKU-0105,279.6,326.0
2024-05-05,SKU-0105,213.6,326.0
2024-05-12,SKU-0105,79.6,326.0
2024-05-19,SKU-0105,450.0,326.0
2024-05-26,SKU-0105,372.0,326.0
2024-06-02,SKU-0105,266.0,326.0
2024-06-09,SKU-0105,192.0,326.0
2024-06-16,SKU-0105,57.0,326.0
2024-06-23,SKU-0105,417.4,326.0
2024-06-30,SKU-0105,232.4,326.0
2024-07-07,SKU-0105,88.4,326.0
2024-07-14,SKU-0105,39.4,326.0
2024-07-21,SKU-0105,239.8,326.0
2024-07-28,SKU-0105,126.8,326.0
2024-08-04,SKU-0105,55.8,326.0
2024-08-11,SKU-0105,375.2,326.0
2024-08-18,SKU-0105,268.2,326.0
2024-08-25,SKU-0105,124.2,326.0
2024-09-01,SKU-0105,0.0,326.0
2024-09-08,SKU-0105,260.4,326.0
2024-09-15,SKU-0105,200.4,326.0
2024-09-22,SKU-0105,84.4,326.0
2024-09-29,SKU-0105,439.8,326.0
2024-10-06,SKU-0105,383.8,326.0
2024-10-13,SKU-0105,305.8,326.0
2024-10-20,SKU-0105,235.8,326.0
2024-10-27,SKU-0105,105.8,326.0
2024-11-03,SKU-0105,423.2,326.0
2024-11-10,SKU-0105,268.2,326.0
2024-11-17,SKU-0105,140.2,326.0
2024-11-24,SKU-0105,0.0,326.0
2024-12-01,SKU-0105,279.4,326.0
2024-12-08,SKU-0105,190.4,326.0
2024-12-15,SKU-0105,72.4,326.0
2024-12-22,SKU-0105,389.8,326.0
2024-12-29,SKU-0105,289.8,326.0
2025-01-05,SKU-0105,233.8,326.0
2025-01-12,SKU-0105,135.8,326.0
2025-01-19,SKU-0105,456.2,326.0
2025-01-26,SKU-0105,263.2,326.0
2025-02-02,SKU-0105,172.2,326.0
2025-02-09,SKU-0105,79.2,326.0
2025-02-16,SKU-0105,461.6,326.0
2025-02-23,SKU-0105,380.6,326.0
2025-03-02,SKU-0105,224.6,326.0
2025-03-09,SKU-0105,8.6,326.0
2025-03-16,SKU-0105,0.0,326.0
2025-03-23,SKU-0105,247.4,326.0
2025-03-30,SKU-0105,57.4,326.0
2025-04-06,SKU-0105,0.0,326.0
2025-04-13,SKU-0105,299.4,326.0
2025-04-20,SKU-0105,224.4,326.0
2025-04-27,SKU-0105,119.4,326.0
2025-05-04,SKU-0105,0.0,326.0
2025-05-11,SKU-0105,355.4,326.0
2025-05-18,SKU-0105,256.4,326.0
2025-05-25,SKU-0105,186.4,326.0
2025-06-01,SKU-0105,106.4,326.0
2025-06-08,SKU-0105,485.8,326.0
2025-06-15,SKU-0105,316.8,326.0
2025-06-22,SKU-0105,240.8,326.0
2025-06-29,SKU-0105,569.2,326.0
2025-07-06,SKU-0105,444.2,326.0
2025-07-13,SKU-0105,357.2,326.0
2025-07-20,SKU-0105,295.2,326.0
2025-07-27,SKU-0105,219.2,326.0
2025-08-03,SKU-0105,155.2,326.0
2025-08-10,SKU-0105,482.6,326.0
2025-08-17,SKU-0105,404.6,326.0
2025-08-24,SKU-0105,239.6,326.0
2025-08-31,SKU-0105,152.6,326.0
2025-09-07,SKU-0105,22.6,326.0
2025-09-14,SKU-0105,388.0,326.0
2025-09-21,SKU-0105,341.0,326.0
2025-09-28,SKU-0105,252.0,326.0
2025-10-05,SKU-0105,85.0,326.0
2025-10-12,SKU-0105,0.0,326.0
2025-10-19,SKU-0105,249.4,326.0
2025-10-26,SKU-0105,157.4,326.0
2025-11-02,SKU-0105,44.4,326.0
2025-11-09,SKU-0105,338.8,326.0
2025-11-16,SKU-0105,224.8,326.0
2025-11-23,SKU-0105,57.8,326.0
2025-11-30,SKU-0105,302.2,326.0
2025-12-07,SKU-0105,113.2,326.0
2025-12-14,SKU-0105,24.2,326.0
2025-12-21,SKU-0105,221.6,326.0
2025-12-28,SKU-0105,166.6,326.0
2024-01-07,SKU-0106,865.0,411.0
2024-01-14,SKU-0106,779.0,411.0
2024-01-21,SKU-0106,673.0,411.0
2024-01-28,SKU-0106,577.0,411.0
2024-02-04,SKU-0106,408.0,411.0
2024-02-11,SKU-0106,333.0,411.0
2024-02-18,SKU-0106,738.0,411.0
2024-02-25,SKU-0106,674.0,411.0
2024-03-03,SKU-0106,563.0,411.0
2024-03-10,SKU-0106,431.0,411.0
2024-03-17,SKU-0106,260.0,411.0
2024-03-24,SKU-0106,192.0,411.0
2024-03-31,SKU-0106,148.0,411.0
2024-04-07,SKU-0106,450.0,411.0
2024-04-14,SKU-0106,370.0,411.0
2024-04-21,SKU-0106,265.0,411.0
2024-04-28,SKU-0106,154.0,411.0
2024-05-05,SKU-0106,479.0,411.0
2024-05-12,SKU-0106,312.0,411.0
2024-05-19,SKU-0106,107.0,411.0
2024-05-26,SKU-0106,0.0,411.0
2024-06-02,SKU-0106,0.0,411.0
2024-06-09,SKU-0106,434.0,411.0
2024-06-16,SKU-0106,211.0,411.0
2024-06-23,SKU-0106,18.0,411.0
2024-06-30,SKU-0106,0.0,411.0
2024-07-07,SKU-0106,491.0,411.0
2024-07-14,SKU-0106,395.0,411.0
2024-07-21,SKU-0106,246.0,411.0
2024-07-28,SKU-0106,145.0,411.0
2024-08-04,SKU-0106,0.0,411.0
2024-08-11,SKU-0106,152.0,411.0
2024-08-18,SKU-0106,18.0,411.0
2024-08-25,SKU-0106,0.0,411.0
2024-09-01,SKU-0106,359.0,411.0
2024-09-08,SKU-0106,79.0,411.0
2024-09-15,SKU-0106,26.0,411.0
2024-09-22,SKU-0106,468.0,411.0
2024-09-29,SKU-0106,228.0,411.0
2024-10-06,SKU-0106,91.0,411.0
2024-10-13,SKU-0106,24.0,411.0
2024-10-20,SKU-0106,0.0,411.0
2024-10-27,SKU-0106,469.0,411.0
2024-11-03,SKU-0106,220.0,411.0
2024-11-10,SKU-0106,0.0,411.0
2024-11-17,SKU-0106,405.0,411.0
2024-11-24,SKU-0106,303.0,411.0
2024-12-01,SKU-0106,104.0,411.0
2024-12-08,SKU-0106,515.0,411.0
2024-12-15,SKU-0106,374.0,411.0
2024-12-22,SKU-0106,250.0,411.0
2024-12-29,SKU-0106,121.0,411.0
2025-01-05,SKU-0106,49.0,411.0
2025-01-12,SKU-0106,440.0,411.0
2025-01-19,SKU-0106,261.0,411.0
2025-01-26,SKU-0106,185.0,411.0
2025-02-02,SKU-0106,124.0,411.0
2025-02-09,SKU-0106,525.0,411.0
2025-02-16,SKU-0106,341.0,411.0
2025-02-23,SKU-0106,207.0,411.0
2025-03-02,SKU-0106,19.0,411.0
2025-03-09,SKU-0106,405.0,411.0
2025-03-16,SKU-0106,286.0,411.0
2025-03-23,SKU-0106,731.0,411.0
2025-03-30,SKU-0106,648.0,411.0
2025-04-06,SKU-0106,531.0,411.0
2025-04-13,SKU-0106,474.0,411.0
2025-04-20,SKU-0106,247.0,411.0
2025-04-27,SKU-0106,172.0,411.0
2025-05-04,SKU-0106,32.0,411.0
2025-05-11,SKU-0106,434.0,411.0
2025-05-18,SKU-0106,314.0,411.0
2025-05-25,SKU-0106,191.0,411.0
2025-06-01,SKU-0106,648.0,411.0
2025-06-08,SKU-0106,542.0,411.0
2025-06-15,SKU-0106,366.0,411.0
2025-06-22,SKU-0106,195.0,411.0
2025-06-29,SKU-0106,123.0,411.0
2025-07-06,SKU-0106,2.0,411.0
2025-07-13,SKU-0106,491.0,411.0
2025-07-20,SKU-0106,371.0,411.0
2025-07-27,SKU-0106,243.0,411.0
2025-08-03,SKU-0106,171.0,411.0
2025-08-10,SKU-0106,482.0,411.0
2025-08-17,SKU-0106,411.0,411.0
2025-08-24,SKU-0106,196.0,411.0
2025-08-31,SKU-0106,133.0,411.0
2025-09-07,SKU-0106,504.0,411.0
2025-09-14,SKU-0106,447.0,411.0
2025-09-21,SKU-0106,343.0,411.0
2025-09-28,SKU-0106,269.0,411.0
2025-10-05,SKU-0106,112.0,411.0
2025-10-12,SKU-0106,563.0,411.0
2025-10-19,SKU-0106,437.0,411.0
2025-10-26,SKU-0106,285.0,411.0
2025-11-02,SKU-0106,177.0,411.0
2025-11-09,SKU-0106,49.0,411.0
2025-11-16,SKU-0106,0.0,411.0
2025-11-23,SKU-0106,438.0,411.0
2025-11-30,SKU-0106,243.0,411.0
2025-12-07,SKU-0106,170.0,411.0
2025-12-14,SKU-0106,0.0,411.0
2025-12-21,SKU-0106,297.0,411.0
2025-12-28,SKU-0106,214.0,411.0
2024-01-07,SKU-0107,854.8,397.0
2024-01-14,SKU-0107,767.8,397.0
2024-01-21,SKU-0107,635.8,397.0
2024-01-28,SKU-0107,492.8,397.0
2024-02-04,SKU-0107,332.8,397.0
2024-02-11,SKU-0107,164.8,397.0
2024-02-18,SKU-0107,105.8,397.0
2024-02-25,SKU-0107,0.0,397.0
2024-03-03,SKU-0107,429.8,397.0
2024-03-10,SKU-0107,289.8,397.0
2024-03-17,SKU-0107,190.8,397.0
2024-03-24,SKU-0107,143.8,397.0
2024-03-31,SKU-0107,587.6,397.0
2024-04-07,SKU-0107,237.6,397.0
2024-04-14,SKU-0107,124.6,397.0
2024-04-21,SKU-0107,458.4,397.0
2024-04-28,SKU-0107,349.4,397.0
2024-05-05,SKU-0107,247.4,397.0
2024-05-12,SKU-0107,130.4,397.0
2024-05-19,SKU-0107,554.2,397.0
2024-05-26,SKU-0107,382.2,397.0
2024-06-02,SKU-0107,286.2,397.0
2024-06-09,SKU-0107,236.2,397.0
2024-06-16,SKU-0107,588.0,397.0
2024-06-23,SKU-0107,437.0,397.0
2024-06-30,SKU-0107,339.0,397.0
2024-07-07,SKU-0107,231.0,397.0
2024-07-14,SKU-0107,67.0,397.0
2024-07-21,SKU-0107,457.8,397.0
2024-07-28,SKU-0107,383.8,397.0
2024-08-04,SKU-0107,161.8,397.0
2024-08-11,SKU-0107,0.0,397.0
2024-08-18,SKU-0107,408.8,397.0
2024-08-25,SKU-0107,332.8,397.0
2024-09-01,SKU-0107,134.8,397.0
2024-09-08,SKU-0107,0.0,397.0
2024-09-15,SKU-0107,447.8,397.0
2024-09-22,SKU-0107,386.8,397.0
2024-09-29,SKU-0107,320.8,397.0
2024-10-06,SKU-0107,216.8,397.0
2024-10-13,SKU-0107,667.6,397.0
2024-10-20,SKU-0107,562.6,397.0
2024-10-27,SKU-0107,457.6,397.0
2024-11-03,SKU-0107,384.6,397.0
2024-11-10,SKU-0107,206.6,397.0
2024-11-17,SKU-0107,0.0,397.0
2024-11-24,SKU-0107,468.8,397.0
2024-12-01,SKU-0107,339.8,397.0
2024-12-08,SKU-0107,223.8,397.0
2024-12-15,SKU-0107,651.6,397.0
2024-12-22,SKU-0107,504.6,397.0
2024-12-29,SKU-0107,416.6,397.0
2025-01-05,SKU-0107,275.6,397.0
2025-01-12,SKU-0107,192.6,397.0
2025-01-19,SKU-0107,131.6,397.0
2025-01-26,SKU-0107,543.4,397.0
2025-02-02,SKU-0107,446.4,397.0
2025-02-09,SKU-0107,267.4,397.0
2025-02-16,SKU-0107,167.4,397.0
2025-02-23,SKU-0107,618.2,397.0
2025-03-02,SKU-0107,378.2,397.0
2025-03-09,SKU-0107,267.2,397.0
2025-03-16,SKU-0107,148.2,397.0
2025-03-23,SKU-0107,481.0,397.0
2025-03-30,SKU-0107,403.0,397.0
2025-04-06,SKU-0107,302.0,397.0
2025-04-13,SKU-0107,228.0,397.0
2025-04-20,SKU-0107,0.0,397.0
2025-04-27,SKU-0107,457.8,397.0
2025-05-04,SKU-0107,392.8,397.0
2025-05-11,SKU-0107,327.8,397.0
2025-05-18,SKU-0107,78.8,397.0
2025-05-25,SKU-0107,430.6,397.0
2025-06-01,SKU-0107,349.6,397.0
2025-06-08,SKU-0107,270.6,397.0
2025-06-15,SKU-0107,0.0,397.0
2025-06-22,SKU-0107,444.8,397.0
2025-06-29,SKU-0107,331.8,397.0
2025-07-06,SKU-0107,252.8,397.0
2025-07-13,SKU-0107,0.0,397.0
2025-07-20,SKU-0107,0.0,397.0
2025-07-27,SKU-0107,471.8,397.0
2025-08-03,SKU-0107,348.8,397.0
2025-08-10,SKU-0107,219.8,397.0
2025-08-17,SKU-0107,121.8,397.0
2025-08-24,SKU-0107,569.6,397.0
2025-08-31,SKU-0107,520.6,397.0
2025-09-07,SKU-0107,444.6,397.0
2025-09-14,SKU-0107,171.6,397.0
2025-09-21,SKU-0107,117.6,397.0
2025-09-28,SKU-0107,0.0,397.0
2025-10-05,SKU-0107,173.8,397.0
2025-10-12,SKU-0107,0.0,397.0
2025-10-19,SKU-0107,0.0,397.0
2025-10-26,SKU-0107,301.8,397.0
2025-11-02,SKU-0107,30.8,397.0
2025-11-09,SKU-0107,477.6,397.0
2025-11-16,SKU-0107,278.6,397.0
2025-11-23,SKU-0107,181.6,397.0
2025-11-30,SKU-0107,122.6,397.0
2025-12-07,SKU-0107,423.4,397.0
2025-12-14,SKU-0107,322.4,397.0
2025-12-21,SKU-0107,157.4,397.0
2025-12-28,SKU-0107,77.4,397.0
2024-01-07,SKU-0108,844.2,446.0
2024-01-14,SKU-0108,698.2,446.0
2024-01-21,SKU-0108,623.2,446.0
2024-01-28,SKU-0108,574.2,446.0
2024-02-04,SKU-0108,520.2,446.0
2024-02-11,SKU-0108,419.2,446.0
2024-02-18,SKU-0108,363.2,446.0
2024-02-25,SKU-0108,320.2,446.0
2024-03-03,SKU-0108,172.2,446.0
2024-03-10,SKU-0108,641.4,446.0
2024-03-17,SKU-0108,438.4,446.0
2024-03-24,SKU-0108,255.4,446.0
2024-03-31,SKU-0108,214.4,446.0
2024-04-07,SKU-0108,103.4,446.0
2024-04-14,SKU-0108,644.6,446.0
2024-04-21,SKU-0108,606.6,446.0
2024-04-28,SKU-0108,493.6,446.0
2024-05-05,SKU-0108,406.6,446.0
2024-05-12,SKU-0108,263.6,446.0
2024-05-19,SKU-0108,185.6,446.0
2024-05-26,SKU-0108,608.8,446.0
2024-06-02,SKU-0108,512.8,446.0
2024-06-09,SKU-0108,382.8,446.0
2024-06-16,SKU-0108,150.8,446.0
2024-06-23,SKU-0108,0.0,446.0
2024-06-30,SKU-0108,511.2,446.0
2024-07-07,SKU-0108,486.2,446.0
2024-07-14,SKU-0108,451.2,446.0
2024-07-21,SKU-0108,191.2,446.0
2024-07-28,SKU-0108,0.0,446.0
2024-08-04,SKU-0108,0.0,446.0
2024-08-11,SKU-0108,0.0,446.0
2024-08-18,SKU-0108,508.2,446.0
2024-08-25,SKU-0108,432.2,446.0
2024-09-01,SKU-0108,141.2,446.0
2024-09-08,SKU-0108,0.0,446.0
2024-09-15,SKU-0108,0.0,446.0
2024-09-22,SKU-0108,414.2,446.0
2024-09-29,SKU-0108,300.2,446.0
2024-10-06,SKU-0108,857.4,446.0
2024-10-13,SKU-0108,576.4,446.0
2024-10-20,SKU-0108,426.4,446.0
2024-10-27,SKU-0108,352.4,446.0
2024-11-03,SKU-0108,246.4,446.0
2024-11-10,SKU-0108,561.6,446.0
2024-11-17,SKU-0108,467.6,446.0
2024-11-24,SKU-0108,400.6,446.0
2024-12-01,SKU-0108,211.6,446.0
2024-12-08,SKU-0108,0.0,446.0
2024-12-15,SKU-0108,315.2,446.0
2024-12-22,SKU-0108,53.2,446.0
2024-12-29,SKU-0108,0.0,446.0
2025-01-05,SKU-0108,508.2,446.0
2025-01-12,SKU-0108,483.2,446.0
2025-01-19,SKU-0108,394.2,446.0
2025-01-26,SKU-0108,330.2,446.0
2025-02-02,SKU-0108,18.2,446.0
2025-02-09,SKU-0108,546.4,446.0
2025-02-16,SKU-0108,425.4,446.0
2025-02-23,SKU-0108,254.4,446.0
2025-03-02,SKU-0108,208.4,446.0
2025-03-09,SKU-0108,758.6,446.0
2025-03-16,SKU-0108,500.6,446.0
2025-03-23,SKU-0108,253.6,446.0
2025-03-30,SKU-0108,222.6,446.0
2025-04-06,SKU-0108,106.6,446.0
2025-04-13,SKU-0108,414.8,446.0
2025-04-20,SKU-0108,352.8,446.0
2025-04-27,SKU-0108,239.8,446.0
2025-05-04,SKU-0108,118.8,446.0
2025-05-11,SKU-0108,627.0,446.0
2025-05-18,SKU-0108,550.0,446.0
2025-05-25,SKU-0108,533.0,446.0
2025-06-01,SKU-0108,483.0,446.0
2025-06-08,SKU-0108,395.0,446.0
2025-06-15,SKU-0108,265.0,446.0
2025-06-22,SKU-0108,0.0,446.0
2025-06-29,SKU-0108,0.0,446.0
2025-07-06,SKU-0108,0.0,446.0
2025-07-13,SKU-0108,0.0,446.0
2025-07-20,SKU-0108,544.2,446.0
2025-07-27,SKU-0108,448.2,446.0
2025-08-03,SKU-0108,201.2,446.0
2025-08-10,SKU-0108,693.4,446.0
2025-08-17,SKU-0108,556.4,446.0
2025-08-24,SKU-0108,271.4,446.0
2025-08-31,SKU-0108,212.4,446.0
2025-09-07,SKU-0108,141.4,446.0
2025-09-14,SKU-0108,394.6,446.0
2025-09-21,SKU-0108,218.6,446.0
2025-09-28,SKU-0108,0.0,446.0
2025-10-05,SKU-0108,441.2,446.0
2025-10-12,SKU-0108,380.2,446.0
2025-10-19,SKU-0108,646.4,446.0
2025-10-26,SKU-0108,550.4,446.0
2025-11-02,SKU-0108,330.4,446.0
2025-11-09,SKU-0108,96.4,446.0
2025-11-16,SKU-0108,476.6,446.0
2025-11-23,SKU-0108,408.6,446.0
2025-11-30,SKU-0108,188.6,446.0
2025-12-07,SKU-0108,130.6,446.0
2025-12-14,SKU-0108,540.8,446.0
2025-12-21,SKU-0108,430.8,446.0
2025-12-28,SKU-0108,0.0,446.0
2024-01-07,SKU-0109,802.8,376.0
2024-01-14,SKU-0109,711.8,376.0
2024-01-21,SKU-0109,620.8,376.0
2024-01-28,SKU-0109,580.8,376.0
2024-02-04,SKU-0109,496.8,376.0
2024-02-11,SKU-0109,404.8,376.0
2024-02-18,SKU-0109,339.8,376.0
2024-02-25,SKU-0109,252.8,376.0
2024-03-03,SKU-0109,638.6,376.0
2024-03-10,SKU-0109,517.6,376.0
2024-03-17,SKU-0109,386.6,376.0
2024-03-24,SKU-0109,220.6,376.0
2024-03-31,SKU-0109,548.4,376.0
2024-04-07,SKU-0109,455.4,376.0
2024-04-14,SKU-0109,330.4,376.0
2024-04-21,SKU-0109,225.4,376.0
2024-04-28,SKU-0109,640.2,376.0
2024-05-05,SKU-0109,553.2,376.0
2024-05-12,SKU-0109,487.2,376.0
2024-05-19,SKU-0109,367.2,376.0
2024-05-26,SKU-0109,696.0,376.0
2024-06-02,SKU-0109,604.0,376.0
2024-06-09,SKU-0109,515.0,376.0
2024-06-16,SKU-0109,442.0,376.0
2024-06-23,SKU-0109,382.0,376.0
2024-06-30,SKU-0109,315.0,376.0
2024-07-07,SKU-0109,196.0,376.0
2024-07-14,SKU-0109,646.8,376.0
2024-07-21,SKU-0109,414.8,376.0
2024-07-28,SKU-0109,255.8,376.0
2024-08-04,SKU-0109,140.8,376.0
2024-08-11,SKU-0109,556.6,376.0
2024-08-18,SKU-0109,385.6,376.0
2024-08-25,SKU-0109,289.6,376.0
2024-09-01,SKU-0109,4.6,376.0
2024-09-08,SKU-0109,397.4,376.0
2024-09-15,SKU-0109,255.4,376.0
2024-09-22,SKU-0109,177.4,376.0
2024-09-29,SKU-0109,0.0,376.0
2024-10-06,SKU-0109,345.8,376.0
2024-10-13,SKU-0109,190.8,376.0
2024-10-20,SKU-0109,422.6,376.0
2024-10-27,SKU-0109,340.6,376.0
2024-11-03,SKU-0109,277.6,376.0
2024-11-10,SKU-0109,218.6,376.0
2024-11-17,SKU-0109,111.6,376.0
2024-11-24,SKU-0109,486.4,376.0
2024-12-01,SKU-0109,368.4,376.0
2024-12-08,SKU-0109,191.4,376.0
2024-12-15,SKU-0109,459.2,376.0
2024-12-22,SKU-0109,359.2,376.0
2024-12-29,SKU-0109,108.2,376.0
2025-01-05,SKU-0109,534.0,376.0
2025-01-12,SKU-0109,472.0,376.0
2025-01-19,SKU-0109,335.0,376.0
2025-01-26,SKU-0109,190.0,376.0
2025-02-02,SKU-0109,561.8,376.0
2025-02-09,SKU-0109,502.8,376.0
2025-02-16,SKU-0109,323.8,376.0
2025-02-23,SKU-0109,710.6,376.0
2025-03-02,SKU-0109,639.6,376.0
2025-03-09,SKU-0109,535.6,376.0
2025-03-16,SKU-0109,423.6,376.0
2025-03-23,SKU-0109,322.6,376.0
2025-03-30,SKU-0109,244.6,376.0
2025-04-06,SKU-0109,510.4,376.0
2025-04-13,SKU-0109,424.4,376.0
2025-04-20,SKU-0109,295.4,376.0
2025-04-27,SKU-0109,190.4,376.0
2025-05-04,SKU-0109,565.2,376.0
2025-05-11,SKU-0109,513.2,376.0
2025-05-18,SKU-0109,231.2,376.0
2025-05-25,SKU-0109,7.2,376.0
2025-06-01,SKU-0109,0.0,376.0
2025-06-08,SKU-0109,307.8,376.0
2025-06-15,SKU-0109,189.8,376.0
2025-06-22,SKU-0109,524.6,376.0
2025-06-29,SKU-0109,415.6,376.0
2025-07-06,SKU-0109,361.6,376.0
2025-07-13,SKU-0109,777.4,376.0
2025-07-20,SKU-0109,691.4,376.0
2025-07-27,SKU-0109,610.4,376.0
2025-08-03,SKU-0109,565.4,376.0
2025-08-10,SKU-0109,462.4,376.0
2025-08-17,SKU-0109,312.4,376.0
2025-08-24,SKU-0109,176.4,376.0
2025-08-31,SKU-0109,598.2,376.0
2025-09-07,SKU-0109,345.2,376.0
2025-09-14,SKU-0109,239.2,376.0
2025-09-21,SKU-0109,602.0,376.0
2025-09-28,SKU-0109,496.0,376.0
2025-10-05,SKU-0109,411.0,376.0
2025-10-12,SKU-0109,279.0,376.0
2025-10-19,SKU-0109,699.8,376.0
2025-10-26,SKU-0109,625.8,376.0
2025-11-02,SKU-0109,562.8,376.0
2025-11-09,SKU-0109,400.8,376.0
2025-11-16,SKU-0109,202.8,376.0
2025-11-23,SKU-0109,56.8,376.0
2025-11-30,SKU-0109,0.0,376.0
2025-12-07,SKU-0109,372.8,376.0
2025-12-14,SKU-0109,165.8,376.0
2025-12-21,SKU-0109,554.6,376.0
2025-12-28,SKU-0109,416.6,376.0
2024-01-07,SKU-0110,662.4,327.0
2024-01-14,SKU-0110,573.4,327.0
2024-01-21,SKU-0110,473.4,327.0
2024-01-28,SKU-0110,363.4,327.0
2024-02-04,SKU-0110,281.4,327.0
2024-02-11,SKU-0110,566.8,327.0
2024-02-18,SKU-0110,493.8,327.0
2024-02-25,SKU-0110,404.8,327.0
2024-03-03,SKU-0110,301.8,327.0
2024-03-10,SKU-0110,206.8,327.0
2024-03-17,SKU-0110,136.8,327.0
2024-03-24,SKU-0110,476.2,327.0
2024-03-31,SKU-0110,402.2,327.0
2024-04-07,SKU-0110,305.2,327.0
2024-04-14,SKU-0110,624.6,327.0
2024-04-21,SKU-0110,499.6,327.0
2024-04-28,SKU-0110,399.6,327.0
2024-05-05,SKU-0110,308.6,327.0
2024-05-12,SKU-0110,557.0,327.0
2024-05-19,SKU-0110,456.0,327.0
2024-05-26,SKU-0110,284.0,327.0
2024-06-02,SKU-0110,198.0,327.0
2024-06-09,SKU-0110,85.0,327.0
2024-06-16,SKU-0110,356.4,327.0
2024-06-23,SKU-0110,273.4,327.0
2024-06-30,SKU-0110,632.8,327.0
2024-07-07,SKU-0110,496.8,327.0
2024-07-14,SKU-0110,334.8,327.0
2024-07-21,SKU-0110,203.8,327.0
2024-07-28,SKU-0110,522.2,327.0
2024-08-04,SKU-0110,429.2,327.0
2024-08-11,SKU-0110,310.2,327.0
2024-08-18,SKU-0110,173.2,327.0
2024-08-25,SKU-0110,512.6,327.0
2024-09-01,SKU-0110,442.6,327.0
2024-09-08,SKU-0110,293.6,327.0
2024-09-15,SKU-0110,214.6,327.0
2024-09-22,SKU-0110,575.0,327.0
2024-09-29,SKU-0110,479.0,327.0
2024-10-06,SKU-0110,321.0,327.0
2024-10-13,SKU-0110,239.0,327.0
2024-10-20,SKU-0110,557.4,327.0
2024-10-27,SKU-0110,362.4,327.0
2024-11-03,SKU-0110,205.4,327.0
2024-11-10,SKU-0110,72.4,327.0
2024-11-17,SKU-0110,395.8,327.0
2024-11-24,SKU-0110,303.8,327.0
2024-12-01,SKU-0110,545.2,327.0
2024-12-08,SKU-0110,453.2,327.0
2024-12-15,SKU-0110,315.2,327.0
2024-12-22,SKU-0110,141.2,327.0
2024-12-29,SKU-0110,28.2,327.0
2025-01-05,SKU-0110,377.6,327.0
2025-01-12,SKU-0110,256.6,327.0
2025-01-19,SKU-0110,161.6,327.0
2025-01-26,SKU-0110,33.6,327.0
2025-02-02,SKU-0110,349.0,327.0
2025-02-09,SKU-0110,215.0,327.0
2025-02-16,SKU-0110,155.0,327.0
2025-02-23,SKU-0110,495.4,327.0
2025-03-02,SKU-0110,397.4,327.0
2025-03-09,SKU-0110,306.4,327.0
2025-03-16,SKU-0110,246.4,327.0
2025-03-23,SKU-0110,590.8,327.0
2025-03-30,SKU-0110,454.8,327.0
2025-04-06,SKU-0110,322.8,327.0
2025-04-13,SKU-0110,676.2,327.0
2025-04-20,SKU-0110,578.2,327.0
2025-04-27,SKU-0110,480.2,327.0
2025-05-04,SKU-0110,350.2,327.0
2025-05-11,SKU-0110,264.2,327.0
2025-05-18,SKU-0110,177.2,327.0
2025-05-25,SKU-0110,107.2,327.0
2025-06-01,SKU-0110,411.6,327.0
2025-06-08,SKU-0110,232.6,327.0
2025-06-15,SKU-0110,113.6,327.0
2025-06-22,SKU-0110,0.0,327.0
2025-06-29,SKU-0110,303.4,327.0
2025-07-06,SKU-0110,227.4,327.0
2025-07-13,SKU-0110,103.4,327.0
2025-07-20,SKU-0110,381.8,327.0
2025-07-27,SKU-0110,242.8,327.0
2025-08-03,SKU-0110,140.8,327.0
2025-08-10,SKU-0110,53.8,327.0
2025-08-17,SKU-0110,401.2,327.0
2025-08-24,SKU-0110,252.2,327.0
2025-08-31,SKU-0110,161.2,327.0
2025-09-07,SKU-0110,484.6,327.0
2025-09-14,SKU-0110,367.6,327.0
2025-09-21,SKU-0110,266.6,327.0
2025-09-28,SKU-0110,181.6,327.0
2025-10-05,SKU-0110,486.0,327.0
2025-10-12,SKU-0110,391.0,327.0
2025-10-19,SKU-0110,287.0,327.0
2025-10-26,SKU-0110,563.4,327.0
2025-11-02,SKU-0110,391.4,327.0
2025-11-09,SKU-0110,313.4,327.0
2025-11-16,SKU-0110,209.4,327.0
2025-11-23,SKU-0110,471.8,327.0
2025-11-30,SKU-0110,361.8,327.0
2025-12-07,SKU-0110,194.8,327.0
2025-12-14,SKU-0110,15.8,327.0
2025-12-21,SKU-0110,273.2,327.0
2025-12-28,SKU-0110,492.6,327.0
2024-01-07,SKU-0111,757.4,345.0
2024-01-14,SKU-0111,698.4,345.0
2024-01-21,SKU-0111,627.4,345.0
2024-01-28,SKU-0111,555.4,345.0
2024-02-04,SKU-0111,419.4,345.0
2024-02-11,SKU-0111,310.4,345.0
2024-02-18,SKU-0111,251.4,345.0
2024-02-25,SKU-0111,641.8,345.0
2024-03-03,SKU-0111,588.8,345.0
2024-03-10,SKU-0111,509.8,345.0
2024-03-17,SKU-0111,459.8,345.0
2024-03-24,SKU-0111,226.8,345.0
2024-03-31,SKU-0111,86.8,345.0
2024-04-07,SKU-0111,462.2,345.0
2024-04-14,SKU-0111,369.2,345.0
2024-04-21,SKU-0111,223.2,345.0
2024-04-28,SKU-0111,124.2,345.0
2024-05-05,SKU-0111,395.6,345.0
2024-05-12,SKU-0111,283.6,345.0
2024-05-19,SKU-0111,0.0,345.0
2024-05-26,SKU-0111,0.0,345.0
2024-06-02,SKU-0111,398.4,345.0
2024-06-09,SKU-0111,333.4,345.0
2024-06-16,SKU-0111,251.4,345.0
2024-06-23,SKU-0111,465.8,345.0
2024-06-30,SKU-0111,374.8,345.0
2024-07-07,SKU-0111,213.8,345.0
2024-07-14,SKU-0111,161.8,345.0
2024-07-21,SKU-0111,28.8,345.0
2024-07-28,SKU-0111,427.2,345.0
2024-08-04,SKU-0111,342.2,345.0
2024-08-11,SKU-0111,236.2,345.0
2024-08-18,SKU-0111,181.2,345.0
2024-08-25,SKU-0111,0.0,345.0
2024-09-01,SKU-0111,397.4,345.0
2024-09-08,SKU-0111,312.4,345.0
2024-09-15,SKU-0111,67.4,345.0
2024-09-22,SKU-0111,357.8,345.0
2024-09-29,SKU-0111,323.8,345.0
2024-10-06,SKU-0111,182.8,345.0
2024-10-13,SKU-0111,0.0,345.0
2024-10-20,SKU-0111,389.4,345.0
2024-10-27,SKU-0111,273.4,345.0
2024-11-03,SKU-0111,175.4,345.0
2024-11-10,SKU-0111,78.4,345.0
2024-11-17,SKU-0111,0.0,345.0
2024-11-24,SKU-0111,235.4,345.0
2024-12-01,SKU-0111,146.4,345.0
2024-12-08,SKU-0111,532.8,345.0
2024-12-15,SKU-0111,341.8,345.0
2024-12-22,SKU-0111,192.8,345.0
2024-12-29,SKU-0111,539.2,345.0
2025-01-05,SKU-0111,436.2,345.0
2025-01-12,SKU-0111,387.2,345.0
2025-01-19,SKU-0111,323.2,345.0
2025-01-26,SKU-0111,259.2,345.0
2025-02-02,SKU-0111,98.2,345.0
2025-02-09,SKU-0111,470.6,345.0
2025-02-16,SKU-0111,415.6,345.0
2025-02-23,SKU-0111,353.6,345.0
2025-03-02,SKU-0111,191.6,345.0
2025-03-09,SKU-0111,76.6,345.0
2025-03-16,SKU-0111,1.6,345.0
2025-03-23,SKU-0111,381.0,345.0
2025-03-30,SKU-0111,243.0,345.0
2025-04-06,SKU-0111,155.0,345.0
2025-04-13,SKU-0111,525.4,345.0
2025-04-20,SKU-0111,452.4,345.0
2025-04-27,SKU-0111,421.4,345.0
2025-05-04,SKU-0111,282.4,345.0
2025-05-11,SKU-0111,185.4,345.0
2025-05-18,SKU-0111,489.8,345.0
2025-05-25,SKU-0111,20.8,345.0
2025-06-01,SKU-0111,0.0,345.0
2025-06-08,SKU-0111,318.4,345.0
2025-06-15,SKU-0111,228.4,345.0
2025-06-22,SKU-0111,613.8,345.0
2025-06-29,SKU-0111,541.8,345.0
2025-07-06,SKU-0111,453.8,345.0
2025-07-13,SKU-0111,346.8,345.0
2025-07-20,SKU-0111,104.8,345.0
2025-07-27,SKU-0111,0.0,345.0
2025-08-03,SKU-0111,0.0,345.0
2025-08-10,SKU-0111,287.4,345.0
2025-08-17,SKU-0111,217.4,345.0
2025-08-24,SKU-0111,66.4,345.0
2025-08-31,SKU-0111,406.8,345.0
2025-09-07,SKU-0111,321.8,345.0
2025-09-14,SKU-0111,185.8,345.0
2025-09-21,SKU-0111,457.2,345.0
2025-09-28,SKU-0111,307.2,345.0
2025-10-05,SKU-0111,260.2,345.0
2025-10-12,SKU-0111,670.6,345.0
2025-10-19,SKU-0111,560.6,345.0
2025-10-26,SKU-0111,459.6,345.0
2025-11-02,SKU-0111,389.6,345.0
2025-11-09,SKU-0111,188.6,345.0
2025-11-16,SKU-0111,12.6,345.0
2025-11-23,SKU-0111,0.0,345.0
2025-11-30,SKU-0111,300.4,345.0
2025-12-07,SKU-0111,456.8,345.0
2025-12-14,SKU-0111,359.8,345.0
2025-12-21,SKU-0111,249.8,345.0
2025-12-28,SKU-0111,67.8,345.0
2024-01-07,SKU-0112,705.0,350.0
2024-01-14,SKU-0112,656.0,350.0
2024-01-21,SKU-0112,589.0,350.0
2024-01-28,SKU-0112,468.0,350.0
2024-02-04,SKU-0112,372.0,350.0
2024-02-11,SKU-0112,305.0,350.0
2024-02-18,SKU-0112,225.0,350.0
2024-02-25,SKU-0112,140.0,350.0
2024-03-03,SKU-0112,516.0,350.0
2024-03-10,SKU-0112,396.0,350.0
2024-03-17,SKU-0112,266.0,350.0
2024-03-24,SKU-0112,195.0,350.0
2024-03-31,SKU-0112,397.0,350.0
2024-04-07,SKU-0112,279.0,350.0
2024-04-14,SKU-0112,646.0,350.0
2024-04-21,SKU-0112,414.0,350.0
2024-04-28,SKU-0112,309.0,350.0
2024-05-05,SKU-0112,244.0,350.0
2024-05-12,SKU-0112,183.0,350.0
2024-05-19,SKU-0112,566.0,350.0
2024-05-26,SKU-0112,484.0,350.0
2024-06-02,SKU-0112,432.0,350.0
2024-06-09,SKU-0112,340.0,350.0
2024-06-16,SKU-0112,264.0,350.0
2024-06-23,SKU-0112,76.0,350.0
2024-06-30,SKU-0112,410.0,350.0
2024-07-07,SKU-0112,335.0,350.0
2024-07-14,SKU-0112,170.0,350.0
2024-07-21,SKU-0112,72.0,350.0
2024-07-28,SKU-0112,26.0,350.0
2024-08-04,SKU-0112,383.0,350.0
2024-08-11,SKU-0112,180.0,350.0
2024-08-18,SKU-0112,66.0,350.0
2024-08-25,SKU-0112,447.0,350.0
2024-09-01,SKU-0112,331.0,350.0
2024-09-08,SKU-0112,243.0,350.0
2024-09-15,SKU-0112,99.0,350.0
2024-09-22,SKU-0112,438.0,350.0
2024-09-29,SKU-0112,340.0,350.0
2024-10-06,SKU-0112,636.0,350.0
2024-10-13,SKU-0112,389.0,350.0
2024-10-20,SKU-0112,250.0,350.0
2024-10-27,SKU-0112,42.0,350.0
2024-11-03,SKU-0112,0.0,350.0
2024-11-10,SKU-0112,332.0,350.0
2024-11-17,SKU-0112,183.0,350.0
2024-11-24,SKU-0112,0.0,350.0
2024-12-01,SKU-0112,302.0,350.0
2024-12-08,SKU-0112,93.0,350.0
2024-12-15,SKU-0112,22.0,350.0
2024-12-22,SKU-0112,296.0,350.0
2024-12-29,SKU-0112,230.0,350.0
2025-01-05,SKU-0112,10.0,350.0
2025-01-12,SKU-0112,367.0,350.0
2025-01-19,SKU-0112,228.0,350.0
2025-01-26,SKU-0112,156.0,350.0
2025-02-02,SKU-0112,66.0,350.0
2025-02-09,SKU-0112,474.0,350.0
2025-02-16,SKU-0112,413.0,350.0
2025-02-23,SKU-0112,312.0,350.0
2025-03-02,SKU-0112,226.0,350.0
2025-03-09,SKU-0112,138.0,350.0
2025-03-16,SKU-0112,511.0,350.0
2025-03-23,SKU-0112,333.0,350.0
2025-03-30,SKU-0112,180.0,350.0
2025-04-06,SKU-0112,410.0,350.0
2025-04-13,SKU-0112,315.0,350.0
2025-04-20,SKU-0112,233.0,350.0
2025-04-27,SKU-0112,116.0,350.0
2025-05-04,SKU-0112,431.0,350.0
2025-05-11,SKU-0112,371.0,350.0
2025-05-18,SKU-0112,227.0,350.0
2025-05-25,SKU-0112,131.0,350.0
2025-06-01,SKU-0112,0.0,350.0
2025-06-08,SKU-0112,338.0,350.0
2025-06-15,SKU-0112,239.0,350.0
2025-06-22,SKU-0112,625.0,350.0
2025-06-29,SKU-0112,525.0,350.0
2025-07-06,SKU-0112,350.0,350.0
2025-07-13,SKU-0112,297.0,350.0
2025-07-20,SKU-0112,646.0,350.0
2025-07-27,SKU-0112,544.0,350.0
2025-08-03,SKU-0112,441.0,350.0
2025-08-10,SKU-0112,319.0,350.0
2025-08-17,SKU-0112,184.0,350.0
2025-08-24,SKU-0112,538.0,350.0
2025-08-31,SKU-0112,341.0,350.0
2025-09-07,SKU-0112,240.0,350.0
2025-09-14,SKU-0112,0.0,350.0
2025-09-21,SKU-0112,0.0,350.0
2025-09-28,SKU-0112,239.0,350.0
2025-10-05,SKU-0112,134.0,350.0
2025-10-12,SKU-0112,527.0,350.0
2025-10-19,SKU-0112,444.0,350.0
2025-10-26,SKU-0112,346.0,350.0
2025-11-02,SKU-0112,189.0,350.0
2025-11-09,SKU-0112,514.0,350.0
2025-11-16,SKU-0112,258.0,350.0
2025-11-23,SKU-0112,587.0,350.0
2025-11-30,SKU-0112,458.0,350.0
2025-12-07,SKU-0112,339.0,350.0
2025-12-14,SKU-0112,165.0,350.0
2025-12-21,SKU-0112,23.0,350.0
2025-12-28,SKU-0112,223.0,350.0
2024-01-07,SKU-0113,1020.8,479.0
2024-01-14,SKU-0113,914.8,479.0
2024-01-21,SKU-0113,813.8,479.0
2024-01-28,SKU-0113,727.8,479.0
2024-02-04,SKU-0113,628.8,479.0
2024-02-11,SKU-0113,550.8,479.0
2024-02-18,SKU-0113,509.8,479.0
2024-02-25,SKU-0113,458.8,479.0
2024-03-03,SKU-0113,385.8,479.0
2024-03-10,SKU-0113,350.8,479.0
2024-03-17,SKU-0113,905.6,479.0
2024-03-24,SKU-0113,737.6,479.0
2024-03-31,SKU-0113,595.6,479.0
2024-04-07,SKU-0113,536.6,479.0
2024-04-14,SKU-0113,475.6,479.0
2024-04-21,SKU-0113,377.6,479.0
2024-04-28,SKU-0113,290.6,479.0
2024-05-05,SKU-0113,754.4,479.0
2024-05-12,SKU-0113,614.4,479.0
2024-05-19,SKU-0113,465.4,479.0
2024-05-26,SKU-0113,349.4,479.0
2024-06-02,SKU-0113,137.4,479.0
2024-06-09,SKU-0113,627.2,479.0
2024-06-16,SKU-0113,135.2,479.0
2024-06-23,SKU-0113,575.0,479.0
2024-06-30,SKU-0113,423.0,479.0
2024-07-07,SKU-0113,299.0,479.0
2024-07-14,SKU-0113,833.8,479.0
2024-07-21,SKU-0113,749.8,479.0
2024-07-28,SKU-0113,598.8,479.0
2024-08-04,SKU-0113,413.8,479.0
2024-08-11,SKU-0113,107.8,479.0
2024-08-18,SKU-0113,579.6,479.0
2024-08-25,SKU-0113,352.6,479.0
2024-09-01,SKU-0113,179.6,479.0
2024-09-08,SKU-0113,45.6,479.0
2024-09-15,SKU-0113,490.4,479.0
2024-09-22,SKU-0113,291.4,479.0
2024-09-29,SKU-0113,159.4,479.0
2024-10-06,SKU-0113,19.4,479.0
2024-10-13,SKU-0113,509.2,479.0
2024-10-20,SKU-0113,451.2,479.0
2024-10-27,SKU-0113,267.2,479.0
2024-11-03,SKU-0113,172.2,479.0
2024-11-10,SKU-0113,217.0,479.0
2024-11-17,SKU-0113,39.0,479.0
2024-11-24,SKU-0113,0.0,479.0
2024-12-01,SKU-0113,420.8,479.0
2024-12-08,SKU-0113,342.8,479.0
2024-12-15,SKU-0113,0.0,479.0
2024-12-22,SKU-0113,502.8,479.0
2024-12-29,SKU-0113,184.8,479.0
2025-01-05,SKU-0113,0.0,479.0
2025-01-12,SKU-0113,436.8,479.0
2025-01-19,SKU-0113,405.8,479.0
2025-01-26,SKU-0113,971.6,479.0
2025-02-02,SKU-0113,872.6,479.0
2025-02-09,SKU-0113,806.6,479.0
2025-02-16,SKU-0113,686.6,479.0
2025-02-23,SKU-0113,417.6,479.0
2025-03-02,SKU-0113,170.6,479.0
2025-03-09,SKU-0113,700.4,479.0
2025-03-16,SKU-0113,623.4,479.0
2025-03-23,SKU-0113,427.4,479.0
2025-03-30,SKU-0113,234.4,479.0
2025-04-06,SKU-0113,750.2,479.0
2025-04-13,SKU-0113,658.2,479.0
2025-04-20,SKU-0113,350.2,479.0
2025-04-27,SKU-0113,18.2,479.0
2025-05-04,SKU-0113,0.0,479.0
2025-05-11,SKU-0113,419.8,479.0
2025-05-18,SKU-0113,300.8,479.0
2025-05-25,SKU-0113,132.8,479.0
2025-06-01,SKU-0113,685.6,479.0
2025-06-08,SKU-0113,360.6,479.0
2025-06-15,SKU-0113,274.6,479.0
2025-06-22,SKU-0113,173.6,479.0
2025-06-29,SKU-0113,684.4,479.0
2025-07-06,SKU-0113,551.4,479.0
2025-07-13,SKU-0113,249.4,479.0
2025-07-20,SKU-0113,30.4,479.0
2025-07-27,SKU-0113,0.0,479.0
2025-08-03,SKU-0113,462.8,479.0
2025-08-10,SKU-0113,289.8,479.0
2025-08-17,SKU-0113,0.0,479.0
2025-08-24,SKU-0113,0.0,479.0
2025-08-31,SKU-0113,525.8,479.0
2025-09-07,SKU-0113,434.8,479.0
2025-09-14,SKU-0113,266.8,479.0
2025-09-21,SKU-0113,665.6,479.0
2025-09-28,SKU-0113,527.6,479.0
2025-10-05,SKU-0113,39.6,479.0
2025-10-12,SKU-0113,0.0,479.0
2025-10-19,SKU-0113,0.0,479.0
2025-10-26,SKU-0113,522.8,479.0
2025-11-02,SKU-0113,425.8,479.0
2025-11-09,SKU-0113,268.8,479.0
2025-11-16,SKU-0113,706.6,479.0
2025-11-23,SKU-0113,568.6,479.0
2025-11-30,SKU-0113,429.6,479.0
2025-12-07,SKU-0113,249.6,479.0
2025-12-14,SKU-0113,118.6,479.0
2025-12-21,SKU-0113,461.4,479.0
2025-12-28,SKU-0113,209.4,479.0
2024-01-07,SKU-0114,716.2,349.0
2024-01-14,SKU-0114,567.2,349.0
2024-01-21,SKU-0114,531.2,349.0
2024-01-28,SKU-0114,469.2,349.0
2024-02-04,SKU-0114,308.2,349.0
2024-02-11,SKU-0114,246.2,349.0
2024-02-18,SKU-0114,106.2,349.0
2024-02-25,SKU-0114,459.4,349.0
2024-03-03,SKU-0114,354.4,349.0
2024-03-10,SKU-0114,262.4,349.0
2024-03-17,SKU-0114,203.4,349.0
2024-03-24,SKU-0114,617.6,349.0
2024-03-31,SKU-0114,570.6,349.0
2024-04-07,SKU-0114,443.6,349.0
2024-04-14,SKU-0114,340.6,349.0
2024-04-21,SKU-0114,220.6,349.0
2024-04-28,SKU-0114,156.6,349.0
2024-05-05,SKU-0114,46.6,349.0
2024-05-12,SKU-0114,338.8,349.0
2024-05-19,SKU-0114,261.8,349.0
2024-05-26,SKU-0114,175.8,349.0
2024-06-02,SKU-0114,82.8,349.0
2024-06-09,SKU-0114,277.0,349.0
2024-06-16,SKU-0114,97.0,349.0
2024-06-23,SKU-0114,0.0,349.0
2024-06-30,SKU-0114,115.2,349.0
2024-07-07,SKU-0114,18.2,349.0
2024-07-14,SKU-0114,0.0,349.0
2024-07-21,SKU-0114,427.2,349.0
2024-07-28,SKU-0114,314.2,349.0
2024-08-04,SKU-0114,226.2,349.0
2024-08-11,SKU-0114,113.2,349.0
2024-08-18,SKU-0114,462.4,349.0
2024-08-25,SKU-0114,420.4,349.0
2024-09-01,SKU-0114,291.4,349.0
2024-09-08,SKU-0114,200.4,349.0
2024-09-15,SKU-0114,137.4,349.0
2024-09-22,SKU-0114,52.4,349.0
2024-09-29,SKU-0114,0.0,349.0
2024-10-06,SKU-0114,377.2,349.0
2024-10-13,SKU-0114,160.2,349.0
2024-10-20,SKU-0114,13.2,349.0
2024-10-27,SKU-0114,0.0,349.0
2024-11-03,SKU-0114,373.2,349.0
2024-11-10,SKU-0114,278.2,349.0
2024-11-17,SKU-0114,50.2,349.0
2024-11-24,SKU-0114,377.4,349.0
2024-12-01,SKU-0114,231.4,349.0
2024-12-08,SKU-0114,84.4,349.0
2024-12-15,SKU-0114,359.6,349.0
2024-12-22,SKU-0114,177.6,349.0
2024-12-29,SKU-0114,65.6,349.0
2025-01-05,SKU-0114,0.0,349.0
2025-01-12,SKU-0114,0.0,349.0
2025-01-19,SKU-0114,351.2,349.0
2025-01-26,SKU-0114,305.2,349.0
2025-02-02,SKU-0114,226.2,349.0
2025-02-09,SKU-0114,536.4,349.0
2025-02-16,SKU-0114,486.4,349.0
2025-02-23,SKU-0114,422.4,349.0
2025-03-02,SKU-0114,319.4,349.0
2025-03-09,SKU-0114,264.4,349.0
2025-03-16,SKU-0114,168.4,349.0
2025-03-23,SKU-0114,62.4,349.0
2025-03-30,SKU-0114,396.6,349.0
2025-04-06,SKU-0114,290.6,349.0
2025-04-13,SKU-0114,178.6,349.0
2025-04-20,SKU-0114,97.6,349.0
2025-04-27,SKU-0114,452.8,349.0
2025-05-04,SKU-0114,338.8,349.0
2025-05-11,SKU-0114,213.8,349.0
2025-05-18,SKU-0114,72.8,349.0
2025-05-25,SKU-0114,0.0,349.0
2025-06-01,SKU-0114,324.2,349.0
2025-06-08,SKU-0114,207.2,349.0
2025-06-15,SKU-0114,99.2,349.0
2025-06-22,SKU-0114,480.4,349.0
2025-06-29,SKU-0114,340.4,349.0
2025-07-06,SKU-0114,164.4,349.0
2025-07-13,SKU-0114,81.4,349.0
2025-07-20,SKU-0114,0.0,349.0
2025-07-27,SKU-0114,368.2,349.0
2025-08-03,SKU-0114,270.2,349.0
2025-08-10,SKU-0114,202.2,349.0
2025-08-17,SKU-0114,108.2,349.0
2025-08-24,SKU-0114,434.4,349.0
2025-08-31,SKU-0114,303.4,349.0
2025-09-07,SKU-0114,147.4,349.0
2025-09-14,SKU-0114,67.4,349.0
2025-09-21,SKU-0114,491.6,349.0
2025-09-28,SKU-0114,344.6,349.0
2025-10-05,SKU-0114,232.6,349.0
2025-10-12,SKU-0114,78.6,349.0
2025-10-19,SKU-0114,285.8,349.0
2025-10-26,SKU-0114,567.0,349.0
2025-11-02,SKU-0114,513.0,349.0
2025-11-09,SKU-0114,402.0,349.0
2025-11-16,SKU-0114,283.0,349.0
2025-11-23,SKU-0114,4.0,349.0
2025-11-30,SKU-0114,0.0,349.0
2025-12-07,SKU-0114,0.0,349.0
2025-12-14,SKU-0114,254.2,349.0
2025-12-21,SKU-0114,195.2,349.0
2025-12-28,SKU-0114,559.4,349.0
2024-01-07,SKU-0115,774.6,345.0
2024-01-14,SKU-0115,738.6,345.0
2024-01-21,SKU-0115,635.6,345.0
2024-01-28,SKU-0115,557.6,345.0
2024-02-04,SKU-0115,491.6,345.0
2024-02-11,SKU-0115,421.6,345.0
2024-02-18,SKU-0115,367.6,345.0
2024-02-25,SKU-0115,297.6,345.0
2024-03-03,SKU-0115,185.6,345.0
2024-03-10,SKU-0115,139.6,345.0
2024-03-17,SKU-0115,511.2,345.0
2024-03-24,SKU-0115,453.2,345.0
2024-03-31,SKU-0115,302.2,345.0
2024-04-07,SKU-0115,107.2,345.0
2024-04-14,SKU-0115,0.0,345.0
2024-04-21,SKU-0115,287.6,345.0
2024-04-28,SKU-0115,225.6,345.0
2024-05-05,SKU-0115,154.6,345.0
2024-05-12,SKU-0115,512.2,345.0
2024-05-19,SKU-0115,439.2,345.0
2024-05-26,SKU-0115,305.2,345.0
2024-06-02,SKU-0115,223.2,345.0
2024-06-09,SKU-0115,643.8,345.0
2024-06-16,SKU-0115,597.8,345.0
2024-06-23,SKU-0115,487.8,345.0
2024-06-30,SKU-0115,27.8,345.0
2024-07-07,SKU-0115,0.0,345.0
2024-07-14,SKU-0115,0.0,345.0
2024-07-21,SKU-0115,0.0,345.0
2024-07-28,SKU-0115,403.6,345.0
2024-08-04,SKU-0115,365.6,345.0
2024-08-11,SKU-0115,0.0,345.0
2024-08-18,SKU-0115,0.0,345.0
2024-08-25,SKU-0115,369.6,345.0
2024-09-01,SKU-0115,277.6,345.0
2024-09-08,SKU-0115,199.6,345.0
2024-09-15,SKU-0115,33.6,345.0
2024-09-22,SKU-0115,325.2,345.0
2024-09-29,SKU-0115,126.2,345.0
2024-10-06,SKU-0115,78.2,345.0
2024-10-13,SKU-0115,453.8,345.0
2024-10-20,SKU-0115,278.8,345.0
2024-10-27,SKU-0115,165.8,345.0
2024-11-03,SKU-0115,580.4,345.0
2024-11-10,SKU-0115,457.4,345.0
2024-11-17,SKU-0115,215.4,345.0
2024-11-24,SKU-0115,186.4,345.0
2024-12-01,SKU-0115,0.0,345.0
2024-12-08,SKU-0115,354.6,345.0
2024-12-15,SKU-0115,34.6,345.0
2024-12-22,SKU-0115,0.0,345.0
2024-12-29,SKU-0115,308.6,345.0
2025-01-05,SKU-0115,232.6,345.0
2025-01-12,SKU-0115,160.6,345.0
2025-01-19,SKU-0115,570.2,345.0
2025-01-26,SKU-0115,481.2,345.0
2025-02-02,SKU-0115,383.2,345.0
2025-02-09,SKU-0115,355.2,345.0
2025-02-16,SKU-0115,304.2,345.0
2025-02-23,SKU-0115,748.8,345.0
2025-03-02,SKU-0115,719.8,345.0
2025-03-09,SKU-0115,671.8,345.0
2025-03-16,SKU-0115,557.8,345.0
2025-03-23,SKU-0115,475.8,345.0
2025-03-30,SKU-0115,387.8,345.0
2025-04-06,SKU-0115,324.8,345.0
2025-04-13,SKU-0115,284.8,345.0
2025-04-20,SKU-0115,132.8,345.0
2025-04-27,SKU-0115,0.0,345.0
2025-05-04,SKU-0115,419.6,345.0
2025-05-11,SKU-0115,347.6,345.0
2025-05-18,SKU-0115,233.6,345.0
2025-05-25,SKU-0115,190.6,345.0
2025-06-01,SKU-0115,138.6,345.0
2025-06-08,SKU-0115,476.2,345.0
2025-06-15,SKU-0115,377.2,345.0
2025-06-22,SKU-0115,203.2,345.0
2025-06-29,SKU-0115,128.2,345.0
2025-07-06,SKU-0115,0.0,345.0
2025-07-13,SKU-0115,330.6,345.0
2025-07-20,SKU-0115,1.6,345.0
2025-07-27,SKU-0115,407.2,345.0
2025-08-03,SKU-0115,317.2,345.0
2025-08-10,SKU-0115,269.2,345.0
2025-08-17,SKU-0115,126.2,345.0
2025-08-24,SKU-0115,0.0,345.0
2025-08-31,SKU-0115,166.6,345.0
2025-09-07,SKU-0115,81.6,345.0
2025-09-14,SKU-0115,0.0,345.0
2025-09-21,SKU-0115,345.6,345.0
2025-09-28,SKU-0115,35.6,345.0
2025-10-05,SKU-0115,0.0,345.0
2025-10-12,SKU-0115,0.0,345.0
2025-10-19,SKU-0115,270.6,345.0
2025-10-26,SKU-0115,170.6,345.0
2025-11-02,SKU-0115,550.2,345.0
2025-11-09,SKU-0115,512.2,345.0
2025-11-16,SKU-0115,335.2,345.0
2025-11-23,SKU-0115,35.2,345.0
2025-11-30,SKU-0115,353.8,345.0
2025-12-07,SKU-0115,111.8,345.0
2025-12-14,SKU-0115,17.8,345.0
2025-12-21,SKU-0115,0.0,345.0
2025-12-28,SKU-0115,240.6,345.0
2024-01-07,SKU-0116,1104.6,517.0
2024-01-14,SKU-0116,1049.6,517.0
2024-01-21,SKU-0116,938.6,517.0
2024-01-28,SKU-0116,806.6,517.0
2024-02-04,SKU-0116,610.6,517.0
2024-02-11,SKU-0116,572.6,517.0
2024-02-18,SKU-0116,260.6,517.0
2024-02-25,SKU-0116,79.6,517.0
2024-03-03,SKU-0116,0.0,517.0
2024-03-10,SKU-0116,619.6,517.0
2024-03-17,SKU-0116,528.6,517.0
2024-03-24,SKU-0116,354.6,517.0
2024-03-31,SKU-0116,180.6,517.0
2024-04-07,SKU-0116,3.6,517.0
2024-04-14,SKU-0116,0.0,517.0
2024-04-21,SKU-0116,0.0,517.0
2024-04-28,SKU-0116,551.6,517.0
2024-05-05,SKU-0116,425.6,517.0
2024-05-12,SKU-0116,327.6,517.0
2024-05-19,SKU-0116,168.6,517.0
2024-05-26,SKU-0116,550.2,517.0
2024-06-02,SKU-0116,483.2,517.0
2024-06-09,SKU-0116,166.2,517.0
2024-06-16,SKU-0116,85.2,517.0
2024-06-23,SKU-0116,3.2,517.0
2024-06-30,SKU-0116,613.8,517.0
2024-07-07,SKU-0116,378.8,517.0
2024-07-14,SKU-0116,184.8,517.0
2024-07-21,SKU-0116,0.0,517.0
2024-07-28,SKU-0116,600.6,517.0
2024-08-04,SKU-0116,528.6,517.0
2024-08-11,SKU-0116,0.0,517.0
2024-08-18,SKU-0116,0.0,517.0
2024-08-25,SKU-0116,0.0,517.0
2024-09-01,SKU-0116,0.0,517.0
2024-09-08,SKU-0116,0.0,517.0
2024-09-15,SKU-0116,313.6,517.0
2024-09-22,SKU-0116,0.0,517.0
2024-09-29,SKU-0116,610.6,517.0
2024-10-06,SKU-0116,363.6,517.0
2024-10-13,SKU-0116,909.2,517.0
2024-10-20,SKU-0116,774.2,517.0
2024-10-27,SKU-0116,649.2,517.0
2024-11-03,SKU-0116,557.2,517.0
2024-11-10,SKU-0116,445.2,517.0
2024-11-17,SKU-0116,977.8,517.0
2024-11-24,SKU-0116,718.8,517.0
2024-12-01,SKU-0116,640.8,517.0
2024-12-08,SKU-0116,187.8,517.0
2024-12-15,SKU-0116,40.8,517.0
2024-12-22,SKU-0116,426.4,517.0
2024-12-29,SKU-0116,325.4,517.0
2025-01-05,SKU-0116,264.4,517.0
2025-01-12,SKU-0116,699.0,517.0
2025-01-19,SKU-0116,518.0,517.0
2025-01-26,SKU-0116,480.0,517.0
2025-02-02,SKU-0116,314.0,517.0
2025-02-09,SKU-0116,269.0,517.0
2025-02-16,SKU-0116,107.0,517.0
2025-02-23,SKU-0116,597.6,517.0
2025-03-02,SKU-0116,464.6,517.0
2025-03-09,SKU-0116,1046.2,517.0
2025-03-16,SKU-0116,928.2,517.0
2025-03-23,SKU-0116,801.2,517.0
2025-03-30,SKU-0116,722.2,517.0
2025-04-06,SKU-0116,541.2,517.0
2025-04-13,SKU-0116,445.2,517.0
2025-04-20,SKU-0116,398.2,517.0
2025-04-27,SKU-0116,918.8,517.0
2025-05-04,SKU-0116,483.8,517.0
2025-05-11,SKU-0116,205.8,517.0
2025-05-18,SKU-0116,76.8,517.0
2025-05-25,SKU-0116,0.0,517.0
2025-06-01,SKU-0116,583.6,517.0
2025-06-08,SKU-0116,245.6,517.0
2025-06-15,SKU-0116,699.2,517.0
2025-06-22,SKU-0116,613.2,517.0
2025-06-29,SKU-0116,443.2,517.0
2025-07-06,SKU-0116,76.2,517.0
2025-07-13,SKU-0116,613.8,517.0
2025-07-20,SKU-0116,456.8,517.0
2025-07-27,SKU-0116,354.8,517.0
2025-08-03,SKU-0116,991.4,517.0
2025-08-10,SKU-0116,733.4,517.0
2025-08-17,SKU-0116,510.4,517.0
2025-08-24,SKU-0116,275.4,517.0
2025-08-31,SKU-0116,636.0,517.0
2025-09-07,SKU-0116,490.0,517.0
2025-09-14,SKU-0116,371.0,517.0
2025-09-21,SKU-0116,170.0,517.0
2025-09-28,SKU-0116,787.6,517.0
2025-10-05,SKU-0116,738.6,517.0
2025-10-12,SKU-0116,608.6,517.0
2025-10-19,SKU-0116,498.6,517.0
2025-10-26,SKU-0116,1094.2,517.0
2025-11-02,SKU-0116,886.2,517.0
2025-11-09,SKU-0116,578.2,517.0
2025-11-16,SKU-0116,446.2,517.0
2025-11-23,SKU-0116,390.2,517.0
2025-11-30,SKU-0116,1011.8,517.0
2025-12-07,SKU-0116,906.8,517.0
2025-12-14,SKU-0116,744.8,517.0
2025-12-21,SKU-0116,561.8,517.0
2025-12-28,SKU-0116,309.8,517.0
2024-01-07,SKU-0117,971.0,720.0
2024-01-14,SKU-0117,887.0,720.0
2024-01-21,SKU-0117,539.0,720.0
2024-01-28,SKU-0117,390.0,720.0
2024-02-04,SKU-0117,205.0,720.0
2024-02-11,SKU-0117,1035.0,720.0
2024-02-18,SKU-0117,683.0,720.0
2024-02-25,SKU-0117,384.0,720.0
2024-03-03,SKU-0117,0.0,720.0
2024-03-10,SKU-0117,179.0,720.0
2024-03-17,SKU-0117,108.0,720.0
2024-03-24,SKU-0117,0.0,720.0
2024-03-31,SKU-0117,615.0,720.0
2024-04-07,SKU-0117,1180.0,720.0
2024-04-14,SKU-0117,893.0,720.0
2024-04-21,SKU-0117,772.0,720.0
2024-04-28,SKU-0117,0.0,720.0
2024-05-05,SKU-0117,0.0,720.0
2024-05-12,SKU-0117,0.0,720.0
2024-05-19,SKU-0117,808.0,720.0
2024-05-26,SKU-0117,640.0,720.0
2024-06-02,SKU-0117,253.0,720.0
2024-06-09,SKU-0117,1097.0,720.0
2024-06-16,SKU-0117,735.0,720.0
2024-06-23,SKU-0117,512.0,720.0
2024-06-30,SKU-0117,412.0,720.0
2024-07-07,SKU-0117,219.0,720.0
2024-07-14,SKU-0117,939.0,720.0
2024-07-21,SKU-0117,613.0,720.0
2024-07-28,SKU-0117,1134.0,720.0
2024-08-04,SKU-0117,1055.0,720.0
2024-08-11,SKU-0117,936.0,720.0
2024-08-18,SKU-0117,814.0,720.0
2024-08-25,SKU-0117,738.0,720.0
2024-09-01,SKU-0117,0.0,720.0
2024-09-08,SKU-0117,809.0,720.0
2024-09-15,SKU-0117,640.0,720.0
2024-09-22,SKU-0117,1444.0,720.0
2024-09-29,SKU-0117,1332.0,720.0
2024-10-06,SKU-0117,912.0,720.0
2024-10-13,SKU-0117,667.0,720.0
2024-10-20,SKU-0117,529.0,720.0
2024-10-27,SKU-0117,352.0,720.0
2024-11-03,SKU-0117,960.0,720.0
2024-11-10,SKU-0117,631.0,720.0
2024-11-17,SKU-0117,1106.0,720.0
2024-11-24,SKU-0117,460.0,720.0
2024-12-01,SKU-0117,282.0,720.0
2024-12-08,SKU-0117,1116.0,720.0
2024-12-15,SKU-0117,936.0,720.0
2024-12-22,SKU-0117,662.0,720.0
2024-12-29,SKU-0117,499.0,720.0
2025-01-05,SKU-0117,1245.0,720.0
2025-01-12,SKU-0117,1172.0,720.0
2025-01-19,SKU-0117,1005.0,720.0
2025-01-26,SKU-0117,790.0,720.0
2025-02-02,SKU-0117,698.0,720.0
2025-02-09,SKU-0117,418.0,720.0
2025-02-16,SKU-0117,0.0,720.0
2025-02-23,SKU-0117,941.0,720.0
2025-03-02,SKU-0117,838.0,720.0
2025-03-09,SKU-0117,682.0,720.0
2025-03-16,SKU-0117,379.0,720.0
2025-03-23,SKU-0117,1251.0,720.0
2025-03-30,SKU-0117,1052.0,720.0
2025-04-06,SKU-0117,549.0,720.0
2025-04-13,SKU-0117,319.0,720.0
2025-04-20,SKU-0117,192.0,720.0
2025-04-27,SKU-0117,1027.0,720.0
2025-05-04,SKU-0117,799.0,720.0
2025-05-11,SKU-0117,535.0,720.0
2025-05-18,SKU-0117,1244.0,720.0
2025-05-25,SKU-0117,1050.0,720.0
2025-06-01,SKU-0117,1007.0,720.0
2025-06-08,SKU-0117,897.0,720.0
2025-06-15,SKU-0117,740.0,720.0
2025-06-22,SKU-0117,521.0,720.0
2025-06-29,SKU-0117,237.0,720.0
2025-07-06,SKU-0117,114.0,720.0
2025-07-13,SKU-0117,0.0,720.0
2025-07-20,SKU-0117,394.0,720.0
2025-07-27,SKU-0117,123.0,720.0
2025-08-03,SKU-0117,743.0,720.0
2025-08-10,SKU-0117,596.0,720.0
2025-08-17,SKU-0117,1458.0,720.0
2025-08-24,SKU-0117,1183.0,720.0
2025-08-31,SKU-0117,927.0,720.0
2025-09-07,SKU-0117,511.0,720.0
2025-09-14,SKU-0117,354.0,720.0
2025-09-21,SKU-0117,257.0,720.0
2025-09-28,SKU-0117,1119.0,720.0
2025-10-05,SKU-0117,871.0,720.0
2025-10-12,SKU-0117,818.0,720.0
2025-10-19,SKU-0117,301.0,720.0
2025-10-26,SKU-0117,146.0,720.0
2025-11-02,SKU-0117,858.0,720.0
2025-11-09,SKU-0117,653.0,720.0
2025-11-16,SKU-0117,875.0,720.0
2025-11-23,SKU-0117,776.0,720.0
2025-11-30,SKU-0117,368.0,720.0
2025-12-07,SKU-0117,53.0,720.0
2025-12-14,SKU-0117,0.0,720.0
2025-12-21,SKU-0117,532.0,720.0
2025-12-28,SKU-0117,419.0,720.0
2024-01-07,SKU-0118,1323.6,588.0
2024-01-14,SKU-0118,1289.6,588.0
2024-01-21,SKU-0118,1178.6,588.0
2024-01-28,SKU-0118,994.6,588.0
2024-02-04,SKU-0118,850.6,588.0
2024-02-11,SKU-0118,750.6,588.0
2024-02-18,SKU-0118,570.6,588.0
2024-02-25,SKU-0118,518.6,588.0
2024-03-03,SKU-0118,985.2,588.0
2024-03-10,SKU-0118,620.2,588.0
2024-03-17,SKU-0118,311.2,588.0
2024-03-24,SKU-0118,86.2,588.0
2024-03-31,SKU-0118,0.0,588.0
2024-04-07,SKU-0118,724.6,588.0
2024-04-14,SKU-0118,648.6,588.0
2024-04-21,SKU-0118,497.6,588.0
2024-04-28,SKU-0118,348.6,588.0
2024-05-05,SKU-0118,224.6,588.0
2024-05-12,SKU-0118,794.2,588.0
2024-05-19,SKU-0118,669.2,588.0
2024-05-26,SKU-0118,227.2,588.0
2024-06-02,SKU-0118,63.2,588.0
2024-06-09,SKU-0118,29.2,588.0
2024-06-16,SKU-0118,693.8,588.0
2024-06-23,SKU-0118,595.8,588.0
2024-06-30,SKU-0118,534.8,588.0
2024-07-07,SKU-0118,249.8,588.0
2024-07-14,SKU-0118,953.4,588.0
2024-07-21,SKU-0118,907.4,588.0
2024-07-28,SKU-0118,790.4,588.0
2024-08-04,SKU-0118,275.4,588.0
2024-08-11,SKU-0118,113.4,588.0
2024-08-18,SKU-0118,0.0,588.0
2024-08-25,SKU-0118,539.6,588.0
2024-09-01,SKU-0118,2.6,588.0
2024-09-08,SKU-0118,0.0,588.0
2024-09-15,SKU-0118,542.6,588.0
2024-09-22,SKU-0118,519.6,588.0
2024-09-29,SKU-0118,454.6,588.0
2024-10-06,SKU-0118,1169.2,588.0
2024-10-13,SKU-0118,1029.2,588.0
2024-10-20,SKU-0118,713.2,588.0
2024-10-27,SKU-0118,440.2,588.0
2024-11-03,SKU-0118,139.2,588.0
2024-11-10,SKU-0118,864.8,588.0
2024-11-17,SKU-0118,760.8,588.0
2024-11-24,SKU-0118,583.8,588.0
2024-12-01,SKU-0118,317.8,588.0
2024-12-08,SKU-0118,891.4,588.0
2024-12-15,SKU-0118,786.4,588.0
2024-12-22,SKU-0118,713.4,588.0
2024-12-29,SKU-0118,353.4,588.0
2025-01-05,SKU-0118,285.4,588.0
2025-01-12,SKU-0118,952.0,588.0
2025-01-19,SKU-0118,821.0,588.0
2025-01-26,SKU-0118,644.0,588.0
2025-02-02,SKU-0118,567.0,588.0
2025-02-09,SKU-0118,509.0,588.0
2025-02-16,SKU-0118,1181.6,588.0
2025-02-23,SKU-0118,1110.6,588.0
2025-03-02,SKU-0118,960.6,588.0
2025-03-09,SKU-0118,909.6,588.0
2025-03-16,SKU-0118,804.6,588.0
2025-03-23,SKU-0118,744.6,588.0
2025-03-30,SKU-0118,183.6,588.0
2025-04-06,SKU-0118,139.6,588.0
2025-04-13,SKU-0118,37.6,588.0
2025-04-20,SKU-0118,704.2,588.0
2025-04-27,SKU-0118,604.2,588.0
2025-05-04,SKU-0118,540.2,588.0
2025-05-11,SKU-0118,460.2,588.0
2025-05-18,SKU-0118,328.2,588.0
2025-05-25,SKU-0118,716.8,588.0
2025-06-01,SKU-0118,355.8,588.0
2025-06-08,SKU-0118,0.0,588.0
2025-06-15,SKU-0118,0.0,588.0
2025-06-22,SKU-0118,602.6,588.0
2025-06-29,SKU-0118,219.6,588.0
2025-07-06,SKU-0118,0.0,588.0
2025-07-13,SKU-0118,0.0,588.0
2025-07-20,SKU-0118,609.6,588.0
2025-07-27,SKU-0118,324.6,588.0
2025-08-03,SKU-0118,205.6,588.0
2025-08-10,SKU-0118,0.0,588.0
2025-08-17,SKU-0118,684.6,588.0
2025-08-24,SKU-0118,408.6,588.0
2025-08-31,SKU-0118,165.6,588.0
2025-09-07,SKU-0118,0.0,588.0
2025-09-14,SKU-0118,712.6,588.0
2025-09-21,SKU-0118,555.6,588.0
2025-09-28,SKU-0118,66.6,588.0
2025-10-05,SKU-0118,724.2,588.0
2025-10-12,SKU-0118,502.2,588.0
2025-10-19,SKU-0118,445.2,588.0
2025-10-26,SKU-0118,1139.8,588.0
2025-11-02,SKU-0118,930.8,588.0
2025-11-09,SKU-0118,546.8,588.0
2025-11-16,SKU-0118,181.8,588.0
2025-11-23,SKU-0118,821.4,588.0
2025-11-30,SKU-0118,88.4,588.0
2025-12-07,SKU-0118,55.4,588.0
2025-12-14,SKU-0118,764.0,588.0
2025-12-21,SKU-0118,359.0,588.0
2025-12-28,SKU-0118,0.0,588.0
2024-01-07,SKU-0119,619.6,352.0
2024-01-14,SKU-0119,557.6,352.0
2024-01-21,SKU-0119,508.6,352.0
2024-01-28,SKU-0119,461.6,352.0
2024-02-04,SKU-0119,403.6,352.0
2024-02-11,SKU-0119,295.6,352.0
2024-02-18,SKU-0119,221.6,352.0
2024-02-25,SKU-0119,147.6,352.0
2024-03-03,SKU-0119,490.2,352.0
2024-03-10,SKU-0119,403.2,352.0
2024-03-17,SKU-0119,299.2,352.0
2024-03-24,SKU-0119,112.2,352.0
2024-03-31,SKU-0119,42.2,352.0
2024-04-07,SKU-0119,0.0,352.0
2024-04-14,SKU-0119,398.6,352.0
2024-04-21,SKU-0119,257.6,352.0
2024-04-28,SKU-0119,197.6,352.0
2024-05-05,SKU-0119,599.2,352.0
2024-05-12,SKU-0119,458.2,352.0
2024-05-19,SKU-0119,416.2,352.0
2024-05-26,SKU-0119,178.2,352.0
2024-06-02,SKU-0119,37.2,352.0
2024-06-09,SKU-0119,408.8,352.0
2024-06-16,SKU-0119,317.8,352.0
2024-06-23,SKU-0119,183.8,352.0
2024-06-30,SKU-0119,525.4,352.0
2024-07-07,SKU-0119,458.4,352.0
2024-07-14,SKU-0119,347.4,352.0
2024-07-21,SKU-0119,746.0,352.0
2024-07-28,SKU-0119,663.0,352.0
2024-08-04,SKU-0119,556.0,352.0
2024-08-11,SKU-0119,444.0,352.0
2024-08-18,SKU-0119,350.0,352.0
2024-08-25,SKU-0119,247.0,352.0
2024-09-01,SKU-0119,625.6,352.0
2024-09-08,SKU-0119,529.6,352.0
2024-09-15,SKU-0119,307.6,352.0
2024-09-22,SKU-0119,97.6,352.0
2024-09-29,SKU-0119,23.6,352.0
2024-10-06,SKU-0119,449.2,352.0
2024-10-13,SKU-0119,279.2,352.0
2024-10-20,SKU-0119,7.2,352.0
2024-10-27,SKU-0119,0.0,352.0
2024-11-03,SKU-0119,0.0,352.0
2024-11-10,SKU-0119,324.6,352.0
2024-11-17,SKU-0119,157.6,352.0
2024-11-24,SKU-0119,513.2,352.0
2024-12-01,SKU-0119,378.2,352.0
2024-12-08,SKU-0119,256.2,352.0
2024-12-15,SKU-0119,136.2,352.0
2024-12-22,SKU-0119,0.0,352.0
2024-12-29,SKU-0119,396.6,352.0
2025-01-05,SKU-0119,242.6,352.0
2025-01-12,SKU-0119,144.6,352.0
2025-01-19,SKU-0119,41.6,352.0
2025-01-26,SKU-0119,0.0,352.0
2025-02-02,SKU-0119,432.6,352.0
2025-02-09,SKU-0119,346.6,352.0
2025-02-16,SKU-0119,273.6,352.0
2025-02-23,SKU-0119,713.2,352.0
2025-03-02,SKU-0119,548.2,352.0
2025-03-09,SKU-0119,355.2,352.0
2025-03-16,SKU-0119,269.2,352.0
2025-03-23,SKU-0119,148.2,352.0
2025-03-30,SKU-0119,426.8,352.0
2025-04-06,SKU-0119,290.8,352.0
2025-04-13,SKU-0119,262.8,352.0
2025-04-20,SKU-0119,83.8,352.0
2025-04-27,SKU-0119,508.4,352.0
2025-05-04,SKU-0119,422.4,352.0
2025-05-11,SKU-0119,208.4,352.0
2025-05-18,SKU-0119,135.4,352.0
2025-05-25,SKU-0119,552.0,352.0
2025-06-01,SKU-0119,451.0,352.0
2025-06-08,SKU-0119,358.0,352.0
2025-06-15,SKU-0119,317.0,352.0
2025-06-22,SKU-0119,111.0,352.0
2025-06-29,SKU-0119,476.6,352.0
2025-07-06,SKU-0119,379.6,352.0
2025-07-13,SKU-0119,272.6,352.0
2025-07-20,SKU-0119,163.6,352.0
2025-07-27,SKU-0119,0.0,352.0
2025-08-03,SKU-0119,372.6,352.0
2025-08-10,SKU-0119,291.6,352.0
2025-08-17,SKU-0119,160.6,352.0
2025-08-24,SKU-0119,39.6,352.0
2025-08-31,SKU-0119,364.2,352.0
2025-09-07,SKU-0119,290.2,352.0
2025-09-14,SKU-0119,156.2,352.0
2025-09-21,SKU-0119,15.2,352.0
2025-09-28,SKU-0119,415.8,352.0
2025-10-05,SKU-0119,268.8,352.0
2025-10-12,SKU-0119,153.8,352.0
2025-10-19,SKU-0119,404.4,352.0
2025-10-26,SKU-0119,158.4,352.0
2025-11-02,SKU-0119,0.0,352.0
2025-11-09,SKU-0119,0.0,352.0
2025-11-16,SKU-0119,331.6,352.0
2025-11-23,SKU-0119,237.6,352.0
2025-11-30,SKU-0119,610.2,352.0
2025-12-07,SKU-0119,378.2,352.0
2025-12-14,SKU-0119,208.2,352.0
2025-12-21,SKU-0119,93.2,352.0
2025-12-28,SKU-0119,480.8,352.0
2024-01-07,SKU-0120,657.8,320.0
2024-01-14,SKU-0120,501.8,320.0
2024-01-21,SKU-0120,393.8,320.0
2024-01-28,SKU-0120,303.8,320.0
2024-02-04,SKU-0120,215.8,320.0
2024-02-11,SKU-0120,62.8,320.0
2024-02-18,SKU-0120,369.6,320.0
2024-02-25,SKU-0120,283.6,320.0
2024-03-03,SKU-0120,252.6,320.0
2024-03-10,SKU-0120,131.6,320.0
2024-03-17,SKU-0120,464.4,320.0
2024-03-24,SKU-0120,380.4,320.0
2024-03-31,SKU-0120,230.4,320.0
2024-04-07,SKU-0120,168.4,320.0
2024-04-14,SKU-0120,63.4,320.0
2024-04-21,SKU-0120,393.2,320.0
2024-04-28,SKU-0120,348.2,320.0
2024-05-05,SKU-0120,263.2,320.0
2024-05-12,SKU-0120,163.2,320.0
2024-05-19,SKU-0120,3.2,320.0
2024-05-26,SKU-0120,308.0,320.0
2024-06-02,SKU-0120,213.0,320.0
2024-06-09,SKU-0120,74.0,320.0
2024-06-16,SKU-0120,466.8,320.0
2024-06-23,SKU-0120,388.8,320.0
2024-06-30,SKU-0120,323.8,320.0
2024-07-07,SKU-0120,203.8,320.0
2024-07-14,SKU-0120,410.6,320.0
2024-07-21,SKU-0120,276.6,320.0
2024-07-28,SKU-0120,551.4,320.0
2024-08-04,SKU-0120,406.4,320.0
2024-08-11,SKU-0120,193.4,320.0
2024-08-18,SKU-0120,137.4,320.0
2024-08-25,SKU-0120,14.4,320.0
2024-09-01,SKU-0120,376.2,320.0
2024-09-08,SKU-0120,298.2,320.0
2024-09-15,SKU-0120,158.2,320.0
2024-09-22,SKU-0120,9.2,320.0
2024-09-29,SKU-0120,0.0,320.0
2024-10-06,SKU-0120,246.8,320.0
2024-10-13,SKU-0120,141.8,320.0
2024-10-20,SKU-0120,468.6,320.0
2024-10-27,SKU-0120,361.6,320.0
2024-11-03,SKU-0120,229.6,320.0
2024-11-10,SKU-0120,5.6,320.0
2024-11-17,SKU-0120,218.4,320.0
2024-11-24,SKU-0120,113.4,320.0
2024-12-01,SKU-0120,2.4,320.0
2024-12-08,SKU-0120,0.0,320.0
2024-12-15,SKU-0120,269.8,320.0
2024-12-22,SKU-0120,126.8,320.0
2024-12-29,SKU-0120,400.6,320.0
2025-01-05,SKU-0120,351.6,320.0
2025-01-12,SKU-0120,255.6,320.0
2025-01-19,SKU-0120,193.6,320.0
2025-01-26,SKU-0120,143.6,320.0
2025-02-02,SKU-0120,61.6,320.0
2025-02-09,SKU-0120,420.4,320.0
2025-02-16,SKU-0120,318.4,320.0
2025-02-23,SKU-0120,217.4,320.0
2025-03-02,SKU-0120,131.4,320.0
2025-03-09,SKU-0120,446.2,320.0
2025-03-16,SKU-0120,345.2,320.0
2025-03-23,SKU-0120,260.2,320.0
2025-03-30,SKU-0120,201.2,320.0
2025-04-06,SKU-0120,480.0,320.0
2025-04-13,SKU-0120,337.0,320.0
2025-04-20,SKU-0120,185.0,320.0
2025-04-27,SKU-0120,128.0,320.0
2025-05-04,SKU-0120,69.0,320.0
2025-05-11,SKU-0120,0.0,320.0
2025-05-18,SKU-0120,282.8,320.0
2025-05-25,SKU-0120,186.8,320.0
2025-06-01,SKU-0120,447.6,320.0
2025-06-08,SKU-0120,387.6,320.0
2025-06-15,SKU-0120,260.6,320.0
2025-06-22,SKU-0120,221.6,320.0
2025-06-29,SKU-0120,155.6,320.0
2025-07-06,SKU-0120,98.6,320.0
2025-07-13,SKU-0120,398.4,320.0
2025-07-20,SKU-0120,327.4,320.0
2025-07-27,SKU-0120,232.4,320.0
2025-08-03,SKU-0120,83.4,320.0
2025-08-10,SKU-0120,437.2,320.0
2025-08-17,SKU-0120,285.2,320.0
2025-08-24,SKU-0120,223.2,320.0
2025-08-31,SKU-0120,466.0,320.0
2025-09-07,SKU-0120,404.0,320.0
2025-09-14,SKU-0120,348.0,320.0
2025-09-21,SKU-0120,226.0,320.0
2025-09-28,SKU-0120,32.0,320.0
2025-10-05,SKU-0120,0.0,320.0
2025-10-12,SKU-0120,255.8,320.0
2025-10-19,SKU-0120,67.8,320.0
2025-10-26,SKU-0120,0.0,320.0
2025-11-02,SKU-0120,0.0,320.0
2025-11-09,SKU-0120,348.8,320.0
2025-11-16,SKU-0120,187.8,320.0
2025-11-23,SKU-0120,143.8,320.0
2025-11-30,SKU-0120,352.6,320.0
2025-12-07,SKU-0120,68.6,320.0
2025-12-14,SKU-0120,4.6,320.0
2025-12-21,SKU-0120,0.0,320.0
2025-12-28,SKU-0120,256.8,320.0
2024-01-07,SKU-0121,978.4,458.0
2024-01-14,SKU-0121,815.4,458.0
2024-01-21,SKU-0121,714.4,458.0
2024-01-28,SKU-0121,616.4,458.0
2024-02-04,SKU-0121,504.4,458.0
2024-02-11,SKU-0121,347.4,458.0
2024-02-18,SKU-0121,193.4,458.0
2024-02-25,SKU-0121,78.4,458.0
2024-03-03,SKU-0121,455.8,458.0
2024-03-10,SKU-0121,207.8,458.0
2024-03-17,SKU-0121,638.2,458.0
2024-03-24,SKU-0121,568.2,458.0
2024-03-31,SKU-0121,471.2,458.0
2024-04-07,SKU-0121,348.2,458.0
2024-04-14,SKU-0121,179.2,458.0
2024-04-21,SKU-0121,0.0,458.0
2024-04-28,SKU-0121,506.4,458.0
2024-05-05,SKU-0121,267.4,458.0
2024-05-12,SKU-0121,184.4,458.0
2024-05-19,SKU-0121,24.4,458.0
2024-05-26,SKU-0121,519.8,458.0
2024-06-02,SKU-0121,392.8,458.0
2024-06-09,SKU-0121,150.8,458.0
2024-06-16,SKU-0121,29.8,458.0
2024-06-23,SKU-0121,0.0,458.0
2024-06-30,SKU-0121,310.4,458.0
2024-07-07,SKU-0121,154.4,458.0
2024-07-14,SKU-0121,687.8,458.0
2024-07-21,SKU-0121,599.8,458.0
2024-07-28,SKU-0121,486.8,458.0
2024-08-04,SKU-0121,327.8,458.0
2024-08-11,SKU-0121,165.8,458.0
2024-08-18,SKU-0121,96.8,458.0
2024-08-25,SKU-0121,619.2,458.0
2024-09-01,SKU-0121,535.2,458.0
2024-09-08,SKU-0121,390.2,458.0
2024-09-15,SKU-0121,218.2,458.0
2024-09-22,SKU-0121,695.6,458.0
2024-09-29,SKU-0121,514.6,458.0
2024-10-06,SKU-0121,370.6,458.0
2024-10-13,SKU-0121,820.0,458.0
2024-10-20,SKU-0121,528.0,458.0
2024-10-27,SKU-0121,309.0,458.0
2024-11-03,SKU-0121,160.0,458.0
2024-11-10,SKU-0121,607.4,458.0
2024-11-17,SKU-0121,299.4,458.0
2024-11-24,SKU-0121,114.4,458.0
2024-12-01,SKU-0121,591.8,458.0
2024-12-08,SKU-0121,374.8,458.0
2024-12-15,SKU-0121,270.8,458.0
2024-12-22,SKU-0121,684.2,458.0
2024-12-29,SKU-0121,540.2,458.0
2025-01-05,SKU-0121,398.2,458.0
2025-01-12,SKU-0121,79.2,458.0
2025-01-19,SKU-0121,552.6,458.0
2025-01-26,SKU-0121,474.6,458.0
2025-02-02,SKU-0121,417.6,458.0
2025-02-09,SKU-0121,291.6,458.0
2025-02-16,SKU-0121,797.0,458.0
2025-02-23,SKU-0121,731.0,458.0
2025-03-02,SKU-0121,630.0,458.0
2025-03-09,SKU-0121,502.0,458.0
2025-03-16,SKU-0121,423.0,458.0
2025-03-23,SKU-0121,304.0,458.0
2025-03-30,SKU-0121,757.4,458.0
2025-04-06,SKU-0121,658.4,458.0
2025-04-13,SKU-0121,418.4,458.0
2025-04-20,SKU-0121,326.4,458.0
2025-04-27,SKU-0121,853.8,458.0
2025-05-04,SKU-0121,631.8,458.0
2025-05-11,SKU-0121,516.8,458.0
2025-05-18,SKU-0121,414.8,458.0
2025-05-25,SKU-0121,321.8,458.0
2025-06-01,SKU-0121,761.2,458.0
2025-06-08,SKU-0121,654.2,458.0
2025-06-15,SKU-0121,539.2,458.0
2025-06-22,SKU-0121,474.2,458.0
2025-06-29,SKU-0121,397.2,458.0
2025-07-06,SKU-0121,281.2,458.0
2025-07-13,SKU-0121,816.6,458.0
2025-07-20,SKU-0121,704.6,458.0
2025-07-27,SKU-0121,484.6,458.0
2025-08-03,SKU-0121,335.6,458.0
2025-08-10,SKU-0121,109.6,458.0
2025-08-17,SKU-0121,16.6,458.0
2025-08-24,SKU-0121,443.0,458.0
2025-08-31,SKU-0121,326.0,458.0
2025-09-07,SKU-0121,736.4,458.0
2025-09-14,SKU-0121,647.4,458.0
2025-09-21,SKU-0121,495.4,458.0
2025-09-28,SKU-0121,276.4,458.0
2025-10-05,SKU-0121,108.4,458.0
2025-10-12,SKU-0121,0.0,458.0
2025-10-19,SKU-0121,474.4,458.0
2025-10-26,SKU-0121,419.4,458.0
2025-11-02,SKU-0121,291.4,458.0
2025-11-09,SKU-0121,157.4,458.0
2025-11-16,SKU-0121,490.8,458.0
2025-11-23,SKU-0121,293.8,458.0
2025-11-30,SKU-0121,173.8,458.0
2025-12-07,SKU-0121,0.0,458.0
2025-12-14,SKU-0121,399.4,458.0
2025-12-21,SKU-0121,311.4,458.0
2025-12-28,SKU-0121,609.8,458.0
2024-01-07,SKU-0122,1108.4,548.0
2024-01-14,SKU-0122,393.4,548.0
2024-01-21,SKU-0122,141.4,548.0
2024-01-28,SKU-0122,819.8,548.0
2024-02-04,SKU-0122,562.8,548.0
2024-02-11,SKU-0122,414.8,548.0
2024-02-18,SKU-0122,1043.2,548.0
2024-02-25,SKU-0122,887.2,548.0
2024-03-03,SKU-0122,681.2,548.0
2024-03-10,SKU-0122,568.2,548.0
2024-03-17,SKU-0122,488.2,548.0
2024-03-24,SKU-0122,285.2,548.0
2024-03-31,SKU-0122,841.6,548.0
2024-04-07,SKU-0122,768.6,548.0
2024-04-14,SKU-0122,446.6,548.0
2024-04-21,SKU-0122,321.6,548.0
2024-04-28,SKU-0122,596.0,548.0
2024-05-05,SKU-0122,228.0,548.0
2024-05-12,SKU-0122,819.4,548.0
2024-05-19,SKU-0122,572.4,548.0
2024-05-26,SKU-0122,490.4,548.0
2024-06-02,SKU-0122,1047.8,548.0
2024-06-09,SKU-0122,997.8,548.0
2024-06-16,SKU-0122,918.8,548.0
2024-06-23,SKU-0122,769.8,548.0
2024-06-30,SKU-0122,545.8,548.0
2024-07-07,SKU-0122,291.8,548.0
2024-07-14,SKU-0122,0.0,548.0
2024-07-21,SKU-0122,450.4,548.0
2024-07-28,SKU-0122,336.4,548.0
2024-08-04,SKU-0122,189.4,548.0
2024-08-11,SKU-0122,813.8,548.0
2024-08-18,SKU-0122,654.8,548.0
2024-08-25,SKU-0122,601.8,548.0
2024-09-01,SKU-0122,504.8,548.0
2024-09-08,SKU-0122,132.8,548.0
2024-09-15,SKU-0122,687.2,548.0
2024-09-22,SKU-0122,582.2,548.0
2024-09-29,SKU-0122,343.2,548.0
2024-10-06,SKU-0122,143.2,548.0
2024-10-13,SKU-0122,0.0,548.0
2024-10-20,SKU-0122,595.4,548.0
2024-10-27,SKU-0122,503.4,548.0
2024-11-03,SKU-0122,303.4,548.0
2024-11-10,SKU-0122,815.8,548.0
2024-11-17,SKU-0122,608.8,548.0
2024-11-24,SKU-0122,108.8,548.0
2024-12-01,SKU-0122,643.2,548.0
2024-12-08,SKU-0122,408.2,548.0
2024-12-15,SKU-0122,0.0,548.0
2024-12-22,SKU-0122,407.4,548.0
2024-12-29,SKU-0122,350.4,548.0
2025-01-05,SKU-0122,952.8,548.0
2025-01-12,SKU-0122,880.8,548.0
2025-01-19,SKU-0122,796.8,548.0
2025-01-26,SKU-0122,559.8,548.0
2025-02-02,SKU-0122,220.8,548.0
2025-02-09,SKU-0122,53.8,548.0
2025-02-16,SKU-0122,752.2,548.0
2025-02-23,SKU-0122,656.2,548.0
2025-03-02,SKU-0122,541.2,548.0
2025-03-09,SKU-0122,437.2,548.0
2025-03-16,SKU-0122,800.6,548.0
2025-03-23,SKU-0122,614.6,548.0
2025-03-30,SKU-0122,404.6,548.0
2025-04-06,SKU-0122,982.0,548.0
2025-04-13,SKU-0122,730.0,548.0
2025-04-20,SKU-0122,597.0,548.0
2025-04-27,SKU-0122,530.0,548.0
2025-05-04,SKU-0122,1109.4,548.0
2025-05-11,SKU-0122,1010.4,548.0
2025-05-18,SKU-0122,950.4,548.0
2025-05-25,SKU-0122,904.4,548.0
2025-06-01,SKU-0122,796.4,548.0
2025-06-08,SKU-0122,665.4,548.0
2025-06-15,SKU-0122,204.4,548.0
2025-06-22,SKU-0122,99.4,548.0
2025-06-29,SKU-0122,0.4,548.0
2025-07-06,SKU-0122,587.8,548.0
2025-07-13,SKU-0122,343.8,548.0
2025-07-20,SKU-0122,273.8,548.0
2025-07-27,SKU-0122,876.2,548.0
2025-08-03,SKU-0122,543.2,548.0
2025-08-10,SKU-0122,127.2,548.0
2025-08-17,SKU-0122,760.6,548.0
2025-08-24,SKU-0122,705.6,548.0
2025-08-31,SKU-0122,564.6,548.0
2025-09-07,SKU-0122,427.6,548.0
2025-09-14,SKU-0122,857.0,548.0
2025-09-21,SKU-0122,589.0,548.0
2025-09-28,SKU-0122,427.0,548.0
2025-10-05,SKU-0122,1057.4,548.0
2025-10-12,SKU-0122,853.4,548.0
2025-10-19,SKU-0122,753.4,548.0
2025-10-26,SKU-0122,658.4,548.0
2025-11-02,SKU-0122,462.4,548.0
2025-11-09,SKU-0122,525.8,548.0
2025-11-16,SKU-0122,0.0,548.0
2025-11-23,SKU-0122,0.0,548.0
2025-11-30,SKU-0122,654.4,548.0
2025-12-07,SKU-0122,375.4,548.0
2025-12-14,SKU-0122,254.4,548.0
2025-12-21,SKU-0122,727.8,548.0
2025-12-28,SKU-0122,399.8,548.0
2024-01-07,SKU-0123,696.2,353.0
2024-01-14,SKU-0123,629.2,353.0
2024-01-21,SKU-0123,572.2,353.0
2024-01-28,SKU-0123,444.2,353.0
2024-02-04,SKU-0123,283.2,353.0
2024-02-11,SKU-0123,221.2,353.0
2024-02-18,SKU-0123,633.4,353.0
2024-02-25,SKU-0123,550.4,353.0
2024-03-03,SKU-0123,476.4,353.0
2024-03-10,SKU-0123,324.4,353.0
2024-03-17,SKU-0123,166.4,353.0
2024-03-24,SKU-0123,495.6,353.0
2024-03-31,SKU-0123,423.6,353.0
2024-04-07,SKU-0123,356.6,353.0
2024-04-14,SKU-0123,269.6,353.0
2024-04-21,SKU-0123,161.6,353.0
2024-04-28,SKU-0123,480.8,353.0
2024-05-05,SKU-0123,352.8,353.0
2024-05-12,SKU-0123,263.8,353.0
2024-05-19,SKU-0123,125.8,353.0
2024-05-26,SKU-0123,443.0,353.0
2024-06-02,SKU-0123,342.0,353.0
2024-06-09,SKU-0123,274.0,353.0
2024-06-16,SKU-0123,610.2,353.0
2024-06-23,SKU-0123,439.2,353.0
2024-06-30,SKU-0123,289.2,353.0
2024-07-07,SKU-0123,224.2,353.0
2024-07-14,SKU-0123,94.2,353.0
2024-07-21,SKU-0123,454.4,353.0
2024-07-28,SKU-0123,359.4,353.0
2024-08-04,SKU-0123,257.4,353.0
2024-08-11,SKU-0123,172.4,353.0
2024-08-18,SKU-0123,563.6,353.0
2024-08-25,SKU-0123,436.6,353.0
2024-09-01,SKU-0123,325.6,353.0
2024-09-08,SKU-0123,207.6,353.0
2024-09-15,SKU-0123,613.8,353.0
2024-09-22,SKU-0123,489.8,353.0
2024-09-29,SKU-0123,253.8,353.0
2024-10-06,SKU-0123,181.8,353.0
2024-10-13,SKU-0123,528.0,353.0
2024-10-20,SKU-0123,409.0,353.0
2024-10-27,SKU-0123,273.0,353.0
2024-11-03,SKU-0123,70.0,353.0
2024-11-10,SKU-0123,432.2,353.0
2024-11-17,SKU-0123,214.2,353.0
2024-11-24,SKU-0123,17.2,353.0
2024-12-01,SKU-0123,0.0,353.0
2024-12-08,SKU-0123,286.2,353.0
2024-12-15,SKU-0123,42.2,353.0
2024-12-22,SKU-0123,0.0,353.0
2024-12-29,SKU-0123,345.2,353.0
2025-01-05,SKU-0123,203.2,353.0
2025-01-12,SKU-0123,108.2,353.0
2025-01-19,SKU-0123,512.4,353.0
2025-01-26,SKU-0123,215.4,353.0
2025-02-02,SKU-0123,61.4,353.0
2025-02-09,SKU-0123,396.6,353.0
2025-02-16,SKU-0123,313.6,353.0
2025-02-23,SKU-0123,208.6,353.0
2025-03-02,SKU-0123,596.8,353.0
2025-03-09,SKU-0123,345.8,353.0
2025-03-16,SKU-0123,266.8,353.0
2025-03-23,SKU-0123,161.8,353.0
2025-03-30,SKU-0123,478.0,353.0
2025-04-06,SKU-0123,376.0,353.0
2025-04-13,SKU-0123,209.0,353.0
2025-04-20,SKU-0123,86.0,353.0
2025-04-27,SKU-0123,453.2,353.0
2025-05-04,SKU-0123,342.2,353.0
2025-05-11,SKU-0123,299.2,353.0
2025-05-18,SKU-0123,598.4,353.0
2025-05-25,SKU-0123,451.4,353.0
2025-06-01,SKU-0123,316.4,353.0
2025-06-08,SKU-0123,194.4,353.0
2025-06-15,SKU-0123,596.6,353.0
2025-06-22,SKU-0123,480.6,353.0
2025-06-29,SKU-0123,408.6,353.0
2025-07-06,SKU-0123,325.6,353.0
2025-07-13,SKU-0123,263.6,353.0
2025-07-20,SKU-0123,172.6,353.0
2025-07-27,SKU-0123,468.8,353.0
2025-08-03,SKU-0123,331.8,353.0
2025-08-10,SKU-0123,259.8,353.0
2025-08-17,SKU-0123,657.0,353.0
2025-08-24,SKU-0123,473.0,353.0
2025-08-31,SKU-0123,374.0,353.0
2025-09-07,SKU-0123,205.0,353.0
2025-09-14,SKU-0123,0.0,353.0
2025-09-21,SKU-0123,0.0,353.0
2025-09-28,SKU-0123,403.2,353.0
2025-10-05,SKU-0123,361.2,353.0
2025-10-12,SKU-0123,107.2,353.0
2025-10-19,SKU-0123,44.2,353.0
2025-10-26,SKU-0123,0.0,353.0
2025-11-02,SKU-0123,359.2,353.0
2025-11-09,SKU-0123,236.2,353.0
2025-11-16,SKU-0123,45.2,353.0
2025-11-23,SKU-0123,411.4,353.0
2025-11-30,SKU-0123,316.4,353.0
2025-12-07,SKU-0123,113.4,353.0
2025-12-14,SKU-0123,26.4,353.0
2025-12-21,SKU-0123,0.0,353.0
2025-12-28,SKU-0123,400.2,353.0
2024-01-07,SKU-0124,1137.2,544.0
2024-01-14,SKU-0124,844.2,544.0
2024-01-21,SKU-0124,716.2,544.0
2024-01-28,SKU-0124,677.2,544.0
2024-02-04,SKU-0124,558.2,544.0
2024-02-11,SKU-0124,291.2,544.0
2024-02-18,SKU-0124,219.2,544.0
2024-02-25,SKU-0124,181.2,544.0
2024-03-03,SKU-0124,54.2,544.0
2024-03-10,SKU-0124,751.4,544.0
2024-03-17,SKU-0124,564.4,544.0
2024-03-24,SKU-0124,339.4,544.0
2024-03-31,SKU-0124,192.4,544.0
2024-04-07,SKU-0124,132.4,544.0
2024-04-14,SKU-0124,0.0,544.0
2024-04-21,SKU-0124,348.2,544.0
2024-04-28,SKU-0124,20.2,544.0
2024-05-05,SKU-0124,0.0,544.0
2024-05-12,SKU-0124,516.2,544.0
2024-05-19,SKU-0124,429.2,544.0
2024-05-26,SKU-0124,77.2,544.0
2024-06-02,SKU-0124,0.0,544.0
2024-06-09,SKU-0124,664.2,544.0
2024-06-16,SKU-0124,538.2,544.0
2024-06-23,SKU-0124,318.2,544.0
2024-06-30,SKU-0124,182.2,544.0
2024-07-07,SKU-0124,779.4,544.0
2024-07-14,SKU-0124,708.4,544.0
2024-07-21,SKU-0124,555.4,544.0
2024-07-28,SKU-0124,421.4,544.0
2024-08-04,SKU-0124,265.4,544.0
2024-08-11,SKU-0124,134.4,544.0
2024-08-18,SKU-0124,0.0,544.0
2024-08-25,SKU-0124,644.2,544.0
2024-09-01,SKU-0124,83.2,544.0
2024-09-08,SKU-0124,37.2,544.0
2024-09-15,SKU-0124,0.0,544.0
2024-09-22,SKU-0124,376.2,544.0
2024-09-29,SKU-0124,334.2,544.0
2024-10-06,SKU-0124,287.2,544.0
2024-10-13,SKU-0124,742.4,544.0
2024-10-20,SKU-0124,0.0,544.0
2024-10-27,SKU-0124,0.0,544.0
2024-11-03,SKU-0124,0.0,544.0
2024-11-10,SKU-0124,597.2,544.0
2024-11-17,SKU-0124,472.2,544.0
2024-11-24,SKU-0124,397.2,544.0
2024-12-01,SKU-0124,284.2,544.0
2024-12-08,SKU-0124,0.0,544.0
2024-12-15,SKU-0124,583.2,544.0
2024-12-22,SKU-0124,348.2,544.0
2024-12-29,SKU-0124,24.2,544.0
2025-01-05,SKU-0124,673.4,544.0
2025-01-12,SKU-0124,579.4,544.0
2025-01-19,SKU-0124,438.4,544.0
2025-01-26,SKU-0124,369.4,544.0
2025-02-02,SKU-0124,241.4,544.0
2025-02-09,SKU-0124,777.6,544.0
2025-02-16,SKU-0124,655.6,544.0
2025-02-23,SKU-0124,619.6,544.0
2025-03-02,SKU-0124,461.6,544.0
2025-03-09,SKU-0124,349.6,544.0
2025-03-16,SKU-0124,223.6,544.0
2025-03-23,SKU-0124,893.8,544.0
2025-03-30,SKU-0124,758.8,544.0
2025-04-06,SKU-0124,633.8,544.0
2025-04-13,SKU-0124,544.8,544.0
2025-04-20,SKU-0124,466.8,544.0
2025-04-27,SKU-0124,346.8,544.0
2025-05-04,SKU-0124,311.8,544.0
2025-05-11,SKU-0124,145.8,544.0
2025-05-18,SKU-0124,775.0,544.0
2025-05-25,SKU-0124,482.0,544.0
2025-06-01,SKU-0124,1170.2,544.0
2025-06-08,SKU-0124,1071.2,544.0
2025-06-15,SKU-0124,896.2,544.0
2025-06-22,SKU-0124,725.2,544.0
2025-06-29,SKU-0124,622.2,544.0
2025-07-06,SKU-0124,344.2,544.0
2025-07-13,SKU-0124,246.2,544.0
2025-07-20,SKU-0124,771.4,544.0
2025-07-27,SKU-0124,638.4,544.0
2025-08-03,SKU-0124,520.4,544.0
2025-08-10,SKU-0124,439.4,544.0
2025-08-17,SKU-0124,352.4,544.0
2025-08-24,SKU-0124,257.4,544.0
2025-08-31,SKU-0124,802.6,544.0
2025-09-07,SKU-0124,708.6,544.0
2025-09-14,SKU-0124,640.6,544.0
2025-09-21,SKU-0124,418.6,544.0
2025-09-28,SKU-0124,258.6,544.0
2025-10-05,SKU-0124,29.6,544.0
2025-10-12,SKU-0124,0.0,544.0
2025-10-19,SKU-0124,211.2,544.0
2025-10-26,SKU-0124,0.0,544.0
2025-11-02,SKU-0124,0.0,544.0
2025-11-09,SKU-0124,0.0,544.0
2025-11-16,SKU-0124,347.2,544.0
2025-11-23,SKU-0124,138.2,544.0
2025-11-30,SKU-0124,0.0,544.0
2025-12-07,SKU-0124,572.2,544.0
2025-12-14,SKU-0124,30.2,544.0
2025-12-21,SKU-0124,0.0,544.0
2025-12-28,SKU-0124,0.0,544.0
2024-01-07,SKU-0125,263.6,133.0
2024-01-14,SKU-0125,234.6,133.0
2024-01-21,SKU-0125,202.6,133.0
2024-01-28,SKU-0125,154.6,133.0
2024-02-04,SKU-0125,146.6,133.0
2024-02-11,SKU-0125,132.6,133.0
2024-02-18,SKU-0125,101.6,133.0
2024-02-25,SKU-0125,84.6,133.0
2024-03-03,SKU-0125,35.6,133.0
2024-03-10,SKU-0125,0.0,133.0
2024-03-17,SKU-0125,0.0,133.0
2024-03-24,SKU-0125,123.6,133.0
2024-03-31,SKU-0125,109.6,133.0
2024-04-07,SKU-0125,73.6,133.0
2024-04-14,SKU-0125,14.6,133.0
2024-04-21,SKU-0125,0.0,133.0
2024-04-28,SKU-0125,0.0,133.0
2024-05-05,SKU-0125,0.0,133.0
2024-05-12,SKU-0125,129.6,133.0
2024-05-19,SKU-0125,92.6,133.0
2024-05-26,SKU-0125,46.6,133.0
2024-06-02,SKU-0125,0.0,133.0
2024-06-09,SKU-0125,0.0,133.0
2024-06-16,SKU-0125,128.6,133.0
2024-06-23,SKU-0125,76.6,133.0
2024-06-30,SKU-0125,24.6,133.0
2024-07-07,SKU-0125,5.6,133.0
2024-07-14,SKU-0125,0.0,133.0
2024-07-21,SKU-0125,134.6,133.0
2024-07-28,SKU-0125,107.6,133.0
2024-08-04,SKU-0125,71.6,133.0
2024-08-11,SKU-0125,49.6,133.0
2024-08-18,SKU-0125,11.6,133.0
2024-08-25,SKU-0125,0.0,133.0
2024-09-01,SKU-0125,0.0,133.0
2024-09-08,SKU-0125,0.0,133.0
2024-09-15,SKU-0125,139.6,133.0
2024-09-22,SKU-0125,111.6,133.0
2024-09-29,SKU-0125,67.6,133.0
2024-10-06,SKU-0125,49.6,133.0
2024-10-13,SKU-0125,19.6,133.0
2024-10-20,SKU-0125,0.0,133.0
2024-10-27,SKU-0125,0.0,133.0
2024-11-03,SKU-0125,0.0,133.0
2024-11-10,SKU-0125,141.6,133.0
2024-11-17,SKU-0125,59.6,133.0
2024-11-24,SKU-0125,0.0,133.0
2024-12-01,SKU-0125,0.0,133.0
2024-12-08,SKU-0125,0.0,133.0
2024-12-15,SKU-0125,0.0,133.0
2024-12-22,SKU-0125,110.6,133.0
2024-12-29,SKU-0125,67.6,133.0
2025-01-05,SKU-0125,0.0,133.0
2025-01-12,SKU-0125,0.0,133.0
2025-01-19,SKU-0125,0.0,133.0
2025-01-26,SKU-0125,0.0,133.0
2025-02-02,SKU-0125,0.0,133.0
2025-02-09,SKU-0125,151.6,133.0
2025-02-16,SKU-0125,141.6,133.0
2025-02-23,SKU-0125,104.6,133.0
2025-03-02,SKU-0125,75.6,133.0
2025-03-09,SKU-0125,44.6,133.0
2025-03-16,SKU-0125,1.6,133.0
2025-03-23,SKU-0125,0.0,133.0
2025-03-30,SKU-0125,0.0,133.0
2025-04-06,SKU-0125,89.6,133.0
2025-04-13,SKU-0125,62.6,133.0
2025-04-20,SKU-0125,6.6,133.0
2025-04-27,SKU-0125,0.0,133.0
2025-05-04,SKU-0125,0.0,133.0
2025-05-11,SKU-0125,0.0,133.0
2025-05-18,SKU-0125,0.0,133.0
2025-05-25,SKU-0125,133.6,133.0
2025-06-01,SKU-0125,89.6,133.0
2025-06-08,SKU-0125,34.6,133.0
2025-06-15,SKU-0125,0.0,133.0
2025-06-22,SKU-0125,0.0,133.0
2025-06-29,SKU-0125,0.0,133.0
2025-07-06,SKU-0125,0.0,133.0
2025-07-13,SKU-0125,139.6,133.0
2025-07-20,SKU-0125,94.6,133.0
2025-07-27,SKU-0125,52.6,133.0
2025-08-03,SKU-0125,0.0,133.0
2025-08-10,SKU-0125,0.0,133.0
2025-08-17,SKU-0125,0.0,133.0
2025-08-24,SKU-0125,157.6,133.0
2025-08-31,SKU-0125,136.6,133.0
2025-09-07,SKU-0125,87.6,133.0
2025-09-14,SKU-0125,57.6,133.0
2025-09-21,SKU-0125,0.0,133.0
2025-09-28,SKU-0125,0.0,133.0
2025-10-05,SKU-0125,0.0,133.0
2025-10-12,SKU-0125,0.0,133.0
2025-10-19,SKU-0125,23.6,133.0
2025-10-26,SKU-0125,0.0,133.0
2025-11-02,SKU-0125,0.0,133.0
2025-11-09,SKU-0125,0.0,133.0
2025-11-16,SKU-0125,0.0,133.0
2025-11-23,SKU-0125,0.0,133.0
2025-11-30,SKU-0125,81.6,133.0
2025-12-07,SKU-0125,0.0,133.0
2025-12-14,SKU-0125,0.0,133.0
2025-12-21,SKU-0125,0.0,133.0
2025-12-28,SKU-0125,0.0,133.0
2024-01-07,SKU-0126,238.4,119.0
2024-01-14,SKU-0126,208.4,119.0
2024-01-21,SKU-0126,161.4,119.0
2024-01-28,SKU-0126,131.4,119.0
2024-02-04,SKU-0126,97.4,119.0
2024-02-11,SKU-0126,59.4,119.0
2024-02-18,SKU-0126,29.4,119.0
2024-02-25,SKU-0126,2.4,119.0
2024-03-03,SKU-0126,0.0,119.0
2024-03-10,SKU-0126,0.0,119.0
2024-03-17,SKU-0126,124.4,119.0
2024-03-24,SKU-0126,76.4,119.0
2024-03-31,SKU-0126,41.4,119.0
2024-04-07,SKU-0126,12.4,119.0
2024-04-14,SKU-0126,0.0,119.0
2024-04-21,SKU-0126,0.0,119.0
2024-04-28,SKU-0126,117.4,119.0
2024-05-05,SKU-0126,79.4,119.0
2024-05-12,SKU-0126,20.4,119.0
2024-05-19,SKU-0126,0.0,119.0
2024-05-26,SKU-0126,126.4,119.0
2024-06-02,SKU-0126,65.4,119.0
2024-06-09,SKU-0126,12.4,119.0
2024-06-16,SKU-0126,0.0,119.0
2024-06-23,SKU-0126,0.0,119.0
2024-06-30,SKU-0126,0.0,119.0
2024-07-07,SKU-0126,118.4,119.0
2024-07-14,SKU-0126,78.4,119.0
2024-07-21,SKU-0126,62.4,119.0
2024-07-28,SKU-0126,25.4,119.0
2024-08-04,SKU-0126,0.0,119.0
2024-08-11,SKU-0126,102.4,119.0
2024-08-18,SKU-0126,67.4,119.0
2024-08-25,SKU-0126,28.4,119.0
2024-09-01,SKU-0126,0.0,119.0
2024-09-08,SKU-0126,0.0,119.0
2024-09-15,SKU-0126,110.4,119.0
2024-09-22,SKU-0126,35.4,119.0
2024-09-29,SKU-0126,7.4,119.0
2024-10-06,SKU-0126,0.0,119.0
2024-10-13,SKU-0126,0.0,119.0
2024-10-20,SKU-0126,0.0,119.0
2024-10-27,SKU-0126,132.4,119.0
2024-11-03,SKU-0126,94.4,119.0
2024-11-10,SKU-0126,58.4,119.0
2024-11-17,SKU-0126,19.4,119.0
2024-11-24,SKU-0126,0.0,119.0
2024-12-01,SKU-0126,0.0,119.0
2024-12-08,SKU-0126,0.0,119.0
2024-12-15,SKU-0126,0.0,119.0
2024-12-22,SKU-0126,114.4,119.0
2024-12-29,SKU-0126,81.4,119.0
2025-01-05,SKU-0126,42.4,119.0
2025-01-12,SKU-0126,2.4,119.0
2025-01-19,SKU-0126,135.8,119.0
2025-01-26,SKU-0126,98.8,119.0
2025-02-02,SKU-0126,77.8,119.0
2025-02-09,SKU-0126,53.8,119.0
2025-02-16,SKU-0126,21.8,119.0
2025-02-23,SKU-0126,0.0,119.0
2025-03-02,SKU-0126,0.0,119.0
2025-03-09,SKU-0126,126.4,119.0
2025-03-16,SKU-0126,89.4,119.0
2025-03-23,SKU-0126,39.4,119.0
2025-03-30,SKU-0126,19.4,119.0
2025-04-06,SKU-0126,0.0,119.0
2025-04-13,SKU-0126,0.0,119.0
2025-04-20,SKU-0126,0.0,119.0
2025-04-27,SKU-0126,106.4,119.0
2025-05-04,SKU-0126,81.4,119.0
2025-05-11,SKU-0126,54.4,119.0
2025-05-18,SKU-0126,31.4,119.0
2025-05-25,SKU-0126,0.0,119.0
2025-06-01,SKU-0126,0.0,119.0
2025-06-08,SKU-0126,113.4,119.0
2025-06-15,SKU-0126,92.4,119.0
2025-06-22,SKU-0126,40.4,119.0
2025-06-29,SKU-0126,17.4,119.0
2025-07-06,SKU-0126,147.8,119.0
2025-07-13,SKU-0126,132.8,119.0
2025-07-20,SKU-0126,109.8,119.0
2025-07-27,SKU-0126,58.8,119.0
2025-08-03,SKU-0126,35.8,119.0
2025-08-10,SKU-0126,0.0,119.0
2025-08-17,SKU-0126,76.4,119.0
2025-08-24,SKU-0126,41.4,119.0
2025-08-31,SKU-0126,18.4,119.0
2025-09-07,SKU-0126,0.0,119.0
2025-09-14,SKU-0126,0.0,119.0
2025-09-21,SKU-0126,0.0,119.0
2025-09-28,SKU-0126,128.4,119.0
2025-10-05,SKU-0126,85.4,119.0
2025-10-12,SKU-0126,37.4,119.0
2025-10-19,SKU-0126,16.4,119.0
2025-10-26,SKU-0126,0.0,119.0
2025-11-02,SKU-0126,0.0,119.0
2025-11-09,SKU-0126,0.0,119.0
2025-11-16,SKU-0126,0.0,119.0
2025-11-23,SKU-0126,86.4,119.0
2025-11-30,SKU-0126,26.4,119.0
2025-12-07,SKU-0126,0.0,119.0
2025-12-14,SKU-0126,0.0,119.0
2025-12-21,SKU-0126,0.0,119.0
2025-12-28,SKU-0126,0.0,119.0
2024-01-07,SKU-0127,393.4,188.0
2024-01-14,SKU-0127,306.4,188.0
2024-01-21,SKU-0127,253.4,188.0
2024-01-28,SKU-0127,190.4,188.0
2024-02-04,SKU-0127,136.4,188.0
2024-02-11,SKU-0127,88.4,188.0
2024-02-18,SKU-0127,59.4,188.0
2024-02-25,SKU-0127,268.8,188.0
2024-03-03,SKU-0127,171.8,188.0
2024-03-10,SKU-0127,112.8,188.0
2024-03-17,SKU-0127,69.8,188.0
2024-03-24,SKU-0127,29.8,188.0
2024-03-31,SKU-0127,0.0,188.0
2024-04-07,SKU-0127,201.4,188.0
2024-04-14,SKU-0127,147.4,188.0
2024-04-21,SKU-0127,54.4,188.0
2024-04-28,SKU-0127,0.0,188.0
2024-05-05,SKU-0127,0.0,188.0
2024-05-12,SKU-0127,217.4,188.0
2024-05-19,SKU-0127,162.4,188.0
2024-05-26,SKU-0127,131.4,188.0
2024-06-02,SKU-0127,352.8,188.0
2024-06-09,SKU-0127,288.8,188.0
2024-06-16,SKU-0127,255.8,188.0
2024-06-23,SKU-0127,194.8,188.0
2024-06-30,SKU-0127,150.8,188.0
2024-07-07,SKU-0127,64.8,188.0
2024-07-14,SKU-0127,0.0,188.0
2024-07-21,SKU-0127,0.0,188.0
2024-07-28,SKU-0127,0.0,188.0
2024-08-04,SKU-0127,190.4,188.0
2024-08-11,SKU-0127,119.4,188.0
2024-08-18,SKU-0127,69.4,188.0
2024-08-25,SKU-0127,0.0,188.0
2024-09-01,SKU-0127,0.0,188.0
2024-09-08,SKU-0127,0.0,188.0
2024-09-15,SKU-0127,0.0,188.0
2024-09-22,SKU-0127,223.4,188.0
2024-09-29,SKU-0127,138.4,188.0
2024-10-06,SKU-0127,69.4,188.0
2024-10-13,SKU-0127,29.4,188.0
2024-10-20,SKU-0127,0.0,188.0
2024-10-27,SKU-0127,0.0,188.0
2024-11-03,SKU-0127,0.0,188.0
2024-11-10,SKU-0127,162.4,188.0
2024-11-17,SKU-0127,40.4,188.0
2024-11-24,SKU-0127,0.0,188.0
2024-12-01,SKU-0127,0.0,188.0
2024-12-08,SKU-0127,0.0,188.0
2024-12-15,SKU-0127,200.4,188.0
2024-12-22,SKU-0127,113.4,188.0
2024-12-29,SKU-0127,39.4,188.0
2025-01-05,SKU-0127,4.4,188.0
2025-01-12,SKU-0127,0.0,188.0
2025-01-19,SKU-0127,171.4,188.0
2025-01-26,SKU-0127,97.4,188.0
2025-02-02,SKU-0127,0.0,188.0
2025-02-09,SKU-0127,206.4,188.0
2025-02-16,SKU-0127,181.4,188.0
2025-02-23,SKU-0127,82.4,188.0
2025-03-02,SKU-0127,15.4,188.0
2025-03-09,SKU-0127,0.0,188.0
2025-03-16,SKU-0127,0.0,188.0
2025-03-23,SKU-0127,0.0,188.0
2025-03-30,SKU-0127,160.4,188.0
2025-04-06,SKU-0127,117.4,188.0
2025-04-13,SKU-0127,61.4,188.0
2025-04-20,SKU-0127,254.8,188.0
2025-04-27,SKU-0127,176.8,188.0
2025-05-04,SKU-0127,92.8,188.0
2025-05-11,SKU-0127,47.8,188.0
2025-05-18,SKU-0127,0.0,188.0
2025-05-25,SKU-0127,0.0,188.0
2025-06-01,SKU-0127,192.4,188.0
2025-06-08,SKU-0127,128.4,188.0
2025-06-15,SKU-0127,45.4,188.0
2025-06-22,SKU-0127,0.0,188.0
2025-06-29,SKU-0127,0.0,188.0
2025-07-06,SKU-0127,0.0,188.0
2025-07-13,SKU-0127,213.4,188.0
2025-07-20,SKU-0127,172.4,188.0
2025-07-27,SKU-0127,107.4,188.0
2025-08-03,SKU-0127,44.4,188.0
2025-08-10,SKU-0127,0.0,188.0
2025-08-17,SKU-0127,211.4,188.0
2025-08-24,SKU-0127,164.4,188.0
2025-08-31,SKU-0127,102.4,188.0
2025-09-07,SKU-0127,22.4,188.0
2025-09-14,SKU-0127,0.0,188.0
2025-09-21,SKU-0127,194.4,188.0
2025-09-28,SKU-0127,145.4,188.0
2025-10-05,SKU-0127,105.4,188.0
2025-10-12,SKU-0127,49.4,188.0
2025-10-19,SKU-0127,0.0,188.0
2025-10-26,SKU-0127,0.0,188.0
2025-11-02,SKU-0127,184.4,188.0
2025-11-09,SKU-0127,96.4,188.0
2025-11-16,SKU-0127,0.0,188.0
2025-11-23,SKU-0127,0.0,188.0
2025-11-30,SKU-0127,0.0,188.0
2025-12-07,SKU-0127,0.0,188.0
2025-12-14,SKU-0127,212.4,188.0
2025-12-21,SKU-0127,125.4,188.0
2025-12-28,SKU-0127,40.4,188.0
2024-01-07,SKU-0128,308.6,145.0
2024-01-14,SKU-0128,262.6,145.0
2024-01-21,SKU-0128,212.6,145.0
2024-01-28,SKU-0128,184.6,145.0
2024-02-04,SKU-0128,142.6,145.0
2024-02-11,SKU-0128,88.6,145.0
2024-02-18,SKU-0128,69.6,145.0
2024-02-25,SKU-0128,34.6,145.0
2024-03-03,SKU-0128,186.2,145.0
2024-03-10,SKU-0128,168.2,145.0
2024-03-17,SKU-0128,50.2,145.0
2024-03-24,SKU-0128,0.0,145.0
2024-03-31,SKU-0128,0.0,145.0
2024-04-07,SKU-0128,0.0,145.0
2024-04-14,SKU-0128,151.6,145.0
2024-04-21,SKU-0128,79.6,145.0
2024-04-28,SKU-0128,44.6,145.0
2024-05-05,SKU-0128,0.0,145.0
2024-05-12,SKU-0128,166.6,145.0
2024-05-19,SKU-0128,122.6,145.0
2024-05-26,SKU-0128,84.6,145.0
2024-06-02,SKU-0128,62.6,145.0
2024-06-09,SKU-0128,22.6,145.0
2024-06-16,SKU-0128,171.2,145.0
2024-06-23,SKU-0128,143.2,145.0
2024-06-30,SKU-0128,107.2,145.0
2024-07-07,SKU-0128,40.2,145.0
2024-07-14,SKU-0128,0.0,145.0
2024-07-21,SKU-0128,139.6,145.0
2024-07-28,SKU-0128,78.6,145.0
2024-08-04,SKU-0128,0.0,145.0
2024-08-11,SKU-0128,0.0,145.0
2024-08-18,SKU-0128,160.6,145.0
2024-08-25,SKU-0128,112.6,145.0
2024-09-01,SKU-0128,62.6,145.0
2024-09-08,SKU-0128,27.6,145.0
2024-09-15,SKU-0128,169.2,145.0
2024-09-22,SKU-0128,115.2,145.0
2024-09-29,SKU-0128,40.2,145.0
2024-10-06,SKU-0128,7.2,145.0
2024-10-13,SKU-0128,0.0,145.0
2024-10-20,SKU-0128,147.6,145.0
2024-10-27,SKU-0128,120.6,145.0
2024-11-03,SKU-0128,23.6,145.0
2024-11-10,SKU-0128,0.0,145.0
2024-11-17,SKU-0128,0.0,145.0
2024-11-24,SKU-0128,0.0,145.0
2024-12-01,SKU-0128,110.6,145.0
2024-12-08,SKU-0128,74.6,145.0
2024-12-15,SKU-0128,39.6,145.0
2024-12-22,SKU-0128,0.0,145.0
2024-12-29,SKU-0128,0.0,145.0
2025-01-05,SKU-0128,0.0,145.0
2025-01-12,SKU-0128,152.6,145.0
2025-01-19,SKU-0128,126.6,145.0
2025-01-26,SKU-0128,67.6,145.0
2025-02-02,SKU-0128,35.6,145.0
2025-02-09,SKU-0128,0.0,145.0
2025-02-16,SKU-0128,62.6,145.0
2025-02-23,SKU-0128,20.6,145.0
2025-03-02,SKU-0128,0.0,145.0
2025-03-09,SKU-0128,0.0,145.0
2025-03-16,SKU-0128,0.0,145.0
2025-03-23,SKU-0128,0.0,145.0
2025-03-30,SKU-0128,147.6,145.0
2025-04-06,SKU-0128,70.6,145.0
2025-04-13,SKU-0128,27.6,145.0
2025-04-20,SKU-0128,0.0,145.0
2025-04-27,SKU-0128,0.0,145.0
2025-05-04,SKU-0128,0.0,145.0
2025-05-11,SKU-0128,153.6,145.0
2025-05-18,SKU-0128,87.6,145.0
2025-05-25,SKU-0128,12.6,145.0
2025-06-01,SKU-0128,0.0,145.0
2025-06-08,SKU-0128,0.0,145.0
2025-06-15,SKU-0128,0.0,145.0
2025-06-22,SKU-0128,142.6,145.0
2025-06-29,SKU-0128,53.6,145.0
2025-07-06,SKU-0128,7.6,145.0
2025-07-13,SKU-0128,174.2,145.0
2025-07-20,SKU-0128,103.2,145.0
2025-07-27,SKU-0128,31.2,145.0
2025-08-03,SKU-0128,0.0,145.0
2025-08-10,SKU-0128,0.0,145.0
2025-08-17,SKU-0128,154.6,145.0
2025-08-24,SKU-0128,125.6,145.0
2025-08-31,SKU-0128,67.6,145.0
2025-09-07,SKU-0128,26.6,145.0
2025-09-14,SKU-0128,0.0,145.0
2025-09-21,SKU-0128,0.0,145.0
2025-09-28,SKU-0128,172.6,145.0
2025-10-05,SKU-0128,149.6,145.0
2025-10-12,SKU-0128,123.6,145.0
2025-10-19,SKU-0128,87.6,145.0
2025-10-26,SKU-0128,40.6,145.0
2025-11-02,SKU-0128,166.2,145.0
2025-11-09,SKU-0128,124.2,145.0
2025-11-16,SKU-0128,25.2,145.0
2025-11-23,SKU-0128,0.0,145.0
2025-11-30,SKU-0128,0.0,145.0
2025-12-07,SKU-0128,0.0,145.0
2025-12-14,SKU-0128,0.0,145.0
2025-12-21,SKU-0128,144.6,145.0
2025-12-28,SKU-0128,89.6,145.0
2024-01-07,SKU-0129,247.6,124.0
2024-01-14,SKU-0129,198.6,124.0
2024-01-21,SKU-0129,180.6,124.0
2024-01-28,SKU-0129,161.6,124.0
2024-02-04,SKU-0129,137.6,124.0
2024-02-11,SKU-0129,84.6,124.0
2024-02-18,SKU-0129,49.6,124.0
2024-02-25,SKU-0129,19.6,124.0
2024-03-03,SKU-0129,2.6,124.0
2024-03-10,SKU-0129,0.0,124.0
2024-03-17,SKU-0129,0.0,124.0
2024-03-24,SKU-0129,145.6,124.0
2024-03-31,SKU-0129,91.6,124.0
2024-04-07,SKU-0129,68.6,124.0
2024-04-14,SKU-0129,29.6,124.0
2024-04-21,SKU-0129,0.0,124.0
2024-04-28,SKU-0129,118.6,124.0
2024-05-05,SKU-0129,81.6,124.0
2024-05-12,SKU-0129,0.0,124.0
2024-05-19,SKU-0129,0.0,124.0
2024-05-26,SKU-0129,0.0,124.0
2024-06-02,SKU-0129,133.6,124.0
2024-06-09,SKU-0129,71.6,124.0
2024-06-16,SKU-0129,2.6,124.0
2024-06-23,SKU-0129,0.0,124.0
2024-06-30,SKU-0129,0.0,124.0
2024-07-07,SKU-0129,0.0,124.0
2024-07-14,SKU-0129,142.6,124.0
2024-07-21,SKU-0129,111.6,124.0
2024-07-28,SKU-0129,60.6,124.0
2024-08-04,SKU-0129,47.6,124.0
2024-08-11,SKU-0129,30.6,124.0
2024-08-18,SKU-0129,0.0,124.0
2024-08-25,SKU-0129,123.6,124.0
2024-09-01,SKU-0129,89.6,124.0
2024-09-08,SKU-0129,54.6,124.0
2024-09-15,SKU-0129,0.0,124.0
2024-09-22,SKU-0129,0.0,124.0
2024-09-29,SKU-0129,132.6,124.0
2024-10-06,SKU-0129,112.6,124.0
2024-10-13,SKU-0129,68.6,124.0
2024-10-20,SKU-0129,44.6,124.0
2024-10-27,SKU-0129,172.2,124.0
2024-11-03,SKU-0129,137.2,124.0
2024-11-10,SKU-0129,44.2,124.0
2024-11-17,SKU-0129,9.2,124.0
2024-11-24,SKU-0129,0.0,124.0
2024-12-01,SKU-0129,0.0,124.0
2024-12-08,SKU-0129,0.0,124.0
2024-12-15,SKU-0129,128.6,124.0
2024-12-22,SKU-0129,106.6,124.0
2024-12-29,SKU-0129,3.6,124.0
2025-01-05,SKU-0129,0.0,124.0
2025-01-12,SKU-0129,0.0,124.0
2025-01-19,SKU-0129,0.0,124.0
2025-01-26,SKU-0129,117.6,124.0
2025-02-02,SKU-0129,75.6,124.0
2025-02-09,SKU-0129,41.6,124.0
2025-02-16,SKU-0129,0.0,124.0
2025-02-23,SKU-0129,0.0,124.0
2025-03-02,SKU-0129,74.6,124.0
2025-03-09,SKU-0129,54.6,124.0
2025-03-16,SKU-0129,25.6,124.0
2025-03-23,SKU-0129,0.0,124.0
2025-03-30,SKU-0129,113.6,124.0
2025-04-06,SKU-0129,85.6,124.0
2025-04-13,SKU-0129,15.6,124.0
2025-04-20,SKU-0129,0.0,124.0
2025-04-27,SKU-0129,80.6,124.0
2025-05-04,SKU-0129,47.6,124.0
2025-05-11,SKU-0129,0.0,124.0
2025-05-18,SKU-0129,0.0,124.0
2025-05-25,SKU-0129,0.0,124.0
2025-06-01,SKU-0129,109.6,124.0
2025-06-08,SKU-0129,78.6,124.0
2025-06-15,SKU-0129,45.6,124.0
2025-06-22,SKU-0129,0.0,124.0
2025-06-29,SKU-0129,0.0,124.0
2025-07-06,SKU-0129,115.6,124.0
2025-07-13,SKU-0129,42.6,124.0
2025-07-20,SKU-0129,0.0,124.0
2025-07-27,SKU-0129,0.0,124.0
2025-08-03,SKU-0129,141.6,124.0
2025-08-10,SKU-0129,74.6,124.0
2025-08-17,SKU-0129,44.6,124.0
2025-08-24,SKU-0129,5.6,124.0
2025-08-31,SKU-0129,0.0,124.0
2025-09-07,SKU-0129,0.0,124.0
2025-09-14,SKU-0129,136.6,124.0
2025-09-21,SKU-0129,102.6,124.0
2025-09-28,SKU-0129,86.6,124.0
2025-10-05,SKU-0129,3.6,124.0
2025-10-12,SKU-0129,0.0,124.0
2025-10-19,SKU-0129,72.6,124.0
2025-10-26,SKU-0129,0.0,124.0
2025-11-02,SKU-0129,0.0,124.0
2025-11-09,SKU-0129,0.0,124.0
2025-11-16,SKU-0129,0.0,124.0
2025-11-23,SKU-0129,115.6,124.0
2025-11-30,SKU-0129,62.6,124.0
2025-12-07,SKU-0129,4.6,124.0
2025-12-14,SKU-0129,0.0,124.0
2025-12-21,SKU-0129,0.0,124.0
2025-12-28,SKU-0129,130.6,124.0
2024-01-07,SKU-0130,285.4,129.0
2024-01-14,SKU-0130,247.4,129.0
2024-01-21,SKU-0130,216.4,129.0
2024-01-28,SKU-0130,169.4,129.0
2024-02-04,SKU-0130,145.4,129.0
2024-02-11,SKU-0130,108.4,129.0
2024-02-18,SKU-0130,87.4,129.0
2024-02-25,SKU-0130,47.4,129.0
2024-03-03,SKU-0130,16.4,129.0
2024-03-10,SKU-0130,0.0,129.0
2024-03-17,SKU-0130,0.0,129.0
2024-03-24,SKU-0130,0.0,129.0
2024-03-31,SKU-0130,0.0,129.0
2024-04-07,SKU-0130,0.0,129.0
2024-04-14,SKU-0130,134.4,129.0
2024-04-21,SKU-0130,97.4,129.0
2024-04-28,SKU-0130,58.4,129.0
2024-05-05,SKU-0130,19.4,129.0
2024-05-12,SKU-0130,0.0,129.0
2024-05-19,SKU-0130,0.0,129.0
2024-05-26,SKU-0130,0.0,129.0
2024-06-02,SKU-0130,80.4,129.0
2024-06-09,SKU-0130,30.4,129.0
2024-06-16,SKU-0130,0.0,129.0
2024-06-23,SKU-0130,0.0,129.0
2024-06-30,SKU-0130,0.0,129.0
2024-07-07,SKU-0130,0.0,129.0
2024-07-14,SKU-0130,0.0,129.0
2024-07-21,SKU-0130,119.4,129.0
2024-07-28,SKU-0130,90.4,129.0
2024-08-04,SKU-0130,57.4,129.0
2024-08-11,SKU-0130,37.4,129.0
2024-08-18,SKU-0130,6.4,129.0
2024-08-25,SKU-0130,162.8,129.0
2024-09-01,SKU-0130,103.8,129.0
2024-09-08,SKU-0130,66.8,129.0
2024-09-15,SKU-0130,214.2,129.0
2024-09-22,SKU-0130,134.2,129.0
2024-09-29,SKU-0130,93.2,129.0
2024-10-06,SKU-0130,66.2,129.0
2024-10-13,SKU-0130,12.2,129.0
2024-10-20,SKU-0130,0.0,129.0
2024-10-27,SKU-0130,0.0,129.0
2024-11-03,SKU-0130,118.4,129.0
2024-11-10,SKU-0130,10.4,129.0
2024-11-17,SKU-0130,0.0,129.0
2024-11-24,SKU-0130,0.0,129.0
2024-12-01,SKU-0130,0.0,129.0
2024-12-08,SKU-0130,115.4,129.0
2024-12-15,SKU-0130,39.4,129.0
2024-12-22,SKU-0130,0.0,129.0
2024-12-29,SKU-0130,0.0,129.0
2025-01-05,SKU-0130,138.4,129.0
2025-01-12,SKU-0130,105.4,129.0
2025-01-19,SKU-0130,64.4,129.0
2025-01-26,SKU-0130,34.4,129.0
2025-02-02,SKU-0130,6.4,129.0
2025-02-09,SKU-0130,0.0,129.0
2025-02-16,SKU-0130,150.4,129.0
2025-02-23,SKU-0130,127.4,129.0
2025-03-02,SKU-0130,108.4,129.0
2025-03-09,SKU-0130,234.8,129.0
2025-03-16,SKU-0130,193.8,129.0
2025-03-23,SKU-0130,179.8,129.0
2025-03-30,SKU-0130,150.8,129.0
2025-04-06,SKU-0130,112.8,129.0
2025-04-13,SKU-0130,89.8,129.0
2025-04-20,SKU-0130,44.8,129.0
2025-04-27,SKU-0130,16.8,129.0
2025-05-04,SKU-0130,0.0,129.0
2025-05-11,SKU-0130,147.4,129.0
2025-05-18,SKU-0130,105.4,129.0
2025-05-25,SKU-0130,64.4,129.0
2025-06-01,SKU-0130,0.0,129.0
2025-06-08,SKU-0130,0.0,129.0
2025-06-15,SKU-0130,130.4,129.0
2025-06-22,SKU-0130,90.4,129.0
2025-06-29,SKU-0130,49.4,129.0
2025-07-06,SKU-0130,5.4,129.0
2025-07-13,SKU-0130,0.0,129.0
2025-07-20,SKU-0130,0.0,129.0
2025-07-27,SKU-0130,0.0,129.0
2025-08-03,SKU-0130,0.0,129.0
2025-08-10,SKU-0130,150.4,129.0
2025-08-17,SKU-0130,131.4,129.0
2025-08-24,SKU-0130,114.4,129.0
2025-08-31,SKU-0130,29.4,129.0
2025-09-07,SKU-0130,0.0,129.0
2025-09-14,SKU-0130,0.0,129.0
2025-09-21,SKU-0130,0.0,129.0
2025-09-28,SKU-0130,144.4,129.0
2025-10-05,SKU-0130,124.4,129.0
2025-10-12,SKU-0130,73.4,129.0
2025-10-19,SKU-0130,51.4,129.0
2025-10-26,SKU-0130,22.4,129.0
2025-11-02,SKU-0130,0.0,129.0
2025-11-09,SKU-0130,67.4,129.0
2025-11-16,SKU-0130,21.4,129.0
2025-11-23,SKU-0130,0.0,129.0
2025-11-30,SKU-0130,0.0,129.0
2025-12-07,SKU-0130,0.0,129.0
2025-12-14,SKU-0130,146.4,129.0
2025-12-21,SKU-0130,90.4,129.0
2025-12-28,SKU-0130,35.4,129.0
2024-01-07,SKU-0131,274.2,136.0
2024-01-14,SKU-0131,231.2,136.0
2024-01-21,SKU-0131,193.2,136.0
2024-01-28,SKU-0131,147.2,136.0
2024-02-04,SKU-0131,123.2,136.0
2024-02-11,SKU-0131,82.2,136.0
2024-02-18,SKU-0131,60.2,136.0
2024-02-25,SKU-0131,24.2,136.0
2024-03-03,SKU-0131,175.4,136.0
2024-03-10,SKU-0131,149.4,136.0
2024-03-17,SKU-0131,121.4,136.0
2024-03-24,SKU-0131,93.4,136.0
2024-03-31,SKU-0131,38.4,136.0
2024-04-07,SKU-0131,10.4,136.0
2024-04-14,SKU-0131,0.0,136.0
2024-04-21,SKU-0131,0.0,136.0
2024-04-28,SKU-0131,0.0,136.0
2024-05-05,SKU-0131,116.2,136.0
2024-05-12,SKU-0131,90.2,136.0
2024-05-19,SKU-0131,67.2,136.0
2024-05-26,SKU-0131,25.2,136.0
2024-06-02,SKU-0131,0.0,136.0
2024-06-09,SKU-0131,0.0,136.0
2024-06-16,SKU-0131,115.2,136.0
2024-06-23,SKU-0131,99.2,136.0
2024-06-30,SKU-0131,84.2,136.0
2024-07-07,SKU-0131,237.4,136.0
2024-07-14,SKU-0131,182.4,136.0
2024-07-21,SKU-0131,119.4,136.0
2024-07-28,SKU-0131,77.4,136.0
2024-08-04,SKU-0131,0.0,136.0
2024-08-11,SKU-0131,0.0,136.0
2024-08-18,SKU-0131,0.0,136.0
2024-08-25,SKU-0131,0.0,136.0
2024-09-01,SKU-0131,130.2,136.0
2024-09-08,SKU-0131,101.2,136.0
2024-09-15,SKU-0131,51.2,136.0
2024-09-22,SKU-0131,25.2,136.0
2024-09-29,SKU-0131,133.4,136.0
2024-10-06,SKU-0131,92.4,136.0
2024-10-13,SKU-0131,73.4,136.0
2024-10-20,SKU-0131,0.0,136.0
2024-10-27,SKU-0131,0.0,136.0
2024-11-03,SKU-0131,0.0,136.0
2024-11-10,SKU-0131,121.2,136.0
2024-11-17,SKU-0131,44.2,136.0
2024-11-24,SKU-0131,0.0,136.0
2024-12-01,SKU-0131,0.0,136.0
2024-12-08,SKU-0131,0.0,136.0
2024-12-15,SKU-0131,138.2,136.0
2024-12-22,SKU-0131,86.2,136.0
2024-12-29,SKU-0131,0.0,136.0
2025-01-05,SKU-0131,0.0,136.0
2025-01-12,SKU-0131,0.0,136.0
2025-01-19,SKU-0131,0.0,136.0
2025-01-26,SKU-0131,123.2,136.0
2025-02-02,SKU-0131,99.2,136.0
2025-02-09,SKU-0131,68.2,136.0
2025-02-16,SKU-0131,223.4,136.0
2025-02-23,SKU-0131,141.4,136.0
2025-03-02,SKU-0131,72.4,136.0
2025-03-09,SKU-0131,27.4,136.0
2025-03-16,SKU-0131,0.0,136.0
2025-03-23,SKU-0131,0.0,136.0
2025-03-30,SKU-0131,0.0,136.0
2025-04-06,SKU-0131,135.2,136.0
2025-04-13,SKU-0131,59.2,136.0
2025-04-20,SKU-0131,40.2,136.0
2025-04-27,SKU-0131,0.0,136.0
2025-05-04,SKU-0131,146.2,136.0
2025-05-11,SKU-0131,111.2,136.0
2025-05-18,SKU-0131,68.2,136.0
2025-05-25,SKU-0131,44.2,136.0
2025-06-01,SKU-0131,0.0,136.0
2025-06-08,SKU-0131,0.0,136.0
2025-06-15,SKU-0131,132.2,136.0
2025-06-22,SKU-0131,108.2,136.0
2025-06-29,SKU-0131,78.2,136.0
2025-07-06,SKU-0131,61.2,136.0
2025-07-13,SKU-0131,0.0,136.0
2025-07-20,SKU-0131,0.0,136.0
2025-07-27,SKU-0131,139.2,136.0
2025-08-03,SKU-0131,89.2,136.0
2025-08-10,SKU-0131,0.0,136.0
2025-08-17,SKU-0131,0.0,136.0
2025-08-24,SKU-0131,0.0,136.0
2025-08-31,SKU-0131,0.0,136.0
2025-09-07,SKU-0131,0.0,136.0
2025-09-14,SKU-0131,127.2,136.0
2025-09-21,SKU-0131,54.2,136.0
2025-09-28,SKU-0131,0.0,136.0
2025-10-05,SKU-0131,0.0,136.0
2025-10-12,SKU-0131,0.0,136.0
2025-10-19,SKU-0131,0.0,136.0
2025-10-26,SKU-0131,119.2,136.0
2025-11-02,SKU-0131,66.2,136.0
2025-11-09,SKU-0131,0.0,136.0
2025-11-16,SKU-0131,0.0,136.0
2025-11-23,SKU-0131,0.0,136.0
2025-11-30,SKU-0131,0.0,136.0
2025-12-07,SKU-0131,138.2,136.0
2025-12-14,SKU-0131,108.2,136.0
2025-12-21,SKU-0131,20.2,136.0
2025-12-28,SKU-0131,0.0,136.0
2024-01-07,SKU-0132,309.8,149.0
2024-01-14,SKU-0132,223.8,149.0
2024-01-21,SKU-0132,141.8,149.0
2024-01-28,SKU-0132,109.8,149.0
2024-02-04,SKU-0132,74.8,149.0
2024-02-11,SKU-0132,42.8,149.0
2024-02-18,SKU-0132,0.0,149.0
2024-02-25,SKU-0132,128.8,149.0
2024-03-03,SKU-0132,93.8,149.0
2024-03-10,SKU-0132,71.8,149.0
2024-03-17,SKU-0132,27.8,149.0
2024-03-24,SKU-0132,0.0,149.0
2024-03-31,SKU-0132,0.0,149.0
2024-04-07,SKU-0132,152.8,149.0
2024-04-14,SKU-0132,129.8,149.0
2024-04-21,SKU-0132,70.8,149.0
2024-04-28,SKU-0132,30.8,149.0
2024-05-05,SKU-0132,0.0,149.0
2024-05-12,SKU-0132,0.0,149.0
2024-05-19,SKU-0132,0.0,149.0
2024-05-26,SKU-0132,167.8,149.0
2024-06-02,SKU-0132,117.8,149.0
2024-06-09,SKU-0132,57.8,149.0
2024-06-16,SKU-0132,0.0,149.0
2024-06-23,SKU-0132,156.8,149.0
2024-06-30,SKU-0132,125.8,149.0
2024-07-07,SKU-0132,21.8,149.0
2024-07-14,SKU-0132,0.0,149.0
2024-07-21,SKU-0132,0.0,149.0
2024-07-28,SKU-0132,156.8,149.0
2024-08-04,SKU-0132,106.8,149.0
2024-08-11,SKU-0132,17.8,149.0
2024-08-18,SKU-0132,0.0,149.0
2024-08-25,SKU-0132,0.0,149.0
2024-09-01,SKU-0132,0.0,149.0
2024-09-08,SKU-0132,162.8,149.0
2024-09-15,SKU-0132,108.8,149.0
2024-09-22,SKU-0132,84.8,149.0
2024-09-29,SKU-0132,46.8,149.0
2024-10-06,SKU-0132,0.0,149.0
2024-10-13,SKU-0132,0.0,149.0
2024-10-20,SKU-0132,0.0,149.0
2024-10-27,SKU-0132,0.0,149.0
2024-11-03,SKU-0132,0.0,149.0
2024-11-10,SKU-0132,167.8,149.0
2024-11-17,SKU-0132,113.8,149.0
2024-11-24,SKU-0132,26.8,149.0
2024-12-01,SKU-0132,0.0,149.0
2024-12-08,SKU-0132,0.0,149.0
2024-12-15,SKU-0132,127.8,149.0
2024-12-22,SKU-0132,48.8,149.0
2024-12-29,SKU-0132,4.8,149.0
2025-01-05,SKU-0132,0.0,149.0
2025-01-12,SKU-0132,0.0,149.0
2025-01-19,SKU-0132,168.8,149.0
2025-01-26,SKU-0132,135.8,149.0
2025-02-02,SKU-0132,85.8,149.0
2025-02-09,SKU-0132,8.8,149.0
2025-02-16,SKU-0132,0.0,149.0
2025-02-23,SKU-0132,0.0,149.0
2025-03-02,SKU-0132,182.8,149.0
2025-03-09,SKU-0132,164.8,149.0
2025-03-16,SKU-0132,74.8,149.0
2025-03-23,SKU-0132,2.8,149.0
2025-03-30,SKU-0132,0.0,149.0
2025-04-06,SKU-0132,0.0,149.0
2025-04-13,SKU-0132,0.0,149.0
2025-04-20,SKU-0132,0.0,149.0
2025-04-27,SKU-0132,137.8,149.0
2025-05-04,SKU-0132,99.8,149.0
2025-05-11,SKU-0132,80.8,149.0
2025-05-18,SKU-0132,22.8,149.0
2025-05-25,SKU-0132,157.6,149.0
2025-06-01,SKU-0132,73.6,149.0
2025-06-08,SKU-0132,0.0,149.0
2025-06-15,SKU-0132,0.0,149.0
2025-06-22,SKU-0132,0.0,149.0
2025-06-29,SKU-0132,151.8,149.0
2025-07-06,SKU-0132,101.8,149.0
2025-07-13,SKU-0132,0.0,149.0
2025-07-20,SKU-0132,0.0,149.0
2025-07-27,SKU-0132,0.0,149.0
2025-08-03,SKU-0132,0.0,149.0
2025-08-10,SKU-0132,173.8,149.0
2025-08-17,SKU-0132,142.8,149.0
2025-08-24,SKU-0132,53.8,149.0
2025-08-31,SKU-0132,0.0,149.0
2025-09-07,SKU-0132,0.0,149.0
2025-09-14,SKU-0132,152.8,149.0
2025-09-21,SKU-0132,77.8,149.0
2025-09-28,SKU-0132,24.8,149.0
2025-10-05,SKU-0132,0.0,149.0
2025-10-12,SKU-0132,0.0,149.0
2025-10-19,SKU-0132,0.0,149.0
2025-10-26,SKU-0132,143.8,149.0
2025-11-02,SKU-0132,100.8,149.0
2025-11-09,SKU-0132,27.8,149.0
2025-11-16,SKU-0132,0.0,149.0
2025-11-23,SKU-0132,0.0,149.0
2025-11-30,SKU-0132,171.8,149.0
2025-12-07,SKU-0132,107.8,149.0
2025-12-14,SKU-0132,29.8,149.0
2025-12-21,SKU-0132,0.0,149.0
2025-12-28,SKU-0132,0.0,149.0
2024-01-07,SKU-0133,298.8,146.0
2024-01-14,SKU-0133,265.8,146.0
2024-01-21,SKU-0133,199.8,146.0
2024-01-28,SKU-0133,159.8,146.0
2024-02-04,SKU-0133,94.8,146.0
2024-02-11,SKU-0133,52.8,146.0
2024-02-18,SKU-0133,8.8,146.0
2024-02-25,SKU-0133,0.0,146.0
2024-03-03,SKU-0133,0.0,146.0
2024-03-10,SKU-0133,146.8,146.0
2024-03-17,SKU-0133,105.8,146.0
2024-03-24,SKU-0133,38.8,146.0
2024-03-31,SKU-0133,10.8,146.0
2024-04-07,SKU-0133,0.0,146.0
2024-04-14,SKU-0133,130.8,146.0
2024-04-21,SKU-0133,96.8,146.0
2024-04-28,SKU-0133,64.8,146.0
2024-05-05,SKU-0133,40.8,146.0
2024-05-12,SKU-0133,200.6,146.0
2024-05-19,SKU-0133,144.6,146.0
2024-05-26,SKU-0133,82.6,146.0
2024-06-02,SKU-0133,56.6,146.0
2024-06-09,SKU-0133,198.4,146.0
2024-06-16,SKU-0133,163.4,146.0
2024-06-23,SKU-0133,126.4,146.0
2024-06-30,SKU-0133,69.4,146.0
2024-07-07,SKU-0133,221.2,146.0
2024-07-14,SKU-0133,171.2,146.0
2024-07-21,SKU-0133,115.2,146.0
2024-07-28,SKU-0133,59.2,146.0
2024-08-04,SKU-0133,201.0,146.0
2024-08-11,SKU-0133,139.0,146.0
2024-08-18,SKU-0133,99.0,146.0
2024-08-25,SKU-0133,64.0,146.0
2024-09-01,SKU-0133,27.0,146.0
2024-09-08,SKU-0133,0.0,146.0
2024-09-15,SKU-0133,157.8,146.0
2024-09-22,SKU-0133,105.8,146.0
2024-09-29,SKU-0133,59.8,146.0
2024-10-06,SKU-0133,0.0,146.0
2024-10-13,SKU-0133,0.0,146.0
2024-10-20,SKU-0133,0.0,146.0
2024-10-27,SKU-0133,129.8,146.0
2024-11-03,SKU-0133,0.0,146.0
2024-11-10,SKU-0133,0.0,146.0
2024-11-17,SKU-0133,0.0,146.0
2024-11-24,SKU-0133,0.0,146.0
2024-12-01,SKU-0133,141.8,146.0
2024-12-08,SKU-0133,76.8,146.0
2024-12-15,SKU-0133,0.0,146.0
2024-12-22,SKU-0133,0.0,146.0
2024-12-29,SKU-0133,141.8,146.0
2025-01-05,SKU-0133,108.8,146.0
2025-01-12,SKU-0133,65.8,146.0
2025-01-19,SKU-0133,6.8,146.0
2025-01-26,SKU-0133,151.6,146.0
2025-02-02,SKU-0133,102.6,146.0
2025-02-09,SKU-0133,48.6,146.0
2025-02-16,SKU-0133,8.6,146.0
2025-02-23,SKU-0133,0.0,146.0
2025-03-02,SKU-0133,0.0,146.0
2025-03-09,SKU-0133,142.8,146.0
2025-03-16,SKU-0133,107.8,146.0
2025-03-23,SKU-0133,69.8,146.0
2025-03-30,SKU-0133,224.6,146.0
2025-04-06,SKU-0133,174.6,146.0
2025-04-13,SKU-0133,118.6,146.0
2025-04-20,SKU-0133,90.6,146.0
2025-04-27,SKU-0133,54.6,146.0
2025-05-04,SKU-0133,208.4,146.0
2025-05-11,SKU-0133,174.4,146.0
2025-05-18,SKU-0133,149.4,146.0
2025-05-25,SKU-0133,118.4,146.0
2025-06-01,SKU-0133,51.4,146.0
2025-06-08,SKU-0133,215.2,146.0
2025-06-15,SKU-0133,136.2,146.0
2025-06-22,SKU-0133,88.2,146.0
2025-06-29,SKU-0133,38.2,146.0
2025-07-06,SKU-0133,0.0,146.0
2025-07-13,SKU-0133,107.8,146.0
2025-07-20,SKU-0133,75.8,146.0
2025-07-27,SKU-0133,10.8,146.0
2025-08-03,SKU-0133,147.6,146.0
2025-08-10,SKU-0133,109.6,146.0
2025-08-17,SKU-0133,261.4,146.0
2025-08-24,SKU-0133,225.4,146.0
2025-08-31,SKU-0133,143.4,146.0
2025-09-07,SKU-0133,29.4,146.0
2025-09-14,SKU-0133,0.0,146.0
2025-09-21,SKU-0133,156.8,146.0
2025-09-28,SKU-0133,110.8,146.0
2025-10-05,SKU-0133,71.8,146.0
2025-10-12,SKU-0133,0.0,146.0
2025-10-19,SKU-0133,138.8,146.0
2025-10-26,SKU-0133,90.8,146.0
2025-11-02,SKU-0133,53.8,146.0
2025-11-09,SKU-0133,15.8,146.0
2025-11-16,SKU-0133,0.0,146.0
2025-11-23,SKU-0133,160.8,146.0
2025-11-30,SKU-0133,78.8,146.0
2025-12-07,SKU-0133,27.8,146.0
2025-12-14,SKU-0133,0.0,146.0
2025-12-21,SKU-0133,0.0,146.0
2025-12-28,SKU-0133,0.0,146.0
2024-01-07,SKU-0134,727.0,360.0
2024-01-14,SKU-0134,670.0,360.0
2024-01-21,SKU-0134,611.0,360.0
2024-01-28,SKU-0134,542.0,360.0
2024-02-04,SKU-0134,450.0,360.0
2024-02-11,SKU-0134,310.0,360.0
2024-02-18,SKU-0134,237.0,360.0
2024-02-25,SKU-0134,37.0,360.0
2024-03-03,SKU-0134,0.0,360.0
2024-03-10,SKU-0134,0.0,360.0
2024-03-17,SKU-0134,0.0,360.0
2024-03-24,SKU-0134,419.0,360.0
2024-03-31,SKU-0134,190.0,360.0
2024-04-07,SKU-0134,24.0,360.0
2024-04-14,SKU-0134,0.0,360.0
2024-04-21,SKU-0134,0.0,360.0
2024-04-28,SKU-0134,0.0,360.0
2024-05-05,SKU-0134,0.0,360.0
2024-05-12,SKU-0134,0.0,360.0
2024-05-19,SKU-0134,0.0,360.0
2024-05-26,SKU-0134,0.0,360.0
2024-06-02,SKU-0134,0.0,360.0
2024-06-09,SKU-0134,0.0,360.0
2024-06-16,SKU-0134,0.0,360.0
2024-06-23,SKU-0134,0.0,360.0
2024-06-30,SKU-0134,0.0,360.0
2024-07-07,SKU-0134,391.0,360.0
2024-07-14,SKU-0134,361.0,360.0
2024-07-21,SKU-0134,244.0,360.0
2024-07-28,SKU-0134,198.0,360.0
2024-08-04,SKU-0134,588.0,360.0
2024-08-11,SKU-0134,146.0,360.0
2024-08-18,SKU-0134,0.0,360.0
2024-08-25,SKU-0134,0.0,360.0
2024-09-01,SKU-0134,362.0,360.0
2024-09-08,SKU-0134,231.0,360.0
2024-09-15,SKU-0134,0.0,360.0
2024-09-22,SKU-0134,0.0,360.0
2024-09-29,SKU-0134,0.0,360.0
2024-10-06,SKU-0134,0.0,360.0
2024-10-13,SKU-0134,337.0,360.0
2024-10-20,SKU-0134,183.0,360.0
2024-10-27,SKU-0134,148.0,360.0
2024-11-03,SKU-0134,0.0,360.0
2024-11-10,SKU-0134,376.0,360.0
2024-11-17,SKU-0134,0.0,360.0
2024-11-24,SKU-0134,0.0,360.0
2024-12-01,SKU-0134,0.0,360.0
2024-12-08,SKU-0134,0.0,360.0
2024-12-15,SKU-0134,0.0,360.0
2024-12-22,SKU-0134,339.0,360.0
2024-12-29,SKU-0134,180.0,360.0
2025-01-05,SKU-0134,152.0,360.0
2025-01-12,SKU-0134,0.0,360.0
2025-01-19,SKU-0134,0.0,360.0
2025-01-26,SKU-0134,0.0,360.0
2025-02-02,SKU-0134,0.0,360.0
2025-02-09,SKU-0134,440.0,360.0
2025-02-16,SKU-0134,343.0,360.0
2025-02-23,SKU-0134,268.0,360.0
2025-03-02,SKU-0134,189.0,360.0
2025-03-09,SKU-0134,147.0,360.0
2025-03-16,SKU-0134,96.0,360.0
2025-03-23,SKU-0134,492.0,360.0
2025-03-30,SKU-0134,446.0,360.0
2025-04-06,SKU-0134,370.0,360.0
2025-04-13,SKU-0134,325.0,360.0
2025-04-20,SKU-0134,196.0,360.0
2025-04-27,SKU-0134,325.0,360.0
2025-05-04,SKU-0134,197.0,360.0
2025-05-11,SKU-0134,105.0,360.0
2025-05-18,SKU-0134,65.0,360.0
2025-05-25,SKU-0134,3.0,360.0
2025-06-01,SKU-0134,0.0,360.0
2025-06-08,SKU-0134,0.0,360.0
2025-06-15,SKU-0134,0.0,360.0
2025-06-22,SKU-0134,0.0,360.0
2025-06-29,SKU-0134,432.0,360.0
2025-07-06,SKU-0134,309.0,360.0
2025-07-13,SKU-0134,258.0,360.0
2025-07-20,SKU-0134,95.0,360.0
2025-07-27,SKU-0134,472.0,360.0
2025-08-03,SKU-0134,419.0,360.0
2025-08-10,SKU-0134,99.0,360.0
2025-08-17,SKU-0134,80.0,360.0
2025-08-24,SKU-0134,485.0,360.0
2025-08-31,SKU-0134,447.0,360.0
2025-09-07,SKU-0134,367.0,360.0
2025-09-14,SKU-0134,224.0,360.0
2025-09-21,SKU-0134,0.0,360.0
2025-09-28,SKU-0134,0.0,360.0
2025-10-05,SKU-0134,0.0,360.0
2025-10-12,SKU-0134,0.0,360.0
2025-10-19,SKU-0134,0.0,360.0
2025-10-26,SKU-0134,381.0,360.0
2025-11-02,SKU-0134,165.0,360.0
2025-11-09,SKU-0134,8.0,360.0
2025-11-16,SKU-0134,285.0,360.0
2025-11-23,SKU-0134,187.0,360.0
2025-11-30,SKU-0134,0.0,360.0
2025-12-07,SKU-0134,367.0,360.0
2025-12-14,SKU-0134,299.0,360.0
2025-12-21,SKU-0134,254.0,360.0
2025-12-28,SKU-0134,227.0,360.0
2024-01-07,SKU-0135,271.0,124.0
2024-01-14,SKU-0135,247.0,124.0
2024-01-21,SKU-0135,213.0,124.0
2024-01-28,SKU-0135,192.0,124.0
2024-02-04,SKU-0135,176.0,124.0
2024-02-11,SKU-0135,139.0,124.0
2024-02-18,SKU-0135,100.0,124.0
2024-02-25,SKU-0135,60.0,124.0
2024-03-03,SKU-0135,19.0,124.0
2024-03-10,SKU-0135,0.0,124.0
2024-03-17,SKU-0135,0.0,124.0
2024-03-24,SKU-0135,0.0,124.0
2024-03-31,SKU-0135,111.0,124.0
2024-04-07,SKU-0135,81.0,124.0
2024-04-14,SKU-0135,61.0,124.0
2024-04-21,SKU-0135,0.0,124.0
2024-04-28,SKU-0135,0.0,124.0
2024-05-05,SKU-0135,0.0,124.0
2024-05-12,SKU-0135,0.0,124.0
2024-05-19,SKU-0135,143.0,124.0
2024-05-26,SKU-0135,82.0,124.0
2024-06-02,SKU-0135,57.0,124.0
2024-06-09,SKU-0135,30.0,124.0
2024-06-16,SKU-0135,0.0,124.0
2024-06-23,SKU-0135,0.0,124.0
2024-06-30,SKU-0135,0.0,124.0
2024-07-07,SKU-0135,0.0,124.0
2024-07-14,SKU-0135,0.0,124.0
2024-07-21,SKU-0135,127.0,124.0
2024-07-28,SKU-0135,76.0,124.0
2024-08-04,SKU-0135,62.0,124.0
2024-08-11,SKU-0135,0.0,124.0
2024-08-18,SKU-0135,0.0,124.0
2024-08-25,SKU-0135,0.0,124.0
2024-09-01,SKU-0135,0.0,124.0
2024-09-08,SKU-0135,0.0,124.0
2024-09-15,SKU-0135,92.0,124.0
2024-09-22,SKU-0135,66.0,124.0
2024-09-29,SKU-0135,29.0,124.0
2024-10-06,SKU-0135,0.0,124.0
2024-10-13,SKU-0135,0.0,124.0
2024-10-20,SKU-0135,0.0,124.0
2024-10-27,SKU-0135,100.0,124.0
2024-11-03,SKU-0135,0.0,124.0
2024-11-10,SKU-0135,0.0,124.0
2024-11-17,SKU-0135,0.0,124.0
2024-11-24,SKU-0135,0.0,124.0
2024-12-01,SKU-0135,0.0,124.0
2024-12-08,SKU-0135,0.0,124.0
2024-12-15,SKU-0135,139.0,124.0
2024-12-22,SKU-0135,83.0,124.0
2024-12-29,SKU-0135,46.0,124.0
2025-01-05,SKU-0135,0.0,124.0
2025-01-12,SKU-0135,0.0,124.0
2025-01-19,SKU-0135,0.0,124.0
2025-01-26,SKU-0135,0.0,124.0
2025-02-02,SKU-0135,0.0,124.0
2025-02-09,SKU-0135,150.0,124.0
2025-02-16,SKU-0135,88.0,124.0
2025-02-23,SKU-0135,50.0,124.0
2025-03-02,SKU-0135,15.0,124.0
2025-03-09,SKU-0135,0.0,124.0
2025-03-16,SKU-0135,0.0,124.0
2025-03-23,SKU-0135,0.0,124.0
2025-03-30,SKU-0135,0.0,124.0
2025-04-06,SKU-0135,0.0,124.0
2025-04-13,SKU-0135,0.0,124.0
2025-04-20,SKU-0135,134.0,124.0
2025-04-27,SKU-0135,104.0,124.0
2025-05-04,SKU-0135,62.0,124.0
2025-05-11,SKU-0135,42.0,124.0
2025-05-18,SKU-0135,0.0,124.0
2025-05-25,SKU-0135,0.0,124.0
2025-06-01,SKU-0135,0.0,124.0
2025-06-08,SKU-0135,138.0,124.0
2025-06-15,SKU-0135,95.0,124.0
2025-06-22,SKU-0135,60.0,124.0
2025-06-29,SKU-0135,11.0,124.0
2025-07-06,SKU-0135,0.0,124.0
2025-07-13,SKU-0135,0.0,124.0
2025-07-20,SKU-0135,0.0,124.0
2025-07-27,SKU-0135,0.0,124.0
2025-08-03,SKU-0135,0.0,124.0
2025-08-10,SKU-0135,126.0,124.0
2025-08-17,SKU-0135,92.0,124.0
2025-08-24,SKU-0135,76.0,124.0
2025-08-31,SKU-0135,44.0,124.0
2025-09-07,SKU-0135,2.0,124.0
2025-09-14,SKU-0135,0.0,124.0
2025-09-21,SKU-0135,0.0,124.0
2025-09-28,SKU-0135,72.0,124.0
2025-10-05,SKU-0135,57.0,124.0
2025-10-12,SKU-0135,0.0,124.0
2025-10-19,SKU-0135,0.0,124.0
2025-10-26,SKU-0135,0.0,124.0
2025-11-02,SKU-0135,0.0,124.0
2025-11-09,SKU-0135,0.0,124.0
2025-11-16,SKU-0135,85.0,124.0
2025-11-23,SKU-0135,57.0,124.0
2025-11-30,SKU-0135,5.0,124.0
2025-12-07,SKU-0135,0.0,124.0
2025-12-14,SKU-0135,137.0,124.0
2025-12-21,SKU-0135,80.0,124.0
2025-12-28,SKU-0135,57.0,124.0
2024-01-07,SKU-0136,306.2,172.0
2024-01-14,SKU-0136,263.2,172.0
2024-01-21,SKU-0136,235.2,172.0
2024-01-28,SKU-0136,140.2,172.0
2024-02-04,SKU-0136,72.2,172.0
2024-02-11,SKU-0136,0.0,172.0
2024-02-18,SKU-0136,209.2,172.0
2024-02-25,SKU-0136,179.2,172.0
2024-03-03,SKU-0136,136.2,172.0
2024-03-10,SKU-0136,117.2,172.0
2024-03-17,SKU-0136,297.4,172.0
2024-03-24,SKU-0136,250.4,172.0
2024-03-31,SKU-0136,210.4,172.0
2024-04-07,SKU-0136,164.4,172.0
2024-04-14,SKU-0136,143.4,172.0
2024-04-21,SKU-0136,76.4,172.0
2024-04-28,SKU-0136,0.0,172.0
2024-05-05,SKU-0136,205.2,172.0
2024-05-12,SKU-0136,179.2,172.0
2024-05-19,SKU-0136,129.2,172.0
2024-05-26,SKU-0136,103.2,172.0
2024-06-02,SKU-0136,72.2,172.0
2024-06-09,SKU-0136,31.2,172.0
2024-06-16,SKU-0136,7.2,172.0
2024-06-23,SKU-0136,0.0,172.0
2024-06-30,SKU-0136,144.2,172.0
2024-07-07,SKU-0136,116.2,172.0
2024-07-14,SKU-0136,266.4,172.0
2024-07-21,SKU-0136,235.4,172.0
2024-07-28,SKU-0136,164.4,172.0
2024-08-04,SKU-0136,125.4,172.0
2024-08-11,SKU-0136,103.4,172.0
2024-08-18,SKU-0136,37.4,172.0
2024-08-25,SKU-0136,0.0,172.0
2024-09-01,SKU-0136,0.0,172.0
2024-09-08,SKU-0136,59.2,172.0
2024-09-15,SKU-0136,0.0,172.0
2024-09-22,SKU-0136,0.0,172.0
2024-09-29,SKU-0136,0.0,172.0
2024-10-06,SKU-0136,185.2,172.0
2024-10-13,SKU-0136,151.2,172.0
2024-10-20,SKU-0136,79.2,172.0
2024-10-27,SKU-0136,0.0,172.0
2024-11-03,SKU-0136,0.0,172.0
2024-11-10,SKU-0136,195.2,172.0
2024-11-17,SKU-0136,106.2,172.0
2024-11-24,SKU-0136,0.0,172.0
2024-12-01,SKU-0136,0.0,172.0
2024-12-08,SKU-0136,178.2,172.0
2024-12-15,SKU-0136,138.2,172.0
2024-12-22,SKU-0136,46.2,172.0
2024-12-29,SKU-0136,18.2,172.0
2025-01-05,SKU-0136,0.0,172.0
2025-01-12,SKU-0136,191.2,172.0
2025-01-19,SKU-0136,163.2,172.0
2025-01-26,SKU-0136,121.2,172.0
2025-02-02,SKU-0136,104.2,172.0
2025-02-09,SKU-0136,82.2,172.0
2025-02-16,SKU-0136,58.2,172.0
2025-02-23,SKU-0136,0.0,172.0
2025-03-02,SKU-0136,133.2,172.0
2025-03-09,SKU-0136,94.2,172.0
2025-03-16,SKU-0136,59.2,172.0
2025-03-23,SKU-0136,41.2,172.0
2025-03-30,SKU-0136,250.4,172.0
2025-04-06,SKU-0136,199.4,172.0
2025-04-13,SKU-0136,114.4,172.0
2025-04-20,SKU-0136,77.4,172.0
2025-04-27,SKU-0136,45.4,172.0
2025-05-04,SKU-0136,10.4,172.0
2025-05-11,SKU-0136,171.6,172.0
2025-05-18,SKU-0136,74.6,172.0
2025-05-25,SKU-0136,26.6,172.0
2025-06-01,SKU-0136,0.0,172.0
2025-06-08,SKU-0136,172.2,172.0
2025-06-15,SKU-0136,136.2,172.0
2025-06-22,SKU-0136,88.2,172.0
2025-06-29,SKU-0136,0.0,172.0
2025-07-06,SKU-0136,0.0,172.0
2025-07-13,SKU-0136,208.2,172.0
2025-07-20,SKU-0136,63.2,172.0
2025-07-27,SKU-0136,0.0,172.0
2025-08-03,SKU-0136,0.0,172.0
2025-08-10,SKU-0136,190.2,172.0
2025-08-17,SKU-0136,119.2,172.0
2025-08-24,SKU-0136,18.2,172.0
2025-08-31,SKU-0136,0.2,172.0
2025-09-07,SKU-0136,0.0,172.0
2025-09-14,SKU-0136,0.0,172.0
2025-09-21,SKU-0136,0.0,172.0
2025-09-28,SKU-0136,180.2,172.0
2025-10-05,SKU-0136,161.2,172.0
2025-10-12,SKU-0136,101.2,172.0
2025-10-19,SKU-0136,65.2,172.0
2025-10-26,SKU-0136,0.0,172.0
2025-11-02,SKU-0136,0.0,172.0
2025-11-09,SKU-0136,195.2,172.0
2025-11-16,SKU-0136,0.0,172.0
2025-11-23,SKU-0136,0.0,172.0
2025-11-30,SKU-0136,0.0,172.0
2025-12-07,SKU-0136,156.2,172.0
2025-12-14,SKU-0136,121.2,172.0
2025-12-21,SKU-0136,25.2,172.0
2025-12-28,SKU-0136,0.0,172.0
2024-01-07,SKU-0137,306.6,153.0
2024-01-14,SKU-0137,271.6,153.0
2024-01-21,SKU-0137,218.6,153.0
2024-01-28,SKU-0137,196.6,153.0
2024-02-04,SKU-0137,148.6,153.0
2024-02-11,SKU-0137,104.6,153.0
2024-02-18,SKU-0137,57.6,153.0
2024-02-25,SKU-0137,14.6,153.0
2024-03-03,SKU-0137,146.2,153.0
2024-03-10,SKU-0137,77.2,153.0
2024-03-17,SKU-0137,42.2,153.0
2024-03-24,SKU-0137,0.0,153.0
2024-03-31,SKU-0137,0.0,153.0
2024-04-07,SKU-0137,164.6,153.0
2024-04-14,SKU-0137,77.6,153.0
2024-04-21,SKU-0137,44.6,153.0
2024-04-28,SKU-0137,0.0,153.0
2024-05-05,SKU-0137,0.0,153.0
2024-05-12,SKU-0137,141.6,153.0
2024-05-19,SKU-0137,70.6,153.0
2024-05-26,SKU-0137,37.6,153.0
2024-06-02,SKU-0137,0.0,153.0
2024-06-09,SKU-0137,167.6,153.0
2024-06-16,SKU-0137,86.6,153.0
2024-06-23,SKU-0137,39.6,153.0
2024-06-30,SKU-0137,2.6,153.0
2024-07-07,SKU-0137,0.0,153.0
2024-07-14,SKU-0137,131.6,153.0
2024-07-21,SKU-0137,101.6,153.0
2024-07-28,SKU-0137,37.6,153.0
2024-08-04,SKU-0137,0.0,153.0
2024-08-11,SKU-0137,0.0,153.0
2024-08-18,SKU-0137,0.0,153.0
2024-08-25,SKU-0137,164.6,153.0
2024-09-01,SKU-0137,129.6,153.0
2024-09-08,SKU-0137,99.6,153.0
2024-09-15,SKU-0137,42.6,153.0
2024-09-22,SKU-0137,12.6,153.0
2024-09-29,SKU-0137,0.0,153.0
2024-10-06,SKU-0137,163.6,153.0
2024-10-13,SKU-0137,89.6,153.0
2024-10-20,SKU-0137,68.6,153.0
2024-10-27,SKU-0137,21.6,153.0
2024-11-03,SKU-0137,0.0,153.0
2024-11-10,SKU-0137,0.0,153.0
2024-11-17,SKU-0137,140.6,153.0
2024-11-24,SKU-0137,52.6,153.0
2024-12-01,SKU-0137,0.0,153.0
2024-12-08,SKU-0137,0.0,153.0
2024-12-15,SKU-0137,0.0,153.0
2024-12-22,SKU-0137,0.0,153.0
2024-12-29,SKU-0137,136.6,153.0
2025-01-05,SKU-0137,88.6,153.0
2025-01-12,SKU-0137,25.6,153.0
2025-01-19,SKU-0137,0.0,153.0
2025-01-26,SKU-0137,0.0,153.0
2025-02-02,SKU-0137,172.6,153.0
2025-02-09,SKU-0137,87.6,153.0
2025-02-16,SKU-0137,52.6,153.0
2025-02-23,SKU-0137,33.6,153.0
2025-03-02,SKU-0137,0.0,153.0
2025-03-09,SKU-0137,152.6,153.0
2025-03-16,SKU-0137,86.6,153.0
2025-03-23,SKU-0137,35.6,153.0
2025-03-30,SKU-0137,0.0,153.0
2025-04-06,SKU-0137,0.0,153.0
2025-04-13,SKU-0137,134.6,153.0
2025-04-20,SKU-0137,107.6,153.0
2025-04-27,SKU-0137,60.6,153.0
2025-05-04,SKU-0137,7.6,153.0
2025-05-11,SKU-0137,159.2,153.0
2025-05-18,SKU-0137,86.2,153.0
2025-05-25,SKU-0137,55.2,153.0
2025-06-01,SKU-0137,0.0,153.0
2025-06-08,SKU-0137,0.0,153.0
2025-06-15,SKU-0137,0.0,153.0
2025-06-22,SKU-0137,157.6,153.0
2025-06-29,SKU-0137,109.6,153.0
2025-07-06,SKU-0137,87.6,153.0
2025-07-13,SKU-0137,39.6,153.0
2025-07-20,SKU-0137,0.6,153.0
2025-07-27,SKU-0137,165.2,153.0
2025-08-03,SKU-0137,140.2,153.0
2025-08-10,SKU-0137,85.2,153.0
2025-08-17,SKU-0137,5.2,153.0
2025-08-24,SKU-0137,0.0,153.0
2025-08-31,SKU-0137,0.0,153.0
2025-09-07,SKU-0137,145.6,153.0
2025-09-14,SKU-0137,76.6,153.0
2025-09-21,SKU-0137,45.6,153.0
2025-09-28,SKU-0137,3.6,153.0
2025-10-05,SKU-0137,0.0,153.0
2025-10-12,SKU-0137,149.6,153.0
2025-10-19,SKU-0137,105.6,153.0
2025-10-26,SKU-0137,54.6,153.0
2025-11-02,SKU-0137,0.0,153.0
2025-11-09,SKU-0137,0.0,153.0
2025-11-16,SKU-0137,124.6,153.0
2025-11-23,SKU-0137,61.6,153.0
2025-11-30,SKU-0137,0.0,153.0
2025-12-07,SKU-0137,0.0,153.0
2025-12-14,SKU-0137,0.0,153.0
2025-12-21,SKU-0137,149.6,153.0
2025-12-28,SKU-0137,62.6,153.0
2024-01-07,SKU-0138,253.2,133.0
2024-01-14,SKU-0138,205.2,133.0
2024-01-21,SKU-0138,180.2,133.0
2024-01-28,SKU-0138,148.2,133.0
2024-02-04,SKU-0138,110.2,133.0
2024-02-11,SKU-0138,28.2,133.0
2024-02-18,SKU-0138,0.0,133.0
2024-02-25,SKU-0138,0.0,133.0
2024-03-03,SKU-0138,0.0,133.0
2024-03-10,SKU-0138,156.2,133.0
2024-03-17,SKU-0138,108.2,133.0
2024-03-24,SKU-0138,98.2,133.0
2024-03-31,SKU-0138,69.2,133.0
2024-04-07,SKU-0138,28.2,133.0
2024-04-14,SKU-0138,8.2,133.0
2024-04-21,SKU-0138,172.4,133.0
2024-04-28,SKU-0138,152.4,133.0
2024-05-05,SKU-0138,104.4,133.0
2024-05-12,SKU-0138,57.4,133.0
2024-05-19,SKU-0138,11.4,133.0
2024-05-26,SKU-0138,0.0,133.0
2024-06-02,SKU-0138,0.0,133.0
2024-06-09,SKU-0138,0.0,133.0
2024-06-16,SKU-0138,146.2,133.0
2024-06-23,SKU-0138,106.2,133.0
2024-06-30,SKU-0138,9.2,133.0
2024-07-07,SKU-0138,0.0,133.0
2024-07-14,SKU-0138,0.0,133.0
2024-07-21,SKU-0138,156.2,133.0
2024-07-28,SKU-0138,140.2,133.0
2024-08-04,SKU-0138,118.2,133.0
2024-08-11,SKU-0138,45.2,133.0
2024-08-18,SKU-0138,0.0,133.0
2024-08-25,SKU-0138,0.0,133.0
2024-09-01,SKU-0138,0.0,133.0
2024-09-08,SKU-0138,146.2,133.0
2024-09-15,SKU-0138,111.2,133.0
2024-09-22,SKU-0138,68.2,133.0
2024-09-29,SKU-0138,0.0,133.0
2024-10-06,SKU-0138,0.0,133.0
2024-10-13,SKU-0138,0.0,133.0
2024-10-20,SKU-0138,148.2,133.0
2024-10-27,SKU-0138,63.2,133.0
2024-11-03,SKU-0138,12.2,133.0
2024-11-10,SKU-0138,0.0,133.0
2024-11-17,SKU-0138,116.2,133.0
2024-11-24,SKU-0138,41.2,133.0
2024-12-01,SKU-0138,6.2,133.0
2024-12-08,SKU-0138,0.0,133.0
2024-12-15,SKU-0138,0.0,133.0
2024-12-22,SKU-0138,0.0,133.0
2024-12-29,SKU-0138,135.2,133.0
2025-01-05,SKU-0138,87.2,133.0
2025-01-12,SKU-0138,42.2,133.0
2025-01-19,SKU-0138,9.2,133.0
2025-01-26,SKU-0138,0.0,133.0
2025-02-02,SKU-0138,0.0,133.0
2025-02-09,SKU-0138,124.2,133.0
2025-02-16,SKU-0138,70.2,133.0
2025-02-23,SKU-0138,44.2,133.0
2025-03-02,SKU-0138,20.2,133.0
2025-03-09,SKU-0138,0.0,133.0
2025-03-16,SKU-0138,0.0,133.0
2025-03-23,SKU-0138,108.2,133.0
2025-03-30,SKU-0138,53.2,133.0
2025-04-06,SKU-0138,0.0,133.0
2025-04-13,SKU-0138,0.0,133.0
2025-04-20,SKU-0138,155.2,133.0
2025-04-27,SKU-0138,108.2,133.0
2025-05-04,SKU-0138,72.2,133.0
2025-05-11,SKU-0138,19.2,133.0
2025-05-18,SKU-0138,159.4,133.0
2025-05-25,SKU-0138,106.4,133.0
2025-06-01,SKU-0138,75.4,133.0
2025-06-08,SKU-0138,33.4,133.0
2025-06-15,SKU-0138,0.0,133.0
2025-06-22,SKU-0138,0.0,133.0
2025-06-29,SKU-0138,154.2,133.0
2025-07-06,SKU-0138,108.2,133.0
2025-07-13,SKU-0138,63.2,133.0
2025-07-20,SKU-0138,19.2,133.0
2025-07-27,SKU-0138,0.0,133.0
2025-08-03,SKU-0138,0.0,133.0
2025-08-10,SKU-0138,143.2,133.0
2025-08-17,SKU-0138,91.2,133.0
2025-08-24,SKU-0138,12.2,133.0
2025-08-31,SKU-0138,0.0,133.0
2025-09-07,SKU-0138,0.0,133.0
2025-09-14,SKU-0138,0.0,133.0
2025-09-21,SKU-0138,0.0,133.0
2025-09-28,SKU-0138,149.2,133.0
2025-10-05,SKU-0138,89.2,133.0
2025-10-12,SKU-0138,49.2,133.0
2025-10-19,SKU-0138,0.0,133.0
2025-10-26,SKU-0138,0.0,133.0
2025-11-02,SKU-0138,0.0,133.0
2025-11-09,SKU-0138,98.2,133.0
2025-11-16,SKU-0138,44.2,133.0
2025-11-23,SKU-0138,10.2,133.0
2025-11-30,SKU-0138,0.0,133.0
2025-12-07,SKU-0138,0.0,133.0
2025-12-14,SKU-0138,0.0,133.0
2025-12-21,SKU-0138,88.2,133.0
2025-12-28,SKU-0138,54.2,133.0
2024-01-07,SKU-0139,414.6,199.0
2024-01-14,SKU-0139,377.6,199.0
2024-01-21,SKU-0139,331.6,199.0
2024-01-28,SKU-0139,301.6,199.0
2024-02-04,SKU-0139,268.6,199.0
2024-02-11,SKU-0139,168.6,199.0
2024-02-18,SKU-0139,143.6,199.0
2024-02-25,SKU-0139,72.6,199.0
2024-03-03,SKU-0139,24.6,199.0
2024-03-10,SKU-0139,0.0,199.0
2024-03-17,SKU-0139,0.0,199.0
2024-03-24,SKU-0139,0.0,199.0
2024-03-31,SKU-0139,0.0,199.0
2024-04-07,SKU-0139,92.6,199.0
2024-04-14,SKU-0139,12.6,199.0
2024-04-21,SKU-0139,0.0,199.0
2024-04-28,SKU-0139,0.0,199.0
2024-05-05,SKU-0139,0.0,199.0
2024-05-12,SKU-0139,0.0,199.0
2024-05-19,SKU-0139,224.6,199.0
2024-05-26,SKU-0139,36.6,199.0
2024-06-02,SKU-0139,0.0,199.0
2024-06-09,SKU-0139,0.0,199.0
2024-06-16,SKU-0139,230.6,199.0
2024-06-23,SKU-0139,175.6,199.0
2024-06-30,SKU-0139,132.6,199.0
2024-07-07,SKU-0139,110.6,199.0
2024-07-14,SKU-0139,5.6,199.0
2024-07-21,SKU-0139,197.2,199.0
2024-07-28,SKU-0139,55.2,199.0
2024-08-04,SKU-0139,0.0,199.0
2024-08-11,SKU-0139,0.0,199.0
2024-08-18,SKU-0139,165.6,199.0
2024-08-25,SKU-0139,107.6,199.0
2024-09-01,SKU-0139,0.0,199.0
2024-09-08,SKU-0139,0.0,199.0
2024-09-15,SKU-0139,0.0,199.0
2024-09-22,SKU-0139,242.6,199.0
2024-09-29,SKU-0139,194.6,199.0
2024-10-06,SKU-0139,116.6,199.0
2024-10-13,SKU-0139,47.6,199.0
2024-10-20,SKU-0139,0.0,199.0
2024-10-27,SKU-0139,143.6,199.0
2024-11-03,SKU-0139,0.0,199.0
2024-11-10,SKU-0139,0.0,199.0
2024-11-17,SKU-0139,0.0,199.0
2024-11-24,SKU-0139,0.0,199.0
2024-12-01,SKU-0139,32.6,199.0
2024-12-08,SKU-0139,0.0,199.0
2024-12-15,SKU-0139,0.0,199.0
2024-12-22,SKU-0139,0.0,199.0
2024-12-29,SKU-0139,0.0,199.0
2025-01-05,SKU-0139,0.0,199.0
2025-01-12,SKU-0139,179.6,199.0
2025-01-19,SKU-0139,83.6,199.0
2025-01-26,SKU-0139,37.6,199.0
2025-02-02,SKU-0139,212.2,199.0
2025-02-09,SKU-0139,179.2,199.0
2025-02-16,SKU-0139,152.2,199.0
2025-02-23,SKU-0139,132.2,199.0
2025-03-02,SKU-0139,84.2,199.0
2025-03-09,SKU-0139,283.8,199.0
2025-03-16,SKU-0139,226.8,199.0
2025-03-23,SKU-0139,201.8,199.0
2025-03-30,SKU-0139,147.8,199.0
2025-04-06,SKU-0139,72.8,199.0
2025-04-13,SKU-0139,2.8,199.0
2025-04-20,SKU-0139,0.0,199.0
2025-04-27,SKU-0139,0.0,199.0
2025-05-04,SKU-0139,0.0,199.0
2025-05-11,SKU-0139,0.0,199.0
2025-05-18,SKU-0139,205.6,199.0
2025-05-25,SKU-0139,163.6,199.0
2025-06-01,SKU-0139,104.6,199.0
2025-06-08,SKU-0139,77.6,199.0
2025-06-15,SKU-0139,35.6,199.0
2025-06-22,SKU-0139,0.0,199.0
2025-06-29,SKU-0139,0.0,199.0
2025-07-06,SKU-0139,0.0,199.0
2025-07-13,SKU-0139,195.6,199.0
2025-07-20,SKU-0139,119.6,199.0
2025-07-27,SKU-0139,8.6,199.0
2025-08-03,SKU-0139,0.0,199.0
2025-08-10,SKU-0139,0.0,199.0
2025-08-17,SKU-0139,0.0,199.0
2025-08-24,SKU-0139,0.0,199.0
2025-08-31,SKU-0139,204.6,199.0
2025-09-07,SKU-0139,138.6,199.0
2025-09-14,SKU-0139,105.6,199.0
2025-09-21,SKU-0139,18.6,199.0
2025-09-28,SKU-0139,0.0,199.0
2025-10-05,SKU-0139,0.0,199.0
2025-10-12,SKU-0139,218.6,199.0
2025-10-19,SKU-0139,179.6,199.0
2025-10-26,SKU-0139,93.6,199.0
2025-11-02,SKU-0139,12.6,199.0
2025-11-09,SKU-0139,0.0,199.0
2025-11-16,SKU-0139,0.0,199.0
2025-11-23,SKU-0139,0.0,199.0
2025-11-30,SKU-0139,199.6,199.0
2025-12-07,SKU-0139,152.6,199.0
2025-12-14,SKU-0139,112.6,199.0
2025-12-21,SKU-0139,29.6,199.0
2025-12-28,SKU-0139,0.0,199.0
2024-01-07,SKU-0140,497.0,244.0
2024-01-14,SKU-0140,422.0,244.0
2024-01-21,SKU-0140,349.0,244.0
2024-01-28,SKU-0140,300.0,244.0
2024-02-04,SKU-0140,228.0,244.0
2024-02-11,SKU-0140,493.0,244.0
2024-02-18,SKU-0140,468.0,244.0
2024-02-25,SKU-0140,417.0,244.0
2024-03-03,SKU-0140,310.0,244.0
2024-03-10,SKU-0140,231.0,244.0
2024-03-17,SKU-0140,175.0,244.0
2024-03-24,SKU-0140,121.0,244.0
2024-03-31,SKU-0140,368.0,244.0
2024-04-07,SKU-0140,307.0,244.0
2024-04-14,SKU-0140,269.0,244.0
2024-04-21,SKU-0140,228.0,244.0
2024-04-28,SKU-0140,41.0,244.0
2024-05-05,SKU-0140,0.0,244.0
2024-05-12,SKU-0140,0.0,244.0
2024-05-19,SKU-0140,0.0,244.0
2024-05-26,SKU-0140,0.0,244.0
2024-06-02,SKU-0140,226.0,244.0
2024-06-09,SKU-0140,148.0,244.0
2024-06-16,SKU-0140,84.0,244.0
2024-06-23,SKU-0140,15.0,244.0
2024-06-30,SKU-0140,0.0,244.0
2024-07-07,SKU-0140,181.0,244.0
2024-07-14,SKU-0140,32.0,244.0
2024-07-21,SKU-0140,0.0,244.0
2024-07-28,SKU-0140,176.0,244.0
2024-08-04,SKU-0140,114.0,244.0
2024-08-11,SKU-0140,385.0,244.0
2024-08-18,SKU-0140,355.0,244.0
2024-08-25,SKU-0140,247.0,244.0
2024-09-01,SKU-0140,155.0,244.0
2024-09-08,SKU-0140,108.0,244.0
2024-09-15,SKU-0140,11.0,244.0
2024-09-22,SKU-0140,0.0,244.0
2024-09-29,SKU-0140,0.0,244.0
2024-10-06,SKU-0140,201.0,244.0
2024-10-13,SKU-0140,94.0,244.0
2024-10-20,SKU-0140,13.0,244.0
2024-10-27,SKU-0140,0.0,244.0
2024-11-03,SKU-0140,0.0,244.0
2024-11-10,SKU-0140,263.0,244.0
2024-11-17,SKU-0140,149.0,244.0
2024-11-24,SKU-0140,3.0,244.0
2024-12-01,SKU-0140,0.0,244.0
2024-12-08,SKU-0140,275.0,244.0
2024-12-15,SKU-0140,158.0,244.0
2024-12-22,SKU-0140,72.0,244.0
2024-12-29,SKU-0140,0.0,244.0
2025-01-05,SKU-0140,0.0,244.0
2025-01-12,SKU-0140,0.0,244.0
2025-01-19,SKU-0140,0.0,244.0
2025-01-26,SKU-0140,0.0,244.0
2025-02-02,SKU-0140,0.0,244.0
2025-02-09,SKU-0140,247.0,244.0
2025-02-16,SKU-0140,197.0,244.0
2025-02-23,SKU-0140,150.0,244.0
2025-03-02,SKU-0140,82.0,244.0
2025-03-09,SKU-0140,0.0,244.0
2025-03-16,SKU-0140,280.0,244.0
2025-03-23,SKU-0140,167.0,244.0
2025-03-30,SKU-0140,113.0,244.0
2025-04-06,SKU-0140,28.0,244.0
2025-04-13,SKU-0140,0.0,244.0
2025-04-20,SKU-0140,265.0,244.0
2025-04-27,SKU-0140,185.0,244.0
2025-05-04,SKU-0140,87.0,244.0
2025-05-11,SKU-0140,0.0,244.0
2025-05-18,SKU-0140,0.0,244.0
2025-05-25,SKU-0140,0.0,244.0
2025-06-01,SKU-0140,248.0,244.0
2025-06-08,SKU-0140,165.0,244.0
2025-06-15,SKU-0140,102.0,244.0
2025-06-22,SKU-0140,66.0,244.0
2025-06-29,SKU-0140,0.0,244.0
2025-07-06,SKU-0140,251.0,244.0
2025-07-13,SKU-0140,31.0,244.0
2025-07-20,SKU-0140,0.0,244.0
2025-07-27,SKU-0140,0.0,244.0
2025-08-03,SKU-0140,0.0,244.0
2025-08-10,SKU-0140,265.0,244.0
2025-08-17,SKU-0140,171.0,244.0
2025-08-24,SKU-0140,434.0,244.0
2025-08-31,SKU-0140,338.0,244.0
2025-09-07,SKU-0140,276.0,244.0
2025-09-14,SKU-0140,213.0,244.0
2025-09-21,SKU-0140,130.0,244.0
2025-09-28,SKU-0140,49.0,244.0
2025-10-05,SKU-0140,2.0,244.0
2025-10-12,SKU-0140,0.0,244.0
2025-10-19,SKU-0140,0.0,244.0
2025-10-26,SKU-0140,0.0,244.0
2025-11-02,SKU-0140,0.0,244.0
2025-11-09,SKU-0140,0.0,244.0
2025-11-16,SKU-0140,0.0,244.0
2025-11-23,SKU-0140,202.0,244.0
2025-11-30,SKU-0140,122.0,244.0
2025-12-07,SKU-0140,20.0,244.0
2025-12-14,SKU-0140,0.0,244.0
2025-12-21,SKU-0140,0.0,244.0
2025-12-28,SKU-0140,0.0,244.0
2024-01-07,SKU-0141,752.4,354.0
2024-01-14,SKU-0141,660.4,354.0
2024-01-21,SKU-0141,543.4,354.0
2024-01-28,SKU-0141,365.4,354.0
2024-02-04,SKU-0141,300.4,354.0
2024-02-11,SKU-0141,232.4,354.0
2024-02-18,SKU-0141,185.4,354.0
2024-02-25,SKU-0141,77.4,354.0
2024-03-03,SKU-0141,0.0,354.0
2024-03-10,SKU-0141,0.0,354.0
2024-03-17,SKU-0141,320.4,354.0
2024-03-24,SKU-0141,253.4,354.0
2024-03-31,SKU-0141,184.4,354.0
2024-04-07,SKU-0141,0.0,354.0
2024-04-14,SKU-0141,0.0,354.0
2024-04-21,SKU-0141,371.4,354.0
2024-04-28,SKU-0141,318.4,354.0
2024-05-05,SKU-0141,206.4,354.0
2024-05-12,SKU-0141,156.4,354.0
2024-05-19,SKU-0141,24.4,354.0
2024-05-26,SKU-0141,0.0,354.0
2024-06-02,SKU-0141,414.4,354.0
2024-06-09,SKU-0141,320.4,354.0
2024-06-16,SKU-0141,0.0,354.0
2024-06-23,SKU-0141,0.0,354.0
2024-06-30,SKU-0141,0.0,354.0
2024-07-07,SKU-0141,0.0,354.0
2024-07-14,SKU-0141,0.0,354.0
2024-07-21,SKU-0141,432.4,354.0
2024-07-28,SKU-0141,362.4,354.0
2024-08-04,SKU-0141,247.4,354.0
2024-08-11,SKU-0141,0.0,354.0
2024-08-18,SKU-0141,0.0,354.0
2024-08-25,SKU-0141,0.0,354.0
2024-09-01,SKU-0141,0.0,354.0
2024-09-08,SKU-0141,437.4,354.0
2024-09-15,SKU-0141,290.4,354.0
2024-09-22,SKU-0141,0.0,354.0
2024-09-29,SKU-0141,0.0,354.0
2024-10-06,SKU-0141,0.0,354.0
2024-10-13,SKU-0141,0.0,354.0
2024-10-20,SKU-0141,0.0,354.0
2024-10-27,SKU-0141,0.0,354.0
2024-11-03,SKU-0141,325.4,354.0
2024-11-10,SKU-0141,232.4,354.0
2024-11-17,SKU-0141,99.4,354.0
2024-11-24,SKU-0141,0.0,354.0
2024-12-01,SKU-0141,0.0,354.0
2024-12-08,SKU-0141,0.0,354.0
2024-12-15,SKU-0141,389.4,354.0
2024-12-22,SKU-0141,83.4,354.0
2024-12-29,SKU-0141,14.4,354.0
2025-01-05,SKU-0141,0.0,354.0
2025-01-12,SKU-0141,0.0,354.0
2025-01-19,SKU-0141,0.0,354.0
2025-01-26,SKU-0141,393.4,354.0
2025-02-02,SKU-0141,280.4,354.0
2025-02-09,SKU-0141,229.4,354.0
2025-02-16,SKU-0141,123.4,354.0
2025-02-23,SKU-0141,75.4,354.0
2025-03-02,SKU-0141,0.0,354.0
2025-03-09,SKU-0141,360.4,354.0
2025-03-16,SKU-0141,297.4,354.0
2025-03-23,SKU-0141,154.4,354.0
2025-03-30,SKU-0141,88.4,354.0
2025-04-06,SKU-0141,0.0,354.0
2025-04-13,SKU-0141,0.0,354.0
2025-04-20,SKU-0141,0.0,354.0
2025-04-27,SKU-0141,311.4,354.0
2025-05-04,SKU-0141,13.4,354.0
2025-05-11,SKU-0141,0.0,354.0
2025-05-18,SKU-0141,0.0,354.0
2025-05-25,SKU-0141,0.0,354.0
2025-06-01,SKU-0141,0.0,354.0
2025-06-08,SKU-0141,0.0,354.0
2025-06-15,SKU-0141,0.0,354.0
2025-06-22,SKU-0141,382.4,354.0
2025-06-29,SKU-0141,207.4,354.0
2025-07-06,SKU-0141,87.4,354.0
2025-07-13,SKU-0141,41.4,354.0
2025-07-20,SKU-0141,0.0,354.0
2025-07-27,SKU-0141,0.0,354.0
2025-08-03,SKU-0141,0.0,354.0
2025-08-10,SKU-0141,400.4,354.0
2025-08-17,SKU-0141,295.4,354.0
2025-08-24,SKU-0141,191.4,354.0
2025-08-31,SKU-0141,18.4,354.0
2025-09-07,SKU-0141,0.0,354.0
2025-09-14,SKU-0141,0.0,354.0
2025-09-21,SKU-0141,0.0,354.0
2025-09-28,SKU-0141,0.0,354.0
2025-10-05,SKU-0141,434.4,354.0
2025-10-12,SKU-0141,262.4,354.0
2025-10-19,SKU-0141,225.4,354.0
2025-10-26,SKU-0141,0.0,354.0
2025-11-02,SKU-0141,0.0,354.0
2025-11-09,SKU-0141,0.0,354.0
2025-11-16,SKU-0141,198.4,354.0
2025-11-23,SKU-0141,0.0,354.0
2025-11-30,SKU-0141,0.0,354.0
2025-12-07,SKU-0141,0.0,354.0
2025-12-14,SKU-0141,0.0,354.0
2025-12-21,SKU-0141,409.4,354.0
2025-12-28,SKU-0141,347.4,354.0
2024-01-07,SKU-0142,240.6,132.0
2024-01-14,SKU-0142,212.6,132.0
2024-01-21,SKU-0142,137.6,132.0
2024-01-28,SKU-0142,118.6,132.0
2024-02-04,SKU-0142,97.6,132.0
2024-02-11,SKU-0142,61.6,132.0
2024-02-18,SKU-0142,6.6,132.0
2024-02-25,SKU-0142,161.2,132.0
2024-03-03,SKU-0142,134.2,132.0
2024-03-10,SKU-0142,110.2,132.0
2024-03-17,SKU-0142,21.2,132.0
2024-03-24,SKU-0142,0.0,132.0
2024-03-31,SKU-0142,0.0,132.0
2024-04-07,SKU-0142,0.0,132.0
2024-04-14,SKU-0142,0.0,132.0
2024-04-21,SKU-0142,0.0,132.0
2024-04-28,SKU-0142,0.0,132.0
2024-05-05,SKU-0142,140.6,132.0
2024-05-12,SKU-0142,127.6,132.0
2024-05-19,SKU-0142,107.6,132.0
2024-05-26,SKU-0142,95.6,132.0
2024-06-02,SKU-0142,76.6,132.0
2024-06-09,SKU-0142,237.2,132.0
2024-06-16,SKU-0142,169.2,132.0
2024-06-23,SKU-0142,136.2,132.0
2024-06-30,SKU-0142,116.2,132.0
2024-07-07,SKU-0142,11.2,132.0
2024-07-14,SKU-0142,0.0,132.0
2024-07-21,SKU-0142,84.6,132.0
2024-07-28,SKU-0142,51.6,132.0
2024-08-04,SKU-0142,11.6,132.0
2024-08-11,SKU-0142,0.0,132.0
2024-08-18,SKU-0142,0.0,132.0
2024-08-25,SKU-0142,136.6,132.0
2024-09-01,SKU-0142,46.6,132.0
2024-09-08,SKU-0142,20.6,132.0
2024-09-15,SKU-0142,0.0,132.0
2024-09-22,SKU-0142,0.0,132.0
2024-09-29,SKU-0142,0.0,132.0
2024-10-06,SKU-0142,0.0,132.0
2024-10-13,SKU-0142,126.6,132.0
2024-10-20,SKU-0142,68.6,132.0
2024-10-27,SKU-0142,20.6,132.0
2024-11-03,SKU-0142,0.0,132.0
2024-11-10,SKU-0142,0.0,132.0
2024-11-17,SKU-0142,0.0,132.0
2024-11-24,SKU-0142,142.6,132.0
2024-12-01,SKU-0142,113.6,132.0
2024-12-08,SKU-0142,43.6,132.0
2024-12-15,SKU-0142,10.6,132.0
2024-12-22,SKU-0142,0.0,132.0
2024-12-29,SKU-0142,0.0,132.0
2025-01-05,SKU-0142,122.6,132.0
2025-01-12,SKU-0142,89.6,132.0
2025-01-19,SKU-0142,69.6,132.0
2025-01-26,SKU-0142,213.2,132.0
2025-02-02,SKU-0142,171.2,132.0
2025-02-09,SKU-0142,151.2,132.0
2025-02-16,SKU-0142,129.2,132.0
2025-02-23,SKU-0142,85.2,132.0
2025-03-02,SKU-0142,55.2,132.0
2025-03-09,SKU-0142,0.0,132.0
2025-03-16,SKU-0142,0.0,132.0
2025-03-23,SKU-0142,0.0,132.0
2025-03-30,SKU-0142,152.6,132.0
2025-04-06,SKU-0142,109.6,132.0
2025-04-13,SKU-0142,83.6,132.0
2025-04-20,SKU-0142,23.6,132.0
2025-04-27,SKU-0142,103.2,132.0
2025-05-04,SKU-0142,65.2,132.0
2025-05-11,SKU-0142,17.2,132.0
2025-05-18,SKU-0142,0.0,132.0
2025-05-25,SKU-0142,0.0,132.0
2025-06-01,SKU-0142,0.0,132.0
2025-06-08,SKU-0142,0.0,132.0
2025-06-15,SKU-0142,0.0,132.0
2025-06-22,SKU-0142,152.6,132.0
2025-06-29,SKU-0142,96.6,132.0
2025-07-06,SKU-0142,61.6,132.0
2025-07-13,SKU-0142,16.6,132.0
2025-07-20,SKU-0142,0.0,132.0
2025-07-27,SKU-0142,155.6,132.0
2025-08-03,SKU-0142,99.6,132.0
2025-08-10,SKU-0142,56.6,132.0
2025-08-17,SKU-0142,13.6,132.0
2025-08-24,SKU-0142,0.0,132.0
2025-08-31,SKU-0142,123.6,132.0
2025-09-07,SKU-0142,91.6,132.0
2025-09-14,SKU-0142,47.6,132.0
2025-09-21,SKU-0142,0.0,132.0
2025-09-28,SKU-0142,142.6,132.0
2025-10-05,SKU-0142,88.6,132.0
2025-10-12,SKU-0142,53.6,132.0
2025-10-19,SKU-0142,3.6,132.0
2025-10-26,SKU-0142,0.0,132.0
2025-11-02,SKU-0142,0.0,132.0
2025-11-09,SKU-0142,0.0,132.0
2025-11-16,SKU-0142,0.0,132.0
2025-11-23,SKU-0142,58.6,132.0
2025-11-30,SKU-0142,1.6,132.0
2025-12-07,SKU-0142,0.0,132.0
2025-12-14,SKU-0142,0.0,132.0
2025-12-21,SKU-0142,0.0,132.0
2025-12-28,SKU-0142,0.0,132.0
2024-01-07,SKU-0143,609.0,302.0
2024-01-14,SKU-0143,541.0,302.0
2024-01-21,SKU-0143,505.0,302.0
2024-01-28,SKU-0143,474.0,302.0
2024-02-04,SKU-0143,285.0,302.0
2024-02-11,SKU-0143,237.0,302.0
2024-02-18,SKU-0143,142.0,302.0
2024-02-25,SKU-0143,21.0,302.0
2024-03-03,SKU-0143,0.0,302.0
2024-03-10,SKU-0143,387.0,302.0
2024-03-17,SKU-0143,353.0,302.0
2024-03-24,SKU-0143,315.0,302.0
2024-03-31,SKU-0143,208.0,302.0
2024-04-07,SKU-0143,145.0,302.0
2024-04-14,SKU-0143,104.0,302.0
2024-04-21,SKU-0143,0.0,302.0
2024-04-28,SKU-0143,0.0,302.0
2024-05-05,SKU-0143,316.0,302.0
2024-05-12,SKU-0143,275.0,302.0
2024-05-19,SKU-0143,174.0,302.0
2024-05-26,SKU-0143,121.0,302.0
2024-06-02,SKU-0143,444.0,302.0
2024-06-09,SKU-0143,345.0,302.0
2024-06-16,SKU-0143,249.0,302.0
2024-06-23,SKU-0143,173.0,302.0
2024-06-30,SKU-0143,91.0,302.0
2024-07-07,SKU-0143,0.0,302.0
2024-07-14,SKU-0143,0.0,302.0
2024-07-21,SKU-0143,380.0,302.0
2024-07-28,SKU-0143,324.0,302.0
2024-08-04,SKU-0143,236.0,302.0
2024-08-11,SKU-0143,486.0,302.0
2024-08-18,SKU-0143,420.0,302.0
2024-08-25,SKU-0143,357.0,302.0
2024-09-01,SKU-0143,244.0,302.0
2024-09-08,SKU-0143,194.0,302.0
2024-09-15,SKU-0143,69.0,302.0
2024-09-22,SKU-0143,5.0,302.0
2024-09-29,SKU-0143,0.0,302.0
2024-10-06,SKU-0143,0.0,302.0
2024-10-13,SKU-0143,284.0,302.0
2024-10-20,SKU-0143,112.0,302.0
2024-10-27,SKU-0143,27.0,302.0
2024-11-03,SKU-0143,0.0,302.0
2024-11-10,SKU-0143,0.0,302.0
2024-11-17,SKU-0143,43.0,302.0
2024-11-24,SKU-0143,0.0,302.0
2024-12-01,SKU-0143,0.0,302.0
2024-12-08,SKU-0143,345.0,302.0
2024-12-15,SKU-0143,245.0,302.0
2024-12-22,SKU-0143,194.0,302.0
2024-12-29,SKU-0143,139.0,302.0
2025-01-05,SKU-0143,2.0,302.0
2025-01-12,SKU-0143,0.0,302.0
2025-01-19,SKU-0143,276.0,302.0
2025-01-26,SKU-0143,94.0,302.0
2025-02-02,SKU-0143,69.0,302.0
2025-02-09,SKU-0143,0.0,302.0
2025-02-16,SKU-0143,0.0,302.0
2025-02-23,SKU-0143,275.0,302.0
2025-03-02,SKU-0143,228.0,302.0
2025-03-09,SKU-0143,128.0,302.0
2025-03-16,SKU-0143,2.0,302.0
2025-03-23,SKU-0143,0.0,302.0
2025-03-30,SKU-0143,0.0,302.0
2025-04-06,SKU-0143,0.0,302.0
2025-04-13,SKU-0143,312.0,302.0
2025-04-20,SKU-0143,275.0,302.0
2025-04-27,SKU-0143,169.0,302.0
2025-05-04,SKU-0143,0.0,302.0
2025-05-11,SKU-0143,0.0,302.0
2025-05-18,SKU-0143,0.0,302.0
2025-05-25,SKU-0143,0.0,302.0
2025-06-01,SKU-0143,277.0,302.0
2025-06-08,SKU-0143,157.0,302.0
2025-06-15,SKU-0143,63.0,302.0
2025-06-22,SKU-0143,0.0,302.0
2025-06-29,SKU-0143,344.0,302.0
2025-07-06,SKU-0143,229.0,302.0
2025-07-13,SKU-0143,4.0,302.0
2025-07-20,SKU-0143,0.0,302.0
2025-07-27,SKU-0143,0.0,302.0
2025-08-03,SKU-0143,0.0,302.0
2025-08-10,SKU-0143,283.0,302.0
2025-08-17,SKU-0143,162.0,302.0
2025-08-24,SKU-0143,504.0,302.0
2025-08-31,SKU-0143,447.0,302.0
2025-09-07,SKU-0143,346.0,302.0
2025-09-14,SKU-0143,240.0,302.0
2025-09-21,SKU-0143,140.0,302.0
2025-09-28,SKU-0143,49.0,302.0
2025-10-05,SKU-0143,0.0,302.0
2025-10-12,SKU-0143,0.0,302.0
2025-10-19,SKU-0143,367.0,302.0
2025-10-26,SKU-0143,317.0,302.0
2025-11-02,SKU-0143,222.0,302.0
2025-11-09,SKU-0143,45.0,302.0
2025-11-16,SKU-0143,374.0,302.0
2025-11-23,SKU-0143,22.0,302.0
2025-11-30,SKU-0143,0.0,302.0
2025-12-07,SKU-0143,0.0,302.0
2025-12-14,SKU-0143,235.0,302.0
2025-12-21,SKU-0143,22.0,302.0
2025-12-28,SKU-0143,176.0,302.0
2024-01-07,SKU-0144,267.2,139.0
2024-01-14,SKU-0144,219.2,139.0
2024-01-21,SKU-0144,190.2,139.0
2024-01-28,SKU-0144,151.2,139.0
2024-02-04,SKU-0144,111.2,139.0
2024-02-11,SKU-0144,88.2,139.0
2024-02-18,SKU-0144,45.2,139.0
2024-02-25,SKU-0144,33.2,139.0
2024-03-03,SKU-0144,8.2,139.0
2024-03-10,SKU-0144,0.0,139.0
2024-03-17,SKU-0144,148.2,139.0
2024-03-24,SKU-0144,101.2,139.0
2024-03-31,SKU-0144,56.2,139.0
2024-04-07,SKU-0144,11.2,139.0
2024-04-14,SKU-0144,0.0,139.0
2024-04-21,SKU-0144,53.2,139.0
2024-04-28,SKU-0144,24.2,139.0
2024-05-05,SKU-0144,0.0,139.0
2024-05-12,SKU-0144,0.0,139.0
2024-05-19,SKU-0144,0.0,139.0
2024-05-26,SKU-0144,151.2,139.0
2024-06-02,SKU-0144,112.2,139.0
2024-06-09,SKU-0144,96.2,139.0
2024-06-16,SKU-0144,63.2,139.0
2024-06-23,SKU-0144,108.4,139.0
2024-06-30,SKU-0144,49.4,139.0
2024-07-07,SKU-0144,21.4,139.0
2024-07-14,SKU-0144,0.0,139.0
2024-07-21,SKU-0144,0.0,139.0
2024-07-28,SKU-0144,0.0,139.0
2024-08-04,SKU-0144,100.2,139.0
2024-08-11,SKU-0144,46.2,139.0
2024-08-18,SKU-0144,16.2,139.0
2024-08-25,SKU-0144,4.2,139.0
2024-09-01,SKU-0144,0.0,139.0
2024-09-08,SKU-0144,0.0,139.0
2024-09-15,SKU-0144,0.0,139.0
2024-09-22,SKU-0144,134.2,139.0
2024-09-29,SKU-0144,101.2,139.0
2024-10-06,SKU-0144,71.2,139.0
2024-10-13,SKU-0144,0.0,139.0
2024-10-20,SKU-0144,0.0,139.0
2024-10-27,SKU-0144,148.2,139.0
2024-11-03,SKU-0144,81.2,139.0
2024-11-10,SKU-0144,9.2,139.0
2024-11-17,SKU-0144,0.0,139.0
2024-11-24,SKU-0144,0.0,139.0
2024-12-01,SKU-0144,0.0,139.0
2024-12-08,SKU-0144,158.2,139.0
2024-12-15,SKU-0144,131.2,139.0
2024-12-22,SKU-0144,60.2,139.0
2024-12-29,SKU-0144,28.2,139.0
2025-01-05,SKU-0144,0.0,139.0
2025-01-12,SKU-0144,119.2,139.0
2025-01-19,SKU-0144,41.2,139.0
2025-01-26,SKU-0144,0.0,139.0
2025-02-02,SKU-0144,0.0,139.0
2025-02-09,SKU-0144,0.0,139.0
2025-02-16,SKU-0144,0.0,139.0
2025-02-23,SKU-0144,124.2,139.0
2025-03-02,SKU-0144,93.2,139.0
2025-03-09,SKU-0144,15.2,139.0
2025-03-16,SKU-0144,0.0,139.0
2025-03-23,SKU-0144,0.0,139.0
2025-03-30,SKU-0144,0.0,139.0
2025-04-06,SKU-0144,0.0,139.0
2025-04-13,SKU-0144,164.2,139.0
2025-04-20,SKU-0144,133.2,139.0
2025-04-27,SKU-0144,39.2,139.0
2025-05-04,SKU-0144,0.0,139.0
2025-05-11,SKU-0144,0.0,139.0
2025-05-18,SKU-0144,0.0,139.0
2025-05-25,SKU-0144,79.2,139.0
2025-06-01,SKU-0144,52.2,139.0
2025-06-08,SKU-0144,0.0,139.0
2025-06-15,SKU-0144,0.0,139.0
2025-06-22,SKU-0144,0.0,139.0
2025-06-29,SKU-0144,148.2,139.0
2025-07-06,SKU-0144,105.2,139.0
2025-07-13,SKU-0144,70.2,139.0
2025-07-20,SKU-0144,52.2,139.0
2025-07-27,SKU-0144,16.2,139.0
2025-08-03,SKU-0144,146.4,139.0
2025-08-10,SKU-0144,95.4,139.0
2025-08-17,SKU-0144,73.4,139.0
2025-08-24,SKU-0144,0.0,139.0
2025-08-31,SKU-0144,163.2,139.0
2025-09-07,SKU-0144,134.2,139.0
2025-09-14,SKU-0144,78.2,139.0
2025-09-21,SKU-0144,47.2,139.0
2025-09-28,SKU-0144,17.2,139.0
2025-10-05,SKU-0144,0.0,139.0
2025-10-12,SKU-0144,144.2,139.0
2025-10-19,SKU-0144,0.0,139.0
2025-10-26,SKU-0144,0.0,139.0
2025-11-02,SKU-0144,146.2,139.0
2025-11-09,SKU-0144,119.2,139.0
2025-11-16,SKU-0144,59.2,139.0
2025-11-23,SKU-0144,0.0,139.0
2025-11-30,SKU-0144,0.0,139.0
2025-12-07,SKU-0144,0.0,139.0
2025-12-14,SKU-0144,0.0,139.0
2025-12-21,SKU-0144,0.0,139.0
2025-12-28,SKU-0144,154.2,139.0
2024-01-07,SKU-0145,231.2,118.0
2024-01-14,SKU-0145,168.2,118.0
2024-01-21,SKU-0145,145.2,118.0
2024-01-28,SKU-0145,137.2,118.0
2024-02-04,SKU-0145,101.2,118.0
2024-02-11,SKU-0145,91.2,118.0
2024-02-18,SKU-0145,3.2,118.0
2024-02-25,SKU-0145,0.0,118.0
2024-03-03,SKU-0145,0.0,118.0
2024-03-10,SKU-0145,0.0,118.0
2024-03-17,SKU-0145,0.0,118.0
2024-03-24,SKU-0145,0.0,118.0
2024-03-31,SKU-0145,118.2,118.0
2024-04-07,SKU-0145,82.2,118.0
2024-04-14,SKU-0145,70.2,118.0
2024-04-21,SKU-0145,23.2,118.0
2024-04-28,SKU-0145,0.0,118.0
2024-05-05,SKU-0145,0.0,118.0
2024-05-12,SKU-0145,0.0,118.0
2024-05-19,SKU-0145,0.0,118.0
2024-05-26,SKU-0145,137.2,118.0
2024-06-02,SKU-0145,83.2,118.0
2024-06-09,SKU-0145,62.2,118.0
2024-06-16,SKU-0145,38.2,118.0
2024-06-23,SKU-0145,13.2,118.0
2024-06-30,SKU-0145,0.0,118.0
2024-07-07,SKU-0145,0.0,118.0
2024-07-14,SKU-0145,121.2,118.0
2024-07-21,SKU-0145,47.2,118.0
2024-07-28,SKU-0145,2.2,118.0
2024-08-04,SKU-0145,0.0,118.0
2024-08-11,SKU-0145,0.0,118.0
2024-08-18,SKU-0145,0.0,118.0
2024-08-25,SKU-0145,144.2,118.0
2024-09-01,SKU-0145,115.2,118.0
2024-09-08,SKU-0145,49.2,118.0
2024-09-15,SKU-0145,0.0,118.0
2024-09-22,SKU-0145,0.0,118.0
2024-09-29,SKU-0145,0.0,118.0
2024-10-06,SKU-0145,0.0,118.0
2024-10-13,SKU-0145,114.2,118.0
2024-10-20,SKU-0145,86.2,118.0
2024-10-27,SKU-0145,78.2,118.0
2024-11-03,SKU-0145,46.2,118.0
2024-11-10,SKU-0145,175.4,118.0
2024-11-17,SKU-0145,140.4,118.0
2024-11-24,SKU-0145,101.4,118.0
2024-12-01,SKU-0145,75.4,118.0
2024-12-08,SKU-0145,28.4,118.0
2024-12-15,SKU-0145,1.4,118.0
2024-12-22,SKU-0145,0.0,118.0
2024-12-29,SKU-0145,0.0,118.0
2025-01-05,SKU-0145,131.2,118.0
2025-01-12,SKU-0145,95.2,118.0
2025-01-19,SKU-0145,43.2,118.0
2025-01-26,SKU-0145,32.2,118.0
2025-02-02,SKU-0145,9.2,118.0
2025-02-09,SKU-0145,0.0,118.0
2025-02-16,SKU-0145,0.0,118.0
2025-02-23,SKU-0145,145.2,118.0
2025-03-02,SKU-0145,139.2,118.0
2025-03-09,SKU-0145,74.2,118.0
2025-03-16,SKU-0145,59.2,118.0
2025-03-23,SKU-0145,39.2,118.0
2025-03-30,SKU-0145,2.2,118.0
2025-04-06,SKU-0145,0.0,118.0
2025-04-13,SKU-0145,0.0,118.0
2025-04-20,SKU-0145,133.2,118.0
2025-04-27,SKU-0145,31.2,118.0
2025-05-04,SKU-0145,5.2,118.0
2025-05-11,SKU-0145,0.0,118.0
2025-05-18,SKU-0145,0.0,118.0
2025-05-25,SKU-0145,0.0,118.0
2025-06-01,SKU-0145,0.0,118.0
2025-06-08,SKU-0145,0.0,118.0
2025-06-15,SKU-0145,0.0,118.0
2025-06-22,SKU-0145,146.2,118.0
2025-06-29,SKU-0145,110.2,118.0
2025-07-06,SKU-0145,62.2,118.0
2025-07-13,SKU-0145,27.2,118.0
2025-07-20,SKU-0145,0.0,118.0
2025-07-27,SKU-0145,0.0,118.0
2025-08-03,SKU-0145,0.0,118.0
2025-08-10,SKU-0145,137.2,118.0
2025-08-17,SKU-0145,104.2,118.0
2025-08-24,SKU-0145,29.2,118.0
2025-08-31,SKU-0145,5.2,118.0
2025-09-07,SKU-0145,0.0,118.0
2025-09-14,SKU-0145,0.0,118.0
2025-09-21,SKU-0145,0.0,118.0
2025-09-28,SKU-0145,0.0,118.0
2025-10-05,SKU-0145,0.0,118.0
2025-10-12,SKU-0145,67.2,118.0
2025-10-19,SKU-0145,33.2,118.0
2025-10-26,SKU-0145,0.0,118.0
2025-11-02,SKU-0145,0.0,118.0
2025-11-09,SKU-0145,0.0,118.0
2025-11-16,SKU-0145,0.0,118.0
2025-11-23,SKU-0145,0.0,118.0
2025-11-30,SKU-0145,133.2,118.0
2025-12-07,SKU-0145,106.2,118.0
2025-12-14,SKU-0145,38.2,118.0
2025-12-21,SKU-0145,0.0,118.0
2025-12-28,SKU-0145,0.0,118.0
2024-01-07,SKU-0146,611.8,277.0
2024-01-14,SKU-0146,504.8,277.0
2024-01-21,SKU-0146,458.8,277.0
2024-01-28,SKU-0146,408.8,277.0
2024-02-04,SKU-0146,348.8,277.0
2024-02-11,SKU-0146,240.8,277.0
2024-02-18,SKU-0146,159.8,277.0
2024-02-25,SKU-0146,99.8,277.0
2024-03-03,SKU-0146,62.8,277.0
2024-03-10,SKU-0146,0.0,277.0
2024-03-17,SKU-0146,0.0,277.0
2024-03-24,SKU-0146,288.8,277.0
2024-03-31,SKU-0146,185.8,277.0
2024-04-07,SKU-0146,103.8,277.0
2024-04-14,SKU-0146,32.8,277.0
2024-04-21,SKU-0146,0.0,277.0
2024-04-28,SKU-0146,0.0,277.0
2024-05-05,SKU-0146,113.8,277.0
2024-05-12,SKU-0146,22.8,277.0
2024-05-19,SKU-0146,0.0,277.0
2024-05-26,SKU-0146,0.0,277.0
2024-06-02,SKU-0146,0.0,277.0
2024-06-09,SKU-0146,0.0,277.0
2024-06-16,SKU-0146,243.8,277.0
2024-06-23,SKU-0146,120.8,277.0
2024-06-30,SKU-0146,25.8,277.0
2024-07-07,SKU-0146,0.0,277.0
2024-07-14,SKU-0146,0.0,277.0
2024-07-21,SKU-0146,0.0,277.0
2024-07-28,SKU-0146,206.8,277.0
2024-08-04,SKU-0146,178.8,277.0
2024-08-11,SKU-0146,55.8,277.0
2024-08-18,SKU-0146,26.8,277.0
2024-08-25,SKU-0146,0.0,277.0
2024-09-01,SKU-0146,0.0,277.0
2024-09-08,SKU-0146,237.8,277.0
2024-09-15,SKU-0146,204.8,277.0
2024-09-22,SKU-0146,81.8,277.0
2024-09-29,SKU-0146,41.8,277.0
2024-10-06,SKU-0146,0.0,277.0
2024-10-13,SKU-0146,301.8,277.0
2024-10-20,SKU-0146,182.8,277.0
2024-10-27,SKU-0146,108.8,277.0
2024-11-03,SKU-0146,0.0,277.0
2024-11-10,SKU-0146,0.0,277.0
2024-11-17,SKU-0146,0.0,277.0
2024-11-24,SKU-0146,0.0,277.0
2024-12-01,SKU-0146,242.8,277.0
2024-12-08,SKU-0146,165.8,277.0
2024-12-15,SKU-0146,100.8,277.0
2024-12-22,SKU-0146,0.0,277.0
2024-12-29,SKU-0146,0.0,277.0
2025-01-05,SKU-0146,217.8,277.0
2025-01-12,SKU-0146,148.8,277.0
2025-01-19,SKU-0146,44.8,277.0
2025-01-26,SKU-0146,0.0,277.0
2025-02-02,SKU-0146,257.8,277.0
2025-02-09,SKU-0146,118.8,277.0
2025-02-16,SKU-0146,0.0,277.0
2025-02-23,SKU-0146,0.0,277.0
2025-03-02,SKU-0146,0.0,277.0
2025-03-09,SKU-0146,338.8,277.0
2025-03-16,SKU-0146,215.8,277.0
2025-03-23,SKU-0146,80.8,277.0
2025-03-30,SKU-0146,17.8,277.0
2025-04-06,SKU-0146,334.6,277.0
2025-04-13,SKU-0146,275.6,277.0
2025-04-20,SKU-0146,224.6,277.0
2025-04-27,SKU-0146,165.6,277.0
2025-05-04,SKU-0146,109.6,277.0
2025-05-11,SKU-0146,0.0,277.0
2025-05-18,SKU-0146,0.0,277.0
2025-05-25,SKU-0146,292.8,277.0
2025-06-01,SKU-0146,170.8,277.0
2025-06-08,SKU-0146,0.0,277.0
2025-06-15,SKU-0146,0.0,277.0
2025-06-22,SKU-0146,0.0,277.0
2025-06-29,SKU-0146,0.0,277.0
2025-07-06,SKU-0146,0.0,277.0
2025-07-13,SKU-0146,0.0,277.0
2025-07-20,SKU-0146,208.8,277.0
2025-07-27,SKU-0146,148.8,277.0
2025-08-03,SKU-0146,63.8,277.0
2025-08-10,SKU-0146,0.0,277.0
2025-08-17,SKU-0146,0.0,277.0
2025-08-24,SKU-0146,143.8,277.0
2025-08-31,SKU-0146,0.0,277.0
2025-09-07,SKU-0146,0.0,277.0
2025-09-14,SKU-0146,0.0,277.0
2025-09-21,SKU-0146,0.0,277.0
2025-09-28,SKU-0146,0.0,277.0
2025-10-05,SKU-0146,0.0,277.0
2025-10-12,SKU-0146,0.0,277.0
2025-10-19,SKU-0146,303.8,277.0
2025-10-26,SKU-0146,214.8,277.0
2025-11-02,SKU-0146,50.8,277.0
2025-11-09,SKU-0146,0.0,277.0
2025-11-16,SKU-0146,0.0,277.0
2025-11-23,SKU-0146,0.0,277.0
2025-11-30,SKU-0146,0.0,277.0
2025-12-07,SKU-0146,0.0,277.0
2025-12-14,SKU-0146,237.8,277.0
2025-12-21,SKU-0146,174.8,277.0
2025-12-28,SKU-0146,101.8,277.0
2024-01-07,SKU-0147,499.0,232.0
2024-01-14,SKU-0147,472.0,232.0
2024-01-21,SKU-0147,452.0,232.0
2024-01-28,SKU-0147,421.0,232.0
2024-02-04,SKU-0147,345.0,232.0
2024-02-11,SKU-0147,296.0,232.0
2024-02-18,SKU-0147,232.0,232.0
2024-02-25,SKU-0147,178.0,232.0
2024-03-03,SKU-0147,19.0,232.0
2024-03-10,SKU-0147,0.0,232.0
2024-03-17,SKU-0147,0.0,232.0
2024-03-24,SKU-0147,0.0,232.0
2024-03-31,SKU-0147,246.0,232.0
2024-04-07,SKU-0147,172.0,232.0
2024-04-14,SKU-0147,87.0,232.0
2024-04-21,SKU-0147,50.0,232.0
2024-04-28,SKU-0147,17.0,232.0
2024-05-05,SKU-0147,0.0,232.0
2024-05-12,SKU-0147,0.0,232.0
2024-05-19,SKU-0147,0.0,232.0
2024-05-26,SKU-0147,274.0,232.0
2024-06-02,SKU-0147,191.0,232.0
2024-06-09,SKU-0147,170.0,232.0
2024-06-16,SKU-0147,108.0,232.0
2024-06-23,SKU-0147,27.0,232.0
2024-06-30,SKU-0147,266.0,232.0
2024-07-07,SKU-0147,234.0,232.0
2024-07-14,SKU-0147,181.0,232.0
2024-07-21,SKU-0147,19.0,232.0
2024-07-28,SKU-0147,0.0,232.0
2024-08-04,SKU-0147,0.0,232.0
2024-08-11,SKU-0147,0.0,232.0
2024-08-18,SKU-0147,0.0,232.0
2024-08-25,SKU-0147,257.0,232.0
2024-09-01,SKU-0147,199.0,232.0
2024-09-08,SKU-0147,132.0,232.0
2024-09-15,SKU-0147,75.0,232.0
2024-09-22,SKU-0147,0.0,232.0
2024-09-29,SKU-0147,0.0,232.0
2024-10-06,SKU-0147,0.0,232.0
2024-10-13,SKU-0147,188.0,232.0
2024-10-20,SKU-0147,131.0,232.0
2024-10-27,SKU-0147,64.0,232.0
2024-11-03,SKU-0147,0.0,232.0
2024-11-10,SKU-0147,0.0,232.0
2024-11-17,SKU-0147,0.0,232.0
2024-11-24,SKU-0147,218.0,232.0
2024-12-01,SKU-0147,137.0,232.0
2024-12-08,SKU-0147,87.0,232.0
2024-12-15,SKU-0147,1.0,232.0
2024-12-22,SKU-0147,0.0,232.0
2024-12-29,SKU-0147,281.0,232.0
2025-01-05,SKU-0147,183.0,232.0
2025-01-12,SKU-0147,142.0,232.0
2025-01-19,SKU-0147,96.0,232.0
2025-01-26,SKU-0147,29.0,232.0
2025-02-02,SKU-0147,0.0,232.0
2025-02-09,SKU-0147,0.0,232.0
2025-02-16,SKU-0147,0.0,232.0
2025-02-23,SKU-0147,283.0,232.0
2025-03-02,SKU-0147,254.0,232.0
2025-03-09,SKU-0147,220.0,232.0
2025-03-16,SKU-0147,171.0,232.0
2025-03-23,SKU-0147,447.0,232.0
2025-03-30,SKU-0147,415.0,232.0
2025-04-06,SKU-0147,320.0,232.0
2025-04-13,SKU-0147,263.0,232.0
2025-04-20,SKU-0147,233.0,232.0
2025-04-27,SKU-0147,106.0,232.0
2025-05-04,SKU-0147,0.0,232.0
2025-05-11,SKU-0147,0.0,232.0
2025-05-18,SKU-0147,0.0,232.0
2025-05-25,SKU-0147,0.0,232.0
2025-06-01,SKU-0147,274.0,232.0
2025-06-08,SKU-0147,201.0,232.0
2025-06-15,SKU-0147,111.0,232.0
2025-06-22,SKU-0147,23.0,232.0
2025-06-29,SKU-0147,0.0,232.0
2025-07-06,SKU-0147,0.0,232.0
2025-07-13,SKU-0147,102.0,232.0
2025-07-20,SKU-0147,33.0,232.0
2025-07-27,SKU-0147,0.0,232.0
2025-08-03,SKU-0147,0.0,232.0
2025-08-10,SKU-0147,0.0,232.0
2025-08-17,SKU-0147,0.0,232.0
2025-08-24,SKU-0147,0.0,232.0
2025-08-31,SKU-0147,218.0,232.0
2025-09-07,SKU-0147,108.0,232.0
2025-09-14,SKU-0147,58.0,232.0
2025-09-21,SKU-0147,329.0,232.0
2025-09-28,SKU-0147,288.0,232.0
2025-10-05,SKU-0147,221.0,232.0
2025-10-12,SKU-0147,159.0,232.0
2025-10-19,SKU-0147,82.0,232.0
2025-10-26,SKU-0147,264.0,232.0
2025-11-02,SKU-0147,217.0,232.0
2025-11-09,SKU-0147,0.0,232.0
2025-11-16,SKU-0147,0.0,232.0
2025-11-23,SKU-0147,130.0,232.0
2025-11-30,SKU-0147,40.0,232.0
2025-12-07,SKU-0147,0.0,232.0
2025-12-14,SKU-0147,0.0,232.0
2025-12-21,SKU-0147,0.0,232.0
2025-12-28,SKU-0147,228.0,232.0
2024-01-07,SKU-0148,280.8,128.0
2024-01-14,SKU-0148,250.8,128.0
2024-01-21,SKU-0148,227.8,128.0
2024-01-28,SKU-0148,183.8,128.0
2024-02-04,SKU-0148,157.8,128.0
2024-02-11,SKU-0148,110.8,128.0
2024-02-18,SKU-0148,65.8,128.0
2024-02-25,SKU-0148,23.8,128.0
2024-03-03,SKU-0148,0.0,128.0
2024-03-10,SKU-0148,112.8,128.0
2024-03-17,SKU-0148,78.8,128.0
2024-03-24,SKU-0148,45.8,128.0
2024-03-31,SKU-0148,0.0,128.0
2024-04-07,SKU-0148,0.0,128.0
2024-04-14,SKU-0148,0.0,128.0
2024-04-21,SKU-0148,116.8,128.0
2024-04-28,SKU-0148,67.8,128.0
2024-05-05,SKU-0148,30.8,128.0
2024-05-12,SKU-0148,0.8,128.0
2024-05-19,SKU-0148,0.0,128.0
2024-05-26,SKU-0148,0.0,128.0
2024-06-02,SKU-0148,125.8,128.0
2024-06-09,SKU-0148,98.8,128.0
2024-06-16,SKU-0148,32.8,128.0
2024-06-23,SKU-0148,0.0,128.0
2024-06-30,SKU-0148,0.0,128.0
2024-07-07,SKU-0148,145.8,128.0
2024-07-14,SKU-0148,106.8,128.0
2024-07-21,SKU-0148,77.8,128.0
2024-07-28,SKU-0148,41.8,128.0
2024-08-04,SKU-0148,17.8,128.0
2024-08-11,SKU-0148,0.0,128.0
2024-08-18,SKU-0148,142.8,128.0
2024-08-25,SKU-0148,93.8,128.0
2024-09-01,SKU-0148,42.8,128.0
2024-09-08,SKU-0148,0.0,128.0
2024-09-15,SKU-0148,0.0,128.0
2024-09-22,SKU-0148,0.0,128.0
2024-09-29,SKU-0148,141.8,128.0
2024-10-06,SKU-0148,116.8,128.0
2024-10-13,SKU-0148,91.8,128.0
2024-10-20,SKU-0148,64.8,128.0
2024-10-27,SKU-0148,5.8,128.0
2024-11-03,SKU-0148,0.0,128.0
2024-11-10,SKU-0148,111.8,128.0
2024-11-17,SKU-0148,78.8,128.0
2024-11-24,SKU-0148,36.8,128.0
2024-12-01,SKU-0148,0.0,128.0
2024-12-08,SKU-0148,0.0,128.0
2024-12-15,SKU-0148,0.0,128.0
2024-12-22,SKU-0148,0.0,128.0
2024-12-29,SKU-0148,0.0,128.0
2025-01-05,SKU-0148,103.8,128.0
2025-01-12,SKU-0148,73.8,128.0
2025-01-19,SKU-0148,62.8,128.0
2025-01-26,SKU-0148,22.8,128.0
2025-02-02,SKU-0148,140.6,128.0
2025-02-09,SKU-0148,123.6,128.0
2025-02-16,SKU-0148,74.6,128.0
2025-02-23,SKU-0148,19.6,128.0
2025-03-02,SKU-0148,0.0,128.0
2025-03-09,SKU-0148,0.0,128.0
2025-03-16,SKU-0148,133.8,128.0
2025-03-23,SKU-0148,101.8,128.0
2025-03-30,SKU-0148,60.8,128.0
2025-04-06,SKU-0148,0.0,128.0
2025-04-13,SKU-0148,0.0,128.0
2025-04-20,SKU-0148,0.0,128.0
2025-04-27,SKU-0148,118.8,128.0
2025-05-04,SKU-0148,83.8,128.0
2025-05-11,SKU-0148,63.8,128.0
2025-05-18,SKU-0148,19.8,128.0
2025-05-25,SKU-0148,0.0,128.0
2025-06-01,SKU-0148,136.8,128.0
2025-06-08,SKU-0148,92.8,128.0
2025-06-15,SKU-0148,70.8,128.0
2025-06-22,SKU-0148,32.8,128.0
2025-06-29,SKU-0148,0.0,128.0
2025-07-06,SKU-0148,0.0,128.0
2025-07-13,SKU-0148,0.0,128.0
2025-07-20,SKU-0148,134.8,128.0
2025-07-27,SKU-0148,78.8,128.0
2025-08-03,SKU-0148,47.8,128.0
2025-08-10,SKU-0148,21.8,128.0
2025-08-17,SKU-0148,0.0,128.0
2025-08-24,SKU-0148,118.8,128.0
2025-08-31,SKU-0148,91.8,128.0
2025-09-07,SKU-0148,66.8,128.0
2025-09-14,SKU-0148,41.8,128.0
2025-09-21,SKU-0148,103.6,128.0
2025-09-28,SKU-0148,46.6,128.0
2025-10-05,SKU-0148,0.0,128.0
2025-10-12,SKU-0148,0.0,128.0
2025-10-19,SKU-0148,0.0,128.0
2025-10-26,SKU-0148,0.0,128.0
2025-11-02,SKU-0148,0.0,128.0
2025-11-09,SKU-0148,103.8,128.0
2025-11-16,SKU-0148,55.8,128.0
2025-11-23,SKU-0148,0.0,128.0
2025-11-30,SKU-0148,0.0,128.0
2025-12-07,SKU-0148,0.0,128.0
2025-12-14,SKU-0148,0.0,128.0
2025-12-21,SKU-0148,123.8,128.0
2025-12-28,SKU-0148,89.8,128.0
2024-01-07,SKU-0149,318.2,161.0
2024-01-14,SKU-0149,296.2,161.0
2024-01-21,SKU-0149,260.2,161.0
2024-01-28,SKU-0149,230.2,161.0
2024-02-04,SKU-0149,186.2,161.0
2024-02-11,SKU-0149,140.2,161.0
2024-02-18,SKU-0149,90.2,161.0
2024-02-25,SKU-0149,55.2,161.0
2024-03-03,SKU-0149,13.2,161.0
2024-03-10,SKU-0149,198.4,161.0
2024-03-17,SKU-0149,148.4,161.0
2024-03-24,SKU-0149,111.4,161.0
2024-03-31,SKU-0149,40.4,161.0
2024-04-07,SKU-0149,0.0,161.0
2024-04-14,SKU-0149,186.2,161.0
2024-04-21,SKU-0149,138.2,161.0
2024-04-28,SKU-0149,106.2,161.0
2024-05-05,SKU-0149,72.2,161.0
2024-05-12,SKU-0149,18.2,161.0
2024-05-19,SKU-0149,0.0,161.0
2024-05-26,SKU-0149,169.2,161.0
2024-06-02,SKU-0149,99.2,161.0
2024-06-09,SKU-0149,46.2,161.0
2024-06-16,SKU-0149,3.2,161.0
2024-06-23,SKU-0149,0.0,161.0
2024-06-30,SKU-0149,151.2,161.0
2024-07-07,SKU-0149,99.2,161.0
2024-07-14,SKU-0149,32.2,161.0
2024-07-21,SKU-0149,0.0,161.0
2024-07-28,SKU-0149,0.0,161.0
2024-08-04,SKU-0149,0.0,161.0
2024-08-11,SKU-0149,185.2,161.0
2024-08-18,SKU-0149,151.2,161.0
2024-08-25,SKU-0149,95.2,161.0
2024-09-01,SKU-0149,61.2,161.0
2024-09-08,SKU-0149,0.0,161.0
2024-09-15,SKU-0149,162.2,161.0
2024-09-22,SKU-0149,86.2,161.0
2024-09-29,SKU-0149,31.2,161.0
2024-10-06,SKU-0149,0.0,161.0
2024-10-13,SKU-0149,0.0,161.0
2024-10-20,SKU-0149,0.0,161.0
2024-10-27,SKU-0149,163.2,161.0
2024-11-03,SKU-0149,129.2,161.0
2024-11-10,SKU-0149,16.2,161.0
2024-11-17,SKU-0149,0.0,161.0
2024-11-24,SKU-0149,0.0,161.0
2024-12-01,SKU-0149,0.0,161.0
2024-12-08,SKU-0149,0.0,161.0
2024-12-15,SKU-0149,189.2,161.0
2024-12-22,SKU-0149,136.2,161.0
2024-12-29,SKU-0149,85.2,161.0
2025-01-05,SKU-0149,38.2,161.0
2025-01-12,SKU-0149,0.0,161.0
2025-01-19,SKU-0149,0.0,161.0
2025-01-26,SKU-0149,181.2,161.0
2025-02-02,SKU-0149,104.2,161.0
2025-02-09,SKU-0149,54.2,161.0
2025-02-16,SKU-0149,11.2,161.0
2025-02-23,SKU-0149,0.0,161.0
2025-03-02,SKU-0149,0.0,161.0
2025-03-09,SKU-0149,168.2,161.0
2025-03-16,SKU-0149,136.2,161.0
2025-03-23,SKU-0149,101.2,161.0
2025-03-30,SKU-0149,69.2,161.0
2025-04-06,SKU-0149,24.2,161.0
2025-04-13,SKU-0149,0.0,161.0
2025-04-20,SKU-0149,169.2,161.0
2025-04-27,SKU-0149,125.2,161.0
2025-05-04,SKU-0149,68.2,161.0
2025-05-11,SKU-0149,1.2,161.0
2025-05-18,SKU-0149,0.0,161.0
2025-05-25,SKU-0149,0.0,161.0
2025-06-01,SKU-0149,169.2,161.0
2025-06-08,SKU-0149,112.2,161.0
2025-06-15,SKU-0149,89.2,161.0
2025-06-22,SKU-0149,45.2,161.0
2025-06-29,SKU-0149,0.0,161.0
2025-07-06,SKU-0149,0.0,161.0
2025-07-13,SKU-0149,0.0,161.0
2025-07-20,SKU-0149,146.2,161.0
2025-07-27,SKU-0149,83.2,161.0
2025-08-03,SKU-0149,43.2,161.0
2025-08-10,SKU-0149,0.0,161.0
2025-08-17,SKU-0149,175.2,161.0
2025-08-24,SKU-0149,114.2,161.0
2025-08-31,SKU-0149,48.2,161.0
2025-09-07,SKU-0149,0.0,161.0
2025-09-14,SKU-0149,0.0,161.0
2025-09-21,SKU-0149,194.2,161.0
2025-09-28,SKU-0149,143.2,161.0
2025-10-05,SKU-0149,101.2,161.0
2025-10-12,SKU-0149,28.2,161.0
2025-10-19,SKU-0149,0.0,161.0
2025-10-26,SKU-0149,0.0,161.0
2025-11-02,SKU-0149,0.0,161.0
2025-11-09,SKU-0149,0.0,161.0
2025-11-16,SKU-0149,124.2,161.0
2025-11-23,SKU-0149,22.2,161.0
2025-11-30,SKU-0149,0.0,161.0
2025-12-07,SKU-0149,0.0,161.0
2025-12-14,SKU-0149,146.2,161.0
2025-12-21,SKU-0149,81.2,161.0
2025-12-28,SKU-0149,0.0,161.0
2024-01-07,SKU-0150,261.6,117.0
2024-01-14,SKU-0150,250.6,117.0
2024-01-21,SKU-0150,194.6,117.0
2024-01-28,SKU-0150,139.6,117.0
2024-02-04,SKU-0150,97.6,117.0
2024-02-11,SKU-0150,72.6,117.0
2024-02-18,SKU-0150,22.6,117.0
2024-02-25,SKU-0150,152.2,117.0
2024-03-03,SKU-0150,132.2,117.0
2024-03-10,SKU-0150,88.2,117.0
2024-03-17,SKU-0150,73.2,117.0
2024-03-24,SKU-0150,37.2,117.0
2024-03-31,SKU-0150,12.2,117.0
2024-04-07,SKU-0150,0.0,117.0
2024-04-14,SKU-0150,0.0,117.0
2024-04-21,SKU-0150,0.0,117.0
2024-04-28,SKU-0150,117.6,117.0
2024-05-05,SKU-0150,50.6,117.0
2024-05-12,SKU-0150,0.0,117.0
2024-05-19,SKU-0150,0.0,117.0
2024-05-26,SKU-0150,0.0,117.0
2024-06-02,SKU-0150,0.0,117.0
2024-06-09,SKU-0150,130.6,117.0
2024-06-16,SKU-0150,19.6,117.0
2024-06-23,SKU-0150,0.0,117.0
2024-06-30,SKU-0150,0.0,117.0
2024-07-07,SKU-0150,0.0,117.0
2024-07-14,SKU-0150,0.0,117.0
2024-07-21,SKU-0150,0.0,117.0
2024-07-28,SKU-0150,0.0,117.0
2024-08-04,SKU-0150,129.6,117.0
2024-08-11,SKU-0150,74.6,117.0
2024-08-18,SKU-0150,46.6,117.0
2024-08-25,SKU-0150,0.0,117.0
2024-09-01,SKU-0150,0.0,117.0
2024-09-08,SKU-0150,0.0,117.0
2024-09-15,SKU-0150,0.0,117.0
2024-09-22,SKU-0150,0.0,117.0
2024-09-29,SKU-0150,136.6,117.0
2024-10-06,SKU-0150,125.6,117.0
2024-10-13,SKU-0150,0.0,117.0
2024-10-20,SKU-0150,0.0,117.0
2024-10-27,SKU-0150,0.0,117.0
2024-11-03,SKU-0150,0.0,117.0
2024-11-10,SKU-0150,123.6,117.0
2024-11-17,SKU-0150,97.6,117.0
2024-11-24,SKU-0150,0.0,117.0
2024-12-01,SKU-0150,0.0,117.0
2024-12-08,SKU-0150,0.0,117.0
2024-12-15,SKU-0150,0.0,117.0
2024-12-22,SKU-0150,95.6,117.0
2024-12-29,SKU-0150,43.6,117.0
2025-01-05,SKU-0150,184.2,117.0
2025-01-12,SKU-0150,154.2,117.0
2025-01-19,SKU-0150,106.2,117.0
2025-01-26,SKU-0150,88.2,117.0
2025-02-02,SKU-0150,14.2,117.0
2025-02-09,SKU-0150,0.0,117.0
2025-02-16,SKU-0150,118.6,117.0
2025-02-23,SKU-0150,87.6,117.0
2025-03-02,SKU-0150,63.6,117.0
2025-03-09,SKU-0150,7.6,117.0
2025-03-16,SKU-0150,0.0,117.0
2025-03-23,SKU-0150,0.0,117.0
2025-03-30,SKU-0150,0.0,117.0
2025-04-06,SKU-0150,114.6,117.0
2025-04-13,SKU-0150,104.6,117.0
2025-04-20,SKU-0150,57.6,117.0
2025-04-27,SKU-0150,36.6,117.0
2025-05-04,SKU-0150,0.0,117.0
2025-05-11,SKU-0150,0.0,117.0
2025-05-18,SKU-0150,69.6,117.0
2025-05-25,SKU-0150,41.6,117.0
2025-06-01,SKU-0150,14.6,117.0
2025-06-08,SKU-0150,0.0,117.0
2025-06-15,SKU-0150,0.0,117.0
2025-06-22,SKU-0150,0.0,117.0
2025-06-29,SKU-0150,119.6,117.0
2025-07-06,SKU-0150,108.6,117.0
2025-07-13,SKU-0150,78.6,117.0
2025-07-20,SKU-0150,55.6,117.0
2025-07-27,SKU-0150,30.6,117.0
2025-08-03,SKU-0150,11.6,117.0
2025-08-10,SKU-0150,140.2,117.0
2025-08-17,SKU-0150,110.2,117.0
2025-08-24,SKU-0150,74.2,117.0
2025-08-31,SKU-0150,0.0,117.0
2025-09-07,SKU-0150,0.0,117.0
2025-09-14,SKU-0150,103.6,117.0
2025-09-21,SKU-0150,46.6,117.0
2025-09-28,SKU-0150,0.0,117.0
2025-10-05,SKU-0150,0.0,117.0
2025-10-12,SKU-0150,0.0,117.0
2025-10-19,SKU-0150,0.0,117.0
2025-10-26,SKU-0150,130.6,117.0
2025-11-02,SKU-0150,78.6,117.0
2025-11-09,SKU-0150,50.6,117.0
2025-11-16,SKU-0150,3.6,117.0
2025-11-23,SKU-0150,0.0,117.0
2025-11-30,SKU-0150,0.0,117.0
2025-12-07,SKU-0150,121.6,117.0
2025-12-14,SKU-0150,66.6,117.0
2025-12-21,SKU-0150,33.6,117.0
2025-12-28,SKU-0150,4.6,117.0
2024-01-07,SKU-0151,332.6,148.0
2024-01-14,SKU-0151,279.6,148.0
2024-01-21,SKU-0151,180.6,148.0
2024-01-28,SKU-0151,160.6,148.0
2024-02-04,SKU-0151,136.6,148.0
2024-02-11,SKU-0151,60.6,148.0
2024-02-18,SKU-0151,44.6,148.0
2024-02-25,SKU-0151,25.6,148.0
2024-03-03,SKU-0151,0.0,148.0
2024-03-10,SKU-0151,0.0,148.0
2024-03-17,SKU-0151,142.6,148.0
2024-03-24,SKU-0151,126.6,148.0
2024-03-31,SKU-0151,67.6,148.0
2024-04-07,SKU-0151,41.6,148.0
2024-04-14,SKU-0151,161.2,148.0
2024-04-21,SKU-0151,97.2,148.0
2024-04-28,SKU-0151,68.2,148.0
2024-05-05,SKU-0151,0.0,148.0
2024-05-12,SKU-0151,0.0,148.0
2024-05-19,SKU-0151,0.0,148.0
2024-05-26,SKU-0151,0.0,148.0
2024-06-02,SKU-0151,0.0,148.0
2024-06-09,SKU-0151,0.0,148.0
2024-06-16,SKU-0151,174.6,148.0
2024-06-23,SKU-0151,91.6,148.0
2024-06-30,SKU-0151,69.6,148.0
2024-07-07,SKU-0151,0.0,148.0
2024-07-14,SKU-0151,0.0,148.0
2024-07-21,SKU-0151,182.6,148.0
2024-07-28,SKU-0151,144.6,148.0
2024-08-04,SKU-0151,108.6,148.0
2024-08-11,SKU-0151,79.6,148.0
2024-08-18,SKU-0151,42.6,148.0
2024-08-25,SKU-0151,0.0,148.0
2024-09-01,SKU-0151,0.0,148.0
2024-09-08,SKU-0151,0.0,148.0
2024-09-15,SKU-0151,0.0,148.0
2024-09-22,SKU-0151,166.6,148.0
2024-09-29,SKU-0151,0.6,148.0
2024-10-06,SKU-0151,0.0,148.0
2024-10-13,SKU-0151,0.0,148.0
2024-10-20,SKU-0151,0.0,148.0
2024-10-27,SKU-0151,0.0,148.0
2024-11-03,SKU-0151,154.6,148.0
2024-11-10,SKU-0151,112.6,148.0
2024-11-17,SKU-0151,47.6,148.0
2024-11-24,SKU-0151,0.0,148.0
2024-12-01,SKU-0151,0.0,148.0
2024-12-08,SKU-0151,174.6,148.0
2024-12-15,SKU-0151,116.6,148.0
2024-12-22,SKU-0151,65.6,148.0
2024-12-29,SKU-0151,0.0,148.0
2025-01-05,SKU-0151,0.0,148.0
2025-01-12,SKU-0151,120.6,148.0
2025-01-19,SKU-0151,77.6,148.0
2025-01-26,SKU-0151,60.6,148.0
2025-02-02,SKU-0151,4.6,148.0
2025-02-09,SKU-0151,0.0,148.0
2025-02-16,SKU-0151,0.0,148.0
2025-02-23,SKU-0151,168.6,148.0
2025-03-02,SKU-0151,124.6,148.0
2025-03-09,SKU-0151,0.0,148.0
2025-03-16,SKU-0151,0.0,148.0
2025-03-23,SKU-0151,0.0,148.0
2025-03-30,SKU-0151,0.0,148.0
2025-04-06,SKU-0151,163.6,148.0
2025-04-13,SKU-0151,147.6,148.0
2025-04-20,SKU-0151,107.6,148.0
2025-04-27,SKU-0151,95.6,148.0
2025-05-04,SKU-0151,44.6,148.0
2025-05-11,SKU-0151,27.6,148.0
2025-05-18,SKU-0151,0.0,148.0
2025-05-25,SKU-0151,121.6,148.0
2025-06-01,SKU-0151,94.6,148.0
2025-06-08,SKU-0151,35.6,148.0
2025-06-15,SKU-0151,0.0,148.0
2025-06-22,SKU-0151,0.0,148.0
2025-06-29,SKU-0151,185.6,148.0
2025-07-06,SKU-0151,157.6,148.0
2025-07-13,SKU-0151,109.6,148.0
2025-07-20,SKU-0151,87.6,148.0
2025-07-27,SKU-0151,47.6,148.0
2025-08-03,SKU-0151,0.0,148.0
2025-08-10,SKU-0151,133.6,148.0
2025-08-17,SKU-0151,49.6,148.0
2025-08-24,SKU-0151,0.0,148.0
2025-08-31,SKU-0151,172.6,148.0
2025-09-07,SKU-0151,136.6,148.0
2025-09-14,SKU-0151,120.6,148.0
2025-09-21,SKU-0151,56.6,148.0
2025-09-28,SKU-0151,106.2,148.0
2025-10-05,SKU-0151,86.2,148.0
2025-10-12,SKU-0151,23.2,148.0
2025-10-19,SKU-0151,0.0,148.0
2025-10-26,SKU-0151,0.0,148.0
2025-11-02,SKU-0151,8.6,148.0
2025-11-09,SKU-0151,0.0,148.0
2025-11-16,SKU-0151,0.0,148.0
2025-11-23,SKU-0151,0.0,148.0
2025-11-30,SKU-0151,0.0,148.0
2025-12-07,SKU-0151,139.6,148.0
2025-12-14,SKU-0151,94.6,148.0
2025-12-21,SKU-0151,0.0,148.0
2025-12-28,SKU-0151,0.0,148.0
2024-01-07,SKU-0152,406.4,203.0
2024-01-14,SKU-0152,294.4,203.0
2024-01-21,SKU-0152,206.4,203.0
2024-01-28,SKU-0152,179.4,203.0
2024-02-04,SKU-0152,129.4,203.0
2024-02-11,SKU-0152,68.4,203.0
2024-02-18,SKU-0152,2.4,203.0
2024-02-25,SKU-0152,0.0,203.0
2024-03-03,SKU-0152,180.4,203.0
2024-03-10,SKU-0152,143.4,203.0
2024-03-17,SKU-0152,99.4,203.0
2024-03-24,SKU-0152,252.8,203.0
2024-03-31,SKU-0152,205.8,203.0
2024-04-07,SKU-0152,177.8,203.0
2024-04-14,SKU-0152,57.8,203.0
2024-04-21,SKU-0152,28.8,203.0
2024-04-28,SKU-0152,0.0,203.0
2024-05-05,SKU-0152,0.0,203.0
2024-05-12,SKU-0152,180.4,203.0
2024-05-19,SKU-0152,91.4,203.0
2024-05-26,SKU-0152,0.0,203.0
2024-06-02,SKU-0152,0.0,203.0
2024-06-09,SKU-0152,0.0,203.0
2024-06-16,SKU-0152,0.0,203.0
2024-06-23,SKU-0152,218.4,203.0
2024-06-30,SKU-0152,172.4,203.0
2024-07-07,SKU-0152,0.0,203.0
2024-07-14,SKU-0152,0.0,203.0
2024-07-21,SKU-0152,201.4,203.0
2024-07-28,SKU-0152,90.4,203.0
2024-08-04,SKU-0152,8.4,203.0
2024-08-11,SKU-0152,194.8,203.0
2024-08-18,SKU-0152,124.8,203.0
2024-08-25,SKU-0152,40.8,203.0
2024-09-01,SKU-0152,0.0,203.0
2024-09-08,SKU-0152,238.4,203.0
2024-09-15,SKU-0152,166.4,203.0
2024-09-22,SKU-0152,79.4,203.0
2024-09-29,SKU-0152,14.4,203.0
2024-10-06,SKU-0152,0.0,203.0
2024-10-13,SKU-0152,0.0,203.0
2024-10-20,SKU-0152,204.4,203.0
2024-10-27,SKU-0152,166.4,203.0
2024-11-03,SKU-0152,87.4,203.0
2024-11-10,SKU-0152,32.4,203.0
2024-11-17,SKU-0152,260.8,203.0
2024-11-24,SKU-0152,160.8,203.0
2024-12-01,SKU-0152,72.8,203.0
2024-12-08,SKU-0152,0.0,203.0
2024-12-15,SKU-0152,0.0,203.0
2024-12-22,SKU-0152,0.0,203.0
2024-12-29,SKU-0152,0.0,203.0
2025-01-05,SKU-0152,199.4,203.0
2025-01-12,SKU-0152,164.4,203.0
2025-01-19,SKU-0152,349.8,203.0
2025-01-26,SKU-0152,312.8,203.0
2025-02-02,SKU-0152,294.8,203.0
2025-02-09,SKU-0152,245.8,203.0
2025-02-16,SKU-0152,222.8,203.0
2025-02-23,SKU-0152,138.8,203.0
2025-03-02,SKU-0152,109.8,203.0
2025-03-09,SKU-0152,52.8,203.0
2025-03-16,SKU-0152,29.8,203.0
2025-03-23,SKU-0152,0.0,203.0
2025-03-30,SKU-0152,0.0,203.0
2025-04-06,SKU-0152,0.0,203.0
2025-04-13,SKU-0152,163.4,203.0
2025-04-20,SKU-0152,110.4,203.0
2025-04-27,SKU-0152,348.8,203.0
2025-05-04,SKU-0152,296.8,203.0
2025-05-11,SKU-0152,257.8,203.0
2025-05-18,SKU-0152,176.8,203.0
2025-05-25,SKU-0152,97.8,203.0
2025-06-01,SKU-0152,0.0,203.0
2025-06-08,SKU-0152,230.4,203.0
2025-06-15,SKU-0152,173.4,203.0
2025-06-22,SKU-0152,128.4,203.0
2025-06-29,SKU-0152,88.4,203.0
2025-07-06,SKU-0152,38.4,203.0
2025-07-13,SKU-0152,229.8,203.0
2025-07-20,SKU-0152,145.8,203.0
2025-07-27,SKU-0152,42.8,203.0
2025-08-03,SKU-0152,0.0,203.0
2025-08-10,SKU-0152,213.4,203.0
2025-08-17,SKU-0152,164.4,203.0
2025-08-24,SKU-0152,154.4,203.0
2025-08-31,SKU-0152,92.4,203.0
2025-09-07,SKU-0152,28.4,203.0
2025-09-14,SKU-0152,251.8,203.0
2025-09-21,SKU-0152,183.8,203.0
2025-09-28,SKU-0152,73.8,203.0
2025-10-05,SKU-0152,38.8,203.0
2025-10-12,SKU-0152,0.0,203.0
2025-10-19,SKU-0152,223.4,203.0
2025-10-26,SKU-0152,162.4,203.0
2025-11-02,SKU-0152,90.4,203.0
2025-11-09,SKU-0152,20.4,203.0
2025-11-16,SKU-0152,0.0,203.0
2025-11-23,SKU-0152,0.0,203.0
2025-11-30,SKU-0152,0.0,203.0
2025-12-07,SKU-0152,0.0,203.0
2025-12-14,SKU-0152,94.4,203.0
2025-12-21,SKU-0152,0.0,203.0
2025-12-28,SKU-0152,0.0,203.0
2024-01-07,SKU-0153,318.6,148.0
2024-01-14,SKU-0153,284.6,148.0
2024-01-21,SKU-0153,201.6,148.0
2024-01-28,SKU-0153,175.6,148.0
2024-02-04,SKU-0153,151.6,148.0
2024-02-11,SKU-0153,79.6,148.0
2024-02-18,SKU-0153,55.6,148.0
2024-02-25,SKU-0153,3.6,148.0
2024-03-03,SKU-0153,0.0,148.0
2024-03-10,SKU-0153,174.6,148.0
2024-03-17,SKU-0153,148.6,148.0
2024-03-24,SKU-0153,74.6,148.0
2024-03-31,SKU-0153,0.0,148.0
2024-04-07,SKU-0153,0.0,148.0
2024-04-14,SKU-0153,148.6,148.0
2024-04-21,SKU-0153,101.6,148.0
2024-04-28,SKU-0153,75.6,148.0
2024-05-05,SKU-0153,35.6,148.0
2024-05-12,SKU-0153,0.0,148.0
2024-05-19,SKU-0153,146.6,148.0
2024-05-26,SKU-0153,116.6,148.0
2024-06-02,SKU-0153,75.6,148.0
2024-06-09,SKU-0153,201.2,148.0
2024-06-16,SKU-0153,106.2,148.0
2024-06-23,SKU-0153,46.2,148.0
2024-06-30,SKU-0153,176.8,148.0
2024-07-07,SKU-0153,86.8,148.0
2024-07-14,SKU-0153,68.8,148.0
2024-07-21,SKU-0153,0.0,148.0
2024-07-28,SKU-0153,153.6,148.0
2024-08-04,SKU-0153,131.6,148.0
2024-08-11,SKU-0153,77.6,148.0
2024-08-18,SKU-0153,12.6,148.0
2024-08-25,SKU-0153,174.2,148.0
2024-09-01,SKU-0153,92.2,148.0
2024-09-08,SKU-0153,21.2,148.0
2024-09-15,SKU-0153,0.0,148.0
2024-09-22,SKU-0153,151.6,148.0
2024-09-29,SKU-0153,103.6,148.0
2024-10-06,SKU-0153,63.6,148.0
2024-10-13,SKU-0153,230.2,148.0
2024-10-20,SKU-0153,170.2,148.0
2024-10-27,SKU-0153,34.2,148.0
2024-11-03,SKU-0153,0.0,148.0
2024-11-10,SKU-0153,155.6,148.0
2024-11-17,SKU-0153,90.6,148.0
2024-11-24,SKU-0153,46.6,148.0
2024-12-01,SKU-0153,171.2,148.0
2024-12-08,SKU-0153,120.2,148.0
2024-12-15,SKU-0153,74.2,148.0
2024-12-22,SKU-0153,226.8,148.0
2024-12-29,SKU-0153,167.8,148.0
2025-01-05,SKU-0153,91.8,148.0
2025-01-12,SKU-0153,75.8,148.0
2025-01-19,SKU-0153,0.0,148.0
2025-01-26,SKU-0153,150.6,148.0
2025-02-02,SKU-0153,76.6,148.0
2025-02-09,SKU-0153,18.6,148.0
2025-02-16,SKU-0153,0.0,148.0
2025-02-23,SKU-0153,171.6,148.0
2025-03-02,SKU-0153,143.6,148.0
2025-03-09,SKU-0153,281.2,148.0
2025-03-16,SKU-0153,228.2,148.0
2025-03-23,SKU-0153,121.2,148.0
2025-03-30,SKU-0153,112.2,148.0
2025-04-06,SKU-0153,276.8,148.0
2025-04-13,SKU-0153,263.8,148.0
2025-04-20,SKU-0153,155.8,148.0
2025-04-27,SKU-0153,124.8,148.0
2025-05-04,SKU-0153,101.8,148.0
2025-05-11,SKU-0153,41.8,148.0
2025-05-18,SKU-0153,0.0,148.0
2025-05-25,SKU-0153,172.6,148.0
2025-06-01,SKU-0153,139.6,148.0
2025-06-08,SKU-0153,98.6,148.0
2025-06-15,SKU-0153,7.6,148.0
2025-06-22,SKU-0153,0.0,148.0
2025-06-29,SKU-0153,153.6,148.0
2025-07-06,SKU-0153,83.6,148.0
2025-07-13,SKU-0153,36.6,148.0
2025-07-20,SKU-0153,0.0,148.0
2025-07-27,SKU-0153,0.0,148.0
2025-08-03,SKU-0153,113.6,148.0
2025-08-10,SKU-0153,67.6,148.0
2025-08-17,SKU-0153,192.2,148.0
2025-08-24,SKU-0153,163.2,148.0
2025-08-31,SKU-0153,123.2,148.0
2025-09-07,SKU-0153,88.2,148.0
2025-09-14,SKU-0153,13.2,148.0
2025-09-21,SKU-0153,182.8,148.0
2025-09-28,SKU-0153,161.8,148.0
2025-10-05,SKU-0153,100.8,148.0
2025-10-12,SKU-0153,17.8,148.0
2025-10-19,SKU-0153,0.0,148.0
2025-10-26,SKU-0153,0.0,148.0
2025-11-02,SKU-0153,164.6,148.0
2025-11-09,SKU-0153,56.6,148.0
2025-11-16,SKU-0153,0.0,148.0
2025-11-23,SKU-0153,0.0,148.0
2025-11-30,SKU-0153,129.6,148.0
2025-12-07,SKU-0153,34.6,148.0
2025-12-14,SKU-0153,0.0,148.0
2025-12-21,SKU-0153,172.6,148.0
2025-12-28,SKU-0153,116.6,148.0
2024-01-07,SKU-0154,325.4,159.0
2024-01-14,SKU-0154,256.4,159.0
2024-01-21,SKU-0154,183.4,159.0
2024-01-28,SKU-0154,138.4,159.0
2024-02-04,SKU-0154,86.4,159.0
2024-02-11,SKU-0154,51.4,159.0
2024-02-18,SKU-0154,235.8,159.0
2024-02-25,SKU-0154,190.8,159.0
2024-03-03,SKU-0154,166.8,159.0
2024-03-10,SKU-0154,148.8,159.0
2024-03-17,SKU-0154,124.8,159.0
2024-03-24,SKU-0154,67.8,159.0
2024-03-31,SKU-0154,234.2,159.0
2024-04-07,SKU-0154,189.2,159.0
2024-04-14,SKU-0154,98.2,159.0
2024-04-21,SKU-0154,43.2,159.0
2024-04-28,SKU-0154,2.2,159.0
2024-05-05,SKU-0154,0.0,159.0
2024-05-12,SKU-0154,164.4,159.0
2024-05-19,SKU-0154,140.4,159.0
2024-05-26,SKU-0154,103.4,159.0
2024-06-02,SKU-0154,64.4,159.0
2024-06-09,SKU-0154,221.8,159.0
2024-06-16,SKU-0154,174.8,159.0
2024-06-23,SKU-0154,113.8,159.0
2024-06-30,SKU-0154,64.8,159.0
2024-07-07,SKU-0154,21.8,159.0
2024-07-14,SKU-0154,193.2,159.0
2024-07-21,SKU-0154,149.2,159.0
2024-07-28,SKU-0154,109.2,159.0
2024-08-04,SKU-0154,295.6,159.0
2024-08-11,SKU-0154,260.6,159.0
2024-08-18,SKU-0154,197.6,159.0
2024-08-25,SKU-0154,167.6,159.0
2024-09-01,SKU-0154,76.6,159.0
2024-09-08,SKU-0154,17.6,159.0
2024-09-15,SKU-0154,0.0,159.0
2024-09-22,SKU-0154,0.0,159.0
2024-09-29,SKU-0154,166.4,159.0
2024-10-06,SKU-0154,119.4,159.0
2024-10-13,SKU-0154,51.4,159.0
2024-10-20,SKU-0154,173.8,159.0
2024-10-27,SKU-0154,89.8,159.0
2024-11-03,SKU-0154,0.8,159.0
2024-11-10,SKU-0154,0.0,159.0
2024-11-17,SKU-0154,0.0,159.0
2024-11-24,SKU-0154,123.4,159.0
2024-12-01,SKU-0154,42.4,159.0
2024-12-08,SKU-0154,205.8,159.0
2024-12-15,SKU-0154,140.8,159.0
2024-12-22,SKU-0154,60.8,159.0
2024-12-29,SKU-0154,30.8,159.0
2025-01-05,SKU-0154,144.2,159.0
2025-01-12,SKU-0154,104.2,159.0
2025-01-19,SKU-0154,47.2,159.0
2025-01-26,SKU-0154,243.6,159.0
2025-02-02,SKU-0154,200.6,159.0
2025-02-09,SKU-0154,175.6,159.0
2025-02-16,SKU-0154,136.6,159.0
2025-02-23,SKU-0154,111.6,159.0
2025-03-02,SKU-0154,83.6,159.0
2025-03-09,SKU-0154,275.0,159.0
2025-03-16,SKU-0154,199.0,159.0
2025-03-23,SKU-0154,167.0,159.0
2025-03-30,SKU-0154,140.0,159.0
2025-04-06,SKU-0154,328.4,159.0
2025-04-13,SKU-0154,284.4,159.0
2025-04-20,SKU-0154,191.4,159.0
2025-04-27,SKU-0154,146.4,159.0
2025-05-04,SKU-0154,114.4,159.0
2025-05-11,SKU-0154,69.4,159.0
2025-05-18,SKU-0154,246.8,159.0
2025-05-25,SKU-0154,203.8,159.0
2025-06-01,SKU-0154,168.8,159.0
2025-06-08,SKU-0154,77.8,159.0
2025-06-15,SKU-0154,0.0,159.0
2025-06-22,SKU-0154,0.0,159.0
2025-06-29,SKU-0154,179.4,159.0
2025-07-06,SKU-0154,126.4,159.0
2025-07-13,SKU-0154,75.4,159.0
2025-07-20,SKU-0154,1.4,159.0
2025-07-27,SKU-0154,0.0,159.0
2025-08-03,SKU-0154,0.0,159.0
2025-08-10,SKU-0154,162.4,159.0
2025-08-17,SKU-0154,116.4,159.0
2025-08-24,SKU-0154,57.4,159.0
2025-08-31,SKU-0154,0.0,159.0
2025-09-07,SKU-0154,0.0,159.0
2025-09-14,SKU-0154,189.4,159.0
2025-09-21,SKU-0154,125.4,159.0
2025-09-28,SKU-0154,70.4,159.0
2025-10-05,SKU-0154,46.4,159.0
2025-10-12,SKU-0154,0.0,159.0
2025-10-19,SKU-0154,172.4,159.0
2025-10-26,SKU-0154,121.4,159.0
2025-11-02,SKU-0154,82.4,159.0
2025-11-09,SKU-0154,0.0,159.0
2025-11-16,SKU-0154,125.4,159.0
2025-11-23,SKU-0154,24.4,159.0
2025-11-30,SKU-0154,0.0,159.0
2025-12-07,SKU-0154,0.0,159.0
2025-12-14,SKU-0154,133.4,159.0
2025-12-21,SKU-0154,27.4,159.0
2025-12-28,SKU-0154,0.0,159.0
2024-01-07,SKU-0155,252.8,131.0
2024-01-14,SKU-0155,233.8,131.0
2024-01-21,SKU-0155,183.8,131.0
2024-01-28,SKU-0155,152.8,131.0
2024-02-04,SKU-0155,78.8,131.0
2024-02-11,SKU-0155,35.8,131.0
2024-02-18,SKU-0155,189.6,131.0
2024-02-25,SKU-0155,148.6,131.0
2024-03-03,SKU-0155,119.6,131.0
2024-03-10,SKU-0155,56.6,131.0
2024-03-17,SKU-0155,19.6,131.0
2024-03-24,SKU-0155,160.4,131.0
2024-03-31,SKU-0155,124.4,131.0
2024-04-07,SKU-0155,103.4,131.0
2024-04-14,SKU-0155,63.4,131.0
2024-04-21,SKU-0155,30.4,131.0
2024-04-28,SKU-0155,166.2,131.0
2024-05-05,SKU-0155,99.2,131.0
2024-05-12,SKU-0155,78.2,131.0
2024-05-19,SKU-0155,41.2,131.0
2024-05-26,SKU-0155,134.0,131.0
2024-06-02,SKU-0155,98.0,131.0
2024-06-09,SKU-0155,65.0,131.0
2024-06-16,SKU-0155,21.0,131.0
2024-06-23,SKU-0155,123.8,131.0
2024-06-30,SKU-0155,82.8,131.0
2024-07-07,SKU-0155,13.8,131.0
2024-07-14,SKU-0155,165.6,131.0
2024-07-21,SKU-0155,89.6,131.0
2024-07-28,SKU-0155,56.6,131.0
2024-08-04,SKU-0155,1.6,131.0
2024-08-11,SKU-0155,0.0,131.0
2024-08-18,SKU-0155,0.0,131.0
2024-08-25,SKU-0155,67.8,131.0
2024-09-01,SKU-0155,196.6,131.0
2024-09-08,SKU-0155,163.6,131.0
2024-09-15,SKU-0155,69.6,131.0
2024-09-22,SKU-0155,9.6,131.0
2024-09-29,SKU-0155,59.4,131.0
2024-10-06,SKU-0155,14.4,131.0
2024-10-13,SKU-0155,0.0,131.0
2024-10-20,SKU-0155,0.0,131.0
2024-10-27,SKU-0155,156.8,131.0
2024-11-03,SKU-0155,76.8,131.0
2024-11-10,SKU-0155,21.8,131.0
2024-11-17,SKU-0155,5.8,131.0
2024-11-24,SKU-0155,131.6,131.0
2024-12-01,SKU-0155,100.6,131.0
2024-12-08,SKU-0155,80.6,131.0
2024-12-15,SKU-0155,49.6,131.0
2024-12-22,SKU-0155,17.6,131.0
2024-12-29,SKU-0155,0.0,131.0
2025-01-05,SKU-0155,0.0,131.0
2025-01-12,SKU-0155,111.8,131.0
2025-01-19,SKU-0155,9.8,131.0
2025-01-26,SKU-0155,0.0,131.0
2025-02-02,SKU-0155,0.0,131.0
2025-02-09,SKU-0155,142.8,131.0
2025-02-16,SKU-0155,109.8,131.0
2025-02-23,SKU-0155,88.8,131.0
2025-03-02,SKU-0155,57.8,131.0
2025-03-09,SKU-0155,0.0,131.0
2025-03-16,SKU-0155,150.8,131.0
2025-03-23,SKU-0155,94.8,131.0
2025-03-30,SKU-0155,63.8,131.0
2025-04-06,SKU-0155,40.8,131.0
2025-04-13,SKU-0155,183.6,131.0
2025-04-20,SKU-0155,125.6,131.0
2025-04-27,SKU-0155,89.6,131.0
2025-05-04,SKU-0155,60.6,131.0
2025-05-11,SKU-0155,26.6,131.0
2025-05-18,SKU-0155,178.4,131.0
2025-05-25,SKU-0155,136.4,131.0
2025-06-01,SKU-0155,74.4,131.0
2025-06-08,SKU-0155,9.4,131.0
2025-06-15,SKU-0155,0.0,131.0
2025-06-22,SKU-0155,120.8,131.0
2025-06-29,SKU-0155,107.8,131.0
2025-07-06,SKU-0155,235.6,131.0
2025-07-13,SKU-0155,216.6,131.0
2025-07-20,SKU-0155,185.6,131.0
2025-07-27,SKU-0155,158.6,131.0
2025-08-03,SKU-0155,107.6,131.0
2025-08-10,SKU-0155,69.6,131.0
2025-08-17,SKU-0155,38.6,131.0
2025-08-24,SKU-0155,172.4,131.0
2025-08-31,SKU-0155,154.4,131.0
2025-09-07,SKU-0155,129.4,131.0
2025-09-14,SKU-0155,75.4,131.0
2025-09-21,SKU-0155,0.0,131.0
2025-09-28,SKU-0155,0.0,131.0
2025-10-05,SKU-0155,93.8,131.0
2025-10-12,SKU-0155,55.8,131.0
2025-10-19,SKU-0155,0.0,131.0
2025-10-26,SKU-0155,0.0,131.0
2025-11-02,SKU-0155,116.8,131.0
2025-11-09,SKU-0155,24.8,131.0
2025-11-16,SKU-0155,0.0,131.0
2025-11-23,SKU-0155,0.0,131.0
2025-11-30,SKU-0155,142.8,131.0
2025-12-07,SKU-0155,100.8,131.0
2025-12-14,SKU-0155,42.8,131.0
2025-12-21,SKU-0155,1.8,131.0
2025-12-28,SKU-0155,0.0,131.0
2024-01-07,SKU-0156,288.2,140.0
2024-01-14,SKU-0156,263.2,140.0
2024-01-21,SKU-0156,233.2,140.0
2024-01-28,SKU-0156,209.2,140.0
2024-02-04,SKU-0156,171.2,140.0
2024-02-11,SKU-0156,148.2,140.0
2024-02-18,SKU-0156,127.2,140.0
2024-02-25,SKU-0156,106.2,140.0
2024-03-03,SKU-0156,272.4,140.0
2024-03-10,SKU-0156,227.4,140.0
2024-03-17,SKU-0156,167.4,140.0
2024-03-24,SKU-0156,133.4,140.0
2024-03-31,SKU-0156,113.4,140.0
2024-04-07,SKU-0156,282.6,140.0
2024-04-14,SKU-0156,251.6,140.0
2024-04-21,SKU-0156,219.6,140.0
2024-04-28,SKU-0156,180.6,140.0
2024-05-05,SKU-0156,141.6,140.0
2024-05-12,SKU-0156,88.6,140.0
2024-05-19,SKU-0156,61.6,140.0
2024-05-26,SKU-0156,0.0,140.0
2024-06-02,SKU-0156,0.0,140.0
2024-06-09,SKU-0156,152.2,140.0
2024-06-16,SKU-0156,114.2,140.0
2024-06-23,SKU-0156,86.2,140.0
2024-06-30,SKU-0156,72.2,140.0
2024-07-07,SKU-0156,3.2,140.0
2024-07-14,SKU-0156,0.0,140.0
2024-07-21,SKU-0156,116.2,140.0
2024-07-28,SKU-0156,100.2,140.0
2024-08-04,SKU-0156,245.4,140.0
2024-08-11,SKU-0156,208.4,140.0
2024-08-18,SKU-0156,132.4,140.0
2024-08-25,SKU-0156,87.4,140.0
2024-09-01,SKU-0156,48.4,140.0
2024-09-08,SKU-0156,206.6,140.0
2024-09-15,SKU-0156,154.6,140.0
2024-09-22,SKU-0156,118.6,140.0
2024-09-29,SKU-0156,69.6,140.0
2024-10-06,SKU-0156,14.6,140.0
2024-10-13,SKU-0156,155.8,140.0
2024-10-20,SKU-0156,111.8,140.0
2024-10-27,SKU-0156,72.8,140.0
2024-11-03,SKU-0156,207.0,140.0
2024-11-10,SKU-0156,179.0,140.0
2024-11-17,SKU-0156,160.0,140.0
2024-11-24,SKU-0156,111.0,140.0
2024-12-01,SKU-0156,38.0,140.0
2024-12-08,SKU-0156,0.0,140.0
2024-12-15,SKU-0156,152.2,140.0
2024-12-22,SKU-0156,99.2,140.0
2024-12-29,SKU-0156,68.2,140.0
2025-01-05,SKU-0156,234.4,140.0
2025-01-12,SKU-0156,205.4,140.0
2025-01-19,SKU-0156,168.4,140.0
2025-01-26,SKU-0156,133.4,140.0
2025-02-02,SKU-0156,69.4,140.0
2025-02-09,SKU-0156,40.4,140.0
2025-02-16,SKU-0156,24.4,140.0
2025-02-23,SKU-0156,191.6,140.0
2025-03-02,SKU-0156,164.6,140.0
2025-03-09,SKU-0156,131.6,140.0
2025-03-16,SKU-0156,111.6,140.0
2025-03-23,SKU-0156,63.6,140.0
2025-03-30,SKU-0156,203.8,140.0
2025-04-06,SKU-0156,177.8,140.0
2025-04-13,SKU-0156,108.8,140.0
2025-04-20,SKU-0156,72.8,140.0
2025-04-27,SKU-0156,48.8,140.0
2025-05-04,SKU-0156,205.0,140.0
2025-05-11,SKU-0156,177.0,140.0
2025-05-18,SKU-0156,111.0,140.0
2025-05-25,SKU-0156,81.0,140.0
2025-06-01,SKU-0156,6.0,140.0
2025-06-08,SKU-0156,0.0,140.0
2025-06-15,SKU-0156,0.0,140.0
2025-06-22,SKU-0156,134.2,140.0
2025-06-29,SKU-0156,97.2,140.0
2025-07-06,SKU-0156,64.2,140.0
2025-07-13,SKU-0156,42.2,140.0
2025-07-20,SKU-0156,0.0,140.0
2025-07-27,SKU-0156,49.2,140.0
2025-08-03,SKU-0156,24.2,140.0
2025-08-10,SKU-0156,169.4,140.0
2025-08-17,SKU-0156,66.4,140.0
2025-08-24,SKU-0156,142.6,140.0
2025-08-31,SKU-0156,47.6,140.0
2025-09-07,SKU-0156,5.6,140.0
2025-09-14,SKU-0156,106.8,140.0
2025-09-21,SKU-0156,61.8,140.0
2025-09-28,SKU-0156,35.8,140.0
2025-10-05,SKU-0156,168.0,140.0
2025-10-12,SKU-0156,110.0,140.0
2025-10-19,SKU-0156,199.2,140.0
2025-10-26,SKU-0156,164.2,140.0
2025-11-02,SKU-0156,128.2,140.0
2025-11-09,SKU-0156,248.4,140.0
2025-11-16,SKU-0156,172.4,140.0
2025-11-23,SKU-0156,42.4,140.0
2025-11-30,SKU-0156,0.0,140.0
2025-12-07,SKU-0156,0.0,140.0
2025-12-14,SKU-0156,0.0,140.0
2025-12-21,SKU-0156,0.0,140.0
2025-12-28,SKU-0156,0.0,140.0
2024-01-07,SKU-0157,520.4,252.0
2024-01-14,SKU-0157,384.4,252.0
2024-01-21,SKU-0157,311.4,252.0
2024-01-28,SKU-0157,263.4,252.0
2024-02-04,SKU-0157,210.4,252.0
2024-02-11,SKU-0157,119.4,252.0
2024-02-18,SKU-0157,74.4,252.0
2024-02-25,SKU-0157,1.4,252.0
2024-03-03,SKU-0157,264.8,252.0
2024-03-10,SKU-0157,171.8,252.0
2024-03-17,SKU-0157,72.8,252.0
2024-03-24,SKU-0157,0.0,252.0
2024-03-31,SKU-0157,256.4,252.0
2024-04-07,SKU-0157,154.4,252.0
2024-04-14,SKU-0157,80.4,252.0
2024-04-21,SKU-0157,27.4,252.0
2024-04-28,SKU-0157,290.8,252.0
2024-05-05,SKU-0157,192.8,252.0
2024-05-12,SKU-0157,78.8,252.0
2024-05-19,SKU-0157,0.0,252.0
2024-05-26,SKU-0157,0.0,252.0
2024-06-02,SKU-0157,283.4,252.0
2024-06-09,SKU-0157,230.4,252.0
2024-06-16,SKU-0157,143.4,252.0
2024-06-23,SKU-0157,107.4,252.0
2024-06-30,SKU-0157,397.8,252.0
2024-07-07,SKU-0157,311.8,252.0
2024-07-14,SKU-0157,224.8,252.0
2024-07-21,SKU-0157,182.8,252.0
2024-07-28,SKU-0157,83.8,252.0
2024-08-04,SKU-0157,0.8,252.0
2024-08-11,SKU-0157,229.2,252.0
2024-08-18,SKU-0157,107.2,252.0
2024-08-25,SKU-0157,31.2,252.0
2024-09-01,SKU-0157,284.6,252.0
2024-09-08,SKU-0157,185.6,252.0
2024-09-15,SKU-0157,131.6,252.0
2024-09-22,SKU-0157,30.6,252.0
2024-09-29,SKU-0157,0.0,252.0
2024-10-06,SKU-0157,201.4,252.0
2024-10-13,SKU-0157,92.4,252.0
2024-10-20,SKU-0157,25.4,252.0
2024-10-27,SKU-0157,274.8,252.0
2024-11-03,SKU-0157,189.8,252.0
2024-11-10,SKU-0157,67.8,252.0
2024-11-17,SKU-0157,231.2,252.0
2024-11-24,SKU-0157,135.2,252.0
2024-12-01,SKU-0157,359.6,252.0
2024-12-08,SKU-0157,197.6,252.0
2024-12-15,SKU-0157,100.6,252.0
2024-12-22,SKU-0157,0.0,252.0
2024-12-29,SKU-0157,0.0,252.0
2025-01-05,SKU-0157,273.4,252.0
2025-01-12,SKU-0157,178.4,252.0
2025-01-19,SKU-0157,66.4,252.0
2025-01-26,SKU-0157,359.8,252.0
2025-02-02,SKU-0157,295.8,252.0
2025-02-09,SKU-0157,182.8,252.0
2025-02-16,SKU-0157,104.8,252.0
2025-02-23,SKU-0157,55.8,252.0
2025-03-02,SKU-0157,308.2,252.0
2025-03-09,SKU-0157,249.2,252.0
2025-03-16,SKU-0157,128.2,252.0
2025-03-23,SKU-0157,75.2,252.0
2025-03-30,SKU-0157,363.6,252.0
2025-04-06,SKU-0157,283.6,252.0
2025-04-13,SKU-0157,207.6,252.0
2025-04-20,SKU-0157,131.6,252.0
2025-04-27,SKU-0157,77.6,252.0
2025-05-04,SKU-0157,309.0,252.0
2025-05-11,SKU-0157,236.0,252.0
2025-05-18,SKU-0157,185.0,252.0
2025-05-25,SKU-0157,0.0,252.0
2025-06-01,SKU-0157,0.0,252.0
2025-06-08,SKU-0157,0.0,252.0
2025-06-15,SKU-0157,223.4,252.0
2025-06-22,SKU-0157,167.4,252.0
2025-06-29,SKU-0157,374.8,252.0
2025-07-06,SKU-0157,237.8,252.0
2025-07-13,SKU-0157,131.8,252.0
2025-07-20,SKU-0157,352.2,252.0
2025-07-27,SKU-0157,228.2,252.0
2025-08-03,SKU-0157,41.2,252.0
2025-08-10,SKU-0157,43.6,252.0
2025-08-17,SKU-0157,10.6,252.0
2025-08-24,SKU-0157,0.0,252.0
2025-08-31,SKU-0157,0.0,252.0
2025-09-07,SKU-0157,0.0,252.0
2025-09-14,SKU-0157,243.4,252.0
2025-09-21,SKU-0157,137.4,252.0
2025-09-28,SKU-0157,63.4,252.0
2025-10-05,SKU-0157,0.0,252.0
2025-10-12,SKU-0157,211.4,252.0
2025-10-19,SKU-0157,114.4,252.0
2025-10-26,SKU-0157,262.8,252.0
2025-11-02,SKU-0157,11.8,252.0
2025-11-09,SKU-0157,0.0,252.0
2025-11-16,SKU-0157,229.4,252.0
2025-11-23,SKU-0157,143.4,252.0
2025-11-30,SKU-0157,0.0,252.0
2025-12-07,SKU-0157,260.4,252.0
2025-12-14,SKU-0157,136.4,252.0
2025-12-21,SKU-0157,58.4,252.0
2025-12-28,SKU-0157,0.0,252.0
2024-01-07,SKU-0158,583.6,270.0
2024-01-14,SKU-0158,413.6,270.0
2024-01-21,SKU-0158,355.6,270.0
2024-01-28,SKU-0158,327.6,270.0
2024-02-04,SKU-0158,288.6,270.0
2024-02-11,SKU-0158,257.6,270.0
2024-02-18,SKU-0158,203.6,270.0
2024-02-25,SKU-0158,152.6,270.0
2024-03-03,SKU-0158,342.2,270.0
2024-03-10,SKU-0158,298.2,270.0
2024-03-17,SKU-0158,259.2,270.0
2024-03-24,SKU-0158,176.2,270.0
2024-03-31,SKU-0158,0.0,270.0
2024-04-07,SKU-0158,0.0,270.0
2024-04-14,SKU-0158,307.6,270.0
2024-04-21,SKU-0158,138.6,270.0
2024-04-28,SKU-0158,108.6,270.0
2024-05-05,SKU-0158,389.2,270.0
2024-05-12,SKU-0158,326.2,270.0
2024-05-19,SKU-0158,212.2,270.0
2024-05-26,SKU-0158,108.2,270.0
2024-06-02,SKU-0158,34.2,270.0
2024-06-09,SKU-0158,0.0,270.0
2024-06-16,SKU-0158,276.6,270.0
2024-06-23,SKU-0158,208.6,270.0
2024-06-30,SKU-0158,148.6,270.0
2024-07-07,SKU-0158,66.6,270.0
2024-07-14,SKU-0158,338.2,270.0
2024-07-21,SKU-0158,133.2,270.0
2024-07-28,SKU-0158,33.2,270.0
2024-08-04,SKU-0158,0.0,270.0
2024-08-11,SKU-0158,264.6,270.0
2024-08-18,SKU-0158,208.6,270.0
2024-08-25,SKU-0158,349.2,270.0
2024-09-01,SKU-0158,247.2,270.0
2024-09-08,SKU-0158,187.2,270.0
2024-09-15,SKU-0158,497.8,270.0
2024-09-22,SKU-0158,375.8,270.0
2024-09-29,SKU-0158,323.8,270.0
2024-10-06,SKU-0158,278.8,270.0
2024-10-13,SKU-0158,194.8,270.0
2024-10-20,SKU-0158,139.8,270.0
2024-10-27,SKU-0158,51.8,270.0
2024-11-03,SKU-0158,0.0,270.0
2024-11-10,SKU-0158,72.6,270.0
2024-11-17,SKU-0158,0.0,270.0
2024-11-24,SKU-0158,0.0,270.0
2024-12-01,SKU-0158,0.0,270.0
2024-12-08,SKU-0158,223.6,270.0
2024-12-15,SKU-0158,163.6,270.0
2024-12-22,SKU-0158,447.2,270.0
2024-12-29,SKU-0158,373.2,270.0
2025-01-05,SKU-0158,337.2,270.0
2025-01-12,SKU-0158,314.2,270.0
2025-01-19,SKU-0158,202.2,270.0
2025-01-26,SKU-0158,131.2,270.0
2025-02-02,SKU-0158,89.2,270.0
2025-02-09,SKU-0158,371.8,270.0
2025-02-16,SKU-0158,313.8,270.0
2025-02-23,SKU-0158,212.8,270.0
2025-03-02,SKU-0158,153.8,270.0
2025-03-09,SKU-0158,417.4,270.0
2025-03-16,SKU-0158,398.4,270.0
2025-03-23,SKU-0158,187.4,270.0
2025-03-30,SKU-0158,79.4,270.0
2025-04-06,SKU-0158,26.4,270.0
2025-04-13,SKU-0158,0.0,270.0
2025-04-20,SKU-0158,338.6,270.0
2025-04-27,SKU-0158,281.6,270.0
2025-05-04,SKU-0158,228.6,270.0
2025-05-11,SKU-0158,163.6,270.0
2025-05-18,SKU-0158,99.6,270.0
2025-05-25,SKU-0158,379.2,270.0
2025-06-01,SKU-0158,351.2,270.0
2025-06-08,SKU-0158,323.2,270.0
2025-06-15,SKU-0158,197.2,270.0
2025-06-22,SKU-0158,120.2,270.0
2025-06-29,SKU-0158,0.0,270.0
2025-07-06,SKU-0158,0.0,270.0
2025-07-13,SKU-0158,0.0,270.0
2025-07-20,SKU-0158,320.6,270.0
2025-07-27,SKU-0158,0.0,270.0
2025-08-03,SKU-0158,0.0,270.0
2025-08-10,SKU-0158,0.0,270.0
2025-08-17,SKU-0158,0.0,270.0
2025-08-24,SKU-0158,216.6,270.0
2025-08-31,SKU-0158,191.6,270.0
2025-09-07,SKU-0158,144.6,270.0
2025-09-14,SKU-0158,122.6,270.0
2025-09-21,SKU-0158,351.2,270.0
2025-09-28,SKU-0158,238.2,270.0
2025-10-05,SKU-0158,162.2,270.0
2025-10-12,SKU-0158,475.8,270.0
2025-10-19,SKU-0158,392.8,270.0
2025-10-26,SKU-0158,315.8,270.0
2025-11-02,SKU-0158,196.8,270.0
2025-11-09,SKU-0158,139.8,270.0
2025-11-16,SKU-0158,0.0,270.0
2025-11-23,SKU-0158,301.6,270.0
2025-11-30,SKU-0158,224.6,270.0
2025-12-07,SKU-0158,139.6,270.0
2025-12-14,SKU-0158,337.2,270.0
2025-12-21,SKU-0158,243.2,270.0
2025-12-28,SKU-0158,0.0,270.0
2024-01-07,SKU-0159,249.0,134.0
2024-01-14,SKU-0159,222.0,134.0
2024-01-21,SKU-0159,165.0,134.0
2024-01-28,SKU-0159,144.0,134.0
2024-02-04,SKU-0159,126.0,134.0
2024-02-11,SKU-0159,48.0,134.0
2024-02-18,SKU-0159,181.0,134.0
2024-02-25,SKU-0159,103.0,134.0
2024-03-03,SKU-0159,69.0,134.0
2024-03-10,SKU-0159,218.0,134.0
2024-03-17,SKU-0159,193.0,134.0
2024-03-24,SKU-0159,111.0,134.0
2024-03-31,SKU-0159,60.0,134.0
2024-04-07,SKU-0159,42.0,134.0
2024-04-14,SKU-0159,196.0,134.0
2024-04-21,SKU-0159,170.0,134.0
2024-04-28,SKU-0159,149.0,134.0
2024-05-05,SKU-0159,83.0,134.0
2024-05-12,SKU-0159,46.0,134.0
2024-05-19,SKU-0159,0.0,134.0
2024-05-26,SKU-0159,135.0,134.0
2024-06-02,SKU-0159,117.0,134.0
2024-06-09,SKU-0159,265.0,134.0
2024-06-16,SKU-0159,241.0,134.0
2024-06-23,SKU-0159,178.0,134.0
2024-06-30,SKU-0159,129.0,134.0
2024-07-07,SKU-0159,277.0,134.0
2024-07-14,SKU-0159,198.0,134.0
2024-07-21,SKU-0159,66.0,134.0
2024-07-28,SKU-0159,219.0,134.0
2024-08-04,SKU-0159,202.0,134.0
2024-08-11,SKU-0159,156.0,134.0
2024-08-18,SKU-0159,105.0,134.0
2024-08-25,SKU-0159,88.0,134.0
2024-09-01,SKU-0159,65.0,134.0
2024-09-08,SKU-0159,38.0,134.0
2024-09-15,SKU-0159,160.0,134.0
2024-09-22,SKU-0159,113.0,134.0
2024-09-29,SKU-0159,269.0,134.0
2024-10-06,SKU-0159,241.0,134.0
2024-10-13,SKU-0159,216.0,134.0
2024-10-20,SKU-0159,171.0,134.0
2024-10-27,SKU-0159,48.0,134.0
2024-11-03,SKU-0159,0.0,134.0
2024-11-10,SKU-0159,0.0,134.0
2024-11-17,SKU-0159,148.0,134.0
2024-11-24,SKU-0159,57.0,134.0
2024-12-01,SKU-0159,22.0,134.0
2024-12-08,SKU-0159,0.0,134.0
2024-12-15,SKU-0159,91.0,134.0
2024-12-22,SKU-0159,45.0,134.0
2024-12-29,SKU-0159,0.0,134.0
2025-01-05,SKU-0159,0.0,134.0
2025-01-12,SKU-0159,152.0,134.0
2025-01-19,SKU-0159,114.0,134.0
2025-01-26,SKU-0159,67.0,134.0
2025-02-02,SKU-0159,212.0,134.0
2025-02-09,SKU-0159,193.0,134.0
2025-02-16,SKU-0159,130.0,134.0
2025-02-23,SKU-0159,104.0,134.0
2025-03-02,SKU-0159,257.0,134.0
2025-03-09,SKU-0159,229.0,134.0
2025-03-16,SKU-0159,172.0,134.0
2025-03-23,SKU-0159,131.0,134.0
2025-03-30,SKU-0159,43.0,134.0
2025-04-06,SKU-0159,24.0,134.0
2025-04-13,SKU-0159,0.0,134.0
2025-04-20,SKU-0159,137.0,134.0
2025-04-27,SKU-0159,103.0,134.0
2025-05-04,SKU-0159,83.0,134.0
2025-05-11,SKU-0159,59.0,134.0
2025-05-18,SKU-0159,29.0,134.0
2025-05-25,SKU-0159,176.0,134.0
2025-06-01,SKU-0159,139.0,134.0
2025-06-08,SKU-0159,104.0,134.0
2025-06-15,SKU-0159,80.0,134.0
2025-06-22,SKU-0159,240.0,134.0
2025-06-29,SKU-0159,164.0,134.0
2025-07-06,SKU-0159,82.0,134.0
2025-07-13,SKU-0159,42.0,134.0
2025-07-20,SKU-0159,154.0,134.0
2025-07-27,SKU-0159,92.0,134.0
2025-08-03,SKU-0159,29.0,134.0
2025-08-10,SKU-0159,177.0,134.0
2025-08-17,SKU-0159,134.0,134.0
2025-08-24,SKU-0159,102.0,134.0
2025-08-31,SKU-0159,261.0,134.0
2025-09-07,SKU-0159,239.0,134.0
2025-09-14,SKU-0159,193.0,134.0
2025-09-21,SKU-0159,151.0,134.0
2025-09-28,SKU-0159,99.0,134.0
2025-10-05,SKU-0159,53.0,134.0
2025-10-12,SKU-0159,5.0,134.0
2025-10-19,SKU-0159,0.0,134.0
2025-10-26,SKU-0159,151.0,134.0
2025-11-02,SKU-0159,114.0,134.0
2025-11-09,SKU-0159,0.0,134.0
2025-11-16,SKU-0159,113.0,134.0
2025-11-23,SKU-0159,14.0,134.0
2025-11-30,SKU-0159,0.0,134.0
2025-12-07,SKU-0159,0.0,134.0
2025-12-14,SKU-0159,79.0,134.0
2025-12-21,SKU-0159,197.0,134.0
2025-12-28,SKU-0159,130.0,134.0
2024-01-07,SKU-0160,369.4,192.0
2024-01-14,SKU-0160,319.4,192.0
2024-01-21,SKU-0160,292.4,192.0
2024-01-28,SKU-0160,266.4,192.0
2024-02-04,SKU-0160,241.4,192.0
2024-02-11,SKU-0160,217.4,192.0
2024-02-18,SKU-0160,200.4,192.0
2024-02-25,SKU-0160,173.4,192.0
2024-03-03,SKU-0160,136.4,192.0
2024-03-10,SKU-0160,271.8,192.0
2024-03-17,SKU-0160,237.8,192.0
2024-03-24,SKU-0160,182.8,192.0
2024-03-31,SKU-0160,134.8,192.0
2024-04-07,SKU-0160,83.8,192.0
2024-04-14,SKU-0160,310.2,192.0
2024-04-21,SKU-0160,239.2,192.0
2024-04-28,SKU-0160,197.2,192.0
2024-05-05,SKU-0160,97.2,192.0
2024-05-12,SKU-0160,32.2,192.0
2024-05-19,SKU-0160,3.2,192.0
2024-05-26,SKU-0160,0.0,192.0
2024-06-02,SKU-0160,225.4,192.0
2024-06-09,SKU-0160,201.4,192.0
2024-06-16,SKU-0160,38.4,192.0
2024-06-23,SKU-0160,0.0,192.0
2024-06-30,SKU-0160,157.4,192.0
2024-07-07,SKU-0160,109.4,192.0
2024-07-14,SKU-0160,62.4,192.0
2024-07-21,SKU-0160,282.8,192.0
2024-07-28,SKU-0160,238.8,192.0
2024-08-04,SKU-0160,195.8,192.0
2024-08-11,SKU-0160,168.8,192.0
2024-08-18,SKU-0160,55.8,192.0
2024-08-25,SKU-0160,276.2,192.0
2024-09-01,SKU-0160,183.2,192.0
2024-09-08,SKU-0160,150.2,192.0
2024-09-15,SKU-0160,87.2,192.0
2024-09-22,SKU-0160,306.6,192.0
2024-09-29,SKU-0160,259.6,192.0
2024-10-06,SKU-0160,200.6,192.0
2024-10-13,SKU-0160,152.6,192.0
2024-10-20,SKU-0160,93.6,192.0
2024-10-27,SKU-0160,39.6,192.0
2024-11-03,SKU-0160,0.0,192.0
2024-11-10,SKU-0160,181.4,192.0
2024-11-17,SKU-0160,103.4,192.0
2024-11-24,SKU-0160,0.0,192.0
2024-12-01,SKU-0160,192.4,192.0
2024-12-08,SKU-0160,153.4,192.0
2024-12-15,SKU-0160,101.4,192.0
2024-12-22,SKU-0160,287.8,192.0
2024-12-29,SKU-0160,223.8,192.0
2025-01-05,SKU-0160,151.8,192.0
2025-01-12,SKU-0160,43.8,192.0
2025-01-19,SKU-0160,238.2,192.0
2025-01-26,SKU-0160,175.2,192.0
2025-02-02,SKU-0160,108.2,192.0
2025-02-09,SKU-0160,65.2,192.0
2025-02-16,SKU-0160,270.6,192.0
2025-02-23,SKU-0160,195.6,192.0
2025-03-02,SKU-0160,121.6,192.0
2025-03-09,SKU-0160,97.6,192.0
2025-03-16,SKU-0160,305.0,192.0
2025-03-23,SKU-0160,258.0,192.0
2025-03-30,SKU-0160,198.0,192.0
2025-04-06,SKU-0160,78.0,192.0
2025-04-13,SKU-0160,0.0,192.0
2025-04-20,SKU-0160,0.0,192.0
2025-04-27,SKU-0160,0.0,192.0
2025-05-04,SKU-0160,209.4,192.0
2025-05-11,SKU-0160,115.4,192.0
2025-05-18,SKU-0160,45.4,192.0
2025-05-25,SKU-0160,0.0,192.0
2025-06-01,SKU-0160,214.4,192.0
2025-06-08,SKU-0160,116.4,192.0
2025-06-15,SKU-0160,31.4,192.0
2025-06-22,SKU-0160,259.8,192.0
2025-06-29,SKU-0160,141.8,192.0
2025-07-06,SKU-0160,86.8,192.0
2025-07-13,SKU-0160,8.8,192.0
2025-07-20,SKU-0160,225.2,192.0
2025-07-27,SKU-0160,168.2,192.0
2025-08-03,SKU-0160,111.2,192.0
2025-08-10,SKU-0160,97.2,192.0
2025-08-17,SKU-0160,227.6,192.0
2025-08-24,SKU-0160,147.6,192.0
2025-08-31,SKU-0160,91.6,192.0
2025-09-07,SKU-0160,196.0,192.0
2025-09-14,SKU-0160,69.0,192.0
2025-09-21,SKU-0160,0.0,192.0
2025-09-28,SKU-0160,0.0,192.0
2025-10-05,SKU-0160,0.0,192.0
2025-10-12,SKU-0160,175.4,192.0
2025-10-19,SKU-0160,28.4,192.0
2025-10-26,SKU-0160,0.0,192.0
2025-11-02,SKU-0160,181.4,192.0
2025-11-09,SKU-0160,384.8,192.0
2025-11-16,SKU-0160,324.8,192.0
2025-11-23,SKU-0160,273.8,192.0
2025-11-30,SKU-0160,224.8,192.0
2025-12-07,SKU-0160,108.8,192.0
2025-12-14,SKU-0160,39.8,192.0
2025-12-21,SKU-0160,0.0,192.0
2025-12-28,SKU-0160,0.0,192.0
2024-01-07,SKU-0161,294.2,143.0
2024-01-14,SKU-0161,272.2,143.0
2024-01-21,SKU-0161,213.2,143.0
2024-01-28,SKU-0161,181.2,143.0
2024-02-04,SKU-0161,136.2,143.0
2024-02-11,SKU-0161,105.2,143.0
2024-02-18,SKU-0161,81.2,143.0
2024-02-25,SKU-0161,252.4,143.0
2024-03-03,SKU-0161,192.4,143.0
2024-03-10,SKU-0161,151.4,143.0
2024-03-17,SKU-0161,128.4,143.0
2024-03-24,SKU-0161,85.4,143.0
2024-03-31,SKU-0161,22.4,143.0
2024-04-07,SKU-0161,0.0,143.0
2024-04-14,SKU-0161,132.2,143.0
2024-04-21,SKU-0161,98.2,143.0
2024-04-28,SKU-0161,82.2,143.0
2024-05-05,SKU-0161,250.4,143.0
2024-05-12,SKU-0161,214.4,143.0
2024-05-19,SKU-0161,167.4,143.0
2024-05-26,SKU-0161,103.4,143.0
2024-06-02,SKU-0161,0.0,143.0
2024-06-09,SKU-0161,148.2,143.0
2024-06-16,SKU-0161,103.2,143.0
2024-06-23,SKU-0161,39.2,143.0
2024-06-30,SKU-0161,0.0,143.0
2024-07-07,SKU-0161,155.2,143.0
2024-07-14,SKU-0161,111.2,143.0
2024-07-21,SKU-0161,21.2,143.0
2024-07-28,SKU-0161,0.0,143.0
2024-08-04,SKU-0161,0.0,143.0
2024-08-11,SKU-0161,0.0,143.0
2024-08-18,SKU-0161,150.2,143.0
2024-08-25,SKU-0161,70.2,143.0
2024-09-01,SKU-0161,36.2,143.0
2024-09-08,SKU-0161,210.4,143.0
2024-09-15,SKU-0161,177.4,143.0
2024-09-22,SKU-0161,155.4,143.0
2024-09-29,SKU-0161,107.4,143.0
2024-10-06,SKU-0161,56.4,143.0
2024-10-13,SKU-0161,17.4,143.0
2024-10-20,SKU-0161,102.6,143.0
2024-10-27,SKU-0161,74.6,143.0
2024-11-03,SKU-0161,44.6,143.0
2024-11-10,SKU-0161,174.8,143.0
2024-11-17,SKU-0161,94.8,143.0
2024-11-24,SKU-0161,34.8,143.0
2024-12-01,SKU-0161,0.0,143.0
2024-12-08,SKU-0161,0.0,143.0
2024-12-15,SKU-0161,171.2,143.0
2024-12-22,SKU-0161,142.2,143.0
2024-12-29,SKU-0161,96.2,143.0
2025-01-05,SKU-0161,272.4,143.0
2025-01-12,SKU-0161,236.4,143.0
2025-01-19,SKU-0161,206.4,143.0
2025-01-26,SKU-0161,173.4,143.0
2025-02-02,SKU-0161,136.4,143.0
2025-02-09,SKU-0161,90.4,143.0
2025-02-16,SKU-0161,52.4,143.0
2025-02-23,SKU-0161,15.4,143.0
2025-03-02,SKU-0161,190.6,143.0
2025-03-09,SKU-0161,156.6,143.0
2025-03-16,SKU-0161,131.6,143.0
2025-03-23,SKU-0161,103.6,143.0
2025-03-30,SKU-0161,92.6,143.0
2025-04-06,SKU-0161,259.8,143.0
2025-04-13,SKU-0161,225.8,143.0
2025-04-20,SKU-0161,151.8,143.0
2025-04-27,SKU-0161,128.8,143.0
2025-05-04,SKU-0161,110.8,143.0
2025-05-11,SKU-0161,68.8,143.0
2025-05-18,SKU-0161,0.0,143.0
2025-05-25,SKU-0161,131.2,143.0
2025-06-01,SKU-0161,95.2,143.0
2025-06-08,SKU-0161,45.2,143.0
2025-06-15,SKU-0161,206.4,143.0
2025-06-22,SKU-0161,158.4,143.0
2025-06-29,SKU-0161,121.4,143.0
2025-07-06,SKU-0161,13.4,143.0
2025-07-13,SKU-0161,176.6,143.0
2025-07-20,SKU-0161,123.6,143.0
2025-07-27,SKU-0161,72.6,143.0
2025-08-03,SKU-0161,31.6,143.0
2025-08-10,SKU-0161,175.8,143.0
2025-08-17,SKU-0161,46.8,143.0
2025-08-24,SKU-0161,23.8,143.0
2025-08-31,SKU-0161,0.0,143.0
2025-09-07,SKU-0161,0.0,143.0
2025-09-14,SKU-0161,163.2,143.0
2025-09-21,SKU-0161,138.2,143.0
2025-09-28,SKU-0161,118.2,143.0
2025-10-05,SKU-0161,3.2,143.0
2025-10-12,SKU-0161,0.0,143.0
2025-10-19,SKU-0161,156.2,143.0
2025-10-26,SKU-0161,120.2,143.0
2025-11-02,SKU-0161,71.2,143.0
2025-11-09,SKU-0161,3.2,143.0
2025-11-16,SKU-0161,0.0,143.0
2025-11-23,SKU-0161,0.0,143.0
2025-11-30,SKU-0161,111.2,143.0
2025-12-07,SKU-0161,5.2,143.0
2025-12-14,SKU-0161,0.0,143.0
2025-12-21,SKU-0161,114.2,143.0
2025-12-28,SKU-0161,46.2,143.0
2024-01-07,SKU-0162,446.8,238.0
2024-01-14,SKU-0162,364.8,238.0
2024-01-21,SKU-0162,308.8,238.0
2024-01-28,SKU-0162,261.8,238.0
2024-02-04,SKU-0162,215.8,238.0
2024-02-11,SKU-0162,152.8,238.0
2024-02-18,SKU-0162,112.8,238.0
2024-02-25,SKU-0162,54.8,238.0
2024-03-03,SKU-0162,326.6,238.0
2024-03-10,SKU-0162,260.6,238.0
2024-03-17,SKU-0162,198.6,238.0
2024-03-24,SKU-0162,125.6,238.0
2024-03-31,SKU-0162,12.6,238.0
2024-04-07,SKU-0162,0.0,238.0
2024-04-14,SKU-0162,0.0,238.0
2024-04-21,SKU-0162,222.8,238.0
2024-04-28,SKU-0162,149.8,238.0
2024-05-05,SKU-0162,70.8,238.0
2024-05-12,SKU-0162,319.6,238.0
2024-05-19,SKU-0162,269.6,238.0
2024-05-26,SKU-0162,232.6,238.0
2024-06-02,SKU-0162,142.6,238.0
2024-06-09,SKU-0162,37.6,238.0
2024-06-16,SKU-0162,322.4,238.0
2024-06-23,SKU-0162,267.4,238.0
2024-06-30,SKU-0162,239.4,238.0
2024-07-07,SKU-0162,208.4,238.0
2024-07-14,SKU-0162,99.4,238.0
2024-07-21,SKU-0162,34.4,238.0
2024-07-28,SKU-0162,210.2,238.0
2024-08-04,SKU-0162,176.2,238.0
2024-08-11,SKU-0162,416.0,238.0
2024-08-18,SKU-0162,301.0,238.0
2024-08-25,SKU-0162,189.0,238.0
2024-09-01,SKU-0162,1.0,238.0
2024-09-08,SKU-0162,226.8,238.0
2024-09-15,SKU-0162,134.8,238.0
2024-09-22,SKU-0162,43.8,238.0
2024-09-29,SKU-0162,0.0,238.0
2024-10-06,SKU-0162,224.8,238.0
2024-10-13,SKU-0162,145.8,238.0
2024-10-20,SKU-0162,73.8,238.0
2024-10-27,SKU-0162,0.0,238.0
2024-11-03,SKU-0162,239.8,238.0
2024-11-10,SKU-0162,176.8,238.0
2024-11-17,SKU-0162,26.8,238.0
2024-11-24,SKU-0162,0.0,238.0
2024-12-01,SKU-0162,0.0,238.0
2024-12-08,SKU-0162,0.0,238.0
2024-12-15,SKU-0162,245.8,238.0
2024-12-22,SKU-0162,187.8,238.0
2024-12-29,SKU-0162,46.8,238.0
2025-01-05,SKU-0162,0.0,238.0
2025-01-12,SKU-0162,0.0,238.0
2025-01-19,SKU-0162,0.0,238.0
2025-01-26,SKU-0162,237.8,238.0
2025-02-02,SKU-0162,129.8,238.0
2025-02-09,SKU-0162,359.6,238.0
2025-02-16,SKU-0162,272.6,238.0
2025-02-23,SKU-0162,222.6,238.0
2025-03-02,SKU-0162,149.6,238.0
2025-03-09,SKU-0162,41.6,238.0
2025-03-16,SKU-0162,320.4,238.0
2025-03-23,SKU-0162,219.4,238.0
2025-03-30,SKU-0162,146.4,238.0
2025-04-06,SKU-0162,411.2,238.0
2025-04-13,SKU-0162,319.2,238.0
2025-04-20,SKU-0162,233.2,238.0
2025-04-27,SKU-0162,181.2,238.0
2025-05-04,SKU-0162,116.2,238.0
2025-05-11,SKU-0162,385.0,238.0
2025-05-18,SKU-0162,321.0,238.0
2025-05-25,SKU-0162,279.0,238.0
2025-06-01,SKU-0162,243.0,238.0
2025-06-08,SKU-0162,135.0,238.0
2025-06-15,SKU-0162,101.0,238.0
2025-06-22,SKU-0162,64.0,238.0
2025-06-29,SKU-0162,19.0,238.0
2025-07-06,SKU-0162,0.0,238.0
2025-07-13,SKU-0162,281.8,238.0
2025-07-20,SKU-0162,224.8,238.0
2025-07-27,SKU-0162,173.8,238.0
2025-08-03,SKU-0162,383.6,238.0
2025-08-10,SKU-0162,332.6,238.0
2025-08-17,SKU-0162,199.6,238.0
2025-08-24,SKU-0162,127.6,238.0
2025-08-31,SKU-0162,0.0,238.0
2025-09-07,SKU-0162,0.0,238.0
2025-09-14,SKU-0162,0.0,238.0
2025-09-21,SKU-0162,275.8,238.0
2025-09-28,SKU-0162,219.8,238.0
2025-10-05,SKU-0162,145.8,238.0
2025-10-12,SKU-0162,393.6,238.0
2025-10-19,SKU-0162,288.6,238.0
2025-10-26,SKU-0162,210.6,238.0
2025-11-02,SKU-0162,68.6,238.0
2025-11-09,SKU-0162,0.0,238.0
2025-11-16,SKU-0162,0.0,238.0
2025-11-23,SKU-0162,170.8,238.0
2025-11-30,SKU-0162,59.8,238.0
2025-12-07,SKU-0162,0.0,238.0
2025-12-14,SKU-0162,0.0,238.0
2025-12-21,SKU-0162,0.0,238.0
2025-12-28,SKU-0162,0.0,238.0
2024-01-07,SKU-0163,629.2,313.0
2024-01-14,SKU-0163,543.2,313.0
2024-01-21,SKU-0163,368.2,313.0
2024-01-28,SKU-0163,341.2,313.0
2024-02-04,SKU-0163,252.2,313.0
2024-02-11,SKU-0163,169.2,313.0
2024-02-18,SKU-0163,40.2,313.0
2024-02-25,SKU-0163,0.0,313.0
2024-03-03,SKU-0163,321.2,313.0
2024-03-10,SKU-0163,262.2,313.0
2024-03-17,SKU-0163,224.2,313.0
2024-03-24,SKU-0163,591.4,313.0
2024-03-31,SKU-0163,423.4,313.0
2024-04-07,SKU-0163,381.4,313.0
2024-04-14,SKU-0163,273.4,313.0
2024-04-21,SKU-0163,232.4,313.0
2024-04-28,SKU-0163,102.4,313.0
2024-05-05,SKU-0163,394.6,313.0
2024-05-12,SKU-0163,297.6,313.0
2024-05-19,SKU-0163,229.6,313.0
2024-05-26,SKU-0163,139.6,313.0
2024-06-02,SKU-0163,30.6,313.0
2024-06-09,SKU-0163,371.8,313.0
2024-06-16,SKU-0163,340.8,313.0
2024-06-23,SKU-0163,207.8,313.0
2024-06-30,SKU-0163,113.8,313.0
2024-07-07,SKU-0163,447.0,313.0
2024-07-14,SKU-0163,376.0,313.0
2024-07-21,SKU-0163,361.0,313.0
2024-07-28,SKU-0163,278.0,313.0
2024-08-04,SKU-0163,203.0,313.0
2024-08-11,SKU-0163,500.2,313.0
2024-08-18,SKU-0163,394.2,313.0
2024-08-25,SKU-0163,332.2,313.0
2024-09-01,SKU-0163,208.2,313.0
2024-09-08,SKU-0163,123.2,313.0
2024-09-15,SKU-0163,17.2,313.0
2024-09-22,SKU-0163,347.4,313.0
2024-09-29,SKU-0163,219.4,313.0
2024-10-06,SKU-0163,77.4,313.0
2024-10-13,SKU-0163,364.6,313.0
2024-10-20,SKU-0163,133.6,313.0
2024-10-27,SKU-0163,0.0,313.0
2024-11-03,SKU-0163,258.2,313.0
2024-11-10,SKU-0163,161.2,313.0
2024-11-17,SKU-0163,54.2,313.0
2024-11-24,SKU-0163,342.4,313.0
2024-12-01,SKU-0163,220.4,313.0
2024-12-08,SKU-0163,143.4,313.0
2024-12-15,SKU-0163,77.4,313.0
2024-12-22,SKU-0163,0.0,313.0
2024-12-29,SKU-0163,295.2,313.0
2025-01-05,SKU-0163,209.2,313.0
2025-01-12,SKU-0163,176.2,313.0
2025-01-19,SKU-0163,560.4,313.0
2025-01-26,SKU-0163,467.4,313.0
2025-02-02,SKU-0163,335.4,313.0
2025-02-09,SKU-0163,201.4,313.0
2025-02-16,SKU-0163,100.4,313.0
2025-02-23,SKU-0163,0.0,313.0
2025-03-02,SKU-0163,0.0,313.0
2025-03-09,SKU-0163,282.2,313.0
2025-03-16,SKU-0163,172.2,313.0
2025-03-23,SKU-0163,147.2,313.0
2025-03-30,SKU-0163,399.4,313.0
2025-04-06,SKU-0163,230.4,313.0
2025-04-13,SKU-0163,158.4,313.0
2025-04-20,SKU-0163,111.4,313.0
2025-04-27,SKU-0163,349.6,313.0
2025-05-04,SKU-0163,253.6,313.0
2025-05-11,SKU-0163,205.6,313.0
2025-05-18,SKU-0163,142.6,313.0
2025-05-25,SKU-0163,21.6,313.0
2025-06-01,SKU-0163,365.8,313.0
2025-06-08,SKU-0163,144.8,313.0
2025-06-15,SKU-0163,81.8,313.0
2025-06-22,SKU-0163,0.0,313.0
2025-06-29,SKU-0163,245.2,313.0
2025-07-06,SKU-0163,144.2,313.0
2025-07-13,SKU-0163,18.2,313.0
2025-07-20,SKU-0163,370.4,313.0
2025-07-27,SKU-0163,186.4,313.0
2025-08-03,SKU-0163,85.4,313.0
2025-08-10,SKU-0163,17.4,313.0
2025-08-17,SKU-0163,337.6,313.0
2025-08-24,SKU-0163,159.6,313.0
2025-08-31,SKU-0163,72.6,313.0
2025-09-07,SKU-0163,28.6,313.0
2025-09-14,SKU-0163,387.8,313.0
2025-09-21,SKU-0163,202.8,313.0
2025-09-28,SKU-0163,111.8,313.0
2025-10-05,SKU-0163,466.0,313.0
2025-10-12,SKU-0163,349.0,313.0
2025-10-19,SKU-0163,221.0,313.0
2025-10-26,SKU-0163,83.0,313.0
2025-11-02,SKU-0163,0.0,313.0
2025-11-09,SKU-0163,285.2,313.0
2025-11-16,SKU-0163,150.2,313.0
2025-11-23,SKU-0163,17.2,313.0
2025-11-30,SKU-0163,296.4,313.0
2025-12-07,SKU-0163,176.4,313.0
2025-12-14,SKU-0163,54.4,313.0
2025-12-21,SKU-0163,0.0,313.0
2025-12-28,SKU-0163,346.2,313.0
2024-01-07,SKU-0164,413.4,224.0
2024-01-14,SKU-0164,357.4,224.0
2024-01-21,SKU-0164,314.4,224.0
2024-01-28,SKU-0164,221.4,224.0
2024-02-04,SKU-0164,23.4,224.0
2024-02-11,SKU-0164,126.8,224.0
2024-02-18,SKU-0164,70.8,224.0
2024-02-25,SKU-0164,4.8,224.0
2024-03-03,SKU-0164,264.2,224.0
2024-03-10,SKU-0164,166.2,224.0
2024-03-17,SKU-0164,59.2,224.0
2024-03-24,SKU-0164,309.6,224.0
2024-03-31,SKU-0164,280.6,224.0
2024-04-07,SKU-0164,239.6,224.0
2024-04-14,SKU-0164,166.6,224.0
2024-04-21,SKU-0164,137.6,224.0
2024-04-28,SKU-0164,31.6,224.0
2024-05-05,SKU-0164,0.0,224.0
2024-05-12,SKU-0164,250.4,224.0
2024-05-19,SKU-0164,184.4,224.0
2024-05-26,SKU-0164,142.4,224.0
2024-06-02,SKU-0164,339.8,224.0
2024-06-09,SKU-0164,279.8,224.0
2024-06-16,SKU-0164,186.8,224.0
2024-06-23,SKU-0164,331.2,224.0
2024-06-30,SKU-0164,272.2,224.0
2024-07-07,SKU-0164,202.2,224.0
2024-07-14,SKU-0164,183.2,224.0
2024-07-21,SKU-0164,88.2,224.0
2024-07-28,SKU-0164,303.6,224.0
2024-08-04,SKU-0164,216.6,224.0
2024-08-11,SKU-0164,166.6,224.0
2024-08-18,SKU-0164,115.6,224.0
2024-08-25,SKU-0164,396.0,224.0
2024-09-01,SKU-0164,326.0,224.0
2024-09-08,SKU-0164,279.0,224.0
2024-09-15,SKU-0164,205.0,224.0
2024-09-22,SKU-0164,131.0,224.0
2024-09-29,SKU-0164,54.0,224.0
2024-10-06,SKU-0164,311.4,224.0
2024-10-13,SKU-0164,202.4,224.0
2024-10-20,SKU-0164,109.4,224.0
2024-10-27,SKU-0164,53.4,224.0
2024-11-03,SKU-0164,9.4,224.0
2024-11-10,SKU-0164,240.8,224.0
2024-11-17,SKU-0164,201.8,224.0
2024-11-24,SKU-0164,108.8,224.0
2024-12-01,SKU-0164,44.8,224.0
2024-12-08,SKU-0164,0.0,224.0
2024-12-15,SKU-0164,161.4,224.0
2024-12-22,SKU-0164,102.4,224.0
2024-12-29,SKU-0164,336.8,224.0
2025-01-05,SKU-0164,289.8,224.0
2025-01-12,SKU-0164,253.8,224.0
2025-01-19,SKU-0164,163.8,224.0
2025-01-26,SKU-0164,118.8,224.0
2025-02-02,SKU-0164,401.2,224.0
2025-02-09,SKU-0164,358.2,224.0
2025-02-16,SKU-0164,343.2,224.0
2025-02-23,SKU-0164,292.2,224.0
2025-03-02,SKU-0164,210.2,224.0
2025-03-09,SKU-0164,163.2,224.0
2025-03-16,SKU-0164,139.2,224.0
2025-03-23,SKU-0164,389.6,224.0
2025-03-30,SKU-0164,295.6,224.0
2025-04-06,SKU-0164,236.6,224.0
2025-04-13,SKU-0164,211.6,224.0
2025-04-20,SKU-0164,177.6,224.0
2025-04-27,SKU-0164,415.0,224.0
2025-05-04,SKU-0164,353.0,224.0
2025-05-11,SKU-0164,278.0,224.0
2025-05-18,SKU-0164,235.0,224.0
2025-05-25,SKU-0164,223.0,224.0
2025-06-01,SKU-0164,167.0,224.0
2025-06-08,SKU-0164,335.4,224.0
2025-06-15,SKU-0164,233.4,224.0
2025-06-22,SKU-0164,208.4,224.0
2025-06-29,SKU-0164,163.4,224.0
2025-07-06,SKU-0164,419.8,224.0
2025-07-13,SKU-0164,276.8,224.0
2025-07-20,SKU-0164,203.8,224.0
2025-07-27,SKU-0164,177.8,224.0
2025-08-03,SKU-0164,133.8,224.0
2025-08-10,SKU-0164,0.0,224.0
2025-08-17,SKU-0164,207.4,224.0
2025-08-24,SKU-0164,144.4,224.0
2025-08-31,SKU-0164,116.4,224.0
2025-09-07,SKU-0164,89.4,224.0
2025-09-14,SKU-0164,141.8,224.0
2025-09-21,SKU-0164,87.8,224.0
2025-09-28,SKU-0164,51.8,224.0
2025-10-05,SKU-0164,293.2,224.0
2025-10-12,SKU-0164,49.2,224.0
2025-10-19,SKU-0164,0.0,224.0
2025-10-26,SKU-0164,0.0,224.0
2025-11-02,SKU-0164,0.0,224.0
2025-11-09,SKU-0164,158.4,224.0
2025-11-16,SKU-0164,0.0,224.0
2025-11-23,SKU-0164,214.4,224.0
2025-11-30,SKU-0164,145.4,224.0
2025-12-07,SKU-0164,56.4,224.0
2025-12-14,SKU-0164,249.8,224.0
2025-12-21,SKU-0164,188.8,224.0
2025-12-28,SKU-0164,162.8,224.0
2024-01-07,SKU-0165,242.4,149.0
2024-01-14,SKU-0165,187.4,149.0
2024-01-21,SKU-0165,165.4,149.0
2024-01-28,SKU-0165,122.4,149.0
2024-02-04,SKU-0165,63.4,149.0
2024-02-11,SKU-0165,194.8,149.0
2024-02-18,SKU-0165,166.8,149.0
2024-02-25,SKU-0165,140.8,149.0
2024-03-03,SKU-0165,108.8,149.0
2024-03-10,SKU-0165,58.8,149.0
2024-03-17,SKU-0165,49.8,149.0
2024-03-24,SKU-0165,0.0,149.0
2024-03-31,SKU-0165,167.4,149.0
2024-04-07,SKU-0165,128.4,149.0
2024-04-14,SKU-0165,103.4,149.0
2024-04-21,SKU-0165,78.4,149.0
2024-04-28,SKU-0165,232.8,149.0
2024-05-05,SKU-0165,198.8,149.0
2024-05-12,SKU-0165,158.8,149.0
2024-05-19,SKU-0165,132.8,149.0
2024-05-26,SKU-0165,57.8,149.0
2024-06-02,SKU-0165,28.8,149.0
2024-06-09,SKU-0165,174.2,149.0
2024-06-16,SKU-0165,152.2,149.0
2024-06-23,SKU-0165,90.2,149.0
2024-06-30,SKU-0165,30.2,149.0
2024-07-07,SKU-0165,0.0,149.0
2024-07-14,SKU-0165,0.0,149.0
2024-07-21,SKU-0165,158.4,149.0
2024-07-28,SKU-0165,108.4,149.0
2024-08-04,SKU-0165,211.8,149.0
2024-08-11,SKU-0165,173.8,149.0
2024-08-18,SKU-0165,118.8,149.0
2024-08-25,SKU-0165,76.8,149.0
2024-09-01,SKU-0165,53.8,149.0
2024-09-08,SKU-0165,36.8,149.0
2024-09-15,SKU-0165,216.2,149.0
2024-09-22,SKU-0165,145.2,149.0
2024-09-29,SKU-0165,134.2,149.0
2024-10-06,SKU-0165,97.2,149.0
2024-10-13,SKU-0165,275.6,149.0
2024-10-20,SKU-0165,231.6,149.0
2024-10-27,SKU-0165,195.6,149.0
2024-11-03,SKU-0165,89.6,149.0
2024-11-10,SKU-0165,225.0,149.0
2024-11-17,SKU-0165,194.0,149.0
2024-11-24,SKU-0165,109.0,149.0
2024-12-01,SKU-0165,71.0,149.0
2024-12-08,SKU-0165,0.0,149.0
2024-12-15,SKU-0165,162.4,149.0
2024-12-22,SKU-0165,147.4,149.0
2024-12-29,SKU-0165,70.4,149.0
2025-01-05,SKU-0165,41.4,149.0
2025-01-12,SKU-0165,0.0,149.0
2025-01-19,SKU-0165,159.4,149.0
2025-01-26,SKU-0165,144.4,149.0
2025-02-02,SKU-0165,316.8,149.0
2025-02-09,SKU-0165,228.8,149.0
2025-02-16,SKU-0165,197.8,149.0
2025-02-23,SKU-0165,173.8,149.0
2025-03-02,SKU-0165,141.8,149.0
2025-03-09,SKU-0165,102.8,149.0
2025-03-16,SKU-0165,75.8,149.0
2025-03-23,SKU-0165,56.8,149.0
2025-03-30,SKU-0165,240.2,149.0
2025-04-06,SKU-0165,169.2,149.0
2025-04-13,SKU-0165,0.0,149.0
2025-04-20,SKU-0165,146.4,149.0
2025-04-27,SKU-0165,53.4,149.0
2025-05-04,SKU-0165,189.8,149.0
2025-05-11,SKU-0165,140.8,149.0
2025-05-18,SKU-0165,123.8,149.0
2025-05-25,SKU-0165,81.8,149.0
2025-06-01,SKU-0165,232.2,149.0
2025-06-08,SKU-0165,195.2,149.0
2025-06-15,SKU-0165,162.2,149.0
2025-06-22,SKU-0165,118.2,149.0
2025-06-29,SKU-0165,77.2,149.0
2025-07-06,SKU-0165,43.2,149.0
2025-07-13,SKU-0165,13.2,149.0
2025-07-20,SKU-0165,0.0,149.0
2025-07-27,SKU-0165,149.4,149.0
2025-08-03,SKU-0165,98.4,149.0
2025-08-10,SKU-0165,45.4,149.0
2025-08-17,SKU-0165,0.0,149.0
2025-08-24,SKU-0165,138.4,149.0
2025-08-31,SKU-0165,50.4,149.0
2025-09-07,SKU-0165,0.0,149.0
2025-09-14,SKU-0165,172.4,149.0
2025-09-21,SKU-0165,129.4,149.0
2025-09-28,SKU-0165,85.4,149.0
2025-10-05,SKU-0165,34.4,149.0
2025-10-12,SKU-0165,5.4,149.0
2025-10-19,SKU-0165,28.8,149.0
2025-10-26,SKU-0165,14.8,149.0
2025-11-02,SKU-0165,0.0,149.0
2025-11-09,SKU-0165,0.0,149.0
2025-11-16,SKU-0165,178.4,149.0
2025-11-23,SKU-0165,133.4,149.0
2025-11-30,SKU-0165,73.4,149.0
2025-12-07,SKU-0165,40.4,149.0
2025-12-14,SKU-0165,163.8,149.0
2025-12-21,SKU-0165,145.8,149.0
2025-12-28,SKU-0165,120.8,149.0
2024-01-07,SKU-0166,241.6,133.0
2024-01-14,SKU-0166,203.6,133.0
2024-01-21,SKU-0166,164.6,133.0
2024-01-28,SKU-0166,146.6,133.0
2024-02-04,SKU-0166,118.6,133.0
2024-02-11,SKU-0166,76.6,133.0
2024-02-18,SKU-0166,53.6,133.0
2024-02-25,SKU-0166,28.6,133.0
2024-03-03,SKU-0166,153.2,133.0
2024-03-10,SKU-0166,128.2,133.0
2024-03-17,SKU-0166,90.2,133.0
2024-03-24,SKU-0166,57.2,133.0
2024-03-31,SKU-0166,210.8,133.0
2024-04-07,SKU-0166,170.8,133.0
2024-04-14,SKU-0166,126.8,133.0
2024-04-21,SKU-0166,107.8,133.0
2024-04-28,SKU-0166,49.8,133.0
2024-05-05,SKU-0166,20.8,133.0
2024-05-12,SKU-0166,167.4,133.0
2024-05-19,SKU-0166,123.4,133.0
2024-05-26,SKU-0166,70.4,133.0
2024-06-02,SKU-0166,10.4,133.0
2024-06-09,SKU-0166,0.0,133.0
2024-06-16,SKU-0166,136.6,133.0
2024-06-23,SKU-0166,78.6,133.0
2024-06-30,SKU-0166,45.6,133.0
2024-07-07,SKU-0166,13.6,133.0
2024-07-14,SKU-0166,0.0,133.0
2024-07-21,SKU-0166,118.6,133.0
2024-07-28,SKU-0166,62.6,133.0
2024-08-04,SKU-0166,13.6,133.0
2024-08-11,SKU-0166,0.0,133.0
2024-08-18,SKU-0166,148.6,133.0
2024-08-25,SKU-0166,116.6,133.0
2024-09-01,SKU-0166,93.6,133.0
2024-09-08,SKU-0166,23.6,133.0
2024-09-15,SKU-0166,150.2,133.0
2024-09-22,SKU-0166,107.2,133.0
2024-09-29,SKU-0166,67.2,133.0
2024-10-06,SKU-0166,14.2,133.0
2024-10-13,SKU-0166,168.8,133.0
2024-10-20,SKU-0166,91.8,133.0
2024-10-27,SKU-0166,32.8,133.0
2024-11-03,SKU-0166,0.0,133.0
2024-11-10,SKU-0166,124.6,133.0
2024-11-17,SKU-0166,4.6,133.0
2024-11-24,SKU-0166,0.0,133.0
2024-12-01,SKU-0166,86.6,133.0
2024-12-08,SKU-0166,31.6,133.0
2024-12-15,SKU-0166,0.0,133.0
2024-12-22,SKU-0166,131.6,133.0
2024-12-29,SKU-0166,53.6,133.0
2025-01-05,SKU-0166,13.6,133.0
2025-01-12,SKU-0166,161.2,133.0
2025-01-19,SKU-0166,147.2,133.0
2025-01-26,SKU-0166,98.2,133.0
2025-02-02,SKU-0166,48.2,133.0
2025-02-09,SKU-0166,13.2,133.0
2025-02-16,SKU-0166,154.8,133.0
2025-02-23,SKU-0166,120.8,133.0
2025-03-02,SKU-0166,96.8,133.0
2025-03-09,SKU-0166,54.8,133.0
2025-03-16,SKU-0166,30.8,133.0
2025-03-23,SKU-0166,171.4,133.0
2025-03-30,SKU-0166,130.4,133.0
2025-04-06,SKU-0166,268.0,133.0
2025-04-13,SKU-0166,241.0,133.0
2025-04-20,SKU-0166,213.0,133.0
2025-04-27,SKU-0166,168.0,133.0
2025-05-04,SKU-0166,143.0,133.0
2025-05-11,SKU-0166,114.0,133.0
2025-05-18,SKU-0166,65.0,133.0
2025-05-25,SKU-0166,31.0,133.0
2025-06-01,SKU-0166,0.0,133.0
2025-06-08,SKU-0166,136.6,133.0
2025-06-15,SKU-0166,92.6,133.0
2025-06-22,SKU-0166,55.6,133.0
2025-06-29,SKU-0166,205.2,133.0
2025-07-06,SKU-0166,181.2,133.0
2025-07-13,SKU-0166,129.2,133.0
2025-07-20,SKU-0166,80.2,133.0
2025-07-27,SKU-0166,49.2,133.0
2025-08-03,SKU-0166,0.0,133.0
2025-08-10,SKU-0166,0.0,133.0
2025-08-17,SKU-0166,133.6,133.0
2025-08-24,SKU-0166,80.6,133.0
2025-08-31,SKU-0166,48.6,133.0
2025-09-07,SKU-0166,14.6,133.0
2025-09-14,SKU-0166,157.2,133.0
2025-09-21,SKU-0166,116.2,133.0
2025-09-28,SKU-0166,55.2,133.0
2025-10-05,SKU-0166,0.0,133.0
2025-10-12,SKU-0166,0.0,133.0
2025-10-19,SKU-0166,109.6,133.0
2025-10-26,SKU-0166,0.0,133.0
2025-11-02,SKU-0166,0.0,133.0
2025-11-09,SKU-0166,0.0,133.0
2025-11-16,SKU-0166,142.6,133.0
2025-11-23,SKU-0166,95.6,133.0
2025-11-30,SKU-0166,36.6,133.0
2025-12-07,SKU-0166,13.6,133.0
2025-12-14,SKU-0166,142.2,133.0
2025-12-21,SKU-0166,81.2,133.0
2025-12-28,SKU-0166,0.2,133.0
2024-01-07,SKU-0167,371.6,184.0
2024-01-14,SKU-0167,312.6,184.0
2024-01-21,SKU-0167,282.6,184.0
2024-01-28,SKU-0167,230.6,184.0
2024-02-04,SKU-0167,183.6,184.0
2024-02-11,SKU-0167,91.6,184.0
2024-02-18,SKU-0167,21.6,184.0
2024-02-25,SKU-0167,225.2,184.0
2024-03-03,SKU-0167,150.2,184.0
2024-03-10,SKU-0167,109.2,184.0
2024-03-17,SKU-0167,46.2,184.0
2024-03-24,SKU-0167,248.8,184.0
2024-03-31,SKU-0167,172.8,184.0
2024-04-07,SKU-0167,106.8,184.0
2024-04-14,SKU-0167,26.8,184.0
2024-04-21,SKU-0167,202.4,184.0
2024-04-28,SKU-0167,145.4,184.0
2024-05-05,SKU-0167,95.4,184.0
2024-05-12,SKU-0167,39.4,184.0
2024-05-19,SKU-0167,224.0,184.0
2024-05-26,SKU-0167,157.0,184.0
2024-06-02,SKU-0167,87.0,184.0
2024-06-09,SKU-0167,26.0,184.0
2024-06-16,SKU-0167,199.6,184.0
2024-06-23,SKU-0167,150.6,184.0
2024-06-30,SKU-0167,86.6,184.0
2024-07-07,SKU-0167,45.6,184.0
2024-07-14,SKU-0167,227.2,184.0
2024-07-21,SKU-0167,170.2,184.0
2024-07-28,SKU-0167,84.2,184.0
2024-08-04,SKU-0167,30.2,184.0
2024-08-11,SKU-0167,222.8,184.0
2024-08-18,SKU-0167,181.8,184.0
2024-08-25,SKU-0167,107.8,184.0
2024-09-01,SKU-0167,63.8,184.0
2024-09-08,SKU-0167,221.4,184.0
2024-09-15,SKU-0167,176.4,184.0
2024-09-22,SKU-0167,125.4,184.0
2024-09-29,SKU-0167,88.4,184.0
2024-10-06,SKU-0167,268.0,184.0
2024-10-13,SKU-0167,192.0,184.0
2024-10-20,SKU-0167,90.0,184.0
2024-10-27,SKU-0167,10.0,184.0
2024-11-03,SKU-0167,0.0,184.0
2024-11-10,SKU-0167,177.6,184.0
2024-11-17,SKU-0167,101.6,184.0
2024-11-24,SKU-0167,0.0,184.0
2024-12-01,SKU-0167,122.6,184.0
2024-12-08,SKU-0167,29.6,184.0
2024-12-15,SKU-0167,0.0,184.0
2024-12-22,SKU-0167,163.6,184.0
2024-12-29,SKU-0167,71.6,184.0
2025-01-05,SKU-0167,31.6,184.0
2025-01-12,SKU-0167,217.2,184.0
2025-01-19,SKU-0167,156.2,184.0
2025-01-26,SKU-0167,104.2,184.0
2025-02-02,SKU-0167,61.2,184.0
2025-02-09,SKU-0167,235.8,184.0
2025-02-16,SKU-0167,191.8,184.0
2025-02-23,SKU-0167,132.8,184.0
2025-03-02,SKU-0167,63.8,184.0
2025-03-09,SKU-0167,17.8,184.0
2025-03-16,SKU-0167,200.4,184.0
2025-03-23,SKU-0167,123.4,184.0
2025-03-30,SKU-0167,58.4,184.0
2025-04-06,SKU-0167,4.4,184.0
2025-04-13,SKU-0167,188.0,184.0
2025-04-20,SKU-0167,133.0,184.0
2025-04-27,SKU-0167,83.0,184.0
2025-05-04,SKU-0167,23.0,184.0
2025-05-11,SKU-0167,212.6,184.0
2025-05-18,SKU-0167,161.6,184.0
2025-05-25,SKU-0167,112.6,184.0
2025-06-01,SKU-0167,69.6,184.0
2025-06-08,SKU-0167,248.2,184.0
2025-06-15,SKU-0167,196.2,184.0
2025-06-22,SKU-0167,118.2,184.0
2025-06-29,SKU-0167,58.2,184.0
2025-07-06,SKU-0167,0.0,184.0
2025-07-13,SKU-0167,190.6,184.0
2025-07-20,SKU-0167,112.6,184.0
2025-07-27,SKU-0167,70.6,184.0
2025-08-03,SKU-0167,9.6,184.0
2025-08-10,SKU-0167,187.2,184.0
2025-08-17,SKU-0167,138.2,184.0
2025-08-24,SKU-0167,83.2,184.0
2025-08-31,SKU-0167,26.2,184.0
2025-09-07,SKU-0167,156.8,184.0
2025-09-14,SKU-0167,66.8,184.0
2025-09-21,SKU-0167,0.0,184.0
2025-09-28,SKU-0167,134.6,184.0
2025-10-05,SKU-0167,22.6,184.0
2025-10-12,SKU-0167,0.0,184.0
2025-10-19,SKU-0167,176.6,184.0
2025-10-26,SKU-0167,128.6,184.0
2025-11-02,SKU-0167,67.6,184.0
2025-11-09,SKU-0167,239.2,184.0
2025-11-16,SKU-0167,165.2,184.0
2025-11-23,SKU-0167,71.2,184.0
2025-11-30,SKU-0167,8.2,184.0
2025-12-07,SKU-0167,157.8,184.0
2025-12-14,SKU-0167,93.8,184.0
2025-12-21,SKU-0167,17.8,184.0
2025-12-28,SKU-0167,206.4,184.0
2024-01-07,SKU-0168,522.0,255.0
2024-01-14,SKU-0168,491.0,255.0
2024-01-21,SKU-0168,425.0,255.0
2024-01-28,SKU-0168,331.0,255.0
2024-02-04,SKU-0168,301.0,255.0
2024-02-11,SKU-0168,243.0,255.0
2024-02-18,SKU-0168,200.0,255.0
2024-02-25,SKU-0168,145.0,255.0
2024-03-03,SKU-0168,93.0,255.0
2024-03-10,SKU-0168,339.0,255.0
2024-03-17,SKU-0168,181.0,255.0
2024-03-24,SKU-0168,95.0,255.0
2024-03-31,SKU-0168,28.0,255.0
2024-04-07,SKU-0168,352.0,255.0
2024-04-14,SKU-0168,304.0,255.0
2024-04-21,SKU-0168,221.0,255.0
2024-04-28,SKU-0168,168.0,255.0
2024-05-05,SKU-0168,64.0,255.0
2024-05-12,SKU-0168,314.0,255.0
2024-05-19,SKU-0168,235.0,255.0
2024-05-26,SKU-0168,159.0,255.0
2024-06-02,SKU-0168,60.0,255.0
2024-06-09,SKU-0168,0.0,255.0
2024-06-16,SKU-0168,281.0,255.0
2024-06-23,SKU-0168,192.0,255.0
2024-06-30,SKU-0168,152.0,255.0
2024-07-07,SKU-0168,53.0,255.0
2024-07-14,SKU-0168,0.0,255.0
2024-07-21,SKU-0168,0.0,255.0
2024-07-28,SKU-0168,259.0,255.0
2024-08-04,SKU-0168,164.0,255.0
2024-08-11,SKU-0168,59.0,255.0
2024-08-18,SKU-0168,0.0,255.0
2024-08-25,SKU-0168,109.0,255.0
2024-09-01,SKU-0168,17.0,255.0
2024-09-08,SKU-0168,267.0,255.0
2024-09-15,SKU-0168,202.0,255.0
2024-09-22,SKU-0168,89.0,255.0
2024-09-29,SKU-0168,349.0,255.0
2024-10-06,SKU-0168,223.0,255.0
2024-10-13,SKU-0168,113.0,255.0
2024-10-20,SKU-0168,65.0,255.0
2024-10-27,SKU-0168,0.0,255.0
2024-11-03,SKU-0168,189.0,255.0
2024-11-10,SKU-0168,371.0,255.0
2024-11-17,SKU-0168,258.0,255.0
2024-11-24,SKU-0168,205.0,255.0
2024-12-01,SKU-0168,137.0,255.0
2024-12-08,SKU-0168,0.0,255.0
2024-12-15,SKU-0168,207.0,255.0
2024-12-22,SKU-0168,42.0,255.0
2024-12-29,SKU-0168,9.0,255.0
2025-01-05,SKU-0168,0.0,255.0
2025-01-12,SKU-0168,256.0,255.0
2025-01-19,SKU-0168,185.0,255.0
2025-01-26,SKU-0168,427.0,255.0
2025-02-02,SKU-0168,316.0,255.0
2025-02-09,SKU-0168,226.0,255.0
2025-02-16,SKU-0168,183.0,255.0
2025-02-23,SKU-0168,150.0,255.0
2025-03-02,SKU-0168,424.0,255.0
2025-03-09,SKU-0168,389.0,255.0
2025-03-16,SKU-0168,318.0,255.0
2025-03-23,SKU-0168,174.0,255.0
2025-03-30,SKU-0168,123.0,255.0
2025-04-06,SKU-0168,13.0,255.0
2025-04-13,SKU-0168,0.0,255.0
2025-04-20,SKU-0168,278.0,255.0
2025-04-27,SKU-0168,203.0,255.0
2025-05-04,SKU-0168,153.0,255.0
2025-05-11,SKU-0168,76.0,255.0
2025-05-18,SKU-0168,313.0,255.0
2025-05-25,SKU-0168,255.0,255.0
2025-06-01,SKU-0168,178.0,255.0
2025-06-08,SKU-0168,109.0,255.0
2025-06-15,SKU-0168,332.0,255.0
2025-06-22,SKU-0168,187.0,255.0
2025-06-29,SKU-0168,466.0,255.0
2025-07-06,SKU-0168,417.0,255.0
2025-07-13,SKU-0168,324.0,255.0
2025-07-20,SKU-0168,252.0,255.0
2025-07-27,SKU-0168,165.0,255.0
2025-08-03,SKU-0168,45.0,255.0
2025-08-10,SKU-0168,299.0,255.0
2025-08-17,SKU-0168,195.0,255.0
2025-08-24,SKU-0168,152.0,255.0
2025-08-31,SKU-0168,422.0,255.0
2025-09-07,SKU-0168,349.0,255.0
2025-09-14,SKU-0168,258.0,255.0
2025-09-21,SKU-0168,172.0,255.0
2025-09-28,SKU-0168,97.0,255.0
2025-10-05,SKU-0168,391.0,255.0
2025-10-12,SKU-0168,290.0,255.0
2025-10-19,SKU-0168,176.0,255.0
2025-10-26,SKU-0168,100.0,255.0
2025-11-02,SKU-0168,0.0,255.0
2025-11-09,SKU-0168,255.0,255.0
2025-11-16,SKU-0168,184.0,255.0
2025-11-23,SKU-0168,102.0,255.0
2025-11-30,SKU-0168,42.0,255.0
2025-12-07,SKU-0168,305.0,255.0
2025-12-14,SKU-0168,263.0,255.0
2025-12-21,SKU-0168,157.0,255.0
2025-12-28,SKU-0168,0.0,255.0
2024-01-07,SKU-0169,311.6,156.0
2024-01-14,SKU-0169,270.6,156.0
2024-01-21,SKU-0169,233.6,156.0
2024-01-28,SKU-0169,206.6,156.0
2024-02-04,SKU-0169,167.6,156.0
2024-02-11,SKU-0169,106.6,156.0
2024-02-18,SKU-0169,57.6,156.0
2024-02-25,SKU-0169,33.6,156.0
2024-03-03,SKU-0169,214.2,156.0
2024-03-10,SKU-0169,166.2,156.0
2024-03-17,SKU-0169,137.2,156.0
2024-03-24,SKU-0169,110.2,156.0
2024-03-31,SKU-0169,256.8,156.0
2024-04-07,SKU-0169,229.8,156.0
2024-04-14,SKU-0169,184.8,156.0
2024-04-21,SKU-0169,130.8,156.0
2024-04-28,SKU-0169,65.8,156.0
2024-05-05,SKU-0169,34.8,156.0
2024-05-12,SKU-0169,194.4,156.0
2024-05-19,SKU-0169,122.4,156.0
2024-05-26,SKU-0169,95.4,156.0
2024-06-02,SKU-0169,266.0,156.0
2024-06-09,SKU-0169,219.0,156.0
2024-06-16,SKU-0169,174.0,156.0
2024-06-23,SKU-0169,131.0,156.0
2024-06-30,SKU-0169,67.0,156.0
2024-07-07,SKU-0169,227.6,156.0
2024-07-14,SKU-0169,184.6,156.0
2024-07-21,SKU-0169,153.6,156.0
2024-07-28,SKU-0169,95.6,156.0
2024-08-04,SKU-0169,239.2,156.0
2024-08-11,SKU-0169,199.2,156.0
2024-08-18,SKU-0169,118.2,156.0
2024-08-25,SKU-0169,72.2,156.0
2024-09-01,SKU-0169,18.2,156.0
2024-09-08,SKU-0169,175.8,156.0
2024-09-15,SKU-0169,120.8,156.0
2024-09-22,SKU-0169,69.8,156.0
2024-09-29,SKU-0169,0.0,156.0
2024-10-06,SKU-0169,152.6,156.0
2024-10-13,SKU-0169,91.6,156.0
2024-10-20,SKU-0169,195.2,156.0
2024-10-27,SKU-0169,71.2,156.0
2024-11-03,SKU-0169,21.2,156.0
2024-11-10,SKU-0169,0.0,156.0
2024-11-17,SKU-0169,139.6,156.0
2024-11-24,SKU-0169,68.6,156.0
2024-12-01,SKU-0169,216.2,156.0
2024-12-08,SKU-0169,156.2,156.0
2024-12-15,SKU-0169,87.2,156.0
2024-12-22,SKU-0169,28.2,156.0
2024-12-29,SKU-0169,157.8,156.0
2025-01-05,SKU-0169,86.8,156.0
2025-01-12,SKU-0169,48.8,156.0
2025-01-19,SKU-0169,13.8,156.0
2025-01-26,SKU-0169,179.4,156.0
2025-02-02,SKU-0169,69.4,156.0
2025-02-09,SKU-0169,21.4,156.0
2025-02-16,SKU-0169,210.0,156.0
2025-02-23,SKU-0169,177.0,156.0
2025-03-02,SKU-0169,147.0,156.0
2025-03-09,SKU-0169,306.6,156.0
2025-03-16,SKU-0169,256.6,156.0
2025-03-23,SKU-0169,215.6,156.0
2025-03-30,SKU-0169,180.6,156.0
2025-04-06,SKU-0169,144.6,156.0
2025-04-13,SKU-0169,61.6,156.0
2025-04-20,SKU-0169,226.2,156.0
2025-04-27,SKU-0169,185.2,156.0
2025-05-04,SKU-0169,133.2,156.0
2025-05-11,SKU-0169,90.2,156.0
2025-05-18,SKU-0169,26.2,156.0
2025-05-25,SKU-0169,194.8,156.0
2025-06-01,SKU-0169,160.8,156.0
2025-06-08,SKU-0169,101.8,156.0
2025-06-15,SKU-0169,51.8,156.0
2025-06-22,SKU-0169,214.4,156.0
2025-06-29,SKU-0169,180.4,156.0
2025-07-06,SKU-0169,143.4,156.0
2025-07-13,SKU-0169,91.4,156.0
2025-07-20,SKU-0169,45.4,156.0
2025-07-27,SKU-0169,190.0,156.0
2025-08-03,SKU-0169,148.0,156.0
2025-08-10,SKU-0169,120.0,156.0
2025-08-17,SKU-0169,276.6,156.0
2025-08-24,SKU-0169,221.6,156.0
2025-08-31,SKU-0169,164.6,156.0
2025-09-07,SKU-0169,111.6,156.0
2025-09-14,SKU-0169,80.6,156.0
2025-09-21,SKU-0169,20.6,156.0
2025-09-28,SKU-0169,204.2,156.0
2025-10-05,SKU-0169,130.2,156.0
2025-10-12,SKU-0169,74.2,156.0
2025-10-19,SKU-0169,1.2,156.0
2025-10-26,SKU-0169,175.8,156.0
2025-11-02,SKU-0169,107.8,156.0
2025-11-09,SKU-0169,68.8,156.0
2025-11-16,SKU-0169,0.0,156.0
2025-11-23,SKU-0169,0.0,156.0
2025-11-30,SKU-0169,163.6,156.0
2025-12-07,SKU-0169,51.6,156.0
2025-12-14,SKU-0169,0.0,156.0
2025-12-21,SKU-0169,0.0,156.0
2025-12-28,SKU-0169,170.6,156.0
2024-01-07,SKU-0170,566.8,334.0
2024-01-14,SKU-0170,490.8,334.0
2024-01-21,SKU-0170,422.8,334.0
2024-01-28,SKU-0170,324.8,334.0
2024-02-04,SKU-0170,256.8,334.0
2024-02-11,SKU-0170,112.8,334.0
2024-02-18,SKU-0170,74.8,334.0
2024-02-25,SKU-0170,430.6,334.0
2024-03-03,SKU-0170,292.6,334.0
2024-03-10,SKU-0170,252.6,334.0
2024-03-17,SKU-0170,158.6,334.0
2024-03-24,SKU-0170,414.4,334.0
2024-03-31,SKU-0170,377.4,334.0
2024-04-07,SKU-0170,213.4,334.0
2024-04-14,SKU-0170,95.4,334.0
2024-04-21,SKU-0170,0.0,334.0
2024-04-28,SKU-0170,333.8,334.0
2024-05-05,SKU-0170,221.8,334.0
2024-05-12,SKU-0170,493.6,334.0
2024-05-19,SKU-0170,337.6,334.0
2024-05-26,SKU-0170,293.6,334.0
2024-06-02,SKU-0170,214.6,334.0
2024-06-09,SKU-0170,179.6,334.0
2024-06-16,SKU-0170,494.4,334.0
2024-06-23,SKU-0170,363.4,334.0
2024-06-30,SKU-0170,293.4,334.0
2024-07-07,SKU-0170,204.4,334.0
2024-07-14,SKU-0170,49.4,334.0
2024-07-21,SKU-0170,0.0,334.0
2024-07-28,SKU-0170,335.8,334.0
2024-08-04,SKU-0170,158.8,334.0
2024-08-11,SKU-0170,122.8,334.0
2024-08-18,SKU-0170,498.6,334.0
2024-08-25,SKU-0170,247.6,334.0
2024-09-01,SKU-0170,176.6,334.0
2024-09-08,SKU-0170,144.6,334.0
2024-09-15,SKU-0170,498.4,334.0
2024-09-22,SKU-0170,414.4,334.0
2024-09-29,SKU-0170,296.4,334.0
2024-10-06,SKU-0170,240.4,334.0
2024-10-13,SKU-0170,105.4,334.0
2024-10-20,SKU-0170,492.2,334.0
2024-10-27,SKU-0170,344.2,334.0
2024-11-03,SKU-0170,184.2,334.0
2024-11-10,SKU-0170,150.2,334.0
2024-11-17,SKU-0170,85.2,334.0
2024-11-24,SKU-0170,0.0,334.0
2024-12-01,SKU-0170,308.8,334.0
2024-12-08,SKU-0170,212.8,334.0
2024-12-15,SKU-0170,128.8,334.0
2024-12-22,SKU-0170,446.6,334.0
2024-12-29,SKU-0170,162.6,334.0
2025-01-05,SKU-0170,32.6,334.0
2025-01-12,SKU-0170,0.0,334.0
2025-01-19,SKU-0170,193.8,334.0
2025-01-26,SKU-0170,146.8,334.0
2025-02-02,SKU-0170,554.6,334.0
2025-02-09,SKU-0170,488.6,334.0
2025-02-16,SKU-0170,375.6,334.0
2025-02-23,SKU-0170,340.6,334.0
2025-03-02,SKU-0170,270.6,334.0
2025-03-09,SKU-0170,189.6,334.0
2025-03-16,SKU-0170,68.6,334.0
2025-03-23,SKU-0170,471.4,334.0
2025-03-30,SKU-0170,0.0,334.0
2025-04-06,SKU-0170,0.0,334.0
2025-04-13,SKU-0170,0.0,334.0
2025-04-20,SKU-0170,359.8,334.0
2025-04-27,SKU-0170,236.8,334.0
2025-05-04,SKU-0170,0.0,334.0
2025-05-11,SKU-0170,382.8,334.0
2025-05-18,SKU-0170,304.8,334.0
2025-05-25,SKU-0170,266.8,334.0
2025-06-01,SKU-0170,652.6,334.0
2025-06-08,SKU-0170,592.6,334.0
2025-06-15,SKU-0170,495.6,334.0
2025-06-22,SKU-0170,386.6,334.0
2025-06-29,SKU-0170,303.6,334.0
2025-07-06,SKU-0170,696.4,334.0
2025-07-13,SKU-0170,648.4,334.0
2025-07-20,SKU-0170,557.4,334.0
2025-07-27,SKU-0170,484.4,334.0
2025-08-03,SKU-0170,438.4,334.0
2025-08-10,SKU-0170,312.4,334.0
2025-08-17,SKU-0170,162.4,334.0
2025-08-24,SKU-0170,55.4,334.0
2025-08-31,SKU-0170,424.2,334.0
2025-09-07,SKU-0170,338.2,334.0
2025-09-14,SKU-0170,274.2,334.0
2025-09-21,SKU-0170,119.2,334.0
2025-09-28,SKU-0170,66.2,334.0
2025-10-05,SKU-0170,295.0,334.0
2025-10-12,SKU-0170,180.0,334.0
2025-10-19,SKU-0170,158.0,334.0
2025-10-26,SKU-0170,219.8,334.0
2025-11-02,SKU-0170,587.6,334.0
2025-11-09,SKU-0170,438.6,334.0
2025-11-16,SKU-0170,352.6,334.0
2025-11-23,SKU-0170,284.6,334.0
2025-11-30,SKU-0170,72.6,334.0
2025-12-07,SKU-0170,0.0,334.0
2025-12-14,SKU-0170,297.8,334.0
2025-12-21,SKU-0170,169.8,334.0
2025-12-28,SKU-0170,498.6,334.0
2024-01-07,SKU-0171,750.8,346.0
2024-01-14,SKU-0171,695.8,346.0
2024-01-21,SKU-0171,639.8,346.0
2024-01-28,SKU-0171,542.8,346.0
2024-02-04,SKU-0171,460.8,346.0
2024-02-11,SKU-0171,352.8,346.0
2024-02-18,SKU-0171,302.8,346.0
2024-02-25,SKU-0171,169.8,346.0
2024-03-03,SKU-0171,60.8,346.0
2024-03-10,SKU-0171,36.8,346.0
2024-03-17,SKU-0171,0.0,346.0
2024-03-24,SKU-0171,157.8,346.0
2024-03-31,SKU-0171,75.8,346.0
2024-04-07,SKU-0171,1.8,346.0
2024-04-14,SKU-0171,399.6,346.0
2024-04-21,SKU-0171,287.6,346.0
2024-04-28,SKU-0171,191.6,346.0
2024-05-05,SKU-0171,541.4,346.0
2024-05-12,SKU-0171,431.4,346.0
2024-05-19,SKU-0171,383.4,346.0
2024-05-26,SKU-0171,310.4,346.0
2024-06-02,SKU-0171,177.4,346.0
2024-06-09,SKU-0171,124.4,346.0
2024-06-16,SKU-0171,19.4,346.0
2024-06-23,SKU-0171,0.0,346.0
2024-06-30,SKU-0171,386.8,346.0
2024-07-07,SKU-0171,248.8,346.0
2024-07-14,SKU-0171,198.8,346.0
2024-07-21,SKU-0171,152.8,346.0
2024-07-28,SKU-0171,573.6,346.0
2024-08-04,SKU-0171,428.6,346.0
2024-08-11,SKU-0171,353.6,346.0
2024-08-18,SKU-0171,225.6,346.0
2024-08-25,SKU-0171,180.6,346.0
2024-09-01,SKU-0171,24.6,346.0
2024-09-08,SKU-0171,0.0,346.0
2024-09-15,SKU-0171,342.8,346.0
2024-09-22,SKU-0171,247.8,346.0
2024-09-29,SKU-0171,624.6,346.0
2024-10-06,SKU-0171,560.6,346.0
2024-10-13,SKU-0171,455.6,346.0
2024-10-20,SKU-0171,399.6,346.0
2024-10-27,SKU-0171,0.0,346.0
2024-11-03,SKU-0171,0.0,346.0
2024-11-10,SKU-0171,0.0,346.0
2024-11-17,SKU-0171,0.0,346.0
2024-11-24,SKU-0171,0.0,346.0
2024-12-01,SKU-0171,0.0,346.0
2024-12-08,SKU-0171,295.8,346.0
2024-12-15,SKU-0171,138.8,346.0
2024-12-22,SKU-0171,384.6,346.0
2024-12-29,SKU-0171,210.6,346.0
2025-01-05,SKU-0171,180.6,346.0
2025-01-12,SKU-0171,104.6,346.0
2025-01-19,SKU-0171,221.4,346.0
2025-01-26,SKU-0171,152.4,346.0
2025-02-02,SKU-0171,32.4,346.0
2025-02-09,SKU-0171,427.2,346.0
2025-02-16,SKU-0171,292.2,346.0
2025-02-23,SKU-0171,193.2,346.0
2025-03-02,SKU-0171,101.2,346.0
2025-03-09,SKU-0171,0.0,346.0
2025-03-16,SKU-0171,393.8,346.0
2025-03-23,SKU-0171,281.8,346.0
2025-03-30,SKU-0171,189.8,346.0
2025-04-06,SKU-0171,517.6,346.0
2025-04-13,SKU-0171,429.6,346.0
2025-04-20,SKU-0171,403.6,346.0
2025-04-27,SKU-0171,326.6,346.0
2025-05-04,SKU-0171,264.6,346.0
2025-05-11,SKU-0171,212.6,346.0
2025-05-18,SKU-0171,537.4,346.0
2025-05-25,SKU-0171,508.4,346.0
2025-06-01,SKU-0171,407.4,346.0
2025-06-08,SKU-0171,282.4,346.0
2025-06-15,SKU-0171,151.4,346.0
2025-06-22,SKU-0171,0.0,346.0
2025-06-29,SKU-0171,0.0,346.0
2025-07-06,SKU-0171,403.8,346.0
2025-07-13,SKU-0171,209.8,346.0
2025-07-20,SKU-0171,107.8,346.0
2025-07-27,SKU-0171,0.0,346.0
2025-08-03,SKU-0171,0.0,346.0
2025-08-10,SKU-0171,0.0,346.0
2025-08-17,SKU-0171,0.0,346.0
2025-08-24,SKU-0171,341.8,346.0
2025-08-31,SKU-0171,250.8,346.0
2025-09-07,SKU-0171,53.8,346.0
2025-09-14,SKU-0171,0.0,346.0
2025-09-21,SKU-0171,0.0,346.0
2025-09-28,SKU-0171,357.8,346.0
2025-10-05,SKU-0171,173.8,346.0
2025-10-12,SKU-0171,123.8,346.0
2025-10-19,SKU-0171,51.8,346.0
2025-10-26,SKU-0171,289.6,346.0
2025-11-02,SKU-0171,172.6,346.0
2025-11-09,SKU-0171,64.6,346.0
2025-11-16,SKU-0171,0.0,346.0
2025-11-23,SKU-0171,218.8,346.0
2025-11-30,SKU-0171,69.8,346.0
2025-12-07,SKU-0171,0.0,346.0
2025-12-14,SKU-0171,312.8,346.0
2025-12-21,SKU-0171,191.8,346.0
2025-12-28,SKU-0171,435.6,346.0
2024-01-07,SKU-0172,282.0,147.0
2024-01-14,SKU-0172,243.0,147.0
2024-01-21,SKU-0172,202.0,147.0
2024-01-28,SKU-0172,181.0,147.0
2024-02-04,SKU-0172,153.0,147.0
2024-02-11,SKU-0172,130.0,147.0
2024-02-18,SKU-0172,69.0,147.0
2024-02-25,SKU-0172,199.0,147.0
2024-03-03,SKU-0172,175.0,147.0
2024-03-10,SKU-0172,125.0,147.0
2024-03-17,SKU-0172,51.0,147.0
2024-03-24,SKU-0172,0.0,147.0
2024-03-31,SKU-0172,173.0,147.0
2024-04-07,SKU-0172,140.0,147.0
2024-04-14,SKU-0172,87.0,147.0
2024-04-21,SKU-0172,23.0,147.0
2024-04-28,SKU-0172,166.0,147.0
2024-05-05,SKU-0172,112.0,147.0
2024-05-12,SKU-0172,66.0,147.0
2024-05-19,SKU-0172,3.0,147.0
2024-05-26,SKU-0172,164.0,147.0
2024-06-02,SKU-0172,108.0,147.0
2024-06-09,SKU-0172,70.0,147.0
2024-06-16,SKU-0172,14.0,147.0
2024-06-23,SKU-0172,0.0,147.0
2024-06-30,SKU-0172,142.0,147.0
2024-07-07,SKU-0172,110.0,147.0
2024-07-14,SKU-0172,52.0,147.0
2024-07-21,SKU-0172,33.0,147.0
2024-07-28,SKU-0172,179.0,147.0
2024-08-04,SKU-0172,150.0,147.0
2024-08-11,SKU-0172,107.0,147.0
2024-08-18,SKU-0172,74.0,147.0
2024-08-25,SKU-0172,57.0,147.0
2024-09-01,SKU-0172,163.0,147.0
2024-09-08,SKU-0172,112.0,147.0
2024-09-15,SKU-0172,77.0,147.0
2024-09-22,SKU-0172,211.0,147.0
2024-09-29,SKU-0172,190.0,147.0
2024-10-06,SKU-0172,149.0,147.0
2024-10-13,SKU-0172,74.0,147.0
2024-10-20,SKU-0172,38.0,147.0
2024-10-27,SKU-0172,0.0,147.0
2024-11-03,SKU-0172,96.0,147.0
2024-11-10,SKU-0172,43.0,147.0
2024-11-17,SKU-0172,0.0,147.0
2024-11-24,SKU-0172,0.0,147.0
2024-12-01,SKU-0172,132.0,147.0
2024-12-08,SKU-0172,66.0,147.0
2024-12-15,SKU-0172,22.0,147.0
2024-12-22,SKU-0172,0.0,147.0
2024-12-29,SKU-0172,148.0,147.0
2025-01-05,SKU-0172,122.0,147.0
2025-01-12,SKU-0172,286.0,147.0
2025-01-19,SKU-0172,230.0,147.0
2025-01-26,SKU-0172,190.0,147.0
2025-02-02,SKU-0172,144.0,147.0
2025-02-09,SKU-0172,133.0,147.0
2025-02-16,SKU-0172,93.0,147.0
2025-02-23,SKU-0172,252.0,147.0
2025-03-02,SKU-0172,232.0,147.0
2025-03-09,SKU-0172,204.0,147.0
2025-03-16,SKU-0172,143.0,147.0
2025-03-23,SKU-0172,69.0,147.0
2025-03-30,SKU-0172,45.0,147.0
2025-04-06,SKU-0172,222.0,147.0
2025-04-13,SKU-0172,182.0,147.0
2025-04-20,SKU-0172,138.0,147.0
2025-04-27,SKU-0172,107.0,147.0
2025-05-04,SKU-0172,81.0,147.0
2025-05-11,SKU-0172,262.0,147.0
2025-05-18,SKU-0172,216.0,147.0
2025-05-25,SKU-0172,182.0,147.0
2025-06-01,SKU-0172,165.0,147.0
2025-06-08,SKU-0172,135.0,147.0
2025-06-15,SKU-0172,91.0,147.0
2025-06-22,SKU-0172,58.0,147.0
2025-06-29,SKU-0172,0.0,147.0
2025-07-06,SKU-0172,157.0,147.0
2025-07-13,SKU-0172,119.0,147.0
2025-07-20,SKU-0172,46.0,147.0
2025-07-27,SKU-0172,0.0,147.0
2025-08-03,SKU-0172,130.0,147.0
2025-08-10,SKU-0172,86.0,147.0
2025-08-17,SKU-0172,253.0,147.0
2025-08-24,SKU-0172,188.0,147.0
2025-08-31,SKU-0172,168.0,147.0
2025-09-07,SKU-0172,127.0,147.0
2025-09-14,SKU-0172,98.0,147.0
2025-09-21,SKU-0172,57.0,147.0
2025-09-28,SKU-0172,210.0,147.0
2025-10-05,SKU-0172,148.0,147.0
2025-10-12,SKU-0172,131.0,147.0
2025-10-19,SKU-0172,75.0,147.0
2025-10-26,SKU-0172,180.0,147.0
2025-11-02,SKU-0172,51.0,147.0
2025-11-09,SKU-0172,2.0,147.0
2025-11-16,SKU-0172,0.0,147.0
2025-11-23,SKU-0172,155.0,147.0
2025-11-30,SKU-0172,95.0,147.0
2025-12-07,SKU-0172,27.0,147.0
2025-12-14,SKU-0172,188.0,147.0
2025-12-21,SKU-0172,138.0,147.0
2025-12-28,SKU-0172,106.0,147.0
2024-01-07,SKU-0173,873.0,450.0
2024-01-14,SKU-0173,751.0,450.0
2024-01-21,SKU-0173,390.0,450.0
2024-01-28,SKU-0173,883.0,450.0
2024-02-04,SKU-0173,766.0,450.0
2024-02-11,SKU-0173,499.0,450.0
2024-02-18,SKU-0173,361.0,450.0
2024-02-25,SKU-0173,204.0,450.0
2024-03-03,SKU-0173,134.0,450.0
2024-03-10,SKU-0173,566.0,450.0
2024-03-17,SKU-0173,490.0,450.0
2024-03-24,SKU-0173,350.0,450.0
2024-03-31,SKU-0173,277.0,450.0
2024-04-07,SKU-0173,670.0,450.0
2024-04-14,SKU-0173,513.0,450.0
2024-04-21,SKU-0173,452.0,450.0
2024-04-28,SKU-0173,370.0,450.0
2024-05-05,SKU-0173,224.0,450.0
2024-05-12,SKU-0173,137.0,450.0
2024-05-19,SKU-0173,9.0,450.0
2024-05-26,SKU-0173,499.0,450.0
2024-06-02,SKU-0173,419.0,450.0
2024-06-09,SKU-0173,287.0,450.0
2024-06-16,SKU-0173,110.0,450.0
2024-06-23,SKU-0173,0.0,450.0
2024-06-30,SKU-0173,494.0,450.0
2024-07-07,SKU-0173,326.0,450.0
2024-07-14,SKU-0173,232.0,450.0
2024-07-21,SKU-0173,681.0,450.0
2024-07-28,SKU-0173,608.0,450.0
2024-08-04,SKU-0173,429.0,450.0
2024-08-11,SKU-0173,302.0,450.0
2024-08-18,SKU-0173,217.0,450.0
2024-08-25,SKU-0173,550.0,450.0
2024-09-01,SKU-0173,237.0,450.0
2024-09-08,SKU-0173,133.0,450.0
2024-09-15,SKU-0173,0.0,450.0
2024-09-22,SKU-0173,0.0,450.0
2024-09-29,SKU-0173,418.0,450.0
2024-10-06,SKU-0173,263.0,450.0
2024-10-13,SKU-0173,734.0,450.0
2024-10-20,SKU-0173,591.0,450.0
2024-10-27,SKU-0173,462.0,450.0
2024-11-03,SKU-0173,72.0,450.0
2024-11-10,SKU-0173,0.0,450.0
2024-11-17,SKU-0173,432.0,450.0
2024-11-24,SKU-0173,218.0,450.0
2024-12-01,SKU-0173,99.0,450.0
2024-12-08,SKU-0173,0.0,450.0
2024-12-15,SKU-0173,454.0,450.0
2024-12-22,SKU-0173,152.0,450.0
2024-12-29,SKU-0173,660.0,450.0
2025-01-05,SKU-0173,285.0,450.0
2025-01-12,SKU-0173,697.0,450.0
2025-01-19,SKU-0173,457.0,450.0
2025-01-26,SKU-0173,304.0,450.0
2025-02-02,SKU-0173,225.0,450.0
2025-02-09,SKU-0173,136.0,450.0
2025-02-16,SKU-0173,665.0,450.0
2025-02-23,SKU-0173,615.0,450.0
2025-03-02,SKU-0173,462.0,450.0
2025-03-09,SKU-0173,368.0,450.0
2025-03-16,SKU-0173,241.0,450.0
2025-03-23,SKU-0173,620.0,450.0
2025-03-30,SKU-0173,550.0,450.0
2025-04-06,SKU-0173,379.0,450.0
2025-04-13,SKU-0173,902.0,450.0
2025-04-20,SKU-0173,796.0,450.0
2025-04-27,SKU-0173,703.0,450.0
2025-05-04,SKU-0173,567.0,450.0
2025-05-11,SKU-0173,484.0,450.0
2025-05-18,SKU-0173,332.0,450.0
2025-05-25,SKU-0173,242.0,450.0
2025-06-01,SKU-0173,706.0,450.0
2025-06-08,SKU-0173,569.0,450.0
2025-06-15,SKU-0173,435.0,450.0
2025-06-22,SKU-0173,188.0,450.0
2025-06-29,SKU-0173,39.0,450.0
2025-07-06,SKU-0173,529.0,450.0
2025-07-13,SKU-0173,429.0,450.0
2025-07-20,SKU-0173,216.0,450.0
2025-07-27,SKU-0173,124.0,450.0
2025-08-03,SKU-0173,618.0,450.0
2025-08-10,SKU-0173,472.0,450.0
2025-08-17,SKU-0173,308.0,450.0
2025-08-24,SKU-0173,756.0,450.0
2025-08-31,SKU-0173,676.0,450.0
2025-09-07,SKU-0173,581.0,450.0
2025-09-14,SKU-0173,516.0,450.0
2025-09-21,SKU-0173,457.0,450.0
2025-09-28,SKU-0173,382.0,450.0
2025-10-05,SKU-0173,204.0,450.0
2025-10-12,SKU-0173,75.0,450.0
2025-10-19,SKU-0173,11.0,450.0
2025-10-26,SKU-0173,473.0,450.0
2025-11-02,SKU-0173,304.0,450.0
2025-11-09,SKU-0173,0.0,450.0
2025-11-16,SKU-0173,0.0,450.0
2025-11-23,SKU-0173,372.0,450.0
2025-11-30,SKU-0173,0.0,450.0
2025-12-07,SKU-0173,0.0,450.0
2025-12-14,SKU-0173,486.0,450.0
2025-12-21,SKU-0173,382.0,450.0
2025-12-28,SKU-0173,37.0,450.0
2024-01-07,SKU-0174,228.8,131.0
2024-01-14,SKU-0174,164.8,131.0
2024-01-21,SKU-0174,96.8,131.0
2024-01-28,SKU-0174,8.8,131.0
2024-02-04,SKU-0174,0.0,131.0
2024-02-11,SKU-0174,143.8,131.0
2024-02-18,SKU-0174,110.8,131.0
2024-02-25,SKU-0174,77.8,131.0
2024-03-03,SKU-0174,219.6,131.0
2024-03-10,SKU-0174,189.6,131.0
2024-03-17,SKU-0174,155.6,131.0
2024-03-24,SKU-0174,87.6,131.0
2024-03-31,SKU-0174,0.0,131.0
2024-04-07,SKU-0174,120.8,131.0
2024-04-14,SKU-0174,94.8,131.0
2024-04-21,SKU-0174,65.8,131.0
2024-04-28,SKU-0174,201.6,131.0
2024-05-05,SKU-0174,157.6,131.0
2024-05-12,SKU-0174,108.6,131.0
2024-05-19,SKU-0174,62.6,131.0
2024-05-26,SKU-0174,0.0,131.0
2024-06-02,SKU-0174,0.0,131.0
2024-06-09,SKU-0174,108.8,131.0
2024-06-16,SKU-0174,57.8,131.0
2024-06-23,SKU-0174,0.0,131.0
2024-06-30,SKU-0174,138.8,131.0
2024-07-07,SKU-0174,100.8,131.0
2024-07-14,SKU-0174,205.6,131.0
2024-07-21,SKU-0174,182.6,131.0
2024-07-28,SKU-0174,155.6,131.0
2024-08-04,SKU-0174,84.6,131.0
2024-08-11,SKU-0174,27.6,131.0
2024-08-18,SKU-0174,169.4,131.0
2024-08-25,SKU-0174,139.4,131.0
2024-09-01,SKU-0174,62.4,131.0
2024-09-08,SKU-0174,22.4,131.0
2024-09-15,SKU-0174,0.0,131.0
2024-09-22,SKU-0174,0.0,131.0
2024-09-29,SKU-0174,122.8,131.0
2024-10-06,SKU-0174,74.8,131.0
2024-10-13,SKU-0174,212.6,131.0
2024-10-20,SKU-0174,178.6,131.0
2024-10-27,SKU-0174,141.6,131.0
2024-11-03,SKU-0174,32.6,131.0
2024-11-10,SKU-0174,0.0,131.0
2024-11-17,SKU-0174,80.8,131.0
2024-11-24,SKU-0174,33.8,131.0
2024-12-01,SKU-0174,0.0,131.0
2024-12-08,SKU-0174,147.8,131.0
2024-12-15,SKU-0174,100.8,131.0
2024-12-22,SKU-0174,51.8,131.0
2024-12-29,SKU-0174,201.6,131.0
2025-01-05,SKU-0174,169.6,131.0
2025-01-12,SKU-0174,150.6,131.0
2025-01-19,SKU-0174,113.6,131.0
2025-01-26,SKU-0174,60.6,131.0
2025-02-02,SKU-0174,28.6,131.0
2025-02-09,SKU-0174,172.4,131.0
2025-02-16,SKU-0174,135.4,131.0
2025-02-23,SKU-0174,100.4,131.0
2025-03-02,SKU-0174,41.4,131.0
2025-03-09,SKU-0174,14.4,131.0
2025-03-16,SKU-0174,143.2,131.0
2025-03-23,SKU-0174,108.2,131.0
2025-03-30,SKU-0174,87.2,131.0
2025-04-06,SKU-0174,221.0,131.0
2025-04-13,SKU-0174,170.0,131.0
2025-04-20,SKU-0174,103.0,131.0
2025-04-27,SKU-0174,80.0,131.0
2025-05-04,SKU-0174,49.0,131.0
2025-05-11,SKU-0174,182.8,131.0
2025-05-18,SKU-0174,167.8,131.0
2025-05-25,SKU-0174,133.8,131.0
2025-06-01,SKU-0174,85.8,131.0
2025-06-08,SKU-0174,1.8,131.0
2025-06-15,SKU-0174,0.0,131.0
2025-06-22,SKU-0174,148.8,131.0
2025-06-29,SKU-0174,98.8,131.0
2025-07-06,SKU-0174,41.8,131.0
2025-07-13,SKU-0174,22.8,131.0
2025-07-20,SKU-0174,0.0,131.0
2025-07-27,SKU-0174,93.8,131.0
2025-08-03,SKU-0174,44.8,131.0
2025-08-10,SKU-0174,2.8,131.0
2025-08-17,SKU-0174,0.0,131.0
2025-08-24,SKU-0174,143.8,131.0
2025-08-31,SKU-0174,56.8,131.0
2025-09-07,SKU-0174,14.8,131.0
2025-09-14,SKU-0174,130.6,131.0
2025-09-21,SKU-0174,64.6,131.0
2025-09-28,SKU-0174,179.4,131.0
2025-10-05,SKU-0174,131.4,131.0
2025-10-12,SKU-0174,78.4,131.0
2025-10-19,SKU-0174,53.4,131.0
2025-10-26,SKU-0174,21.4,131.0
2025-11-02,SKU-0174,139.2,131.0
2025-11-09,SKU-0174,53.2,131.0
2025-11-16,SKU-0174,0.0,131.0
2025-11-23,SKU-0174,0.0,131.0
2025-11-30,SKU-0174,0.0,131.0
2025-12-07,SKU-0174,100.8,131.0
2025-12-14,SKU-0174,55.8,131.0
2025-12-21,SKU-0174,180.6,131.0
2025-12-28,SKU-0174,146.6,131.0
2024-01-07,SKU-0175,396.0,204.0
2024-01-14,SKU-0175,288.0,204.0
2024-01-21,SKU-0175,235.0,204.0
2024-01-28,SKU-0175,177.0,204.0
2024-02-04,SKU-0175,376.0,204.0
2024-02-11,SKU-0175,304.0,204.0
2024-02-18,SKU-0175,262.0,204.0
2024-02-25,SKU-0175,195.0,204.0
2024-03-03,SKU-0175,139.0,204.0
2024-03-10,SKU-0175,42.0,204.0
2024-03-17,SKU-0175,234.0,204.0
2024-03-24,SKU-0175,193.0,204.0
2024-03-31,SKU-0175,130.0,204.0
2024-04-07,SKU-0175,312.0,204.0
2024-04-14,SKU-0175,243.0,204.0
2024-04-21,SKU-0175,199.0,204.0
2024-04-28,SKU-0175,164.0,204.0
2024-05-05,SKU-0175,386.0,204.0
2024-05-12,SKU-0175,332.0,204.0
2024-05-19,SKU-0175,280.0,204.0
2024-05-26,SKU-0175,246.0,204.0
2024-06-02,SKU-0175,169.0,204.0
2024-06-09,SKU-0175,95.0,204.0
2024-06-16,SKU-0175,46.0,204.0
2024-06-23,SKU-0175,233.0,204.0
2024-06-30,SKU-0175,161.0,204.0
2024-07-07,SKU-0175,107.0,204.0
2024-07-14,SKU-0175,305.0,204.0
2024-07-21,SKU-0175,253.0,204.0
2024-07-28,SKU-0175,180.0,204.0
2024-08-04,SKU-0175,141.0,204.0
2024-08-11,SKU-0175,81.0,204.0
2024-08-18,SKU-0175,41.0,204.0
2024-08-25,SKU-0175,234.0,204.0
2024-09-01,SKU-0175,125.0,204.0
2024-09-08,SKU-0175,267.0,204.0
2024-09-15,SKU-0175,205.0,204.0
2024-09-22,SKU-0175,163.0,204.0
2024-09-29,SKU-0175,72.0,204.0
2024-10-06,SKU-0175,0.0,204.0
2024-10-13,SKU-0175,0.0,204.0
2024-10-20,SKU-0175,173.0,204.0
2024-10-27,SKU-0175,94.0,204.0
2024-11-03,SKU-0175,0.0,204.0
2024-11-10,SKU-0175,0.0,204.0
2024-11-17,SKU-0175,210.0,204.0
2024-11-24,SKU-0175,132.0,204.0
2024-12-01,SKU-0175,56.0,204.0
2024-12-08,SKU-0175,0.0,204.0
2024-12-15,SKU-0175,190.0,204.0
2024-12-22,SKU-0175,104.0,204.0
2024-12-29,SKU-0175,0.0,204.0
2025-01-05,SKU-0175,224.0,204.0
2025-01-12,SKU-0175,180.0,204.0
2025-01-19,SKU-0175,99.0,204.0
2025-01-26,SKU-0175,329.0,204.0
2025-02-02,SKU-0175,287.0,204.0
2025-02-09,SKU-0175,240.0,204.0
2025-02-16,SKU-0175,193.0,204.0
2025-02-23,SKU-0175,105.0,204.0
2025-03-02,SKU-0175,73.0,204.0
2025-03-09,SKU-0175,274.0,204.0
2025-03-16,SKU-0175,207.0,204.0
2025-03-23,SKU-0175,163.0,204.0
2025-03-30,SKU-0175,96.0,204.0
2025-04-06,SKU-0175,18.0,204.0
2025-04-13,SKU-0175,197.0,204.0
2025-04-20,SKU-0175,128.0,204.0
2025-04-27,SKU-0175,353.0,204.0
2025-05-04,SKU-0175,238.0,204.0
2025-05-11,SKU-0175,170.0,204.0
2025-05-18,SKU-0175,85.0,204.0
2025-05-25,SKU-0175,15.0,204.0
2025-06-01,SKU-0175,215.0,204.0
2025-06-08,SKU-0175,141.0,204.0
2025-06-15,SKU-0175,100.0,204.0
2025-06-22,SKU-0175,8.0,204.0
2025-06-29,SKU-0175,185.0,204.0
2025-07-06,SKU-0175,101.0,204.0
2025-07-13,SKU-0175,34.0,204.0
2025-07-20,SKU-0175,275.0,204.0
2025-07-27,SKU-0175,225.0,204.0
2025-08-03,SKU-0175,159.0,204.0
2025-08-10,SKU-0175,107.0,204.0
2025-08-17,SKU-0175,302.0,204.0
2025-08-24,SKU-0175,217.0,204.0
2025-08-31,SKU-0175,156.0,204.0
2025-09-07,SKU-0175,115.0,204.0
2025-09-14,SKU-0175,349.0,204.0
2025-09-21,SKU-0175,298.0,204.0
2025-09-28,SKU-0175,208.0,204.0
2025-10-05,SKU-0175,92.0,204.0
2025-10-12,SKU-0175,20.0,204.0
2025-10-19,SKU-0175,0.0,204.0
2025-10-26,SKU-0175,169.0,204.0
2025-11-02,SKU-0175,49.0,204.0
2025-11-09,SKU-0175,254.0,204.0
2025-11-16,SKU-0175,206.0,204.0
2025-11-23,SKU-0175,128.0,204.0
2025-11-30,SKU-0175,50.0,204.0
2025-12-07,SKU-0175,0.0,204.0
2025-12-14,SKU-0175,169.0,204.0
2025-12-21,SKU-0175,55.0,204.0
2025-12-28,SKU-0175,0.0,204.0
2024-01-07,SKU-0176,333.0,153.0
2024-01-14,SKU-0176,275.0,153.0
2024-01-21,SKU-0176,252.0,153.0
2024-01-28,SKU-0176,212.0,153.0
2024-02-04,SKU-0176,155.0,153.0
2024-02-11,SKU-0176,117.0,153.0
2024-02-18,SKU-0176,58.0,153.0
2024-02-25,SKU-0176,10.0,153.0
2024-03-03,SKU-0176,0.0,153.0
2024-03-10,SKU-0176,125.0,153.0
2024-03-17,SKU-0176,63.0,153.0
2024-03-24,SKU-0176,20.0,153.0
2024-03-31,SKU-0176,0.0,153.0
2024-04-07,SKU-0176,0.0,153.0
2024-04-14,SKU-0176,156.0,153.0
2024-04-21,SKU-0176,123.0,153.0
2024-04-28,SKU-0176,79.0,153.0
2024-05-05,SKU-0176,50.0,153.0
2024-05-12,SKU-0176,0.0,153.0
2024-05-19,SKU-0176,0.0,153.0
2024-05-26,SKU-0176,150.0,153.0
2024-06-02,SKU-0176,91.0,153.0
2024-06-09,SKU-0176,59.0,153.0
2024-06-16,SKU-0176,212.0,153.0
2024-06-23,SKU-0176,171.0,153.0
2024-06-30,SKU-0176,119.0,153.0
2024-07-07,SKU-0176,54.0,153.0
2024-07-14,SKU-0176,11.0,153.0
2024-07-21,SKU-0176,179.0,153.0
2024-07-28,SKU-0176,128.0,153.0
2024-08-04,SKU-0176,76.0,153.0
2024-08-11,SKU-0176,22.0,153.0
2024-08-18,SKU-0176,0.0,153.0
2024-08-25,SKU-0176,129.0,153.0
2024-09-01,SKU-0176,74.0,153.0
2024-09-08,SKU-0176,16.0,153.0
2024-09-15,SKU-0176,0.0,153.0
2024-09-22,SKU-0176,0.0,153.0
2024-09-29,SKU-0176,0.0,153.0
2024-10-06,SKU-0176,0.0,153.0
2024-10-13,SKU-0176,0.0,153.0
2024-10-20,SKU-0176,140.0,153.0
2024-10-27,SKU-0176,88.0,153.0
2024-11-03,SKU-0176,10.0,153.0
2024-11-10,SKU-0176,140.0,153.0
2024-11-17,SKU-0176,75.0,153.0
2024-11-24,SKU-0176,29.0,153.0
2024-12-01,SKU-0176,0.0,153.0
2024-12-08,SKU-0176,151.0,153.0
2024-12-15,SKU-0176,87.0,153.0
2024-12-22,SKU-0176,12.0,153.0
2024-12-29,SKU-0176,150.0,153.0
2025-01-05,SKU-0176,120.0,153.0
2025-01-12,SKU-0176,94.0,153.0
2025-01-19,SKU-0176,45.0,153.0
2025-01-26,SKU-0176,225.0,153.0
2025-02-02,SKU-0176,176.0,153.0
2025-02-09,SKU-0176,130.0,153.0
2025-02-16,SKU-0176,101.0,153.0
2025-02-23,SKU-0176,68.0,153.0
2025-03-02,SKU-0176,32.0,153.0
2025-03-09,SKU-0176,199.0,153.0
2025-03-16,SKU-0176,153.0,153.0
2025-03-23,SKU-0176,126.0,153.0
2025-03-30,SKU-0176,75.0,153.0
2025-04-06,SKU-0176,37.0,153.0
2025-04-13,SKU-0176,0.0,153.0
2025-04-20,SKU-0176,146.0,153.0
2025-04-27,SKU-0176,94.0,153.0
2025-05-04,SKU-0176,67.0,153.0
2025-05-11,SKU-0176,28.0,153.0
2025-05-18,SKU-0176,196.0,153.0
2025-05-25,SKU-0176,128.0,153.0
2025-06-01,SKU-0176,83.0,153.0
2025-06-08,SKU-0176,33.0,153.0
2025-06-15,SKU-0176,179.0,153.0
2025-06-22,SKU-0176,102.0,153.0
2025-06-29,SKU-0176,55.0,153.0
2025-07-06,SKU-0176,3.0,153.0
2025-07-13,SKU-0176,0.0,153.0
2025-07-20,SKU-0176,0.0,153.0
2025-07-27,SKU-0176,0.0,153.0
2025-08-03,SKU-0176,138.0,153.0
2025-08-10,SKU-0176,81.0,153.0
2025-08-17,SKU-0176,0.0,153.0
2025-08-24,SKU-0176,0.0,153.0
2025-08-31,SKU-0176,100.0,153.0
2025-09-07,SKU-0176,49.0,153.0
2025-09-14,SKU-0176,0.0,153.0
2025-09-21,SKU-0176,0.0,153.0
2025-09-28,SKU-0176,158.0,153.0
2025-10-05,SKU-0176,105.0,153.0
2025-10-12,SKU-0176,30.0,153.0
2025-10-19,SKU-0176,0.0,153.0
2025-10-26,SKU-0176,0.0,153.0
2025-11-02,SKU-0176,70.0,153.0
2025-11-09,SKU-0176,11.0,153.0
2025-11-16,SKU-0176,0.0,153.0
2025-11-23,SKU-0176,137.0,153.0
2025-11-30,SKU-0176,29.0,153.0
2025-12-07,SKU-0176,68.0,153.0
2025-12-14,SKU-0176,22.0,153.0
2025-12-21,SKU-0176,0.0,153.0
2025-12-28,SKU-0176,0.0,153.0
2024-01-07,SKU-0177,260.2,137.0
2024-01-14,SKU-0177,235.2,137.0
2024-01-21,SKU-0177,198.2,137.0
2024-01-28,SKU-0177,159.2,137.0
2024-02-04,SKU-0177,120.2,137.0
2024-02-11,SKU-0177,64.2,137.0
2024-02-18,SKU-0177,26.2,137.0
2024-02-25,SKU-0177,163.4,137.0
2024-03-03,SKU-0177,133.4,137.0
2024-03-10,SKU-0177,89.4,137.0
2024-03-17,SKU-0177,235.6,137.0
2024-03-24,SKU-0177,174.6,137.0
2024-03-31,SKU-0177,127.6,137.0
2024-04-07,SKU-0177,90.6,137.0
2024-04-14,SKU-0177,230.8,137.0
2024-04-21,SKU-0177,192.8,137.0
2024-04-28,SKU-0177,155.8,137.0
2024-05-05,SKU-0177,112.8,137.0
2024-05-12,SKU-0177,66.8,137.0
2024-05-19,SKU-0177,32.8,137.0
2024-05-26,SKU-0177,185.0,137.0
2024-06-02,SKU-0177,132.0,137.0
2024-06-09,SKU-0177,83.0,137.0
2024-06-16,SKU-0177,220.2,137.0
2024-06-23,SKU-0177,166.2,137.0
2024-06-30,SKU-0177,125.2,137.0
2024-07-07,SKU-0177,82.2,137.0
2024-07-14,SKU-0177,17.2,137.0
2024-07-21,SKU-0177,164.4,137.0
2024-07-28,SKU-0177,99.4,137.0
2024-08-04,SKU-0177,46.4,137.0
2024-08-11,SKU-0177,0.0,137.0
2024-08-18,SKU-0177,139.2,137.0
2024-08-25,SKU-0177,81.2,137.0
2024-09-01,SKU-0177,30.2,137.0
2024-09-08,SKU-0177,0.0,137.0
2024-09-15,SKU-0177,139.2,137.0
2024-09-22,SKU-0177,97.2,137.0
2024-09-29,SKU-0177,44.2,137.0
2024-10-06,SKU-0177,0.0,137.0
2024-10-13,SKU-0177,134.2,137.0
2024-10-20,SKU-0177,95.2,137.0
2024-10-27,SKU-0177,222.4,137.0
2024-11-03,SKU-0177,166.4,137.0
2024-11-10,SKU-0177,113.4,137.0
2024-11-17,SKU-0177,73.4,137.0
2024-11-24,SKU-0177,7.4,137.0
2024-12-01,SKU-0177,137.6,137.0
2024-12-08,SKU-0177,95.6,137.0
2024-12-15,SKU-0177,31.6,137.0
2024-12-22,SKU-0177,0.0,137.0
2024-12-29,SKU-0177,115.2,137.0
2025-01-05,SKU-0177,81.2,137.0
2025-01-12,SKU-0177,210.4,137.0
2025-01-19,SKU-0177,168.4,137.0
2025-01-26,SKU-0177,141.4,137.0
2025-02-02,SKU-0177,101.4,137.0
2025-02-09,SKU-0177,82.4,137.0
2025-02-16,SKU-0177,51.4,137.0
2025-02-23,SKU-0177,190.6,137.0
2025-03-02,SKU-0177,155.6,137.0
2025-03-09,SKU-0177,112.6,137.0
2025-03-16,SKU-0177,63.6,137.0
2025-03-23,SKU-0177,200.8,137.0
2025-03-30,SKU-0177,145.8,137.0
2025-04-06,SKU-0177,110.8,137.0
2025-04-13,SKU-0177,69.8,137.0
2025-04-20,SKU-0177,23.8,137.0
2025-04-27,SKU-0177,158.0,137.0
2025-05-04,SKU-0177,125.0,137.0
2025-05-11,SKU-0177,93.0,137.0
2025-05-18,SKU-0177,246.2,137.0
2025-05-25,SKU-0177,205.2,137.0
2025-06-01,SKU-0177,155.2,137.0
2025-06-08,SKU-0177,113.2,137.0
2025-06-15,SKU-0177,68.2,137.0
2025-06-22,SKU-0177,197.4,137.0
2025-06-29,SKU-0177,167.4,137.0
2025-07-06,SKU-0177,129.4,137.0
2025-07-13,SKU-0177,99.4,137.0
2025-07-20,SKU-0177,43.4,137.0
2025-07-27,SKU-0177,180.6,137.0
2025-08-03,SKU-0177,119.6,137.0
2025-08-10,SKU-0177,92.6,137.0
2025-08-17,SKU-0177,60.6,137.0
2025-08-24,SKU-0177,205.8,137.0
2025-08-31,SKU-0177,158.8,137.0
2025-09-07,SKU-0177,110.8,137.0
2025-09-14,SKU-0177,57.8,137.0
2025-09-21,SKU-0177,5.8,137.0
2025-09-28,SKU-0177,154.0,137.0
2025-10-05,SKU-0177,114.0,137.0
2025-10-12,SKU-0177,74.0,137.0
2025-10-19,SKU-0177,9.0,137.0
2025-10-26,SKU-0177,130.2,137.0
2025-11-02,SKU-0177,62.2,137.0
2025-11-09,SKU-0177,189.4,137.0
2025-11-16,SKU-0177,126.4,137.0
2025-11-23,SKU-0177,63.4,137.0
2025-11-30,SKU-0177,146.6,137.0
2025-12-07,SKU-0177,79.6,137.0
2025-12-14,SKU-0177,32.6,137.0
2025-12-21,SKU-0177,0.0,137.0
2025-12-28,SKU-0177,148.2,137.0
2024-01-07,SKU-0178,379.4,201.0
2024-01-14,SKU-0178,349.4,201.0
2024-01-21,SKU-0178,293.4,201.0
2024-01-28,SKU-0178,267.4,201.0
2024-02-04,SKU-0178,206.4,201.0
2024-02-11,SKU-0178,146.4,201.0
2024-02-18,SKU-0178,98.4,201.0
2024-02-25,SKU-0178,63.4,201.0
2024-03-03,SKU-0178,0.0,201.0
2024-03-10,SKU-0178,0.0,201.0
2024-03-17,SKU-0178,205.4,201.0
2024-03-24,SKU-0178,154.4,201.0
2024-03-31,SKU-0178,366.8,201.0
2024-04-07,SKU-0178,284.8,201.0
2024-04-14,SKU-0178,223.8,201.0
2024-04-21,SKU-0178,137.8,201.0
2024-04-28,SKU-0178,91.8,201.0
2024-05-05,SKU-0178,14.8,201.0
2024-05-12,SKU-0178,0.0,201.0
2024-05-19,SKU-0178,193.4,201.0
2024-05-26,SKU-0178,133.4,201.0
2024-06-02,SKU-0178,84.4,201.0
2024-06-09,SKU-0178,26.4,201.0
2024-06-16,SKU-0178,0.0,201.0
2024-06-23,SKU-0178,203.4,201.0
2024-06-30,SKU-0178,172.4,201.0
2024-07-07,SKU-0178,94.4,201.0
2024-07-14,SKU-0178,43.4,201.0
2024-07-21,SKU-0178,0.0,201.0
2024-07-28,SKU-0178,194.4,201.0
2024-08-04,SKU-0178,152.4,201.0
2024-08-11,SKU-0178,113.4,201.0
2024-08-18,SKU-0178,303.8,201.0
2024-08-25,SKU-0178,248.8,201.0
2024-09-01,SKU-0178,188.8,201.0
2024-09-08,SKU-0178,131.8,201.0
2024-09-15,SKU-0178,31.8,201.0
2024-09-22,SKU-0178,0.0,201.0
2024-09-29,SKU-0178,222.4,201.0
2024-10-06,SKU-0178,175.4,201.0
2024-10-13,SKU-0178,125.4,201.0
2024-10-20,SKU-0178,43.4,201.0
2024-10-27,SKU-0178,14.4,201.0
2024-11-03,SKU-0178,0.0,201.0
2024-11-10,SKU-0178,208.4,201.0
2024-11-17,SKU-0178,104.4,201.0
2024-11-24,SKU-0178,53.4,201.0
2024-12-01,SKU-0178,0.0,201.0
2024-12-08,SKU-0178,0.0,201.0
2024-12-15,SKU-0178,191.4,201.0
2024-12-22,SKU-0178,149.4,201.0
2024-12-29,SKU-0178,287.8,201.0
2025-01-05,SKU-0178,94.8,201.0
2025-01-12,SKU-0178,59.8,201.0
2025-01-19,SKU-0178,0.0,201.0
2025-01-26,SKU-0178,0.0,201.0
2025-02-02,SKU-0178,190.4,201.0
2025-02-09,SKU-0178,144.4,201.0
2025-02-16,SKU-0178,67.4,201.0
2025-02-23,SKU-0178,0.0,201.0
2025-03-02,SKU-0178,0.0,201.0
2025-03-09,SKU-0178,0.0,201.0
2025-03-16,SKU-0178,205.4,201.0
2025-03-23,SKU-0178,90.4,201.0
2025-03-30,SKU-0178,0.0,201.0
2025-04-06,SKU-0178,0.0,201.0
2025-04-13,SKU-0178,0.0,201.0
2025-04-20,SKU-0178,0.0,201.0
2025-04-27,SKU-0178,218.4,201.0
2025-05-04,SKU-0178,153.4,201.0
2025-05-11,SKU-0178,67.4,201.0
2025-05-18,SKU-0178,9.4,201.0
2025-05-25,SKU-0178,0.0,201.0
2025-06-01,SKU-0178,186.4,201.0
2025-06-08,SKU-0178,128.4,201.0
2025-06-15,SKU-0178,340.8,201.0
2025-06-22,SKU-0178,257.8,201.0
2025-06-29,SKU-0178,179.8,201.0
2025-07-06,SKU-0178,62.8,201.0
2025-07-13,SKU-0178,0.0,201.0
2025-07-20,SKU-0178,228.4,201.0
2025-07-27,SKU-0178,126.4,201.0
2025-08-03,SKU-0178,73.4,201.0
2025-08-10,SKU-0178,0.0,201.0
2025-08-17,SKU-0178,0.0,201.0
2025-08-24,SKU-0178,209.4,201.0
2025-08-31,SKU-0178,180.4,201.0
2025-09-07,SKU-0178,62.4,201.0
2025-09-14,SKU-0178,0.0,201.0
2025-09-21,SKU-0178,0.0,201.0
2025-09-28,SKU-0178,229.4,201.0
2025-10-05,SKU-0178,189.4,201.0
2025-10-12,SKU-0178,153.4,201.0
2025-10-19,SKU-0178,116.4,201.0
2025-10-26,SKU-0178,320.8,201.0
2025-11-02,SKU-0178,254.8,201.0
2025-11-09,SKU-0178,86.8,201.0
2025-11-16,SKU-0178,310.2,201.0
2025-11-23,SKU-0178,252.2,201.0
2025-11-30,SKU-0178,190.2,201.0
2025-12-07,SKU-0178,81.2,201.0
2025-12-14,SKU-0178,10.2,201.0
2025-12-21,SKU-0178,227.6,201.0
2025-12-28,SKU-0178,122.6,201.0
2024-01-07,SKU-0179,690.0,346.0
2024-01-14,SKU-0179,665.0,346.0
2024-01-21,SKU-0179,491.0,346.0
2024-01-28,SKU-0179,384.0,346.0
2024-02-04,SKU-0179,305.0,346.0
2024-02-11,SKU-0179,205.0,346.0
2024-02-18,SKU-0179,0.0,346.0
2024-02-25,SKU-0179,0.0,346.0
2024-03-03,SKU-0179,391.0,346.0
2024-03-10,SKU-0179,327.0,346.0
2024-03-17,SKU-0179,277.0,346.0
2024-03-24,SKU-0179,19.0,346.0
2024-03-31,SKU-0179,36.0,346.0
2024-04-07,SKU-0179,0.0,346.0
2024-04-14,SKU-0179,0.0,346.0
2024-04-21,SKU-0179,181.0,346.0
2024-04-28,SKU-0179,124.0,346.0
2024-05-05,SKU-0179,21.0,346.0
2024-05-12,SKU-0179,0.0,346.0
2024-05-19,SKU-0179,362.0,346.0
2024-05-26,SKU-0179,209.0,346.0
2024-06-02,SKU-0179,166.0,346.0
2024-06-09,SKU-0179,141.0,346.0
2024-06-16,SKU-0179,502.0,346.0
2024-06-23,SKU-0179,437.0,346.0
2024-06-30,SKU-0179,208.0,346.0
2024-07-07,SKU-0179,63.0,346.0
2024-07-14,SKU-0179,29.0,346.0
2024-07-21,SKU-0179,358.0,346.0
2024-07-28,SKU-0179,301.0,346.0
2024-08-04,SKU-0179,286.0,346.0
2024-08-11,SKU-0179,0.0,346.0
2024-08-18,SKU-0179,291.0,346.0
2024-08-25,SKU-0179,225.0,346.0
2024-09-01,SKU-0179,142.0,346.0
2024-09-08,SKU-0179,311.0,346.0
2024-09-15,SKU-0179,171.0,346.0
2024-09-22,SKU-0179,0.0,346.0
2024-09-29,SKU-0179,356.0,346.0
2024-10-06,SKU-0179,306.0,346.0
2024-10-13,SKU-0179,209.0,346.0
2024-10-20,SKU-0179,0.0,346.0
2024-10-27,SKU-0179,302.0,346.0
2024-11-03,SKU-0179,209.0,346.0
2024-11-10,SKU-0179,140.0,346.0
2024-11-17,SKU-0179,441.0,346.0
2024-11-24,SKU-0179,192.0,346.0
2024-12-01,SKU-0179,0.0,346.0
2024-12-08,SKU-0179,418.0,346.0
2024-12-15,SKU-0179,349.0,346.0
2024-12-22,SKU-0179,212.0,346.0
2024-12-29,SKU-0179,97.0,346.0
2025-01-05,SKU-0179,36.0,346.0
2025-01-12,SKU-0179,391.0,346.0
2025-01-19,SKU-0179,350.0,346.0
2025-01-26,SKU-0179,333.0,346.0
2025-02-02,SKU-0179,141.0,346.0
2025-02-09,SKU-0179,87.0,346.0
2025-02-16,SKU-0179,502.0,346.0
2025-02-23,SKU-0179,374.0,346.0
2025-03-02,SKU-0179,252.0,346.0
2025-03-09,SKU-0179,208.0,346.0
2025-03-16,SKU-0179,30.0,346.0
2025-03-23,SKU-0179,421.0,346.0
2025-03-30,SKU-0179,314.0,346.0
2025-04-06,SKU-0179,214.0,346.0
2025-04-13,SKU-0179,501.0,346.0
2025-04-20,SKU-0179,322.0,346.0
2025-04-27,SKU-0179,232.0,346.0
2025-05-04,SKU-0179,144.0,346.0
2025-05-11,SKU-0179,295.0,346.0
2025-05-18,SKU-0179,703.0,346.0
2025-05-25,SKU-0179,664.0,346.0
2025-06-01,SKU-0179,572.0,346.0
2025-06-08,SKU-0179,522.0,346.0
2025-06-15,SKU-0179,449.0,346.0
2025-06-22,SKU-0179,289.0,346.0
2025-06-29,SKU-0179,0.0,346.0
2025-07-06,SKU-0179,0.0,346.0
2025-07-13,SKU-0179,399.0,346.0
2025-07-20,SKU-0179,336.0,346.0
2025-07-27,SKU-0179,293.0,346.0
2025-08-03,SKU-0179,174.0,346.0
2025-08-10,SKU-0179,319.0,346.0
2025-08-17,SKU-0179,215.0,346.0
2025-08-24,SKU-0179,635.0,346.0
2025-08-31,SKU-0179,281.0,346.0
2025-09-07,SKU-0179,145.0,346.0
2025-09-14,SKU-0179,521.0,346.0
2025-09-21,SKU-0179,297.0,346.0
2025-09-28,SKU-0179,186.0,346.0
2025-10-05,SKU-0179,545.0,346.0
2025-10-12,SKU-0179,481.0,346.0
2025-10-19,SKU-0179,438.0,346.0
2025-10-26,SKU-0179,362.0,346.0
2025-11-02,SKU-0179,33.0,346.0
2025-11-09,SKU-0179,0.0,346.0
2025-11-16,SKU-0179,0.0,346.0
2025-11-23,SKU-0179,415.0,346.0
2025-11-30,SKU-0179,0.0,346.0
2025-12-07,SKU-0179,0.0,346.0
2025-12-14,SKU-0179,321.0,346.0
2025-12-21,SKU-0179,0.0,346.0
2025-12-28,SKU-0179,0.0,346.0
2024-01-07,SKU-0180,312.8,139.0
2024-01-14,SKU-0180,257.8,139.0
2024-01-21,SKU-0180,241.8,139.0
2024-01-28,SKU-0180,208.8,139.0
2024-02-04,SKU-0180,167.8,139.0
2024-02-11,SKU-0180,87.8,139.0
2024-02-18,SKU-0180,0.0,139.0
2024-02-25,SKU-0180,100.8,139.0
2024-03-03,SKU-0180,71.8,139.0
2024-03-10,SKU-0180,225.6,139.0
2024-03-17,SKU-0180,175.6,139.0
2024-03-24,SKU-0180,127.6,139.0
2024-03-31,SKU-0180,99.6,139.0
2024-04-07,SKU-0180,63.6,139.0
2024-04-14,SKU-0180,229.4,139.0
2024-04-21,SKU-0180,200.4,139.0
2024-04-28,SKU-0180,185.4,139.0
2024-05-05,SKU-0180,135.4,139.0
2024-05-12,SKU-0180,103.4,139.0
2024-05-19,SKU-0180,176.2,139.0
2024-05-26,SKU-0180,127.2,139.0
2024-06-02,SKU-0180,81.2,139.0
2024-06-09,SKU-0180,32.2,139.0
2024-06-16,SKU-0180,0.0,139.0
2024-06-23,SKU-0180,142.8,139.0
2024-06-30,SKU-0180,123.8,139.0
2024-07-07,SKU-0180,96.8,139.0
2024-07-14,SKU-0180,246.6,139.0
2024-07-21,SKU-0180,185.6,139.0
2024-07-28,SKU-0180,110.6,139.0
2024-08-04,SKU-0180,29.6,139.0
2024-08-11,SKU-0180,161.4,139.0
2024-08-18,SKU-0180,107.4,139.0
2024-08-25,SKU-0180,266.2,139.0
2024-09-01,SKU-0180,155.2,139.0
2024-09-08,SKU-0180,128.2,139.0
2024-09-15,SKU-0180,99.2,139.0
2024-09-22,SKU-0180,236.0,139.0
2024-09-29,SKU-0180,191.0,139.0
2024-10-06,SKU-0180,156.0,139.0
2024-10-13,SKU-0180,101.0,139.0
2024-10-20,SKU-0180,28.0,139.0
2024-10-27,SKU-0180,144.8,139.0
2024-11-03,SKU-0180,121.8,139.0
2024-11-10,SKU-0180,64.8,139.0
2024-11-17,SKU-0180,221.6,139.0
2024-11-24,SKU-0180,176.6,139.0
2024-12-01,SKU-0180,75.6,139.0
2024-12-08,SKU-0180,12.6,139.0
2024-12-15,SKU-0180,180.4,139.0
2024-12-22,SKU-0180,142.4,139.0
2024-12-29,SKU-0180,17.4,139.0
2025-01-05,SKU-0180,0.0,139.0
2025-01-12,SKU-0180,0.0,139.0
2025-01-19,SKU-0180,128.8,139.0
2025-01-26,SKU-0180,84.8,139.0
2025-02-02,SKU-0180,43.8,139.0
2025-02-09,SKU-0180,110.6,139.0
2025-02-16,SKU-0180,0.0,139.0
2025-02-23,SKU-0180,0.0,139.0
2025-03-02,SKU-0180,151.8,139.0
2025-03-09,SKU-0180,105.8,139.0
2025-03-16,SKU-0180,85.8,139.0
2025-03-23,SKU-0180,229.6,139.0
2025-03-30,SKU-0180,206.6,139.0
2025-04-06,SKU-0180,178.6,139.0
2025-04-13,SKU-0180,162.6,139.0
2025-04-20,SKU-0180,67.6,139.0
2025-04-27,SKU-0180,50.6,139.0
2025-05-04,SKU-0180,217.4,139.0
2025-05-11,SKU-0180,176.4,139.0
2025-05-18,SKU-0180,157.4,139.0
2025-05-25,SKU-0180,120.4,139.0
2025-06-01,SKU-0180,92.4,139.0
2025-06-08,SKU-0180,247.2,139.0
2025-06-15,SKU-0180,185.2,139.0
2025-06-22,SKU-0180,83.2,139.0
2025-06-29,SKU-0180,42.2,139.0
2025-07-06,SKU-0180,197.0,139.0
2025-07-13,SKU-0180,153.0,139.0
2025-07-20,SKU-0180,116.0,139.0
2025-07-27,SKU-0180,85.0,139.0
2025-08-03,SKU-0180,243.8,139.0
2025-08-10,SKU-0180,208.8,139.0
2025-08-17,SKU-0180,180.8,139.0
2025-08-24,SKU-0180,142.8,139.0
2025-08-31,SKU-0180,111.8,139.0
2025-09-07,SKU-0180,34.8,139.0
2025-09-14,SKU-0180,174.6,139.0
2025-09-21,SKU-0180,133.6,139.0
2025-09-28,SKU-0180,4.6,139.0
2025-10-05,SKU-0180,0.0,139.0
2025-10-12,SKU-0180,139.8,139.0
2025-10-19,SKU-0180,101.8,139.0
2025-10-26,SKU-0180,75.8,139.0
2025-11-02,SKU-0180,192.6,139.0
2025-11-09,SKU-0180,150.6,139.0
2025-11-16,SKU-0180,67.6,139.0
2025-11-23,SKU-0180,0.0,139.0
2025-11-30,SKU-0180,0.0,139.0
2025-12-07,SKU-0180,110.8,139.0
2025-12-14,SKU-0180,48.8,139.0
2025-12-21,SKU-0180,223.6,139.0
2025-12-28,SKU-0180,193.6,139.0
