invoice_id,order_id,customer_id,invoice_date,due_date,invoice_amount
INV000001,O000001,C1000,2024-11-30,2024-12-15,4029.48
INV000002,O000002,C1000,2025-03-20,2025-04-04,1356.21
INV000003,O000003,C1000,2025-06-08,2025-06-23,907.72
INV000004,O000004,C1001,2024-04-26,2024-05-11,1918.19
INV000005,O000005,C1001,2024-06-19,2024-07-04,2358.57
INV000006,O000006,C1001,2024-10-13,2024-10-28,3289.1
INV000007,O000007,C1001,2024-12-18,2025-01-02,1163.99
INV000008,O000008,C1001,2024-12-22,2025-01-06,2643.7
INV000009,O000009,C1001,2025-07-09,2025-07-24,1709.01
INV000010,O000010,C1001,2025-12-06,2025-12-21,4720.46
INV000011,O000011,C1002,2024-01-07,2024-02-06,11085.69
INV000012,O000012,C1002,2024-01-13,2024-02-12,12747.75
INV000013,O000013,C1002,2024-03-05,2024-04-04,9380.41
INV000014,O000014,C1002,2024-04-23,2024-05-23,6357.61
INV000015,O000015,C1002,2024-06-14,2024-07-14,12550.75
INV000016,O000016,C1002,2024-08-28,2024-09-27,26843.39
INV000017,O000017,C1002,2024-10-14,2024-11-13,21074.45
INV000018,O000018,C1002,2024-10-15,2024-11-14,18138.23
INV000019,O000019,C1002,2024-10-29,2024-11-28,4739.37
INV000020,O000020,C1002,2024-11-25,2024-12-25,9072.17
INV000021,O000021,C1002,2025-02-08,2025-03-10,8975.78
INV000022,O000022,C1002,2025-04-07,2025-05-07,11002.39
INV000023,O000023,C1002,2025-05-07,2025-06-06,4948.98
INV000024,O000024,C1002,2025-06-24,2025-07-24,2252.95
INV000025,O000025,C1002,2025-07-03,2025-08-02,13631.87
INV000026,O000026,C1002,2025-07-22,2025-08-21,10242.78
INV000027,O000027,C1002,2025-08-28,2025-09-27,11704.97
INV000028,O000028,C1002,2025-10-09,2025-11-08,8352.71
INV000029,O000029,C1002,2025-10-15,2025-11-14,7751.44
INV000030,O000030,C1002,2025-11-23,2025-12-23,15509.76
INV000031,O000031,C1002,2025-12-16,2026-01-15,8584.51
INV000032,O000032,C1003,2024-02-22,2024-03-23,9037.58
INV000033,O000033,C1003,2024-03-02,2024-04-01,11629.93
INV000034,O000034,C1003,2024-03-08,2024-04-07,6969.1
INV000035,O000035,C1003,2024-04-15,2024-05-15,14112.34
INV000036,O000036,C1003,2024-06-25,2024-07-25,4472.3
INV000037,O000037,C1003,2024-06-28,2024-07-28,10249.34
INV000038,O000038,C1003,2024-07-25,2024-08-24,9471.65
INV000039,O000039,C1003,2024-08-25,2024-09-24,12230.65
INV000040,O000040,C1003,2024-10-21,2024-11-20,9819.49
INV000041,O000041,C1003,2024-10-22,2024-11-21,9742.3
INV000042,O000042,C1003,2024-10-23,2024-11-22,9381.49
INV000043,O000043,C1003,2024-11-30,2024-12-30,11453.85
INV000044,O000044,C1003,2025-02-04,2025-03-06,5465.3
INV000045,O000045,C1003,2025-05-09,2025-06-08,22862.4
INV000046,O000046,C1003,2025-05-14,2025-06-13,6304.36
INV000047,O000047,C1003,2025-12-10,2026-01-09,10981.28
INV000048,O000048,C1003,2025-12-28,2026-01-27,20990.95
INV000049,O000049,C1004,2024-01-21,2024-02-05,2903.78
INV000050,O000050,C1004,2024-01-30,2024-02-14,4450.56
INV000051,O000051,C1004,2024-02-26,2024-03-12,1683.58
INV000052,O000052,C1004,2024-03-22,2024-04-06,1451.38
INV000053,O000053,C1004,2024-04-18,2024-05-03,1646.44
INV000054,O000054,C1004,2024-12-08,2024-12-23,2087.21
INV000055,O000055,C1004,2025-03-04,2025-03-19,3871.65
INV000056,O000056,C1004,2025-04-04,2025-04-19,817.31
INV000057,O000057,C1004,2025-10-19,2025-11-03,1917.08
INV000058,O000058,C1004,2025-11-03,2025-11-18,1361.77
INV000059,O000059,C1004,2025-11-27,2025-12-12,9088.75
INV000060,O000060,C1005,2024-04-25,2024-05-10,1921.54
INV000061,O000061,C1005,2024-10-05,2024-10-20,2198.84
INV000062,O000062,C1005,2024-10-09,2024-10-24,1924.72
INV000063,O000063,C1005,2024-12-16,2024-12-31,2028.65
INV000064,O000064,C1005,2025-05-25,2025-06-09,2258.46
INV000065,O000065,C1005,2025-07-21,2025-08-05,1235.64
INV000066,O000066,C1005,2025-07-23,2025-08-07,1452.32
INV000067,O000067,C1005,2025-08-10,2025-08-25,5646.34
INV000068,O000068,C1005,2025-09-13,2025-09-28,3380.65
INV000069,O000069,C1005,2025-12-03,2025-12-18,2707.84
INV000070,O000070,C1005,2025-12-25,2026-01-09,2268.86
INV000071,O000071,C1006,2024-08-19,2024-09-03,1954.09
INV000072,O000072,C1006,2024-11-22,2024-12-07,1766.08
INV000073,O000073,C1006,2025-12-26,2026-01-10,2610.14
INV000074,O000074,C1007,2024-01-11,2024-01-26,1349.18
INV000075,O000075,C1007,2024-04-13,2024-04-28,1109.85
INV000076,O000076,C1007,2024-08-22,2024-09-06,2747.6
INV000077,O000077,C1007,2024-09-10,2024-09-25,1451.42
INV000078,O000078,C1007,2024-09-21,2024-10-06,2016.83
INV000079,O000079,C1007,2024-11-14,2024-11-29,886.2
INV000080,O000080,C1007,2025-06-01,2025-06-16,2009.56
INV000081,O000081,C1007,2025-06-09,2025-06-24,1179.86
INV000082,O000082,C1007,2025-07-14,2025-07-29,3072.38
INV000083,O000083,C1007,2025-10-16,2025-10-31,1519.87
INV000084,O000084,C1008,2024-02-08,2024-02-23,1400.26
INV000085,O000085,C1008,2024-02-29,2024-03-15,5536.85
INV000086,O000086,C1008,2024-06-10,2024-06-25,1040.25
INV000087,O000087,C1008,2024-07-03,2024-07-18,3254.76
INV000088,O000088,C1008,2024-07-26,2024-08-10,3372.87
INV000089,O000089,C1008,2024-07-25,2024-08-09,1669.55
INV000090,O000090,C1008,2024-10-26,2024-11-10,2022.02
INV000091,O000091,C1008,2024-11-25,2024-12-10,1064.67
INV000092,O000092,C1008,2024-12-15,2024-12-30,1405.75
INV000093,O000093,C1008,2025-07-04,2025-07-19,1885.08
INV000094,O000094,C1008,2025-08-26,2025-09-10,1584.23
INV000095,O000095,C1009,2024-04-07,2024-04-22,1666.43
INV000096,O000096,C1009,2024-06-07,2024-06-22,2366.59
INV000097,O000097,C1009,2024-07-16,2024-07-31,4291.34
INV000098,O000098,C1009,2024-08-02,2024-08-17,2400.85
INV000099,O000099,C1009,2024-09-14,2024-09-29,2494.07
INV000100,O000100,C1009,2024-09-22,2024-10-07,2820.06
INV000101,O000101,C1009,2025-03-10,2025-03-25,2638.69
INV000102,O000102,C1009,2025-06-28,2025-07-13,2151.97
INV000103,O000103,C1009,2025-08-16,2025-08-31,2904.39
INV000104,O000104,C1009,2025-09-26,2025-10-11,3341.53
INV000105,O000105,C1010,2024-01-10,2024-02-09,15860.17
INV000106,O000106,C1010,2024-06-16,2024-07-16,7880.24
INV000107,O000107,C1010,2024-08-28,2024-09-27,16377.91
INV000108,O000108,C1010,2024-11-16,2024-12-16,15469.91
INV000109,O000109,C1010,2024-12-27,2025-01-26,6767.55
INV000110,O000110,C1010,2025-02-01,2025-03-03,7904.9
INV000111,O000111,C1010,2025-05-28,2025-06-27,12661.31
INV000112,O000112,C1010,2025-07-01,2025-07-31,8616.5
INV000113,O000113,C1010,2025-07-18,2025-08-17,4634.04
INV000114,O000114,C1010,2025-10-03,2025-11-02,14715.91
INV000115,O000115,C1010,2025-10-14,2025-11-13,14007.74
INV000116,O000116,C1011,2024-03-31,2024-04-15,2748.07
INV000117,O000117,C1011,2024-04-03,2024-04-18,5224.97
INV000118,O000118,C1011,2024-09-25,2024-10-10,3315.15
INV000119,O000119,C1011,2024-11-21,2024-12-06,1293.08
INV000120,O000120,C1011,2025-05-08,2025-05-23,4630.78
INV000121,O000121,C1011,2025-07-12,2025-07-27,3333.23
INV000122,O000122,C1011,2025-10-13,2025-10-28,4305.96
INV000123,O000123,C1011,2025-11-04,2025-11-19,4315.29
INV000124,O000124,C1012,2024-02-10,2024-02-25,868.08
INV000125,O000125,C1012,2024-03-07,2024-03-22,1864.23
INV000126,O000126,C1012,2024-06-09,2024-06-24,2201.8
INV000127,O000127,C1012,2024-07-24,2024-08-08,4288.6
INV000128,O000128,C1012,2024-09-25,2024-10-10,3205.06
INV000129,O000129,C1012,2025-02-24,2025-03-11,4240.32
INV000130,O000130,C1012,2025-05-26,2025-06-10,3420.42
INV000131,O000131,C1012,2025-06-30,2025-07-15,2629.91
INV000132,O000132,C1012,2025-09-26,2025-10-11,1915.54
INV000133,O000133,C1012,2025-10-04,2025-10-19,3302.68
INV000134,O000134,C1012,2025-12-18,2026-01-02,2157.72
INV000135,O000135,C1013,2024-03-17,2024-04-16,9976.09
INV000136,O000136,C1013,2024-03-29,2024-04-28,12479.55
INV000137,O000137,C1013,2024-07-14,2024-08-13,4752.65
INV000138,O000138,C1013,2025-02-26,2025-03-28,18188.92
INV000139,O000139,C1013,2025-03-14,2025-04-13,11708.18
INV000140,O000140,C1013,2025-04-11,2025-05-11,10233.11
INV000141,O000141,C1013,2025-04-17,2025-05-17,10770.06
INV000142,O000142,C1013,2025-08-16,2025-09-15,9431.49
INV000143,O000143,C1013,2025-11-15,2025-12-15,15769.31
INV000144,O000144,C1013,2025-11-18,2025-12-18,13044.42
INV000145,O000145,C1013,2025-11-22,2025-12-22,5684.32
INV000146,O000146,C1013,2025-12-14,2026-01-13,13839.99
INV000147,O000147,C1013,2025-12-22,2026-01-21,21852.84
INV000148,O000148,C1014,2024-01-20,2024-03-20,28549.13
INV000149,O000149,C1014,2024-01-26,2024-03-26,40669.0
INV000150,O000150,C1014,2024-02-02,2024-04-02,76456.67
INV000151,O000151,C1014,2024-03-09,2024-05-08,47465.77
INV000152,O000152,C1014,2024-03-29,2024-05-28,62421.91
INV000153,O000153,C1014,2024-04-15,2024-06-14,16150.47
INV000154,O000154,C1014,2024-04-20,2024-06-19,65205.42
INV000155,O000155,C1014,2024-04-25,2024-06-24,59550.0
INV000156,O000156,C1014,2024-05-04,2024-07-03,76581.21
INV000157,O000157,C1014,2024-07-05,2024-09-03,34140.38
INV000158,O000158,C1014,2024-07-08,2024-09-06,24054.28
INV000159,O000159,C1014,2024-08-22,2024-10-21,63338.39
INV000160,O000160,C1014,2024-08-22,2024-10-21,33105.66
INV000161,O000161,C1014,2024-09-08,2024-11-07,109404.72
INV000162,O000162,C1014,2024-12-02,2025-01-31,17177.96
INV000163,O000163,C1014,2024-12-17,2025-02-15,42059.5
INV000164,O000164,C1014,2024-12-18,2025-02-16,59216.62
INV000165,O000165,C1014,2024-12-20,2025-02-18,27970.22
INV000166,O000166,C1014,2025-02-01,2025-04-02,66185.29
INV000167,O000167,C1014,2025-02-07,2025-04-08,86586.03
INV000168,O000168,C1014,2025-02-28,2025-04-29,34775.5
INV000169,O000169,C1014,2025-04-01,2025-05-31,85211.82
INV000170,O000170,C1014,2025-03-30,2025-05-29,48462.98
INV000171,O000171,C1014,2025-04-02,2025-06-01,43167.89
INV000172,O000172,C1014,2025-04-10,2025-06-09,79668.94
INV000173,O000173,C1014,2025-05-08,2025-07-07,62033.27
INV000174,O000174,C1014,2025-06-17,2025-08-16,61114.27
INV000175,O000175,C1014,2025-07-05,2025-09-03,107121.85
INV000176,O000176,C1014,2025-07-05,2025-09-03,46133.78
INV000177,O000177,C1014,2025-07-20,2025-09-18,59587.08
INV000178,O000178,C1014,2025-10-03,2025-12-02,60588.44
INV000179,O000179,C1014,2025-10-05,2025-12-04,38967.67
INV000180,O000180,C1014,2025-12-09,2026-02-07,48708.83
INV000181,O000181,C1014,2025-12-15,2026-02-13,23459.9
INV000182,O000182,C1014,2025-12-17,2026-02-15,73349.48
INV000183,O000183,C1015,2024-01-31,2024-02-15,6266.65
INV000184,O000184,C1015,2024-09-09,2024-09-24,600.6
INV000185,O000185,C1015,2025-01-20,2025-02-04,1272.85
INV000186,O000186,C1015,2025-04-15,2025-04-30,1292.01
INV000187,O000187,C1015,2025-09-02,2025-09-17,6278.44
INV000188,O000188,C1015,2025-11-12,2025-11-27,2218.62
INV000189,O000189,C1016,2024-01-07,2024-01-22,4069.37
INV000190,O000190,C1016,2024-02-08,2024-02-23,1541.21
INV000191,O000191,C1016,2024-07-16,2024-07-31,3843.68
INV000192,O000192,C1016,2024-12-10,2024-12-25,1416.39
INV000193,O000193,C1016,2024-12-20,2025-01-04,425.36
INV000194,O000194,C1016,2025-06-06,2025-06-21,3411.37
INV000195,O000195,C1016,2025-07-02,2025-07-17,1502.15
INV000196,O000196,C1016,2025-07-05,2025-07-20,3079.05
INV000197,O000197,C1017,2024-03-22,2024-05-21,76673.35
INV000198,O000198,C1017,2024-06-17,2024-08-16,128059.07
INV000199,O000199,C1017,2024-06-22,2024-08-21,98718.17
INV000200,O000200,C1017,2024-06-25,2024-08-24,37989.11
INV000201,O000201,C1017,2024-08-05,2024-10-04,70380.9
INV000202,O000202,C1017,2024-08-22,2024-10-21,49107.02
INV000203,O000203,C1017,2024-11-04,2025-01-03,29309.94
INV000204,O000204,C1017,2025-01-01,2025-03-02,41594.26
INV000205,O000205,C1017,2025-03-14,2025-05-13,70358.35
INV000206,O000206,C1017,2025-03-23,2025-05-22,43727.28
INV000207,O000207,C1017,2025-03-29,2025-05-28,59685.48
INV000208,O000208,C1017,2025-04-01,2025-05-31,68825.86
INV000209,O000209,C1017,2025-05-07,2025-07-06,54575.23
INV000210,O000210,C1017,2025-05-10,2025-07-09,42359.92
INV000211,O000211,C1017,2025-06-01,2025-07-31,31021.03
INV000212,O000212,C1017,2025-07-30,2025-09-28,26077.56
INV000213,O000213,C1017,2025-09-04,2025-11-03,65448.11
INV000214,O000214,C1017,2025-09-09,2025-11-08,130074.93
INV000215,O000215,C1017,2025-09-16,2025-11-15,33825.59
INV000216,O000216,C1017,2025-09-16,2025-11-15,72988.14
INV000217,O000217,C1017,2025-09-29,2025-11-28,78839.07
INV000218,O000218,C1017,2025-11-06,2026-01-05,33454.18
INV000219,O000219,C1017,2025-11-15,2026-01-14,78561.08
INV000220,O000220,C1017,2025-11-23,2026-01-22,57255.08
INV000221,O000221,C1018,2024-05-10,2024-05-25,4169.19
INV000222,O000222,C1018,2024-06-28,2024-07-13,1717.83
INV000223,O000223,C1018,2024-07-25,2024-08-09,6227.34
INV000224,O000224,C1018,2024-09-29,2024-10-14,2055.72
INV000225,O000225,C1018,2025-11-20,2025-12-05,1446.25
INV000226,O000226,C1018,2025-12-31,2026-01-15,1646.13
INV000227,O000227,C1019,2024-01-07,2024-01-22,1395.07
INV000228,O000228,C1019,2024-06-20,2024-07-05,1600.57
INV000229,O000229,C1019,2024-09-07,2024-09-22,7251.7
INV000230,O000230,C1019,2024-10-12,2024-10-27,2824.27
INV000231,O000231,C1019,2025-03-03,2025-03-18,1095.89
INV000232,O000232,C1019,2025-03-11,2025-03-26,2550.24
INV000233,O000233,C1019,2025-06-01,2025-06-16,4964.18
INV000234,O000234,C1019,2025-07-02,2025-07-17,3965.38
INV000235,O000235,C1020,2024-02-28,2024-03-14,4250.8
INV000236,O000236,C1020,2024-05-22,2024-06-06,3405.78
INV000237,O000237,C1020,2024-06-22,2024-07-07,786.41
INV000238,O000238,C1020,2024-10-13,2024-10-28,1636.48
INV000239,O000239,C1020,2024-11-25,2024-12-10,1498.81
INV000240,O000240,C1020,2024-11-29,2024-12-14,3828.99
INV000241,O000241,C1020,2025-02-10,2025-02-25,1897.1
INV000242,O000242,C1021,2024-11-15,2024-11-30,5764.07
INV000243,O000243,C1021,2025-01-22,2025-02-06,1185.91
INV000244,O000244,C1021,2025-03-09,2025-03-24,1688.74
INV000245,O000245,C1021,2025-06-05,2025-06-20,3299.57
INV000246,O000246,C1022,2024-01-05,2024-02-04,27129.76
INV000247,O000247,C1022,2024-02-13,2024-03-14,9522.17
INV000248,O000248,C1022,2024-03-20,2024-04-19,17945.41
INV000249,O000249,C1022,2024-03-28,2024-04-27,9532.95
INV000250,O000250,C1022,2024-06-09,2024-07-09,5545.45
INV000251,O000251,C1022,2024-06-22,2024-07-22,8922.13
INV000252,O000252,C1022,2024-08-22,2024-09-21,16941.26
INV000253,O000253,C1022,2024-09-12,2024-10-12,10853.24
INV000254,O000254,C1022,2024-09-27,2024-10-27,18339.51
INV000255,O000255,C1022,2025-01-28,2025-02-27,10183.24
INV000256,O000256,C1022,2025-05-18,2025-06-17,7996.71
INV000257,O000257,C1022,2025-08-11,2025-09-10,9625.6
INV000258,O000258,C1022,2025-08-27,2025-09-26,11205.18
INV000259,O000259,C1022,2025-12-03,2026-01-02,8306.97
INV000260,O000260,C1022,2025-12-28,2026-01-27,16594.48
INV000261,O000261,C1023,2024-03-25,2024-04-09,2913.85
INV000262,O000262,C1023,2024-04-25,2024-05-10,2088.66
INV000263,O000263,C1023,2024-07-24,2024-08-08,1345.19
INV000264,O000264,C1023,2024-07-30,2024-08-14,1480.19
INV000265,O000265,C1023,2024-08-24,2024-09-08,1074.86
INV000266,O000266,C1023,2024-10-02,2024-10-17,2029.09
INV000267,O000267,C1023,2024-11-10,2024-11-25,2742.15
INV000268,O000268,C1023,2024-12-17,2025-01-01,2887.1
INV000269,O000269,C1023,2025-03-10,2025-03-25,2807.16
INV000270,O000270,C1023,2025-03-13,2025-03-28,4634.94
INV000271,O000271,C1023,2025-11-06,2025-11-21,1959.5
INV000272,O000272,C1023,2025-12-26,2026-01-10,813.41
INV000273,O000273,C1024,2024-01-16,2024-03-16,25443.65
INV000274,O000274,C1024,2024-02-10,2024-04-10,100778.32
INV000275,O000275,C1024,2024-03-05,2024-05-04,47001.71
INV000276,O000276,C1024,2024-05-28,2024-07-27,65930.23
INV000277,O000277,C1024,2024-06-26,2024-08-25,35305.34
INV000278,O000278,C1024,2024-07-23,2024-09-21,42639.27
INV000279,O000279,C1024,2024-09-03,2024-11-02,51344.94
INV000280,O000280,C1024,2024-09-13,2024-11-12,59799.96
INV000281,O000281,C1024,2024-09-15,2024-11-14,47868.28
INV000282,O000282,C1024,2024-09-27,2024-11-26,60421.69
INV000283,O000283,C1024,2024-12-23,2025-02-21,34406.88
INV000284,O000284,C1024,2025-01-05,2025-03-06,85744.07
INV000285,O000285,C1024,2025-01-25,2025-03-26,37796.18
INV000286,O000286,C1024,2025-02-03,2025-04-04,77038.28
INV000287,O000287,C1024,2025-03-17,2025-05-16,73594.52
INV000288,O000288,C1024,2025-04-17,2025-06-16,116543.89
INV000289,O000289,C1024,2025-05-11,2025-07-10,42328.88
INV000290,O000290,C1024,2025-06-21,2025-08-20,37718.38
INV000291,O000291,C1024,2025-07-03,2025-09-01,38288.38
INV000292,O000292,C1024,2025-07-03,2025-09-01,58266.31
INV000293,O000293,C1024,2025-08-01,2025-09-30,108815.27
INV000294,O000294,C1024,2025-08-20,2025-10-19,52030.76
INV000295,O000295,C1024,2025-09-15,2025-11-14,104366.09
INV000296,O000296,C1024,2025-09-26,2025-11-25,30443.57
INV000297,O000297,C1024,2025-11-07,2026-01-06,40786.85
INV000298,O000298,C1024,2025-11-23,2026-01-22,71255.24
INV000299,O000299,C1024,2025-11-27,2026-01-26,45664.77
INV000300,O000300,C1024,2025-12-27,2026-02-25,39545.6
INV000301,O000301,C1025,2024-04-18,2024-05-03,2382.86
INV000302,O000302,C1025,2024-06-14,2024-06-29,1772.51
INV000303,O000303,C1025,2025-01-10,2025-01-25,1717.86
INV000304,O000304,C1025,2025-05-20,2025-06-04,1057.77
INV000305,O000305,C1025,2025-06-14,2025-06-29,4766.47
INV000306,O000306,C1026,2024-01-20,2024-02-04,5069.77
INV000307,O000307,C1026,2024-02-13,2024-02-28,2880.67
INV000308,O000308,C1026,2024-02-21,2024-03-07,844.87
INV000309,O000309,C1026,2024-04-26,2024-05-11,2934.58
INV000310,O000310,C1026,2024-06-27,2024-07-12,6053.39
INV000311,O000311,C1026,2024-10-01,2024-10-16,5428.5
INV000312,O000312,C1026,2025-01-05,2025-01-20,1038.13
INV000313,O000313,C1026,2025-09-08,2025-09-23,4207.07
INV000314,O000314,C1026,2025-11-17,2025-12-02,1562.75
INV000315,O000315,C1026,2025-12-28,2026-01-12,1484.34
INV000316,O000316,C1027,2024-01-05,2024-02-04,7855.96
INV000317,O000317,C1027,2024-09-24,2024-10-24,17495.03
INV000318,O000318,C1027,2025-04-24,2025-05-24,9055.44
INV000319,O000319,C1027,2025-05-04,2025-06-03,18611.63
INV000320,O000320,C1027,2025-06-04,2025-07-04,14092.96
INV000321,O000321,C1027,2025-07-03,2025-08-02,5679.78
INV000322,O000322,C1027,2025-07-19,2025-08-18,31046.21
INV000323,O000323,C1027,2025-10-29,2025-11-28,15202.19
INV000324,O000324,C1027,2025-10-29,2025-11-28,10632.9
INV000325,O000325,C1027,2025-12-13,2026-01-12,12582.19
INV000326,O000326,C1027,2025-12-28,2026-01-27,5699.07
INV000327,O000327,C1028,2024-01-14,2024-03-14,40458.96
INV000328,O000328,C1028,2024-04-17,2024-06-16,55626.23
INV000329,O000329,C1028,2024-04-30,2024-06-29,46847.86
INV000330,O000330,C1028,2024-05-01,2024-06-30,80535.04
INV000331,O000331,C1028,2024-05-08,2024-07-07,59119.1
INV000332,O000332,C1028,2024-10-13,2024-12-12,45674.27
INV000333,O000333,C1028,2024-12-16,2025-02-14,37089.16
INV000334,O000334,C1028,2025-01-11,2025-03-12,54256.34
INV000335,O000335,C1028,2025-03-15,2025-05-14,60529.91
INV000336,O000336,C1028,2025-04-10,2025-06-09,69413.55
INV000337,O000337,C1028,2025-08-24,2025-10-23,96800.76
INV000338,O000338,C1028,2025-10-13,2025-12-12,50455.06
INV000339,O000339,C1028,2025-11-29,2026-01-28,19944.88
INV000340,O000340,C1028,2025-12-06,2026-02-04,71497.22
INV000341,O000341,C1028,2025-12-07,2026-02-05,76220.46
INV000342,O000342,C1029,2024-05-25,2024-06-09,4236.14
INV000343,O000343,C1029,2024-06-17,2024-07-02,2129.95
INV000344,O000344,C1029,2024-10-04,2024-10-19,3941.9
INV000345,O000345,C1029,2024-11-03,2024-11-18,4018.93
INV000346,O000346,C1029,2025-01-16,2025-01-31,2442.01
INV000347,O000347,C1029,2025-01-26,2025-02-10,1991.25
INV000348,O000348,C1029,2025-02-24,2025-03-11,2039.5
INV000349,O000349,C1029,2025-04-28,2025-05-13,5402.04
INV000350,O000350,C1029,2025-10-22,2025-11-06,1271.26
INV000351,O000351,C1030,2024-01-30,2024-02-14,1994.01
INV000352,O000352,C1030,2024-02-07,2024-02-22,2045.0
INV000353,O000353,C1030,2024-06-15,2024-06-30,2962.07
INV000354,O000354,C1030,2024-12-24,2025-01-08,1673.87
INV000355,O000355,C1030,2025-01-06,2025-01-21,3882.64
INV000356,O000356,C1030,2025-06-26,2025-07-11,3526.48
INV000357,O000357,C1030,2025-08-04,2025-08-19,4352.23
INV000358,O000358,C1031,2024-02-04,2024-03-05,14747.48
INV000359,O000359,C1031,2024-02-07,2024-03-08,14332.09
INV000360,O000360,C1031,2024-02-25,2024-03-26,9271.36
INV000361,O000361,C1031,2024-04-22,2024-05-22,9054.17
INV000362,O000362,C1031,2024-06-12,2024-07-12,4214.92
INV000363,O000363,C1031,2024-08-12,2024-09-11,19511.32
INV000364,O000364,C1031,2025-01-08,2025-02-07,15750.78
INV000365,O000365,C1031,2025-01-22,2025-02-21,4688.76
INV000366,O000366,C1031,2025-03-19,2025-04-18,10651.52
INV000367,O000367,C1031,2025-04-17,2025-05-17,7795.2
INV000368,O000368,C1031,2025-11-28,2025-12-28,10538.16
INV000369,O000369,C1031,2025-11-28,2025-12-28,9191.03
INV000370,O000370,C1031,2025-12-05,2026-01-04,6769.65
INV000371,O000371,C1032,2024-05-04,2024-05-19,1447.61
INV000372,O000372,C1032,2024-05-14,2024-05-29,1462.62
INV000373,O000373,C1033,2024-03-24,2024-04-08,2738.98
INV000374,O000374,C1033,2024-11-06,2024-11-21,1832.37
INV000375,O000375,C1033,2024-11-12,2024-11-27,2000.38
INV000376,O000376,C1033,2025-10-27,2025-11-11,1581.13
INV000377,O000377,C1033,2025-11-27,2025-12-12,6818.92
INV000378,O000378,C1033,2025-12-14,2025-12-29,1896.89
INV000379,O000379,C1034,2024-05-11,2024-05-26,2143.85
INV000380,O000380,C1034,2024-06-26,2024-07-11,1674.17
INV000381,O000381,C1034,2024-08-23,2024-09-07,1372.16
INV000382,O000382,C1034,2025-04-09,2025-04-24,2479.45
INV000383,O000383,C1035,2024-06-13,2024-07-13,7785.92
INV000384,O000384,C1035,2024-06-30,2024-07-30,9894.5
INV000385,O000385,C1035,2024-07-10,2024-08-09,13277.79
INV000386,O000386,C1035,2024-08-04,2024-09-03,11184.36
INV000387,O000387,C1035,2024-08-05,2024-09-04,5407.66
INV000388,O000388,C1035,2024-12-24,2025-01-23,4892.89
INV000389,O000389,C1035,2024-12-28,2025-01-27,14090.78
INV000390,O000390,C1035,2025-01-05,2025-02-04,6651.58
INV000391,O000391,C1035,2025-01-07,2025-02-06,15812.03
INV000392,O000392,C1035,2025-02-07,2025-03-09,14323.69
INV000393,O000393,C1035,2025-02-27,2025-03-29,12003.0
INV000394,O000394,C1035,2025-03-20,2025-04-19,8353.15
INV000395,O000395,C1035,2025-05-02,2025-06-01,8230.88
INV000396,O000396,C1035,2025-05-12,2025-06-11,7373.94
INV000397,O000397,C1035,2025-06-12,2025-07-12,12541.33
INV000398,O000398,C1035,2025-06-12,2025-07-12,10086.58
INV000399,O000399,C1035,2025-09-29,2025-10-29,8461.29
INV000400,O000400,C1035,2025-11-23,2025-12-23,9112.32
INV000401,O000401,C1035,2025-12-17,2026-01-16,8274.59
INV000402,O000402,C1036,2024-01-04,2024-02-03,15176.36
INV000403,O000403,C1036,2024-02-08,2024-03-09,10501.25
INV000404,O000404,C1036,2024-02-07,2024-03-08,4490.07
INV000405,O000405,C1036,2024-06-01,2024-07-01,7244.65
INV000406,O000406,C1036,2024-06-02,2024-07-02,9117.2
INV000407,O000407,C1036,2024-07-01,2024-07-31,8789.05
INV000408,O000408,C1036,2024-08-08,2024-09-07,7404.02
INV000409,O000409,C1036,2024-11-17,2024-12-17,7401.34
INV000410,O000410,C1036,2025-01-04,2025-02-03,12203.38
INV000411,O000411,C1036,2025-01-22,2025-02-21,9224.62
INV000412,O000412,C1036,2025-02-24,2025-03-26,8663.64
INV000413,O000413,C1036,2025-04-12,2025-05-12,5915.9
INV000414,O000414,C1036,2025-05-09,2025-06-08,4902.24
INV000415,O000415,C1036,2025-10-28,2025-11-27,10263.59
INV000416,O000416,C1036,2025-10-31,2025-11-30,9115.97
INV000417,O000417,C1036,2025-11-30,2025-12-30,9282.14
INV000418,O000418,C1037,2024-04-08,2024-06-07,86571.26
INV000419,O000419,C1037,2024-04-10,2024-06-09,48673.99
INV000420,O000420,C1037,2024-05-01,2024-06-30,74577.38
INV000421,O000421,C1037,2024-06-19,2024-08-18,57974.16
INV000422,O000422,C1037,2024-07-15,2024-09-13,44867.1
INV000423,O000423,C1037,2024-07-30,2024-09-28,37686.99
INV000424,O000424,C1037,2024-09-09,2024-11-08,64286.13
INV000425,O000425,C1037,2024-09-14,2024-11-13,63751.14
INV000426,O000426,C1037,2024-10-22,2024-12-21,38829.08
INV000427,O000427,C1037,2024-11-01,2024-12-31,35245.16
INV000428,O000428,C1037,2024-12-20,2025-02-18,70762.79
INV000429,O000429,C1037,2024-12-26,2025-02-24,50618.2
INV000430,O000430,C1037,2024-12-29,2025-02-27,74073.81
INV000431,O000431,C1037,2025-02-14,2025-04-15,94482.09
INV000432,O000432,C1037,2025-04-05,2025-06-04,37296.42
INV000433,O000433,C1037,2025-04-09,2025-06-08,36234.0
INV000434,O000434,C1037,2025-04-15,2025-06-14,71595.21
INV000435,O000435,C1037,2025-05-20,2025-07-19,64945.96
INV000436,O000436,C1037,2025-06-21,2025-08-20,66221.26
INV000437,O000437,C1037,2025-06-24,2025-08-23,29821.26
INV000438,O000438,C1037,2025-10-25,2025-12-24,66261.16
INV000439,O000439,C1038,2024-03-22,2024-04-21,6060.44
INV000440,O000440,C1038,2024-05-13,2024-06-12,9652.55
INV000441,O000441,C1038,2024-06-17,2024-07-17,9325.67
INV000442,O000442,C1038,2024-06-17,2024-07-17,9156.39
INV000443,O000443,C1038,2024-08-04,2024-09-03,17881.28
INV000444,O000444,C1038,2024-08-05,2024-09-04,3416.28
INV000445,O000445,C1038,2024-08-18,2024-09-17,12235.09
INV000446,O000446,C1038,2024-12-01,2024-12-31,7829.7
INV000447,O000447,C1038,2025-01-21,2025-02-20,15688.96
INV000448,O000448,C1038,2025-01-25,2025-02-24,13853.12
INV000449,O000449,C1038,2025-03-29,2025-04-28,9666.18
INV000450,O000450,C1038,2025-03-29,2025-04-28,9857.28
INV000451,O000451,C1038,2025-06-04,2025-07-04,8409.7
INV000452,O000452,C1038,2025-06-10,2025-07-10,6342.94
INV000453,O000453,C1038,2025-07-08,2025-08-07,15739.23
INV000454,O000454,C1038,2025-07-19,2025-08-18,13791.11
INV000455,O000455,C1038,2025-08-16,2025-09-15,19863.23
INV000456,O000456,C1038,2025-08-21,2025-09-20,3855.42
INV000457,O000457,C1038,2025-09-06,2025-10-06,16774.53
INV000458,O000458,C1038,2025-11-06,2025-12-06,10539.02
INV000459,O000459,C1038,2025-12-04,2026-01-03,10053.67
INV000460,O000460,C1038,2025-12-21,2026-01-20,11455.71
INV000461,O000461,C1038,2025-12-31,2026-01-30,13124.57
INV000462,O000462,C1039,2024-01-28,2024-02-12,2224.36
INV000463,O000463,C1039,2024-02-24,2024-03-10,3508.9
INV000464,O000464,C1039,2024-04-08,2024-04-23,1693.14
INV000465,O000465,C1039,2024-06-13,2024-06-28,1878.24
INV000466,O000466,C1039,2024-07-06,2024-07-21,6144.95
INV000467,O000467,C1039,2024-08-25,2024-09-09,4843.7
INV000468,O000468,C1039,2024-10-30,2024-11-14,1693.71
INV000469,O000469,C1039,2025-02-13,2025-02-28,1940.26
INV000470,O000470,C1039,2025-03-23,2025-04-07,2359.24
INV000471,O000471,C1040,2024-01-17,2024-03-17,76836.4
INV000472,O000472,C1040,2024-02-03,2024-04-03,86679.67
INV000473,O000473,C1040,2024-02-05,2024-04-05,42706.32
INV000474,O000474,C1040,2024-03-24,2024-05-23,29937.4
INV000475,O000475,C1040,2024-05-03,2024-07-02,29782.46
INV000476,O000476,C1040,2024-05-11,2024-07-10,83399.56
INV000477,O000477,C1040,2024-06-03,2024-08-02,35856.33
INV000478,O000478,C1040,2024-06-13,2024-08-12,37148.73
INV000479,O000479,C1040,2024-07-01,2024-08-30,30430.18
INV000480,O000480,C1040,2024-07-05,2024-09-03,92991.87
INV000481,O000481,C1040,2024-07-16,2024-09-14,50582.04
INV000482,O000482,C1040,2024-10-13,2024-12-12,35773.9
INV000483,O000483,C1040,2024-10-22,2024-12-21,69142.93
INV000484,O000484,C1040,2024-11-02,2025-01-01,33391.69
INV000485,O000485,C1040,2024-11-05,2025-01-04,59065.03
INV000486,O000486,C1040,2024-12-13,2025-02-11,49209.62
INV000487,O000487,C1040,2024-12-18,2025-02-16,55639.41
INV000488,O000488,C1040,2024-12-26,2025-02-24,35370.02
INV000489,O000489,C1040,2025-01-14,2025-03-15,87247.79
INV000490,O000490,C1040,2025-02-17,2025-04-18,28382.18
INV000491,O000491,C1040,2025-04-13,2025-06-12,31581.08
INV000492,O000492,C1040,2025-04-20,2025-06-19,53946.11
INV000493,O000493,C1040,2025-07-18,2025-09-16,44248.21
INV000494,O000494,C1040,2025-07-28,2025-09-26,85994.77
INV000495,O000495,C1040,2025-08-12,2025-10-11,57346.13
INV000496,O000496,C1040,2025-08-25,2025-10-24,28829.02
INV000497,O000497,C1040,2025-10-03,2025-12-02,62870.51
INV000498,O000498,C1040,2025-10-21,2025-12-20,54023.24
INV000499,O000499,C1040,2025-10-28,2025-12-27,74157.12
INV000500,O000500,C1040,2025-11-02,2026-01-01,36029.66
INV000501,O000501,C1040,2025-11-15,2026-01-14,30521.04
INV000502,O000502,C1040,2025-11-27,2026-01-26,37620.77
INV000503,O000503,C1041,2024-02-24,2024-03-10,2475.08
INV000504,O000504,C1041,2024-07-19,2024-08-03,1593.41
INV000505,O000505,C1041,2025-01-12,2025-01-27,3058.82
INV000506,O000506,C1041,2025-02-28,2025-03-15,1225.51
INV000507,O000507,C1041,2025-09-24,2025-10-09,3078.54
INV000508,O000508,C1042,2024-01-08,2024-02-07,10717.36
INV000509,O000509,C1042,2024-01-13,2024-02-12,7693.2
INV000510,O000510,C1042,2024-03-22,2024-04-21,7061.43
INV000511,O000511,C1042,2024-06-15,2024-07-15,12454.58
INV000512,O000512,C1042,2024-07-30,2024-08-29,26899.7
INV000513,O000513,C1042,2024-09-21,2024-10-21,9403.08
INV000514,O000514,C1042,2025-01-01,2025-01-31,5253.68
INV000515,O000515,C1042,2025-04-28,2025-05-28,6422.53
INV000516,O000516,C1042,2025-08-03,2025-09-02,7330.57
INV000517,O000517,C1042,2025-10-21,2025-11-20,16820.8
INV000518,O000518,C1042,2025-11-15,2025-12-15,6475.08
INV000519,O000519,C1042,2025-11-20,2025-12-20,13880.22
INV000520,O000520,C1043,2024-02-15,2024-03-16,4048.24
INV000521,O000521,C1043,2024-03-18,2024-04-17,11491.79
INV000522,O000522,C1043,2024-06-12,2024-07-12,8446.94
INV000523,O000523,C1043,2024-09-20,2024-10-20,14772.41
INV000524,O000524,C1043,2024-10-16,2024-11-15,13076.88
INV000525,O000525,C1043,2024-10-28,2024-11-27,9080.24
INV000526,O000526,C1043,2024-11-15,2024-12-15,10159.59
INV000527,O000527,C1043,2025-02-18,2025-03-20,13157.94
INV000528,O000528,C1043,2025-05-01,2025-05-31,9111.09
INV000529,O000529,C1043,2025-06-05,2025-07-05,13635.92
INV000530,O000530,C1043,2025-07-03,2025-08-02,6694.58
INV000531,O000531,C1043,2025-08-10,2025-09-09,14147.33
INV000532,O000532,C1043,2025-09-01,2025-10-01,22826.36
INV000533,O000533,C1043,2025-09-09,2025-10-09,16196.19
INV000534,O000534,C1043,2025-09-17,2025-10-17,15085.1
INV000535,O000535,C1043,2025-11-05,2025-12-05,2166.11
INV000536,O000536,C1044,2024-01-24,2024-02-08,2614.66
INV000537,O000537,C1044,2024-01-24,2024-02-08,2165.49
INV000538,O000538,C1044,2024-07-13,2024-07-28,5199.14
INV000539,O000539,C1044,2024-09-12,2024-09-27,2260.43
INV000540,O000540,C1044,2024-11-30,2024-12-15,891.24
INV000541,O000541,C1044,2024-12-01,2024-12-16,5690.24
INV000542,O000542,C1044,2024-12-09,2024-12-24,1552.54
INV000543,O000543,C1044,2025-04-20,2025-05-05,4143.91
INV000544,O000544,C1044,2025-09-28,2025-10-13,5077.35
INV000545,O000545,C1044,2025-10-15,2025-10-30,5635.8
INV000546,O000546,C1045,2024-03-13,2024-04-12,18874.45
INV000547,O000547,C1045,2024-03-15,2024-04-14,5661.58
INV000548,O000548,C1045,2024-04-08,2024-05-08,12167.22
INV000549,O000549,C1045,2024-05-06,2024-06-05,11159.37
INV000550,O000550,C1045,2024-09-04,2024-10-04,8857.48
INV000551,O000551,C1045,2024-10-19,2024-11-18,7193.37
INV000552,O000552,C1045,2024-11-27,2024-12-27,9496.34
INV000553,O000553,C1045,2024-12-09,2025-01-08,8846.23
INV000554,O000554,C1045,2025-01-31,2025-03-02,32465.62
INV000555,O000555,C1045,2025-02-20,2025-03-22,4363.24
INV000556,O000556,C1045,2025-03-13,2025-04-12,13919.98
INV000557,O000557,C1045,2025-05-21,2025-06-20,10189.64
INV000558,O000558,C1045,2025-07-10,2025-08-09,7404.24
INV000559,O000559,C1045,2025-09-10,2025-10-10,10116.75
INV000560,O000560,C1045,2025-10-18,2025-11-17,5288.97
INV000561,O000561,C1045,2025-12-05,2026-01-04,9967.15
INV000562,O000562,C1045,2025-12-23,2026-01-22,13929.67
INV000563,O000563,C1046,2024-01-03,2024-01-18,2387.53
INV000564,O000564,C1046,2024-01-21,2024-02-05,1587.61
INV000565,O000565,C1046,2024-02-19,2024-03-05,2827.55
INV000566,O000566,C1046,2024-08-03,2024-08-18,2308.76
INV000567,O000567,C1046,2024-09-21,2024-10-06,2281.24
INV000568,O000568,C1046,2025-05-08,2025-05-23,2971.82
INV000569,O000569,C1046,2025-06-02,2025-06-17,4761.38
INV000570,O000570,C1046,2025-10-14,2025-10-29,2083.2
INV000571,O000571,C1046,2025-10-26,2025-11-10,2245.22
INV000572,O000572,C1047,2024-02-06,2024-02-21,3627.01
INV000573,O000573,C1047,2024-02-23,2024-03-09,1075.86
INV000574,O000574,C1047,2024-09-09,2024-09-24,1955.12
INV000575,O000575,C1047,2025-04-19,2025-05-04,3646.42
INV000576,O000576,C1047,2025-07-07,2025-07-22,3983.9
INV000577,O000577,C1047,2025-09-13,2025-09-28,1980.57
INV000578,O000578,C1047,2025-10-12,2025-10-27,1840.66
INV000579,O000579,C1048,2024-04-02,2024-04-17,3066.93
INV000580,O000580,C1048,2024-05-11,2024-05-26,1846.61
INV000581,O000581,C1048,2024-07-17,2024-08-01,2510.72
INV000582,O000582,C1048,2025-09-10,2025-09-25,2304.05
INV000583,O000583,C1049,2024-01-07,2024-02-06,10613.43
INV000584,O000584,C1049,2024-01-24,2024-02-23,11451.21
INV000585,O000585,C1049,2024-03-10,2024-04-09,10439.34
INV000586,O000586,C1049,2024-03-14,2024-04-13,6770.3
INV000587,O000587,C1049,2024-03-27,2024-04-26,11816.13
INV000588,O000588,C1049,2024-05-25,2024-06-24,6980.31
INV000589,O000589,C1049,2024-05-28,2024-06-27,9811.27
INV000590,O000590,C1049,2024-06-10,2024-07-10,6235.47
INV000591,O000591,C1049,2024-07-13,2024-08-12,7832.51
INV000592,O000592,C1049,2024-08-06,2024-09-05,18963.44
INV000593,O000593,C1049,2024-08-22,2024-09-21,6610.76
INV000594,O000594,C1049,2024-10-08,2024-11-07,11715.72
INV000595,O000595,C1049,2024-10-17,2024-11-16,12383.02
INV000596,O000596,C1049,2025-01-14,2025-02-13,7343.26
INV000597,O000597,C1049,2025-03-14,2025-04-13,37847.91
INV000598,O000598,C1049,2025-08-07,2025-09-06,11738.89
INV000599,O000599,C1049,2025-09-07,2025-10-07,14849.77
INV000600,O000600,C1049,2025-11-03,2025-12-03,16044.51
INV000601,O000601,C1049,2025-12-04,2026-01-03,5206.92
INV000602,O000602,C1049,2025-12-11,2026-01-10,16664.86
INV000603,O000603,C1050,2024-03-06,2024-03-21,2139.52
INV000604,O000604,C1050,2024-05-24,2024-06-08,891.38
INV000605,O000605,C1050,2024-06-20,2024-07-05,1603.81
INV000606,O000606,C1050,2024-12-12,2024-12-27,3911.89
INV000607,O000607,C1050,2024-12-23,2025-01-07,3975.8
INV000608,O000608,C1050,2025-05-24,2025-06-08,2780.92
INV000609,O000609,C1050,2025-11-06,2025-11-21,1044.62
INV000610,O000610,C1050,2025-12-29,2026-01-13,1382.6
INV000611,O000611,C1051,2024-01-09,2024-03-09,71755.59
INV000612,O000612,C1051,2024-02-27,2024-04-27,32210.61
INV000613,O000613,C1051,2024-03-13,2024-05-12,58956.34
INV000614,O000614,C1051,2024-03-19,2024-05-18,60317.36
INV000615,O000615,C1051,2024-03-25,2024-05-24,55724.33
INV000616,O000616,C1051,2024-03-26,2024-05-25,47816.27
INV000617,O000617,C1051,2024-04-04,2024-06-03,55246.44
INV000618,O000618,C1051,2024-05-05,2024-07-04,31903.06
INV000619,O000619,C1051,2024-05-17,2024-07-16,35382.24
INV000620,O000620,C1051,2024-05-17,2024-07-16,40766.58
INV000621,O000621,C1051,2024-06-20,2024-08-19,37539.21
INV000622,O000622,C1051,2024-09-19,2024-11-18,24309.49
INV000623,O000623,C1051,2024-11-07,2025-01-06,100012.93
INV000624,O000624,C1051,2024-11-19,2025-01-18,42173.43
INV000625,O000625,C1051,2024-12-14,2025-02-12,31172.09
INV000626,O000626,C1051,2024-12-23,2025-02-21,38935.49
INV000627,O000627,C1051,2025-02-16,2025-04-17,63830.61
INV000628,O000628,C1051,2025-03-22,2025-05-21,91951.42
INV000629,O000629,C1051,2025-05-01,2025-06-30,46443.69
INV000630,O000630,C1051,2025-05-31,2025-07-30,17389.91
INV000631,O000631,C1051,2025-06-17,2025-08-16,51150.04
INV000632,O000632,C1051,2025-07-31,2025-09-29,68523.34
INV000633,O000633,C1051,2025-08-14,2025-10-13,59018.54
INV000634,O000634,C1051,2025-08-26,2025-10-25,36984.93
INV000635,O000635,C1051,2025-09-09,2025-11-08,46148.33
INV000636,O000636,C1051,2025-09-11,2025-11-10,81721.74
INV000637,O000637,C1051,2025-09-10,2025-11-09,67643.43
INV000638,O000638,C1051,2025-10-06,2025-12-05,40027.58
INV000639,O000639,C1051,2025-10-15,2025-12-14,30658.78
INV000640,O000640,C1051,2025-10-17,2025-12-16,61558.37
INV000641,O000641,C1051,2025-10-18,2025-12-17,44613.63
INV000642,O000642,C1051,2025-11-21,2026-01-20,58785.77
INV000643,O000643,C1052,2024-03-06,2024-03-21,2359.58
INV000644,O000644,C1052,2024-08-06,2024-08-21,2973.92
INV000645,O000645,C1052,2024-11-01,2024-11-16,6032.56
INV000646,O000646,C1052,2025-02-14,2025-03-01,2891.81
INV000647,O000647,C1052,2025-02-20,2025-03-07,1590.4
INV000648,O000648,C1052,2025-09-15,2025-09-30,2673.73
INV000649,O000649,C1052,2025-10-03,2025-10-18,6632.37
INV000650,O000650,C1053,2024-01-04,2024-02-03,10337.25
INV000651,O000651,C1053,2024-01-30,2024-02-29,11925.41
INV000652,O000652,C1053,2024-03-05,2024-04-04,10043.7
INV000653,O000653,C1053,2024-04-26,2024-05-26,17421.96
INV000654,O000654,C1053,2024-05-12,2024-06-11,8860.73
INV000655,O000655,C1053,2024-09-22,2024-10-22,5105.95
INV000656,O000656,C1053,2024-10-09,2024-11-08,5450.21
INV000657,O000657,C1053,2024-11-05,2024-12-05,10232.07
INV000658,O000658,C1053,2024-11-23,2024-12-23,15138.28
INV000659,O000659,C1053,2025-01-13,2025-02-12,16602.19
INV000660,O000660,C1053,2025-02-11,2025-03-13,9820.11
INV000661,O000661,C1053,2025-04-01,2025-05-01,14271.87
INV000662,O000662,C1053,2025-04-10,2025-05-10,25380.81
INV000663,O000663,C1053,2025-04-15,2025-05-15,12545.37
INV000664,O000664,C1053,2025-07-24,2025-08-23,12311.75
INV000665,O000665,C1053,2025-09-10,2025-10-10,11392.11
INV000666,O000666,C1053,2025-10-22,2025-11-21,11958.89
INV000667,O000667,C1053,2025-10-29,2025-11-28,13102.84
INV000668,O000668,C1053,2025-12-24,2026-01-23,6539.42
INV000669,O000669,C1053,2025-12-25,2026-01-24,22359.69
INV000670,O000670,C1054,2024-01-31,2024-03-01,8604.34
INV000671,O000671,C1054,2024-02-12,2024-03-13,10902.44
INV000672,O000672,C1054,2024-03-09,2024-04-08,7193.01
INV000673,O000673,C1054,2024-05-31,2024-06-30,9580.78
INV000674,O000674,C1054,2024-08-24,2024-09-23,9395.11
INV000675,O000675,C1054,2024-10-29,2024-11-28,9657.5
INV000676,O000676,C1054,2024-11-23,2024-12-23,6361.42
INV000677,O000677,C1054,2024-11-26,2024-12-26,10957.34
INV000678,O000678,C1054,2024-11-29,2024-12-29,7872.67
INV000679,O000679,C1054,2024-11-29,2024-12-29,8336.49
INV000680,O000680,C1054,2025-01-13,2025-02-12,10111.78
INV000681,O000681,C1054,2025-03-22,2025-04-21,21074.53
INV000682,O000682,C1054,2025-03-28,2025-04-27,12613.87
INV000683,O000683,C1054,2025-05-09,2025-06-08,9116.92
INV000684,O000684,C1054,2025-05-20,2025-06-19,7930.5
INV000685,O000685,C1054,2025-08-27,2025-09-26,19749.12
INV000686,O000686,C1054,2025-09-05,2025-10-05,10754.78
INV000687,O000687,C1054,2025-11-23,2025-12-23,20274.86
INV000688,O000688,C1055,2024-03-22,2024-04-06,3960.83
INV000689,O000689,C1055,2024-04-30,2024-05-15,932.18
INV000690,O000690,C1055,2024-08-30,2024-09-14,2844.92
INV000691,O000691,C1055,2024-11-01,2024-11-16,1839.9
INV000692,O000692,C1055,2025-03-27,2025-04-11,1580.79
INV000693,O000693,C1055,2025-06-23,2025-07-08,2006.54
INV000694,O000694,C1056,2024-10-23,2024-11-07,2454.22
INV000695,O000695,C1056,2024-11-14,2024-11-29,772.74
INV000696,O000696,C1056,2025-06-24,2025-07-09,1918.32
INV000697,O000697,C1057,2024-01-24,2024-02-23,21083.91
INV000698,O000698,C1057,2024-01-30,2024-02-29,9386.08
INV000699,O000699,C1057,2024-03-23,2024-04-22,11107.37
INV000700,O000700,C1057,2024-04-18,2024-05-18,9380.15
INV000701,O000701,C1057,2024-05-30,2024-06-29,9944.67
INV000702,O000702,C1057,2024-07-24,2024-08-23,15496.8
INV000703,O000703,C1057,2024-08-20,2024-09-19,8074.12
INV000704,O000704,C1057,2024-08-29,2024-09-28,36493.92
INV000705,O000705,C1057,2024-10-05,2024-11-04,13754.63
INV000706,O000706,C1057,2024-10-20,2024-11-19,9854.96
INV000707,O000707,C1057,2024-12-17,2025-01-16,18709.94
INV000708,O000708,C1057,2025-01-12,2025-02-11,17140.56
INV000709,O000709,C1057,2025-05-27,2025-06-26,16648.87
INV000710,O000710,C1057,2025-06-10,2025-07-10,8410.41
INV000711,O000711,C1057,2025-07-18,2025-08-17,6840.25
INV000712,O000712,C1057,2026-01-01,2026-01-31,17823.4
INV000713,O000713,C1058,2024-04-06,2024-04-21,2086.89
INV000714,O000714,C1058,2024-04-13,2024-04-28,2149.66
INV000715,O000715,C1058,2024-06-22,2024-07-07,5429.88
INV000716,O000716,C1058,2025-01-13,2025-01-28,2659.87
INV000717,O000717,C1058,2025-04-26,2025-05-11,3277.45
INV000718,O000718,C1058,2025-04-26,2025-05-11,2146.01
INV000719,O000719,C1058,2025-10-06,2025-10-21,4054.88
INV000720,O000720,C1058,2025-11-19,2025-12-04,1373.28
INV000721,O000721,C1058,2025-12-15,2025-12-30,1651.0
INV000722,O000722,C1059,2024-01-20,2024-02-19,8899.53
INV000723,O000723,C1059,2024-01-19,2024-02-18,6477.29
INV000724,O000724,C1059,2024-04-21,2024-05-21,11375.63
INV000725,O000725,C1059,2024-05-07,2024-06-06,12084.69
INV000726,O000726,C1059,2024-07-07,2024-08-06,16466.07
INV000727,O000727,C1059,2024-08-29,2024-09-28,9510.16
INV000728,O000728,C1059,2024-08-30,2024-09-29,31122.43
INV000729,O000729,C1059,2024-09-26,2024-10-26,5875.78
INV000730,O000730,C1059,2024-10-25,2024-11-24,7305.14
INV000731,O000731,C1059,2024-12-20,2025-01-19,27571.15
INV000732,O000732,C1059,2025-02-27,2025-03-29,14247.04
INV000733,O000733,C1059,2025-03-01,2025-03-31,6594.16
INV000734,O000734,C1059,2025-06-04,2025-07-04,18922.11
INV000735,O000735,C1059,2025-07-05,2025-08-04,7137.14
INV000736,O000736,C1059,2025-10-25,2025-11-24,8841.56
INV000737,O000737,C1059,2025-11-22,2025-12-22,7913.31
INV000738,O000738,C1059,2025-11-30,2025-12-30,11145.81
INV000739,O000739,C1060,2024-01-15,2024-02-14,18266.65
INV000740,O000740,C1060,2024-03-19,2024-04-18,15013.44
INV000741,O000741,C1060,2024-04-06,2024-05-06,13795.55
INV000742,O000742,C1060,2024-04-27,2024-05-27,21580.43
INV000743,O000743,C1060,2024-05-25,2024-06-24,7970.31
INV000744,O000744,C1060,2024-05-29,2024-06-28,14879.28
INV000745,O000745,C1060,2024-07-28,2024-08-27,7486.28
INV000746,O000746,C1060,2024-09-08,2024-10-08,15288.76
INV000747,O000747,C1060,2025-01-05,2025-02-04,6286.69
INV000748,O000748,C1060,2025-02-19,2025-03-21,29172.46
INV000749,O000749,C1060,2025-03-31,2025-04-30,10471.69
INV000750,O000750,C1060,2025-04-15,2025-05-15,5331.29
INV000751,O000751,C1060,2025-05-03,2025-06-02,5330.64
INV000752,O000752,C1060,2025-09-15,2025-10-15,13187.0
INV000753,O000753,C1060,2025-11-10,2025-12-10,8478.7
INV000754,O000754,C1060,2025-12-14,2026-01-13,18993.66
INV000755,O000755,C1061,2024-02-21,2024-03-07,4174.87
INV000756,O000756,C1061,2024-04-21,2024-05-06,4858.69
INV000757,O000757,C1061,2024-05-07,2024-05-22,3115.18
INV000758,O000758,C1061,2024-08-17,2024-09-01,3986.93
INV000759,O000759,C1061,2024-11-02,2024-11-17,1182.26
INV000760,O000760,C1061,2024-12-18,2025-01-02,1502.71
INV000761,O000761,C1061,2025-01-11,2025-01-26,2725.06
INV000762,O000762,C1061,2025-04-01,2025-04-16,2242.63
INV000763,O000763,C1061,2025-05-23,2025-06-07,2735.33
INV000764,O000764,C1061,2025-08-11,2025-08-26,3582.15
INV000765,O000765,C1062,2025-02-04,2025-02-19,5010.51
INV000766,O000766,C1062,2025-04-08,2025-04-23,3317.3
INV000767,O000767,C1062,2025-04-12,2025-04-27,1949.42
INV000768,O000768,C1062,2025-05-16,2025-05-31,5283.56
INV000769,O000769,C1062,2025-05-31,2025-06-15,1071.55
INV000770,O000770,C1062,2025-07-02,2025-07-17,2575.81
INV000771,O000771,C1062,2025-07-11,2025-07-26,2967.25
INV000772,O000772,C1062,2025-11-24,2025-12-09,4111.93
INV000773,O000773,C1062,2025-12-28,2026-01-12,1720.36
INV000774,O000774,C1063,2024-01-13,2024-01-28,2919.51
INV000775,O000775,C1063,2024-09-06,2024-09-21,2081.84
INV000776,O000776,C1063,2025-02-17,2025-03-04,1145.72
INV000777,O000777,C1063,2025-03-09,2025-03-24,4381.69
INV000778,O000778,C1063,2025-07-12,2025-07-27,1807.21
INV000779,O000779,C1063,2025-07-21,2025-08-05,1618.46
INV000780,O000780,C1063,2025-08-17,2025-09-01,4041.88
INV000781,O000781,C1064,2024-05-24,2024-06-08,4445.9
INV000782,O000782,C1064,2025-01-12,2025-01-27,3033.79
INV000783,O000783,C1064,2025-04-28,2025-05-13,2858.82
INV000784,O000784,C1064,2025-08-12,2025-08-27,3598.93
INV000785,O000785,C1064,2025-09-10,2025-09-25,1859.06
INV000786,O000786,C1064,2025-10-15,2025-10-30,1933.4
INV000787,O000787,C1064,2025-10-29,2025-11-13,3294.12
INV000788,O000788,C1064,2025-12-30,2026-01-14,5277.89
INV000789,O000789,C1065,2024-01-14,2024-01-29,3834.36
INV000790,O000790,C1065,2024-05-03,2024-05-18,1475.24
INV000791,O000791,C1065,2024-08-14,2024-08-29,926.97
INV000792,O000792,C1065,2024-10-23,2024-11-07,2147.81
INV000793,O000793,C1065,2025-01-23,2025-02-07,5914.67
INV000794,O000794,C1065,2025-08-21,2025-09-05,753.09
INV000795,O000795,C1065,2025-10-04,2025-10-19,1778.77
INV000796,O000796,C1066,2024-01-13,2024-02-12,15447.88
INV000797,O000797,C1066,2024-01-18,2024-02-17,14045.54
INV000798,O000798,C1066,2024-01-26,2024-02-25,6106.67
INV000799,O000799,C1066,2024-09-04,2024-10-04,12541.26
INV000800,O000800,C1066,2024-09-17,2024-10-17,10391.62
INV000801,O000801,C1066,2024-11-16,2024-12-16,7066.89
INV000802,O000802,C1066,2024-11-21,2024-12-21,22188.27
INV000803,O000803,C1066,2025-01-19,2025-02-18,9971.48
INV000804,O000804,C1066,2025-02-09,2025-03-11,16674.11
INV000805,O000805,C1066,2025-02-22,2025-03-24,14186.13
INV000806,O000806,C1066,2025-04-07,2025-05-07,15195.83
INV000807,O000807,C1066,2025-07-13,2025-08-12,18342.04
INV000808,O000808,C1066,2025-07-26,2025-08-25,4215.69
INV000809,O000809,C1066,2025-08-16,2025-09-15,9448.53
INV000810,O000810,C1066,2025-08-18,2025-09-17,16779.41
INV000811,O000811,C1066,2025-09-07,2025-10-07,15563.42
INV000812,O000812,C1066,2025-09-30,2025-10-30,12023.42
INV000813,O000813,C1067,2024-03-02,2024-03-17,5452.99
INV000814,O000814,C1067,2024-03-07,2024-03-22,1914.57
INV000815,O000815,C1067,2024-04-24,2024-05-09,1962.05
INV000816,O000816,C1067,2024-05-08,2024-05-23,3997.66
INV000817,O000817,C1067,2025-06-13,2025-06-28,1295.94
INV000818,O000818,C1067,2025-09-01,2025-09-16,2437.76
INV000819,O000819,C1067,2025-09-10,2025-09-25,1018.8
INV000820,O000820,C1068,2024-02-07,2024-04-07,50084.86
INV000821,O000821,C1068,2024-02-28,2024-04-28,41636.5
INV000822,O000822,C1068,2024-03-03,2024-05-02,26035.57
INV000823,O000823,C1068,2024-04-10,2024-06-09,79595.22
INV000824,O000824,C1068,2024-05-15,2024-07-14,38552.73
INV000825,O000825,C1068,2024-05-19,2024-07-18,72665.01
INV000826,O000826,C1068,2024-05-20,2024-07-19,53920.68
INV000827,O000827,C1068,2024-06-24,2024-08-23,29677.87
INV000828,O000828,C1068,2024-07-13,2024-09-11,88094.96
INV000829,O000829,C1068,2024-07-18,2024-09-16,47457.45
INV000830,O000830,C1068,2024-07-22,2024-09-20,41586.19
INV000831,O000831,C1068,2024-08-11,2024-10-10,86453.7
INV000832,O000832,C1068,2024-10-06,2024-12-05,59764.41
INV000833,O000833,C1068,2024-10-13,2024-12-12,31003.9
INV000834,O000834,C1068,2024-10-31,2024-12-30,79287.97
INV000835,O000835,C1068,2024-11-21,2025-01-20,46658.26
INV000836,O000836,C1068,2024-12-14,2025-02-12,62607.51
INV000837,O000837,C1068,2024-12-13,2025-02-11,41790.69
INV000838,O000838,C1068,2025-01-08,2025-03-09,67180.24
INV000839,O000839,C1068,2025-01-13,2025-03-14,33514.08
INV000840,O000840,C1068,2025-01-13,2025-03-14,26231.39
INV000841,O000841,C1068,2025-01-14,2025-03-15,36803.25
INV000842,O000842,C1068,2025-02-10,2025-04-11,73009.94
INV000843,O000843,C1068,2025-02-24,2025-04-25,114373.79
INV000844,O000844,C1068,2025-03-08,2025-05-07,23298.52
INV000845,O000845,C1068,2025-03-28,2025-05-27,35156.09
INV000846,O000846,C1068,2025-04-01,2025-05-31,53621.45
INV000847,O000847,C1068,2025-04-17,2025-06-16,33655.0
INV000848,O000848,C1068,2025-05-28,2025-07-27,35325.82
INV000849,O000849,C1068,2025-07-18,2025-09-16,34300.98
INV000850,O000850,C1068,2025-07-27,2025-09-25,41398.0
INV000851,O000851,C1068,2025-10-07,2025-12-06,30353.94
INV000852,O000852,C1068,2025-10-13,2025-12-12,28924.57
INV000853,O000853,C1068,2025-10-21,2025-12-20,56459.84
INV000854,O000854,C1068,2025-10-27,2025-12-26,70849.07
INV000855,O000855,C1068,2025-11-12,2026-01-11,38639.6
INV000856,O000856,C1068,2025-12-08,2026-02-06,31858.16
INV000857,O000857,C1069,2024-06-17,2024-07-02,3212.15
INV000858,O000858,C1069,2024-06-27,2024-07-12,1935.2
INV000859,O000859,C1069,2024-12-24,2025-01-08,1627.99
INV000860,O000860,C1069,2025-01-20,2025-02-04,3486.08
INV000861,O000861,C1069,2025-02-20,2025-03-07,2782.97
INV000862,O000862,C1069,2025-04-08,2025-04-23,3323.92
INV000863,O000863,C1069,2025-07-28,2025-08-12,3235.64
INV000864,O000864,C1069,2025-11-07,2025-11-22,1777.0
INV000865,O000865,C1070,2024-01-15,2024-03-15,45116.42
INV000866,O000866,C1070,2024-02-27,2024-04-27,43159.13
INV000867,O000867,C1070,2024-03-11,2024-05-10,37052.42
INV000868,O000868,C1070,2024-03-31,2024-05-30,38594.12
INV000869,O000869,C1070,2024-05-27,2024-07-26,83525.85
INV000870,O000870,C1070,2024-06-29,2024-08-28,51026.88
INV000871,O000871,C1070,2024-07-07,2024-09-05,64589.44
INV000872,O000872,C1070,2024-09-05,2024-11-04,63304.67
INV000873,O000873,C1070,2024-09-07,2024-11-06,39070.65
INV000874,O000874,C1070,2024-09-29,2024-11-28,24967.67
INV000875,O000875,C1070,2024-10-13,2024-12-12,68694.39
INV000876,O000876,C1070,2024-12-16,2025-02-14,72689.34
INV000877,O000877,C1070,2025-01-13,2025-03-14,42030.71
INV000878,O000878,C1070,2025-02-11,2025-04-12,72798.23
INV000879,O000879,C1070,2025-02-11,2025-04-12,59350.38
INV000880,O000880,C1070,2025-04-21,2025-06-20,28529.85
INV000881,O000881,C1070,2025-06-17,2025-08-16,36914.75
INV000882,O000882,C1070,2025-07-24,2025-09-22,77304.75
INV000883,O000883,C1070,2025-08-01,2025-09-30,60794.12
INV000884,O000884,C1070,2025-08-20,2025-10-19,98225.34
INV000885,O000885,C1070,2025-09-04,2025-11-03,41741.05
INV000886,O000886,C1070,2025-09-06,2025-11-05,34796.17
INV000887,O000887,C1070,2025-09-14,2025-11-13,86351.13
INV000888,O000888,C1070,2025-10-25,2025-12-24,103606.82
INV000889,O000889,C1070,2025-11-11,2026-01-10,33673.02
INV000890,O000890,C1070,2025-11-17,2026-01-16,27388.77
INV000891,O000891,C1070,2025-12-18,2026-02-16,32195.23
INV000892,O000892,C1070,2025-12-31,2026-03-01,33012.69
INV000893,O000893,C1071,2024-01-17,2024-02-01,2599.85
INV000894,O000894,C1071,2024-01-21,2024-02-05,1761.99
INV000895,O000895,C1071,2024-02-05,2024-02-20,1380.74
INV000896,O000896,C1071,2024-09-09,2024-09-24,1792.42
INV000897,O000897,C1071,2024-12-11,2024-12-26,3090.09
INV000898,O000898,C1071,2025-12-01,2025-12-16,2498.39
INV000899,O000899,C1072,2024-01-12,2024-01-27,2117.1
INV000900,O000900,C1072,2024-04-24,2024-05-09,1539.09
INV000901,O000901,C1072,2024-06-17,2024-07-02,1332.15
INV000902,O000902,C1072,2024-07-25,2024-08-09,3956.96
INV000903,O000903,C1072,2025-01-11,2025-01-26,2420.36
INV000904,O000904,C1072,2025-02-05,2025-02-20,4244.99
INV000905,O000905,C1072,2025-02-24,2025-03-11,3651.87
INV000906,O000906,C1072,2025-03-15,2025-03-30,4510.12
INV000907,O000907,C1072,2025-04-05,2025-04-20,2644.91
INV000908,O000908,C1073,2024-03-20,2024-04-04,2646.54
INV000909,O000909,C1073,2024-04-25,2024-05-10,3645.71
INV000910,O000910,C1073,2024-08-08,2024-08-23,7910.99
INV000911,O000911,C1073,2024-10-21,2024-11-05,7755.33
INV000912,O000912,C1073,2024-11-17,2024-12-02,2637.95
INV000913,O000913,C1073,2025-02-26,2025-03-13,1366.22
INV000914,O000914,C1073,2025-04-25,2025-05-10,3237.88
INV000915,O000915,C1073,2025-06-10,2025-06-25,6345.53
INV000916,O000916,C1073,2025-07-08,2025-07-23,1953.88
INV000917,O000917,C1073,2025-08-24,2025-09-08,1609.87
INV000918,O000918,C1073,2025-10-08,2025-10-23,2309.65
INV000919,O000919,C1074,2024-02-20,2024-03-06,2590.48
INV000920,O000920,C1074,2024-06-12,2024-06-27,1640.78
INV000921,O000921,C1074,2024-10-10,2024-10-25,6023.31
INV000922,O000922,C1074,2024-11-03,2024-11-18,2010.81
INV000923,O000923,C1074,2024-11-22,2024-12-07,3159.98
INV000924,O000924,C1074,2025-04-27,2025-05-12,3304.49
INV000925,O000925,C1074,2025-07-06,2025-07-21,1668.58
INV000926,O000926,C1074,2025-07-15,2025-07-30,4154.78
INV000927,O000927,C1075,2024-05-17,2024-06-01,4216.86
INV000928,O000928,C1075,2024-05-29,2024-06-13,5031.93
INV000929,O000929,C1075,2024-07-04,2024-07-19,1675.25
INV000930,O000930,C1075,2024-08-03,2024-08-18,2258.54
INV000931,O000931,C1075,2025-02-04,2025-02-19,2991.62
INV000932,O000932,C1075,2025-03-20,2025-04-04,1999.23
INV000933,O000933,C1075,2025-05-17,2025-06-01,3646.5
INV000934,O000934,C1075,2025-05-26,2025-06-10,2895.05
INV000935,O000935,C1075,2025-06-16,2025-07-01,1505.09
INV000936,O000936,C1076,2025-04-28,2025-05-13,843.73
INV000937,O000937,C1076,2025-06-21,2025-07-06,4142.54
INV000938,O000938,C1076,2025-10-21,2025-11-05,1998.39
INV000939,O000939,C1076,2025-11-08,2025-11-23,2162.84
INV000940,O000940,C1076,2025-12-17,2026-01-01,3594.79
INV000941,O000941,C1077,2024-02-07,2024-02-22,1980.65
INV000942,O000942,C1077,2024-02-06,2024-02-21,1093.46
INV000943,O000943,C1077,2024-03-21,2024-04-05,4674.32
INV000944,O000944,C1077,2024-06-16,2024-07-01,2308.58
INV000945,O000945,C1077,2024-09-21,2024-10-06,2179.82
INV000946,O000946,C1077,2025-02-17,2025-03-04,2175.87
INV000947,O000947,C1077,2025-03-16,2025-03-31,5091.58
INV000948,O000948,C1077,2025-08-20,2025-09-04,2229.22
INV000949,O000949,C1078,2024-01-11,2024-03-11,50845.71
INV000950,O000950,C1078,2024-02-05,2024-04-05,41292.49
INV000951,O000951,C1078,2024-02-09,2024-04-09,39625.36
INV000952,O000952,C1078,2024-02-13,2024-04-13,26442.99
INV000953,O000953,C1078,2024-04-24,2024-06-23,40457.5
INV000954,O000954,C1078,2024-05-02,2024-07-01,59446.66
INV000955,O000955,C1078,2024-05-09,2024-07-08,79333.22
INV000956,O000956,C1078,2024-05-11,2024-07-10,22266.83
INV000957,O000957,C1078,2024-07-06,2024-09-04,50593.14
INV000958,O000958,C1078,2024-07-07,2024-09-05,26059.51
INV000959,O000959,C1078,2024-07-21,2024-09-19,34840.33
INV000960,O000960,C1078,2024-08-14,2024-10-13,90715.11
INV000961,O000961,C1078,2024-09-22,2024-11-21,45648.03
INV000962,O000962,C1078,2024-10-10,2024-12-09,39511.59
INV000963,O000963,C1078,2024-11-07,2025-01-06,70190.7
INV000964,O000964,C1078,2024-12-03,2025-02-01,44107.03
INV000965,O000965,C1078,2025-01-14,2025-03-15,45935.16
INV000966,O000966,C1078,2025-02-02,2025-04-03,50669.76
INV000967,O000967,C1078,2025-03-08,2025-05-07,40732.51
INV000968,O000968,C1078,2025-04-11,2025-06-10,28394.78
INV000969,O000969,C1078,2025-04-24,2025-06-23,31140.42
INV000970,O000970,C1078,2025-05-07,2025-07-06,65210.03
INV000971,O000971,C1078,2025-06-30,2025-08-29,40199.36
INV000972,O000972,C1078,2025-07-08,2025-09-06,43312.73
INV000973,O000973,C1078,2025-07-12,2025-09-10,21778.92
INV000974,O000974,C1078,2025-09-23,2025-11-22,60669.58
INV000975,O000975,C1078,2025-10-10,2025-12-09,81237.06
INV000976,O000976,C1078,2025-11-26,2026-01-25,24332.98
INV000977,O000977,C1078,2025-12-22,2026-02-20,55009.61
INV000978,O000978,C1079,2024-03-31,2024-04-30,8605.58
INV000979,O000979,C1079,2024-04-05,2024-05-05,22457.16
INV000980,O000980,C1079,2024-05-06,2024-06-05,10670.42
INV000981,O000981,C1079,2024-06-07,2024-07-07,8388.27
INV000982,O000982,C1079,2024-06-26,2024-07-26,8739.51
INV000983,O000983,C1079,2024-07-09,2024-08-08,15991.4
INV000984,O000984,C1079,2024-07-18,2024-08-17,6482.76
INV000985,O000985,C1079,2024-08-17,2024-09-16,6724.06
INV000986,O000986,C1079,2024-08-21,2024-09-20,13293.72
INV000987,O000987,C1079,2024-09-04,2024-10-04,21088.81
INV000988,O000988,C1079,2024-09-18,2024-10-18,8865.7
INV000989,O000989,C1079,2024-10-09,2024-11-08,8829.98
INV000990,O000990,C1079,2024-11-14,2024-12-14,14147.19
INV000991,O000991,C1079,2025-04-17,2025-05-17,10659.39
INV000992,O000992,C1079,2025-08-19,2025-09-18,10574.55
INV000993,O000993,C1079,2025-09-06,2025-10-06,8865.5
INV000994,O000994,C1079,2025-09-12,2025-10-12,6968.98
INV000995,O000995,C1079,2025-11-05,2025-12-05,8499.72
INV000996,O000996,C1079,2025-11-27,2025-12-27,8009.02
INV000997,O000997,C1079,2025-12-17,2026-01-16,9284.95
INV000998,O000998,C1080,2024-01-05,2024-01-20,4443.41
INV000999,O000999,C1080,2024-05-16,2024-05-31,1340.82
INV001000,O001000,C1080,2024-07-25,2024-08-09,754.09
INV001001,O001001,C1080,2024-08-04,2024-08-19,4265.36
INV001002,O001002,C1080,2024-11-21,2024-12-06,2300.82
INV001003,O001003,C1080,2025-01-10,2025-01-25,1513.59
INV001004,O001004,C1080,2025-04-04,2025-04-19,2588.35
INV001005,O001005,C1080,2025-04-19,2025-05-04,2575.38
INV001006,O001006,C1080,2025-10-03,2025-10-18,1567.24
INV001007,O001007,C1080,2025-10-25,2025-11-09,2266.98
INV001008,O001008,C1080,2025-11-04,2025-11-19,2415.98
INV001009,O001009,C1081,2024-03-01,2024-03-16,4159.99
INV001010,O001010,C1081,2024-03-22,2024-04-06,2775.44
INV001011,O001011,C1081,2024-11-29,2024-12-14,3003.34
INV001012,O001012,C1081,2024-12-11,2024-12-26,1690.53
INV001013,O001013,C1081,2025-03-05,2025-03-20,2595.77
INV001014,O001014,C1081,2025-04-28,2025-05-13,1662.7
INV001015,O001015,C1081,2025-08-08,2025-08-23,1728.28
INV001016,O001016,C1081,2025-08-19,2025-09-03,1887.02
INV001017,O001017,C1081,2025-09-13,2025-09-28,4077.48
INV001018,O001018,C1081,2025-12-11,2025-12-26,2935.47
INV001019,O001019,C1081,2025-12-13,2025-12-28,3091.68
INV001020,O001020,C1082,2024-07-04,2024-07-19,3794.75
INV001021,O001021,C1082,2024-12-05,2024-12-20,1983.08
INV001022,O001022,C1082,2025-01-05,2025-01-20,2376.86
INV001023,O001023,C1082,2025-02-25,2025-03-12,2017.46
INV001024,O001024,C1082,2025-03-04,2025-03-19,1650.3
INV001025,O001025,C1082,2025-03-13,2025-03-28,4131.07
INV001026,O001026,C1082,2025-07-01,2025-07-16,3795.13
INV001027,O001027,C1082,2025-09-11,2025-09-26,3090.73
INV001028,O001028,C1082,2025-12-14,2025-12-29,4437.29
INV001029,O001029,C1083,2024-03-01,2024-04-30,117121.43
INV001030,O001030,C1083,2024-03-19,2024-05-18,49443.21
INV001031,O001031,C1083,2024-03-30,2024-05-29,92685.15
INV001032,O001032,C1083,2024-04-30,2024-06-29,44834.98
INV001033,O001033,C1083,2024-05-05,2024-07-04,44802.75
INV001034,O001034,C1083,2024-05-04,2024-07-03,45379.78
INV001035,O001035,C1083,2024-05-10,2024-07-09,50594.12
INV001036,O001036,C1083,2024-05-17,2024-07-16,59744.36
INV001037,O001037,C1083,2024-05-19,2024-07-18,80260.92
INV001038,O001038,C1083,2024-06-29,2024-08-28,41797.11
INV001039,O001039,C1083,2024-08-10,2024-10-09,27422.92
INV001040,O001040,C1083,2024-08-10,2024-10-09,54983.29
INV001041,O001041,C1083,2024-09-09,2024-11-08,50618.12
INV001042,O001042,C1083,2024-12-02,2025-01-31,36430.29
INV001043,O001043,C1083,2025-01-08,2025-03-09,53019.78
INV001044,O001044,C1083,2025-01-28,2025-03-29,67933.85
INV001045,O001045,C1083,2025-01-29,2025-03-30,56694.58
INV001046,O001046,C1083,2025-03-12,2025-05-11,49026.11
INV001047,O001047,C1083,2025-03-20,2025-05-19,93280.27
INV001048,O001048,C1083,2025-05-11,2025-07-10,36547.46
INV001049,O001049,C1083,2025-06-01,2025-07-31,78115.18
INV001050,O001050,C1083,2025-07-11,2025-09-09,52045.95
INV001051,O001051,C1083,2025-07-28,2025-09-26,37381.29
INV001052,O001052,C1083,2025-08-17,2025-10-16,29143.71
INV001053,O001053,C1083,2025-09-14,2025-11-13,49985.37
INV001054,O001054,C1083,2025-10-07,2025-12-06,42925.64
INV001055,O001055,C1083,2025-11-07,2026-01-06,64283.87
INV001056,O001056,C1083,2025-11-30,2026-01-29,57008.33
INV001057,O001057,C1083,2025-12-10,2026-02-08,30468.03
INV001058,O001058,C1083,2025-12-26,2026-02-24,62009.96
INV001059,O001059,C1084,2024-01-01,2024-01-16,1556.91
INV001060,O001060,C1084,2024-03-15,2024-03-30,2449.2
INV001061,O001061,C1084,2024-05-23,2024-06-07,3707.77
INV001062,O001062,C1084,2024-06-16,2024-07-01,950.37
INV001063,O001063,C1084,2024-07-10,2024-07-25,2592.39
INV001064,O001064,C1084,2024-09-09,2024-09-24,2312.02
INV001065,O001065,C1084,2024-09-16,2024-10-01,4615.8
INV001066,O001066,C1084,2024-11-29,2024-12-14,2854.1
INV001067,O001067,C1084,2024-12-12,2024-12-27,2776.96
INV001068,O001068,C1084,2025-02-03,2025-02-18,2234.58
INV001069,O001069,C1084,2025-08-21,2025-09-05,3754.99
INV001070,O001070,C1085,2024-03-27,2024-04-26,11214.17
INV001071,O001071,C1085,2024-05-04,2024-06-03,7729.92
INV001072,O001072,C1085,2024-07-09,2024-08-08,19463.12
INV001073,O001073,C1085,2024-07-21,2024-08-20,10508.59
INV001074,O001074,C1085,2024-07-30,2024-08-29,10552.37
INV001075,O001075,C1085,2024-09-11,2024-10-11,7327.79
INV001076,O001076,C1085,2024-10-17,2024-11-16,9273.66
INV001077,O001077,C1085,2024-11-16,2024-12-16,8674.61
INV001078,O001078,C1085,2024-12-29,2025-01-28,18221.95
INV001079,O001079,C1085,2025-01-22,2025-02-21,15030.78
INV001080,O001080,C1085,2025-03-17,2025-04-16,14834.23
INV001081,O001081,C1085,2025-04-28,2025-05-28,9294.16
INV001082,O001082,C1085,2025-05-01,2025-05-31,6189.92
INV001083,O001083,C1085,2025-05-12,2025-06-11,9073.65
INV001084,O001084,C1085,2025-06-05,2025-07-05,4505.45
INV001085,O001085,C1085,2025-06-11,2025-07-11,11111.22
INV001086,O001086,C1085,2025-09-03,2025-10-03,8960.27
INV001087,O001087,C1085,2025-09-14,2025-10-14,10267.72
INV001088,O001088,C1086,2024-06-30,2024-07-15,2330.76
INV001089,O001089,C1086,2024-09-03,2024-09-18,1378.42
INV001090,O001090,C1086,2025-06-21,2025-07-06,2846.85
INV001091,O001091,C1086,2025-11-01,2025-11-16,4186.38
INV001092,O001092,C1087,2024-02-12,2024-03-13,19894.27
INV001093,O001093,C1087,2024-02-20,2024-03-21,23294.76
INV001094,O001094,C1087,2024-03-19,2024-04-18,13845.49
INV001095,O001095,C1087,2024-04-14,2024-05-14,19899.07
INV001096,O001096,C1087,2024-06-05,2024-07-05,10090.26
INV001097,O001097,C1087,2024-06-11,2024-07-11,15051.1
INV001098,O001098,C1087,2024-07-10,2024-08-09,7288.79
INV001099,O001099,C1087,2024-09-16,2024-10-16,18086.11
INV001100,O001100,C1087,2025-01-13,2025-02-12,15907.63
INV001101,O001101,C1087,2025-01-20,2025-02-19,5153.69
INV001102,O001102,C1087,2025-08-27,2025-09-26,29307.56
INV001103,O001103,C1087,2025-09-24,2025-10-24,8825.58
INV001104,O001104,C1087,2025-10-02,2025-11-01,6497.67
INV001105,O001105,C1088,2024-05-04,2024-05-19,2660.79
INV001106,O001106,C1088,2024-06-02,2024-06-17,1792.02
INV001107,O001107,C1088,2024-09-24,2024-10-09,2067.67
INV001108,O001108,C1088,2024-11-06,2024-11-21,4594.4
INV001109,O001109,C1088,2024-11-24,2024-12-09,1521.76
INV001110,O001110,C1088,2025-02-08,2025-02-23,2194.05
INV001111,O001111,C1088,2025-02-14,2025-03-01,1365.93
INV001112,O001112,C1088,2025-03-12,2025-03-27,4297.19
INV001113,O001113,C1088,2025-03-16,2025-03-31,3787.87
INV001114,O001114,C1088,2025-09-18,2025-10-03,2978.61
INV001115,O001115,C1088,2025-10-15,2025-10-30,1408.78
INV001116,O001116,C1088,2025-10-15,2025-10-30,2832.34
INV001117,O001117,C1088,2025-11-01,2025-11-16,4580.58
INV001118,O001118,C1089,2024-11-11,2024-11-26,2809.68
INV001119,O001119,C1089,2025-02-06,2025-02-21,1473.13
INV001120,O001120,C1089,2025-05-25,2025-06-09,3568.61
INV001121,O001121,C1089,2025-11-12,2025-11-27,1646.26
INV001122,O001122,C1089,2025-11-26,2025-12-11,4159.79
INV001123,O001123,C1090,2024-01-18,2024-02-02,4961.75
INV001124,O001124,C1090,2024-03-30,2024-04-14,1493.73
INV001125,O001125,C1090,2024-04-07,2024-04-22,2909.53
INV001126,O001126,C1090,2024-09-12,2024-09-27,5559.7
INV001127,O001127,C1090,2025-02-04,2025-02-19,1081.12
INV001128,O001128,C1090,2025-03-19,2025-04-03,2846.55
INV001129,O001129,C1090,2025-08-26,2025-09-10,3459.48
INV001130,O001130,C1090,2025-10-25,2025-11-09,2473.71
INV001131,O001131,C1090,2025-12-22,2026-01-06,2515.68
INV001132,O001132,C1091,2024-01-08,2024-01-23,6259.49
INV001133,O001133,C1091,2024-02-24,2024-03-10,6581.13
INV001134,O001134,C1091,2024-04-21,2024-05-06,3204.96
INV001135,O001135,C1091,2024-08-02,2024-08-17,4534.14
INV001136,O001136,C1091,2024-10-15,2024-10-30,2632.68
INV001137,O001137,C1091,2024-12-12,2024-12-27,3250.88
INV001138,O001138,C1091,2025-02-06,2025-02-21,2058.32
INV001139,O001139,C1091,2025-12-13,2025-12-28,4892.74
INV001140,O001140,C1091,2025-12-31,2026-01-15,2621.31
INV001141,O001141,C1092,2024-01-12,2024-03-12,39028.33
INV001142,O001142,C1092,2024-02-11,2024-04-11,68222.1
INV001143,O001143,C1092,2024-02-29,2024-04-29,55727.88
INV001144,O001144,C1092,2024-03-26,2024-05-25,55768.99
INV001145,O001145,C1092,2024-05-18,2024-07-17,53592.81
INV001146,O001146,C1092,2024-06-02,2024-08-01,65418.06
INV001147,O001147,C1092,2024-07-26,2024-09-24,71392.1
INV001148,O001148,C1092,2024-08-19,2024-10-18,73625.03
INV001149,O001149,C1092,2024-09-04,2024-11-03,44704.27
INV001150,O001150,C1092,2024-09-05,2024-11-04,49626.33
INV001151,O001151,C1092,2024-10-05,2024-12-04,150316.15
INV001152,O001152,C1092,2024-10-28,2024-12-27,29786.71
INV001153,O001153,C1092,2024-10-30,2024-12-29,39366.11
INV001154,O001154,C1092,2024-11-27,2025-01-26,82538.97
INV001155,O001155,C1092,2024-11-29,2025-01-28,115773.14
INV001156,O001156,C1092,2025-01-10,2025-03-11,40411.41
INV001157,O001157,C1092,2025-01-11,2025-03-12,22513.23
INV001158,O001158,C1092,2025-01-11,2025-03-12,54344.84
INV001159,O001159,C1092,2025-02-13,2025-04-14,121562.28
INV001160,O001160,C1092,2025-02-14,2025-04-15,52232.43
INV001161,O001161,C1092,2025-02-15,2025-04-16,34534.14
INV001162,O001162,C1092,2025-02-14,2025-04-15,113002.63
INV001163,O001163,C1092,2025-03-01,2025-04-30,47032.01
INV001164,O001164,C1092,2025-04-08,2025-06-07,18512.46
INV001165,O001165,C1092,2025-05-22,2025-07-21,68547.09
INV001166,O001166,C1092,2025-09-06,2025-11-05,35620.39
INV001167,O001167,C1092,2025-10-10,2025-12-09,69303.14
INV001168,O001168,C1092,2025-10-24,2025-12-23,36385.74
INV001169,O001169,C1092,2025-11-27,2026-01-26,41686.71
INV001170,O001170,C1093,2024-01-28,2024-02-27,17662.4
INV001171,O001171,C1093,2024-04-06,2024-05-06,7252.85
INV001172,O001172,C1093,2024-10-04,2024-11-03,6626.27
INV001173,O001173,C1093,2024-10-16,2024-11-15,16963.01
INV001174,O001174,C1093,2024-11-27,2024-12-27,8756.17
INV001175,O001175,C1093,2024-11-28,2024-12-28,16699.12
INV001176,O001176,C1093,2025-02-18,2025-03-20,5394.31
INV001177,O001177,C1093,2025-03-07,2025-04-06,4885.12
INV001178,O001178,C1093,2025-04-11,2025-05-11,19991.55
INV001179,O001179,C1093,2025-05-31,2025-06-30,12670.6
INV001180,O001180,C1093,2025-08-07,2025-09-06,12880.99
INV001181,O001181,C1093,2025-11-10,2025-12-10,13475.8
INV001182,O001182,C1093,2025-12-11,2026-01-10,14369.36
INV001183,O001183,C1094,2024-03-14,2024-03-29,2838.07
INV001184,O001184,C1094,2024-05-24,2024-06-08,4404.04
INV001185,O001185,C1094,2024-07-21,2024-08-05,1152.95
INV001186,O001186,C1094,2025-06-07,2025-06-22,2950.43
INV001187,O001187,C1094,2025-12-28,2026-01-12,2019.98
INV001188,O001188,C1095,2024-02-13,2024-03-14,22050.39
INV001189,O001189,C1095,2024-02-25,2024-03-26,7178.8
INV001190,O001190,C1095,2024-03-16,2024-04-15,10704.34
INV001191,O001191,C1095,2024-04-21,2024-05-21,8213.55
INV001192,O001192,C1095,2024-08-02,2024-09-01,16285.53
INV001193,O001193,C1095,2024-08-26,2024-09-25,6084.49
INV001194,O001194,C1095,2024-10-17,2024-11-16,9853.95
INV001195,O001195,C1095,2024-11-16,2024-12-16,8545.68
INV001196,O001196,C1095,2024-11-19,2024-12-19,15954.39
INV001197,O001197,C1095,2025-01-23,2025-02-22,9549.47
INV001198,O001198,C1095,2025-03-07,2025-04-06,12705.79
INV001199,O001199,C1095,2025-05-31,2025-06-30,8504.82
INV001200,O001200,C1095,2025-07-10,2025-08-09,3964.56
INV001201,O001201,C1095,2025-07-17,2025-08-16,10425.34
INV001202,O001202,C1095,2025-08-04,2025-09-03,18055.35
INV001203,O001203,C1095,2025-09-09,2025-10-09,15211.84
INV001204,O001204,C1095,2025-09-28,2025-10-28,5649.83
INV001205,O001205,C1095,2025-10-08,2025-11-07,23430.22
INV001206,O001206,C1095,2025-10-16,2025-11-15,9949.63
INV001207,O001207,C1095,2025-10-24,2025-11-23,12763.28
INV001208,O001208,C1095,2025-10-23,2025-11-22,8848.4
INV001209,O001209,C1095,2025-10-25,2025-11-24,15230.88
INV001210,O001210,C1095,2025-12-15,2026-01-14,17135.84
INV001211,O001211,C1096,2024-03-17,2024-04-01,4210.2
INV001212,O001212,C1096,2024-05-02,2024-05-17,2979.61
INV001213,O001213,C1096,2024-05-04,2024-05-19,2675.61
INV001214,O001214,C1096,2024-08-13,2024-08-28,9695.83
INV001215,O001215,C1096,2025-06-28,2025-07-13,2617.64
INV001216,O001216,C1097,2024-05-29,2024-06-13,2424.82
INV001217,O001217,C1097,2024-07-02,2024-07-17,1740.61
INV001218,O001218,C1097,2024-07-27,2024-08-11,2173.53
INV001219,O001219,C1097,2024-10-26,2024-11-10,830.6
INV001220,O001220,C1097,2024-12-02,2024-12-17,2318.96
INV001221,O001221,C1097,2025-04-26,2025-05-11,13695.63
INV001222,O001222,C1097,2025-05-15,2025-05-30,2543.2
INV001223,O001223,C1097,2025-09-30,2025-10-15,1628.97
INV001224,O001224,C1098,2024-06-11,2024-06-26,1085.04
INV001225,O001225,C1098,2024-06-19,2024-07-04,2754.11
INV001226,O001226,C1098,2024-06-22,2024-07-07,2243.83
INV001227,O001227,C1098,2024-08-15,2024-08-30,1096.12
INV001228,O001228,C1098,2024-08-23,2024-09-07,1841.74
INV001229,O001229,C1098,2024-10-16,2024-10-31,2772.08
INV001230,O001230,C1098,2024-10-25,2024-11-09,4885.8
INV001231,O001231,C1098,2025-01-31,2025-02-15,2094.11
INV001232,O001232,C1098,2025-06-07,2025-06-22,2384.01
INV001233,O001233,C1098,2025-07-03,2025-07-18,5590.98
INV001234,O001234,C1098,2025-08-03,2025-08-18,2622.23
INV001235,O001235,C1098,2025-09-30,2025-10-15,4848.33
INV001236,O001236,C1098,2025-10-11,2025-10-26,3066.49
INV001237,O001237,C1099,2024-01-25,2024-02-09,3968.75
INV001238,O001238,C1099,2024-08-23,2024-09-07,3027.38
INV001239,O001239,C1099,2024-10-02,2024-10-17,2328.93
INV001240,O001240,C1099,2024-12-22,2025-01-06,1373.34
INV001241,O001241,C1099,2025-03-11,2025-03-26,5039.49
INV001242,O001242,C1099,2025-06-28,2025-07-13,8678.96
INV001243,O001243,C1099,2025-07-18,2025-08-02,4723.74
INV001244,O001244,C1099,2025-09-08,2025-09-23,3347.21
INV001245,O001245,C1099,2025-10-06,2025-10-21,2541.68
INV001246,O001246,C1100,2024-01-22,2024-02-06,1718.22
INV001247,O001247,C1100,2024-02-20,2024-03-06,4269.6
INV001248,O001248,C1100,2024-05-06,2024-05-21,3917.18
INV001249,O001249,C1100,2024-07-25,2024-08-09,1395.99
INV001250,O001250,C1100,2024-12-16,2024-12-31,1292.97
INV001251,O001251,C1100,2024-12-20,2025-01-04,2008.68
INV001252,O001252,C1100,2025-01-24,2025-02-08,3531.91
INV001253,O001253,C1100,2025-04-17,2025-05-02,3064.6
INV001254,O001254,C1101,2024-02-23,2024-03-09,2726.32
INV001255,O001255,C1101,2024-09-13,2024-09-28,2651.92
INV001256,O001256,C1101,2024-10-06,2024-10-21,2516.34
INV001257,O001257,C1101,2024-11-23,2024-12-08,1764.47
INV001258,O001258,C1101,2024-12-10,2024-12-25,3897.58
INV001259,O001259,C1101,2025-09-12,2025-09-27,1594.15
INV001260,O001260,C1101,2025-10-29,2025-11-13,3722.26
INV001261,O001261,C1102,2024-01-11,2024-01-26,2817.31
INV001262,O001262,C1102,2024-04-08,2024-04-23,1690.09
INV001263,O001263,C1102,2024-05-19,2024-06-03,3881.94
INV001264,O001264,C1102,2024-06-14,2024-06-29,5645.17
INV001265,O001265,C1102,2024-08-21,2024-09-05,1059.6
INV001266,O001266,C1102,2024-12-17,2025-01-01,1527.16
INV001267,O001267,C1102,2024-12-26,2025-01-10,1921.76
INV001268,O001268,C1102,2025-01-11,2025-01-26,1265.18
INV001269,O001269,C1102,2025-01-19,2025-02-03,939.22
INV001270,O001270,C1102,2025-01-20,2025-02-04,2490.04
INV001271,O001271,C1102,2025-02-13,2025-02-28,2984.29
INV001272,O001272,C1102,2025-11-14,2025-11-29,2998.04
INV001273,O001273,C1102,2025-12-02,2025-12-17,1662.39
INV001274,O001274,C1103,2024-01-12,2024-01-27,1561.59
INV001275,O001275,C1103,2024-04-21,2024-05-06,2838.14
INV001276,O001276,C1103,2024-04-28,2024-05-13,2999.31
INV001277,O001277,C1103,2024-08-25,2024-09-09,2242.31
INV001278,O001278,C1103,2024-10-08,2024-10-23,3057.69
INV001279,O001279,C1103,2025-01-28,2025-02-12,1757.17
INV001280,O001280,C1103,2025-04-08,2025-04-23,2222.87
INV001281,O001281,C1103,2025-04-20,2025-05-05,4932.64
INV001282,O001282,C1103,2025-09-04,2025-09-19,1126.05
INV001283,O001283,C1103,2025-09-20,2025-10-05,4792.61
INV001284,O001284,C1104,2024-02-18,2024-03-04,5307.35
INV001285,O001285,C1104,2024-08-09,2024-08-24,4082.17
INV001286,O001286,C1104,2025-02-09,2025-02-24,1588.95
INV001287,O001287,C1104,2025-07-04,2025-07-19,2808.57
INV001288,O001288,C1104,2025-12-27,2026-01-11,3277.97
INV001289,O001289,C1105,2024-02-03,2024-02-18,1929.95
INV001290,O001290,C1105,2024-02-04,2024-02-19,1868.83
INV001291,O001291,C1105,2024-03-06,2024-03-21,3141.27
INV001292,O001292,C1105,2024-03-23,2024-04-07,3185.62
INV001293,O001293,C1105,2024-08-15,2024-08-30,1374.46
INV001294,O001294,C1105,2024-09-05,2024-09-20,7083.92
INV001295,O001295,C1105,2024-11-20,2024-12-05,5727.22
INV001296,O001296,C1105,2025-01-27,2025-02-11,3390.1
INV001297,O001297,C1105,2025-06-10,2025-06-25,1778.68
INV001298,O001298,C1105,2025-07-31,2025-08-15,2013.04
INV001299,O001299,C1105,2025-09-25,2025-10-10,2211.3
INV001300,O001300,C1105,2025-12-25,2026-01-09,8142.8
INV001301,O001301,C1106,2024-06-18,2024-07-03,2045.02
INV001302,O001302,C1106,2024-12-04,2024-12-19,2240.37
INV001303,O001303,C1106,2025-01-28,2025-02-12,4627.1
INV001304,O001304,C1106,2025-04-15,2025-04-30,2095.17
INV001305,O001305,C1106,2025-04-26,2025-05-11,2033.32
INV001306,O001306,C1106,2025-06-08,2025-06-23,1639.53
INV001307,O001307,C1106,2025-10-27,2025-11-11,1492.63
INV001308,O001308,C1106,2025-12-29,2026-01-13,2633.21
INV001309,O001309,C1107,2024-01-25,2024-02-24,8074.08
INV001310,O001310,C1107,2024-02-17,2024-03-18,11691.75
INV001311,O001311,C1107,2024-08-20,2024-09-19,8922.05
INV001312,O001312,C1107,2024-09-05,2024-10-05,10660.53
INV001313,O001313,C1107,2024-09-24,2024-10-24,8860.41
INV001314,O001314,C1107,2025-02-03,2025-03-05,11517.89
INV001315,O001315,C1107,2025-05-02,2025-06-01,9938.47
INV001316,O001316,C1107,2025-06-06,2025-07-06,10713.25
INV001317,O001317,C1107,2025-06-17,2025-07-17,6690.91
INV001318,O001318,C1107,2025-06-24,2025-07-24,6689.24
INV001319,O001319,C1107,2025-11-05,2025-12-05,9507.48
INV001320,O001320,C1107,2025-11-19,2025-12-19,19132.47
INV001321,O001321,C1108,2024-01-05,2024-01-20,5959.58
INV001322,O001322,C1108,2024-02-24,2024-03-10,1858.01
INV001323,O001323,C1108,2024-06-18,2024-07-03,3892.62
INV001324,O001324,C1108,2024-08-16,2024-08-31,631.23
INV001325,O001325,C1108,2024-10-12,2024-10-27,1872.96
INV001326,O001326,C1108,2024-11-17,2024-12-02,2479.39
INV001327,O001327,C1108,2025-03-03,2025-03-18,2809.57
INV001328,O001328,C1108,2025-06-04,2025-06-19,1520.17
INV001329,O001329,C1108,2025-06-05,2025-06-20,1376.26
INV001330,O001330,C1108,2025-07-01,2025-07-16,1690.03
INV001331,O001331,C1108,2025-08-13,2025-08-28,4583.52
INV001332,O001332,C1108,2025-09-03,2025-09-18,5560.81
INV001333,O001333,C1109,2024-05-28,2024-06-12,2898.17
INV001334,O001334,C1109,2024-07-12,2024-07-27,6348.05
INV001335,O001335,C1109,2025-04-09,2025-04-24,3448.1
INV001336,O001336,C1109,2025-06-01,2025-06-16,5239.13
INV001337,O001337,C1110,2024-03-21,2024-04-05,1136.01
INV001338,O001338,C1110,2024-04-26,2024-05-11,1034.22
INV001339,O001339,C1110,2024-06-16,2024-07-01,1043.63
INV001340,O001340,C1110,2024-08-10,2024-08-25,2926.33
INV001341,O001341,C1110,2024-08-27,2024-09-11,3335.23
INV001342,O001342,C1110,2024-12-16,2024-12-31,3069.66
INV001343,O001343,C1110,2025-03-25,2025-04-09,1244.54
INV001344,O001344,C1111,2024-07-01,2024-07-16,2942.75
INV001345,O001345,C1111,2024-09-17,2024-10-02,844.84
INV001346,O001346,C1111,2024-11-20,2024-12-05,3543.1
INV001347,O001347,C1111,2025-01-13,2025-01-28,2446.61
INV001348,O001348,C1111,2025-03-28,2025-04-12,2194.77
INV001349,O001349,C1111,2025-06-21,2025-07-06,2013.48
INV001350,O001350,C1111,2025-08-09,2025-08-24,2171.62
INV001351,O001351,C1111,2025-10-03,2025-10-18,3675.51
INV001352,O001352,C1111,2025-11-05,2025-11-20,5343.11
INV001353,O001353,C1112,2024-01-17,2024-02-16,10024.28
INV001354,O001354,C1112,2024-03-02,2024-04-01,17798.49
INV001355,O001355,C1112,2024-04-22,2024-05-22,7887.95
INV001356,O001356,C1112,2024-06-16,2024-07-16,33683.92
INV001357,O001357,C1112,2024-07-30,2024-08-29,9045.77
INV001358,O001358,C1112,2024-09-09,2024-10-09,14306.25
INV001359,O001359,C1112,2024-11-28,2024-12-28,29772.11
INV001360,O001360,C1112,2024-12-16,2025-01-15,8734.77
INV001361,O001361,C1112,2024-12-22,2025-01-21,12576.97
INV001362,O001362,C1112,2025-01-01,2025-01-31,13191.42
INV001363,O001363,C1112,2025-04-29,2025-05-29,12032.98
INV001364,O001364,C1112,2025-06-10,2025-07-10,8729.74
INV001365,O001365,C1112,2025-06-15,2025-07-15,5893.02
INV001366,O001366,C1112,2025-07-21,2025-08-20,4170.24
INV001367,O001367,C1112,2025-07-28,2025-08-27,11462.0
INV001368,O001368,C1112,2025-09-29,2025-10-29,20055.32
INV001369,O001369,C1112,2025-10-18,2025-11-17,6361.32
INV001370,O001370,C1112,2025-12-13,2026-01-12,17193.97
INV001371,O001371,C1113,2024-06-05,2024-06-20,2320.11
INV001372,O001372,C1113,2024-12-25,2025-01-09,661.03
INV001373,O001373,C1113,2025-02-13,2025-02-28,1159.01
INV001374,O001374,C1113,2025-06-07,2025-06-22,4376.22
INV001375,O001375,C1113,2025-07-04,2025-07-19,3099.53
INV001376,O001376,C1113,2025-09-22,2025-10-07,4533.24
INV001377,O001377,C1114,2024-04-11,2024-04-26,1450.94
INV001378,O001378,C1114,2024-05-26,2024-06-10,2782.38
INV001379,O001379,C1114,2024-08-06,2024-08-21,2191.32
INV001380,O001380,C1114,2024-09-18,2024-10-03,1347.57
INV001381,O001381,C1114,2025-04-02,2025-04-17,1269.6
INV001382,O001382,C1114,2025-05-15,2025-05-30,968.53
INV001383,O001383,C1114,2025-06-12,2025-06-27,2940.57
INV001384,O001384,C1114,2025-08-06,2025-08-21,3136.81
INV001385,O001385,C1115,2024-01-04,2024-03-04,147473.66
INV001386,O001386,C1115,2024-01-12,2024-03-12,52075.31
INV001387,O001387,C1115,2024-01-19,2024-03-19,71913.42
INV001388,O001388,C1115,2024-02-07,2024-04-07,37323.4
INV001389,O001389,C1115,2024-02-16,2024-04-16,28956.11
INV001390,O001390,C1115,2024-02-29,2024-04-29,93274.79
INV001391,O001391,C1115,2024-03-07,2024-05-06,41996.18
INV001392,O001392,C1115,2024-03-09,2024-05-08,39800.76
INV001393,O001393,C1115,2024-05-17,2024-07-16,44269.79
INV001394,O001394,C1115,2024-05-25,2024-07-24,40094.31
INV001395,O001395,C1115,2024-06-05,2024-08-04,50314.74
INV001396,O001396,C1115,2024-06-28,2024-08-27,34232.97
INV001397,O001397,C1115,2024-07-10,2024-09-08,29236.58
INV001398,O001398,C1115,2024-09-24,2024-11-23,108263.07
INV001399,O001399,C1115,2024-10-02,2024-12-01,35816.74
INV001400,O001400,C1115,2024-11-26,2025-01-25,33839.45
INV001401,O001401,C1115,2024-12-08,2025-02-06,64610.04
INV001402,O001402,C1115,2024-12-17,2025-02-15,53446.87
INV001403,O001403,C1115,2025-01-21,2025-03-22,76394.49
INV001404,O001404,C1115,2025-02-28,2025-04-29,48235.22
INV001405,O001405,C1115,2025-04-13,2025-06-12,80322.65
INV001406,O001406,C1115,2025-04-15,2025-06-14,69137.85
INV001407,O001407,C1115,2025-05-05,2025-07-04,44166.85
INV001408,O001408,C1115,2025-05-11,2025-07-10,35981.33
INV001409,O001409,C1115,2025-05-21,2025-07-20,89816.06
INV001410,O001410,C1115,2025-06-11,2025-08-10,54990.17
INV001411,O001411,C1115,2025-06-13,2025-08-12,186470.86
INV001412,O001412,C1115,2025-06-16,2025-08-15,44190.38
INV001413,O001413,C1115,2025-07-28,2025-09-26,77015.83
INV001414,O001414,C1115,2025-08-21,2025-10-20,105301.34
INV001415,O001415,C1115,2025-08-22,2025-10-21,78604.94
INV001416,O001416,C1115,2025-09-01,2025-10-31,31321.8
INV001417,O001417,C1115,2025-09-19,2025-11-18,44148.21
INV001418,O001418,C1115,2025-10-15,2025-12-14,85942.62
INV001419,O001419,C1115,2025-11-05,2026-01-04,34256.18
INV001420,O001420,C1115,2025-11-06,2026-01-05,75770.17
INV001421,O001421,C1115,2025-11-14,2026-01-13,55975.11
INV001422,O001422,C1115,2025-11-29,2026-01-28,73260.29
INV001423,O001423,C1115,2025-11-29,2026-01-28,35615.27
INV001424,O001424,C1115,2025-12-11,2026-02-09,59362.77
INV001425,O001425,C1115,2025-12-21,2026-02-19,83768.34
INV001426,O001426,C1116,2024-02-05,2024-02-20,2360.14
INV001427,O001427,C1116,2024-06-01,2024-06-16,2851.45
INV001428,O001428,C1116,2025-03-29,2025-04-13,1744.21
INV001429,O001429,C1116,2025-07-14,2025-07-29,788.05
INV001430,O001430,C1116,2025-12-07,2025-12-22,3057.67
INV001431,O001431,C1116,2025-12-26,2026-01-10,2408.55
INV001432,O001432,C1117,2024-03-21,2024-04-20,12545.17
INV001433,O001433,C1117,2024-03-21,2024-04-20,19405.96
INV001434,O001434,C1117,2024-04-23,2024-05-23,10504.51
INV001435,O001435,C1117,2024-05-04,2024-06-03,7426.08
INV001436,O001436,C1117,2024-10-16,2024-11-15,19847.34
INV001437,O001437,C1117,2024-10-21,2024-11-20,7373.46
INV001438,O001438,C1117,2025-03-31,2025-04-30,6548.13
INV001439,O001439,C1117,2025-04-14,2025-05-14,17094.74
INV001440,O001440,C1117,2025-08-17,2025-09-16,52198.73
INV001441,O001441,C1117,2025-08-20,2025-09-19,13169.83
INV001442,O001442,C1118,2024-07-26,2024-08-10,2825.57
INV001443,O001443,C1118,2024-08-08,2024-08-23,2227.72
INV001444,O001444,C1118,2024-08-28,2024-09-12,972.44
INV001445,O001445,C1118,2024-09-11,2024-09-26,2567.65
INV001446,O001446,C1118,2024-09-18,2024-10-03,4699.55
INV001447,O001447,C1118,2024-10-02,2024-10-17,1884.3
INV001448,O001448,C1118,2024-11-29,2024-12-14,3054.72
INV001449,O001449,C1118,2025-04-15,2025-04-30,2298.2
INV001450,O001450,C1118,2025-10-13,2025-10-28,4449.05
INV001451,O001451,C1119,2024-01-05,2024-03-05,77990.11
INV001452,O001452,C1119,2024-02-12,2024-04-12,39809.39
INV001453,O001453,C1119,2024-05-14,2024-07-13,111100.67
INV001454,O001454,C1119,2024-07-28,2024-09-26,45741.71
INV001455,O001455,C1119,2024-09-15,2024-11-14,69087.42
INV001456,O001456,C1119,2024-10-08,2024-12-07,25305.33
INV001457,O001457,C1119,2024-11-29,2025-01-28,66407.95
INV001458,O001458,C1119,2025-02-21,2025-04-22,48136.87
INV001459,O001459,C1119,2025-03-16,2025-05-15,42777.31
INV001460,O001460,C1119,2025-04-07,2025-06-06,29008.06
INV001461,O001461,C1119,2025-04-26,2025-06-25,78476.32
INV001462,O001462,C1119,2025-05-06,2025-07-05,108302.36
INV001463,O001463,C1119,2025-06-10,2025-08-09,34259.01
INV001464,O001464,C1119,2025-06-23,2025-08-22,59188.55
INV001465,O001465,C1119,2025-08-02,2025-10-01,39648.2
INV001466,O001466,C1119,2025-08-23,2025-10-22,52543.22
INV001467,O001467,C1119,2025-11-11,2026-01-10,88342.25
INV001468,O001468,C1119,2025-11-13,2026-01-12,41343.67
INV001469,O001469,C1119,2025-12-20,2026-02-18,45557.93
INV001470,O001470,C1120,2024-03-22,2024-04-06,2269.73
INV001471,O001471,C1120,2024-09-03,2024-09-18,3404.83
INV001472,O001472,C1120,2024-09-07,2024-09-22,2750.83
INV001473,O001473,C1120,2024-10-31,2024-11-15,2694.47
INV001474,O001474,C1120,2024-12-02,2024-12-17,2458.86
INV001475,O001475,C1120,2024-12-10,2024-12-25,1080.59
INV001476,O001476,C1120,2025-03-18,2025-04-02,3696.84
INV001477,O001477,C1120,2025-04-17,2025-05-02,1327.49
INV001478,O001478,C1120,2025-08-22,2025-09-06,1850.71
INV001479,O001479,C1120,2025-10-24,2025-11-08,5504.34
INV001480,O001480,C1120,2025-11-29,2025-12-14,820.9
INV001481,O001481,C1121,2024-01-03,2024-01-18,1654.08
INV001482,O001482,C1121,2024-05-04,2024-05-19,2285.2
INV001483,O001483,C1121,2024-06-09,2024-06-24,6722.07
INV001484,O001484,C1121,2024-06-09,2024-06-24,2625.12
INV001485,O001485,C1121,2024-07-02,2024-07-17,3418.29
INV001486,O001486,C1121,2024-12-09,2024-12-24,3667.8
INV001487,O001487,C1121,2025-05-16,2025-05-31,3373.88
INV001488,O001488,C1121,2025-07-28,2025-08-12,3113.45
INV001489,O001489,C1121,2025-08-04,2025-08-19,2292.84
INV001490,O001490,C1121,2025-11-04,2025-11-19,1355.63
INV001491,O001491,C1122,2024-02-06,2024-03-07,11397.96
INV001492,O001492,C1122,2024-02-06,2024-03-07,16539.78
INV001493,O001493,C1122,2024-06-01,2024-07-01,21471.13
INV001494,O001494,C1122,2024-07-25,2024-08-24,15264.19
INV001495,O001495,C1122,2024-07-28,2024-08-27,15137.24
INV001496,O001496,C1122,2024-08-12,2024-09-11,16868.34
INV001497,O001497,C1122,2024-09-08,2024-10-08,10915.8
INV001498,O001498,C1122,2024-10-13,2024-11-12,22090.24
INV001499,O001499,C1122,2024-11-29,2024-12-29,9480.96
INV001500,O001500,C1122,2024-12-11,2025-01-10,14176.31
INV001501,O001501,C1122,2025-02-07,2025-03-09,10199.31
INV001502,O001502,C1122,2025-04-21,2025-05-21,5852.01
INV001503,O001503,C1122,2025-06-13,2025-07-13,6674.24
INV001504,O001504,C1122,2025-09-06,2025-10-06,8472.36
INV001505,O001505,C1122,2025-11-23,2025-12-23,3544.37
INV001506,O001506,C1122,2025-12-10,2026-01-09,7752.55
INV001507,O001507,C1123,2024-01-14,2024-01-29,3697.12
INV001508,O001508,C1123,2024-01-31,2024-02-15,2744.73
INV001509,O001509,C1123,2024-02-08,2024-02-23,2939.72
INV001510,O001510,C1123,2024-02-22,2024-03-08,2263.25
INV001511,O001511,C1123,2024-11-06,2024-11-21,2156.78
INV001512,O001512,C1123,2025-01-05,2025-01-20,2940.23
INV001513,O001513,C1123,2025-07-25,2025-08-09,1735.75
INV001514,O001514,C1124,2024-04-20,2024-06-19,28293.01
INV001515,O001515,C1124,2024-04-22,2024-06-21,41705.46
INV001516,O001516,C1124,2024-04-30,2024-06-29,84088.07
INV001517,O001517,C1124,2024-05-06,2024-07-05,79875.11
INV001518,O001518,C1124,2024-05-08,2024-07-07,56518.33
INV001519,O001519,C1124,2024-06-16,2024-08-15,41086.61
INV001520,O001520,C1124,2024-06-27,2024-08-26,19822.77
INV001521,O001521,C1124,2024-10-05,2024-12-04,79107.91
INV001522,O001522,C1124,2024-10-22,2024-12-21,54316.61
INV001523,O001523,C1124,2024-11-13,2025-01-12,102920.55
INV001524,O001524,C1124,2024-11-14,2025-01-13,29794.03
INV001525,O001525,C1124,2024-11-27,2025-01-26,39821.86
INV001526,O001526,C1124,2024-12-29,2025-02-27,38238.72
INV001527,O001527,C1124,2025-01-09,2025-03-10,68137.61
INV001528,O001528,C1124,2025-01-17,2025-03-18,55655.2
INV001529,O001529,C1124,2025-02-03,2025-04-04,44120.07
INV001530,O001530,C1124,2025-02-09,2025-04-10,31286.7
INV001531,O001531,C1124,2025-04-11,2025-06-10,88411.71
INV001532,O001532,C1124,2025-05-15,2025-07-14,49968.68
INV001533,O001533,C1124,2025-05-16,2025-07-15,43892.16
INV001534,O001534,C1124,2025-06-02,2025-08-01,62088.94
INV001535,O001535,C1124,2025-06-08,2025-08-07,47513.15
INV001536,O001536,C1124,2025-07-03,2025-09-01,43669.51
INV001537,O001537,C1124,2025-07-15,2025-09-13,31540.15
INV001538,O001538,C1124,2025-08-28,2025-10-27,41841.78
INV001539,O001539,C1124,2025-08-30,2025-10-29,45981.91
INV001540,O001540,C1124,2025-09-13,2025-11-12,64948.66
INV001541,O001541,C1124,2025-10-15,2025-12-14,63363.05
INV001542,O001542,C1124,2025-10-22,2025-12-21,24734.57
INV001543,O001543,C1124,2025-12-09,2026-02-07,49933.14
INV001544,O001544,C1125,2024-05-21,2024-06-20,6661.9
INV001545,O001545,C1125,2024-06-01,2024-07-01,11970.9
INV001546,O001546,C1125,2024-08-27,2024-09-26,11004.23
INV001547,O001547,C1125,2024-12-24,2025-01-23,16101.45
INV001548,O001548,C1125,2024-12-31,2025-01-30,26198.09
INV001549,O001549,C1125,2025-02-04,2025-03-06,7785.23
INV001550,O001550,C1125,2025-02-21,2025-03-23,7354.27
INV001551,O001551,C1125,2025-04-21,2025-05-21,5690.92
INV001552,O001552,C1125,2025-06-02,2025-07-02,11616.53
INV001553,O001553,C1125,2025-06-10,2025-07-10,6080.95
INV001554,O001554,C1125,2025-08-21,2025-09-20,10346.07
INV001555,O001555,C1125,2025-10-15,2025-11-14,14352.72
INV001556,O001556,C1125,2025-12-20,2026-01-19,6392.32
INV001557,O001557,C1126,2024-02-28,2024-03-29,21158.21
INV001558,O001558,C1126,2024-03-21,2024-04-20,7576.06
INV001559,O001559,C1126,2024-05-25,2024-06-24,6126.71
INV001560,O001560,C1126,2024-06-28,2024-07-28,5686.42
INV001561,O001561,C1126,2024-07-21,2024-08-20,20533.0
INV001562,O001562,C1126,2024-08-06,2024-09-05,10958.23
INV001563,O001563,C1126,2024-10-18,2024-11-17,8243.26
INV001564,O001564,C1126,2024-11-22,2024-12-22,5567.29
INV001565,O001565,C1126,2024-12-15,2025-01-14,16357.14
INV001566,O001566,C1126,2024-12-29,2025-01-28,12332.23
INV001567,O001567,C1126,2025-01-06,2025-02-05,13916.8
INV001568,O001568,C1126,2025-05-14,2025-06-13,11210.67
INV001569,O001569,C1126,2025-07-11,2025-08-10,14308.83
INV001570,O001570,C1126,2025-09-28,2025-10-28,7660.8
INV001571,O001571,C1126,2025-12-11,2026-01-10,7075.55
INV001572,O001572,C1127,2024-02-23,2024-03-09,1556.52
INV001573,O001573,C1127,2024-04-16,2024-05-01,1525.96
INV001574,O001574,C1127,2024-06-28,2024-07-13,2361.97
INV001575,O001575,C1127,2025-01-14,2025-01-29,965.2
INV001576,O001576,C1127,2025-02-01,2025-02-16,3072.85
INV001577,O001577,C1127,2025-07-25,2025-08-09,1667.85
INV001578,O001578,C1127,2025-08-28,2025-09-12,5154.12
INV001579,O001579,C1127,2025-09-05,2025-09-20,3891.5
INV001580,O001580,C1127,2025-11-23,2025-12-08,2303.0
INV001581,O001581,C1128,2024-05-03,2024-05-18,1337.76
INV001582,O001582,C1128,2024-07-20,2024-08-04,1613.59
INV001583,O001583,C1128,2024-07-25,2024-08-09,1566.19
INV001584,O001584,C1128,2024-09-01,2024-09-16,2375.87
INV001585,O001585,C1128,2024-10-15,2024-10-30,5284.03
INV001586,O001586,C1128,2025-03-07,2025-03-22,2215.13
INV001587,O001587,C1129,2024-07-08,2024-07-23,991.19
INV001588,O001588,C1129,2024-07-23,2024-08-07,5362.42
INV001589,O001589,C1129,2024-09-19,2024-10-04,3279.43
INV001590,O001590,C1129,2024-12-13,2024-12-28,3118.43
INV001591,O001591,C1129,2025-01-09,2025-01-24,4115.37
INV001592,O001592,C1129,2025-02-12,2025-02-27,1750.4
INV001593,O001593,C1129,2025-11-03,2025-11-18,1901.83
INV001594,O001594,C1129,2025-11-09,2025-11-24,2655.28
INV001595,O001595,C1129,2025-12-09,2025-12-24,3197.96
INV001596,O001596,C1129,2025-12-28,2026-01-12,2062.2
INV001597,O001597,C1130,2024-03-30,2024-04-29,3102.42
INV001598,O001598,C1130,2024-06-10,2024-07-10,18914.52
INV001599,O001599,C1130,2024-08-23,2024-09-22,7347.21
INV001600,O001600,C1130,2024-09-08,2024-10-08,17605.28
INV001601,O001601,C1130,2024-09-20,2024-10-20,13813.41
INV001602,O001602,C1130,2024-10-06,2024-11-05,8167.78
INV001603,O001603,C1130,2024-10-12,2024-11-11,16764.64
INV001604,O001604,C1130,2024-10-13,2024-11-12,5312.4
INV001605,O001605,C1130,2024-10-27,2024-11-26,9310.98
INV001606,O001606,C1130,2025-01-18,2025-02-17,8214.62
INV001607,O001607,C1130,2025-01-19,2025-02-18,8903.32
INV001608,O001608,C1130,2025-05-27,2025-06-26,9237.72
INV001609,O001609,C1130,2025-08-23,2025-09-22,8644.05
INV001610,O001610,C1130,2025-09-19,2025-10-19,8165.23
INV001611,O001611,C1130,2025-10-28,2025-11-27,15278.97
INV001612,O001612,C1130,2025-11-19,2025-12-19,17236.65
INV001613,O001613,C1131,2024-01-14,2024-01-29,5039.07
INV001614,O001614,C1131,2024-03-28,2024-04-12,4954.42
INV001615,O001615,C1131,2024-04-04,2024-04-19,6203.45
INV001616,O001616,C1131,2024-06-16,2024-07-01,2008.24
INV001617,O001617,C1131,2024-12-16,2024-12-31,4206.52
INV001618,O001618,C1131,2025-02-13,2025-02-28,5009.4
INV001619,O001619,C1131,2025-02-26,2025-03-13,1980.54
INV001620,O001620,C1131,2025-04-11,2025-04-26,981.54
INV001621,O001621,C1131,2025-07-14,2025-07-29,3336.73
INV001622,O001622,C1131,2025-12-10,2025-12-25,2572.58
INV001623,O001623,C1131,2025-12-28,2026-01-12,2117.53
INV001624,O001624,C1132,2024-01-16,2024-02-15,8249.79
INV001625,O001625,C1132,2024-05-16,2024-06-15,16871.39
INV001626,O001626,C1132,2024-08-19,2024-09-18,6952.2
INV001627,O001627,C1132,2024-08-25,2024-09-24,7373.91
INV001628,O001628,C1132,2024-09-19,2024-10-19,16536.94
INV001629,O001629,C1132,2024-11-03,2024-12-03,13303.44
INV001630,O001630,C1132,2024-12-01,2024-12-31,19370.93
INV001631,O001631,C1132,2025-02-01,2025-03-03,21607.69
INV001632,O001632,C1132,2025-03-04,2025-04-03,9377.37
INV001633,O001633,C1132,2025-03-29,2025-04-28,15994.01
INV001634,O001634,C1132,2025-05-13,2025-06-12,8795.6
INV001635,O001635,C1132,2025-06-17,2025-07-17,15543.19
INV001636,O001636,C1132,2025-07-17,2025-08-16,19629.29
INV001637,O001637,C1132,2025-08-01,2025-08-31,7616.7
INV001638,O001638,C1132,2025-08-13,2025-09-12,17296.34
INV001639,O001639,C1132,2025-11-18,2025-12-18,10783.96
INV001640,O001640,C1132,2025-12-11,2026-01-10,9100.92
INV001641,O001641,C1133,2024-02-07,2024-03-08,16516.84
INV001642,O001642,C1133,2024-04-11,2024-05-11,6588.45
INV001643,O001643,C1133,2024-04-18,2024-05-18,9736.9
INV001644,O001644,C1133,2024-06-05,2024-07-05,6051.2
INV001645,O001645,C1133,2024-07-01,2024-07-31,9386.58
INV001646,O001646,C1133,2024-07-13,2024-08-12,13088.04
INV001647,O001647,C1133,2024-07-15,2024-08-14,14754.58
INV001648,O001648,C1133,2024-08-15,2024-09-14,14805.11
INV001649,O001649,C1133,2024-08-31,2024-09-30,12581.29
INV001650,O001650,C1133,2024-09-05,2024-10-05,10692.47
INV001651,O001651,C1133,2024-09-14,2024-10-14,13886.87
INV001652,O001652,C1133,2025-05-21,2025-06-20,7707.68
INV001653,O001653,C1133,2025-05-23,2025-06-22,16089.7
INV001654,O001654,C1133,2025-07-06,2025-08-05,11863.88
INV001655,O001655,C1133,2025-08-16,2025-09-15,9859.16
INV001656,O001656,C1133,2025-09-14,2025-10-14,6999.22
INV001657,O001657,C1133,2025-10-04,2025-11-03,8402.94
INV001658,O001658,C1133,2025-10-06,2025-11-05,9137.54
INV001659,O001659,C1133,2025-12-20,2026-01-19,14131.04
INV001660,O001660,C1134,2024-01-31,2024-02-15,1689.37
INV001661,O001661,C1134,2024-03-19,2024-04-03,4314.35
INV001662,O001662,C1134,2024-04-24,2024-05-09,7272.92
INV001663,O001663,C1134,2024-06-02,2024-06-17,1414.58
INV001664,O001664,C1134,2024-12-16,2024-12-31,2161.88
INV001665,O001665,C1134,2025-01-13,2025-01-28,1239.48
INV001666,O001666,C1134,2025-05-16,2025-05-31,2117.15
INV001667,O001667,C1134,2025-11-01,2025-11-16,5558.28
INV001668,O001668,C1135,2024-02-08,2024-03-09,11200.21
INV001669,O001669,C1135,2024-03-04,2024-04-03,17824.62
INV001670,O001670,C1135,2024-03-12,2024-04-11,21560.0
INV001671,O001671,C1135,2024-04-03,2024-05-03,12111.9
INV001672,O001672,C1135,2024-07-02,2024-08-01,7098.31
INV001673,O001673,C1135,2024-08-31,2024-09-30,7184.21
INV001674,O001674,C1135,2024-10-04,2024-11-03,13105.06
INV001675,O001675,C1135,2024-10-13,2024-11-12,12828.24
INV001676,O001676,C1135,2024-10-18,2024-11-17,23069.61
INV001677,O001677,C1135,2025-04-22,2025-05-22,6245.77
INV001678,O001678,C1135,2025-06-08,2025-07-08,5499.44
INV001679,O001679,C1136,2024-01-10,2024-01-25,1997.66
INV001680,O001680,C1136,2024-02-14,2024-02-29,3624.25
INV001681,O001681,C1136,2024-03-08,2024-03-23,1812.19
INV001682,O001682,C1136,2024-04-03,2024-04-18,2613.94
INV001683,O001683,C1136,2024-11-28,2024-12-13,872.83
INV001684,O001684,C1136,2025-01-11,2025-01-26,3417.86
INV001685,O001685,C1136,2025-07-06,2025-07-21,2953.27
INV001686,O001686,C1136,2025-09-09,2025-09-24,1811.82
INV001687,O001687,C1136,2025-10-01,2025-10-16,3952.01
INV001688,O001688,C1137,2024-02-22,2024-03-23,6589.61
INV001689,O001689,C1137,2024-05-07,2024-06-06,5760.53
INV001690,O001690,C1137,2024-07-05,2024-08-04,8735.77
INV001691,O001691,C1137,2024-09-14,2024-10-14,12841.82
INV001692,O001692,C1137,2024-10-01,2024-10-31,11225.02
INV001693,O001693,C1137,2024-10-06,2024-11-05,5851.86
INV001694,O001694,C1137,2024-11-15,2024-12-15,18361.39
INV001695,O001695,C1137,2024-11-20,2024-12-20,10897.7
INV001696,O001696,C1137,2024-11-26,2024-12-26,18295.13
INV001697,O001697,C1137,2024-12-28,2025-01-27,17707.05
INV001698,O001698,C1137,2025-01-23,2025-02-22,20020.2
INV001699,O001699,C1137,2025-03-05,2025-04-04,13761.93
INV001700,O001700,C1137,2025-03-16,2025-04-15,8722.43
INV001701,O001701,C1137,2025-04-24,2025-05-24,17923.49
INV001702,O001702,C1137,2025-10-07,2025-11-06,18461.86
INV001703,O001703,C1137,2025-11-17,2025-12-17,18907.02
INV001704,O001704,C1137,2025-12-14,2026-01-13,20016.57
INV001705,O001705,C1137,2025-12-24,2026-01-23,9545.12
INV001706,O001706,C1137,2025-12-27,2026-01-26,6297.65
INV001707,O001707,C1138,2024-02-06,2024-04-06,24087.89
INV001708,O001708,C1138,2024-04-11,2024-06-10,57566.87
INV001709,O001709,C1138,2024-04-24,2024-06-23,51839.69
INV001710,O001710,C1138,2024-04-29,2024-06-28,49476.16
INV001711,O001711,C1138,2024-05-21,2024-07-20,39092.22
INV001712,O001712,C1138,2024-06-30,2024-08-29,48882.69
INV001713,O001713,C1138,2024-07-17,2024-09-15,44588.83
INV001714,O001714,C1138,2024-08-21,2024-10-20,50178.95
INV001715,O001715,C1138,2024-09-18,2024-11-17,60362.64
INV001716,O001716,C1138,2024-10-01,2024-11-30,53223.01
INV001717,O001717,C1138,2024-11-18,2025-01-17,37659.71
INV001718,O001718,C1138,2024-12-03,2025-02-01,36768.7
INV001719,O001719,C1138,2025-01-17,2025-03-18,81007.64
INV001720,O001720,C1138,2025-01-28,2025-03-29,52930.32
INV001721,O001721,C1138,2025-03-01,2025-04-30,36490.93
INV001722,O001722,C1138,2025-03-21,2025-05-20,39744.39
INV001723,O001723,C1138,2025-04-04,2025-06-03,83144.39
INV001724,O001724,C1138,2025-05-09,2025-07-08,36031.81
INV001725,O001725,C1138,2025-05-20,2025-07-19,57975.22
INV001726,O001726,C1138,2025-06-18,2025-08-17,26518.47
INV001727,O001727,C1138,2025-06-19,2025-08-18,55502.57
INV001728,O001728,C1138,2025-07-04,2025-09-02,61097.75
INV001729,O001729,C1138,2025-07-11,2025-09-09,90017.95
INV001730,O001730,C1138,2025-08-03,2025-10-02,56812.94
INV001731,O001731,C1138,2025-09-06,2025-11-05,63827.55
INV001732,O001732,C1138,2025-11-03,2026-01-02,35460.6
INV001733,O001733,C1138,2025-11-20,2026-01-19,55306.55
INV001734,O001734,C1138,2025-11-23,2026-01-22,24754.37
INV001735,O001735,C1139,2024-03-30,2024-04-14,2591.93
INV001736,O001736,C1139,2024-06-16,2024-07-01,1248.91
INV001737,O001737,C1139,2024-07-01,2024-07-16,3134.24
INV001738,O001738,C1139,2024-08-20,2024-09-04,4451.39
INV001739,O001739,C1139,2025-02-28,2025-03-15,3412.84
INV001740,O001740,C1139,2025-11-06,2025-11-21,1947.73
INV001741,O001741,C1140,2024-01-10,2024-03-10,52046.88
INV001742,O001742,C1140,2024-01-26,2024-03-26,46827.14
INV001743,O001743,C1140,2024-02-06,2024-04-06,46915.39
INV001744,O001744,C1140,2024-02-15,2024-04-15,59043.19
INV001745,O001745,C1140,2024-03-28,2024-05-27,39916.64
INV001746,O001746,C1140,2024-06-01,2024-07-31,30719.68
INV001747,O001747,C1140,2024-06-07,2024-08-06,55677.74
INV001748,O001748,C1140,2024-06-11,2024-08-10,40540.58
INV001749,O001749,C1140,2024-06-21,2024-08-20,36956.36
INV001750,O001750,C1140,2024-06-21,2024-08-20,32682.59
INV001751,O001751,C1140,2024-07-04,2024-09-02,46698.67
INV001752,O001752,C1140,2024-07-17,2024-09-15,25563.62
INV001753,O001753,C1140,2024-08-06,2024-10-05,89959.66
INV001754,O001754,C1140,2024-08-19,2024-10-18,50745.77
INV001755,O001755,C1140,2024-08-20,2024-10-19,29737.55
INV001756,O001756,C1140,2024-09-12,2024-11-11,43997.65
INV001757,O001757,C1140,2024-09-26,2024-11-25,44086.72
INV001758,O001758,C1140,2024-10-01,2024-11-30,61818.81
INV001759,O001759,C1140,2024-10-29,2024-12-28,99280.2
INV001760,O001760,C1140,2024-11-29,2025-01-28,39193.37
INV001761,O001761,C1140,2024-12-17,2025-02-15,44624.97
INV001762,O001762,C1140,2024-12-24,2025-02-22,53368.76
INV001763,O001763,C1140,2025-02-09,2025-04-10,23138.41
INV001764,O001764,C1140,2025-05-20,2025-07-19,48753.93
INV001765,O001765,C1140,2025-05-29,2025-07-28,43231.17
INV001766,O001766,C1140,2025-06-07,2025-08-06,98727.72
INV001767,O001767,C1140,2025-06-17,2025-08-16,47401.79
INV001768,O001768,C1140,2025-07-11,2025-09-09,43384.45
INV001769,O001769,C1140,2025-08-15,2025-10-14,42768.25
INV001770,O001770,C1140,2025-09-01,2025-10-31,28867.04
INV001771,O001771,C1140,2025-10-14,2025-12-13,46754.42
INV001772,O001772,C1140,2025-12-16,2026-02-14,93551.37
INV001773,O001773,C1141,2024-03-31,2024-04-30,7429.85
INV001774,O001774,C1141,2024-04-18,2024-05-18,8126.7
INV001775,O001775,C1141,2024-04-24,2024-05-24,17876.65
INV001776,O001776,C1141,2024-05-03,2024-06-02,12778.31
INV001777,O001777,C1141,2024-05-15,2024-06-14,6519.83
INV001778,O001778,C1141,2024-05-20,2024-06-19,8573.6
INV001779,O001779,C1141,2024-07-09,2024-08-08,12762.65
INV001780,O001780,C1141,2024-07-27,2024-08-26,9237.7
INV001781,O001781,C1141,2024-08-19,2024-09-18,10638.76
INV001782,O001782,C1141,2024-09-02,2024-10-02,6697.71
INV001783,O001783,C1141,2024-09-06,2024-10-06,6033.44
INV001784,O001784,C1141,2025-01-07,2025-02-06,7201.14
INV001785,O001785,C1141,2025-05-10,2025-06-09,7956.47
INV001786,O001786,C1141,2025-07-06,2025-08-05,5784.08
INV001787,O001787,C1141,2025-08-23,2025-09-22,11430.82
INV001788,O001788,C1141,2025-11-27,2025-12-27,5563.95
INV001789,O001789,C1142,2024-01-09,2024-02-08,14401.4
INV001790,O001790,C1142,2024-03-15,2024-04-14,18349.91
INV001791,O001791,C1142,2024-03-15,2024-04-14,29083.79
INV001792,O001792,C1142,2024-05-15,2024-06-14,5706.74
INV001793,O001793,C1142,2024-05-14,2024-06-13,25471.34
INV001794,O001794,C1142,2024-05-28,2024-06-27,8954.29
INV001795,O001795,C1142,2024-07-04,2024-08-03,14057.02
INV001796,O001796,C1142,2024-07-28,2024-08-27,13542.48
INV001797,O001797,C1142,2024-11-02,2024-12-02,8333.31
INV001798,O001798,C1142,2024-11-15,2024-12-15,10284.81
INV001799,O001799,C1142,2025-01-10,2025-02-09,9798.08
INV001800,O001800,C1142,2025-01-15,2025-02-14,12959.27
INV001801,O001801,C1142,2025-09-02,2025-10-02,9105.04
INV001802,O001802,C1142,2025-10-06,2025-11-05,17476.05
INV001803,O001803,C1142,2025-10-14,2025-11-13,25361.65
INV001804,O001804,C1142,2025-10-23,2025-11-22,10544.41
INV001805,O001805,C1143,2024-03-23,2024-04-07,4279.86
INV001806,O001806,C1143,2025-04-03,2025-04-18,2164.22
INV001807,O001807,C1143,2025-05-08,2025-05-23,2875.54
INV001808,O001808,C1143,2025-11-21,2025-12-06,4679.21
INV001809,O001809,C1143,2025-11-22,2025-12-07,3265.71
INV001810,O001810,C1143,2025-11-23,2025-12-08,4132.79
INV001811,O001811,C1143,2025-12-10,2025-12-25,1251.44
INV001812,O001812,C1144,2024-01-05,2024-01-20,3014.29
INV001813,O001813,C1144,2024-05-13,2024-05-28,1386.31
INV001814,O001814,C1144,2024-05-31,2024-06-15,1688.95
INV001815,O001815,C1144,2024-07-13,2024-07-28,490.39
INV001816,O001816,C1144,2024-10-14,2024-10-29,1982.5
INV001817,O001817,C1144,2024-11-11,2024-11-26,2039.03
INV001818,O001818,C1144,2025-03-17,2025-04-01,3486.61
INV001819,O001819,C1144,2025-05-18,2025-06-02,1374.5
INV001820,O001820,C1144,2025-06-28,2025-07-13,3245.03
INV001821,O001821,C1144,2025-08-16,2025-08-31,2056.37
INV001822,O001822,C1144,2025-09-27,2025-10-12,2287.96
INV001823,O001823,C1144,2025-11-17,2025-12-02,2486.23
INV001824,O001824,C1145,2024-01-21,2024-02-20,16158.65
INV001825,O001825,C1145,2024-04-10,2024-05-10,7619.71
INV001826,O001826,C1145,2024-04-15,2024-05-15,6450.74
INV001827,O001827,C1145,2024-06-03,2024-07-03,19799.49
INV001828,O001828,C1145,2024-06-22,2024-07-22,13151.11
INV001829,O001829,C1145,2024-07-05,2024-08-04,20840.89
INV001830,O001830,C1145,2024-08-19,2024-09-18,10151.36
INV001831,O001831,C1145,2024-12-27,2025-01-26,7462.8
INV001832,O001832,C1145,2025-04-27,2025-05-27,26084.26
INV001833,O001833,C1145,2025-05-27,2025-06-26,15619.0
INV001834,O001834,C1145,2025-06-25,2025-07-25,8886.75
INV001835,O001835,C1145,2025-08-28,2025-09-27,11775.13
INV001836,O001836,C1145,2025-09-13,2025-10-13,13205.46
INV001837,O001837,C1145,2025-10-20,2025-11-19,8231.61
INV001838,O001838,C1145,2025-11-08,2025-12-08,14505.69
INV001839,O001839,C1145,2025-11-30,2025-12-30,7025.0
INV001840,O001840,C1145,2025-12-04,2026-01-03,7916.24
INV001841,O001841,C1146,2024-03-21,2024-04-05,2537.54
INV001842,O001842,C1146,2024-10-25,2024-11-09,1705.73
INV001843,O001843,C1146,2025-02-03,2025-02-18,2162.55
INV001844,O001844,C1146,2025-02-25,2025-03-12,1830.95
INV001845,O001845,C1146,2025-08-23,2025-09-07,2592.97
INV001846,O001846,C1146,2025-08-29,2025-09-13,1368.82
INV001847,O001847,C1146,2025-09-28,2025-10-13,1217.18
INV001848,O001848,C1147,2024-01-13,2024-01-28,720.83
INV001849,O001849,C1147,2024-02-15,2024-03-01,2737.14
INV001850,O001850,C1147,2024-04-10,2024-04-25,2621.48
INV001851,O001851,C1147,2024-05-20,2024-06-04,11016.68
INV001852,O001852,C1147,2024-10-04,2024-10-19,3617.06
INV001853,O001853,C1147,2024-11-08,2024-11-23,1874.11
INV001854,O001854,C1147,2025-02-16,2025-03-03,3705.81
INV001855,O001855,C1147,2025-02-17,2025-03-04,1636.14
INV001856,O001856,C1147,2025-07-29,2025-08-13,1668.36
INV001857,O001857,C1147,2025-09-20,2025-10-05,2002.5
INV001858,O001858,C1148,2024-01-02,2024-02-01,7346.76
INV001859,O001859,C1148,2024-02-05,2024-03-06,10454.2
INV001860,O001860,C1148,2024-12-12,2025-01-11,6013.16
INV001861,O001861,C1148,2025-02-14,2025-03-16,12877.65
INV001862,O001862,C1148,2025-03-06,2025-04-05,8829.8
INV001863,O001863,C1148,2025-03-24,2025-04-23,9267.87
INV001864,O001864,C1148,2025-09-03,2025-10-03,14134.51
INV001865,O001865,C1148,2025-11-04,2025-12-04,11107.89
INV001866,O001866,C1149,2024-01-24,2024-02-23,15273.15
INV001867,O001867,C1149,2024-02-06,2024-03-07,9740.02
INV001868,O001868,C1149,2024-02-13,2024-03-14,12345.31
INV001869,O001869,C1149,2024-04-22,2024-05-22,13722.31
INV001870,O001870,C1149,2024-05-18,2024-06-17,25731.87
INV001871,O001871,C1149,2024-06-17,2024-07-17,20418.91
INV001872,O001872,C1149,2024-06-28,2024-07-28,10842.61
INV001873,O001873,C1149,2024-09-20,2024-10-20,8711.42
INV001874,O001874,C1149,2024-10-01,2024-10-31,27034.52
INV001875,O001875,C1149,2024-12-12,2025-01-11,9086.27
INV001876,O001876,C1149,2025-04-23,2025-05-23,16818.6
INV001877,O001877,C1149,2025-04-27,2025-05-27,12366.52
INV001878,O001878,C1149,2025-05-22,2025-06-21,12182.95
INV001879,O001879,C1149,2025-06-15,2025-07-15,17575.67
INV001880,O001880,C1149,2025-06-22,2025-07-22,10929.64
INV001881,O001881,C1149,2025-07-22,2025-08-21,4429.74
INV001882,O001882,C1149,2025-07-25,2025-08-24,12252.77
INV001883,O001883,C1149,2025-08-04,2025-09-03,4485.04
INV001884,O001884,C1149,2025-08-16,2025-09-15,21351.3
INV001885,O001885,C1149,2025-08-18,2025-09-17,7417.31
INV001886,O001886,C1149,2025-10-30,2025-11-29,5176.97
INV001887,O001887,C1149,2025-11-25,2025-12-25,15512.13
